{"type":"FeatureCollection","features":[{"type":"Feature","geometry":{"type":"Point","coordinates":[-87.672892,42.019063]},"properties":{"name":"Howard","original_ids":"[10943, 10942, 10945, 10944]","id":0,"layer":"stop"}},{"type":"Feature","geometry":{"type":"Point","coordinates":[-87.669092,42.015876]},"properties":{"name":"Jarvis","original_ids":"[10997, 10996]","id":1,"layer":"stop"}},{"type":"Feature","geometry":{"type":"Point","coordinates":[-87.665909,42.008362]},"properties":{"name":"Morse","original_ids":"[10800, 10799]","id":2,"layer":"stop"}},{"type":"Feature","geometry":{"type":"Point","coordinates":[-87.661061,42.001073]},"properties":{"name":"Loyola","original_ids":"[11021, 11020]","id":3,"layer":"stop"}},{"type":"Feature","geometry":{"type":"Point","coordinates":[-87.659202,41.993664]},"properties":{"name":"Granville","original_ids":"[10919, 10918]","id":4,"layer":"stop"}},{"type":"Feature","geometry":{"type":"Point","coordinates":[-87.659076,41.990259]},"properties":{"name":"Thorndale","original_ids":"[10939, 10938]","id":5,"layer":"stop"}},{"type":"Feature","geometry":{"type":"Point","coordinates":[-87.65884,41.983504]},"properties":{"name":"Bryn Mawr","original_ids":"[11037, 11036]","id":6,"layer":"stop"}},{"type":"Feature","geometry":{"type":"Point","coordinates":[-87.65853,41.973453]},"properties":{"name":"Argyle","original_ids":"[10999, 10998]","id":7,"layer":"stop"}},{"type":"Feature","geometry":{"type":"Point","coordinates":[-87.657588,41.964273]},"properties":{"name":"Wilson-South Inner","original_ids":"[10879, 10878, 11072, 11073]","id":8,"layer":"stop"}},{"type":"Feature","geometry":{"type":"Point","coordinates":[-87.654929,41.953775]},"properties":{"name":"Sheridan","original_ids":"[10796, 10795]","id":9,"layer":"stop"}},{"type":"Feature","geometry":{"type":"Point","coordinates":[-87.653626,41.947428]},"properties":{"name":"Addison-Red","original_ids":"[11043, 11042]","id":10,"layer":"stop"}},{"type":"Feature","geometry":{"type":"Point","coordinates":[-87.65338,41.939751]},"properties":{"name":"Belmont","original_ids":"[11025, 11024, 11027, 11026]","id":11,"layer":"stop"}},{"type":"Feature","geometry":{"type":"Point","coordinates":[-87.652866,41.925051]},"properties":{"name":"Fullerton","original_ids":"[11003, 11002, 11005, 11004]","id":12,"layer":"stop"}},{"type":"Feature","geometry":{"type":"Point","coordinates":[-87.649177,41.910655]},"properties":{"name":"North/Clybourn","original_ids":"[10897, 10896]","id":13,"layer":"stop"}},{"type":"Feature","geometry":{"type":"Point","coordinates":[-87.631412,41.90392]},"properties":{"name":"Clark/Division","original_ids":"[10895, 10894]","id":14,"layer":"stop"}},{"type":"Feature","geometry":{"type":"Point","coordinates":[-87.628176,41.896671]},"properties":{"name":"Chicago-Red","original_ids":"[11049, 11048]","id":15,"layer":"stop"}},{"type":"Feature","geometry":{"type":"Point","coordinates":[-87.628021,41.891665]},"properties":{"name":"Grand-Red","original_ids":"[10842, 10841]","id":16,"layer":"stop"}},{"type":"Feature","geometry":{"type":"Point","coordinates":[-87.627696,41.880745]},"properties":{"name":"Monroe-Red","original_ids":"[10981, 10980]","id":17,"layer":"stop"}},{"type":"Feature","geometry":{"type":"Point","coordinates":[-87.627479,41.874039]},"properties":{"name":"Harrison","original_ids":"[11055, 11054]","id":18,"layer":"stop"}},{"type":"Feature","geometry":{"type":"Point","coordinates":[-87.627402,41.867368]},"properties":{"name":"Roosevelt (Subway)","original_ids":"[11039, 11038, 10856, 10855]","id":19,"layer":"stop"}},{"type":"Feature","geometry":{"type":"Point","coordinates":[-87.630968,41.853206]},"properties":{"name":"Cermak-Chinatown","original_ids":"[10963, 10962]","id":20,"layer":"stop"}},{"type":"Feature","geometry":{"type":"Point","coordinates":[-87.630636,41.831191]},"properties":{"name":"Sox-35th","original_ids":"[10816, 10815]","id":21,"layer":"stop"}},{"type":"Feature","geometry":{"type":"Point","coordinates":[-87.63094,41.810318]},"properties":{"name":"47th-Red","original_ids":"[11007, 11006]","id":22,"layer":"stop"}},{"type":"Feature","geometry":{"type":"Point","coordinates":[-87.631157,41.79542]},"properties":{"name":"Garfield-Red","original_ids":"[10993, 10992]","id":23,"layer":"stop"}},{"type":"Feature","geometry":{"type":"Point","coordinates":[-87.630952,41.780536]},"properties":{"name":"63rd","original_ids":"[10947, 10946]","id":24,"layer":"stop"}},{"type":"Feature","geometry":{"type":"Point","coordinates":[-87.625724,41.768367]},"properties":{"name":"69th","original_ids":"[10961, 10960]","id":25,"layer":"stop"}},{"type":"Feature","geometry":{"type":"Point","coordinates":[-87.625112,41.750419]},"properties":{"name":"79th","original_ids":"[10824, 10823]","id":26,"layer":"stop"}},{"type":"Feature","geometry":{"type":"Point","coordinates":[-87.624717,41.735372]},"properties":{"name":"87th","original_ids":"[11045, 11044]","id":27,"layer":"stop"}},{"type":"Feature","geometry":{"type":"Point","coordinates":[-87.624342,41.722377]},"properties":{"name":"95th","original_ids":"[10864, 10863]","id":28,"layer":"stop"}},{"type":"Feature","geometry":{"type":"Point","coordinates":[-87.69073,42.073153]},"properties":{"name":"Linden","original_ids":"[10973, 10972]","id":29,"layer":"stop"}},{"type":"Feature","geometry":{"type":"Point","coordinates":[-87.685617,42.063987]},"properties":{"name":"Central-Purple","original_ids":"[11011, 11010]","id":30,"layer":"stop"}},{"type":"Feature","geometry":{"type":"Point","coordinates":[-87.683337,42.058282]},"properties":{"name":"Noyes","original_ids":"[10854, 10853]","id":31,"layer":"stop"}},{"type":"Feature","geometry":{"type":"Point","coordinates":[-87.68356,42.05416]},"properties":{"name":"Foster","original_ids":"[10875, 10874]","id":32,"layer":"stop"}},{"type":"Feature","geometry":{"type":"Point","coordinates":[-87.683543,42.04771]},"properties":{"name":"Davis","original_ids":"[10790, 10789]","id":33,"layer":"stop"}},{"type":"Feature","geometry":{"type":"Point","coordinates":[-87.681602,42.041655]},"properties":{"name":"Dempster","original_ids":"[10905, 10904]","id":34,"layer":"stop"}},{"type":"Feature","geometry":{"type":"Point","coordinates":[-87.679538,42.033456]},"properties":{"name":"Main","original_ids":"[10830, 10829]","id":35,"layer":"stop"}},{"type":"Feature","geometry":{"type":"Point","coordinates":[-87.678329,42.027612]},"properties":{"name":"South Boulevard","original_ids":"[10933, 10932]","id":36,"layer":"stop"}},{"type":"Feature","geometry":{"type":"Point","coordinates":[-87.653266,41.936033]},"properties":{"name":"Wellington","original_ids":"[11001, 11000]","id":37,"layer":"stop"}},{"type":"Feature","geometry":{"type":"Point","coordinates":[-87.653131,41.932732]},"properties":{"name":"Diversey","original_ids":"[10877, 10876]","id":38,"layer":"stop"}},{"type":"Feature","geometry":{"type":"Point","coordinates":[-87.652644,41.918217]},"properties":{"name":"Armitage","original_ids":"[10899, 10898]","id":39,"layer":"stop"}},{"type":"Feature","geometry":{"type":"Point","coordinates":[-87.639302,41.910409]},"properties":{"name":"Sedgwick","original_ids":"[10925, 10924]","id":40,"layer":"stop"}},{"type":"Feature","geometry":{"type":"Point","coordinates":[-87.635924,41.89681]},"properties":{"name":"Chicago-Brown","original_ids":"[10909, 10908]","id":41,"layer":"stop"}},{"type":"Feature","geometry":{"type":"Point","coordinates":[-87.633924,41.888969]},"properties":{"name":"Merchandise Mart","original_ids":"[10866, 10865]","id":42,"layer":"stop"}},{"type":"Feature","geometry":{"type":"Point","coordinates":[-87.630886,41.885737]},"properties":{"name":"Clark/Lake (Elevated)","original_ids":"[10849, 10850, 11067, 11066]","id":43,"layer":"stop"}},{"type":"Feature","geometry":{"type":"Point","coordinates":[-87.627835,41.88574]},"properties":{"name":"State/Lake","original_ids":"[10827, 10828, 11059, 11058, 10847, 10848]","id":44,"layer":"stop"}},{"type":"Feature","geometry":{"type":"Point","coordinates":[-87.626189,41.88322]},"properties":{"name":"Washington/Wabash","original_ids":"[11071, 11070]","id":45,"layer":"stop"}},{"type":"Feature","geometry":{"type":"Point","coordinates":[-87.626037,41.879507]},"properties":{"name":"Adams/Wabash","original_ids":"[10903, 10902]","id":46,"layer":"stop"}},{"type":"Feature","geometry":{"type":"Point","coordinates":[-87.628196,41.876862]},"properties":{"name":"Harold Washington Library","original_ids":"[10935, 10934, 10883, 10882, 10793, 10794]","id":47,"layer":"stop"}},{"type":"Feature","geometry":{"type":"Point","coordinates":[-87.631739,41.8768]},"properties":{"name":"LaSalle/Van Buren","original_ids":"[10810, 10809]","id":48,"layer":"stop"}},{"type":"Feature","geometry":{"type":"Point","coordinates":[-87.63374,41.878723]},"properties":{"name":"Quincy","original_ids":"[10786, 10787]","id":49,"layer":"stop"}},{"type":"Feature","geometry":{"type":"Point","coordinates":[-87.63378,41.882695]},"properties":{"name":"Washington/Wells","original_ids":"[10912, 10913]","id":50,"layer":"stop"}},{"type":"Feature","geometry":{"type":"Point","coordinates":[-87.747221,42.026243]},"properties":{"name":"Oakton-Skokie","original_ids":"[11064, 11065]","id":51,"layer":"stop"}},{"type":"Feature","geometry":{"type":"Point","coordinates":[-87.751919,42.038951]},"properties":{"name":"Dempster-Skokie","original_ids":"[10805, 10806]","id":52,"layer":"stop"}},{"type":"Feature","geometry":{"type":"Point","coordinates":[-87.649707,41.875474]},"properties":{"name":"UIC-Halsted","original_ids":"[10843, 10844]","id":53,"layer":"stop"}},{"type":"Feature","geometry":{"type":"Point","coordinates":[-87.640984,41.875539]},"properties":{"name":"Clinton-Blue","original_ids":"[10859, 10860]","id":54,"layer":"stop"}},{"type":"Feature","geometry":{"type":"Point","coordinates":[-87.631722,41.875568]},"properties":{"name":"LaSalle","original_ids":"[11030, 11031]","id":55,"layer":"stop"}},{"type":"Feature","geometry":{"type":"Point","coordinates":[-87.629378,41.880703]},"properties":{"name":"Monroe-Blue","original_ids":"[10922, 10923]","id":56,"layer":"stop"}},{"type":"Feature","geometry":{"type":"Point","coordinates":[-87.647578,41.891189]},"properties":{"name":"Grand-Blue","original_ids":"[10870, 10871]","id":57,"layer":"stop"}},{"type":"Feature","geometry":{"type":"Point","coordinates":[-87.655214,41.896075]},"properties":{"name":"Chicago-Blue","original_ids":"[11040, 11041]","id":58,"layer":"stop"}},{"type":"Feature","geometry":{"type":"Point","coordinates":[-87.666496,41.903355]},"properties":{"name":"Division","original_ids":"[10839, 10840]","id":59,"layer":"stop"}},{"type":"Feature","geometry":{"type":"Point","coordinates":[-87.677437,41.909744]},"properties":{"name":"Damen-O'Hare","original_ids":"[10888, 10889]","id":60,"layer":"stop"}},{"type":"Feature","geometry":{"type":"Point","coordinates":[-87.687364,41.916157]},"properties":{"name":"Western-O'Hare","original_ids":"[10900, 10901]","id":61,"layer":"stop"}},{"type":"Feature","geometry":{"type":"Point","coordinates":[-87.69689,41.921939]},"properties":{"name":"California-O'Hare","original_ids":"[10884, 10885]","id":62,"layer":"stop"}},{"type":"Feature","geometry":{"type":"Point","coordinates":[-87.708541,41.929728]},"properties":{"name":"Logan Square","original_ids":"[10966, 10967]","id":63,"layer":"stop"}},{"type":"Feature","geometry":{"type":"Point","coordinates":[-87.712359,41.938132]},"properties":{"name":"Belmont-Blue","original_ids":"[10791, 10792]","id":64,"layer":"stop"}},{"type":"Feature","geometry":{"type":"Point","coordinates":[-87.71906,41.94738]},"properties":{"name":"Addison-Blue","original_ids":"[11008, 11009]","id":65,"layer":"stop"}},{"type":"Feature","geometry":{"type":"Point","coordinates":[-87.729229,41.952925]},"properties":{"name":"Irving Park-Blue","original_ids":"[10880, 10881]","id":66,"layer":"stop"}},{"type":"Feature","geometry":{"type":"Point","coordinates":[-87.743574,41.961539]},"properties":{"name":"Montrose-Blue","original_ids":"[11028, 11029]","id":67,"layer":"stop"}},{"type":"Feature","geometry":{"type":"Point","coordinates":[-87.760892,41.970634]},"properties":{"name":"Jefferson Park","original_ids":"[11016, 11017]","id":68,"layer":"stop"}},{"type":"Feature","geometry":{"type":"Point","coordinates":[-87.8089,41.98227]},"properties":{"name":"Harlem-O'Hare","original_ids":"[10916, 10917]","id":69,"layer":"stop"}},{"type":"Feature","geometry":{"type":"Point","coordinates":[-87.838028,41.984246]},"properties":{"name":"Cumberland","original_ids":"[10821, 10822]","id":70,"layer":"stop"}},{"type":"Feature","geometry":{"type":"Point","coordinates":[-87.859388,41.983507]},"properties":{"name":"Rosemont","original_ids":"[10928, 10929]","id":71,"layer":"stop"}},{"type":"Feature","geometry":{"type":"Point","coordinates":[-87.904223,41.977665]},"properties":{"name":"O'Hare","original_ids":"[10941, 10940]","id":72,"layer":"stop"}},{"type":"Feature","geometry":{"type":"Point","coordinates":[-87.659458,41.87592]},"properties":{"name":"Racine","original_ids":"[10868, 10867]","id":73,"layer":"stop"}},{"type":"Feature","geometry":{"type":"Point","coordinates":[-87.673932,41.875706]},"properties":{"name":"Illinois Medical District","original_ids":"[10927, 10926]","id":74,"layer":"stop"}},{"type":"Feature","geometry":{"type":"Point","coordinates":[-87.688436,41.875478]},"properties":{"name":"Western-Forest Park","original_ids":"[10820, 10819]","id":75,"layer":"stop"}},{"type":"Feature","geometry":{"type":"Point","coordinates":[-87.70604,41.874341]},"properties":{"name":"Kedzie-Homan","original_ids":"[10826, 10825]","id":76,"layer":"stop"}},{"type":"Feature","geometry":{"type":"Point","coordinates":[-87.725663,41.873797]},"properties":{"name":"Pulaski-Forest Park","original_ids":"[10949, 10948]","id":77,"layer":"stop"}},{"type":"Feature","geometry":{"type":"Point","coordinates":[-87.745154,41.871574]},"properties":{"name":"Cicero-Forest Park","original_ids":"[10957, 10956]","id":78,"layer":"stop"}},{"type":"Feature","geometry":{"type":"Point","coordinates":[-87.776812,41.870851]},"properties":{"name":"Austin-Blue","original_ids":"[10781, 10780]","id":79,"layer":"stop"}},{"type":"Feature","geometry":{"type":"Point","coordinates":[-87.791602,41.872108]},"properties":{"name":"Oak Park-Blue","original_ids":"[10814, 10813]","id":80,"layer":"stop"}},{"type":"Feature","geometry":{"type":"Point","coordinates":[-87.806961,41.87349]},"properties":{"name":"Harlem-Forest Park","original_ids":"[10959, 10958]","id":81,"layer":"stop"}},{"type":"Feature","geometry":{"type":"Point","coordinates":[-87.817318,41.874257]},"properties":{"name":"Forest Park","original_ids":"[10852, 10851]","id":82,"layer":"stop"}},{"type":"Feature","geometry":{"type":"Point","coordinates":[-87.756692,41.851773]},"properties":{"name":"54th/Cermak","original_ids":"[10886, 10887]","id":83,"layer":"stop"}},{"type":"Feature","geometry":{"type":"Point","coordinates":[-87.745336,41.85182]},"properties":{"name":"Cicero-Cermak","original_ids":"[10857, 10858]","id":84,"layer":"stop"}},{"type":"Feature","geometry":{"type":"Point","coordinates":[-87.733258,41.853751]},"properties":{"name":"Kostner","original_ids":"[10890, 10891]","id":85,"layer":"stop"}},{"type":"Feature","geometry":{"type":"Point","coordinates":[-87.724311,41.853732]},"properties":{"name":"Pulaski-Cermak","original_ids":"[10807, 10808]","id":86,"layer":"stop"}},{"type":"Feature","geometry":{"type":"Point","coordinates":[-87.714842,41.853839]},"properties":{"name":"Central Park","original_ids":"[10920, 10921]","id":87,"layer":"stop"}},{"type":"Feature","geometry":{"type":"Point","coordinates":[-87.705408,41.853964]},"properties":{"name":"Kedzie-Cermak","original_ids":"[10970, 10971]","id":88,"layer":"stop"}},{"type":"Feature","geometry":{"type":"Point","coordinates":[-87.694774,41.854109]},"properties":{"name":"California-Cermak","original_ids":"[10861, 10862]","id":89,"layer":"stop"}},{"type":"Feature","geometry":{"type":"Point","coordinates":[-87.685129,41.854225]},"properties":{"name":"Western-Cermak","original_ids":"[10914, 10915]","id":90,"layer":"stop"}},{"type":"Feature","geometry":{"type":"Point","coordinates":[-87.675975,41.854517]},"properties":{"name":"Damen-Cermak","original_ids":"[10817, 10818]","id":91,"layer":"stop"}},{"type":"Feature","geometry":{"type":"Point","coordinates":[-87.669147,41.857908]},"properties":{"name":"18th","original_ids":"[10930, 10931]","id":92,"layer":"stop"}},{"type":"Feature","geometry":{"type":"Point","coordinates":[-87.66953,41.871551]},"properties":{"name":"Polk","original_ids":"[10968, 10969]","id":93,"layer":"stop"}},{"type":"Feature","geometry":{"type":"Point","coordinates":[-87.666969,41.885269]},"properties":{"name":"Ashland-Lake","original_ids":"[10811, 10812]","id":94,"layer":"stop"}},{"type":"Feature","geometry":{"type":"Point","coordinates":[-87.65213,41.885577]},"properties":{"name":"Morgan","original_ids":"[11062, 11063]","id":95,"layer":"stop"}},{"type":"Feature","geometry":{"type":"Point","coordinates":[-87.641782,41.885678]},"properties":{"name":"Clinton-Green","original_ids":"[10990, 10991]","id":96,"layer":"stop"}},{"type":"Feature","geometry":{"type":"Point","coordinates":[-87.803176,41.886848]},"properties":{"name":"Harlem-Green","original_ids":"[10782, 10783]","id":97,"layer":"stop"}},{"type":"Feature","geometry":{"type":"Point","coordinates":[-87.793783,41.886988]},"properties":{"name":"Oak Park-Green","original_ids":"[11032, 11033]","id":98,"layer":"stop"}},{"type":"Feature","geometry":{"type":"Point","coordinates":[-87.783661,41.887159]},"properties":{"name":"Ridgeland","original_ids":"[10892, 10893]","id":99,"layer":"stop"}},{"type":"Feature","geometry":{"type":"Point","coordinates":[-87.774135,41.887293]},"properties":{"name":"Austin-Green","original_ids":"[11012, 11013]","id":100,"layer":"stop"}},{"type":"Feature","geometry":{"type":"Point","coordinates":[-87.76565,41.887389]},"properties":{"name":"Central-Green","original_ids":"[10831, 10832]","id":101,"layer":"stop"}},{"type":"Feature","geometry":{"type":"Point","coordinates":[-87.754986,41.887163]},"properties":{"name":"Laramie","original_ids":"[10906, 10907]","id":102,"layer":"stop"}},{"type":"Feature","geometry":{"type":"Point","coordinates":[-87.744698,41.886519]},"properties":{"name":"Cicero-Green","original_ids":"[10869, 10788]","id":103,"layer":"stop"}},{"type":"Feature","geometry":{"type":"Point","coordinates":[-87.725404,41.885412]},"properties":{"name":"Pulaski-Green","original_ids":"[10784, 10785]","id":104,"layer":"stop"}},{"type":"Feature","geometry":{"type":"Point","coordinates":[-87.716523,41.884904]},"properties":{"name":"Conservatory","original_ids":"[11060, 11061]","id":105,"layer":"stop"}},{"type":"Feature","geometry":{"type":"Point","coordinates":[-87.706155,41.884321]},"properties":{"name":"Kedzie-Green","original_ids":"[10976, 10977]","id":106,"layer":"stop"}},{"type":"Feature","geometry":{"type":"Point","coordinates":[-87.696234,41.88422]},"properties":{"name":"California-Green","original_ids":"[11034, 11035]","id":107,"layer":"stop"}},{"type":"Feature","geometry":{"type":"Point","coordinates":[-87.626402,41.853115]},"properties":{"name":"Cermak-McCormick Place","original_ids":"[11069, 11068]","id":108,"layer":"stop"}},{"type":"Feature","geometry":{"type":"Point","coordinates":[-87.625826,41.831677]},"properties":{"name":"35-Bronzeville-IIT","original_ids":"[10983, 10982]","id":109,"layer":"stop"}},{"type":"Feature","geometry":{"type":"Point","coordinates":[-87.621371,41.821732]},"properties":{"name":"Indiana","original_ids":"[10836, 10835]","id":110,"layer":"stop"}},{"type":"Feature","geometry":{"type":"Point","coordinates":[-87.619021,41.816462]},"properties":{"name":"43rd","original_ids":"[11015, 11014]","id":111,"layer":"stop"}},{"type":"Feature","geometry":{"type":"Point","coordinates":[-87.618826,41.809209]},"properties":{"name":"47th-Green","original_ids":"[10979, 10978]","id":112,"layer":"stop"}},{"type":"Feature","geometry":{"type":"Point","coordinates":[-87.618487,41.80209]},"properties":{"name":"51st","original_ids":"[10804, 10803]","id":113,"layer":"stop"}},{"type":"Feature","geometry":{"type":"Point","coordinates":[-87.618327,41.795172]},"properties":{"name":"Garfield-Green","original_ids":"[10873, 10872]","id":114,"layer":"stop"}},{"type":"Feature","geometry":{"type":"Point","coordinates":[-87.615546,41.78013]},"properties":{"name":"King Drive","original_ids":"[10986, 10987]","id":115,"layer":"stop"}},{"type":"Feature","geometry":{"type":"Point","coordinates":[-87.605857,41.780309]},"properties":{"name":"East 63rd-Cottage Grove","original_ids":"[10910, 10911]","id":116,"layer":"stop"}},{"type":"Feature","geometry":{"type":"Point","coordinates":[-87.644244,41.778943]},"properties":{"name":"Halsted-Green","original_ids":"[10953, 10952]","id":117,"layer":"stop"}},{"type":"Feature","geometry":{"type":"Point","coordinates":[-87.663766,41.77886]},"properties":{"name":"Ashland/63rd","original_ids":"[10834, 10833]","id":118,"layer":"stop"}},{"type":"Feature","geometry":{"type":"Point","coordinates":[-87.737875,41.78661]},"properties":{"name":"Midway","original_ids":"[10950, 10951]","id":119,"layer":"stop"}},{"type":"Feature","geometry":{"type":"Point","coordinates":[-87.724493,41.799756]},"properties":{"name":"Pulaski-Orange","original_ids":"[10954, 10955]","id":120,"layer":"stop"}},{"type":"Feature","geometry":{"type":"Point","coordinates":[-87.704406,41.804236]},"properties":{"name":"Kedzie-Orange","original_ids":"[10988, 10989]","id":121,"layer":"stop"}},{"type":"Feature","geometry":{"type":"Point","coordinates":[-87.684019,41.804546]},"properties":{"name":"Western-Orange","original_ids":"[10837, 10838]","id":122,"layer":"stop"}},{"type":"Feature","geometry":{"type":"Point","coordinates":[-87.680622,41.829353]},"properties":{"name":"35th/Archer","original_ids":"[10801, 10802]","id":123,"layer":"stop"}},{"type":"Feature","geometry":{"type":"Point","coordinates":[-87.665317,41.839234]},"properties":{"name":"Ashland-Orange","original_ids":"[10974, 10975]","id":124,"layer":"stop"}},{"type":"Feature","geometry":{"type":"Point","coordinates":[-87.648088,41.84678]},"properties":{"name":"Halsted-Orange","original_ids":"[10984, 10985]","id":125,"layer":"stop"}},{"type":"Feature","geometry":{"type":"Point","coordinates":[-87.713065,41.967901]},"properties":{"name":"Kimball","original_ids":"[11019, 11018]","id":126,"layer":"stop"}},{"type":"Feature","geometry":{"type":"Point","coordinates":[-87.708821,41.965996]},"properties":{"name":"Kedzie-Brown","original_ids":"[10995, 10994]","id":127,"layer":"stop"}},{"type":"Feature","geometry":{"type":"Point","coordinates":[-87.701644,41.966046]},"properties":{"name":"Francisco","original_ids":"[10937, 10936]","id":128,"layer":"stop"}},{"type":"Feature","geometry":{"type":"Point","coordinates":[-87.6941,41.966115]},"properties":{"name":"Rockwell","original_ids":"[10965, 10964]","id":129,"layer":"stop"}},{"type":"Feature","geometry":{"type":"Point","coordinates":[-87.688502,41.966163]},"properties":{"name":"Western-Brown","original_ids":"[11053, 11052]","id":130,"layer":"stop"}},{"type":"Feature","geometry":{"type":"Point","coordinates":[-87.678639,41.966286]},"properties":{"name":"Damen-Brown","original_ids":"[10798, 10797]","id":131,"layer":"stop"}},{"type":"Feature","geometry":{"type":"Point","coordinates":[-87.675047,41.961756]},"properties":{"name":"Montrose-Brown","original_ids":"[11057, 11056]","id":132,"layer":"stop"}},{"type":"Feature","geometry":{"type":"Point","coordinates":[-87.674868,41.954521]},"properties":{"name":"Irving Park-Brown","original_ids":"[11051, 11050]","id":133,"layer":"stop"}},{"type":"Feature","geometry":{"type":"Point","coordinates":[-87.674642,41.947028]},"properties":{"name":"Addison-Brown","original_ids":"[11047, 11046]","id":134,"layer":"stop"}},{"type":"Feature","geometry":{"type":"Point","coordinates":[-87.670907,41.943623]},"properties":{"name":"Paulina","original_ids":"[11023, 11022]","id":135,"layer":"stop"}},{"type":"Feature","geometry":{"type":"Point","coordinates":[-87.663619,41.943744]},"properties":{"name":"Southport","original_ids":"[10846, 10845]","id":136,"layer":"stop"}},{"type":"Feature","properties":{"shape_id":"{\"306700007\": 146}","direction_id":"{\"0\": 146}","headsign":"{}","duration_avg":120.0,"n_vehicles":146,"d":473,"route_I_counts":"{\"124\": 146}","source":0,"target":1,"layer":"L","from":"Howard","to":"Jarvis"},"geometry":{"type":"LineString","coordinates":[[-87.672892,42.019063],[-87.669092,42.015876]]}},{"type":"Feature","properties":{"duration_avg":390.0,"n_vehicles":65,"d":6198,"route_I_counts":"{\"126\": 65}","shape_id":"{\"306700033\": 65}","direction_id":"{\"0\": 65}","headsign":"{}","source":0,"target":51,"layer":"L","from":"Howard","to":"Oakton-Skokie"},"geometry":{"type":"LineString","coordinates":[[-87.672892,42.019063],[-87.747221,42.026243]]}},{"type":"Feature","properties":{"duration_avg":90.0,"n_vehicles":88,"d":1052,"route_I_counts":"{\"125\": 88}","shape_id":"{\"306700024\": 28, \"306700025\": 13, \"306700036\": 47}","direction_id":"{\"0\": 47, \"1\": 41}","headsign":"{}","source":0,"target":36,"layer":"L","from":"Howard","to":"South Boulevard"},"geometry":{"type":"LineString","coordinates":[[-87.672892,42.019063],[-87.678329,42.027612]]}},{"type":"Feature","properties":{"duration_avg":600.9677419354839,"n_vehicles":31,"d":6229,"route_I_counts":"{\"125\": 31}","shape_id":"{\"306700024\": 31}","direction_id":"{\"1\": 31}","headsign":"{}","source":0,"target":8,"layer":"L","from":"Howard","to":"Wilson-South Inner"},"geometry":{"type":"LineString","coordinates":[[-87.672892,42.019063],[-87.657588,41.964273]]}},{"type":"Feature","properties":{"shape_id":"{\"306700007\": 146}","direction_id":"{\"0\": 146}","headsign":"{}","duration_avg":90.0,"n_vehicles":146,"d":876,"route_I_counts":"{\"124\": 146}","source":1,"target":2,"layer":"L","from":"Jarvis","to":"Morse"},"geometry":{"type":"LineString","coordinates":[[-87.669092,42.015876],[-87.665909,42.008362]]}},{"type":"Feature","properties":{"duration_avg":60.0,"n_vehicles":155,"d":473,"route_I_counts":"{\"124\": 155}","shape_id":"{\"306700008\": 155}","direction_id":"{\"1\": 155}","headsign":"{}","source":1,"target":0,"layer":"L","from":"Jarvis","to":"Howard"},"geometry":{"type":"LineString","coordinates":[[-87.669092,42.015876],[-87.672892,42.019063]]}},{"type":"Feature","properties":{"shape_id":"{\"306700007\": 146}","direction_id":"{\"0\": 146}","headsign":"{}","duration_avg":90.0,"n_vehicles":146,"d":905,"route_I_counts":"{\"124\": 146}","source":2,"target":3,"layer":"L","from":"Morse","to":"Loyola"},"geometry":{"type":"LineString","coordinates":[[-87.665909,42.008362],[-87.661061,42.001073]]}},{"type":"Feature","properties":{"duration_avg":120.0,"n_vehicles":155,"d":876,"route_I_counts":"{\"124\": 155}","shape_id":"{\"306700008\": 155}","direction_id":"{\"1\": 155}","headsign":"{}","source":2,"target":1,"layer":"L","from":"Morse","to":"Jarvis"},"geometry":{"type":"LineString","coordinates":[[-87.665909,42.008362],[-87.669092,42.015876]]}},{"type":"Feature","properties":{"shape_id":"{\"306700007\": 145}","direction_id":"{\"0\": 145}","headsign":"{}","duration_avg":150.0,"n_vehicles":145,"d":838,"route_I_counts":"{\"124\": 145}","source":3,"target":4,"layer":"L","from":"Loyola","to":"Granville"},"geometry":{"type":"LineString","coordinates":[[-87.661061,42.001073],[-87.659202,41.993664]]}},{"type":"Feature","properties":{"duration_avg":150.0,"n_vehicles":154,"d":905,"route_I_counts":"{\"124\": 154}","shape_id":"{\"306700008\": 154}","direction_id":"{\"1\": 154}","headsign":"{}","source":3,"target":2,"layer":"L","from":"Loyola","to":"Morse"},"geometry":{"type":"LineString","coordinates":[[-87.661061,42.001073],[-87.665909,42.008362]]}},{"type":"Feature","properties":{"shape_id":"{\"306700007\": 146}","direction_id":"{\"0\": 146}","headsign":"{}","duration_avg":60.0,"n_vehicles":146,"d":379,"route_I_counts":"{\"124\": 146}","source":4,"target":5,"layer":"L","from":"Granville","to":"Thorndale"},"geometry":{"type":"LineString","coordinates":[[-87.659202,41.993664],[-87.659076,41.990259]]}},{"type":"Feature","properties":{"duration_avg":120.0,"n_vehicles":154,"d":838,"route_I_counts":"{\"124\": 154}","shape_id":"{\"306700008\": 154}","direction_id":"{\"1\": 154}","headsign":"{}","source":4,"target":3,"layer":"L","from":"Granville","to":"Loyola"},"geometry":{"type":"LineString","coordinates":[[-87.659202,41.993664],[-87.661061,42.001073]]}},{"type":"Feature","properties":{"shape_id":"{\"306700007\": 146}","direction_id":"{\"0\": 146}","headsign":"{}","duration_avg":90.0,"n_vehicles":146,"d":752,"route_I_counts":"{\"124\": 146}","source":5,"target":6,"layer":"L","from":"Thorndale","to":"Bryn Mawr"},"geometry":{"type":"LineString","coordinates":[[-87.659076,41.990259],[-87.65884,41.983504]]}},{"type":"Feature","properties":{"duration_avg":60.0,"n_vehicles":155,"d":379,"route_I_counts":"{\"124\": 155}","shape_id":"{\"306700008\": 155}","direction_id":"{\"1\": 155}","headsign":"{}","source":5,"target":4,"layer":"L","from":"Thorndale","to":"Granville"},"geometry":{"type":"LineString","coordinates":[[-87.659076,41.990259],[-87.659202,41.993664]]}},{"type":"Feature","properties":{"shape_id":"{\"306700007\": 146}","direction_id":"{\"0\": 146}","headsign":"{}","duration_avg":150.0,"n_vehicles":146,"d":1119,"route_I_counts":"{\"124\": 146}","source":6,"target":7,"layer":"L","from":"Bryn Mawr","to":"Argyle"},"geometry":{"type":"LineString","coordinates":[[-87.65884,41.983504],[-87.65853,41.973453]]}},{"type":"Feature","properties":{"duration_avg":120.0,"n_vehicles":155,"d":752,"route_I_counts":"{\"124\": 155}","shape_id":"{\"306700008\": 155}","direction_id":"{\"1\": 155}","headsign":"{}","source":6,"target":5,"layer":"L","from":"Bryn Mawr","to":"Thorndale"},"geometry":{"type":"LineString","coordinates":[[-87.65884,41.983504],[-87.659076,41.990259]]}},{"type":"Feature","properties":{"shape_id":"{\"306700007\": 145}","direction_id":"{\"0\": 145}","headsign":"{}","duration_avg":150.0,"n_vehicles":145,"d":1024,"route_I_counts":"{\"124\": 145}","source":7,"target":8,"layer":"L","from":"Argyle","to":"Wilson-South Inner"},"geometry":{"type":"LineString","coordinates":[[-87.65853,41.973453],[-87.657588,41.964273]]}},{"type":"Feature","properties":{"duration_avg":150.0,"n_vehicles":154,"d":1119,"route_I_counts":"{\"124\": 154}","shape_id":"{\"306700008\": 154}","direction_id":"{\"1\": 154}","headsign":"{}","source":7,"target":6,"layer":"L","from":"Argyle","to":"Bryn Mawr"},"geometry":{"type":"LineString","coordinates":[[-87.65853,41.973453],[-87.65884,41.983504]]}},{"type":"Feature","properties":{"shape_id":"{\"306700007\": 146}","direction_id":"{\"0\": 146}","headsign":"{}","duration_avg":210.0,"n_vehicles":146,"d":1189,"route_I_counts":"{\"124\": 146}","source":8,"target":9,"layer":"L","from":"Wilson-South Inner","to":"Sheridan"},"geometry":{"type":"LineString","coordinates":[[-87.657588,41.964273],[-87.654929,41.953775]]}},{"type":"Feature","properties":{"duration_avg":150.0,"n_vehicles":154,"d":1024,"route_I_counts":"{\"124\": 154}","shape_id":"{\"306700008\": 154}","direction_id":"{\"1\": 154}","headsign":"{}","source":8,"target":7,"layer":"L","from":"Wilson-South Inner","to":"Argyle"},"geometry":{"type":"LineString","coordinates":[[-87.657588,41.964273],[-87.65853,41.973453]]}},{"type":"Feature","properties":{"duration_avg":365.0,"n_vehicles":30,"d":2751,"route_I_counts":"{\"125\": 30}","shape_id":"{\"306700024\": 30}","direction_id":"{\"1\": 30}","headsign":"{}","source":8,"target":11,"layer":"L","from":"Wilson-South Inner","to":"Belmont"},"geometry":{"type":"LineString","coordinates":[[-87.657588,41.964273],[-87.65338,41.939751]]}},{"type":"Feature","properties":{"duration_avg":630.0,"n_vehicles":28,"d":6229,"route_I_counts":"{\"125\": 28}","shape_id":"{\"306700024\": 28}","direction_id":"{\"1\": 28}","headsign":"{}","source":8,"target":0,"layer":"L","from":"Wilson-South Inner","to":"Howard"},"geometry":{"type":"LineString","coordinates":[[-87.657588,41.964273],[-87.672892,42.019063]]}},{"type":"Feature","properties":{"shape_id":"{\"306700007\": 146}","direction_id":"{\"0\": 146}","headsign":"{}","duration_avg":180.0,"n_vehicles":146,"d":714,"route_I_counts":"{\"124\": 146}","source":9,"target":10,"layer":"L","from":"Sheridan","to":"Addison-Red"},"geometry":{"type":"LineString","coordinates":[[-87.654929,41.953775],[-87.653626,41.947428]]}},{"type":"Feature","properties":{"duration_avg":180.0,"n_vehicles":155,"d":1189,"route_I_counts":"{\"124\": 155}","shape_id":"{\"306700008\": 155}","direction_id":"{\"1\": 155}","headsign":"{}","source":9,"target":8,"layer":"L","from":"Sheridan","to":"Wilson-South Inner"},"geometry":{"type":"LineString","coordinates":[[-87.654929,41.953775],[-87.657588,41.964273]]}},{"type":"Feature","properties":{"shape_id":"{\"306700007\": 145}","direction_id":"{\"0\": 145}","headsign":"{}","duration_avg":120.0,"n_vehicles":145,"d":854,"route_I_counts":"{\"124\": 145}","source":10,"target":11,"layer":"L","from":"Addison-Red","to":"Belmont"},"geometry":{"type":"LineString","coordinates":[[-87.653626,41.947428],[-87.65338,41.939751]]}},{"type":"Feature","properties":{"duration_avg":150.0,"n_vehicles":154,"d":714,"route_I_counts":"{\"124\": 154}","shape_id":"{\"306700008\": 154}","direction_id":"{\"1\": 154}","headsign":"{}","source":10,"target":9,"layer":"L","from":"Addison-Red","to":"Sheridan"},"geometry":{"type":"LineString","coordinates":[[-87.653626,41.947428],[-87.654929,41.953775]]}},{"type":"Feature","properties":{"shape_id":"{\"306700007\": 146}","direction_id":"{\"0\": 146}","headsign":"{}","duration_avg":180.0,"n_vehicles":146,"d":1636,"route_I_counts":"{\"124\": 146}","source":11,"target":12,"layer":"L","from":"Belmont","to":"Fullerton"},"geometry":{"type":"LineString","coordinates":[[-87.65338,41.939751],[-87.652866,41.925051]]}},{"type":"Feature","properties":{"duration_avg":91.94805194805195,"n_vehicles":154,"d":854,"route_I_counts":"{\"124\": 154}","shape_id":"{\"306700008\": 154}","direction_id":"{\"1\": 154}","headsign":"{}","source":11,"target":10,"layer":"L","from":"Belmont","to":"Addison-Red"},"geometry":{"type":"LineString","coordinates":[[-87.65338,41.939751],[-87.653626,41.947428]]}},{"type":"Feature","properties":{"duration_avg":65.76923076923077,"n_vehicles":156,"d":413,"route_I_counts":"{\"125\": 30, \"131\": 126}","shape_id":"{\"306700017\": 126, \"306700024\": 30}","direction_id":"{\"0\": 126, \"1\": 30}","headsign":"{}","source":11,"target":37,"layer":"L","from":"Belmont","to":"Wellington"},"geometry":{"type":"LineString","coordinates":[[-87.65338,41.939751],[-87.653266,41.936033]]}},{"type":"Feature","properties":{"duration_avg":180.0,"n_vehicles":127,"d":957,"route_I_counts":"{\"131\": 127}","shape_id":"{\"306700017\": 127}","direction_id":"{\"0\": 127}","headsign":"{}","source":11,"target":136,"layer":"L","from":"Belmont","to":"Southport"},"geometry":{"type":"LineString","coordinates":[[-87.65338,41.939751],[-87.663619,41.943744]]}},{"type":"Feature","properties":{"duration_avg":447.85714285714283,"n_vehicles":28,"d":2751,"route_I_counts":"{\"125\": 28}","shape_id":"{\"306700024\": 28}","direction_id":"{\"1\": 28}","headsign":"{}","source":11,"target":8,"layer":"L","from":"Belmont","to":"Wilson-South Inner"},"geometry":{"type":"LineString","coordinates":[[-87.65338,41.939751],[-87.657588,41.964273]]}},{"type":"Feature","properties":{"shape_id":"{\"306700007\": 146}","direction_id":"{\"0\": 146}","headsign":"{}","duration_avg":150.0,"n_vehicles":146,"d":1631,"route_I_counts":"{\"124\": 146}","source":12,"target":13,"layer":"L","from":"Fullerton","to":"North/Clybourn"},"geometry":{"type":"LineString","coordinates":[[-87.652866,41.925051],[-87.649177,41.910655]]}},{"type":"Feature","properties":{"duration_avg":201.8709677419355,"n_vehicles":155,"d":1636,"route_I_counts":"{\"124\": 155}","shape_id":"{\"306700008\": 155}","direction_id":"{\"1\": 155}","headsign":"{}","source":12,"target":11,"layer":"L","from":"Fullerton","to":"Belmont"},"geometry":{"type":"LineString","coordinates":[[-87.652866,41.925051],[-87.65338,41.939751]]}},{"type":"Feature","properties":{"duration_avg":90.0,"n_vehicles":155,"d":760,"route_I_counts":"{\"125\": 30, \"131\": 125}","shape_id":"{\"306700017\": 125, \"306700024\": 30}","direction_id":"{\"0\": 125, \"1\": 30}","headsign":"{}","source":12,"target":39,"layer":"L","from":"Fullerton","to":"Armitage"},"geometry":{"type":"LineString","coordinates":[[-87.652866,41.925051],[-87.652644,41.918217]]}},{"type":"Feature","properties":{"duration_avg":89.2258064516129,"n_vehicles":155,"d":855,"route_I_counts":"{\"125\": 28, \"131\": 127}","shape_id":"{\"306700017\": 127, \"306700024\": 28}","direction_id":"{\"0\": 127, \"1\": 28}","headsign":"{}","source":12,"target":38,"layer":"L","from":"Fullerton","to":"Diversey"},"geometry":{"type":"LineString","coordinates":[[-87.652866,41.925051],[-87.653131,41.932732]]}},{"type":"Feature","properties":{"shape_id":"{\"306700007\": 145}","direction_id":"{\"0\": 145}","headsign":"{}","duration_avg":168.0,"n_vehicles":145,"d":1651,"route_I_counts":"{\"124\": 145}","source":13,"target":14,"layer":"L","from":"North/Clybourn","to":"Clark/Division"},"geometry":{"type":"LineString","coordinates":[[-87.649177,41.910655],[-87.631412,41.90392]]}},{"type":"Feature","properties":{"duration_avg":165.3896103896104,"n_vehicles":154,"d":1631,"route_I_counts":"{\"124\": 154}","shape_id":"{\"306700008\": 154}","direction_id":"{\"1\": 154}","headsign":"{}","source":13,"target":12,"layer":"L","from":"North/Clybourn","to":"Fullerton"},"geometry":{"type":"LineString","coordinates":[[-87.649177,41.910655],[-87.652866,41.925051]]}},{"type":"Feature","properties":{"shape_id":"{\"306700007\": 146}","direction_id":"{\"0\": 146}","headsign":"{}","duration_avg":136.23287671232876,"n_vehicles":146,"d":850,"route_I_counts":"{\"124\": 146}","source":14,"target":15,"layer":"L","from":"Clark/Division","to":"Chicago-Red"},"geometry":{"type":"LineString","coordinates":[[-87.631412,41.90392],[-87.628176,41.896671]]}},{"type":"Feature","properties":{"duration_avg":150.0,"n_vehicles":154,"d":1651,"route_I_counts":"{\"124\": 154}","shape_id":"{\"306700008\": 154}","direction_id":"{\"1\": 154}","headsign":"{}","source":14,"target":13,"layer":"L","from":"Clark/Division","to":"North/Clybourn"},"geometry":{"type":"LineString","coordinates":[[-87.631412,41.90392],[-87.649177,41.910655]]}},{"type":"Feature","properties":{"shape_id":"{\"306700007\": 146}","direction_id":"{\"0\": 146}","headsign":"{}","duration_avg":79.93150684931507,"n_vehicles":146,"d":557,"route_I_counts":"{\"124\": 146}","source":15,"target":16,"layer":"L","from":"Chicago-Red","to":"Grand-Red"},"geometry":{"type":"LineString","coordinates":[[-87.628176,41.896671],[-87.628021,41.891665]]}},{"type":"Feature","properties":{"duration_avg":127.54838709677419,"n_vehicles":155,"d":850,"route_I_counts":"{\"124\": 155}","shape_id":"{\"306700008\": 155}","direction_id":"{\"1\": 155}","headsign":"{}","source":15,"target":14,"layer":"L","from":"Chicago-Red","to":"Clark/Division"},"geometry":{"type":"LineString","coordinates":[[-87.628176,41.896671],[-87.631412,41.90392]]}},{"type":"Feature","properties":{"duration_avg":75.6774193548387,"n_vehicles":155,"d":557,"route_I_counts":"{\"124\": 155}","shape_id":"{\"306700008\": 155}","direction_id":"{\"1\": 155}","headsign":"{}","source":16,"target":15,"layer":"L","from":"Grand-Red","to":"Chicago-Red"},"geometry":{"type":"LineString","coordinates":[[-87.628021,41.891665],[-87.628176,41.896671]]}},{"type":"Feature","properties":{"duration_avg":76.23287671232876,"n_vehicles":146,"d":763,"route_I_counts":"{\"124\": 146}","shape_id":"{\"306700007\": 146}","direction_id":"{\"0\": 146}","headsign":"{}","source":16,"target":44,"layer":"L","from":"Grand-Red","to":"State/Lake"},"geometry":{"type":"LineString","coordinates":[[-87.628021,41.891665],[-87.627835,41.88574]]}},{"type":"Feature","properties":{"duration_avg":67.95918367346938,"n_vehicles":147,"d":288,"route_I_counts":"{\"124\": 147}","shape_id":"{\"306700007\": 147}","direction_id":"{\"0\": 147}","headsign":"{}","source":17,"target":47,"layer":"L","from":"Monroe-Red","to":"Harold Washington Library"},"geometry":{"type":"LineString","coordinates":[[-87.627696,41.880745],[-87.628196,41.876862]]}},{"type":"Feature","properties":{"duration_avg":155.84415584415584,"n_vehicles":154,"d":452,"route_I_counts":"{\"124\": 154}","shape_id":"{\"306700008\": 154}","direction_id":"{\"1\": 154}","headsign":"{}","source":17,"target":44,"layer":"L","from":"Monroe-Red","to":"State/Lake"},"geometry":{"type":"LineString","coordinates":[[-87.627696,41.880745],[-87.627835,41.88574]]}},{"type":"Feature","properties":{"shape_id":"{\"306700007\": 146}","direction_id":"{\"0\": 146}","headsign":"{}","duration_avg":60.0,"n_vehicles":146,"d":742,"route_I_counts":"{\"124\": 146}","source":18,"target":19,"layer":"L","from":"Harrison","to":"Roosevelt (Subway)"},"geometry":{"type":"LineString","coordinates":[[-87.627479,41.874039],[-87.627402,41.867368]]}},{"type":"Feature","properties":{"duration_avg":48.774193548387096,"n_vehicles":155,"d":458,"route_I_counts":"{\"124\": 155}","shape_id":"{\"306700008\": 155}","direction_id":"{\"1\": 155}","headsign":"{}","source":18,"target":47,"layer":"L","from":"Harrison","to":"Harold Washington Library"},"geometry":{"type":"LineString","coordinates":[[-87.627479,41.874039],[-87.628196,41.876862]]}},{"type":"Feature","properties":{"shape_id":"{\"306700007\": 146}","direction_id":"{\"0\": 146}","headsign":"{}","duration_avg":180.0,"n_vehicles":146,"d":1603,"route_I_counts":"{\"124\": 146}","source":19,"target":20,"layer":"L","from":"Roosevelt (Subway)","to":"Cermak-Chinatown"},"geometry":{"type":"LineString","coordinates":[[-87.627402,41.867368],[-87.630968,41.853206]]}},{"type":"Feature","properties":{"duration_avg":47.03225806451613,"n_vehicles":155,"d":742,"route_I_counts":"{\"124\": 155}","shape_id":"{\"306700008\": 155}","direction_id":"{\"1\": 155}","headsign":"{}","source":19,"target":18,"layer":"L","from":"Roosevelt (Subway)","to":"Harrison"},"geometry":{"type":"LineString","coordinates":[[-87.627402,41.867368],[-87.627479,41.874039]]}},{"type":"Feature","properties":{"duration_avg":180.0,"n_vehicles":92,"d":1590,"route_I_counts":"{\"129\": 92}","shape_id":"{\"306700011\": 46, \"306700012\": 46}","direction_id":"{\"0\": 92}","headsign":"{}","source":19,"target":108,"layer":"L","from":"Roosevelt (Subway)","to":"Cermak-McCormick Place"},"geometry":{"type":"LineString","coordinates":[[-87.627402,41.867368],[-87.626402,41.853115]]}},{"type":"Feature","properties":{"duration_avg":240.0,"n_vehicles":106,"d":2906,"route_I_counts":"{\"130\": 106}","shape_id":"{\"306700034\": 106}","direction_id":"{\"1\": 106}","headsign":"{}","source":19,"target":125,"layer":"L","from":"Roosevelt (Subway)","to":"Halsted-Orange"},"geometry":{"type":"LineString","coordinates":[[-87.627402,41.867368],[-87.648088,41.84678]]}},{"type":"Feature","properties":{"duration_avg":210.0,"n_vehicles":106,"d":1061,"route_I_counts":"{\"130\": 106}","shape_id":"{\"306700034\": 106}","direction_id":"{\"1\": 106}","headsign":"{}","source":19,"target":47,"layer":"L","from":"Roosevelt (Subway)","to":"Harold Washington Library"},"geometry":{"type":"LineString","coordinates":[[-87.627402,41.867368],[-87.628196,41.876862]]}},{"type":"Feature","properties":{"duration_avg":189.1304347826087,"n_vehicles":92,"d":1347,"route_I_counts":"{\"129\": 92}","shape_id":"{\"306700009\": 46, \"306700010\": 46}","direction_id":"{\"1\": 92}","headsign":"{}","source":19,"target":46,"layer":"L","from":"Roosevelt (Subway)","to":"Adams/Wabash"},"geometry":{"type":"LineString","coordinates":[[-87.627402,41.867368],[-87.626037,41.879507]]}},{"type":"Feature","properties":{"shape_id":"{\"306700007\": 146}","direction_id":"{\"0\": 146}","headsign":"{}","duration_avg":180.0,"n_vehicles":146,"d":2450,"route_I_counts":"{\"124\": 146}","source":20,"target":21,"layer":"L","from":"Cermak-Chinatown","to":"Sox-35th"},"geometry":{"type":"LineString","coordinates":[[-87.630968,41.853206],[-87.630636,41.831191]]}},{"type":"Feature","properties":{"duration_avg":180.0,"n_vehicles":154,"d":1603,"route_I_counts":"{\"124\": 154}","shape_id":"{\"306700008\": 154}","direction_id":"{\"1\": 154}","headsign":"{}","source":20,"target":19,"layer":"L","from":"Cermak-Chinatown","to":"Roosevelt (Subway)"},"geometry":{"type":"LineString","coordinates":[[-87.630968,41.853206],[-87.627402,41.867368]]}},{"type":"Feature","properties":{"shape_id":"{\"306700007\": 147}","direction_id":"{\"0\": 147}","headsign":"{}","duration_avg":180.0,"n_vehicles":147,"d":2323,"route_I_counts":"{\"124\": 147}","source":21,"target":22,"layer":"L","from":"Sox-35th","to":"47th-Red"},"geometry":{"type":"LineString","coordinates":[[-87.630636,41.831191],[-87.63094,41.810318]]}},{"type":"Feature","properties":{"duration_avg":194.41558441558442,"n_vehicles":154,"d":2450,"route_I_counts":"{\"124\": 154}","shape_id":"{\"306700008\": 154}","direction_id":"{\"1\": 154}","headsign":"{}","source":21,"target":20,"layer":"L","from":"Sox-35th","to":"Cermak-Chinatown"},"geometry":{"type":"LineString","coordinates":[[-87.630636,41.831191],[-87.630968,41.853206]]}},{"type":"Feature","properties":{"shape_id":"{\"306700007\": 146}","direction_id":"{\"0\": 146}","headsign":"{}","duration_avg":120.0,"n_vehicles":146,"d":1658,"route_I_counts":"{\"124\": 146}","source":22,"target":23,"layer":"L","from":"47th-Red","to":"Garfield-Red"},"geometry":{"type":"LineString","coordinates":[[-87.63094,41.810318],[-87.631157,41.79542]]}},{"type":"Feature","properties":{"duration_avg":150.0,"n_vehicles":154,"d":2323,"route_I_counts":"{\"124\": 154}","shape_id":"{\"306700008\": 154}","direction_id":"{\"1\": 154}","headsign":"{}","source":22,"target":21,"layer":"L","from":"47th-Red","to":"Sox-35th"},"geometry":{"type":"LineString","coordinates":[[-87.63094,41.810318],[-87.630636,41.831191]]}},{"type":"Feature","properties":{"shape_id":"{\"306700007\": 147}","direction_id":"{\"0\": 147}","headsign":"{}","duration_avg":120.0,"n_vehicles":147,"d":1656,"route_I_counts":"{\"124\": 147}","source":23,"target":24,"layer":"L","from":"Garfield-Red","to":"63rd"},"geometry":{"type":"LineString","coordinates":[[-87.631157,41.79542],[-87.630952,41.780536]]}},{"type":"Feature","properties":{"duration_avg":150.0,"n_vehicles":154,"d":1658,"route_I_counts":"{\"124\": 154}","shape_id":"{\"306700008\": 154}","direction_id":"{\"1\": 154}","headsign":"{}","source":23,"target":22,"layer":"L","from":"Garfield-Red","to":"47th-Red"},"geometry":{"type":"LineString","coordinates":[[-87.631157,41.79542],[-87.63094,41.810318]]}},{"type":"Feature","properties":{"shape_id":"{\"306700007\": 147}","direction_id":"{\"0\": 147}","headsign":"{}","duration_avg":120.0,"n_vehicles":147,"d":1422,"route_I_counts":"{\"124\": 147}","source":24,"target":25,"layer":"L","from":"63rd","to":"69th"},"geometry":{"type":"LineString","coordinates":[[-87.630952,41.780536],[-87.625724,41.768367]]}},{"type":"Feature","properties":{"duration_avg":120.0,"n_vehicles":155,"d":1656,"route_I_counts":"{\"124\": 155}","shape_id":"{\"306700008\": 155}","direction_id":"{\"1\": 155}","headsign":"{}","source":24,"target":23,"layer":"L","from":"63rd","to":"Garfield-Red"},"geometry":{"type":"LineString","coordinates":[[-87.630952,41.780536],[-87.631157,41.79542]]}},{"type":"Feature","properties":{"shape_id":"{\"306700007\": 147}","direction_id":"{\"0\": 147}","headsign":"{}","duration_avg":166.9387755102041,"n_vehicles":147,"d":1998,"route_I_counts":"{\"124\": 147}","source":25,"target":26,"layer":"L","from":"69th","to":"79th"},"geometry":{"type":"LineString","coordinates":[[-87.625724,41.768367],[-87.625112,41.750419]]}},{"type":"Feature","properties":{"duration_avg":120.0,"n_vehicles":155,"d":1422,"route_I_counts":"{\"124\": 155}","shape_id":"{\"306700008\": 155}","direction_id":"{\"1\": 155}","headsign":"{}","source":25,"target":24,"layer":"L","from":"69th","to":"63rd"},"geometry":{"type":"LineString","coordinates":[[-87.625724,41.768367],[-87.630952,41.780536]]}},{"type":"Feature","properties":{"shape_id":"{\"306700007\": 146}","direction_id":"{\"0\": 146}","headsign":"{}","duration_avg":120.0,"n_vehicles":146,"d":1675,"route_I_counts":"{\"124\": 146}","source":26,"target":27,"layer":"L","from":"79th","to":"87th"},"geometry":{"type":"LineString","coordinates":[[-87.625112,41.750419],[-87.624717,41.735372]]}},{"type":"Feature","properties":{"duration_avg":150.0,"n_vehicles":154,"d":1998,"route_I_counts":"{\"124\": 154}","shape_id":"{\"306700008\": 154}","direction_id":"{\"1\": 154}","headsign":"{}","source":26,"target":25,"layer":"L","from":"79th","to":"69th"},"geometry":{"type":"LineString","coordinates":[[-87.625112,41.750419],[-87.625724,41.768367]]}},{"type":"Feature","properties":{"shape_id":"{\"306700007\": 147}","direction_id":"{\"0\": 147}","headsign":"{}","duration_avg":120.0,"n_vehicles":147,"d":1446,"route_I_counts":"{\"124\": 147}","source":27,"target":28,"layer":"L","from":"87th","to":"95th"},"geometry":{"type":"LineString","coordinates":[[-87.624717,41.735372],[-87.624342,41.722377]]}},{"type":"Feature","properties":{"duration_avg":127.16129032258064,"n_vehicles":155,"d":1675,"route_I_counts":"{\"124\": 155}","shape_id":"{\"306700008\": 155}","direction_id":"{\"1\": 155}","headsign":"{}","source":27,"target":26,"layer":"L","from":"87th","to":"79th"},"geometry":{"type":"LineString","coordinates":[[-87.624717,41.735372],[-87.625112,41.750419]]}},{"type":"Feature","properties":{"duration_avg":120.0,"n_vehicles":155,"d":1446,"route_I_counts":"{\"124\": 155}","shape_id":"{\"306700008\": 155}","direction_id":"{\"1\": 155}","headsign":"{}","source":28,"target":27,"layer":"L","from":"95th","to":"87th"},"geometry":{"type":"LineString","coordinates":[[-87.624342,41.722377],[-87.624717,41.735372]]}},{"type":"Feature","properties":{"shape_id":"{\"306700024\": 32, \"306700026\": 10, \"306700036\": 45}","direction_id":"{\"0\": 45, \"1\": 42}","headsign":"{}","duration_avg":150.68965517241378,"n_vehicles":87,"d":1104,"route_I_counts":"{\"125\": 87}","source":29,"target":30,"layer":"L","from":"Linden","to":"Central-Purple"},"geometry":{"type":"LineString","coordinates":[[-87.69073,42.073153],[-87.685617,42.063987]]}},{"type":"Feature","properties":{"shape_id":"{\"306700024\": 32, \"306700026\": 10, \"306700036\": 45}","direction_id":"{\"0\": 45, \"1\": 42}","headsign":"{}","duration_avg":60.3448275862069,"n_vehicles":87,"d":662,"route_I_counts":"{\"125\": 87}","source":30,"target":31,"layer":"L","from":"Central-Purple","to":"Noyes"},"geometry":{"type":"LineString","coordinates":[[-87.685617,42.063987],[-87.683337,42.058282]]}},{"type":"Feature","properties":{"duration_avg":120.0,"n_vehicles":87,"d":1104,"route_I_counts":"{\"125\": 87}","shape_id":"{\"306700024\": 28, \"306700025\": 12, \"306700036\": 47}","direction_id":"{\"0\": 47, \"1\": 40}","headsign":"{}","source":30,"target":29,"layer":"L","from":"Central-Purple","to":"Linden"},"geometry":{"type":"LineString","coordinates":[[-87.685617,42.063987],[-87.69073,42.073153]]}},{"type":"Feature","properties":{"shape_id":"{\"306700024\": 32, \"306700026\": 10, \"306700036\": 45}","direction_id":"{\"0\": 45, \"1\": 42}","headsign":"{}","duration_avg":60.3448275862069,"n_vehicles":87,"d":459,"route_I_counts":"{\"125\": 87}","source":31,"target":32,"layer":"L","from":"Noyes","to":"Foster"},"geometry":{"type":"LineString","coordinates":[[-87.683337,42.058282],[-87.68356,42.05416]]}},{"type":"Feature","properties":{"duration_avg":90.0,"n_vehicles":87,"d":662,"route_I_counts":"{\"125\": 87}","shape_id":"{\"306700024\": 28, \"306700025\": 12, \"306700036\": 47}","direction_id":"{\"0\": 47, \"1\": 40}","headsign":"{}","source":31,"target":30,"layer":"L","from":"Noyes","to":"Central-Purple"},"geometry":{"type":"LineString","coordinates":[[-87.683337,42.058282],[-87.685617,42.063987]]}},{"type":"Feature","properties":{"shape_id":"{\"306700024\": 32, \"306700026\": 10, \"306700036\": 45}","direction_id":"{\"0\": 45, \"1\": 42}","headsign":"{}","duration_avg":90.6896551724138,"n_vehicles":87,"d":718,"route_I_counts":"{\"125\": 87}","source":32,"target":33,"layer":"L","from":"Foster","to":"Davis"},"geometry":{"type":"LineString","coordinates":[[-87.68356,42.05416],[-87.683543,42.04771]]}},{"type":"Feature","properties":{"duration_avg":30.0,"n_vehicles":87,"d":459,"route_I_counts":"{\"125\": 87}","shape_id":"{\"306700024\": 28, \"306700025\": 12, \"306700036\": 47}","direction_id":"{\"0\": 47, \"1\": 40}","headsign":"{}","source":32,"target":31,"layer":"L","from":"Foster","to":"Noyes"},"geometry":{"type":"LineString","coordinates":[[-87.68356,42.05416],[-87.683337,42.058282]]}},{"type":"Feature","properties":{"shape_id":"{\"306700024\": 32, \"306700026\": 10, \"306700036\": 45}","direction_id":"{\"0\": 45, \"1\": 42}","headsign":"{}","duration_avg":90.6896551724138,"n_vehicles":87,"d":692,"route_I_counts":"{\"125\": 87}","source":33,"target":34,"layer":"L","from":"Davis","to":"Dempster"},"geometry":{"type":"LineString","coordinates":[[-87.683543,42.04771],[-87.681602,42.041655]]}},{"type":"Feature","properties":{"duration_avg":90.0,"n_vehicles":87,"d":718,"route_I_counts":"{\"125\": 87}","shape_id":"{\"306700024\": 28, \"306700025\": 12, \"306700036\": 47}","direction_id":"{\"0\": 47, \"1\": 40}","headsign":"{}","source":33,"target":32,"layer":"L","from":"Davis","to":"Foster"},"geometry":{"type":"LineString","coordinates":[[-87.683543,42.04771],[-87.68356,42.05416]]}},{"type":"Feature","properties":{"shape_id":"{\"306700024\": 32, \"306700026\": 10, \"306700036\": 45}","direction_id":"{\"0\": 45, \"1\": 42}","headsign":"{}","duration_avg":68.27586206896552,"n_vehicles":87,"d":928,"route_I_counts":"{\"125\": 87}","source":34,"target":35,"layer":"L","from":"Dempster","to":"Main"},"geometry":{"type":"LineString","coordinates":[[-87.681602,42.041655],[-87.679538,42.033456]]}},{"type":"Feature","properties":{"duration_avg":90.0,"n_vehicles":88,"d":692,"route_I_counts":"{\"125\": 88}","shape_id":"{\"306700024\": 28, \"306700025\": 13, \"306700036\": 47}","direction_id":"{\"0\": 47, \"1\": 41}","headsign":"{}","source":34,"target":33,"layer":"L","from":"Dempster","to":"Davis"},"geometry":{"type":"LineString","coordinates":[[-87.681602,42.041655],[-87.683543,42.04771]]}},{"type":"Feature","properties":{"shape_id":"{\"306700024\": 32, \"306700026\": 10, \"306700036\": 45}","direction_id":"{\"0\": 45, \"1\": 42}","headsign":"{}","duration_avg":90.6896551724138,"n_vehicles":87,"d":658,"route_I_counts":"{\"125\": 87}","source":35,"target":36,"layer":"L","from":"Main","to":"South Boulevard"},"geometry":{"type":"LineString","coordinates":[[-87.679538,42.033456],[-87.678329,42.027612]]}},{"type":"Feature","properties":{"duration_avg":120.0,"n_vehicles":88,"d":928,"route_I_counts":"{\"125\": 88}","shape_id":"{\"306700024\": 28, \"306700025\": 13, \"306700036\": 47}","direction_id":"{\"0\": 47, \"1\": 41}","headsign":"{}","source":35,"target":34,"layer":"L","from":"Main","to":"Dempster"},"geometry":{"type":"LineString","coordinates":[[-87.679538,42.033456],[-87.681602,42.041655]]}},{"type":"Feature","properties":{"duration_avg":111.72413793103448,"n_vehicles":87,"d":1052,"route_I_counts":"{\"125\": 87}","shape_id":"{\"306700024\": 31, \"306700026\": 10, \"306700036\": 46}","direction_id":"{\"0\": 46, \"1\": 41}","headsign":"{}","source":36,"target":0,"layer":"L","from":"South Boulevard","to":"Howard"},"geometry":{"type":"LineString","coordinates":[[-87.678329,42.027612],[-87.672892,42.019063]]}},{"type":"Feature","properties":{"duration_avg":90.0,"n_vehicles":88,"d":658,"route_I_counts":"{\"125\": 88}","shape_id":"{\"306700024\": 28, \"306700025\": 13, \"306700036\": 47}","direction_id":"{\"0\": 47, \"1\": 41}","headsign":"{}","source":36,"target":35,"layer":"L","from":"South Boulevard","to":"Main"},"geometry":{"type":"LineString","coordinates":[[-87.678329,42.027612],[-87.679538,42.033456]]}},{"type":"Feature","properties":{"shape_id":"{\"306700017\": 126, \"306700024\": 30}","direction_id":"{\"0\": 126, \"1\": 30}","headsign":"{}","duration_avg":84.23076923076923,"n_vehicles":156,"d":367,"route_I_counts":"{\"125\": 30, \"131\": 126}","source":37,"target":38,"layer":"L","from":"Wellington","to":"Diversey"},"geometry":{"type":"LineString","coordinates":[[-87.653266,41.936033],[-87.653131,41.932732]]}},{"type":"Feature","properties":{"duration_avg":96.62337662337663,"n_vehicles":154,"d":413,"route_I_counts":"{\"125\": 28, \"131\": 126}","shape_id":"{\"306700017\": 126, \"306700024\": 28}","direction_id":"{\"0\": 126, \"1\": 28}","headsign":"{}","source":37,"target":11,"layer":"L","from":"Wellington","to":"Belmont"},"geometry":{"type":"LineString","coordinates":[[-87.653266,41.936033],[-87.65338,41.939751]]}},{"type":"Feature","properties":{"duration_avg":90.0,"n_vehicles":155,"d":855,"route_I_counts":"{\"125\": 30, \"131\": 125}","shape_id":"{\"306700017\": 125, \"306700024\": 30}","direction_id":"{\"0\": 125, \"1\": 30}","headsign":"{}","source":38,"target":12,"layer":"L","from":"Diversey","to":"Fullerton"},"geometry":{"type":"LineString","coordinates":[[-87.653131,41.932732],[-87.652866,41.925051]]}},{"type":"Feature","properties":{"duration_avg":94.25806451612904,"n_vehicles":155,"d":367,"route_I_counts":"{\"125\": 28, \"131\": 127}","shape_id":"{\"306700017\": 127, \"306700024\": 28}","direction_id":"{\"0\": 127, \"1\": 28}","headsign":"{}","source":38,"target":37,"layer":"L","from":"Diversey","to":"Wellington"},"geometry":{"type":"LineString","coordinates":[[-87.653131,41.932732],[-87.653266,41.936033]]}},{"type":"Feature","properties":{"shape_id":"{\"306700017\": 125, \"306700024\": 30}","direction_id":"{\"0\": 125, \"1\": 30}","headsign":"{}","duration_avg":204.19354838709677,"n_vehicles":155,"d":1406,"route_I_counts":"{\"125\": 30, \"131\": 125}","source":39,"target":40,"layer":"L","from":"Armitage","to":"Sedgwick"},"geometry":{"type":"LineString","coordinates":[[-87.652644,41.918217],[-87.639302,41.910409]]}},{"type":"Feature","properties":{"duration_avg":120.0,"n_vehicles":155,"d":760,"route_I_counts":"{\"125\": 28, \"131\": 127}","shape_id":"{\"306700017\": 127, \"306700024\": 28}","direction_id":"{\"0\": 127, \"1\": 28}","headsign":"{}","source":39,"target":12,"layer":"L","from":"Armitage","to":"Fullerton"},"geometry":{"type":"LineString","coordinates":[[-87.652644,41.918217],[-87.652866,41.925051]]}},{"type":"Feature","properties":{"shape_id":"{\"306700017\": 126, \"306700024\": 29}","direction_id":"{\"0\": 126, \"1\": 29}","headsign":"{}","duration_avg":240.0,"n_vehicles":155,"d":1539,"route_I_counts":"{\"125\": 29, \"131\": 126}","source":40,"target":41,"layer":"L","from":"Sedgwick","to":"Chicago-Brown"},"geometry":{"type":"LineString","coordinates":[[-87.639302,41.910409],[-87.635924,41.89681]]}},{"type":"Feature","properties":{"duration_avg":280.7142857142857,"n_vehicles":154,"d":1406,"route_I_counts":"{\"125\": 28, \"131\": 126}","shape_id":"{\"306700017\": 126, \"306700024\": 28}","direction_id":"{\"0\": 126, \"1\": 28}","headsign":"{}","source":40,"target":39,"layer":"L","from":"Sedgwick","to":"Armitage"},"geometry":{"type":"LineString","coordinates":[[-87.639302,41.910409],[-87.652644,41.918217]]}},{"type":"Feature","properties":{"shape_id":"{\"306700017\": 125, \"306700024\": 29}","direction_id":"{\"0\": 125, \"1\": 29}","headsign":"{}","duration_avg":124.28571428571429,"n_vehicles":154,"d":888,"route_I_counts":"{\"125\": 29, \"131\": 125}","source":41,"target":42,"layer":"L","from":"Chicago-Brown","to":"Merchandise Mart"},"geometry":{"type":"LineString","coordinates":[[-87.635924,41.89681],[-87.633924,41.888969]]}},{"type":"Feature","properties":{"duration_avg":152.70967741935485,"n_vehicles":155,"d":1539,"route_I_counts":"{\"125\": 28, \"131\": 127}","shape_id":"{\"306700017\": 127, \"306700024\": 28}","direction_id":"{\"0\": 127, \"1\": 28}","headsign":"{}","source":41,"target":40,"layer":"L","from":"Chicago-Brown","to":"Sedgwick"},"geometry":{"type":"LineString","coordinates":[[-87.635924,41.89681],[-87.639302,41.910409]]}},{"type":"Feature","properties":{"shape_id":"{\"306700024\": 29}","direction_id":"{\"1\": 29}","headsign":"{}","duration_avg":165.51724137931035,"n_vehicles":29,"d":439,"route_I_counts":"{\"125\": 29}","source":42,"target":43,"layer":"L","from":"Merchandise Mart","to":"Clark/Lake (Elevated)"},"geometry":{"type":"LineString","coordinates":[[-87.633924,41.888969],[-87.630886,41.885737]]}},{"type":"Feature","properties":{"duration_avg":141.48387096774192,"n_vehicles":155,"d":888,"route_I_counts":"{\"125\": 28, \"131\": 127}","shape_id":"{\"306700017\": 127, \"306700024\": 28}","direction_id":"{\"0\": 127, \"1\": 28}","headsign":"{}","source":42,"target":41,"layer":"L","from":"Merchandise Mart","to":"Chicago-Brown"},"geometry":{"type":"LineString","coordinates":[[-87.633924,41.888969],[-87.635924,41.89681]]}},{"type":"Feature","properties":{"duration_avg":150.0,"n_vehicles":126,"d":698,"route_I_counts":"{\"131\": 126}","shape_id":"{\"306700017\": 126}","direction_id":"{\"0\": 126}","headsign":"{}","source":42,"target":50,"layer":"L","from":"Merchandise Mart","to":"Washington/Wells"},"geometry":{"type":"LineString","coordinates":[[-87.633924,41.888969],[-87.63378,41.882695]]}},{"type":"Feature","properties":{"shape_id":"{\"306700011\": 46, \"306700012\": 46, \"306700024\": 29, \"306700034\": 106, \"306700035\": 87, \"306700002\": 125, \"306700074\": 6, \"306700079\": 1, \"306700129\": 2}","direction_id":"{\"0\": 226, \"1\": 222}","headsign":"{}","duration_avg":75.38216560509554,"n_vehicles":448,"d":252,"route_I_counts":"{\"125\": 29, \"128\": 87, \"129\": 92, \"130\": 106, \"127\": 134}","source":43,"target":44,"layer":"L","from":"Clark/Lake (Elevated)","to":"State/Lake"},"geometry":{"type":"LineString","coordinates":[[-87.630886,41.885737],[-87.627835,41.88574]]}},{"type":"Feature","properties":{"duration_avg":195.16129032258064,"n_vehicles":93,"d":903,"route_I_counts":"{\"129\": 93}","shape_id":"{\"306700009\": 47, \"306700010\": 46}","direction_id":"{\"1\": 93}","headsign":"{}","source":43,"target":96,"layer":"L","from":"Clark/Lake (Elevated)","to":"Clinton-Green"},"geometry":{"type":"LineString","coordinates":[[-87.630886,41.885737],[-87.641782,41.885678]]}},{"type":"Feature","properties":{"duration_avg":137.38095238095238,"n_vehicles":126,"d":439,"route_I_counts":"{\"131\": 126}","shape_id":"{\"306700017\": 126}","direction_id":"{\"0\": 126}","headsign":"{}","source":43,"target":42,"layer":"L","from":"Clark/Lake (Elevated)","to":"Merchandise Mart"},"geometry":{"type":"LineString","coordinates":[[-87.630886,41.885737],[-87.633924,41.888969]]}},{"type":"Feature","properties":{"duration_avg":150.0,"n_vehicles":144,"d":1510,"route_I_counts":"{\"127\": 144}","shape_id":"{\"306700001\": 135, \"306700053\": 4, \"306700128\": 2, \"306700132\": 3}","direction_id":"{\"1\": 144}","headsign":"{}","source":43,"target":57,"layer":"L","from":"Clark/Lake (Elevated)","to":"Grand-Blue"},"geometry":{"type":"LineString","coordinates":[[-87.630886,41.885737],[-87.647578,41.891189]]}},{"type":"Feature","properties":{"shape_id":"{\"306700011\": 46, \"306700012\": 46, \"306700024\": 29, \"306700034\": 106, \"306700035\": 86}","direction_id":"{\"0\": 92, \"1\": 221}","headsign":"{}","duration_avg":91.34185303514377,"n_vehicles":313,"d":311,"route_I_counts":"{\"125\": 29, \"128\": 86, \"129\": 92, \"130\": 106}","source":44,"target":45,"layer":"L","from":"State/Lake","to":"Washington/Wabash"},"geometry":{"type":"LineString","coordinates":[[-87.627835,41.88574],[-87.626189,41.88322]]}},{"type":"Feature","properties":{"duration_avg":78.84132420091323,"n_vehicles":363,"d":252,"route_I_counts":"{\"129\": 93, \"131\": 126, \"127\": 144}","shape_id":"{\"306700009\": 47, \"306700010\": 46, \"306700017\": 126, \"306700001\": 135, \"306700053\": 4, \"306700128\": 2, \"306700132\": 3}","direction_id":"{\"0\": 126, \"1\": 237}","headsign":"{}","source":44,"target":43,"layer":"L","from":"State/Lake","to":"Clark/Lake (Elevated)"},"geometry":{"type":"LineString","coordinates":[[-87.627835,41.88574],[-87.630886,41.885737]]}},{"type":"Feature","properties":{"duration_avg":90.0,"n_vehicles":146,"d":452,"route_I_counts":"{\"124\": 146}","shape_id":"{\"306700007\": 146}","direction_id":"{\"0\": 146}","headsign":"{}","source":44,"target":17,"layer":"L","from":"State/Lake","to":"Monroe-Red"},"geometry":{"type":"LineString","coordinates":[[-87.627835,41.88574],[-87.627696,41.880745]]}},{"type":"Feature","properties":{"duration_avg":90.0,"n_vehicles":154,"d":763,"route_I_counts":"{\"124\": 154}","shape_id":"{\"306700008\": 154}","direction_id":"{\"1\": 154}","headsign":"{}","source":44,"target":16,"layer":"L","from":"State/Lake","to":"Grand-Red"},"geometry":{"type":"LineString","coordinates":[[-87.627835,41.88574],[-87.628021,41.891665]]}},{"type":"Feature","properties":{"duration_avg":60.0,"n_vehicles":134,"d":274,"route_I_counts":"{\"127\": 134}","shape_id":"{\"306700002\": 125, \"306700074\": 6, \"306700079\": 1, \"306700129\": 2}","direction_id":"{\"0\": 134}","headsign":"{}","source":44,"target":56,"layer":"L","from":"State/Lake","to":"Monroe-Blue"},"geometry":{"type":"LineString","coordinates":[[-87.627835,41.88574],[-87.629378,41.880703]]}},{"type":"Feature","properties":{"shape_id":"{\"306700011\": 46, \"306700012\": 46, \"306700024\": 29, \"306700034\": 106, \"306700035\": 86}","direction_id":"{\"0\": 92, \"1\": 221}","headsign":"{}","duration_avg":75.91054313099042,"n_vehicles":313,"d":413,"route_I_counts":"{\"125\": 29, \"128\": 86, \"129\": 92, \"130\": 106}","source":45,"target":46,"layer":"L","from":"Washington/Wabash","to":"Adams/Wabash"},"geometry":{"type":"LineString","coordinates":[[-87.626189,41.88322],[-87.626037,41.879507]]}},{"type":"Feature","properties":{"duration_avg":112.70642201834862,"n_vehicles":218,"d":311,"route_I_counts":"{\"129\": 92, \"131\": 126}","shape_id":"{\"306700009\": 46, \"306700010\": 46, \"306700017\": 126}","direction_id":"{\"0\": 126, \"1\": 92}","headsign":"{}","source":45,"target":44,"layer":"L","from":"Washington/Wabash","to":"State/Lake"},"geometry":{"type":"LineString","coordinates":[[-87.626189,41.88322],[-87.627835,41.88574]]}},{"type":"Feature","properties":{"shape_id":"{\"306700024\": 29, \"306700035\": 86}","direction_id":"{\"1\": 115}","headsign":"{}","duration_avg":120.52173913043478,"n_vehicles":115,"d":344,"route_I_counts":"{\"125\": 29, \"128\": 86}","source":46,"target":47,"layer":"L","from":"Adams/Wabash","to":"Harold Washington Library"},"geometry":{"type":"LineString","coordinates":[[-87.626037,41.879507],[-87.628196,41.876862]]}},{"type":"Feature","properties":{"duration_avg":61.10091743119266,"n_vehicles":218,"d":413,"route_I_counts":"{\"129\": 92, \"131\": 126}","shape_id":"{\"306700009\": 46, \"306700010\": 46, \"306700017\": 126}","direction_id":"{\"0\": 126, \"1\": 92}","headsign":"{}","source":46,"target":45,"layer":"L","from":"Adams/Wabash","to":"Washington/Wabash"},"geometry":{"type":"LineString","coordinates":[[-87.626037,41.879507],[-87.626189,41.88322]]}},{"type":"Feature","properties":{"duration_avg":195.98984771573603,"n_vehicles":197,"d":1347,"route_I_counts":"{\"129\": 92, \"130\": 105}","shape_id":"{\"306700011\": 46, \"306700012\": 46, \"306700034\": 105}","direction_id":"{\"0\": 92, \"1\": 105}","headsign":"{}","source":46,"target":19,"layer":"L","from":"Adams/Wabash","to":"Roosevelt (Subway)"},"geometry":{"type":"LineString","coordinates":[[-87.626037,41.879507],[-87.627402,41.867368]]}},{"type":"Feature","properties":{"shape_id":"{\"306700024\": 29, \"306700034\": 106, \"306700035\": 86}","direction_id":"{\"1\": 221}","headsign":"{}","duration_avg":38.009049773755656,"n_vehicles":221,"d":293,"route_I_counts":"{\"125\": 29, \"128\": 86, \"130\": 106}","source":47,"target":48,"layer":"L","from":"Harold Washington Library","to":"LaSalle/Van Buren"},"geometry":{"type":"LineString","coordinates":[[-87.628196,41.876862],[-87.631739,41.8768]]}},{"type":"Feature","properties":{"duration_avg":90.0,"n_vehicles":127,"d":344,"route_I_counts":"{\"131\": 127}","shape_id":"{\"306700017\": 127}","direction_id":"{\"0\": 127}","headsign":"{}","source":47,"target":46,"layer":"L","from":"Harold Washington Library","to":"Adams/Wabash"},"geometry":{"type":"LineString","coordinates":[[-87.628196,41.876862],[-87.626037,41.879507]]}},{"type":"Feature","properties":{"duration_avg":60.0,"n_vehicles":147,"d":458,"route_I_counts":"{\"124\": 147}","shape_id":"{\"306700007\": 147}","direction_id":"{\"0\": 147}","headsign":"{}","source":47,"target":18,"layer":"L","from":"Harold Washington Library","to":"Harrison"},"geometry":{"type":"LineString","coordinates":[[-87.628196,41.876862],[-87.627479,41.874039]]}},{"type":"Feature","properties":{"duration_avg":45.29032258064516,"n_vehicles":155,"d":288,"route_I_counts":"{\"124\": 155}","shape_id":"{\"306700008\": 155}","direction_id":"{\"1\": 155}","headsign":"{}","source":47,"target":17,"layer":"L","from":"Harold Washington Library","to":"Monroe-Red"},"geometry":{"type":"LineString","coordinates":[[-87.628196,41.876862],[-87.627696,41.880745]]}},{"type":"Feature","properties":{"duration_avg":60.0,"n_vehicles":144,"d":280,"route_I_counts":"{\"127\": 144}","shape_id":"{\"306700001\": 135, \"306700053\": 4, \"306700128\": 2, \"306700132\": 3}","direction_id":"{\"1\": 144}","headsign":"{}","source":47,"target":56,"layer":"L","from":"Harold Washington Library","to":"Monroe-Blue"},"geometry":{"type":"LineString","coordinates":[[-87.628196,41.876862],[-87.629378,41.880703]]}},{"type":"Feature","properties":{"duration_avg":90.0,"n_vehicles":134,"d":353,"route_I_counts":"{\"127\": 134}","shape_id":"{\"306700002\": 125, \"306700074\": 6, \"306700079\": 1, \"306700129\": 2}","direction_id":"{\"0\": 134}","headsign":"{}","source":47,"target":55,"layer":"L","from":"Harold Washington Library","to":"LaSalle"},"geometry":{"type":"LineString","coordinates":[[-87.628196,41.876862],[-87.631722,41.875568]]}},{"type":"Feature","properties":{"shape_id":"{\"306700024\": 29, \"306700034\": 105, \"306700035\": 86}","direction_id":"{\"1\": 220}","headsign":"{}","duration_avg":92.45454545454545,"n_vehicles":220,"d":270,"route_I_counts":"{\"125\": 29, \"128\": 86, \"130\": 105}","source":48,"target":49,"layer":"L","from":"LaSalle/Van Buren","to":"Quincy"},"geometry":{"type":"LineString","coordinates":[[-87.631739,41.8768],[-87.63374,41.878723]]}},{"type":"Feature","properties":{"duration_avg":60.0,"n_vehicles":126,"d":293,"route_I_counts":"{\"131\": 126}","shape_id":"{\"306700017\": 126}","direction_id":"{\"0\": 126}","headsign":"{}","source":48,"target":47,"layer":"L","from":"LaSalle/Van Buren","to":"Harold Washington Library"},"geometry":{"type":"LineString","coordinates":[[-87.631739,41.8768],[-87.628196,41.876862]]}},{"type":"Feature","properties":{"shape_id":"{\"306700024\": 29, \"306700034\": 106, \"306700035\": 86}","direction_id":"{\"1\": 221}","headsign":"{}","duration_avg":96.24434389140272,"n_vehicles":221,"d":442,"route_I_counts":"{\"125\": 29, \"128\": 86, \"130\": 106}","source":49,"target":50,"layer":"L","from":"Quincy","to":"Washington/Wells"},"geometry":{"type":"LineString","coordinates":[[-87.63374,41.878723],[-87.63378,41.882695]]}},{"type":"Feature","properties":{"duration_avg":90.0,"n_vehicles":126,"d":270,"route_I_counts":"{\"131\": 126}","shape_id":"{\"306700017\": 126}","direction_id":"{\"0\": 126}","headsign":"{}","source":49,"target":48,"layer":"L","from":"Quincy","to":"LaSalle/Van Buren"},"geometry":{"type":"LineString","coordinates":[[-87.63374,41.878723],[-87.631739,41.8768]]}},{"type":"Feature","properties":{"shape_id":"{\"306700034\": 106}","direction_id":"{\"1\": 106}","headsign":"{}","duration_avg":129.0566037735849,"n_vehicles":106,"d":414,"route_I_counts":"{\"130\": 106}","source":50,"target":43,"layer":"L","from":"Washington/Wells","to":"Clark/Lake (Elevated)"},"geometry":{"type":"LineString","coordinates":[[-87.63378,41.882695],[-87.630886,41.885737]]}},{"type":"Feature","properties":{"duration_avg":198.8372093023256,"n_vehicles":86,"d":741,"route_I_counts":"{\"128\": 86}","shape_id":"{\"306700035\": 86}","direction_id":"{\"1\": 86}","headsign":"{}","source":50,"target":96,"layer":"L","from":"Washington/Wells","to":"Clinton-Green"},"geometry":{"type":"LineString","coordinates":[[-87.63378,41.882695],[-87.641782,41.885678]]}},{"type":"Feature","properties":{"duration_avg":180.0,"n_vehicles":28,"d":698,"route_I_counts":"{\"125\": 28}","shape_id":"{\"306700024\": 28}","direction_id":"{\"1\": 28}","headsign":"{}","source":50,"target":42,"layer":"L","from":"Washington/Wells","to":"Merchandise Mart"},"geometry":{"type":"LineString","coordinates":[[-87.63378,41.882695],[-87.633924,41.888969]]}},{"type":"Feature","properties":{"duration_avg":60.0,"n_vehicles":126,"d":442,"route_I_counts":"{\"131\": 126}","shape_id":"{\"306700017\": 126}","direction_id":"{\"0\": 126}","headsign":"{}","source":50,"target":49,"layer":"L","from":"Washington/Wells","to":"Quincy"},"geometry":{"type":"LineString","coordinates":[[-87.63378,41.882695],[-87.63374,41.878723]]}},{"type":"Feature","properties":{"shape_id":"{\"306700033\": 65}","direction_id":"{\"0\": 65}","headsign":"{}","duration_avg":90.0,"n_vehicles":65,"d":1466,"route_I_counts":"{\"126\": 65}","source":51,"target":52,"layer":"L","from":"Oakton-Skokie","to":"Dempster-Skokie"},"geometry":{"type":"LineString","coordinates":[[-87.747221,42.026243],[-87.751919,42.038951]]}},{"type":"Feature","properties":{"duration_avg":420.0,"n_vehicles":65,"d":6198,"route_I_counts":"{\"126\": 65}","shape_id":"{\"306700033\": 65}","direction_id":"{\"0\": 65}","headsign":"{}","source":51,"target":0,"layer":"L","from":"Oakton-Skokie","to":"Howard"},"geometry":{"type":"LineString","coordinates":[[-87.747221,42.026243],[-87.672892,42.019063]]}},{"type":"Feature","properties":{"duration_avg":120.0,"n_vehicles":65,"d":1466,"route_I_counts":"{\"126\": 65}","shape_id":"{\"306700033\": 65}","direction_id":"{\"0\": 65}","headsign":"{}","source":52,"target":51,"layer":"L","from":"Dempster-Skokie","to":"Oakton-Skokie"},"geometry":{"type":"LineString","coordinates":[[-87.751919,42.038951],[-87.747221,42.026243]]}},{"type":"Feature","properties":{"shape_id":"{\"306700001\": 135, \"306700053\": 4, \"306700128\": 2, \"306700132\": 3}","direction_id":"{\"1\": 144}","headsign":"{}","duration_avg":90.0,"n_vehicles":144,"d":723,"route_I_counts":"{\"127\": 144}","source":53,"target":54,"layer":"L","from":"UIC-Halsted","to":"Clinton-Blue"},"geometry":{"type":"LineString","coordinates":[[-87.649707,41.875474],[-87.640984,41.875539]]}},{"type":"Feature","properties":{"duration_avg":120.0,"n_vehicles":128,"d":809,"route_I_counts":"{\"127\": 128}","shape_id":"{\"306700002\": 126, \"306700129\": 2}","direction_id":"{\"0\": 128}","headsign":"{}","source":53,"target":73,"layer":"L","from":"UIC-Halsted","to":"Racine"},"geometry":{"type":"LineString","coordinates":[[-87.649707,41.875474],[-87.659458,41.87592]]}},{"type":"Feature","properties":{"shape_id":"{\"306700001\": 135, \"306700053\": 4, \"306700128\": 2, \"306700132\": 3}","direction_id":"{\"1\": 144}","headsign":"{}","duration_avg":110.625,"n_vehicles":144,"d":767,"route_I_counts":"{\"127\": 144}","source":54,"target":55,"layer":"L","from":"Clinton-Blue","to":"LaSalle"},"geometry":{"type":"LineString","coordinates":[[-87.640984,41.875539],[-87.631722,41.875568]]}},{"type":"Feature","properties":{"duration_avg":120.0,"n_vehicles":135,"d":723,"route_I_counts":"{\"127\": 135}","shape_id":"{\"306700002\": 126, \"306700074\": 6, \"306700079\": 1, \"306700129\": 2}","direction_id":"{\"0\": 135}","headsign":"{}","source":54,"target":53,"layer":"L","from":"Clinton-Blue","to":"UIC-Halsted"},"geometry":{"type":"LineString","coordinates":[[-87.640984,41.875539],[-87.649707,41.875474]]}},{"type":"Feature","properties":{"duration_avg":60.0,"n_vehicles":135,"d":767,"route_I_counts":"{\"127\": 135}","shape_id":"{\"306700002\": 126, \"306700074\": 6, \"306700079\": 1, \"306700129\": 2}","direction_id":"{\"0\": 135}","headsign":"{}","source":55,"target":54,"layer":"L","from":"LaSalle","to":"Clinton-Blue"},"geometry":{"type":"LineString","coordinates":[[-87.631722,41.875568],[-87.640984,41.875539]]}},{"type":"Feature","properties":{"duration_avg":110.83333333333333,"n_vehicles":144,"d":353,"route_I_counts":"{\"127\": 144}","shape_id":"{\"306700001\": 135, \"306700053\": 4, \"306700128\": 2, \"306700132\": 3}","direction_id":"{\"1\": 144}","headsign":"{}","source":55,"target":47,"layer":"L","from":"LaSalle","to":"Harold Washington Library"},"geometry":{"type":"LineString","coordinates":[[-87.631722,41.875568],[-87.628196,41.876862]]}},{"type":"Feature","properties":{"duration_avg":60.0,"n_vehicles":134,"d":280,"route_I_counts":"{\"127\": 134}","shape_id":"{\"306700002\": 125, \"306700074\": 6, \"306700079\": 1, \"306700129\": 2}","direction_id":"{\"0\": 134}","headsign":"{}","source":56,"target":47,"layer":"L","from":"Monroe-Blue","to":"Harold Washington Library"},"geometry":{"type":"LineString","coordinates":[[-87.629378,41.880703],[-87.628196,41.876862]]}},{"type":"Feature","properties":{"duration_avg":47.916666666666664,"n_vehicles":144,"d":274,"route_I_counts":"{\"127\": 144}","shape_id":"{\"306700001\": 135, \"306700053\": 4, \"306700128\": 2, \"306700132\": 3}","direction_id":"{\"1\": 144}","headsign":"{}","source":56,"target":44,"layer":"L","from":"Monroe-Blue","to":"State/Lake"},"geometry":{"type":"LineString","coordinates":[[-87.629378,41.880703],[-87.627835,41.88574]]}},{"type":"Feature","properties":{"shape_id":"{\"306700001\": 136, \"306700053\": 4, \"306700128\": 2, \"306700132\": 3}","direction_id":"{\"1\": 145}","headsign":"{}","duration_avg":66.41379310344827,"n_vehicles":145,"d":834,"route_I_counts":"{\"127\": 145}","source":57,"target":58,"layer":"L","from":"Grand-Blue","to":"Chicago-Blue"},"geometry":{"type":"LineString","coordinates":[[-87.647578,41.891189],[-87.655214,41.896075]]}},{"type":"Feature","properties":{"duration_avg":150.0,"n_vehicles":135,"d":1510,"route_I_counts":"{\"127\": 135}","shape_id":"{\"306700002\": 126, \"306700074\": 6, \"306700079\": 1, \"306700129\": 2}","direction_id":"{\"0\": 135}","headsign":"{}","source":57,"target":43,"layer":"L","from":"Grand-Blue","to":"Clark/Lake (Elevated)"},"geometry":{"type":"LineString","coordinates":[[-87.647578,41.891189],[-87.630886,41.885737]]}},{"type":"Feature","properties":{"shape_id":"{\"306700001\": 135, \"306700053\": 4, \"306700128\": 2, \"306700132\": 3}","direction_id":"{\"1\": 144}","headsign":"{}","duration_avg":150.0,"n_vehicles":144,"d":1237,"route_I_counts":"{\"127\": 144}","source":58,"target":59,"layer":"L","from":"Chicago-Blue","to":"Division"},"geometry":{"type":"LineString","coordinates":[[-87.655214,41.896075],[-87.666496,41.903355]]}},{"type":"Feature","properties":{"duration_avg":110.14925373134328,"n_vehicles":134,"d":834,"route_I_counts":"{\"127\": 134}","shape_id":"{\"306700002\": 125, \"306700074\": 6, \"306700079\": 1, \"306700129\": 2}","direction_id":"{\"0\": 134}","headsign":"{}","source":58,"target":57,"layer":"L","from":"Chicago-Blue","to":"Grand-Blue"},"geometry":{"type":"LineString","coordinates":[[-87.655214,41.896075],[-87.647578,41.891189]]}},{"type":"Feature","properties":{"shape_id":"{\"306700001\": 135, \"306700053\": 4, \"306700128\": 2, \"306700132\": 3}","direction_id":"{\"1\": 144}","headsign":"{}","duration_avg":126.45833333333333,"n_vehicles":144,"d":1152,"route_I_counts":"{\"127\": 144}","source":59,"target":60,"layer":"L","from":"Division","to":"Damen-O'Hare"},"geometry":{"type":"LineString","coordinates":[[-87.666496,41.903355],[-87.677437,41.909744]]}},{"type":"Feature","properties":{"duration_avg":120.0,"n_vehicles":134,"d":1237,"route_I_counts":"{\"127\": 134}","shape_id":"{\"306700002\": 125, \"306700074\": 6, \"306700079\": 1, \"306700129\": 2}","direction_id":"{\"0\": 134}","headsign":"{}","source":59,"target":58,"layer":"L","from":"Division","to":"Chicago-Blue"},"geometry":{"type":"LineString","coordinates":[[-87.666496,41.903355],[-87.655214,41.896075]]}},{"type":"Feature","properties":{"shape_id":"{\"306700001\": 135, \"306700053\": 4, \"306700128\": 2, \"306700132\": 3}","direction_id":"{\"1\": 144}","headsign":"{}","duration_avg":120.0,"n_vehicles":144,"d":1088,"route_I_counts":"{\"127\": 144}","source":60,"target":61,"layer":"L","from":"Damen-O'Hare","to":"Western-O'Hare"},"geometry":{"type":"LineString","coordinates":[[-87.677437,41.909744],[-87.687364,41.916157]]}},{"type":"Feature","properties":{"duration_avg":120.0,"n_vehicles":134,"d":1152,"route_I_counts":"{\"127\": 134}","shape_id":"{\"306700002\": 125, \"306700074\": 6, \"306700079\": 1, \"306700129\": 2}","direction_id":"{\"0\": 134}","headsign":"{}","source":60,"target":59,"layer":"L","from":"Damen-O'Hare","to":"Division"},"geometry":{"type":"LineString","coordinates":[[-87.677437,41.909744],[-87.666496,41.903355]]}},{"type":"Feature","properties":{"shape_id":"{\"306700001\": 136, \"306700053\": 4, \"306700128\": 2, \"306700132\": 3}","direction_id":"{\"1\": 145}","headsign":"{}","duration_avg":122.27586206896552,"n_vehicles":145,"d":1018,"route_I_counts":"{\"127\": 145}","source":61,"target":62,"layer":"L","from":"Western-O'Hare","to":"California-O'Hare"},"geometry":{"type":"LineString","coordinates":[[-87.687364,41.916157],[-87.69689,41.921939]]}},{"type":"Feature","properties":{"duration_avg":120.0,"n_vehicles":134,"d":1088,"route_I_counts":"{\"127\": 134}","shape_id":"{\"306700002\": 125, \"306700074\": 6, \"306700079\": 1, \"306700129\": 2}","direction_id":"{\"0\": 134}","headsign":"{}","source":61,"target":60,"layer":"L","from":"Western-O'Hare","to":"Damen-O'Hare"},"geometry":{"type":"LineString","coordinates":[[-87.687364,41.916157],[-87.677437,41.909744]]}},{"type":"Feature","properties":{"shape_id":"{\"306700001\": 136, \"306700053\": 4, \"306700128\": 2, \"306700132\": 3}","direction_id":"{\"1\": 145}","headsign":"{}","duration_avg":126.41379310344827,"n_vehicles":145,"d":1297,"route_I_counts":"{\"127\": 145}","source":62,"target":63,"layer":"L","from":"California-O'Hare","to":"Logan Square"},"geometry":{"type":"LineString","coordinates":[[-87.69689,41.921939],[-87.708541,41.929728]]}},{"type":"Feature","properties":{"duration_avg":150.0,"n_vehicles":134,"d":1018,"route_I_counts":"{\"127\": 134}","shape_id":"{\"306700002\": 125, \"306700074\": 6, \"306700079\": 1, \"306700129\": 2}","direction_id":"{\"0\": 134}","headsign":"{}","source":62,"target":61,"layer":"L","from":"California-O'Hare","to":"Western-O'Hare"},"geometry":{"type":"LineString","coordinates":[[-87.69689,41.921939],[-87.687364,41.916157]]}},{"type":"Feature","properties":{"shape_id":"{\"306700001\": 135, \"306700053\": 4, \"306700128\": 2, \"306700132\": 3}","direction_id":"{\"1\": 144}","headsign":"{}","duration_avg":120.0,"n_vehicles":144,"d":987,"route_I_counts":"{\"127\": 144}","source":63,"target":64,"layer":"L","from":"Logan Square","to":"Belmont-Blue"},"geometry":{"type":"LineString","coordinates":[[-87.708541,41.929728],[-87.712359,41.938132]]}},{"type":"Feature","properties":{"duration_avg":120.0,"n_vehicles":134,"d":1297,"route_I_counts":"{\"127\": 134}","shape_id":"{\"306700002\": 125, \"306700074\": 6, \"306700079\": 1, \"306700129\": 2}","direction_id":"{\"0\": 134}","headsign":"{}","source":63,"target":62,"layer":"L","from":"Logan Square","to":"California-O'Hare"},"geometry":{"type":"LineString","coordinates":[[-87.708541,41.929728],[-87.69689,41.921939]]}},{"type":"Feature","properties":{"shape_id":"{\"306700001\": 135, \"306700053\": 4, \"306700128\": 2, \"306700132\": 3}","direction_id":"{\"1\": 144}","headsign":"{}","duration_avg":90.0,"n_vehicles":144,"d":1169,"route_I_counts":"{\"127\": 144}","source":64,"target":65,"layer":"L","from":"Belmont-Blue","to":"Addison-Blue"},"geometry":{"type":"LineString","coordinates":[[-87.712359,41.938132],[-87.71906,41.94738]]}},{"type":"Feature","properties":{"duration_avg":150.0,"n_vehicles":134,"d":987,"route_I_counts":"{\"127\": 134}","shape_id":"{\"306700002\": 125, \"306700074\": 6, \"306700079\": 1, \"306700129\": 2}","direction_id":"{\"0\": 134}","headsign":"{}","source":64,"target":63,"layer":"L","from":"Belmont-Blue","to":"Logan Square"},"geometry":{"type":"LineString","coordinates":[[-87.712359,41.938132],[-87.708541,41.929728]]}},{"type":"Feature","properties":{"shape_id":"{\"306700001\": 136, \"306700053\": 4, \"306700128\": 2, \"306700132\": 3}","direction_id":"{\"1\": 145}","headsign":"{}","duration_avg":120.0,"n_vehicles":145,"d":1043,"route_I_counts":"{\"127\": 145}","source":65,"target":66,"layer":"L","from":"Addison-Blue","to":"Irving Park-Blue"},"geometry":{"type":"LineString","coordinates":[[-87.71906,41.94738],[-87.729229,41.952925]]}},{"type":"Feature","properties":{"duration_avg":109.84962406015038,"n_vehicles":133,"d":1169,"route_I_counts":"{\"127\": 133}","shape_id":"{\"306700002\": 124, \"306700074\": 6, \"306700079\": 1, \"306700129\": 2}","direction_id":"{\"0\": 133}","headsign":"{}","source":65,"target":64,"layer":"L","from":"Addison-Blue","to":"Belmont-Blue"},"geometry":{"type":"LineString","coordinates":[[-87.71906,41.94738],[-87.712359,41.938132]]}},{"type":"Feature","properties":{"shape_id":"{\"306700001\": 136, \"306700053\": 4, \"306700128\": 2, \"306700132\": 3}","direction_id":"{\"1\": 145}","headsign":"{}","duration_avg":120.0,"n_vehicles":145,"d":1526,"route_I_counts":"{\"127\": 145}","source":66,"target":67,"layer":"L","from":"Irving Park-Blue","to":"Montrose-Blue"},"geometry":{"type":"LineString","coordinates":[[-87.729229,41.952925],[-87.743574,41.961539]]}},{"type":"Feature","properties":{"duration_avg":100.15037593984962,"n_vehicles":133,"d":1043,"route_I_counts":"{\"127\": 133}","shape_id":"{\"306700002\": 124, \"306700074\": 6, \"306700079\": 1, \"306700129\": 2}","direction_id":"{\"0\": 133}","headsign":"{}","source":66,"target":65,"layer":"L","from":"Irving Park-Blue","to":"Addison-Blue"},"geometry":{"type":"LineString","coordinates":[[-87.729229,41.952925],[-87.71906,41.94738]]}},{"type":"Feature","properties":{"shape_id":"{\"306700001\": 136, \"306700053\": 4, \"306700128\": 2, \"306700132\": 3}","direction_id":"{\"1\": 145}","headsign":"{}","duration_avg":150.0,"n_vehicles":145,"d":1754,"route_I_counts":"{\"127\": 145}","source":67,"target":68,"layer":"L","from":"Montrose-Blue","to":"Jefferson Park"},"geometry":{"type":"LineString","coordinates":[[-87.743574,41.961539],[-87.760892,41.970634]]}},{"type":"Feature","properties":{"duration_avg":139.70149253731344,"n_vehicles":134,"d":1526,"route_I_counts":"{\"127\": 134}","shape_id":"{\"306700002\": 125, \"306700074\": 6, \"306700079\": 1, \"306700129\": 2}","direction_id":"{\"0\": 134}","headsign":"{}","source":67,"target":66,"layer":"L","from":"Montrose-Blue","to":"Irving Park-Blue"},"geometry":{"type":"LineString","coordinates":[[-87.743574,41.961539],[-87.729229,41.952925]]}},{"type":"Feature","properties":{"shape_id":"{\"306700001\": 135, \"306700053\": 4, \"306700132\": 3}","direction_id":"{\"1\": 142}","headsign":"{}","duration_avg":240.0,"n_vehicles":142,"d":4178,"route_I_counts":"{\"127\": 142}","source":68,"target":69,"layer":"L","from":"Jefferson Park","to":"Harlem-O'Hare"},"geometry":{"type":"LineString","coordinates":[[-87.760892,41.970634],[-87.8089,41.98227]]}},{"type":"Feature","properties":{"duration_avg":120.0,"n_vehicles":134,"d":1754,"route_I_counts":"{\"127\": 134}","shape_id":"{\"306700002\": 125, \"306700074\": 6, \"306700079\": 1, \"306700129\": 2}","direction_id":"{\"0\": 134}","headsign":"{}","source":68,"target":67,"layer":"L","from":"Jefferson Park","to":"Montrose-Blue"},"geometry":{"type":"LineString","coordinates":[[-87.760892,41.970634],[-87.743574,41.961539]]}},{"type":"Feature","properties":{"shape_id":"{\"306700001\": 136, \"306700053\": 4, \"306700132\": 3}","direction_id":"{\"1\": 143}","headsign":"{}","duration_avg":210.0,"n_vehicles":143,"d":2420,"route_I_counts":"{\"127\": 143}","source":69,"target":70,"layer":"L","from":"Harlem-O'Hare","to":"Cumberland"},"geometry":{"type":"LineString","coordinates":[[-87.8089,41.98227],[-87.838028,41.984246]]}},{"type":"Feature","properties":{"duration_avg":270.0,"n_vehicles":131,"d":4178,"route_I_counts":"{\"127\": 131}","shape_id":"{\"306700002\": 124, \"306700074\": 6, \"306700079\": 1}","direction_id":"{\"0\": 131}","headsign":"{}","source":69,"target":68,"layer":"L","from":"Harlem-O'Hare","to":"Jefferson Park"},"geometry":{"type":"LineString","coordinates":[[-87.8089,41.98227],[-87.760892,41.970634]]}},{"type":"Feature","properties":{"shape_id":"{\"306700001\": 136, \"306700053\": 4, \"306700132\": 3}","direction_id":"{\"1\": 143}","headsign":"{}","duration_avg":120.0,"n_vehicles":143,"d":1769,"route_I_counts":"{\"127\": 143}","source":70,"target":71,"layer":"L","from":"Cumberland","to":"Rosemont"},"geometry":{"type":"LineString","coordinates":[[-87.838028,41.984246],[-87.859388,41.983507]]}},{"type":"Feature","properties":{"duration_avg":210.0,"n_vehicles":130,"d":2420,"route_I_counts":"{\"127\": 130}","shape_id":"{\"306700002\": 123, \"306700074\": 6, \"306700079\": 1}","direction_id":"{\"0\": 130}","headsign":"{}","source":70,"target":69,"layer":"L","from":"Cumberland","to":"Harlem-O'Hare"},"geometry":{"type":"LineString","coordinates":[[-87.838028,41.984246],[-87.8089,41.98227]]}},{"type":"Feature","properties":{"duration_avg":300.0,"n_vehicles":140,"d":3766,"route_I_counts":"{\"127\": 140}","shape_id":"{\"306700001\": 136, \"306700053\": 4}","direction_id":"{\"1\": 140}","headsign":"{}","source":71,"target":72,"layer":"L","from":"Rosemont","to":"O'Hare"},"geometry":{"type":"LineString","coordinates":[[-87.859388,41.983507],[-87.904223,41.977665]]}},{"type":"Feature","properties":{"duration_avg":120.0,"n_vehicles":131,"d":1769,"route_I_counts":"{\"127\": 131}","shape_id":"{\"306700002\": 124, \"306700074\": 6, \"306700079\": 1}","direction_id":"{\"0\": 131}","headsign":"{}","source":71,"target":70,"layer":"L","from":"Rosemont","to":"Cumberland"},"geometry":{"type":"LineString","coordinates":[[-87.859388,41.983507],[-87.838028,41.984246]]}},{"type":"Feature","properties":{"duration_avg":300.0,"n_vehicles":130,"d":3766,"route_I_counts":"{\"127\": 130}","shape_id":"{\"306700002\": 124, \"306700074\": 6}","direction_id":"{\"0\": 130}","headsign":"{}","source":72,"target":71,"layer":"L","from":"O'Hare","to":"Rosemont"},"geometry":{"type":"LineString","coordinates":[[-87.904223,41.977665],[-87.859388,41.983507]]}},{"type":"Feature","properties":{"shape_id":"{\"306700002\": 125}","direction_id":"{\"0\": 125}","headsign":"{}","duration_avg":120.0,"n_vehicles":125,"d":1199,"route_I_counts":"{\"127\": 125}","source":73,"target":74,"layer":"L","from":"Racine","to":"Illinois Medical District"},"geometry":{"type":"LineString","coordinates":[[-87.659458,41.87592],[-87.673932,41.875706]]}},{"type":"Feature","properties":{"duration_avg":90.0,"n_vehicles":137,"d":809,"route_I_counts":"{\"127\": 137}","shape_id":"{\"306700001\": 135, \"306700128\": 2}","direction_id":"{\"1\": 137}","headsign":"{}","source":73,"target":53,"layer":"L","from":"Racine","to":"UIC-Halsted"},"geometry":{"type":"LineString","coordinates":[[-87.659458,41.87592],[-87.649707,41.875474]]}},{"type":"Feature","properties":{"shape_id":"{\"306700002\": 126}","direction_id":"{\"0\": 126}","headsign":"{}","duration_avg":150.0,"n_vehicles":126,"d":1202,"route_I_counts":"{\"127\": 126}","source":74,"target":75,"layer":"L","from":"Illinois Medical District","to":"Western-Forest Park"},"geometry":{"type":"LineString","coordinates":[[-87.673932,41.875706],[-87.688436,41.875478]]}},{"type":"Feature","properties":{"duration_avg":150.0,"n_vehicles":135,"d":1199,"route_I_counts":"{\"127\": 135}","shape_id":"{\"306700001\": 135}","direction_id":"{\"1\": 135}","headsign":"{}","source":74,"target":73,"layer":"L","from":"Illinois Medical District","to":"Racine"},"geometry":{"type":"LineString","coordinates":[[-87.673932,41.875706],[-87.659458,41.87592]]}},{"type":"Feature","properties":{"shape_id":"{\"306700002\": 126}","direction_id":"{\"0\": 126}","headsign":"{}","duration_avg":210.0,"n_vehicles":126,"d":1464,"route_I_counts":"{\"127\": 126}","source":75,"target":76,"layer":"L","from":"Western-Forest Park","to":"Kedzie-Homan"},"geometry":{"type":"LineString","coordinates":[[-87.688436,41.875478],[-87.70604,41.874341]]}},{"type":"Feature","properties":{"duration_avg":150.0,"n_vehicles":134,"d":1202,"route_I_counts":"{\"127\": 134}","shape_id":"{\"306700001\": 134}","direction_id":"{\"1\": 134}","headsign":"{}","source":75,"target":74,"layer":"L","from":"Western-Forest Park","to":"Illinois Medical District"},"geometry":{"type":"LineString","coordinates":[[-87.688436,41.875478],[-87.673932,41.875706]]}},{"type":"Feature","properties":{"shape_id":"{\"306700002\": 125}","direction_id":"{\"0\": 125}","headsign":"{}","duration_avg":150.0,"n_vehicles":125,"d":1627,"route_I_counts":"{\"127\": 125}","source":76,"target":77,"layer":"L","from":"Kedzie-Homan","to":"Pulaski-Forest Park"},"geometry":{"type":"LineString","coordinates":[[-87.70604,41.874341],[-87.725663,41.873797]]}},{"type":"Feature","properties":{"duration_avg":240.0,"n_vehicles":134,"d":1464,"route_I_counts":"{\"127\": 134}","shape_id":"{\"306700001\": 134}","direction_id":"{\"1\": 134}","headsign":"{}","source":76,"target":75,"layer":"L","from":"Kedzie-Homan","to":"Western-Forest Park"},"geometry":{"type":"LineString","coordinates":[[-87.70604,41.874341],[-87.688436,41.875478]]}},{"type":"Feature","properties":{"shape_id":"{\"306700002\": 126}","direction_id":"{\"0\": 126}","headsign":"{}","duration_avg":150.0,"n_vehicles":126,"d":1634,"route_I_counts":"{\"127\": 126}","source":77,"target":78,"layer":"L","from":"Pulaski-Forest Park","to":"Cicero-Forest Park"},"geometry":{"type":"LineString","coordinates":[[-87.725663,41.873797],[-87.745154,41.871574]]}},{"type":"Feature","properties":{"duration_avg":150.0,"n_vehicles":134,"d":1627,"route_I_counts":"{\"127\": 134}","shape_id":"{\"306700001\": 134}","direction_id":"{\"1\": 134}","headsign":"{}","source":77,"target":76,"layer":"L","from":"Pulaski-Forest Park","to":"Kedzie-Homan"},"geometry":{"type":"LineString","coordinates":[[-87.725663,41.873797],[-87.70604,41.874341]]}},{"type":"Feature","properties":{"shape_id":"{\"306700002\": 126}","direction_id":"{\"0\": 126}","headsign":"{}","duration_avg":240.0,"n_vehicles":126,"d":2625,"route_I_counts":"{\"127\": 126}","source":78,"target":79,"layer":"L","from":"Cicero-Forest Park","to":"Austin-Blue"},"geometry":{"type":"LineString","coordinates":[[-87.745154,41.871574],[-87.776812,41.870851]]}},{"type":"Feature","properties":{"duration_avg":150.0,"n_vehicles":134,"d":1634,"route_I_counts":"{\"127\": 134}","shape_id":"{\"306700001\": 134}","direction_id":"{\"1\": 134}","headsign":"{}","source":78,"target":77,"layer":"L","from":"Cicero-Forest Park","to":"Pulaski-Forest Park"},"geometry":{"type":"LineString","coordinates":[[-87.745154,41.871574],[-87.725663,41.873797]]}},{"type":"Feature","properties":{"shape_id":"{\"306700002\": 127}","direction_id":"{\"0\": 127}","headsign":"{}","duration_avg":120.0,"n_vehicles":127,"d":1233,"route_I_counts":"{\"127\": 127}","source":79,"target":80,"layer":"L","from":"Austin-Blue","to":"Oak Park-Blue"},"geometry":{"type":"LineString","coordinates":[[-87.776812,41.870851],[-87.791602,41.872108]]}},{"type":"Feature","properties":{"duration_avg":240.0,"n_vehicles":133,"d":2625,"route_I_counts":"{\"127\": 133}","shape_id":"{\"306700001\": 133}","direction_id":"{\"1\": 133}","headsign":"{}","source":79,"target":78,"layer":"L","from":"Austin-Blue","to":"Cicero-Forest Park"},"geometry":{"type":"LineString","coordinates":[[-87.776812,41.870851],[-87.745154,41.871574]]}},{"type":"Feature","properties":{"shape_id":"{\"306700002\": 126}","direction_id":"{\"0\": 126}","headsign":"{}","duration_avg":150.0,"n_vehicles":126,"d":1282,"route_I_counts":"{\"127\": 126}","source":80,"target":81,"layer":"L","from":"Oak Park-Blue","to":"Harlem-Forest Park"},"geometry":{"type":"LineString","coordinates":[[-87.791602,41.872108],[-87.806961,41.87349]]}},{"type":"Feature","properties":{"duration_avg":150.0,"n_vehicles":134,"d":1233,"route_I_counts":"{\"127\": 134}","shape_id":"{\"306700001\": 134}","direction_id":"{\"1\": 134}","headsign":"{}","source":80,"target":79,"layer":"L","from":"Oak Park-Blue","to":"Austin-Blue"},"geometry":{"type":"LineString","coordinates":[[-87.791602,41.872108],[-87.776812,41.870851]]}},{"type":"Feature","properties":{"shape_id":"{\"306700002\": 126}","direction_id":"{\"0\": 126}","headsign":"{}","duration_avg":120.0,"n_vehicles":126,"d":862,"route_I_counts":"{\"127\": 126}","source":81,"target":82,"layer":"L","from":"Harlem-Forest Park","to":"Forest Park"},"geometry":{"type":"LineString","coordinates":[[-87.806961,41.87349],[-87.817318,41.874257]]}},{"type":"Feature","properties":{"duration_avg":120.0,"n_vehicles":134,"d":1282,"route_I_counts":"{\"127\": 134}","shape_id":"{\"306700001\": 134}","direction_id":"{\"1\": 134}","headsign":"{}","source":81,"target":80,"layer":"L","from":"Harlem-Forest Park","to":"Oak Park-Blue"},"geometry":{"type":"LineString","coordinates":[[-87.806961,41.87349],[-87.791602,41.872108]]}},{"type":"Feature","properties":{"duration_avg":150.0,"n_vehicles":134,"d":862,"route_I_counts":"{\"127\": 134}","shape_id":"{\"306700001\": 134}","direction_id":"{\"1\": 134}","headsign":"{}","source":82,"target":81,"layer":"L","from":"Forest Park","to":"Harlem-Forest Park"},"geometry":{"type":"LineString","coordinates":[[-87.817318,41.874257],[-87.806961,41.87349]]}},{"type":"Feature","properties":{"shape_id":"{\"306700035\": 86}","direction_id":"{\"1\": 86}","headsign":"{}","duration_avg":120.0,"n_vehicles":86,"d":941,"route_I_counts":"{\"128\": 86}","source":83,"target":84,"layer":"L","from":"54th/Cermak","to":"Cicero-Cermak"},"geometry":{"type":"LineString","coordinates":[[-87.756692,41.851773],[-87.745336,41.85182]]}},{"type":"Feature","properties":{"shape_id":"{\"306700035\": 86}","direction_id":"{\"1\": 86}","headsign":"{}","duration_avg":136.3953488372093,"n_vehicles":86,"d":1024,"route_I_counts":"{\"128\": 86}","source":84,"target":85,"layer":"L","from":"Cicero-Cermak","to":"Kostner"},"geometry":{"type":"LineString","coordinates":[[-87.745336,41.85182],[-87.733258,41.853751]]}},{"type":"Feature","properties":{"duration_avg":120.0,"n_vehicles":87,"d":941,"route_I_counts":"{\"128\": 87}","shape_id":"{\"306700035\": 87}","direction_id":"{\"1\": 87}","headsign":"{}","source":84,"target":83,"layer":"L","from":"Cicero-Cermak","to":"54th/Cermak"},"geometry":{"type":"LineString","coordinates":[[-87.745336,41.85182],[-87.756692,41.851773]]}},{"type":"Feature","properties":{"shape_id":"{\"306700035\": 85}","direction_id":"{\"1\": 85}","headsign":"{}","duration_avg":90.0,"n_vehicles":85,"d":741,"route_I_counts":"{\"128\": 85}","source":85,"target":86,"layer":"L","from":"Kostner","to":"Pulaski-Cermak"},"geometry":{"type":"LineString","coordinates":[[-87.733258,41.853751],[-87.724311,41.853732]]}},{"type":"Feature","properties":{"duration_avg":150.0,"n_vehicles":87,"d":1024,"route_I_counts":"{\"128\": 87}","shape_id":"{\"306700035\": 87}","direction_id":"{\"1\": 87}","headsign":"{}","source":85,"target":84,"layer":"L","from":"Kostner","to":"Cicero-Cermak"},"geometry":{"type":"LineString","coordinates":[[-87.733258,41.853751],[-87.745336,41.85182]]}},{"type":"Feature","properties":{"shape_id":"{\"306700035\": 85}","direction_id":"{\"1\": 85}","headsign":"{}","duration_avg":73.76470588235294,"n_vehicles":85,"d":785,"route_I_counts":"{\"128\": 85}","source":86,"target":87,"layer":"L","from":"Pulaski-Cermak","to":"Central Park"},"geometry":{"type":"LineString","coordinates":[[-87.724311,41.853732],[-87.714842,41.853839]]}},{"type":"Feature","properties":{"duration_avg":90.0,"n_vehicles":88,"d":741,"route_I_counts":"{\"128\": 88}","shape_id":"{\"306700035\": 88}","direction_id":"{\"1\": 88}","headsign":"{}","source":86,"target":85,"layer":"L","from":"Pulaski-Cermak","to":"Kostner"},"geometry":{"type":"LineString","coordinates":[[-87.724311,41.853732],[-87.733258,41.853751]]}},{"type":"Feature","properties":{"shape_id":"{\"306700035\": 85}","direction_id":"{\"1\": 85}","headsign":"{}","duration_avg":76.23529411764706,"n_vehicles":85,"d":782,"route_I_counts":"{\"128\": 85}","source":87,"target":88,"layer":"L","from":"Central Park","to":"Kedzie-Cermak"},"geometry":{"type":"LineString","coordinates":[[-87.714842,41.853839],[-87.705408,41.853964]]}},{"type":"Feature","properties":{"duration_avg":90.0,"n_vehicles":87,"d":785,"route_I_counts":"{\"128\": 87}","shape_id":"{\"306700035\": 87}","direction_id":"{\"1\": 87}","headsign":"{}","source":87,"target":86,"layer":"L","from":"Central Park","to":"Pulaski-Cermak"},"geometry":{"type":"LineString","coordinates":[[-87.714842,41.853839],[-87.724311,41.853732]]}},{"type":"Feature","properties":{"shape_id":"{\"306700035\": 86}","direction_id":"{\"1\": 86}","headsign":"{}","duration_avg":90.0,"n_vehicles":86,"d":881,"route_I_counts":"{\"128\": 86}","source":88,"target":89,"layer":"L","from":"Kedzie-Cermak","to":"California-Cermak"},"geometry":{"type":"LineString","coordinates":[[-87.705408,41.853964],[-87.694774,41.854109]]}},{"type":"Feature","properties":{"duration_avg":60.0,"n_vehicles":87,"d":782,"route_I_counts":"{\"128\": 87}","shape_id":"{\"306700035\": 87}","direction_id":"{\"1\": 87}","headsign":"{}","source":88,"target":87,"layer":"L","from":"Kedzie-Cermak","to":"Central Park"},"geometry":{"type":"LineString","coordinates":[[-87.705408,41.853964],[-87.714842,41.853839]]}},{"type":"Feature","properties":{"shape_id":"{\"306700035\": 86}","direction_id":"{\"1\": 86}","headsign":"{}","duration_avg":90.0,"n_vehicles":86,"d":799,"route_I_counts":"{\"128\": 86}","source":89,"target":90,"layer":"L","from":"California-Cermak","to":"Western-Cermak"},"geometry":{"type":"LineString","coordinates":[[-87.694774,41.854109],[-87.685129,41.854225]]}},{"type":"Feature","properties":{"duration_avg":90.0,"n_vehicles":87,"d":881,"route_I_counts":"{\"128\": 87}","shape_id":"{\"306700035\": 87}","direction_id":"{\"1\": 87}","headsign":"{}","source":89,"target":88,"layer":"L","from":"California-Cermak","to":"Kedzie-Cermak"},"geometry":{"type":"LineString","coordinates":[[-87.694774,41.854109],[-87.705408,41.853964]]}},{"type":"Feature","properties":{"shape_id":"{\"306700035\": 86}","direction_id":"{\"1\": 86}","headsign":"{}","duration_avg":90.0,"n_vehicles":86,"d":759,"route_I_counts":"{\"128\": 86}","source":90,"target":91,"layer":"L","from":"Western-Cermak","to":"Damen-Cermak"},"geometry":{"type":"LineString","coordinates":[[-87.685129,41.854225],[-87.675975,41.854517]]}},{"type":"Feature","properties":{"duration_avg":90.0,"n_vehicles":87,"d":799,"route_I_counts":"{\"128\": 87}","shape_id":"{\"306700035\": 87}","direction_id":"{\"1\": 87}","headsign":"{}","source":90,"target":89,"layer":"L","from":"Western-Cermak","to":"California-Cermak"},"geometry":{"type":"LineString","coordinates":[[-87.685129,41.854225],[-87.694774,41.854109]]}},{"type":"Feature","properties":{"shape_id":"{\"306700035\": 86}","direction_id":"{\"1\": 86}","headsign":"{}","duration_avg":135.34883720930233,"n_vehicles":86,"d":680,"route_I_counts":"{\"128\": 86}","source":91,"target":92,"layer":"L","from":"Damen-Cermak","to":"18th"},"geometry":{"type":"LineString","coordinates":[[-87.675975,41.854517],[-87.669147,41.857908]]}},{"type":"Feature","properties":{"duration_avg":60.0,"n_vehicles":87,"d":759,"route_I_counts":"{\"128\": 87}","shape_id":"{\"306700035\": 87}","direction_id":"{\"1\": 87}","headsign":"{}","source":91,"target":90,"layer":"L","from":"Damen-Cermak","to":"Western-Cermak"},"geometry":{"type":"LineString","coordinates":[[-87.675975,41.854517],[-87.685129,41.854225]]}},{"type":"Feature","properties":{"shape_id":"{\"306700035\": 85}","direction_id":"{\"1\": 85}","headsign":"{}","duration_avg":150.0,"n_vehicles":85,"d":1519,"route_I_counts":"{\"128\": 85}","source":92,"target":93,"layer":"L","from":"18th","to":"Polk"},"geometry":{"type":"LineString","coordinates":[[-87.669147,41.857908],[-87.66953,41.871551]]}},{"type":"Feature","properties":{"duration_avg":150.0,"n_vehicles":87,"d":680,"route_I_counts":"{\"128\": 87}","shape_id":"{\"306700035\": 87}","direction_id":"{\"1\": 87}","headsign":"{}","source":92,"target":91,"layer":"L","from":"18th","to":"Damen-Cermak"},"geometry":{"type":"LineString","coordinates":[[-87.669147,41.857908],[-87.675975,41.854517]]}},{"type":"Feature","properties":{"shape_id":"{\"306700035\": 86}","direction_id":"{\"1\": 86}","headsign":"{}","duration_avg":210.0,"n_vehicles":86,"d":1541,"route_I_counts":"{\"128\": 86}","source":93,"target":94,"layer":"L","from":"Polk","to":"Ashland-Lake"},"geometry":{"type":"LineString","coordinates":[[-87.66953,41.871551],[-87.666969,41.885269]]}},{"type":"Feature","properties":{"duration_avg":120.0,"n_vehicles":86,"d":1519,"route_I_counts":"{\"128\": 86}","shape_id":"{\"306700035\": 86}","direction_id":"{\"1\": 86}","headsign":"{}","source":93,"target":92,"layer":"L","from":"Polk","to":"18th"},"geometry":{"type":"LineString","coordinates":[[-87.66953,41.871551],[-87.669147,41.857908]]}},{"type":"Feature","properties":{"shape_id":"{\"306700011\": 46, \"306700012\": 46, \"306700035\": 86}","direction_id":"{\"0\": 92, \"1\": 86}","headsign":"{}","duration_avg":127.41573033707866,"n_vehicles":178,"d":1230,"route_I_counts":"{\"128\": 86, \"129\": 92}","source":94,"target":95,"layer":"L","from":"Ashland-Lake","to":"Morgan"},"geometry":{"type":"LineString","coordinates":[[-87.666969,41.885269],[-87.65213,41.885577]]}},{"type":"Feature","properties":{"duration_avg":210.0,"n_vehicles":92,"d":2428,"route_I_counts":"{\"129\": 92}","shape_id":"{\"306700009\": 46, \"306700010\": 46}","direction_id":"{\"1\": 92}","headsign":"{}","source":94,"target":107,"layer":"L","from":"Ashland-Lake","to":"California-Green"},"geometry":{"type":"LineString","coordinates":[[-87.666969,41.885269],[-87.696234,41.88422]]}},{"type":"Feature","properties":{"duration_avg":180.0,"n_vehicles":86,"d":1541,"route_I_counts":"{\"128\": 86}","shape_id":"{\"306700035\": 86}","direction_id":"{\"1\": 86}","headsign":"{}","source":94,"target":93,"layer":"L","from":"Ashland-Lake","to":"Polk"},"geometry":{"type":"LineString","coordinates":[[-87.666969,41.885269],[-87.66953,41.871551]]}},{"type":"Feature","properties":{"shape_id":"{\"306700011\": 46, \"306700012\": 46, \"306700035\": 86}","direction_id":"{\"0\": 92, \"1\": 86}","headsign":"{}","duration_avg":82.58426966292134,"n_vehicles":178,"d":857,"route_I_counts":"{\"128\": 86, \"129\": 92}","source":95,"target":96,"layer":"L","from":"Morgan","to":"Clinton-Green"},"geometry":{"type":"LineString","coordinates":[[-87.65213,41.885577],[-87.641782,41.885678]]}},{"type":"Feature","properties":{"duration_avg":118.8268156424581,"n_vehicles":179,"d":1230,"route_I_counts":"{\"128\": 86, \"129\": 93}","shape_id":"{\"306700009\": 47, \"306700010\": 46, \"306700035\": 86}","direction_id":"{\"1\": 179}","headsign":"{}","source":95,"target":94,"layer":"L","from":"Morgan","to":"Ashland-Lake"},"geometry":{"type":"LineString","coordinates":[[-87.65213,41.885577],[-87.666969,41.885269]]}},{"type":"Feature","properties":{"shape_id":"{\"306700011\": 46, \"306700012\": 46, \"306700035\": 86}","direction_id":"{\"0\": 92, \"1\": 86}","headsign":"{}","duration_avg":149.6629213483146,"n_vehicles":178,"d":903,"route_I_counts":"{\"128\": 86, \"129\": 92}","source":96,"target":43,"layer":"L","from":"Clinton-Green","to":"Clark/Lake (Elevated)"},"geometry":{"type":"LineString","coordinates":[[-87.641782,41.885678],[-87.630886,41.885737]]}},{"type":"Feature","properties":{"duration_avg":75.5,"n_vehicles":180,"d":857,"route_I_counts":"{\"128\": 87, \"129\": 93}","shape_id":"{\"306700009\": 47, \"306700010\": 46, \"306700035\": 87}","direction_id":"{\"1\": 180}","headsign":"{}","source":96,"target":95,"layer":"L","from":"Clinton-Green","to":"Morgan"},"geometry":{"type":"LineString","coordinates":[[-87.641782,41.885678],[-87.65213,41.885577]]}},{"type":"Feature","properties":{"shape_id":"{\"306700011\": 46, \"306700012\": 46}","direction_id":"{\"0\": 92}","headsign":"{}","duration_avg":120.0,"n_vehicles":92,"d":778,"route_I_counts":"{\"129\": 92}","source":97,"target":98,"layer":"L","from":"Harlem-Green","to":"Oak Park-Green"},"geometry":{"type":"LineString","coordinates":[[-87.803176,41.886848],[-87.793783,41.886988]]}},{"type":"Feature","properties":{"shape_id":"{\"306700011\": 46, \"306700012\": 46}","direction_id":"{\"0\": 92}","headsign":"{}","duration_avg":90.0,"n_vehicles":92,"d":839,"route_I_counts":"{\"129\": 92}","source":98,"target":99,"layer":"L","from":"Oak Park-Green","to":"Ridgeland"},"geometry":{"type":"LineString","coordinates":[[-87.793783,41.886988],[-87.783661,41.887159]]}},{"type":"Feature","properties":{"duration_avg":90.0,"n_vehicles":93,"d":778,"route_I_counts":"{\"129\": 93}","shape_id":"{\"306700009\": 47, \"306700010\": 46}","direction_id":"{\"1\": 93}","headsign":"{}","source":98,"target":97,"layer":"L","from":"Oak Park-Green","to":"Harlem-Green"},"geometry":{"type":"LineString","coordinates":[[-87.793783,41.886988],[-87.803176,41.886848]]}},{"type":"Feature","properties":{"shape_id":"{\"306700011\": 46, \"306700012\": 46}","direction_id":"{\"0\": 92}","headsign":"{}","duration_avg":90.0,"n_vehicles":92,"d":789,"route_I_counts":"{\"129\": 92}","source":99,"target":100,"layer":"L","from":"Ridgeland","to":"Austin-Green"},"geometry":{"type":"LineString","coordinates":[[-87.783661,41.887159],[-87.774135,41.887293]]}},{"type":"Feature","properties":{"duration_avg":60.0,"n_vehicles":93,"d":839,"route_I_counts":"{\"129\": 93}","shape_id":"{\"306700009\": 47, \"306700010\": 46}","direction_id":"{\"1\": 93}","headsign":"{}","source":99,"target":98,"layer":"L","from":"Ridgeland","to":"Oak Park-Green"},"geometry":{"type":"LineString","coordinates":[[-87.783661,41.887159],[-87.793783,41.886988]]}},{"type":"Feature","properties":{"shape_id":"{\"306700011\": 46, \"306700012\": 46}","direction_id":"{\"0\": 92}","headsign":"{}","duration_avg":90.0,"n_vehicles":92,"d":703,"route_I_counts":"{\"129\": 92}","source":100,"target":101,"layer":"L","from":"Austin-Green","to":"Central-Green"},"geometry":{"type":"LineString","coordinates":[[-87.774135,41.887293],[-87.76565,41.887389]]}},{"type":"Feature","properties":{"duration_avg":90.0,"n_vehicles":94,"d":789,"route_I_counts":"{\"129\": 94}","shape_id":"{\"306700009\": 47, \"306700010\": 47}","direction_id":"{\"1\": 94}","headsign":"{}","source":100,"target":99,"layer":"L","from":"Austin-Green","to":"Ridgeland"},"geometry":{"type":"LineString","coordinates":[[-87.774135,41.887293],[-87.783661,41.887159]]}},{"type":"Feature","properties":{"shape_id":"{\"306700011\": 46, \"306700012\": 46}","direction_id":"{\"0\": 92}","headsign":"{}","duration_avg":104.34782608695652,"n_vehicles":92,"d":884,"route_I_counts":"{\"129\": 92}","source":101,"target":102,"layer":"L","from":"Central-Green","to":"Laramie"},"geometry":{"type":"LineString","coordinates":[[-87.76565,41.887389],[-87.754986,41.887163]]}},{"type":"Feature","properties":{"duration_avg":90.0,"n_vehicles":94,"d":703,"route_I_counts":"{\"129\": 94}","shape_id":"{\"306700009\": 47, \"306700010\": 47}","direction_id":"{\"1\": 94}","headsign":"{}","source":101,"target":100,"layer":"L","from":"Central-Green","to":"Austin-Green"},"geometry":{"type":"LineString","coordinates":[[-87.76565,41.887389],[-87.774135,41.887293]]}},{"type":"Feature","properties":{"shape_id":"{\"306700011\": 46, \"306700012\": 45}","direction_id":"{\"0\": 91}","headsign":"{}","duration_avg":120.0,"n_vehicles":91,"d":855,"route_I_counts":"{\"129\": 91}","source":102,"target":103,"layer":"L","from":"Laramie","to":"Cicero-Green"},"geometry":{"type":"LineString","coordinates":[[-87.754986,41.887163],[-87.744698,41.886519]]}},{"type":"Feature","properties":{"duration_avg":90.0,"n_vehicles":94,"d":884,"route_I_counts":"{\"129\": 94}","shape_id":"{\"306700009\": 47, \"306700010\": 47}","direction_id":"{\"1\": 94}","headsign":"{}","source":102,"target":101,"layer":"L","from":"Laramie","to":"Central-Green"},"geometry":{"type":"LineString","coordinates":[[-87.754986,41.887163],[-87.76565,41.887389]]}},{"type":"Feature","properties":{"shape_id":"{\"306700011\": 46, \"306700012\": 46}","direction_id":"{\"0\": 92}","headsign":"{}","duration_avg":120.0,"n_vehicles":92,"d":1603,"route_I_counts":"{\"129\": 92}","source":103,"target":104,"layer":"L","from":"Cicero-Green","to":"Pulaski-Green"},"geometry":{"type":"LineString","coordinates":[[-87.744698,41.886519],[-87.725404,41.885412]]}},{"type":"Feature","properties":{"duration_avg":60.0,"n_vehicles":94,"d":855,"route_I_counts":"{\"129\": 94}","shape_id":"{\"306700009\": 47, \"306700010\": 47}","direction_id":"{\"1\": 94}","headsign":"{}","source":103,"target":102,"layer":"L","from":"Cicero-Green","to":"Laramie"},"geometry":{"type":"LineString","coordinates":[[-87.744698,41.886519],[-87.754986,41.887163]]}},{"type":"Feature","properties":{"shape_id":"{\"306700011\": 46, \"306700012\": 46}","direction_id":"{\"0\": 92}","headsign":"{}","duration_avg":120.0,"n_vehicles":92,"d":738,"route_I_counts":"{\"129\": 92}","source":104,"target":105,"layer":"L","from":"Pulaski-Green","to":"Conservatory"},"geometry":{"type":"LineString","coordinates":[[-87.725404,41.885412],[-87.716523,41.884904]]}},{"type":"Feature","properties":{"duration_avg":240.0,"n_vehicles":93,"d":1603,"route_I_counts":"{\"129\": 93}","shape_id":"{\"306700009\": 46, \"306700010\": 47}","direction_id":"{\"1\": 93}","headsign":"{}","source":104,"target":103,"layer":"L","from":"Pulaski-Green","to":"Cicero-Green"},"geometry":{"type":"LineString","coordinates":[[-87.725404,41.885412],[-87.744698,41.886519]]}},{"type":"Feature","properties":{"shape_id":"{\"306700011\": 46, \"306700012\": 46}","direction_id":"{\"0\": 92}","headsign":"{}","duration_avg":120.0,"n_vehicles":92,"d":861,"route_I_counts":"{\"129\": 92}","source":105,"target":106,"layer":"L","from":"Conservatory","to":"Kedzie-Green"},"geometry":{"type":"LineString","coordinates":[[-87.716523,41.884904],[-87.706155,41.884321]]}},{"type":"Feature","properties":{"duration_avg":90.0,"n_vehicles":93,"d":738,"route_I_counts":"{\"129\": 93}","shape_id":"{\"306700009\": 46, \"306700010\": 47}","direction_id":"{\"1\": 93}","headsign":"{}","source":105,"target":104,"layer":"L","from":"Conservatory","to":"Pulaski-Green"},"geometry":{"type":"LineString","coordinates":[[-87.716523,41.884904],[-87.725404,41.885412]]}},{"type":"Feature","properties":{"shape_id":"{\"306700011\": 46, \"306700012\": 46}","direction_id":"{\"0\": 92}","headsign":"{}","duration_avg":60.0,"n_vehicles":92,"d":822,"route_I_counts":"{\"129\": 92}","source":106,"target":107,"layer":"L","from":"Kedzie-Green","to":"California-Green"},"geometry":{"type":"LineString","coordinates":[[-87.706155,41.884321],[-87.696234,41.88422]]}},{"type":"Feature","properties":{"duration_avg":90.0,"n_vehicles":93,"d":861,"route_I_counts":"{\"129\": 93}","shape_id":"{\"306700009\": 46, \"306700010\": 47}","direction_id":"{\"1\": 93}","headsign":"{}","source":106,"target":105,"layer":"L","from":"Kedzie-Green","to":"Conservatory"},"geometry":{"type":"LineString","coordinates":[[-87.706155,41.884321],[-87.716523,41.884904]]}},{"type":"Feature","properties":{"shape_id":"{\"306700011\": 45, \"306700012\": 46}","direction_id":"{\"0\": 91}","headsign":"{}","duration_avg":240.0,"n_vehicles":91,"d":2428,"route_I_counts":"{\"129\": 91}","source":107,"target":94,"layer":"L","from":"California-Green","to":"Ashland-Lake"},"geometry":{"type":"LineString","coordinates":[[-87.696234,41.88422],[-87.666969,41.885269]]}},{"type":"Feature","properties":{"duration_avg":90.0,"n_vehicles":93,"d":822,"route_I_counts":"{\"129\": 93}","shape_id":"{\"306700009\": 46, \"306700010\": 47}","direction_id":"{\"1\": 93}","headsign":"{}","source":107,"target":106,"layer":"L","from":"California-Green","to":"Kedzie-Green"},"geometry":{"type":"LineString","coordinates":[[-87.696234,41.88422],[-87.706155,41.884321]]}},{"type":"Feature","properties":{"shape_id":"{\"306700011\": 46, \"306700012\": 46}","direction_id":"{\"0\": 92}","headsign":"{}","duration_avg":180.0,"n_vehicles":92,"d":2386,"route_I_counts":"{\"129\": 92}","source":108,"target":109,"layer":"L","from":"Cermak-McCormick Place","to":"35-Bronzeville-IIT"},"geometry":{"type":"LineString","coordinates":[[-87.626402,41.853115],[-87.625826,41.831677]]}},{"type":"Feature","properties":{"duration_avg":210.0,"n_vehicles":93,"d":1590,"route_I_counts":"{\"129\": 93}","shape_id":"{\"306700009\": 46, \"306700010\": 47}","direction_id":"{\"1\": 93}","headsign":"{}","source":108,"target":19,"layer":"L","from":"Cermak-McCormick Place","to":"Roosevelt (Subway)"},"geometry":{"type":"LineString","coordinates":[[-87.626402,41.853115],[-87.627402,41.867368]]}},{"type":"Feature","properties":{"shape_id":"{\"306700011\": 46, \"306700012\": 46}","direction_id":"{\"0\": 92}","headsign":"{}","duration_avg":180.0,"n_vehicles":92,"d":1167,"route_I_counts":"{\"129\": 92}","source":109,"target":110,"layer":"L","from":"35-Bronzeville-IIT","to":"Indiana"},"geometry":{"type":"LineString","coordinates":[[-87.625826,41.831677],[-87.621371,41.821732]]}},{"type":"Feature","properties":{"duration_avg":180.0,"n_vehicles":92,"d":2386,"route_I_counts":"{\"129\": 92}","shape_id":"{\"306700009\": 46, \"306700010\": 46}","direction_id":"{\"1\": 92}","headsign":"{}","source":109,"target":108,"layer":"L","from":"35-Bronzeville-IIT","to":"Cermak-McCormick Place"},"geometry":{"type":"LineString","coordinates":[[-87.625826,41.831677],[-87.626402,41.853115]]}},{"type":"Feature","properties":{"shape_id":"{\"306700011\": 46, \"306700012\": 46}","direction_id":"{\"0\": 92}","headsign":"{}","duration_avg":106.30434782608695,"n_vehicles":92,"d":618,"route_I_counts":"{\"129\": 92}","source":110,"target":111,"layer":"L","from":"Indiana","to":"43rd"},"geometry":{"type":"LineString","coordinates":[[-87.621371,41.821732],[-87.619021,41.816462]]}},{"type":"Feature","properties":{"duration_avg":180.0,"n_vehicles":92,"d":1167,"route_I_counts":"{\"129\": 92}","shape_id":"{\"306700009\": 46, \"306700010\": 46}","direction_id":"{\"1\": 92}","headsign":"{}","source":110,"target":109,"layer":"L","from":"Indiana","to":"35-Bronzeville-IIT"},"geometry":{"type":"LineString","coordinates":[[-87.621371,41.821732],[-87.625826,41.831677]]}},{"type":"Feature","properties":{"shape_id":"{\"306700011\": 46, \"306700012\": 46}","direction_id":"{\"0\": 92}","headsign":"{}","duration_avg":90.0,"n_vehicles":92,"d":807,"route_I_counts":"{\"129\": 92}","source":111,"target":112,"layer":"L","from":"43rd","to":"47th-Green"},"geometry":{"type":"LineString","coordinates":[[-87.619021,41.816462],[-87.618826,41.809209]]}},{"type":"Feature","properties":{"duration_avg":90.0,"n_vehicles":92,"d":618,"route_I_counts":"{\"129\": 92}","shape_id":"{\"306700009\": 46, \"306700010\": 46}","direction_id":"{\"1\": 92}","headsign":"{}","source":111,"target":110,"layer":"L","from":"43rd","to":"Indiana"},"geometry":{"type":"LineString","coordinates":[[-87.619021,41.816462],[-87.621371,41.821732]]}},{"type":"Feature","properties":{"shape_id":"{\"306700011\": 46, \"306700012\": 46}","direction_id":"{\"0\": 92}","headsign":"{}","duration_avg":103.69565217391305,"n_vehicles":92,"d":792,"route_I_counts":"{\"129\": 92}","source":112,"target":113,"layer":"L","from":"47th-Green","to":"51st"},"geometry":{"type":"LineString","coordinates":[[-87.618826,41.809209],[-87.618487,41.80209]]}},{"type":"Feature","properties":{"duration_avg":69.1304347826087,"n_vehicles":92,"d":807,"route_I_counts":"{\"129\": 92}","shape_id":"{\"306700009\": 46, \"306700010\": 46}","direction_id":"{\"1\": 92}","headsign":"{}","source":112,"target":111,"layer":"L","from":"47th-Green","to":"43rd"},"geometry":{"type":"LineString","coordinates":[[-87.618826,41.809209],[-87.619021,41.816462]]}},{"type":"Feature","properties":{"shape_id":"{\"306700011\": 46, \"306700012\": 46}","direction_id":"{\"0\": 92}","headsign":"{}","duration_avg":106.30434782608695,"n_vehicles":92,"d":770,"route_I_counts":"{\"129\": 92}","source":113,"target":114,"layer":"L","from":"51st","to":"Garfield-Green"},"geometry":{"type":"LineString","coordinates":[[-87.618487,41.80209],[-87.618327,41.795172]]}},{"type":"Feature","properties":{"duration_avg":90.0,"n_vehicles":93,"d":792,"route_I_counts":"{\"129\": 93}","shape_id":"{\"306700009\": 47, \"306700010\": 46}","direction_id":"{\"1\": 93}","headsign":"{}","source":113,"target":112,"layer":"L","from":"51st","to":"47th-Green"},"geometry":{"type":"LineString","coordinates":[[-87.618487,41.80209],[-87.618826,41.809209]]}},{"type":"Feature","properties":{"shape_id":"{\"306700012\": 46}","direction_id":"{\"0\": 46}","headsign":"{}","duration_avg":270.0,"n_vehicles":46,"d":1690,"route_I_counts":"{\"129\": 46}","source":114,"target":115,"layer":"L","from":"Garfield-Green","to":"King Drive"},"geometry":{"type":"LineString","coordinates":[[-87.618327,41.795172],[-87.615546,41.78013]]}},{"type":"Feature","properties":{"shape_id":"{\"306700011\": 46}","direction_id":"{\"0\": 46}","headsign":"{}","duration_avg":420.0,"n_vehicles":46,"d":2809,"route_I_counts":"{\"129\": 46}","source":114,"target":117,"layer":"L","from":"Garfield-Green","to":"Halsted-Green"},"geometry":{"type":"LineString","coordinates":[[-87.618327,41.795172],[-87.644244,41.778943]]}},{"type":"Feature","properties":{"duration_avg":90.0,"n_vehicles":92,"d":770,"route_I_counts":"{\"129\": 92}","shape_id":"{\"306700009\": 46, \"306700010\": 46}","direction_id":"{\"1\": 92}","headsign":"{}","source":114,"target":113,"layer":"L","from":"Garfield-Green","to":"51st"},"geometry":{"type":"LineString","coordinates":[[-87.618327,41.795172],[-87.618487,41.80209]]}},{"type":"Feature","properties":{"shape_id":"{\"306700012\": 46}","direction_id":"{\"0\": 46}","headsign":"{}","duration_avg":120.0,"n_vehicles":46,"d":804,"route_I_counts":"{\"129\": 46}","source":115,"target":116,"layer":"L","from":"King Drive","to":"East 63rd-Cottage Grove"},"geometry":{"type":"LineString","coordinates":[[-87.615546,41.78013],[-87.605857,41.780309]]}},{"type":"Feature","properties":{"duration_avg":240.0,"n_vehicles":46,"d":1690,"route_I_counts":"{\"129\": 46}","shape_id":"{\"306700010\": 46}","direction_id":"{\"1\": 46}","headsign":"{}","source":115,"target":114,"layer":"L","from":"King Drive","to":"Garfield-Green"},"geometry":{"type":"LineString","coordinates":[[-87.615546,41.78013],[-87.618327,41.795172]]}},{"type":"Feature","properties":{"duration_avg":150.0,"n_vehicles":46,"d":804,"route_I_counts":"{\"129\": 46}","shape_id":"{\"306700010\": 46}","direction_id":"{\"1\": 46}","headsign":"{}","source":116,"target":115,"layer":"L","from":"East 63rd-Cottage Grove","to":"King Drive"},"geometry":{"type":"LineString","coordinates":[[-87.605857,41.780309],[-87.615546,41.78013]]}},{"type":"Feature","properties":{"shape_id":"{\"306700011\": 46}","direction_id":"{\"0\": 46}","headsign":"{}","duration_avg":150.0,"n_vehicles":46,"d":1620,"route_I_counts":"{\"129\": 46}","source":117,"target":118,"layer":"L","from":"Halsted-Green","to":"Ashland/63rd"},"geometry":{"type":"LineString","coordinates":[[-87.644244,41.778943],[-87.663766,41.77886]]}},{"type":"Feature","properties":{"duration_avg":360.0,"n_vehicles":46,"d":2809,"route_I_counts":"{\"129\": 46}","shape_id":"{\"306700009\": 46}","direction_id":"{\"1\": 46}","headsign":"{}","source":117,"target":114,"layer":"L","from":"Halsted-Green","to":"Garfield-Green"},"geometry":{"type":"LineString","coordinates":[[-87.644244,41.778943],[-87.618327,41.795172]]}},{"type":"Feature","properties":{"duration_avg":210.0,"n_vehicles":46,"d":1620,"route_I_counts":"{\"129\": 46}","shape_id":"{\"306700009\": 46}","direction_id":"{\"1\": 46}","headsign":"{}","source":118,"target":117,"layer":"L","from":"Ashland/63rd","to":"Halsted-Green"},"geometry":{"type":"LineString","coordinates":[[-87.663766,41.77886],[-87.644244,41.778943]]}},{"type":"Feature","properties":{"shape_id":"{\"306700034\": 106}","direction_id":"{\"1\": 106}","headsign":"{}","duration_avg":150.0,"n_vehicles":106,"d":1837,"route_I_counts":"{\"130\": 106}","source":119,"target":120,"layer":"L","from":"Midway","to":"Pulaski-Orange"},"geometry":{"type":"LineString","coordinates":[[-87.737875,41.78661],[-87.724493,41.799756]]}},{"type":"Feature","properties":{"shape_id":"{\"306700034\": 105}","direction_id":"{\"1\": 105}","headsign":"{}","duration_avg":150.0,"n_vehicles":105,"d":1739,"route_I_counts":"{\"130\": 105}","source":120,"target":121,"layer":"L","from":"Pulaski-Orange","to":"Kedzie-Orange"},"geometry":{"type":"LineString","coordinates":[[-87.724493,41.799756],[-87.704406,41.804236]]}},{"type":"Feature","properties":{"duration_avg":150.0,"n_vehicles":107,"d":1837,"route_I_counts":"{\"130\": 107}","shape_id":"{\"306700034\": 107}","direction_id":"{\"1\": 107}","headsign":"{}","source":120,"target":119,"layer":"L","from":"Pulaski-Orange","to":"Midway"},"geometry":{"type":"LineString","coordinates":[[-87.724493,41.799756],[-87.737875,41.78661]]}},{"type":"Feature","properties":{"shape_id":"{\"306700034\": 105}","direction_id":"{\"1\": 105}","headsign":"{}","duration_avg":120.0,"n_vehicles":105,"d":1692,"route_I_counts":"{\"130\": 105}","source":121,"target":122,"layer":"L","from":"Kedzie-Orange","to":"Western-Orange"},"geometry":{"type":"LineString","coordinates":[[-87.704406,41.804236],[-87.684019,41.804546]]}},{"type":"Feature","properties":{"duration_avg":150.0,"n_vehicles":107,"d":1739,"route_I_counts":"{\"130\": 107}","shape_id":"{\"306700034\": 107}","direction_id":"{\"1\": 107}","headsign":"{}","source":121,"target":120,"layer":"L","from":"Kedzie-Orange","to":"Pulaski-Orange"},"geometry":{"type":"LineString","coordinates":[[-87.704406,41.804236],[-87.724493,41.799756]]}},{"type":"Feature","properties":{"shape_id":"{\"306700034\": 105}","direction_id":"{\"1\": 105}","headsign":"{}","duration_avg":247.42857142857142,"n_vehicles":105,"d":2775,"route_I_counts":"{\"130\": 105}","source":122,"target":123,"layer":"L","from":"Western-Orange","to":"35th/Archer"},"geometry":{"type":"LineString","coordinates":[[-87.684019,41.804546],[-87.680622,41.829353]]}},{"type":"Feature","properties":{"duration_avg":120.0,"n_vehicles":106,"d":1692,"route_I_counts":"{\"130\": 106}","shape_id":"{\"306700034\": 106}","direction_id":"{\"1\": 106}","headsign":"{}","source":122,"target":121,"layer":"L","from":"Western-Orange","to":"Kedzie-Orange"},"geometry":{"type":"LineString","coordinates":[[-87.684019,41.804546],[-87.704406,41.804236]]}},{"type":"Feature","properties":{"shape_id":"{\"306700034\": 106}","direction_id":"{\"1\": 106}","headsign":"{}","duration_avg":120.0,"n_vehicles":106,"d":1679,"route_I_counts":"{\"130\": 106}","source":123,"target":124,"layer":"L","from":"35th/Archer","to":"Ashland-Orange"},"geometry":{"type":"LineString","coordinates":[[-87.680622,41.829353],[-87.665317,41.839234]]}},{"type":"Feature","properties":{"duration_avg":248.77358490566039,"n_vehicles":106,"d":2775,"route_I_counts":"{\"130\": 106}","shape_id":"{\"306700034\": 106}","direction_id":"{\"1\": 106}","headsign":"{}","source":123,"target":122,"layer":"L","from":"35th/Archer","to":"Western-Orange"},"geometry":{"type":"LineString","coordinates":[[-87.680622,41.829353],[-87.684019,41.804546]]}},{"type":"Feature","properties":{"shape_id":"{\"306700034\": 105}","direction_id":"{\"1\": 105}","headsign":"{}","duration_avg":150.0,"n_vehicles":105,"d":1657,"route_I_counts":"{\"130\": 105}","source":124,"target":125,"layer":"L","from":"Ashland-Orange","to":"Halsted-Orange"},"geometry":{"type":"LineString","coordinates":[[-87.665317,41.839234],[-87.648088,41.84678]]}},{"type":"Feature","properties":{"duration_avg":120.0,"n_vehicles":107,"d":1679,"route_I_counts":"{\"130\": 107}","shape_id":"{\"306700034\": 107}","direction_id":"{\"1\": 107}","headsign":"{}","source":124,"target":123,"layer":"L","from":"Ashland-Orange","to":"35th/Archer"},"geometry":{"type":"LineString","coordinates":[[-87.665317,41.839234],[-87.680622,41.829353]]}},{"type":"Feature","properties":{"duration_avg":120.0,"n_vehicles":106,"d":1657,"route_I_counts":"{\"130\": 106}","shape_id":"{\"306700034\": 106}","direction_id":"{\"1\": 106}","headsign":"{}","source":125,"target":124,"layer":"L","from":"Halsted-Orange","to":"Ashland-Orange"},"geometry":{"type":"LineString","coordinates":[[-87.648088,41.84678],[-87.665317,41.839234]]}},{"type":"Feature","properties":{"duration_avg":270.0,"n_vehicles":105,"d":2906,"route_I_counts":"{\"130\": 105}","shape_id":"{\"306700034\": 105}","direction_id":"{\"1\": 105}","headsign":"{}","source":125,"target":19,"layer":"L","from":"Halsted-Orange","to":"Roosevelt (Subway)"},"geometry":{"type":"LineString","coordinates":[[-87.648088,41.84678],[-87.627402,41.867368]]}},{"type":"Feature","properties":{"shape_id":"{\"306700017\": 125}","direction_id":"{\"0\": 125}","headsign":"{}","duration_avg":120.0,"n_vehicles":125,"d":410,"route_I_counts":"{\"131\": 125}","source":126,"target":127,"layer":"L","from":"Kimball","to":"Kedzie-Brown"},"geometry":{"type":"LineString","coordinates":[[-87.713065,41.967901],[-87.708821,41.965996]]}},{"type":"Feature","properties":{"shape_id":"{\"306700017\": 125}","direction_id":"{\"0\": 125}","headsign":"{}","duration_avg":60.0,"n_vehicles":125,"d":594,"route_I_counts":"{\"131\": 125}","source":127,"target":128,"layer":"L","from":"Kedzie-Brown","to":"Francisco"},"geometry":{"type":"LineString","coordinates":[[-87.708821,41.965996],[-87.701644,41.966046]]}},{"type":"Feature","properties":{"duration_avg":90.0,"n_vehicles":128,"d":410,"route_I_counts":"{\"131\": 128}","shape_id":"{\"306700017\": 128}","direction_id":"{\"0\": 128}","headsign":"{}","source":127,"target":126,"layer":"L","from":"Kedzie-Brown","to":"Kimball"},"geometry":{"type":"LineString","coordinates":[[-87.708821,41.965996],[-87.713065,41.967901]]}},{"type":"Feature","properties":{"shape_id":"{\"306700017\": 125}","direction_id":"{\"0\": 125}","headsign":"{}","duration_avg":90.0,"n_vehicles":125,"d":624,"route_I_counts":"{\"131\": 125}","source":128,"target":129,"layer":"L","from":"Francisco","to":"Rockwell"},"geometry":{"type":"LineString","coordinates":[[-87.701644,41.966046],[-87.6941,41.966115]]}},{"type":"Feature","properties":{"duration_avg":60.0,"n_vehicles":128,"d":594,"route_I_counts":"{\"131\": 128}","shape_id":"{\"306700017\": 128}","direction_id":"{\"0\": 128}","headsign":"{}","source":128,"target":127,"layer":"L","from":"Francisco","to":"Kedzie-Brown"},"geometry":{"type":"LineString","coordinates":[[-87.701644,41.966046],[-87.708821,41.965996]]}},{"type":"Feature","properties":{"shape_id":"{\"306700017\": 125}","direction_id":"{\"0\": 125}","headsign":"{}","duration_avg":60.0,"n_vehicles":125,"d":463,"route_I_counts":"{\"131\": 125}","source":129,"target":130,"layer":"L","from":"Rockwell","to":"Western-Brown"},"geometry":{"type":"LineString","coordinates":[[-87.6941,41.966115],[-87.688502,41.966163]]}},{"type":"Feature","properties":{"duration_avg":90.0,"n_vehicles":128,"d":624,"route_I_counts":"{\"131\": 128}","shape_id":"{\"306700017\": 128}","direction_id":"{\"0\": 128}","headsign":"{}","source":129,"target":128,"layer":"L","from":"Rockwell","to":"Francisco"},"geometry":{"type":"LineString","coordinates":[[-87.6941,41.966115],[-87.701644,41.966046]]}},{"type":"Feature","properties":{"shape_id":"{\"306700017\": 125}","direction_id":"{\"0\": 125}","headsign":"{}","duration_avg":90.0,"n_vehicles":125,"d":816,"route_I_counts":"{\"131\": 125}","source":130,"target":131,"layer":"L","from":"Western-Brown","to":"Damen-Brown"},"geometry":{"type":"LineString","coordinates":[[-87.688502,41.966163],[-87.678639,41.966286]]}},{"type":"Feature","properties":{"duration_avg":60.0,"n_vehicles":128,"d":463,"route_I_counts":"{\"131\": 128}","shape_id":"{\"306700017\": 128}","direction_id":"{\"0\": 128}","headsign":"{}","source":130,"target":129,"layer":"L","from":"Western-Brown","to":"Rockwell"},"geometry":{"type":"LineString","coordinates":[[-87.688502,41.966163],[-87.6941,41.966115]]}},{"type":"Feature","properties":{"shape_id":"{\"306700017\": 125}","direction_id":"{\"0\": 125}","headsign":"{}","duration_avg":90.0,"n_vehicles":125,"d":585,"route_I_counts":"{\"131\": 125}","source":131,"target":132,"layer":"L","from":"Damen-Brown","to":"Montrose-Brown"},"geometry":{"type":"LineString","coordinates":[[-87.678639,41.966286],[-87.675047,41.961756]]}},{"type":"Feature","properties":{"duration_avg":90.0,"n_vehicles":128,"d":816,"route_I_counts":"{\"131\": 128}","shape_id":"{\"306700017\": 128}","direction_id":"{\"0\": 128}","headsign":"{}","source":131,"target":130,"layer":"L","from":"Damen-Brown","to":"Western-Brown"},"geometry":{"type":"LineString","coordinates":[[-87.678639,41.966286],[-87.688502,41.966163]]}},{"type":"Feature","properties":{"shape_id":"{\"306700017\": 126}","direction_id":"{\"0\": 126}","headsign":"{}","duration_avg":60.0,"n_vehicles":126,"d":805,"route_I_counts":"{\"131\": 126}","source":132,"target":133,"layer":"L","from":"Montrose-Brown","to":"Irving Park-Brown"},"geometry":{"type":"LineString","coordinates":[[-87.675047,41.961756],[-87.674868,41.954521]]}},{"type":"Feature","properties":{"duration_avg":90.0,"n_vehicles":128,"d":585,"route_I_counts":"{\"131\": 128}","shape_id":"{\"306700017\": 128}","direction_id":"{\"0\": 128}","headsign":"{}","source":132,"target":131,"layer":"L","from":"Montrose-Brown","to":"Damen-Brown"},"geometry":{"type":"LineString","coordinates":[[-87.675047,41.961756],[-87.678639,41.966286]]}},{"type":"Feature","properties":{"shape_id":"{\"306700017\": 125}","direction_id":"{\"0\": 125}","headsign":"{}","duration_avg":60.0,"n_vehicles":125,"d":834,"route_I_counts":"{\"131\": 125}","source":133,"target":134,"layer":"L","from":"Irving Park-Brown","to":"Addison-Brown"},"geometry":{"type":"LineString","coordinates":[[-87.674868,41.954521],[-87.674642,41.947028]]}},{"type":"Feature","properties":{"duration_avg":60.0,"n_vehicles":128,"d":805,"route_I_counts":"{\"131\": 128}","shape_id":"{\"306700017\": 128}","direction_id":"{\"0\": 128}","headsign":"{}","source":133,"target":132,"layer":"L","from":"Irving Park-Brown","to":"Montrose-Brown"},"geometry":{"type":"LineString","coordinates":[[-87.674868,41.954521],[-87.675047,41.961756]]}},{"type":"Feature","properties":{"shape_id":"{\"306700017\": 125}","direction_id":"{\"0\": 125}","headsign":"{}","duration_avg":120.0,"n_vehicles":125,"d":489,"route_I_counts":"{\"131\": 125}","source":134,"target":135,"layer":"L","from":"Addison-Brown","to":"Paulina"},"geometry":{"type":"LineString","coordinates":[[-87.674642,41.947028],[-87.670907,41.943623]]}},{"type":"Feature","properties":{"duration_avg":60.0,"n_vehicles":127,"d":834,"route_I_counts":"{\"131\": 127}","shape_id":"{\"306700017\": 127}","direction_id":"{\"0\": 127}","headsign":"{}","source":134,"target":133,"layer":"L","from":"Addison-Brown","to":"Irving Park-Brown"},"geometry":{"type":"LineString","coordinates":[[-87.674642,41.947028],[-87.674868,41.954521]]}},{"type":"Feature","properties":{"shape_id":"{\"306700017\": 125}","direction_id":"{\"0\": 125}","headsign":"{}","duration_avg":60.0,"n_vehicles":125,"d":603,"route_I_counts":"{\"131\": 125}","source":135,"target":136,"layer":"L","from":"Paulina","to":"Southport"},"geometry":{"type":"LineString","coordinates":[[-87.670907,41.943623],[-87.663619,41.943744]]}},{"type":"Feature","properties":{"duration_avg":62.59842519685039,"n_vehicles":127,"d":489,"route_I_counts":"{\"131\": 127}","shape_id":"{\"306700017\": 127}","direction_id":"{\"0\": 127}","headsign":"{}","source":135,"target":134,"layer":"L","from":"Paulina","to":"Addison-Brown"},"geometry":{"type":"LineString","coordinates":[[-87.670907,41.943623],[-87.674642,41.947028]]}},{"type":"Feature","properties":{"duration_avg":180.0,"n_vehicles":125,"d":957,"route_I_counts":"{\"131\": 125}","shape_id":"{\"306700017\": 125}","direction_id":"{\"0\": 125}","headsign":"{}","source":136,"target":11,"layer":"L","from":"Southport","to":"Belmont"},"geometry":{"type":"LineString","coordinates":[[-87.663619,41.943744],[-87.65338,41.939751]]}},{"type":"Feature","properties":{"duration_avg":120.0,"n_vehicles":127,"d":603,"route_I_counts":"{\"131\": 127}","shape_id":"{\"306700017\": 127}","direction_id":"{\"0\": 127}","headsign":"{}","source":136,"target":135,"layer":"L","from":"Southport","to":"Paulina"},"geometry":{"type":"LineString","coordinates":[[-87.663619,41.943744],[-87.670907,41.943623]]}}]}