{"type":"FeatureCollection","features":[{"type":"Feature","geometry":{"type":"Point","coordinates":[-0.335217,51.592268]},"properties":{"name":"Harrow & Wealdstone Underground Station","original_ids":"[26]","id":0,"layer":"stop"}},{"type":"Feature","geometry":{"type":"Point","coordinates":[-0.308433,51.570232]},"properties":{"name":"South Kenton Underground Station","original_ids":"[28]","id":1,"layer":"stop"}},{"type":"Feature","geometry":{"type":"Point","coordinates":[-0.304,51.562551]},"properties":{"name":"North Wembley Underground Station","original_ids":"[29]","id":2,"layer":"stop"}},{"type":"Feature","geometry":{"type":"Point","coordinates":[-0.296852,51.552304]},"properties":{"name":"Wembley Central Underground Station","original_ids":"[30]","id":3,"layer":"stop"}},{"type":"Feature","geometry":{"type":"Point","coordinates":[-0.275892,51.543959]},"properties":{"name":"Stonebridge Park Underground Station","original_ids":"[31]","id":4,"layer":"stop"}},{"type":"Feature","geometry":{"type":"Point","coordinates":[-0.257883,51.53631]},"properties":{"name":"Harlesden Underground Station","original_ids":"[32]","id":5,"layer":"stop"}},{"type":"Feature","geometry":{"type":"Point","coordinates":[-0.244283,51.532259]},"properties":{"name":"Willesden Junction Underground Station","original_ids":"[33]","id":6,"layer":"stop"}},{"type":"Feature","geometry":{"type":"Point","coordinates":[-0.225016,51.530539]},"properties":{"name":"Kensal Green Underground Station","original_ids":"[34]","id":7,"layer":"stop"}},{"type":"Feature","geometry":{"type":"Point","coordinates":[-0.204574,51.534158]},"properties":{"name":"Queen's Park Underground Station","original_ids":"[35]","id":8,"layer":"stop"}},{"type":"Feature","geometry":{"type":"Point","coordinates":[-0.194232,51.534979]},"properties":{"name":"Kilburn Park Underground Station","original_ids":"[4]","id":9,"layer":"stop"}},{"type":"Feature","geometry":{"type":"Point","coordinates":[-0.185758,51.529777]},"properties":{"name":"Maida Vale Underground Station","original_ids":"[6]","id":10,"layer":"stop"}},{"type":"Feature","geometry":{"type":"Point","coordinates":[-0.183783,51.523263]},"properties":{"name":"Warwick Avenue Underground Station","original_ids":"[10]","id":11,"layer":"stop"}},{"type":"Feature","geometry":{"type":"Point","coordinates":[-0.175689,51.516581]},"properties":{"name":"Paddington Underground Station","original_ids":"[36, 262, 262]","id":12,"layer":"stop"}},{"type":"Feature","geometry":{"type":"Point","coordinates":[-0.17015,51.520299]},"properties":{"name":"Edgware Road (Bakerloo) Underground Station","original_ids":"[3, 209]","id":13,"layer":"stop"}},{"type":"Feature","geometry":{"type":"Point","coordinates":[-0.163207,51.522322]},"properties":{"name":"Marylebone Underground Station","original_ids":"[37]","id":14,"layer":"stop"}},{"type":"Feature","geometry":{"type":"Point","coordinates":[-0.15713,51.522883]},"properties":{"name":"Baker Street Underground Station","original_ids":"[1]","id":15,"layer":"stop"}},{"type":"Feature","geometry":{"type":"Point","coordinates":[-0.146444,51.523344]},"properties":{"name":"Regent's Park Underground Station","original_ids":"[9]","id":16,"layer":"stop"}},{"type":"Feature","geometry":{"type":"Point","coordinates":[-0.141903,51.515224]},"properties":{"name":"Oxford Circus Underground Station","original_ids":"[7]","id":17,"layer":"stop"}},{"type":"Feature","geometry":{"type":"Point","coordinates":[-0.133798,51.51005]},"properties":{"name":"Piccadilly Circus Underground Station","original_ids":"[8]","id":18,"layer":"stop"}},{"type":"Feature","geometry":{"type":"Point","coordinates":[-0.127277,51.50741]},"properties":{"name":"Charing Cross Underground Station","original_ids":"[38]","id":19,"layer":"stop"}},{"type":"Feature","geometry":{"type":"Point","coordinates":[-0.122666,51.507058]},"properties":{"name":"Embankment Underground Station","original_ids":"[2]","id":20,"layer":"stop"}},{"type":"Feature","geometry":{"type":"Point","coordinates":[-0.11478,51.503299]},"properties":{"name":"Waterloo Underground Station","original_ids":"[39]","id":21,"layer":"stop"}},{"type":"Feature","geometry":{"type":"Point","coordinates":[-0.112315,51.498808]},"properties":{"name":"Lambeth North Underground Station","original_ids":"[5]","id":22,"layer":"stop"}},{"type":"Feature","geometry":{"type":"Point","coordinates":[-0.100606,51.494536]},"properties":{"name":"Elephant & Castle Underground Station","original_ids":"[40]","id":23,"layer":"stop"}},{"type":"Feature","geometry":{"type":"Point","coordinates":[0.113767,51.69368]},"properties":{"name":"Epping Underground Station","original_ids":"[75]","id":24,"layer":"stop"}},{"type":"Feature","geometry":{"type":"Point","coordinates":[0.103085,51.671759]},"properties":{"name":"Theydon Bois Underground Station","original_ids":"[168]","id":25,"layer":"stop"}},{"type":"Feature","geometry":{"type":"Point","coordinates":[0.083782,51.645386]},"properties":{"name":"Debden Underground Station","original_ids":"[65]","id":26,"layer":"stop"}},{"type":"Feature","geometry":{"type":"Point","coordinates":[0.055476,51.641443]},"properties":{"name":"Loughton Underground Station","original_ids":"[100]","id":27,"layer":"stop"}},{"type":"Feature","geometry":{"type":"Point","coordinates":[0.046757,51.626605]},"properties":{"name":"Buckhurst Hill Underground Station","original_ids":"[44]","id":28,"layer":"stop"}},{"type":"Feature","geometry":{"type":"Point","coordinates":[0.03397,51.606899]},"properties":{"name":"Woodford Underground Station","original_ids":"[174]","id":29,"layer":"stop"}},{"type":"Feature","geometry":{"type":"Point","coordinates":[0.027338,51.591907]},"properties":{"name":"South Woodford Underground Station","original_ids":"[161]","id":30,"layer":"stop"}},{"type":"Feature","geometry":{"type":"Point","coordinates":[0.02144,51.580678]},"properties":{"name":"Snaresbrook Underground Station","original_ids":"[149]","id":31,"layer":"stop"}},{"type":"Feature","geometry":{"type":"Point","coordinates":[0.008194,51.568324]},"properties":{"name":"Leytonstone Underground Station","original_ids":"[113]","id":32,"layer":"stop"}},{"type":"Feature","geometry":{"type":"Point","coordinates":[-0.005523,51.556589]},"properties":{"name":"Leyton Underground Station","original_ids":"[110]","id":33,"layer":"stop"}},{"type":"Feature","geometry":{"type":"Point","coordinates":[-0.003458,51.541806]},"properties":{"name":"Stratford Underground Station","original_ids":"[157]","id":34,"layer":"stop"}},{"type":"Feature","geometry":{"type":"Point","coordinates":[-0.03364,51.525122]},"properties":{"name":"Mile End Underground Station","original_ids":"[118]","id":35,"layer":"stop"}},{"type":"Feature","geometry":{"type":"Point","coordinates":[-0.055506,51.527222]},"properties":{"name":"Bethnal Green Underground Station","original_ids":"[47]","id":36,"layer":"stop"}},{"type":"Feature","geometry":{"type":"Point","coordinates":[-0.088083,51.512542]},"properties":{"name":"Bank Underground Station","original_ids":"[53, 256, 53]","id":37,"layer":"stop"}},{"type":"Feature","geometry":{"type":"Point","coordinates":[-0.097567,51.514936]},"properties":{"name":"St. Paul's Underground Station","original_ids":"[152]","id":38,"layer":"stop"}},{"type":"Feature","geometry":{"type":"Point","coordinates":[-0.111583,51.518247]},"properties":{"name":"Chancery Lane Underground Station","original_ids":"[59]","id":39,"layer":"stop"}},{"type":"Feature","geometry":{"type":"Point","coordinates":[-0.120475,51.51758]},"properties":{"name":"Holborn Underground Station","original_ids":"[88]","id":40,"layer":"stop"}},{"type":"Feature","geometry":{"type":"Point","coordinates":[-0.13041,51.516426]},"properties":{"name":"Tottenham Court Road Underground Station","original_ids":"[164]","id":41,"layer":"stop"}},{"type":"Feature","geometry":{"type":"Point","coordinates":[-0.149723,51.514304]},"properties":{"name":"Bond Street Underground Station","original_ids":"[49]","id":42,"layer":"stop"}},{"type":"Feature","geometry":{"type":"Point","coordinates":[-0.158953,51.513424]},"properties":{"name":"Marble Arch Underground Station","original_ids":"[116]","id":43,"layer":"stop"}},{"type":"Feature","geometry":{"type":"Point","coordinates":[-0.175494,51.511723]},"properties":{"name":"Lancaster Gate Underground Station","original_ids":"[103]","id":44,"layer":"stop"}},{"type":"Feature","geometry":{"type":"Point","coordinates":[-0.187152,51.510312]},"properties":{"name":"Queensway Underground Station","original_ids":"[138]","id":45,"layer":"stop"}},{"type":"Feature","geometry":{"type":"Point","coordinates":[-0.196104,51.509128]},"properties":{"name":"Notting Hill Gate Underground Station","original_ids":"[129]","id":46,"layer":"stop"}},{"type":"Feature","geometry":{"type":"Point","coordinates":[-0.205679,51.507143]},"properties":{"name":"Holland Park Underground Station","original_ids":"[98]","id":47,"layer":"stop"}},{"type":"Feature","geometry":{"type":"Point","coordinates":[-0.218813,51.504376]},"properties":{"name":"Shepherd's Bush (Central) Underground Station","original_ids":"[147]","id":48,"layer":"stop"}},{"type":"Feature","geometry":{"type":"Point","coordinates":[-0.224297,51.511959]},"properties":{"name":"White City Underground Station","original_ids":"[171, 292, 292]","id":49,"layer":"stop"}},{"type":"Feature","geometry":{"type":"Point","coordinates":[-0.247248,51.516612]},"properties":{"name":"East Acton Underground Station","original_ids":"[68]","id":50,"layer":"stop"}},{"type":"Feature","geometry":{"type":"Point","coordinates":[-0.259755,51.523524]},"properties":{"name":"North Acton Underground Station","original_ids":"[123]","id":51,"layer":"stop"}},{"type":"Feature","geometry":{"type":"Point","coordinates":[-0.292704,51.530177]},"properties":{"name":"Hanger Lane Underground Station","original_ids":"[93, 882, 882]","id":52,"layer":"stop"}},{"type":"Feature","geometry":{"type":"Point","coordinates":[-0.323446,51.536717]},"properties":{"name":"Perivale Underground Station","original_ids":"[136]","id":53,"layer":"stop"}},{"type":"Feature","geometry":{"type":"Point","coordinates":[-0.34605,51.542424]},"properties":{"name":"Greenford Underground Station","original_ids":"[80]","id":54,"layer":"stop"}},{"type":"Feature","geometry":{"type":"Point","coordinates":[-0.368699,51.548236]},"properties":{"name":"Northolt Underground Station","original_ids":"[134]","id":55,"layer":"stop"}},{"type":"Feature","geometry":{"type":"Point","coordinates":[-0.398915,51.556853]},"properties":{"name":"South Ruislip Underground Station","original_ids":"[155]","id":56,"layer":"stop"}},{"type":"Feature","geometry":{"type":"Point","coordinates":[-0.41071,51.560736]},"properties":{"name":"Ruislip Gardens Underground Station","original_ids":"[142]","id":57,"layer":"stop"}},{"type":"Feature","geometry":{"type":"Point","coordinates":[-0.437886,51.569688]},"properties":{"name":"West Ruislip Underground Station","original_ids":"[177]","id":58,"layer":"stop"}},{"type":"Feature","geometry":{"type":"Point","coordinates":[-0.28098,51.518001]},"properties":{"name":"West Acton Underground Station","original_ids":"[181]","id":59,"layer":"stop"}},{"type":"Feature","geometry":{"type":"Point","coordinates":[-0.301457,51.515017]},"properties":{"name":"Ealing Broadway Underground Station","original_ids":"[71]","id":60,"layer":"stop"}},{"type":"Feature","geometry":{"type":"Point","coordinates":[0.028527,51.575501]},"properties":{"name":"Wanstead Underground Station","original_ids":"[179]","id":61,"layer":"stop"}},{"type":"Feature","geometry":{"type":"Point","coordinates":[0.04536,51.576243]},"properties":{"name":"Redbridge Underground Station","original_ids":"[140]","id":62,"layer":"stop"}},{"type":"Feature","geometry":{"type":"Point","coordinates":[0.066185,51.576544]},"properties":{"name":"Gants Hill Underground Station","original_ids":"[86]","id":63,"layer":"stop"}},{"type":"Feature","geometry":{"type":"Point","coordinates":[0.090004,51.575726]},"properties":{"name":"Newbury Park Underground Station","original_ids":"[126]","id":64,"layer":"stop"}},{"type":"Feature","geometry":{"type":"Point","coordinates":[0.088585,51.585689]},"properties":{"name":"Barkingside Underground Station","original_ids":"[41]","id":65,"layer":"stop"}},{"type":"Feature","geometry":{"type":"Point","coordinates":[0.091004,51.595618]},"properties":{"name":"Fairlop Underground Station","original_ids":"[77]","id":66,"layer":"stop"}},{"type":"Feature","geometry":{"type":"Point","coordinates":[0.093482,51.603659]},"properties":{"name":"Hainault Underground Station","original_ids":"[95]","id":67,"layer":"stop"}},{"type":"Feature","geometry":{"type":"Point","coordinates":[0.043647,51.617199]},"properties":{"name":"Roding Valley Underground Station","original_ids":"[144]","id":68,"layer":"stop"}},{"type":"Feature","geometry":{"type":"Point","coordinates":[0.075041,51.617916]},"properties":{"name":"Chigwell Underground Station","original_ids":"[62]","id":69,"layer":"stop"}},{"type":"Feature","geometry":{"type":"Point","coordinates":[0.092066,51.613378]},"properties":{"name":"Grange Hill Underground Station","original_ids":"[83]","id":70,"layer":"stop"}},{"type":"Feature","geometry":{"type":"Point","coordinates":[-0.167832,51.519858]},"properties":{"name":"Edgware Road (Circle Line) Underground Station","original_ids":"[209]","id":71,"layer":"stop"}},{"type":"Feature","geometry":{"type":"Point","coordinates":[-0.187938,51.512284]},"properties":{"name":"Bayswater Underground Station","original_ids":"[203]","id":72,"layer":"stop"}},{"type":"Feature","geometry":{"type":"Point","coordinates":[-0.192792,51.501055]},"properties":{"name":"High Street Kensington Underground Station","original_ids":"[234]","id":73,"layer":"stop"}},{"type":"Feature","geometry":{"type":"Point","coordinates":[-0.182658,51.494316]},"properties":{"name":"Gloucester Road Underground Station","original_ids":"[226]","id":74,"layer":"stop"}},{"type":"Feature","geometry":{"type":"Point","coordinates":[-0.174138,51.494094]},"properties":{"name":"South Kensington Underground Station","original_ids":"[273]","id":75,"layer":"stop"}},{"type":"Feature","geometry":{"type":"Point","coordinates":[-0.156377,51.49227]},"properties":{"name":"Sloane Square Underground Station","original_ids":"[278]","id":76,"layer":"stop"}},{"type":"Feature","geometry":{"type":"Point","coordinates":[-0.143102,51.496359]},"properties":{"name":"Victoria Underground Station","original_ids":"[287]","id":77,"layer":"stop"}},{"type":"Feature","geometry":{"type":"Point","coordinates":[-0.133608,51.499544]},"properties":{"name":"St. James's Park Underground Station","original_ids":"[270]","id":78,"layer":"stop"}},{"type":"Feature","geometry":{"type":"Point","coordinates":[-0.124861,51.50132]},"properties":{"name":"Westminster Underground Station","original_ids":"[295]","id":79,"layer":"stop"}},{"type":"Feature","geometry":{"type":"Point","coordinates":[-0.11426,51.511006]},"properties":{"name":"Temple Underground Station","original_ids":"[281]","id":80,"layer":"stop"}},{"type":"Feature","geometry":{"type":"Point","coordinates":[-0.103659,51.511581]},"properties":{"name":"Blackfriars Underground Station","original_ids":"[200]","id":81,"layer":"stop"}},{"type":"Feature","geometry":{"type":"Point","coordinates":[-0.094009,51.512117]},"properties":{"name":"Mansion House Underground Station","original_ids":"[259]","id":82,"layer":"stop"}},{"type":"Feature","geometry":{"type":"Point","coordinates":[-0.090432,51.51151]},"properties":{"name":"Cannon Street Underground Station","original_ids":"[206]","id":83,"layer":"stop"}},{"type":"Feature","geometry":{"type":"Point","coordinates":[-0.076546,51.509971]},"properties":{"name":"Tower Hill Underground Station","original_ids":"[284]","id":84,"layer":"stop"}},{"type":"Feature","geometry":{"type":"Point","coordinates":[-0.075689,51.514246]},"properties":{"name":"Aldgate Underground Station","original_ids":"[192]","id":85,"layer":"stop"}},{"type":"Feature","geometry":{"type":"Point","coordinates":[-0.225013,51.493535]},"properties":{"name":"Hammersmith (H&C Line) Underground Station","original_ids":"[232, 354, 354]","id":86,"layer":"stop"}},{"type":"Feature","geometry":{"type":"Point","coordinates":[-0.226715,51.502005]},"properties":{"name":"Goldhawk Road Underground Station","original_ids":"[220]","id":87,"layer":"stop"}},{"type":"Feature","geometry":{"type":"Point","coordinates":[-0.226375,51.505579]},"properties":{"name":"Shepherd's Bush Market Underground Station","original_ids":"[267]","id":88,"layer":"stop"}},{"type":"Feature","geometry":{"type":"Point","coordinates":[-0.217799,51.513389]},"properties":{"name":"Latimer Road Underground Station","original_ids":"[248]","id":89,"layer":"stop"}},{"type":"Feature","geometry":{"type":"Point","coordinates":[-0.210391,51.517449]},"properties":{"name":"Ladbroke Grove Underground Station","original_ids":"[245]","id":90,"layer":"stop"}},{"type":"Feature","geometry":{"type":"Point","coordinates":[-0.201065,51.52111]},"properties":{"name":"Westbourne Park Underground Station","original_ids":"[300]","id":91,"layer":"stop"}},{"type":"Feature","geometry":{"type":"Point","coordinates":[-0.188748,51.519113]},"properties":{"name":"Royal Oak Underground Station","original_ids":"[265]","id":92,"layer":"stop"}},{"type":"Feature","geometry":{"type":"Point","coordinates":[-0.144262,51.52384]},"properties":{"name":"Great Portland Street Underground Station","original_ids":"[223]","id":93,"layer":"stop"}},{"type":"Feature","geometry":{"type":"Point","coordinates":[-0.123194,51.530663]},"properties":{"name":"King's Cross St. Pancras Underground Station","original_ids":"[237]","id":94,"layer":"stop"}},{"type":"Feature","geometry":{"type":"Point","coordinates":[-0.104913,51.520252]},"properties":{"name":"Farringdon Underground Station","original_ids":"[217]","id":95,"layer":"stop"}},{"type":"Feature","geometry":{"type":"Point","coordinates":[-0.097993,51.520275]},"properties":{"name":"Barbican Underground Station","original_ids":"[197]","id":96,"layer":"stop"}},{"type":"Feature","geometry":{"type":"Point","coordinates":[-0.088322,51.518176]},"properties":{"name":"Moorgate Underground Station","original_ids":"[251, 105, 105]","id":97,"layer":"stop"}},{"type":"Feature","geometry":{"type":"Point","coordinates":[0.250882,51.559063]},"properties":{"name":"Upminster Underground Station","original_ids":"[350]","id":98,"layer":"stop"}},{"type":"Feature","geometry":{"type":"Point","coordinates":[0.235809,51.55856]},"properties":{"name":"Upminster Bridge Underground Station","original_ids":"[335]","id":99,"layer":"stop"}},{"type":"Feature","geometry":{"type":"Point","coordinates":[0.219116,51.554093]},"properties":{"name":"Hornchurch Underground Station","original_ids":"[326]","id":100,"layer":"stop"}},{"type":"Feature","geometry":{"type":"Point","coordinates":[0.19864,51.549775]},"properties":{"name":"Elm Park Underground Station","original_ids":"[323]","id":101,"layer":"stop"}},{"type":"Feature","geometry":{"type":"Point","coordinates":[0.166017,51.544096]},"properties":{"name":"Dagenham East Underground Station","original_ids":"[318]","id":102,"layer":"stop"}},{"type":"Feature","geometry":{"type":"Point","coordinates":[0.147527,51.541639]},"properties":{"name":"Dagenham Heathway Underground Station","original_ids":"[319]","id":103,"layer":"stop"}},{"type":"Feature","geometry":{"type":"Point","coordinates":[0.127016,51.540331]},"properties":{"name":"Becontree Underground Station","original_ids":"[314]","id":104,"layer":"stop"}},{"type":"Feature","geometry":{"type":"Point","coordinates":[0.10153,51.538372]},"properties":{"name":"Upney Underground Station","original_ids":"[337]","id":105,"layer":"stop"}},{"type":"Feature","geometry":{"type":"Point","coordinates":[0.081053,51.539321]},"properties":{"name":"Barking Underground Station","original_ids":"[351]","id":106,"layer":"stop"}},{"type":"Feature","geometry":{"type":"Point","coordinates":[0.051186,51.538948]},"properties":{"name":"East Ham Underground Station","original_ids":"[322]","id":107,"layer":"stop"}},{"type":"Feature","geometry":{"type":"Point","coordinates":[0.035263,51.53534]},"properties":{"name":"Upton Park Underground Station","original_ids":"[336]","id":108,"layer":"stop"}},{"type":"Feature","geometry":{"type":"Point","coordinates":[0.017451,51.531341]},"properties":{"name":"Plaistow Underground Station","original_ids":"[327]","id":109,"layer":"stop"}},{"type":"Feature","geometry":{"type":"Point","coordinates":[0.005055,51.528136]},"properties":{"name":"West Ham Underground Station","original_ids":"[352]","id":110,"layer":"stop"}},{"type":"Feature","geometry":{"type":"Point","coordinates":[-0.011538,51.524839]},"properties":{"name":"Bromley-by-Bow Underground Station","original_ids":"[313]","id":111,"layer":"stop"}},{"type":"Feature","geometry":{"type":"Point","coordinates":[-0.025128,51.52694]},"properties":{"name":"Bow Road Underground Station","original_ids":"[316]","id":112,"layer":"stop"}},{"type":"Feature","geometry":{"type":"Point","coordinates":[-0.046596,51.521858]},"properties":{"name":"Stepney Green Underground Station","original_ids":"[333]","id":113,"layer":"stop"}},{"type":"Feature","geometry":{"type":"Point","coordinates":[-0.059971,51.519518]},"properties":{"name":"Whitechapel Underground Station","original_ids":"[353]","id":114,"layer":"stop"}},{"type":"Feature","geometry":{"type":"Point","coordinates":[-0.072384,51.515037]},"properties":{"name":"Aldgate East Underground Station","original_ids":"[312]","id":115,"layer":"stop"}},{"type":"Feature","geometry":{"type":"Point","coordinates":[-0.193378,51.492063]},"properties":{"name":"Earl's Court Underground Station","original_ids":"[321]","id":116,"layer":"stop"}},{"type":"Feature","geometry":{"type":"Point","coordinates":[-0.206636,51.490459]},"properties":{"name":"West Kensington Underground Station","original_ids":"[339]","id":117,"layer":"stop"}},{"type":"Feature","geometry":{"type":"Point","coordinates":[-0.213427,51.490311]},"properties":{"name":"Barons Court Underground Station","original_ids":"[315]","id":118,"layer":"stop"}},{"type":"Feature","geometry":{"type":"Point","coordinates":[-0.235881,51.494122]},"properties":{"name":"Ravenscourt Park Underground Station","original_ids":"[330]","id":119,"layer":"stop"}},{"type":"Feature","geometry":{"type":"Point","coordinates":[-0.245704,51.494917]},"properties":{"name":"Stamford Brook Underground Station","original_ids":"[331]","id":120,"layer":"stop"}},{"type":"Feature","geometry":{"type":"Point","coordinates":[-0.254555,51.495148]},"properties":{"name":"Turnham Green Underground Station","original_ids":"[334]","id":121,"layer":"stop"}},{"type":"Feature","geometry":{"type":"Point","coordinates":[-0.275267,51.491803]},"properties":{"name":"Gunnersbury Underground Station","original_ids":"[355]","id":122,"layer":"stop"}},{"type":"Feature","geometry":{"type":"Point","coordinates":[-0.285241,51.477058]},"properties":{"name":"Kew Gardens Underground Station","original_ids":"[356]","id":123,"layer":"stop"}},{"type":"Feature","geometry":{"type":"Point","coordinates":[-0.301336,51.463237]},"properties":{"name":"Richmond Underground Station","original_ids":"[357]","id":124,"layer":"stop"}},{"type":"Feature","geometry":{"type":"Point","coordinates":[-0.195599,51.487268]},"properties":{"name":"West Brompton Underground Station","original_ids":"[358]","id":125,"layer":"stop"}},{"type":"Feature","geometry":{"type":"Point","coordinates":[-0.195422,51.480081]},"properties":{"name":"Fulham Broadway Underground Station","original_ids":"[325]","id":126,"layer":"stop"}},{"type":"Feature","geometry":{"type":"Point","coordinates":[-0.20117,51.475277]},"properties":{"name":"Parsons Green Underground Station","original_ids":"[328]","id":127,"layer":"stop"}},{"type":"Feature","geometry":{"type":"Point","coordinates":[-0.208731,51.468262]},"properties":{"name":"Putney Bridge Underground Station","original_ids":"[329]","id":128,"layer":"stop"}},{"type":"Feature","geometry":{"type":"Point","coordinates":[-0.211,51.459205]},"properties":{"name":"East Putney Underground Station","original_ids":"[324]","id":129,"layer":"stop"}},{"type":"Feature","geometry":{"type":"Point","coordinates":[-0.206602,51.445073]},"properties":{"name":"Southfields Underground Station","original_ids":"[332]","id":130,"layer":"stop"}},{"type":"Feature","geometry":{"type":"Point","coordinates":[-0.199719,51.434573]},"properties":{"name":"Wimbledon Park Underground Station","original_ids":"[338]","id":131,"layer":"stop"}},{"type":"Feature","geometry":{"type":"Point","coordinates":[-0.206573,51.421207]},"properties":{"name":"Wimbledon Underground Station","original_ids":"[359]","id":132,"layer":"stop"}},{"type":"Feature","geometry":{"type":"Point","coordinates":[-0.267972,51.494627]},"properties":{"name":"Chiswick Park Underground Station","original_ids":"[317]","id":133,"layer":"stop"}},{"type":"Feature","geometry":{"type":"Point","coordinates":[-0.280462,51.503057]},"properties":{"name":"Acton Town Underground Station","original_ids":"[311]","id":134,"layer":"stop"}},{"type":"Feature","geometry":{"type":"Point","coordinates":[-0.288265,51.51014]},"properties":{"name":"Ealing Common Underground Station","original_ids":"[320]","id":135,"layer":"stop"}},{"type":"Feature","geometry":{"type":"Point","coordinates":[0.008322,51.513584]},"properties":{"name":"Canning Town Underground Station","original_ids":"[510]","id":136,"layer":"stop"}},{"type":"Feature","geometry":{"type":"Point","coordinates":[0.004287,51.50047]},"properties":{"name":"North Greenwich Underground Station","original_ids":"[511]","id":137,"layer":"stop"}},{"type":"Feature","geometry":{"type":"Point","coordinates":[-0.018246,51.503488]},"properties":{"name":"Canary Wharf Underground Station","original_ids":"[512]","id":138,"layer":"stop"}},{"type":"Feature","geometry":{"type":"Point","coordinates":[-0.049722,51.497945]},"properties":{"name":"Canada Water Underground Station","original_ids":"[513]","id":139,"layer":"stop"}},{"type":"Feature","geometry":{"type":"Point","coordinates":[-0.063769,51.497953]},"properties":{"name":"Bermondsey Underground Station","original_ids":"[492]","id":140,"layer":"stop"}},{"type":"Feature","geometry":{"type":"Point","coordinates":[-0.088873,51.505721]},"properties":{"name":"London Bridge Underground Station","original_ids":"[514]","id":141,"layer":"stop"}},{"type":"Feature","geometry":{"type":"Point","coordinates":[-0.10494,51.503976]},"properties":{"name":"Southwark Underground Station","original_ids":"[504]","id":142,"layer":"stop"}},{"type":"Feature","geometry":{"type":"Point","coordinates":[-0.142787,51.506947]},"properties":{"name":"Green Park Underground Station","original_ids":"[496]","id":143,"layer":"stop"}},{"type":"Feature","geometry":{"type":"Point","coordinates":[-0.173948,51.534521]},"properties":{"name":"St. John's Wood Underground Station","original_ids":"[501]","id":144,"layer":"stop"}},{"type":"Feature","geometry":{"type":"Point","coordinates":[-0.174894,51.543681]},"properties":{"name":"Swiss Cottage Underground Station","original_ids":"[503]","id":145,"layer":"stop"}},{"type":"Feature","geometry":{"type":"Point","coordinates":[-0.179845,51.546825]},"properties":{"name":"Finchley Road Underground Station","original_ids":"[495]","id":146,"layer":"stop"}},{"type":"Feature","geometry":{"type":"Point","coordinates":[-0.191059,51.546638]},"properties":{"name":"West Hampstead Underground Station","original_ids":"[515]","id":147,"layer":"stop"}},{"type":"Feature","geometry":{"type":"Point","coordinates":[-0.204105,51.546803]},"properties":{"name":"Kilburn Underground Station","original_ids":"[497]","id":148,"layer":"stop"}},{"type":"Feature","geometry":{"type":"Point","coordinates":[-0.221537,51.549146]},"properties":{"name":"Willesden Green Underground Station","original_ids":"[505]","id":149,"layer":"stop"}},{"type":"Feature","geometry":{"type":"Point","coordinates":[-0.239068,51.551955]},"properties":{"name":"Dollis Hill Underground Station","original_ids":"[494]","id":150,"layer":"stop"}},{"type":"Feature","geometry":{"type":"Point","coordinates":[-0.249837,51.553986]},"properties":{"name":"Neasden Underground Station","original_ids":"[499]","id":151,"layer":"stop"}},{"type":"Feature","geometry":{"type":"Point","coordinates":[-0.279262,51.563198]},"properties":{"name":"Wembley Park Underground Station","original_ids":"[506]","id":152,"layer":"stop"}},{"type":"Feature","geometry":{"type":"Point","coordinates":[-0.27879,51.584845]},"properties":{"name":"Kingsbury Underground Station","original_ids":"[498]","id":153,"layer":"stop"}},{"type":"Feature","geometry":{"type":"Point","coordinates":[-0.286219,51.594188]},"properties":{"name":"Queensbury Underground Station","original_ids":"[500]","id":154,"layer":"stop"}},{"type":"Feature","geometry":{"type":"Point","coordinates":[-0.294693,51.607701]},"properties":{"name":"Canons Park Underground Station","original_ids":"[493]","id":155,"layer":"stop"}},{"type":"Feature","geometry":{"type":"Point","coordinates":[-0.303266,51.619839]},"properties":{"name":"Stanmore Underground Station","original_ids":"[502]","id":156,"layer":"stop"}},{"type":"Feature","geometry":{"type":"Point","coordinates":[-0.607714,51.674126]},"properties":{"name":"Amersham Underground Station","original_ids":"[642]","id":157,"layer":"stop"}},{"type":"Feature","geometry":{"type":"Point","coordinates":[-0.560689,51.667985]},"properties":{"name":"Chalfont & Latimer Underground Station","original_ids":"[644]","id":158,"layer":"stop"}},{"type":"Feature","geometry":{"type":"Point","coordinates":[-0.518461,51.654358]},"properties":{"name":"Chorleywood Underground Station","original_ids":"[652]","id":159,"layer":"stop"}},{"type":"Feature","geometry":{"type":"Point","coordinates":[-0.473703,51.640207]},"properties":{"name":"Rickmansworth Underground Station","original_ids":"[687]","id":160,"layer":"stop"}},{"type":"Feature","geometry":{"type":"Point","coordinates":[-0.432454,51.629845]},"properties":{"name":"Moor Park Underground Station","original_ids":"[667]","id":161,"layer":"stop"}},{"type":"Feature","geometry":{"type":"Point","coordinates":[-0.423829,51.611053]},"properties":{"name":"Northwood Underground Station","original_ids":"[676]","id":162,"layer":"stop"}},{"type":"Feature","geometry":{"type":"Point","coordinates":[-0.409464,51.600572]},"properties":{"name":"Northwood Hills Underground Station","original_ids":"[679]","id":163,"layer":"stop"}},{"type":"Feature","geometry":{"type":"Point","coordinates":[-0.381161,51.592901]},"properties":{"name":"Pinner Underground Station","original_ids":"[682]","id":164,"layer":"stop"}},{"type":"Feature","geometry":{"type":"Point","coordinates":[-0.362408,51.584872]},"properties":{"name":"North Harrow Underground Station","original_ids":"[671]","id":165,"layer":"stop"}},{"type":"Feature","geometry":{"type":"Point","coordinates":[-0.337225,51.579195]},"properties":{"name":"Harrow-on-the-Hill Underground Station","original_ids":"[661]","id":166,"layer":"stop"}},{"type":"Feature","geometry":{"type":"Point","coordinates":[-0.318056,51.578481]},"properties":{"name":"Northwick Park Underground Station","original_ids":"[674, 27, 27]","id":167,"layer":"stop"}},{"type":"Feature","geometry":{"type":"Point","coordinates":[-0.295107,51.571972]},"properties":{"name":"Preston Road Underground Station","original_ids":"[685]","id":168,"layer":"stop"}},{"type":"Feature","geometry":{"type":"Point","coordinates":[-0.3534,51.57971]},"properties":{"name":"West Harrow Underground Station","original_ids":"[705]","id":169,"layer":"stop"}},{"type":"Feature","geometry":{"type":"Point","coordinates":[-0.371127,51.575147]},"properties":{"name":"Rayners Lane Underground Station","original_ids":"[698]","id":170,"layer":"stop"}},{"type":"Feature","geometry":{"type":"Point","coordinates":[-0.397373,51.576506]},"properties":{"name":"Eastcote Underground Station","original_ids":"[655]","id":171,"layer":"stop"}},{"type":"Feature","geometry":{"type":"Point","coordinates":[-0.412973,51.573202]},"properties":{"name":"Ruislip Manor Underground Station","original_ids":"[690]","id":172,"layer":"stop"}},{"type":"Feature","geometry":{"type":"Point","coordinates":[-0.421898,51.571354]},"properties":{"name":"Ruislip Underground Station","original_ids":"[693]","id":173,"layer":"stop"}},{"type":"Feature","geometry":{"type":"Point","coordinates":[-0.442001,51.561992]},"properties":{"name":"Ickenham Underground Station","original_ids":"[664]","id":174,"layer":"stop"}},{"type":"Feature","geometry":{"type":"Point","coordinates":[-0.449828,51.553715]},"properties":{"name":"Hillingdon Underground Station","original_ids":"[658]","id":175,"layer":"stop"}},{"type":"Feature","geometry":{"type":"Point","coordinates":[-0.477949,51.546565]},"properties":{"name":"Uxbridge Underground Station","original_ids":"[701]","id":176,"layer":"stop"}},{"type":"Feature","geometry":{"type":"Point","coordinates":[-0.441718,51.647044]},"properties":{"name":"Croxley Underground Station","original_ids":"[649]","id":177,"layer":"stop"}},{"type":"Feature","geometry":{"type":"Point","coordinates":[-0.417377,51.657446]},"properties":{"name":"Watford Underground Station","original_ids":"[703]","id":178,"layer":"stop"}},{"type":"Feature","geometry":{"type":"Point","coordinates":[-0.611247,51.705208]},"properties":{"name":"Chesham Underground Station","original_ids":"[647]","id":179,"layer":"stop"}},{"type":"Feature","geometry":{"type":"Point","coordinates":[-0.194298,51.650541]},"properties":{"name":"High Barnet Underground Station","original_ids":"[765]","id":180,"layer":"stop"}},{"type":"Feature","geometry":{"type":"Point","coordinates":[-0.17921,51.630597]},"properties":{"name":"Totteridge & Whetstone Underground Station","original_ids":"[801]","id":181,"layer":"stop"}},{"type":"Feature","geometry":{"type":"Point","coordinates":[-0.18542,51.618014]},"properties":{"name":"Woodside Park Underground Station","original_ids":"[814]","id":182,"layer":"stop"}},{"type":"Feature","geometry":{"type":"Point","coordinates":[-0.188362,51.609426]},"properties":{"name":"West Finchley Underground Station","original_ids":"[811]","id":183,"layer":"stop"}},{"type":"Feature","geometry":{"type":"Point","coordinates":[-0.192527,51.600921]},"properties":{"name":"Finchley Central Underground Station","original_ids":"[757]","id":184,"layer":"stop"}},{"type":"Feature","geometry":{"type":"Point","coordinates":[-0.165012,51.587131]},"properties":{"name":"East Finchley Underground Station","original_ids":"[745]","id":185,"layer":"stop"}},{"type":"Feature","geometry":{"type":"Point","coordinates":[-0.145857,51.577532]},"properties":{"name":"Highgate Underground Station","original_ids":"[769]","id":186,"layer":"stop"}},{"type":"Feature","geometry":{"type":"Point","coordinates":[-0.134819,51.565478]},"properties":{"name":"Archway Underground Station","original_ids":"[713]","id":187,"layer":"stop"}},{"type":"Feature","geometry":{"type":"Point","coordinates":[-0.138433,51.556822]},"properties":{"name":"Tufnell Park Underground Station","original_ids":"[808]","id":188,"layer":"stop"}},{"type":"Feature","geometry":{"type":"Point","coordinates":[-0.140733,51.550312]},"properties":{"name":"Kentish Town Underground Station","original_ids":"[776]","id":189,"layer":"stop"}},{"type":"Feature","geometry":{"type":"Point","coordinates":[-0.14274,51.539292]},"properties":{"name":"Camden Town Underground Station","original_ids":"[740]","id":190,"layer":"stop"}},{"type":"Feature","geometry":{"type":"Point","coordinates":[-0.138789,51.534679]},"properties":{"name":"Mornington Crescent Underground Station","original_ids":"[787]","id":191,"layer":"stop"}},{"type":"Feature","geometry":{"type":"Point","coordinates":[-0.1323,51.528344]},"properties":{"name":"Euston Underground Station","original_ids":"[750, 214, 214]","id":192,"layer":"stop"}},{"type":"Feature","geometry":{"type":"Point","coordinates":[-0.138321,51.524951]},"properties":{"name":"Warren Street Underground Station","original_ids":"[817]","id":193,"layer":"stop"}},{"type":"Feature","geometry":{"type":"Point","coordinates":[-0.134361,51.520599]},"properties":{"name":"Goodge Street Underground Station","original_ids":"[760]","id":194,"layer":"stop"}},{"type":"Feature","geometry":{"type":"Point","coordinates":[-0.128426,51.511386]},"properties":{"name":"Leicester Square Underground Station","original_ids":"[779]","id":195,"layer":"stop"}},{"type":"Feature","geometry":{"type":"Point","coordinates":[-0.105963,51.488337]},"properties":{"name":"Kennington Underground Station","original_ids":"[773]","id":196,"layer":"stop"}},{"type":"Feature","geometry":{"type":"Point","coordinates":[-0.112439,51.48185]},"properties":{"name":"Oval Underground Station","original_ids":"[791]","id":197,"layer":"stop"}},{"type":"Feature","geometry":{"type":"Point","coordinates":[-0.122644,51.472184]},"properties":{"name":"Stockwell Underground Station","original_ids":"[794]","id":198,"layer":"stop"}},{"type":"Feature","geometry":{"type":"Point","coordinates":[-0.130016,51.465135]},"properties":{"name":"Clapham North Underground Station","original_ids":"[734]","id":199,"layer":"stop"}},{"type":"Feature","geometry":{"type":"Point","coordinates":[-0.138317,51.461742]},"properties":{"name":"Clapham Common Underground Station","original_ids":"[732]","id":200,"layer":"stop"}},{"type":"Feature","geometry":{"type":"Point","coordinates":[-0.147582,51.452654]},"properties":{"name":"Clapham South Underground Station","original_ids":"[736]","id":201,"layer":"stop"}},{"type":"Feature","geometry":{"type":"Point","coordinates":[-0.152997,51.443288]},"properties":{"name":"Balham Underground Station","original_ids":"[717]","id":202,"layer":"stop"}},{"type":"Feature","geometry":{"type":"Point","coordinates":[-0.159736,51.435678]},"properties":{"name":"Tooting Bec Underground Station","original_ids":"[804]","id":203,"layer":"stop"}},{"type":"Feature","geometry":{"type":"Point","coordinates":[-0.168374,51.42763]},"properties":{"name":"Tooting Broadway Underground Station","original_ids":"[806]","id":204,"layer":"stop"}},{"type":"Feature","geometry":{"type":"Point","coordinates":[-0.178086,51.41816]},"properties":{"name":"Colliers Wood Underground Station","original_ids":"[738]","id":205,"layer":"stop"}},{"type":"Feature","geometry":{"type":"Point","coordinates":[-0.192005,51.415309]},"properties":{"name":"South Wimbledon Underground Station","original_ids":"[799]","id":206,"layer":"stop"}},{"type":"Feature","geometry":{"type":"Point","coordinates":[-0.194839,51.402142]},"properties":{"name":"Morden Underground Station","original_ids":"[783]","id":207,"layer":"stop"}},{"type":"Feature","geometry":{"type":"Point","coordinates":[-0.105992,51.532796]},"properties":{"name":"Angel Underground Station","original_ids":"[715]","id":208,"layer":"stop"}},{"type":"Feature","geometry":{"type":"Point","coordinates":[-0.08777,51.525864]},"properties":{"name":"Old Street Underground Station","original_ids":"[789]","id":209,"layer":"stop"}},{"type":"Feature","geometry":{"type":"Point","coordinates":[-0.09337,51.501199]},"properties":{"name":"Borough Underground Station","original_ids":"[719]","id":210,"layer":"stop"}},{"type":"Feature","geometry":{"type":"Point","coordinates":[-0.153388,51.544118]},"properties":{"name":"Chalk Farm Underground Station","original_ids":"[728]","id":211,"layer":"stop"}},{"type":"Feature","geometry":{"type":"Point","coordinates":[-0.164648,51.550311]},"properties":{"name":"Belsize Park Underground Station","original_ids":"[726]","id":212,"layer":"stop"}},{"type":"Feature","geometry":{"type":"Point","coordinates":[-0.178487,51.556632]},"properties":{"name":"Hampstead Underground Station","original_ids":"[771]","id":213,"layer":"stop"}},{"type":"Feature","geometry":{"type":"Point","coordinates":[-0.194039,51.572259]},"properties":{"name":"Golders Green Underground Station","original_ids":"[762]","id":214,"layer":"stop"}},{"type":"Feature","geometry":{"type":"Point","coordinates":[-0.213622,51.57665]},"properties":{"name":"Brent Cross Underground Station","original_ids":"[724]","id":215,"layer":"stop"}},{"type":"Feature","geometry":{"type":"Point","coordinates":[-0.226424,51.583301]},"properties":{"name":"Hendon Central Underground Station","original_ids":"[767]","id":216,"layer":"stop"}},{"type":"Feature","geometry":{"type":"Point","coordinates":[-0.249919,51.595424]},"properties":{"name":"Colindale Underground Station","original_ids":"[730]","id":217,"layer":"stop"}},{"type":"Feature","geometry":{"type":"Point","coordinates":[-0.264048,51.602774]},"properties":{"name":"Burnt Oak Underground Station","original_ids":"[722]","id":218,"layer":"stop"}},{"type":"Feature","geometry":{"type":"Point","coordinates":[-0.274928,51.613653]},"properties":{"name":"Edgware Underground Station","original_ids":"[748]","id":219,"layer":"stop"}},{"type":"Feature","geometry":{"type":"Point","coordinates":[-0.209986,51.608229]},"properties":{"name":"Mill Hill East Underground Station","original_ids":"[785]","id":220,"layer":"stop"}},{"type":"Feature","geometry":{"type":"Point","coordinates":[-0.149171,51.65152]},"properties":{"name":"Cockfosters Underground Station","original_ids":"[841]","id":221,"layer":"stop"}},{"type":"Feature","geometry":{"type":"Point","coordinates":[-0.132182,51.647726]},"properties":{"name":"Oakwood Underground Station","original_ids":"[877]","id":222,"layer":"stop"}},{"type":"Feature","geometry":{"type":"Point","coordinates":[-0.127816,51.632315]},"properties":{"name":"Southgate Underground Station","original_ids":"[891]","id":223,"layer":"stop"}},{"type":"Feature","geometry":{"type":"Point","coordinates":[-0.133062,51.616446]},"properties":{"name":"Arnos Grove Underground Station","original_ids":"[828]","id":224,"layer":"stop"}},{"type":"Feature","geometry":{"type":"Point","coordinates":[-0.124235,51.607034]},"properties":{"name":"Bounds Green Underground Station","original_ids":"[832]","id":225,"layer":"stop"}},{"type":"Feature","geometry":{"type":"Point","coordinates":[-0.109886,51.597479]},"properties":{"name":"Wood Green Underground Station","original_ids":"[904]","id":226,"layer":"stop"}},{"type":"Feature","geometry":{"type":"Point","coordinates":[-0.102953,51.590272]},"properties":{"name":"Turnpike Lane Underground Station","original_ids":"[902]","id":227,"layer":"stop"}},{"type":"Feature","geometry":{"type":"Point","coordinates":[-0.096118,51.570738]},"properties":{"name":"Manor House Underground Station","original_ids":"[869]","id":228,"layer":"stop"}},{"type":"Feature","geometry":{"type":"Point","coordinates":[-0.106825,51.564158]},"properties":{"name":"Finsbury Park Underground Station","original_ids":"[843]","id":229,"layer":"stop"}},{"type":"Feature","geometry":{"type":"Point","coordinates":[-0.107457,51.558655]},"properties":{"name":"Arsenal Underground Station","original_ids":"[830]","id":230,"layer":"stop"}},{"type":"Feature","geometry":{"type":"Point","coordinates":[-0.113244,51.552697]},"properties":{"name":"Holloway Road Underground Station","original_ids":"[865]","id":231,"layer":"stop"}},{"type":"Feature","geometry":{"type":"Point","coordinates":[-0.118493,51.548519]},"properties":{"name":"Caledonian Road Underground Station","original_ids":"[837]","id":232,"layer":"stop"}},{"type":"Feature","geometry":{"type":"Point","coordinates":[-0.124285,51.523073]},"properties":{"name":"Russell Square Underground Station","original_ids":"[885]","id":233,"layer":"stop"}},{"type":"Feature","geometry":{"type":"Point","coordinates":[-0.124436,51.513093]},"properties":{"name":"Covent Garden Underground Station","original_ids":"[839]","id":234,"layer":"stop"}},{"type":"Feature","geometry":{"type":"Point","coordinates":[-0.152441,51.503035]},"properties":{"name":"Hyde Park Corner Underground Station","original_ids":"[850]","id":235,"layer":"stop"}},{"type":"Feature","geometry":{"type":"Point","coordinates":[-0.160508,51.501669]},"properties":{"name":"Knightsbridge Underground Station","original_ids":"[867]","id":236,"layer":"stop"}},{"type":"Feature","geometry":{"type":"Point","coordinates":[-0.307424,51.501003]},"properties":{"name":"South Ealing Underground Station","original_ids":"[888]","id":237,"layer":"stop"}},{"type":"Feature","geometry":{"type":"Point","coordinates":[-0.314719,51.499319]},"properties":{"name":"Northfields Underground Station","original_ids":"[874]","id":238,"layer":"stop"}},{"type":"Feature","geometry":{"type":"Point","coordinates":[-0.324939,51.495635]},"properties":{"name":"Boston Manor Underground Station","original_ids":"[834]","id":239,"layer":"stop"}},{"type":"Feature","geometry":{"type":"Point","coordinates":[-0.352224,51.481274]},"properties":{"name":"Osterley Underground Station","original_ids":"[879]","id":240,"layer":"stop"}},{"type":"Feature","geometry":{"type":"Point","coordinates":[-0.356474,51.473213]},"properties":{"name":"Hounslow East Underground Station","original_ids":"[860]","id":241,"layer":"stop"}},{"type":"Feature","geometry":{"type":"Point","coordinates":[-0.366578,51.471295]},"properties":{"name":"Hounslow Central Underground Station","original_ids":"[858]","id":242,"layer":"stop"}},{"type":"Feature","geometry":{"type":"Point","coordinates":[-0.386544,51.473469]},"properties":{"name":"Hounslow West Underground Station","original_ids":"[863]","id":243,"layer":"stop"}},{"type":"Feature","geometry":{"type":"Point","coordinates":[-0.423191,51.466747]},"properties":{"name":"Hatton Cross Underground Station","original_ids":"[848]","id":244,"layer":"stop"}},{"type":"Feature","geometry":{"type":"Point","coordinates":[-0.452265,51.471235]},"properties":{"name":"Heathrow Terminals 1-2-3 Underground Station","original_ids":"[856]","id":245,"layer":"stop"}},{"type":"Feature","geometry":{"type":"Point","coordinates":[-0.49056,51.470052]},"properties":{"name":"Heathrow Terminal 5 Underground Station","original_ids":"[854]","id":246,"layer":"stop"}},{"type":"Feature","geometry":{"type":"Point","coordinates":[-0.445771,51.458524]},"properties":{"name":"Heathrow Terminal 4 Underground Station","original_ids":"[852]","id":247,"layer":"stop"}},{"type":"Feature","geometry":{"type":"Point","coordinates":[-0.288868,51.517505]},"properties":{"name":"North Ealing Underground Station","original_ids":"[871]","id":248,"layer":"stop"}},{"type":"Feature","geometry":{"type":"Point","coordinates":[-0.29961,51.540627]},"properties":{"name":"Alperton Underground Station","original_ids":"[825]","id":249,"layer":"stop"}},{"type":"Feature","geometry":{"type":"Point","coordinates":[-0.315745,51.550815]},"properties":{"name":"Sudbury Town Underground Station","original_ids":"[899]","id":250,"layer":"stop"}},{"type":"Feature","geometry":{"type":"Point","coordinates":[-0.336435,51.556946]},"properties":{"name":"Sudbury Hill Underground Station","original_ids":"[896]","id":251,"layer":"stop"}},{"type":"Feature","geometry":{"type":"Point","coordinates":[-0.352492,51.564888]},"properties":{"name":"South Harrow Underground Station","original_ids":"[893]","id":252,"layer":"stop"}},{"type":"Feature","geometry":{"type":"Point","coordinates":[-0.019885,51.582965]},"properties":{"name":"Walthamstow Central Underground Station","original_ids":"[1047]","id":253,"layer":"stop"}},{"type":"Feature","geometry":{"type":"Point","coordinates":[-0.04115,51.586919]},"properties":{"name":"Blackhorse Road Underground Station","original_ids":"[1031]","id":254,"layer":"stop"}},{"type":"Feature","geometry":{"type":"Point","coordinates":[-0.060241,51.588108]},"properties":{"name":"Tottenham Hale Underground Station","original_ids":"[1043]","id":255,"layer":"stop"}},{"type":"Feature","geometry":{"type":"Point","coordinates":[-0.072584,51.58333]},"properties":{"name":"Seven Sisters Underground Station","original_ids":"[1040]","id":256,"layer":"stop"}},{"type":"Feature","geometry":{"type":"Point","coordinates":[-0.103324,51.54635]},"properties":{"name":"Highbury & Islington Underground Station","original_ids":"[1035]","id":257,"layer":"stop"}},{"type":"Feature","geometry":{"type":"Point","coordinates":[-0.133761,51.489097]},"properties":{"name":"Pimlico Underground Station","original_ids":"[1038]","id":258,"layer":"stop"}},{"type":"Feature","geometry":{"type":"Point","coordinates":[-0.124204,51.485743]},"properties":{"name":"Vauxhall Underground Station","original_ids":"[1045]","id":259,"layer":"stop"}},{"type":"Feature","geometry":{"type":"Point","coordinates":[-0.114888,51.462618]},"properties":{"name":"Brixton Underground Station","original_ids":"[1033]","id":260,"layer":"stop"}},{"type":"Feature","properties":{"duration_avg":120.0,"n_vehicles":105,"d":1724,"route_I_counts":"{\"1\": 105}","shape_id":"{\"bakerloo 940GZZLUHAW to 940GZZLUEAC\": 105}","direction_id":"{}","headsign":"{}","source":0,"target":167,"layer":"L","from":"Harrow & Wealdstone Underground Station","to":"Northwick Park Underground Station"},"geometry":{"type":"LineString","coordinates":[[-0.335217,51.592268],[-0.318056,51.578481]]}},{"type":"Feature","properties":{"shape_id":"{\"bakerloo 940GZZLUHAW to 940GZZLUEAC\": 104}","direction_id":"{}","headsign":"{}","duration_avg":120.0,"n_vehicles":104,"d":908,"route_I_counts":"{\"1\": 104}","source":1,"target":2,"layer":"L","from":"South Kenton Underground Station","to":"North Wembley Underground Station"},"geometry":{"type":"LineString","coordinates":[[-0.308433,51.570232],[-0.304,51.562551]]}},{"type":"Feature","properties":{"duration_avg":120.0,"n_vehicles":99,"d":1410,"route_I_counts":"{\"1\": 99}","shape_id":"{\"bakerloo 940GZZLUEAC to 940GZZLUHAW\": 99}","direction_id":"{}","headsign":"{}","source":1,"target":167,"layer":"L","from":"South Kenton Underground Station","to":"Northwick Park Underground Station"},"geometry":{"type":"LineString","coordinates":[[-0.308433,51.570232],[-0.318056,51.578481]]}},{"type":"Feature","properties":{"shape_id":"{\"bakerloo 940GZZLUHAW to 940GZZLUEAC\": 104}","direction_id":"{}","headsign":"{}","duration_avg":120.0,"n_vehicles":104,"d":1243,"route_I_counts":"{\"1\": 104}","source":2,"target":3,"layer":"L","from":"North Wembley Underground Station","to":"Wembley Central Underground Station"},"geometry":{"type":"LineString","coordinates":[[-0.304,51.562551],[-0.296852,51.552304]]}},{"type":"Feature","properties":{"shape_id":"{\"bakerloo 940GZZLUEAC to 940GZZLUHAW\": 99}","direction_id":"{}","headsign":"{}","duration_avg":120.0,"n_vehicles":99,"d":908,"route_I_counts":"{\"1\": 99}","source":2,"target":1,"layer":"L","from":"North Wembley Underground Station","to":"South Kenton Underground Station"},"geometry":{"type":"LineString","coordinates":[[-0.304,51.562551],[-0.308433,51.570232]]}},{"type":"Feature","properties":{"shape_id":"{\"bakerloo 940GZZLUHAW to 940GZZLUEAC\": 104}","direction_id":"{}","headsign":"{}","duration_avg":180.0,"n_vehicles":104,"d":1722,"route_I_counts":"{\"1\": 104}","source":3,"target":4,"layer":"L","from":"Wembley Central Underground Station","to":"Stonebridge Park Underground Station"},"geometry":{"type":"LineString","coordinates":[[-0.296852,51.552304],[-0.275892,51.543959]]}},{"type":"Feature","properties":{"shape_id":"{\"bakerloo 940GZZLUEAC to 940GZZLUHAW\": 99}","direction_id":"{}","headsign":"{}","duration_avg":120.0,"n_vehicles":99,"d":1243,"route_I_counts":"{\"1\": 99}","source":3,"target":2,"layer":"L","from":"Wembley Central Underground Station","to":"North Wembley Underground Station"},"geometry":{"type":"LineString","coordinates":[[-0.296852,51.552304],[-0.304,51.562551]]}},{"type":"Feature","properties":{"shape_id":"{\"bakerloo 940GZZLUHAW to 940GZZLUEAC\": 104}","direction_id":"{}","headsign":"{}","duration_avg":120.0,"n_vehicles":104,"d":1509,"route_I_counts":"{\"1\": 104}","source":4,"target":5,"layer":"L","from":"Stonebridge Park Underground Station","to":"Harlesden Underground Station"},"geometry":{"type":"LineString","coordinates":[[-0.275892,51.543959],[-0.257883,51.53631]]}},{"type":"Feature","properties":{"shape_id":"{\"bakerloo 940GZZLUEAC to 940GZZLUHAW\": 100}","direction_id":"{}","headsign":"{}","duration_avg":120.0,"n_vehicles":100,"d":1722,"route_I_counts":"{\"1\": 100}","source":4,"target":3,"layer":"L","from":"Stonebridge Park Underground Station","to":"Wembley Central Underground Station"},"geometry":{"type":"LineString","coordinates":[[-0.275892,51.543959],[-0.296852,51.552304]]}},{"type":"Feature","properties":{"shape_id":"{\"bakerloo 940GZZLUHAW to 940GZZLUEAC\": 104}","direction_id":"{}","headsign":"{}","duration_avg":120.0,"n_vehicles":104,"d":1044,"route_I_counts":"{\"1\": 104}","source":5,"target":6,"layer":"L","from":"Harlesden Underground Station","to":"Willesden Junction Underground Station"},"geometry":{"type":"LineString","coordinates":[[-0.257883,51.53631],[-0.244283,51.532259]]}},{"type":"Feature","properties":{"shape_id":"{\"bakerloo 940GZZLUEAC to 940GZZLUHAW\": 154}","direction_id":"{}","headsign":"{}","duration_avg":158.96103896103895,"n_vehicles":154,"d":1509,"route_I_counts":"{\"1\": 154}","source":5,"target":4,"layer":"L","from":"Harlesden Underground Station","to":"Stonebridge Park Underground Station"},"geometry":{"type":"LineString","coordinates":[[-0.257883,51.53631],[-0.275892,51.543959]]}},{"type":"Feature","properties":{"shape_id":"{\"bakerloo 940GZZLUHAW to 940GZZLUEAC\": 103}","direction_id":"{}","headsign":"{}","duration_avg":180.0,"n_vehicles":103,"d":1347,"route_I_counts":"{\"1\": 103}","source":6,"target":7,"layer":"L","from":"Willesden Junction Underground Station","to":"Kensal Green Underground Station"},"geometry":{"type":"LineString","coordinates":[[-0.244283,51.532259],[-0.225016,51.530539]]}},{"type":"Feature","properties":{"shape_id":"{\"bakerloo 940GZZLUEAC to 940GZZLUHAW\": 154}","direction_id":"{}","headsign":"{}","duration_avg":120.0,"n_vehicles":154,"d":1044,"route_I_counts":"{\"1\": 154}","source":6,"target":5,"layer":"L","from":"Willesden Junction Underground Station","to":"Harlesden Underground Station"},"geometry":{"type":"LineString","coordinates":[[-0.244283,51.532259],[-0.257883,51.53631]]}},{"type":"Feature","properties":{"shape_id":"{\"bakerloo 940GZZLUHAW to 940GZZLUEAC\": 103}","direction_id":"{}","headsign":"{}","duration_avg":240.0,"n_vehicles":103,"d":1471,"route_I_counts":"{\"1\": 103}","source":7,"target":8,"layer":"L","from":"Kensal Green Underground Station","to":"Queen's Park Underground Station"},"geometry":{"type":"LineString","coordinates":[[-0.225016,51.530539],[-0.204574,51.534158]]}},{"type":"Feature","properties":{"shape_id":"{\"bakerloo 940GZZLUEAC to 940GZZLUHAW\": 154}","direction_id":"{}","headsign":"{}","duration_avg":180.0,"n_vehicles":154,"d":1347,"route_I_counts":"{\"1\": 154}","source":7,"target":6,"layer":"L","from":"Kensal Green Underground Station","to":"Willesden Junction Underground Station"},"geometry":{"type":"LineString","coordinates":[[-0.225016,51.530539],[-0.244283,51.532259]]}},{"type":"Feature","properties":{"shape_id":"{\"bakerloo 940GZZLUHAW to 940GZZLUEAC\": 103}","direction_id":"{}","headsign":"{}","duration_avg":119.41747572815534,"n_vehicles":103,"d":721,"route_I_counts":"{\"1\": 103}","source":8,"target":9,"layer":"L","from":"Queen's Park Underground Station","to":"Kilburn Park Underground Station"},"geometry":{"type":"LineString","coordinates":[[-0.204574,51.534158],[-0.194232,51.534979]]}},{"type":"Feature","properties":{"shape_id":"{\"bakerloo 940GZZLUEAC to 940GZZLUHAW\": 155}","direction_id":"{}","headsign":"{}","duration_avg":180.0,"n_vehicles":155,"d":1471,"route_I_counts":"{\"1\": 155}","source":8,"target":7,"layer":"L","from":"Queen's Park Underground Station","to":"Kensal Green Underground Station"},"geometry":{"type":"LineString","coordinates":[[-0.204574,51.534158],[-0.225016,51.530539]]}},{"type":"Feature","properties":{"shape_id":"{\"bakerloo 940GZZLUHAW to 940GZZLUEAC\": 103}","direction_id":"{}","headsign":"{}","duration_avg":120.0,"n_vehicles":103,"d":824,"route_I_counts":"{\"1\": 103}","source":9,"target":10,"layer":"L","from":"Kilburn Park Underground Station","to":"Maida Vale Underground Station"},"geometry":{"type":"LineString","coordinates":[[-0.194232,51.534979],[-0.185758,51.529777]]}},{"type":"Feature","properties":{"shape_id":"{\"bakerloo 940GZZLUEAC to 940GZZLUHAW\": 344}","direction_id":"{}","headsign":"{}","duration_avg":147.2093023255814,"n_vehicles":344,"d":721,"route_I_counts":"{\"1\": 344}","source":9,"target":8,"layer":"L","from":"Kilburn Park Underground Station","to":"Queen's Park Underground Station"},"geometry":{"type":"LineString","coordinates":[[-0.194232,51.534979],[-0.204574,51.534158]]}},{"type":"Feature","properties":{"shape_id":"{\"bakerloo 940GZZLUHAW to 940GZZLUEAC\": 103}","direction_id":"{}","headsign":"{}","duration_avg":60.58252427184466,"n_vehicles":103,"d":737,"route_I_counts":"{\"1\": 103}","source":10,"target":11,"layer":"L","from":"Maida Vale Underground Station","to":"Warwick Avenue Underground Station"},"geometry":{"type":"LineString","coordinates":[[-0.185758,51.529777],[-0.183783,51.523263]]}},{"type":"Feature","properties":{"shape_id":"{\"bakerloo 940GZZLUEAC to 940GZZLUHAW\": 345}","direction_id":"{}","headsign":"{}","duration_avg":120.0,"n_vehicles":345,"d":824,"route_I_counts":"{\"1\": 345}","source":10,"target":9,"layer":"L","from":"Maida Vale Underground Station","to":"Kilburn Park Underground Station"},"geometry":{"type":"LineString","coordinates":[[-0.185758,51.529777],[-0.194232,51.534979]]}},{"type":"Feature","properties":{"shape_id":"{\"bakerloo 940GZZLUHAW to 940GZZLUEAC\": 103}","direction_id":"{}","headsign":"{}","duration_avg":120.0,"n_vehicles":103,"d":931,"route_I_counts":"{\"1\": 103}","source":11,"target":12,"layer":"L","from":"Warwick Avenue Underground Station","to":"Paddington Underground Station"},"geometry":{"type":"LineString","coordinates":[[-0.183783,51.523263],[-0.175689,51.516581]]}},{"type":"Feature","properties":{"shape_id":"{\"bakerloo 940GZZLUEAC to 940GZZLUHAW\": 345}","direction_id":"{}","headsign":"{}","duration_avg":120.0,"n_vehicles":345,"d":737,"route_I_counts":"{\"1\": 345}","source":11,"target":10,"layer":"L","from":"Warwick Avenue Underground Station","to":"Maida Vale Underground Station"},"geometry":{"type":"LineString","coordinates":[[-0.183783,51.523263],[-0.185758,51.529777]]}},{"type":"Feature","properties":{"shape_id":"{\"bakerloo 940GZZLUHAW to 940GZZLUEAC\": 102}","direction_id":"{}","headsign":"{}","duration_avg":119.41176470588235,"n_vehicles":102,"d":564,"route_I_counts":"{\"1\": 102}","source":12,"target":13,"layer":"L","from":"Paddington Underground Station","to":"Edgware Road (Bakerloo) Underground Station"},"geometry":{"type":"LineString","coordinates":[[-0.175689,51.516581],[-0.17015,51.520299]]}},{"type":"Feature","properties":{"shape_id":"{\"bakerloo 940GZZLUEAC to 940GZZLUHAW\": 345}","direction_id":"{}","headsign":"{}","duration_avg":120.0,"n_vehicles":345,"d":931,"route_I_counts":"{\"1\": 345}","source":12,"target":11,"layer":"L","from":"Paddington Underground Station","to":"Warwick Avenue Underground Station"},"geometry":{"type":"LineString","coordinates":[[-0.175689,51.516581],[-0.183783,51.523263]]}},{"type":"Feature","properties":{"shape_id":"{\"circle 940GZZLUERC to 940GZZLUHSC\": 3, \"district 940GZZLUERC to 940GZZLUEBY\": 109, \"district 940GZZLUERC to 940GZZLUKOY\": 109, \"district 940GZZLUERC to 940GZZLURMD\": 109, \"district 940GZZLUERC to 940GZZLUWIM\": 109}","direction_id":"{}","headsign":"{}","duration_avg":120.0,"n_vehicles":439,"d":974,"route_I_counts":"{\"3\": 3, \"4\": 436}","source":12,"target":72,"layer":"L","from":"Paddington Underground Station","to":"Bayswater Underground Station"},"geometry":{"type":"LineString","coordinates":[[-0.175689,51.516581],[-0.187938,51.512284]]}},{"type":"Feature","properties":{"shape_id":"{\"circle 940GZZLUHSC to 940GZZLUERC\": 213, \"district 940GZZLUKOY to 940GZZLUERC\": 1, \"district 940GZZLUKOY to 940GZZLUUPM\": 1, \"district 940GZZLUWIM to 940GZZLUERC\": 106, \"district 940GZZLUWIM to 940GZZLUUPM\": 106, \"hammersmith-city 940GZZLUHSC to 940GZZLUBKG\": 113}","direction_id":"{}","headsign":"{}","duration_avg":150.0523411679598,"n_vehicles":540,"d":655,"route_I_counts":"{\"3\": 213, \"4\": 214, \"7\": 113}","source":12,"target":71,"layer":"L","from":"Paddington Underground Station","to":"Edgware Road (Circle Line) Underground Station"},"geometry":{"type":"LineString","coordinates":[[-0.175689,51.516581],[-0.167832,51.519858]]}},{"type":"Feature","properties":{"duration_avg":120.0,"n_vehicles":113,"d":730,"route_I_counts":"{\"7\": 113}","shape_id":"{\"hammersmith-city 940GZZLUBKG to 940GZZLUHSC\": 113}","direction_id":"{}","headsign":"{}","source":12,"target":92,"layer":"L","from":"Paddington Underground Station","to":"Royal Oak Underground Station"},"geometry":{"type":"LineString","coordinates":[[-0.175689,51.516581],[-0.188748,51.519113]]}},{"type":"Feature","properties":{"shape_id":"{\"bakerloo 940GZZLUHAW to 940GZZLUEAC\": 102}","direction_id":"{}","headsign":"{}","duration_avg":60.588235294117645,"n_vehicles":102,"d":531,"route_I_counts":"{\"1\": 102}","source":13,"target":14,"layer":"L","from":"Edgware Road (Bakerloo) Underground Station","to":"Marylebone Underground Station"},"geometry":{"type":"LineString","coordinates":[[-0.17015,51.520299],[-0.163207,51.522322]]}},{"type":"Feature","properties":{"shape_id":"{\"bakerloo 940GZZLUEAC to 940GZZLUHAW\": 346}","direction_id":"{}","headsign":"{}","duration_avg":120.0,"n_vehicles":346,"d":564,"route_I_counts":"{\"1\": 346}","source":13,"target":12,"layer":"L","from":"Edgware Road (Bakerloo) Underground Station","to":"Paddington Underground Station"},"geometry":{"type":"LineString","coordinates":[[-0.17015,51.520299],[-0.175689,51.516581]]}},{"type":"Feature","properties":{"shape_id":"{\"bakerloo 940GZZLUHAW to 940GZZLUEAC\": 102}","direction_id":"{}","headsign":"{}","duration_avg":119.41176470588235,"n_vehicles":102,"d":425,"route_I_counts":"{\"1\": 102}","source":14,"target":15,"layer":"L","from":"Marylebone Underground Station","to":"Baker Street Underground Station"},"geometry":{"type":"LineString","coordinates":[[-0.163207,51.522322],[-0.15713,51.522883]]}},{"type":"Feature","properties":{"shape_id":"{\"bakerloo 940GZZLUEAC to 940GZZLUHAW\": 346}","direction_id":"{}","headsign":"{}","duration_avg":60.0,"n_vehicles":346,"d":531,"route_I_counts":"{\"1\": 346}","source":14,"target":13,"layer":"L","from":"Marylebone Underground Station","to":"Edgware Road (Bakerloo) Underground Station"},"geometry":{"type":"LineString","coordinates":[[-0.163207,51.522322],[-0.17015,51.520299]]}},{"type":"Feature","properties":{"shape_id":"{\"bakerloo 940GZZLUHAW to 940GZZLUEAC\": 102}","direction_id":"{}","headsign":"{}","duration_avg":60.588235294117645,"n_vehicles":102,"d":741,"route_I_counts":"{\"1\": 102}","source":15,"target":16,"layer":"L","from":"Baker Street Underground Station","to":"Regent's Park Underground Station"},"geometry":{"type":"LineString","coordinates":[[-0.15713,51.522883],[-0.146444,51.523344]]}},{"type":"Feature","properties":{"shape_id":"{\"bakerloo 940GZZLUEAC to 940GZZLUHAW\": 346}","direction_id":"{}","headsign":"{}","duration_avg":60.0,"n_vehicles":346,"d":425,"route_I_counts":"{\"1\": 346}","source":15,"target":14,"layer":"L","from":"Baker Street Underground Station","to":"Marylebone Underground Station"},"geometry":{"type":"LineString","coordinates":[[-0.15713,51.522883],[-0.163207,51.522322]]}},{"type":"Feature","properties":{"shape_id":"{\"circle 940GZZLUHSC to 940GZZLUERC\": 109, \"hammersmith-city 940GZZLUHSC to 940GZZLUBKG\": 111, \"metropolitan 940GZZLUAMS to 940GZZLUALD\": 36, \"metropolitan 940GZZLUCSM to 940GZZLUALD\": 27, \"metropolitan 940GZZLUCSM to 940GZZLUWAF\": 27, \"metropolitan 940GZZLUUXB to 940GZZLUALD\": 107, \"metropolitan 940GZZLUWAF to 940GZZLUALD\": 27}","direction_id":"{}","headsign":"{}","duration_avg":125.54054054054055,"n_vehicles":444,"d":897,"route_I_counts":"{\"3\": 109, \"7\": 111, \"10\": 224}","source":15,"target":93,"layer":"L","from":"Baker Street Underground Station","to":"Great Portland Street Underground Station"},"geometry":{"type":"LineString","coordinates":[[-0.15713,51.522883],[-0.144262,51.52384]]}},{"type":"Feature","properties":{"shape_id":"{\"hammersmith-city 940GZZLUBKG to 940GZZLUHSC\": 114}","direction_id":"{}","headsign":"{}","duration_avg":180.0,"n_vehicles":114,"d":814,"route_I_counts":"{\"7\": 114}","source":15,"target":71,"layer":"L","from":"Baker Street Underground Station","to":"Edgware Road (Circle Line) Underground Station"},"geometry":{"type":"LineString","coordinates":[[-0.15713,51.522883],[-0.167832,51.519858]]}},{"type":"Feature","properties":{"shape_id":"{\"jubilee 940GZZLUSTD to 940GZZLUSTM\": 374}","direction_id":"{}","headsign":"{}","duration_avg":158.66310160427807,"n_vehicles":374,"d":1742,"route_I_counts":"{\"8\": 374}","source":15,"target":144,"layer":"L","from":"Baker Street Underground Station","to":"St. John's Wood Underground Station"},"geometry":{"type":"LineString","coordinates":[[-0.15713,51.522883],[-0.173948,51.534521]]}},{"type":"Feature","properties":{"shape_id":"{\"jubilee 940GZZLUSTM to 940GZZLUSTD\": 304}","direction_id":"{}","headsign":"{}","duration_avg":129.67105263157896,"n_vehicles":304,"d":1084,"route_I_counts":"{\"8\": 304}","source":15,"target":42,"layer":"L","from":"Baker Street Underground Station","to":"Bond Street Underground Station"},"geometry":{"type":"LineString","coordinates":[[-0.15713,51.522883],[-0.149723,51.514304]]}},{"type":"Feature","properties":{"shape_id":"{\"metropolitan 940GZZLUALD to 940GZZLUAMS\": 206, \"metropolitan 940GZZLUALD to 940GZZLUCSM\": 206, \"metropolitan 940GZZLUALD to 940GZZLUUXB\": 206, \"metropolitan 940GZZLUALD to 940GZZLUWAF\": 206}","direction_id":"{}","headsign":"{}","duration_avg":324.1747572815534,"n_vehicles":824,"d":3094,"route_I_counts":"{\"10\": 824}","source":15,"target":146,"layer":"L","from":"Baker Street Underground Station","to":"Finchley Road Underground Station"},"geometry":{"type":"LineString","coordinates":[[-0.15713,51.522883],[-0.179845,51.546825]]}},{"type":"Feature","properties":{"shape_id":"{\"bakerloo 940GZZLUHAW to 940GZZLUEAC\": 102}","direction_id":"{}","headsign":"{}","duration_avg":179.41176470588235,"n_vehicles":102,"d":957,"route_I_counts":"{\"1\": 102}","source":16,"target":17,"layer":"L","from":"Regent's Park Underground Station","to":"Oxford Circus Underground Station"},"geometry":{"type":"LineString","coordinates":[[-0.146444,51.523344],[-0.141903,51.515224]]}},{"type":"Feature","properties":{"shape_id":"{\"bakerloo 940GZZLUEAC to 940GZZLUHAW\": 346}","direction_id":"{}","headsign":"{}","duration_avg":120.0,"n_vehicles":346,"d":741,"route_I_counts":"{\"1\": 346}","source":16,"target":15,"layer":"L","from":"Regent's Park Underground Station","to":"Baker Street Underground Station"},"geometry":{"type":"LineString","coordinates":[[-0.146444,51.523344],[-0.15713,51.522883]]}},{"type":"Feature","properties":{"shape_id":"{\"bakerloo 940GZZLUHAW to 940GZZLUEAC\": 101}","direction_id":"{}","headsign":"{}","duration_avg":120.0,"n_vehicles":101,"d":804,"route_I_counts":"{\"1\": 101}","source":17,"target":18,"layer":"L","from":"Oxford Circus Underground Station","to":"Piccadilly Circus Underground Station"},"geometry":{"type":"LineString","coordinates":[[-0.141903,51.515224],[-0.133798,51.51005]]}},{"type":"Feature","properties":{"shape_id":"{\"bakerloo 940GZZLUEAC to 940GZZLUHAW\": 347}","direction_id":"{}","headsign":"{}","duration_avg":120.0,"n_vehicles":347,"d":957,"route_I_counts":"{\"1\": 347}","source":17,"target":16,"layer":"L","from":"Oxford Circus Underground Station","to":"Regent's Park Underground Station"},"geometry":{"type":"LineString","coordinates":[[-0.141903,51.515224],[-0.146444,51.523344]]}},{"type":"Feature","properties":{"shape_id":"{\"central 940GZZLUEPG to 940GZZLUEBY\": 165, \"central 940GZZLUEPG to 940GZZLUWRP\": 165}","direction_id":"{}","headsign":"{}","duration_avg":65.45454545454545,"n_vehicles":330,"d":551,"route_I_counts":"{\"2\": 330}","source":17,"target":42,"layer":"L","from":"Oxford Circus Underground Station","to":"Bond Street Underground Station"},"geometry":{"type":"LineString","coordinates":[[-0.141903,51.515224],[-0.149723,51.514304]]}},{"type":"Feature","properties":{"shape_id":"{\"central 940GZZLUEBY to 940GZZLUEPG\": 160, \"central 940GZZLUEBY to 940GZZLUHLT\": 160, \"central 940GZZLUWRP to 940GZZLUEPG\": 146, \"central 940GZZLUWRP to 940GZZLUHLT\": 146}","direction_id":"{}","headsign":"{}","duration_avg":87.6470588235294,"n_vehicles":612,"d":807,"route_I_counts":"{\"2\": 612}","source":17,"target":41,"layer":"L","from":"Oxford Circus Underground Station","to":"Tottenham Court Road Underground Station"},"geometry":{"type":"LineString","coordinates":[[-0.141903,51.515224],[-0.13041,51.516426]]}},{"type":"Feature","properties":{"shape_id":"{\"victoria 940GZZLUWWL to 940GZZLUBXN\": 488}","direction_id":"{}","headsign":"{}","duration_avg":120.0,"n_vehicles":488,"d":923,"route_I_counts":"{\"21\": 488}","source":17,"target":143,"layer":"L","from":"Oxford Circus Underground Station","to":"Green Park Underground Station"},"geometry":{"type":"LineString","coordinates":[[-0.141903,51.515224],[-0.142787,51.506947]]}},{"type":"Feature","properties":{"shape_id":"{\"victoria 940GZZLUBXN to 940GZZLUWWL\": 529}","direction_id":"{}","headsign":"{}","duration_avg":120.0,"n_vehicles":529,"d":1110,"route_I_counts":"{\"21\": 529}","source":17,"target":193,"layer":"L","from":"Oxford Circus Underground Station","to":"Warren Street Underground Station"},"geometry":{"type":"LineString","coordinates":[[-0.141903,51.515224],[-0.138321,51.524951]]}},{"type":"Feature","properties":{"shape_id":"{\"bakerloo 940GZZLUHAW to 940GZZLUEAC\": 101}","direction_id":"{}","headsign":"{}","duration_avg":60.0,"n_vehicles":101,"d":538,"route_I_counts":"{\"1\": 101}","source":18,"target":19,"layer":"L","from":"Piccadilly Circus Underground Station","to":"Charing Cross Underground Station"},"geometry":{"type":"LineString","coordinates":[[-0.133798,51.51005],[-0.127277,51.50741]]}},{"type":"Feature","properties":{"shape_id":"{\"bakerloo 940GZZLUEAC to 940GZZLUHAW\": 347}","direction_id":"{}","headsign":"{}","duration_avg":120.0,"n_vehicles":347,"d":804,"route_I_counts":"{\"1\": 347}","source":18,"target":17,"layer":"L","from":"Piccadilly Circus Underground Station","to":"Oxford Circus Underground Station"},"geometry":{"type":"LineString","coordinates":[[-0.133798,51.51005],[-0.141903,51.515224]]}},{"type":"Feature","properties":{"shape_id":"{\"piccadilly 940GZZLUCKS to 940GZZLUHR5\": 267, \"piccadilly 940GZZLUCKS to 940GZZLUHRC\": 267, \"piccadilly 940GZZLUCKS to 940GZZLUUXB\": 267}","direction_id":"{}","headsign":"{}","duration_avg":67.41573033707866,"n_vehicles":801,"d":712,"route_I_counts":"{\"12\": 801}","source":18,"target":143,"layer":"L","from":"Piccadilly Circus Underground Station","to":"Green Park Underground Station"},"geometry":{"type":"LineString","coordinates":[[-0.133798,51.51005],[-0.142787,51.506947]]}},{"type":"Feature","properties":{"shape_id":"{\"piccadilly 940GZZLUHR4 to 940GZZLUCKS\": 105, \"piccadilly 940GZZLUHR5 to 940GZZLUCKS\": 104, \"piccadilly 940GZZLUUXB to 940GZZLUCKS\": 57}","direction_id":"{}","headsign":"{}","duration_avg":79.62406015037594,"n_vehicles":266,"d":400,"route_I_counts":"{\"12\": 266}","source":18,"target":195,"layer":"L","from":"Piccadilly Circus Underground Station","to":"Leicester Square Underground Station"},"geometry":{"type":"LineString","coordinates":[[-0.133798,51.51005],[-0.128426,51.511386]]}},{"type":"Feature","properties":{"shape_id":"{\"bakerloo 940GZZLUHAW to 940GZZLUEAC\": 101, \"northern 940GZZLUEGW to 940GZZLUMDN\": 177, \"northern 940GZZLUHBT to 940GZZLUMDN\": 152, \"northern 940GZZLUMHL to 940GZZLUMDN\": 25}","direction_id":"{}","headsign":"{}","duration_avg":60.0,"n_vehicles":455,"d":321,"route_I_counts":"{\"1\": 101, \"11\": 354}","source":19,"target":20,"layer":"L","from":"Charing Cross Underground Station","to":"Embankment Underground Station"},"geometry":{"type":"LineString","coordinates":[[-0.127277,51.50741],[-0.122666,51.507058]]}},{"type":"Feature","properties":{"shape_id":"{\"bakerloo 940GZZLUEAC to 940GZZLUHAW\": 347}","direction_id":"{}","headsign":"{}","duration_avg":120.0,"n_vehicles":347,"d":538,"route_I_counts":"{\"1\": 347}","source":19,"target":18,"layer":"L","from":"Charing Cross Underground Station","to":"Piccadilly Circus Underground Station"},"geometry":{"type":"LineString","coordinates":[[-0.127277,51.50741],[-0.133798,51.51005]]}},{"type":"Feature","properties":{"shape_id":"{\"northern 940GZZLUMDN to 940GZZLUEGW\": 38, \"northern 940GZZLUMDN to 940GZZLUHBT\": 38, \"northern 940GZZLUMDN to 940GZZLUMHL\": 38}","direction_id":"{}","headsign":"{}","duration_avg":82.10526315789474,"n_vehicles":114,"d":449,"route_I_counts":"{\"11\": 114}","source":19,"target":195,"layer":"L","from":"Charing Cross Underground Station","to":"Leicester Square Underground Station"},"geometry":{"type":"LineString","coordinates":[[-0.127277,51.50741],[-0.128426,51.511386]]}},{"type":"Feature","properties":{"shape_id":"{\"bakerloo 940GZZLUHAW to 940GZZLUEAC\": 101, \"northern 940GZZLUEGW to 940GZZLUMDN\": 177, \"northern 940GZZLUHBT to 940GZZLUMDN\": 152, \"northern 940GZZLUMHL to 940GZZLUMDN\": 25}","direction_id":"{}","headsign":"{}","duration_avg":73.84615384615384,"n_vehicles":455,"d":688,"route_I_counts":"{\"1\": 101, \"11\": 354}","source":20,"target":21,"layer":"L","from":"Embankment Underground Station","to":"Waterloo Underground Station"},"geometry":{"type":"LineString","coordinates":[[-0.122666,51.507058],[-0.11478,51.503299]]}},{"type":"Feature","properties":{"shape_id":"{\"bakerloo 940GZZLUEAC to 940GZZLUHAW\": 348, \"northern 940GZZLUMDN to 940GZZLUEGW\": 38, \"northern 940GZZLUMDN to 940GZZLUHBT\": 38, \"northern 940GZZLUMDN to 940GZZLUMHL\": 38}","direction_id":"{}","headsign":"{}","duration_avg":69.35064935064935,"n_vehicles":462,"d":321,"route_I_counts":"{\"1\": 348, \"11\": 114}","source":20,"target":19,"layer":"L","from":"Embankment Underground Station","to":"Charing Cross Underground Station"},"geometry":{"type":"LineString","coordinates":[[-0.122666,51.507058],[-0.127277,51.50741]]}},{"type":"Feature","properties":{"shape_id":"{\"circle 940GZZLUERC to 940GZZLUHSC\": 2, \"district 940GZZLUEBY to 940GZZLUERC\": 111, \"district 940GZZLUEBY to 940GZZLUUPM\": 111, \"district 940GZZLUKOY to 940GZZLUERC\": 2, \"district 940GZZLUKOY to 940GZZLUUPM\": 2, \"district 940GZZLURMD to 940GZZLUERC\": 107, \"district 940GZZLURMD to 940GZZLUUPM\": 107, \"district 940GZZLUWIM to 940GZZLUERC\": 119, \"district 940GZZLUWIM to 940GZZLUUPM\": 119}","direction_id":"{}","headsign":"{}","duration_avg":96.0,"n_vehicles":680,"d":729,"route_I_counts":"{\"3\": 2, \"4\": 678}","source":20,"target":80,"layer":"L","from":"Embankment Underground Station","to":"Temple Underground Station"},"geometry":{"type":"LineString","coordinates":[[-0.122666,51.507058],[-0.11426,51.511006]]}},{"type":"Feature","properties":{"shape_id":"{\"circle 940GZZLUHSC to 940GZZLUERC\": 107, \"district 940GZZLUUPM to 940GZZLUEBY\": 227, \"district 940GZZLUUPM to 940GZZLURMD\": 227, \"district 940GZZLUUPM to 940GZZLUWIM\": 227}","direction_id":"{}","headsign":"{}","duration_avg":91.44670050761421,"n_vehicles":788,"d":656,"route_I_counts":"{\"3\": 107, \"4\": 681}","source":20,"target":79,"layer":"L","from":"Embankment Underground Station","to":"Westminster Underground Station"},"geometry":{"type":"LineString","coordinates":[[-0.122666,51.507058],[-0.124861,51.50132]]}},{"type":"Feature","properties":{"shape_id":"{\"bakerloo 940GZZLUHAW to 940GZZLUEAC\": 101}","direction_id":"{}","headsign":"{}","duration_avg":120.0,"n_vehicles":101,"d":528,"route_I_counts":"{\"1\": 101}","source":21,"target":22,"layer":"L","from":"Waterloo Underground Station","to":"Lambeth North Underground Station"},"geometry":{"type":"LineString","coordinates":[[-0.11478,51.503299],[-0.112315,51.498808]]}},{"type":"Feature","properties":{"shape_id":"{\"bakerloo 940GZZLUEAC to 940GZZLUHAW\": 348, \"northern 940GZZLUMDN to 940GZZLUEGW\": 38, \"northern 940GZZLUMDN to 940GZZLUHBT\": 38, \"northern 940GZZLUMDN to 940GZZLUMHL\": 38}","direction_id":"{}","headsign":"{}","duration_avg":60.0,"n_vehicles":462,"d":688,"route_I_counts":"{\"1\": 348, \"11\": 114}","source":21,"target":20,"layer":"L","from":"Waterloo Underground Station","to":"Embankment Underground Station"},"geometry":{"type":"LineString","coordinates":[[-0.11478,51.503299],[-0.122666,51.507058]]}},{"type":"Feature","properties":{"shape_id":"{\"jubilee 940GZZLUSTD to 940GZZLUSTM\": 376}","direction_id":"{}","headsign":"{}","duration_avg":98.61702127659575,"n_vehicles":376,"d":732,"route_I_counts":"{\"8\": 376}","source":21,"target":79,"layer":"L","from":"Waterloo Underground Station","to":"Westminster Underground Station"},"geometry":{"type":"LineString","coordinates":[[-0.11478,51.503299],[-0.124861,51.50132]]}},{"type":"Feature","properties":{"shape_id":"{\"jubilee 940GZZLUSTM to 940GZZLUSTD\": 303}","direction_id":"{}","headsign":"{}","duration_avg":69.70297029702971,"n_vehicles":303,"d":685,"route_I_counts":"{\"8\": 303}","source":21,"target":142,"layer":"L","from":"Waterloo Underground Station","to":"Southwark Underground Station"},"geometry":{"type":"LineString","coordinates":[[-0.11478,51.503299],[-0.10494,51.503976]]}},{"type":"Feature","properties":{"shape_id":"{\"northern 940GZZLUEGW to 940GZZLUMDN\": 176, \"northern 940GZZLUHBT to 940GZZLUMDN\": 152, \"northern 940GZZLUMHL to 940GZZLUMDN\": 25}","direction_id":"{}","headsign":"{}","duration_avg":185.94900849858357,"n_vehicles":353,"d":1774,"route_I_counts":"{\"11\": 353}","source":21,"target":196,"layer":"L","from":"Waterloo Underground Station","to":"Kennington Underground Station"},"geometry":{"type":"LineString","coordinates":[[-0.11478,51.503299],[-0.105963,51.488337]]}},{"type":"Feature","properties":{"shape_id":"{\"waterloo-city 940GZZLUWLO to 940GZZLUBNK\": 284}","direction_id":"{}","headsign":"{}","duration_avg":240.0,"n_vehicles":284,"d":2116,"route_I_counts":"{\"22\": 284}","source":21,"target":37,"layer":"L","from":"Waterloo Underground Station","to":"Bank Underground Station"},"geometry":{"type":"LineString","coordinates":[[-0.11478,51.503299],[-0.088083,51.512542]]}},{"type":"Feature","properties":{"shape_id":"{\"bakerloo 940GZZLUHAW to 940GZZLUEAC\": 100}","direction_id":"{}","headsign":"{}","duration_avg":180.0,"n_vehicles":100,"d":940,"route_I_counts":"{\"1\": 100}","source":22,"target":23,"layer":"L","from":"Lambeth North Underground Station","to":"Elephant & Castle Underground Station"},"geometry":{"type":"LineString","coordinates":[[-0.112315,51.498808],[-0.100606,51.494536]]}},{"type":"Feature","properties":{"shape_id":"{\"bakerloo 940GZZLUEAC to 940GZZLUHAW\": 348}","direction_id":"{}","headsign":"{}","duration_avg":120.0,"n_vehicles":348,"d":528,"route_I_counts":"{\"1\": 348}","source":22,"target":21,"layer":"L","from":"Lambeth North Underground Station","to":"Waterloo Underground Station"},"geometry":{"type":"LineString","coordinates":[[-0.112315,51.498808],[-0.11478,51.503299]]}},{"type":"Feature","properties":{"shape_id":"{\"bakerloo 940GZZLUEAC to 940GZZLUHAW\": 348}","direction_id":"{}","headsign":"{}","duration_avg":120.0,"n_vehicles":348,"d":940,"route_I_counts":"{\"1\": 348}","source":23,"target":22,"layer":"L","from":"Elephant & Castle Underground Station","to":"Lambeth North Underground Station"},"geometry":{"type":"LineString","coordinates":[[-0.100606,51.494536],[-0.112315,51.498808]]}},{"type":"Feature","properties":{"shape_id":"{\"northern 940GZZLUEGW to 940GZZLUMDN\": 170, \"northern 940GZZLUHBT to 940GZZLUMDN\": 173, \"northern 940GZZLUMHL to 940GZZLUMDN\": 6}","direction_id":"{}","headsign":"{}","duration_avg":178.96848137535815,"n_vehicles":349,"d":783,"route_I_counts":"{\"11\": 349}","source":23,"target":196,"layer":"L","from":"Elephant & Castle Underground Station","to":"Kennington Underground Station"},"geometry":{"type":"LineString","coordinates":[[-0.100606,51.494536],[-0.105963,51.488337]]}},{"type":"Feature","properties":{"shape_id":"{\"northern 940GZZLUMDN to 940GZZLUEGW\": 368, \"northern 940GZZLUMDN to 940GZZLUHBT\": 368, \"northern 940GZZLUMDN to 940GZZLUMHL\": 368}","direction_id":"{}","headsign":"{}","duration_avg":64.07608695652173,"n_vehicles":1104,"d":895,"route_I_counts":"{\"11\": 1104}","source":23,"target":210,"layer":"L","from":"Elephant & Castle Underground Station","to":"Borough Underground Station"},"geometry":{"type":"LineString","coordinates":[[-0.100606,51.494536],[-0.09337,51.501199]]}},{"type":"Feature","properties":{"shape_id":"{\"central 940GZZLUEPG to 940GZZLUEBY\": 172, \"central 940GZZLUEPG to 940GZZLUWRP\": 172}","direction_id":"{}","headsign":"{}","duration_avg":120.0,"n_vehicles":344,"d":2549,"route_I_counts":"{\"2\": 344}","source":24,"target":25,"layer":"L","from":"Epping Underground Station","to":"Theydon Bois Underground Station"},"geometry":{"type":"LineString","coordinates":[[0.113767,51.69368],[0.103085,51.671759]]}},{"type":"Feature","properties":{"shape_id":"{\"central 940GZZLUEPG to 940GZZLUEBY\": 171, \"central 940GZZLUEPG to 940GZZLUWRP\": 171}","direction_id":"{}","headsign":"{}","duration_avg":240.0,"n_vehicles":342,"d":3224,"route_I_counts":"{\"2\": 342}","source":25,"target":26,"layer":"L","from":"Theydon Bois Underground Station","to":"Debden Underground Station"},"geometry":{"type":"LineString","coordinates":[[0.103085,51.671759],[0.083782,51.645386]]}},{"type":"Feature","properties":{"shape_id":"{\"central 940GZZLUEBY to 940GZZLUEPG\": 17, \"central 940GZZLUEBY to 940GZZLUHLT\": 17, \"central 940GZZLUWRP to 940GZZLUEPG\": 113, \"central 940GZZLUWRP to 940GZZLUHLT\": 113}","direction_id":"{}","headsign":"{}","duration_avg":180.0,"n_vehicles":260,"d":2549,"route_I_counts":"{\"2\": 260}","source":25,"target":24,"layer":"L","from":"Theydon Bois Underground Station","to":"Epping Underground Station"},"geometry":{"type":"LineString","coordinates":[[0.103085,51.671759],[0.113767,51.69368]]}},{"type":"Feature","properties":{"shape_id":"{\"central 940GZZLUEPG to 940GZZLUEBY\": 171, \"central 940GZZLUEPG to 940GZZLUWRP\": 171}","direction_id":"{}","headsign":"{}","duration_avg":191.9298245614035,"n_vehicles":342,"d":2004,"route_I_counts":"{\"2\": 342}","source":26,"target":27,"layer":"L","from":"Debden Underground Station","to":"Loughton Underground Station"},"geometry":{"type":"LineString","coordinates":[[0.083782,51.645386],[0.055476,51.641443]]}},{"type":"Feature","properties":{"shape_id":"{\"central 940GZZLUEBY to 940GZZLUEPG\": 17, \"central 940GZZLUEBY to 940GZZLUHLT\": 17, \"central 940GZZLUWRP to 940GZZLUEPG\": 114, \"central 940GZZLUWRP to 940GZZLUHLT\": 114}","direction_id":"{}","headsign":"{}","duration_avg":180.0,"n_vehicles":262,"d":3224,"route_I_counts":"{\"2\": 262}","source":26,"target":25,"layer":"L","from":"Debden Underground Station","to":"Theydon Bois Underground Station"},"geometry":{"type":"LineString","coordinates":[[0.083782,51.645386],[0.103085,51.671759]]}},{"type":"Feature","properties":{"shape_id":"{\"central 940GZZLUEPG to 940GZZLUEBY\": 168, \"central 940GZZLUEPG to 940GZZLUWRP\": 168}","direction_id":"{}","headsign":"{}","duration_avg":166.78571428571428,"n_vehicles":336,"d":1758,"route_I_counts":"{\"2\": 336}","source":27,"target":28,"layer":"L","from":"Loughton Underground Station","to":"Buckhurst Hill Underground Station"},"geometry":{"type":"LineString","coordinates":[[0.055476,51.641443],[0.046757,51.626605]]}},{"type":"Feature","properties":{"shape_id":"{\"central 940GZZLUEBY to 940GZZLUEPG\": 19, \"central 940GZZLUEBY to 940GZZLUHLT\": 19, \"central 940GZZLUWRP to 940GZZLUEPG\": 118, \"central 940GZZLUWRP to 940GZZLUHLT\": 118}","direction_id":"{}","headsign":"{}","duration_avg":177.37226277372264,"n_vehicles":274,"d":2004,"route_I_counts":"{\"2\": 274}","source":27,"target":26,"layer":"L","from":"Loughton Underground Station","to":"Debden Underground Station"},"geometry":{"type":"LineString","coordinates":[[0.055476,51.641443],[0.083782,51.645386]]}},{"type":"Feature","properties":{"shape_id":"{\"central 940GZZLUEPG to 940GZZLUEBY\": 167, \"central 940GZZLUEPG to 940GZZLUWRP\": 167}","direction_id":"{}","headsign":"{}","duration_avg":180.0,"n_vehicles":334,"d":2365,"route_I_counts":"{\"2\": 334}","source":28,"target":29,"layer":"L","from":"Buckhurst Hill Underground Station","to":"Woodford Underground Station"},"geometry":{"type":"LineString","coordinates":[[0.046757,51.626605],[0.03397,51.606899]]}},{"type":"Feature","properties":{"shape_id":"{\"central 940GZZLUEBY to 940GZZLUEPG\": 22, \"central 940GZZLUEBY to 940GZZLUHLT\": 22, \"central 940GZZLUWRP to 940GZZLUEPG\": 122, \"central 940GZZLUWRP to 940GZZLUHLT\": 122}","direction_id":"{}","headsign":"{}","duration_avg":177.08333333333334,"n_vehicles":288,"d":1758,"route_I_counts":"{\"2\": 288}","source":28,"target":27,"layer":"L","from":"Buckhurst Hill Underground Station","to":"Loughton Underground Station"},"geometry":{"type":"LineString","coordinates":[[0.046757,51.626605],[0.055476,51.641443]]}},{"type":"Feature","properties":{"shape_id":"{\"central 940GZZLUEPG to 940GZZLUEBY\": 167, \"central 940GZZLUEPG to 940GZZLUWRP\": 167, \"central 940GZZLUHLT to 940GZZLUEBY\": 1, \"central 940GZZLUHLT to 940GZZLUWRP\": 1}","direction_id":"{}","headsign":"{}","duration_avg":122.5,"n_vehicles":336,"d":1730,"route_I_counts":"{\"2\": 336}","source":29,"target":30,"layer":"L","from":"Woodford Underground Station","to":"South Woodford Underground Station"},"geometry":{"type":"LineString","coordinates":[[0.03397,51.606899],[0.027338,51.591907]]}},{"type":"Feature","properties":{"shape_id":"{\"central 940GZZLUEBY to 940GZZLUEPG\": 22, \"central 940GZZLUEBY to 940GZZLUHLT\": 22, \"central 940GZZLUWRP to 940GZZLUEPG\": 123, \"central 940GZZLUWRP to 940GZZLUHLT\": 123}","direction_id":"{}","headsign":"{}","duration_avg":122.89655172413794,"n_vehicles":290,"d":2365,"route_I_counts":"{\"2\": 290}","source":29,"target":28,"layer":"L","from":"Woodford Underground Station","to":"Buckhurst Hill Underground Station"},"geometry":{"type":"LineString","coordinates":[[0.03397,51.606899],[0.046757,51.626605]]}},{"type":"Feature","properties":{"shape_id":"{\"central 940GZZLUWRP to 940GZZLUEPG\": 1, \"central 940GZZLUWRP to 940GZZLUHLT\": 1}","direction_id":"{}","headsign":"{}","duration_avg":120.0,"n_vehicles":2,"d":1327,"route_I_counts":"{\"2\": 2}","source":29,"target":68,"layer":"L","from":"Woodford Underground Station","to":"Roding Valley Underground Station"},"geometry":{"type":"LineString","coordinates":[[0.03397,51.606899],[0.043647,51.617199]]}},{"type":"Feature","properties":{"shape_id":"{\"central 940GZZLUEPG to 940GZZLUEBY\": 167, \"central 940GZZLUEPG to 940GZZLUWRP\": 167, \"central 940GZZLUHLT to 940GZZLUEBY\": 1, \"central 940GZZLUHLT to 940GZZLUWRP\": 1}","direction_id":"{}","headsign":"{}","duration_avg":120.0,"n_vehicles":336,"d":1314,"route_I_counts":"{\"2\": 336}","source":30,"target":31,"layer":"L","from":"South Woodford Underground Station","to":"Snaresbrook Underground Station"},"geometry":{"type":"LineString","coordinates":[[0.027338,51.591907],[0.02144,51.580678]]}},{"type":"Feature","properties":{"shape_id":"{\"central 940GZZLUEBY to 940GZZLUEPG\": 22, \"central 940GZZLUEBY to 940GZZLUHLT\": 22, \"central 940GZZLUWRP to 940GZZLUEPG\": 124, \"central 940GZZLUWRP to 940GZZLUHLT\": 124}","direction_id":"{}","headsign":"{}","duration_avg":178.35616438356163,"n_vehicles":292,"d":1730,"route_I_counts":"{\"2\": 292}","source":30,"target":29,"layer":"L","from":"South Woodford Underground Station","to":"Woodford Underground Station"},"geometry":{"type":"LineString","coordinates":[[0.027338,51.591907],[0.03397,51.606899]]}},{"type":"Feature","properties":{"shape_id":"{\"central 940GZZLUEPG to 940GZZLUEBY\": 167, \"central 940GZZLUEPG to 940GZZLUWRP\": 167, \"central 940GZZLUHLT to 940GZZLUEBY\": 1, \"central 940GZZLUHLT to 940GZZLUWRP\": 1}","direction_id":"{}","headsign":"{}","duration_avg":237.14285714285714,"n_vehicles":336,"d":1652,"route_I_counts":"{\"2\": 336}","source":31,"target":32,"layer":"L","from":"Snaresbrook Underground Station","to":"Leytonstone Underground Station"},"geometry":{"type":"LineString","coordinates":[[0.02144,51.580678],[0.008194,51.568324]]}},{"type":"Feature","properties":{"shape_id":"{\"central 940GZZLUEBY to 940GZZLUEPG\": 22, \"central 940GZZLUEBY to 940GZZLUHLT\": 22, \"central 940GZZLUWRP to 940GZZLUEPG\": 124, \"central 940GZZLUWRP to 940GZZLUHLT\": 124}","direction_id":"{}","headsign":"{}","duration_avg":120.0,"n_vehicles":292,"d":1314,"route_I_counts":"{\"2\": 292}","source":31,"target":30,"layer":"L","from":"Snaresbrook Underground Station","to":"South Woodford Underground Station"},"geometry":{"type":"LineString","coordinates":[[0.02144,51.580678],[0.027338,51.591907]]}},{"type":"Feature","properties":{"shape_id":"{\"central 940GZZLUEPG to 940GZZLUEBY\": 167, \"central 940GZZLUEPG to 940GZZLUWRP\": 167}","direction_id":"{}","headsign":"{}","duration_avg":126.10778443113773,"n_vehicles":334,"d":1614,"route_I_counts":"{\"2\": 334}","source":32,"target":33,"layer":"L","from":"Leytonstone Underground Station","to":"Leyton Underground Station"},"geometry":{"type":"LineString","coordinates":[[0.008194,51.568324],[-0.005523,51.556589]]}},{"type":"Feature","properties":{"shape_id":"{\"central 940GZZLUEBY to 940GZZLUEPG\": 22, \"central 940GZZLUEBY to 940GZZLUHLT\": 22, \"central 940GZZLUWRP to 940GZZLUEPG\": 124, \"central 940GZZLUWRP to 940GZZLUHLT\": 124}","direction_id":"{}","headsign":"{}","duration_avg":120.82191780821918,"n_vehicles":292,"d":1652,"route_I_counts":"{\"2\": 292}","source":32,"target":31,"layer":"L","from":"Leytonstone Underground Station","to":"Snaresbrook Underground Station"},"geometry":{"type":"LineString","coordinates":[[0.008194,51.568324],[0.02144,51.580678]]}},{"type":"Feature","properties":{"shape_id":"{\"central 940GZZLUEBY to 940GZZLUEPG\": 136, \"central 940GZZLUEBY to 940GZZLUHLT\": 136, \"central 940GZZLUWRP to 940GZZLUEPG\": 19, \"central 940GZZLUWRP to 940GZZLUHLT\": 19}","direction_id":"{}","headsign":"{}","duration_avg":138.19354838709677,"n_vehicles":310,"d":1617,"route_I_counts":"{\"2\": 310}","source":32,"target":61,"layer":"L","from":"Leytonstone Underground Station","to":"Wanstead Underground Station"},"geometry":{"type":"LineString","coordinates":[[0.008194,51.568324],[0.028527,51.575501]]}},{"type":"Feature","properties":{"shape_id":"{\"central 940GZZLUEPG to 940GZZLUEBY\": 167, \"central 940GZZLUEPG to 940GZZLUWRP\": 167}","direction_id":"{}","headsign":"{}","duration_avg":177.8443113772455,"n_vehicles":334,"d":1651,"route_I_counts":"{\"2\": 334}","source":33,"target":34,"layer":"L","from":"Leyton Underground Station","to":"Stratford Underground Station"},"geometry":{"type":"LineString","coordinates":[[-0.005523,51.556589],[-0.003458,51.541806]]}},{"type":"Feature","properties":{"shape_id":"{\"central 940GZZLUEBY to 940GZZLUEPG\": 158, \"central 940GZZLUEBY to 940GZZLUHLT\": 158, \"central 940GZZLUWRP to 940GZZLUEPG\": 143, \"central 940GZZLUWRP to 940GZZLUHLT\": 143}","direction_id":"{}","headsign":"{}","duration_avg":180.59800664451828,"n_vehicles":602,"d":1614,"route_I_counts":"{\"2\": 602}","source":33,"target":32,"layer":"L","from":"Leyton Underground Station","to":"Leytonstone Underground Station"},"geometry":{"type":"LineString","coordinates":[[-0.005523,51.556589],[0.008194,51.568324]]}},{"type":"Feature","properties":{"shape_id":"{\"central 940GZZLUEPG to 940GZZLUEBY\": 166, \"central 940GZZLUEPG to 940GZZLUWRP\": 166}","direction_id":"{}","headsign":"{}","duration_avg":229.15662650602408,"n_vehicles":332,"d":2795,"route_I_counts":"{\"2\": 332}","source":34,"target":35,"layer":"L","from":"Stratford Underground Station","to":"Mile End Underground Station"},"geometry":{"type":"LineString","coordinates":[[-0.003458,51.541806],[-0.03364,51.525122]]}},{"type":"Feature","properties":{"shape_id":"{\"central 940GZZLUEBY to 940GZZLUEPG\": 158, \"central 940GZZLUEBY to 940GZZLUHLT\": 158, \"central 940GZZLUWRP to 940GZZLUEPG\": 144, \"central 940GZZLUWRP to 940GZZLUHLT\": 144}","direction_id":"{}","headsign":"{}","duration_avg":169.27152317880794,"n_vehicles":604,"d":1651,"route_I_counts":"{\"2\": 604}","source":34,"target":33,"layer":"L","from":"Stratford Underground Station","to":"Leyton Underground Station"},"geometry":{"type":"LineString","coordinates":[[-0.003458,51.541806],[-0.005523,51.556589]]}},{"type":"Feature","properties":{"shape_id":"{\"jubilee 940GZZLUSTD to 940GZZLUSTM\": 381}","direction_id":"{}","headsign":"{}","duration_avg":180.0,"n_vehicles":381,"d":1631,"route_I_counts":"{\"8\": 381}","source":34,"target":110,"layer":"L","from":"Stratford Underground Station","to":"West Ham Underground Station"},"geometry":{"type":"LineString","coordinates":[[-0.003458,51.541806],[0.005055,51.528136]]}},{"type":"Feature","properties":{"shape_id":"{\"central 940GZZLUEPG to 940GZZLUEBY\": 166, \"central 940GZZLUEPG to 940GZZLUWRP\": 166}","direction_id":"{}","headsign":"{}","duration_avg":133.0120481927711,"n_vehicles":332,"d":1532,"route_I_counts":"{\"2\": 332}","source":35,"target":36,"layer":"L","from":"Mile End Underground Station","to":"Bethnal Green Underground Station"},"geometry":{"type":"LineString","coordinates":[[-0.03364,51.525122],[-0.055506,51.527222]]}},{"type":"Feature","properties":{"shape_id":"{\"central 940GZZLUEBY to 940GZZLUEPG\": 158, \"central 940GZZLUEBY to 940GZZLUHLT\": 158, \"central 940GZZLUWRP to 940GZZLUEPG\": 144, \"central 940GZZLUWRP to 940GZZLUHLT\": 144}","direction_id":"{}","headsign":"{}","duration_avg":212.18543046357615,"n_vehicles":604,"d":2795,"route_I_counts":"{\"2\": 604}","source":35,"target":34,"layer":"L","from":"Mile End Underground Station","to":"Stratford Underground Station"},"geometry":{"type":"LineString","coordinates":[[-0.03364,51.525122],[-0.003458,51.541806]]}},{"type":"Feature","properties":{"shape_id":"{\"district 940GZZLUUPM to 940GZZLUEBY\": 229, \"district 940GZZLUUPM to 940GZZLURMD\": 229, \"district 940GZZLUUPM to 940GZZLUWIM\": 229, \"hammersmith-city 940GZZLUBKG to 940GZZLUHSC\": 116}","direction_id":"{}","headsign":"{}","duration_avg":120.0,"n_vehicles":803,"d":968,"route_I_counts":"{\"4\": 687, \"7\": 116}","source":35,"target":113,"layer":"L","from":"Mile End Underground Station","to":"Stepney Green Underground Station"},"geometry":{"type":"LineString","coordinates":[[-0.03364,51.525122],[-0.046596,51.521858]]}},{"type":"Feature","properties":{"shape_id":"{\"district 940GZZLUEBY to 940GZZLUERC\": 105, \"district 940GZZLUEBY to 940GZZLUUPM\": 105, \"district 940GZZLUKOY to 940GZZLUERC\": 2, \"district 940GZZLUKOY to 940GZZLUUPM\": 2, \"district 940GZZLURMD to 940GZZLUERC\": 94, \"district 940GZZLURMD to 940GZZLUUPM\": 94, \"district 940GZZLUWIM to 940GZZLUERC\": 67, \"district 940GZZLUWIM to 940GZZLUUPM\": 67, \"hammersmith-city 940GZZLUHSC to 940GZZLUBKG\": 107}","direction_id":"{}","headsign":"{}","duration_avg":90.97978227060653,"n_vehicles":643,"d":623,"route_I_counts":"{\"4\": 536, \"7\": 107}","source":35,"target":112,"layer":"L","from":"Mile End Underground Station","to":"Bow Road Underground Station"},"geometry":{"type":"LineString","coordinates":[[-0.03364,51.525122],[-0.025128,51.52694]]}},{"type":"Feature","properties":{"shape_id":"{\"central 940GZZLUEBY to 940GZZLUEPG\": 159, \"central 940GZZLUEBY to 940GZZLUHLT\": 159, \"central 940GZZLUWRP to 940GZZLUEPG\": 144, \"central 940GZZLUWRP to 940GZZLUHLT\": 144}","direction_id":"{}","headsign":"{}","duration_avg":147.32673267326732,"n_vehicles":606,"d":1532,"route_I_counts":"{\"2\": 606}","source":36,"target":35,"layer":"L","from":"Bethnal Green Underground Station","to":"Mile End Underground Station"},"geometry":{"type":"LineString","coordinates":[[-0.055506,51.527222],[-0.03364,51.525122]]}},{"type":"Feature","properties":{"duration_avg":226.9879518072289,"n_vehicles":332,"d":2208,"route_I_counts":"{\"2\": 332}","shape_id":"{\"central 940GZZLUEPG to 940GZZLUEBY\": 166, \"central 940GZZLUEPG to 940GZZLUWRP\": 166}","direction_id":"{}","headsign":"{}","source":36,"target":97,"layer":"L","from":"Bethnal Green Underground Station","to":"Moorgate Underground Station"},"geometry":{"type":"LineString","coordinates":[[-0.055506,51.527222],[-0.088322,51.518176]]}},{"type":"Feature","properties":{"shape_id":"{\"central 940GZZLUEPG to 940GZZLUEBY\": 165, \"central 940GZZLUEPG to 940GZZLUWRP\": 165}","direction_id":"{}","headsign":"{}","duration_avg":78.54545454545455,"n_vehicles":330,"d":709,"route_I_counts":"{\"2\": 330}","source":37,"target":38,"layer":"L","from":"Bank Underground Station","to":"St. Paul's Underground Station"},"geometry":{"type":"LineString","coordinates":[[-0.088083,51.512542],[-0.097567,51.514936]]}},{"type":"Feature","properties":{"shape_id":"{\"northern 940GZZLUEGW to 940GZZLUMDN\": 171, \"northern 940GZZLUHBT to 940GZZLUMDN\": 174, \"northern 940GZZLUMHL to 940GZZLUMDN\": 6}","direction_id":"{}","headsign":"{}","duration_avg":120.0,"n_vehicles":351,"d":761,"route_I_counts":"{\"11\": 351}","source":37,"target":141,"layer":"L","from":"Bank Underground Station","to":"London Bridge Underground Station"},"geometry":{"type":"LineString","coordinates":[[-0.088083,51.512542],[-0.088873,51.505721]]}},{"type":"Feature","properties":{"shape_id":"{\"northern 940GZZLUMDN to 940GZZLUEGW\": 367, \"northern 940GZZLUMDN to 940GZZLUHBT\": 367, \"northern 940GZZLUMDN to 940GZZLUMHL\": 367, \"central 940GZZLUEBY to 940GZZLUEPG\": 159, \"central 940GZZLUEBY to 940GZZLUHLT\": 159, \"central 940GZZLUWRP to 940GZZLUEPG\": 145, \"central 940GZZLUWRP to 940GZZLUHLT\": 145}","direction_id":"{}","headsign":"{}","duration_avg":124.3133335723505,"n_vehicles":1709,"d":627,"route_I_counts":"{\"11\": 1101, \"2\": 608}","source":37,"target":97,"layer":"L","from":"Bank Underground Station","to":"Moorgate Underground Station"},"geometry":{"type":"LineString","coordinates":[[-0.088083,51.512542],[-0.088322,51.518176]]}},{"type":"Feature","properties":{"shape_id":"{\"waterloo-city 940GZZLUBNK to 940GZZLUWLO\": 285}","direction_id":"{}","headsign":"{}","duration_avg":180.0,"n_vehicles":285,"d":2116,"route_I_counts":"{\"22\": 285}","source":37,"target":21,"layer":"L","from":"Bank Underground Station","to":"Waterloo Underground Station"},"geometry":{"type":"LineString","coordinates":[[-0.088083,51.512542],[-0.11478,51.503299]]}},{"type":"Feature","properties":{"duration_avg":120.88757396449704,"n_vehicles":676,"d":657,"route_I_counts":"{\"3\": 2, \"4\": 674}","shape_id":"{\"circle 940GZZLUERC to 940GZZLUHSC\": 2, \"district 940GZZLUEBY to 940GZZLUERC\": 110, \"district 940GZZLUEBY to 940GZZLUUPM\": 110, \"district 940GZZLUKOY to 940GZZLUERC\": 2, \"district 940GZZLUKOY to 940GZZLUUPM\": 2, \"district 940GZZLURMD to 940GZZLUERC\": 107, \"district 940GZZLURMD to 940GZZLUUPM\": 107, \"district 940GZZLUWIM to 940GZZLUERC\": 118, \"district 940GZZLUWIM to 940GZZLUUPM\": 118}","direction_id":"{}","headsign":"{}","source":37,"target":84,"layer":"L","from":"Bank Underground Station","to":"Tower Hill Underground Station"},"geometry":{"type":"LineString","coordinates":[[-0.088083,51.512542],[-0.076546,51.509971]]}},{"type":"Feature","properties":{"duration_avg":66.84410646387833,"n_vehicles":789,"d":322,"route_I_counts":"{\"3\": 108, \"4\": 681}","shape_id":"{\"circle 940GZZLUHSC to 940GZZLUERC\": 108, \"district 940GZZLUUPM to 940GZZLUEBY\": 227, \"district 940GZZLUUPM to 940GZZLURMD\": 227, \"district 940GZZLUUPM to 940GZZLUWIM\": 227}","direction_id":"{}","headsign":"{}","source":37,"target":83,"layer":"L","from":"Bank Underground Station","to":"Cannon Street Underground Station"},"geometry":{"type":"LineString","coordinates":[[-0.088083,51.512542],[-0.090432,51.51151]]}},{"type":"Feature","properties":{"shape_id":"{\"central 940GZZLUEPG to 940GZZLUEBY\": 165, \"central 940GZZLUEPG to 940GZZLUWRP\": 165}","direction_id":"{}","headsign":"{}","duration_avg":120.0,"n_vehicles":330,"d":1038,"route_I_counts":"{\"2\": 330}","source":38,"target":39,"layer":"L","from":"St. Paul's Underground Station","to":"Chancery Lane Underground Station"},"geometry":{"type":"LineString","coordinates":[[-0.097567,51.514936],[-0.111583,51.518247]]}},{"type":"Feature","properties":{"shape_id":"{\"central 940GZZLUEBY to 940GZZLUEPG\": 160, \"central 940GZZLUEBY to 940GZZLUHLT\": 160, \"central 940GZZLUWRP to 940GZZLUEPG\": 145, \"central 940GZZLUWRP to 940GZZLUHLT\": 145}","direction_id":"{}","headsign":"{}","duration_avg":120.0,"n_vehicles":610,"d":709,"route_I_counts":"{\"2\": 610}","source":38,"target":37,"layer":"L","from":"St. Paul's Underground Station","to":"Bank Underground Station"},"geometry":{"type":"LineString","coordinates":[[-0.097567,51.514936],[-0.088083,51.512542]]}},{"type":"Feature","properties":{"shape_id":"{\"central 940GZZLUEPG to 940GZZLUEBY\": 165, \"central 940GZZLUEPG to 940GZZLUWRP\": 165}","direction_id":"{}","headsign":"{}","duration_avg":108.36363636363636,"n_vehicles":330,"d":620,"route_I_counts":"{\"2\": 330}","source":39,"target":40,"layer":"L","from":"Chancery Lane Underground Station","to":"Holborn Underground Station"},"geometry":{"type":"LineString","coordinates":[[-0.111583,51.518247],[-0.120475,51.51758]]}},{"type":"Feature","properties":{"shape_id":"{\"central 940GZZLUEBY to 940GZZLUEPG\": 160, \"central 940GZZLUEBY to 940GZZLUHLT\": 160, \"central 940GZZLUWRP to 940GZZLUEPG\": 145, \"central 940GZZLUWRP to 940GZZLUHLT\": 145}","direction_id":"{}","headsign":"{}","duration_avg":115.8688524590164,"n_vehicles":610,"d":1038,"route_I_counts":"{\"2\": 610}","source":39,"target":38,"layer":"L","from":"Chancery Lane Underground Station","to":"St. Paul's Underground Station"},"geometry":{"type":"LineString","coordinates":[[-0.111583,51.518247],[-0.097567,51.514936]]}},{"type":"Feature","properties":{"shape_id":"{\"central 940GZZLUEPG to 940GZZLUEBY\": 165, \"central 940GZZLUEPG to 940GZZLUWRP\": 165}","direction_id":"{}","headsign":"{}","duration_avg":71.63636363636364,"n_vehicles":330,"d":700,"route_I_counts":"{\"2\": 330}","source":40,"target":41,"layer":"L","from":"Holborn Underground Station","to":"Tottenham Court Road Underground Station"},"geometry":{"type":"LineString","coordinates":[[-0.120475,51.51758],[-0.13041,51.516426]]}},{"type":"Feature","properties":{"shape_id":"{\"central 940GZZLUEBY to 940GZZLUEPG\": 160, \"central 940GZZLUEBY to 940GZZLUHLT\": 160, \"central 940GZZLUWRP to 940GZZLUEPG\": 145, \"central 940GZZLUWRP to 940GZZLUHLT\": 145}","direction_id":"{}","headsign":"{}","duration_avg":65.11475409836065,"n_vehicles":610,"d":620,"route_I_counts":"{\"2\": 610}","source":40,"target":39,"layer":"L","from":"Holborn Underground Station","to":"Chancery Lane Underground Station"},"geometry":{"type":"LineString","coordinates":[[-0.120475,51.51758],[-0.111583,51.518247]]}},{"type":"Feature","properties":{"shape_id":"{\"piccadilly 940GZZLUCKS to 940GZZLUHR5\": 267, \"piccadilly 940GZZLUCKS to 940GZZLUHRC\": 267, \"piccadilly 940GZZLUCKS to 940GZZLUUXB\": 267}","direction_id":"{}","headsign":"{}","duration_avg":120.0,"n_vehicles":801,"d":569,"route_I_counts":"{\"12\": 801}","source":40,"target":234,"layer":"L","from":"Holborn Underground Station","to":"Covent Garden Underground Station"},"geometry":{"type":"LineString","coordinates":[[-0.120475,51.51758],[-0.124436,51.513093]]}},{"type":"Feature","properties":{"shape_id":"{\"piccadilly 940GZZLUHR4 to 940GZZLUCKS\": 104, \"piccadilly 940GZZLUHR5 to 940GZZLUCKS\": 104, \"piccadilly 940GZZLUUXB to 940GZZLUCKS\": 57}","direction_id":"{}","headsign":"{}","duration_avg":104.37735849056604,"n_vehicles":265,"d":665,"route_I_counts":"{\"12\": 265}","source":40,"target":233,"layer":"L","from":"Holborn Underground Station","to":"Russell Square Underground Station"},"geometry":{"type":"LineString","coordinates":[[-0.120475,51.51758],[-0.124285,51.523073]]}},{"type":"Feature","properties":{"shape_id":"{\"central 940GZZLUEPG to 940GZZLUEBY\": 165, \"central 940GZZLUEPG to 940GZZLUWRP\": 165}","direction_id":"{}","headsign":"{}","duration_avg":112.36363636363636,"n_vehicles":330,"d":807,"route_I_counts":"{\"2\": 330}","source":41,"target":17,"layer":"L","from":"Tottenham Court Road Underground Station","to":"Oxford Circus Underground Station"},"geometry":{"type":"LineString","coordinates":[[-0.13041,51.516426],[-0.141903,51.515224]]}},{"type":"Feature","properties":{"shape_id":"{\"central 940GZZLUEBY to 940GZZLUEPG\": 160, \"central 940GZZLUEBY to 940GZZLUHLT\": 160, \"central 940GZZLUWRP to 940GZZLUEPG\": 146, \"central 940GZZLUWRP to 940GZZLUHLT\": 146}","direction_id":"{}","headsign":"{}","duration_avg":120.0,"n_vehicles":612,"d":700,"route_I_counts":"{\"2\": 612}","source":41,"target":40,"layer":"L","from":"Tottenham Court Road Underground Station","to":"Holborn Underground Station"},"geometry":{"type":"LineString","coordinates":[[-0.13041,51.516426],[-0.120475,51.51758]]}},{"type":"Feature","properties":{"shape_id":"{\"northern 940GZZLUEGW to 940GZZLUMDN\": 177, \"northern 940GZZLUHBT to 940GZZLUMDN\": 152, \"northern 940GZZLUMHL to 940GZZLUMDN\": 25}","direction_id":"{}","headsign":"{}","duration_avg":85.42372881355932,"n_vehicles":354,"d":577,"route_I_counts":"{\"11\": 354}","source":41,"target":195,"layer":"L","from":"Tottenham Court Road Underground Station","to":"Leicester Square Underground Station"},"geometry":{"type":"LineString","coordinates":[[-0.13041,51.516426],[-0.128426,51.511386]]}},{"type":"Feature","properties":{"shape_id":"{\"northern 940GZZLUMDN to 940GZZLUEGW\": 38, \"northern 940GZZLUMDN to 940GZZLUHBT\": 38, \"northern 940GZZLUMDN to 940GZZLUMHL\": 38}","direction_id":"{}","headsign":"{}","duration_avg":120.0,"n_vehicles":114,"d":539,"route_I_counts":"{\"11\": 114}","source":41,"target":194,"layer":"L","from":"Tottenham Court Road Underground Station","to":"Goodge Street Underground Station"},"geometry":{"type":"LineString","coordinates":[[-0.13041,51.516426],[-0.134361,51.520599]]}},{"type":"Feature","properties":{"shape_id":"{\"central 940GZZLUEPG to 940GZZLUEBY\": 164, \"central 940GZZLUEPG to 940GZZLUWRP\": 164}","direction_id":"{}","headsign":"{}","duration_avg":114.51219512195122,"n_vehicles":328,"d":646,"route_I_counts":"{\"2\": 328}","source":42,"target":43,"layer":"L","from":"Bond Street Underground Station","to":"Marble Arch Underground Station"},"geometry":{"type":"LineString","coordinates":[[-0.149723,51.514304],[-0.158953,51.513424]]}},{"type":"Feature","properties":{"shape_id":"{\"central 940GZZLUEBY to 940GZZLUEPG\": 161, \"central 940GZZLUEBY to 940GZZLUHLT\": 161, \"central 940GZZLUWRP to 940GZZLUEPG\": 146, \"central 940GZZLUWRP to 940GZZLUHLT\": 146}","direction_id":"{}","headsign":"{}","duration_avg":92.24755700325733,"n_vehicles":614,"d":551,"route_I_counts":"{\"2\": 614}","source":42,"target":17,"layer":"L","from":"Bond Street Underground Station","to":"Oxford Circus Underground Station"},"geometry":{"type":"LineString","coordinates":[[-0.149723,51.514304],[-0.141903,51.515224]]}},{"type":"Feature","properties":{"shape_id":"{\"jubilee 940GZZLUSTD to 940GZZLUSTM\": 375}","direction_id":"{}","headsign":"{}","duration_avg":141.44,"n_vehicles":375,"d":1084,"route_I_counts":"{\"8\": 375}","source":42,"target":15,"layer":"L","from":"Bond Street Underground Station","to":"Baker Street Underground Station"},"geometry":{"type":"LineString","coordinates":[[-0.149723,51.514304],[-0.15713,51.522883]]}},{"type":"Feature","properties":{"shape_id":"{\"jubilee 940GZZLUSTM to 940GZZLUSTD\": 304}","direction_id":"{}","headsign":"{}","duration_avg":110.32894736842105,"n_vehicles":304,"d":949,"route_I_counts":"{\"8\": 304}","source":42,"target":143,"layer":"L","from":"Bond Street Underground Station","to":"Green Park Underground Station"},"geometry":{"type":"LineString","coordinates":[[-0.149723,51.514304],[-0.142787,51.506947]]}},{"type":"Feature","properties":{"shape_id":"{\"central 940GZZLUEPG to 940GZZLUEBY\": 164, \"central 940GZZLUEPG to 940GZZLUWRP\": 164}","direction_id":"{}","headsign":"{}","duration_avg":67.6829268292683,"n_vehicles":328,"d":1161,"route_I_counts":"{\"2\": 328}","source":43,"target":44,"layer":"L","from":"Marble Arch Underground Station","to":"Lancaster Gate Underground Station"},"geometry":{"type":"LineString","coordinates":[[-0.158953,51.513424],[-0.175494,51.511723]]}},{"type":"Feature","properties":{"shape_id":"{\"central 940GZZLUEBY to 940GZZLUEPG\": 161, \"central 940GZZLUEBY to 940GZZLUHLT\": 161, \"central 940GZZLUWRP to 940GZZLUEPG\": 146, \"central 940GZZLUWRP to 940GZZLUHLT\": 146}","direction_id":"{}","headsign":"{}","duration_avg":60.0,"n_vehicles":614,"d":646,"route_I_counts":"{\"2\": 614}","source":43,"target":42,"layer":"L","from":"Marble Arch Underground Station","to":"Bond Street Underground Station"},"geometry":{"type":"LineString","coordinates":[[-0.158953,51.513424],[-0.149723,51.514304]]}},{"type":"Feature","properties":{"shape_id":"{\"central 940GZZLUEPG to 940GZZLUEBY\": 164, \"central 940GZZLUEPG to 940GZZLUWRP\": 164}","direction_id":"{}","headsign":"{}","duration_avg":120.0,"n_vehicles":328,"d":822,"route_I_counts":"{\"2\": 328}","source":44,"target":45,"layer":"L","from":"Lancaster Gate Underground Station","to":"Queensway Underground Station"},"geometry":{"type":"LineString","coordinates":[[-0.175494,51.511723],[-0.187152,51.510312]]}},{"type":"Feature","properties":{"shape_id":"{\"central 940GZZLUEBY to 940GZZLUEPG\": 161, \"central 940GZZLUEBY to 940GZZLUHLT\": 161, \"central 940GZZLUWRP to 940GZZLUEPG\": 146, \"central 940GZZLUWRP to 940GZZLUHLT\": 146}","direction_id":"{}","headsign":"{}","duration_avg":151.85667752442995,"n_vehicles":614,"d":1161,"route_I_counts":"{\"2\": 614}","source":44,"target":43,"layer":"L","from":"Lancaster Gate Underground Station","to":"Marble Arch Underground Station"},"geometry":{"type":"LineString","coordinates":[[-0.175494,51.511723],[-0.158953,51.513424]]}},{"type":"Feature","properties":{"shape_id":"{\"central 940GZZLUEPG to 940GZZLUEBY\": 164, \"central 940GZZLUEPG to 940GZZLUWRP\": 164}","direction_id":"{}","headsign":"{}","duration_avg":114.8780487804878,"n_vehicles":328,"d":634,"route_I_counts":"{\"2\": 328}","source":45,"target":46,"layer":"L","from":"Queensway Underground Station","to":"Notting Hill Gate Underground Station"},"geometry":{"type":"LineString","coordinates":[[-0.187152,51.510312],[-0.196104,51.509128]]}},{"type":"Feature","properties":{"shape_id":"{\"central 940GZZLUEBY to 940GZZLUEPG\": 161, \"central 940GZZLUEBY to 940GZZLUHLT\": 161, \"central 940GZZLUWRP to 940GZZLUEPG\": 146, \"central 940GZZLUWRP to 940GZZLUHLT\": 146}","direction_id":"{}","headsign":"{}","duration_avg":88.14332247557003,"n_vehicles":614,"d":822,"route_I_counts":"{\"2\": 614}","source":45,"target":44,"layer":"L","from":"Queensway Underground Station","to":"Lancaster Gate Underground Station"},"geometry":{"type":"LineString","coordinates":[[-0.187152,51.510312],[-0.175494,51.511723]]}},{"type":"Feature","properties":{"shape_id":"{\"central 940GZZLUEPG to 940GZZLUEBY\": 164, \"central 940GZZLUEPG to 940GZZLUWRP\": 164}","direction_id":"{}","headsign":"{}","duration_avg":65.1219512195122,"n_vehicles":328,"d":699,"route_I_counts":"{\"2\": 328}","source":46,"target":47,"layer":"L","from":"Notting Hill Gate Underground Station","to":"Holland Park Underground Station"},"geometry":{"type":"LineString","coordinates":[[-0.196104,51.509128],[-0.205679,51.507143]]}},{"type":"Feature","properties":{"shape_id":"{\"central 940GZZLUEBY to 940GZZLUEPG\": 161, \"central 940GZZLUEBY to 940GZZLUHLT\": 161, \"central 940GZZLUWRP to 940GZZLUEPG\": 147, \"central 940GZZLUWRP to 940GZZLUHLT\": 147}","direction_id":"{}","headsign":"{}","duration_avg":91.75324675324676,"n_vehicles":616,"d":634,"route_I_counts":"{\"2\": 616}","source":46,"target":45,"layer":"L","from":"Notting Hill Gate Underground Station","to":"Queensway Underground Station"},"geometry":{"type":"LineString","coordinates":[[-0.196104,51.509128],[-0.187152,51.510312]]}},{"type":"Feature","properties":{"shape_id":"{\"circle 940GZZLUERC to 940GZZLUHSC\": 3, \"district 940GZZLUERC to 940GZZLUEBY\": 108, \"district 940GZZLUERC to 940GZZLUKOY\": 108, \"district 940GZZLUERC to 940GZZLURMD\": 108, \"district 940GZZLUERC to 940GZZLUWIM\": 108}","direction_id":"{}","headsign":"{}","duration_avg":180.13793103448276,"n_vehicles":435,"d":927,"route_I_counts":"{\"3\": 3, \"4\": 432}","source":46,"target":73,"layer":"L","from":"Notting Hill Gate Underground Station","to":"High Street Kensington Underground Station"},"geometry":{"type":"LineString","coordinates":[[-0.196104,51.509128],[-0.192792,51.501055]]}},{"type":"Feature","properties":{"shape_id":"{\"circle 940GZZLUHSC to 940GZZLUERC\": 105, \"district 940GZZLUKOY to 940GZZLUERC\": 1, \"district 940GZZLUKOY to 940GZZLUUPM\": 1, \"district 940GZZLUWIM to 940GZZLUERC\": 106, \"district 940GZZLUWIM to 940GZZLUUPM\": 106}","direction_id":"{}","headsign":"{}","duration_avg":120.0,"n_vehicles":319,"d":665,"route_I_counts":"{\"3\": 105, \"4\": 214}","source":46,"target":72,"layer":"L","from":"Notting Hill Gate Underground Station","to":"Bayswater Underground Station"},"geometry":{"type":"LineString","coordinates":[[-0.196104,51.509128],[-0.187938,51.512284]]}},{"type":"Feature","properties":{"shape_id":"{\"central 940GZZLUEPG to 940GZZLUEBY\": 164, \"central 940GZZLUEPG to 940GZZLUWRP\": 164}","direction_id":"{}","headsign":"{}","duration_avg":120.0,"n_vehicles":328,"d":960,"route_I_counts":"{\"2\": 328}","source":47,"target":48,"layer":"L","from":"Holland Park Underground Station","to":"Shepherd's Bush (Central) Underground Station"},"geometry":{"type":"LineString","coordinates":[[-0.205679,51.507143],[-0.218813,51.504376]]}},{"type":"Feature","properties":{"shape_id":"{\"central 940GZZLUEBY to 940GZZLUEPG\": 161, \"central 940GZZLUEBY to 940GZZLUHLT\": 161, \"central 940GZZLUWRP to 940GZZLUEPG\": 147, \"central 940GZZLUWRP to 940GZZLUHLT\": 147}","direction_id":"{}","headsign":"{}","duration_avg":88.24675324675324,"n_vehicles":616,"d":699,"route_I_counts":"{\"2\": 616}","source":47,"target":46,"layer":"L","from":"Holland Park Underground Station","to":"Notting Hill Gate Underground Station"},"geometry":{"type":"LineString","coordinates":[[-0.205679,51.507143],[-0.196104,51.509128]]}},{"type":"Feature","properties":{"shape_id":"{\"central 940GZZLUEPG to 940GZZLUEBY\": 163, \"central 940GZZLUEPG to 940GZZLUWRP\": 163}","direction_id":"{}","headsign":"{}","duration_avg":237.7914110429448,"n_vehicles":326,"d":925,"route_I_counts":"{\"2\": 326}","source":48,"target":49,"layer":"L","from":"Shepherd's Bush (Central) Underground Station","to":"White City Underground Station"},"geometry":{"type":"LineString","coordinates":[[-0.218813,51.504376],[-0.224297,51.511959]]}},{"type":"Feature","properties":{"shape_id":"{\"central 940GZZLUEBY to 940GZZLUEPG\": 161, \"central 940GZZLUEBY to 940GZZLUHLT\": 161, \"central 940GZZLUWRP to 940GZZLUEPG\": 147, \"central 940GZZLUWRP to 940GZZLUHLT\": 147}","direction_id":"{}","headsign":"{}","duration_avg":120.0,"n_vehicles":616,"d":960,"route_I_counts":"{\"2\": 616}","source":48,"target":47,"layer":"L","from":"Shepherd's Bush (Central) Underground Station","to":"Holland Park Underground Station"},"geometry":{"type":"LineString","coordinates":[[-0.218813,51.504376],[-0.205679,51.507143]]}},{"type":"Feature","properties":{"shape_id":"{\"central 940GZZLUEPG to 940GZZLUEBY\": 157, \"central 940GZZLUEPG to 940GZZLUWRP\": 157}","direction_id":"{}","headsign":"{}","duration_avg":176.94267515923568,"n_vehicles":314,"d":1672,"route_I_counts":"{\"2\": 314}","source":49,"target":50,"layer":"L","from":"White City Underground Station","to":"East Acton Underground Station"},"geometry":{"type":"LineString","coordinates":[[-0.224297,51.511959],[-0.247248,51.516612]]}},{"type":"Feature","properties":{"shape_id":"{\"central 940GZZLUEBY to 940GZZLUEPG\": 162, \"central 940GZZLUEBY to 940GZZLUHLT\": 162, \"central 940GZZLUWRP to 940GZZLUEPG\": 147, \"central 940GZZLUWRP to 940GZZLUHLT\": 147}","direction_id":"{}","headsign":"{}","duration_avg":151.84466019417476,"n_vehicles":618,"d":925,"route_I_counts":"{\"2\": 618}","source":49,"target":48,"layer":"L","from":"White City Underground Station","to":"Shepherd's Bush (Central) Underground Station"},"geometry":{"type":"LineString","coordinates":[[-0.224297,51.511959],[-0.218813,51.504376]]}},{"type":"Feature","properties":{"duration_avg":120.0,"n_vehicles":222,"d":623,"route_I_counts":"{\"3\": 108, \"7\": 114}","shape_id":"{\"circle 940GZZLUHSC to 940GZZLUERC\": 108, \"hammersmith-city 940GZZLUHSC to 940GZZLUBKG\": 114}","direction_id":"{}","headsign":"{}","source":49,"target":89,"layer":"L","from":"White City Underground Station","to":"Latimer Road Underground Station"},"geometry":{"type":"LineString","coordinates":[[-0.224297,51.511959],[-0.217799,51.513389]]}},{"type":"Feature","properties":{"duration_avg":60.0,"n_vehicles":112,"d":472,"route_I_counts":"{\"7\": 112}","shape_id":"{\"hammersmith-city 940GZZLUBKG to 940GZZLUHSC\": 112}","direction_id":"{}","headsign":"{}","source":49,"target":88,"layer":"L","from":"White City Underground Station","to":"Shepherd's Bush Market Underground Station"},"geometry":{"type":"LineString","coordinates":[[-0.224297,51.511959],[-0.226375,51.505579]]}},{"type":"Feature","properties":{"shape_id":"{\"central 940GZZLUEPG to 940GZZLUEBY\": 157, \"central 940GZZLUEPG to 940GZZLUWRP\": 157}","direction_id":"{}","headsign":"{}","duration_avg":120.0,"n_vehicles":314,"d":1158,"route_I_counts":"{\"2\": 314}","source":50,"target":51,"layer":"L","from":"East Acton Underground Station","to":"North Acton Underground Station"},"geometry":{"type":"LineString","coordinates":[[-0.247248,51.516612],[-0.259755,51.523524]]}},{"type":"Feature","properties":{"shape_id":"{\"central 940GZZLUEBY to 940GZZLUEPG\": 162, \"central 940GZZLUEBY to 940GZZLUHLT\": 162, \"central 940GZZLUWRP to 940GZZLUEPG\": 147, \"central 940GZZLUWRP to 940GZZLUHLT\": 147}","direction_id":"{}","headsign":"{}","duration_avg":208.15533980582524,"n_vehicles":618,"d":1672,"route_I_counts":"{\"2\": 618}","source":50,"target":49,"layer":"L","from":"East Acton Underground Station","to":"White City Underground Station"},"geometry":{"type":"LineString","coordinates":[[-0.247248,51.516612],[-0.224297,51.511959]]}},{"type":"Feature","properties":{"shape_id":"{\"central 940GZZLUEPG to 940GZZLUEBY\": 129, \"central 940GZZLUEPG to 940GZZLUWRP\": 129}","direction_id":"{}","headsign":"{}","duration_avg":180.0,"n_vehicles":258,"d":2399,"route_I_counts":"{\"2\": 258}","source":51,"target":52,"layer":"L","from":"North Acton Underground Station","to":"Hanger Lane Underground Station"},"geometry":{"type":"LineString","coordinates":[[-0.259755,51.523524],[-0.292704,51.530177]]}},{"type":"Feature","properties":{"shape_id":"{\"central 940GZZLUEPG to 940GZZLUEBY\": 19, \"central 940GZZLUEPG to 940GZZLUWRP\": 19}","direction_id":"{}","headsign":"{}","duration_avg":180.0,"n_vehicles":38,"d":1593,"route_I_counts":"{\"2\": 38}","source":51,"target":59,"layer":"L","from":"North Acton Underground Station","to":"West Acton Underground Station"},"geometry":{"type":"LineString","coordinates":[[-0.259755,51.523524],[-0.28098,51.518001]]}},{"type":"Feature","properties":{"shape_id":"{\"central 940GZZLUEBY to 940GZZLUEPG\": 162, \"central 940GZZLUEBY to 940GZZLUHLT\": 162, \"central 940GZZLUWRP to 940GZZLUEPG\": 148, \"central 940GZZLUWRP to 940GZZLUHLT\": 148}","direction_id":"{}","headsign":"{}","duration_avg":120.0,"n_vehicles":620,"d":1158,"route_I_counts":"{\"2\": 620}","source":51,"target":50,"layer":"L","from":"North Acton Underground Station","to":"East Acton Underground Station"},"geometry":{"type":"LineString","coordinates":[[-0.259755,51.523524],[-0.247248,51.516612]]}},{"type":"Feature","properties":{"shape_id":"{\"central 940GZZLUEPG to 940GZZLUEBY\": 129, \"central 940GZZLUEPG to 940GZZLUWRP\": 129}","direction_id":"{}","headsign":"{}","duration_avg":171.62790697674419,"n_vehicles":258,"d":2249,"route_I_counts":"{\"2\": 258}","source":52,"target":53,"layer":"L","from":"Hanger Lane Underground Station","to":"Perivale Underground Station"},"geometry":{"type":"LineString","coordinates":[[-0.292704,51.530177],[-0.323446,51.536717]]}},{"type":"Feature","properties":{"shape_id":"{\"central 940GZZLUWRP to 940GZZLUEPG\": 148, \"central 940GZZLUWRP to 940GZZLUHLT\": 148}","direction_id":"{}","headsign":"{}","duration_avg":187.7027027027027,"n_vehicles":296,"d":2399,"route_I_counts":"{\"2\": 296}","source":52,"target":51,"layer":"L","from":"Hanger Lane Underground Station","to":"North Acton Underground Station"},"geometry":{"type":"LineString","coordinates":[[-0.292704,51.530177],[-0.259755,51.523524]]}},{"type":"Feature","properties":{"duration_avg":210.35294117647058,"n_vehicles":255,"d":1837,"route_I_counts":"{\"12\": 255}","shape_id":"{\"piccadilly 940GZZLUCKS to 940GZZLUHR5\": 85, \"piccadilly 940GZZLUCKS to 940GZZLUHRC\": 85, \"piccadilly 940GZZLUCKS to 940GZZLUUXB\": 85}","direction_id":"{}","headsign":"{}","source":52,"target":249,"layer":"L","from":"Hanger Lane Underground Station","to":"Alperton Underground Station"},"geometry":{"type":"LineString","coordinates":[[-0.292704,51.530177],[-0.29961,51.540627]]}},{"type":"Feature","properties":{"duration_avg":180.0,"n_vehicles":60,"d":1115,"route_I_counts":"{\"12\": 60}","shape_id":"{\"piccadilly 940GZZLUUXB to 940GZZLUCKS\": 60}","direction_id":"{}","headsign":"{}","source":52,"target":248,"layer":"L","from":"Hanger Lane Underground Station","to":"North Ealing Underground Station"},"geometry":{"type":"LineString","coordinates":[[-0.292704,51.530177],[-0.288868,51.517505]]}},{"type":"Feature","properties":{"shape_id":"{\"central 940GZZLUEPG to 940GZZLUEBY\": 129, \"central 940GZZLUEPG to 940GZZLUWRP\": 129}","direction_id":"{}","headsign":"{}","duration_avg":128.37209302325581,"n_vehicles":258,"d":1689,"route_I_counts":"{\"2\": 258}","source":53,"target":54,"layer":"L","from":"Perivale Underground Station","to":"Greenford Underground Station"},"geometry":{"type":"LineString","coordinates":[[-0.323446,51.536717],[-0.34605,51.542424]]}},{"type":"Feature","properties":{"shape_id":"{\"central 940GZZLUWRP to 940GZZLUEPG\": 148, \"central 940GZZLUWRP to 940GZZLUHLT\": 148}","direction_id":"{}","headsign":"{}","duration_avg":172.2972972972973,"n_vehicles":296,"d":2249,"route_I_counts":"{\"2\": 296}","source":53,"target":52,"layer":"L","from":"Perivale Underground Station","to":"Hanger Lane Underground Station"},"geometry":{"type":"LineString","coordinates":[[-0.323446,51.536717],[-0.292704,51.530177]]}},{"type":"Feature","properties":{"shape_id":"{\"central 940GZZLUEPG to 940GZZLUEBY\": 129, \"central 940GZZLUEPG to 940GZZLUWRP\": 129}","direction_id":"{}","headsign":"{}","duration_avg":166.51162790697674,"n_vehicles":258,"d":1696,"route_I_counts":"{\"2\": 258}","source":54,"target":55,"layer":"L","from":"Greenford Underground Station","to":"Northolt Underground Station"},"geometry":{"type":"LineString","coordinates":[[-0.34605,51.542424],[-0.368699,51.548236]]}},{"type":"Feature","properties":{"shape_id":"{\"central 940GZZLUWRP to 940GZZLUEPG\": 148, \"central 940GZZLUWRP to 940GZZLUHLT\": 148}","direction_id":"{}","headsign":"{}","duration_avg":120.0,"n_vehicles":296,"d":1689,"route_I_counts":"{\"2\": 296}","source":54,"target":53,"layer":"L","from":"Greenford Underground Station","to":"Perivale Underground Station"},"geometry":{"type":"LineString","coordinates":[[-0.34605,51.542424],[-0.323446,51.536717]]}},{"type":"Feature","properties":{"shape_id":"{\"central 940GZZLUEPG to 940GZZLUEBY\": 117, \"central 940GZZLUEPG to 940GZZLUWRP\": 117}","direction_id":"{}","headsign":"{}","duration_avg":120.0,"n_vehicles":234,"d":2300,"route_I_counts":"{\"2\": 234}","source":55,"target":56,"layer":"L","from":"Northolt Underground Station","to":"South Ruislip Underground Station"},"geometry":{"type":"LineString","coordinates":[[-0.368699,51.548236],[-0.398915,51.556853]]}},{"type":"Feature","properties":{"shape_id":"{\"central 940GZZLUWRP to 940GZZLUEPG\": 148, \"central 940GZZLUWRP to 940GZZLUHLT\": 148}","direction_id":"{}","headsign":"{}","duration_avg":120.0,"n_vehicles":296,"d":1696,"route_I_counts":"{\"2\": 296}","source":55,"target":54,"layer":"L","from":"Northolt Underground Station","to":"Greenford Underground Station"},"geometry":{"type":"LineString","coordinates":[[-0.368699,51.548236],[-0.34605,51.542424]]}},{"type":"Feature","properties":{"shape_id":"{\"central 940GZZLUEPG to 940GZZLUEBY\": 117, \"central 940GZZLUEPG to 940GZZLUWRP\": 117}","direction_id":"{}","headsign":"{}","duration_avg":120.0,"n_vehicles":234,"d":923,"route_I_counts":"{\"2\": 234}","source":56,"target":57,"layer":"L","from":"South Ruislip Underground Station","to":"Ruislip Gardens Underground Station"},"geometry":{"type":"LineString","coordinates":[[-0.398915,51.556853],[-0.41071,51.560736]]}},{"type":"Feature","properties":{"shape_id":"{\"central 940GZZLUWRP to 940GZZLUEPG\": 148, \"central 940GZZLUWRP to 940GZZLUHLT\": 148}","direction_id":"{}","headsign":"{}","duration_avg":180.0,"n_vehicles":296,"d":2300,"route_I_counts":"{\"2\": 296}","source":56,"target":55,"layer":"L","from":"South Ruislip Underground Station","to":"Northolt Underground Station"},"geometry":{"type":"LineString","coordinates":[[-0.398915,51.556853],[-0.368699,51.548236]]}},{"type":"Feature","properties":{"shape_id":"{\"central 940GZZLUEPG to 940GZZLUEBY\": 110, \"central 940GZZLUEPG to 940GZZLUWRP\": 110}","direction_id":"{}","headsign":"{}","duration_avg":180.0,"n_vehicles":220,"d":2128,"route_I_counts":"{\"2\": 220}","source":57,"target":58,"layer":"L","from":"Ruislip Gardens Underground Station","to":"West Ruislip Underground Station"},"geometry":{"type":"LineString","coordinates":[[-0.41071,51.560736],[-0.437886,51.569688]]}},{"type":"Feature","properties":{"shape_id":"{\"central 940GZZLUWRP to 940GZZLUEPG\": 149, \"central 940GZZLUWRP to 940GZZLUHLT\": 149}","direction_id":"{}","headsign":"{}","duration_avg":117.98657718120805,"n_vehicles":298,"d":923,"route_I_counts":"{\"2\": 298}","source":57,"target":56,"layer":"L","from":"Ruislip Gardens Underground Station","to":"South Ruislip Underground Station"},"geometry":{"type":"LineString","coordinates":[[-0.41071,51.560736],[-0.398915,51.556853]]}},{"type":"Feature","properties":{"shape_id":"{\"central 940GZZLUWRP to 940GZZLUEPG\": 149, \"central 940GZZLUWRP to 940GZZLUHLT\": 149}","direction_id":"{}","headsign":"{}","duration_avg":122.01342281879195,"n_vehicles":298,"d":2128,"route_I_counts":"{\"2\": 298}","source":58,"target":57,"layer":"L","from":"West Ruislip Underground Station","to":"Ruislip Gardens Underground Station"},"geometry":{"type":"LineString","coordinates":[[-0.437886,51.569688],[-0.41071,51.560736]]}},{"type":"Feature","properties":{"shape_id":"{\"central 940GZZLUEPG to 940GZZLUEBY\": 19, \"central 940GZZLUEPG to 940GZZLUWRP\": 19}","direction_id":"{}","headsign":"{}","duration_avg":120.0,"n_vehicles":38,"d":1456,"route_I_counts":"{\"2\": 38}","source":59,"target":60,"layer":"L","from":"West Acton Underground Station","to":"Ealing Broadway Underground Station"},"geometry":{"type":"LineString","coordinates":[[-0.28098,51.518001],[-0.301457,51.515017]]}},{"type":"Feature","properties":{"shape_id":"{\"central 940GZZLUEBY to 940GZZLUEPG\": 162, \"central 940GZZLUEBY to 940GZZLUHLT\": 162}","direction_id":"{}","headsign":"{}","duration_avg":180.0,"n_vehicles":324,"d":1593,"route_I_counts":"{\"2\": 324}","source":59,"target":51,"layer":"L","from":"West Acton Underground Station","to":"North Acton Underground Station"},"geometry":{"type":"LineString","coordinates":[[-0.28098,51.518001],[-0.259755,51.523524]]}},{"type":"Feature","properties":{"shape_id":"{\"central 940GZZLUEBY to 940GZZLUEPG\": 163, \"central 940GZZLUEBY to 940GZZLUHLT\": 163}","direction_id":"{}","headsign":"{}","duration_avg":120.7361963190184,"n_vehicles":326,"d":1456,"route_I_counts":"{\"2\": 326}","source":60,"target":59,"layer":"L","from":"Ealing Broadway Underground Station","to":"West Acton Underground Station"},"geometry":{"type":"LineString","coordinates":[[-0.301457,51.515017],[-0.28098,51.518001]]}},{"type":"Feature","properties":{"shape_id":"{\"district 940GZZLUEBY to 940GZZLUERC\": 116, \"district 940GZZLUEBY to 940GZZLUUPM\": 116}","direction_id":"{}","headsign":"{}","duration_avg":180.0,"n_vehicles":232,"d":1063,"route_I_counts":"{\"4\": 232}","source":60,"target":135,"layer":"L","from":"Ealing Broadway Underground Station","to":"Ealing Common Underground Station"},"geometry":{"type":"LineString","coordinates":[[-0.301457,51.515017],[-0.288265,51.51014]]}},{"type":"Feature","properties":{"shape_id":"{\"central 940GZZLUEBY to 940GZZLUEPG\": 135, \"central 940GZZLUEBY to 940GZZLUHLT\": 135, \"central 940GZZLUWRP to 940GZZLUEPG\": 19, \"central 940GZZLUWRP to 940GZZLUHLT\": 19}","direction_id":"{}","headsign":"{}","duration_avg":120.0,"n_vehicles":308,"d":1167,"route_I_counts":"{\"2\": 308}","source":61,"target":62,"layer":"L","from":"Wanstead Underground Station","to":"Redbridge Underground Station"},"geometry":{"type":"LineString","coordinates":[[0.028527,51.575501],[0.04536,51.576243]]}},{"type":"Feature","properties":{"shape_id":"{\"central 940GZZLUEBY to 940GZZLUEPG\": 135, \"central 940GZZLUEBY to 940GZZLUHLT\": 135, \"central 940GZZLUWRP to 940GZZLUEPG\": 19, \"central 940GZZLUWRP to 940GZZLUHLT\": 19}","direction_id":"{}","headsign":"{}","duration_avg":120.0,"n_vehicles":308,"d":1441,"route_I_counts":"{\"2\": 308}","source":62,"target":63,"layer":"L","from":"Redbridge Underground Station","to":"Gants Hill Underground Station"},"geometry":{"type":"LineString","coordinates":[[0.04536,51.576243],[0.066185,51.576544]]}},{"type":"Feature","properties":{"shape_id":"{\"central 940GZZLUEBY to 940GZZLUEPG\": 135, \"central 940GZZLUEBY to 940GZZLUHLT\": 135, \"central 940GZZLUWRP to 940GZZLUEPG\": 19, \"central 940GZZLUWRP to 940GZZLUHLT\": 19}","direction_id":"{}","headsign":"{}","duration_avg":167.53246753246754,"n_vehicles":308,"d":1650,"route_I_counts":"{\"2\": 308}","source":63,"target":64,"layer":"L","from":"Gants Hill Underground Station","to":"Newbury Park Underground Station"},"geometry":{"type":"LineString","coordinates":[[0.066185,51.576544],[0.090004,51.575726]]}},{"type":"Feature","properties":{"shape_id":"{\"central 940GZZLUEBY to 940GZZLUEPG\": 105, \"central 940GZZLUEBY to 940GZZLUHLT\": 105, \"central 940GZZLUWRP to 940GZZLUEPG\": 17, \"central 940GZZLUWRP to 940GZZLUHLT\": 17}","direction_id":"{}","headsign":"{}","duration_avg":120.0,"n_vehicles":244,"d":1113,"route_I_counts":"{\"2\": 244}","source":64,"target":65,"layer":"L","from":"Newbury Park Underground Station","to":"Barkingside Underground Station"},"geometry":{"type":"LineString","coordinates":[[0.090004,51.575726],[0.088585,51.585689]]}},{"type":"Feature","properties":{"shape_id":"{\"central 940GZZLUEBY to 940GZZLUEPG\": 105, \"central 940GZZLUEBY to 940GZZLUHLT\": 105, \"central 940GZZLUWRP to 940GZZLUEPG\": 17, \"central 940GZZLUWRP to 940GZZLUHLT\": 17}","direction_id":"{}","headsign":"{}","duration_avg":111.63934426229508,"n_vehicles":244,"d":1117,"route_I_counts":"{\"2\": 244}","source":65,"target":66,"layer":"L","from":"Barkingside Underground Station","to":"Fairlop Underground Station"},"geometry":{"type":"LineString","coordinates":[[0.088585,51.585689],[0.091004,51.595618]]}},{"type":"Feature","properties":{"shape_id":"{\"central 940GZZLUEBY to 940GZZLUEPG\": 104, \"central 940GZZLUEBY to 940GZZLUHLT\": 104, \"central 940GZZLUWRP to 940GZZLUEPG\": 17, \"central 940GZZLUWRP to 940GZZLUHLT\": 17}","direction_id":"{}","headsign":"{}","duration_avg":120.0,"n_vehicles":242,"d":911,"route_I_counts":"{\"2\": 242}","source":66,"target":67,"layer":"L","from":"Fairlop Underground Station","to":"Hainault Underground Station"},"geometry":{"type":"LineString","coordinates":[[0.091004,51.595618],[0.093482,51.603659]]}},{"type":"Feature","properties":{"shape_id":"{\"central 940GZZLUHLT to 940GZZLUEBY\": 54, \"central 940GZZLUHLT to 940GZZLUWRP\": 54}","direction_id":"{}","headsign":"{}","duration_avg":120.0,"n_vehicles":108,"d":1086,"route_I_counts":"{\"2\": 108}","source":67,"target":70,"layer":"L","from":"Hainault Underground Station","to":"Grange Hill Underground Station"},"geometry":{"type":"LineString","coordinates":[[0.093482,51.603659],[0.092066,51.613378]]}},{"type":"Feature","properties":{"shape_id":"{\"central 940GZZLUWRP to 940GZZLUEPG\": 1, \"central 940GZZLUWRP to 940GZZLUHLT\": 1}","direction_id":"{}","headsign":"{}","duration_avg":180.0,"n_vehicles":2,"d":2171,"route_I_counts":"{\"2\": 2}","source":68,"target":69,"layer":"L","from":"Roding Valley Underground Station","to":"Chigwell Underground Station"},"geometry":{"type":"LineString","coordinates":[[0.043647,51.617199],[0.075041,51.617916]]}},{"type":"Feature","properties":{"shape_id":"{\"central 940GZZLUHLT to 940GZZLUEBY\": 54, \"central 940GZZLUHLT to 940GZZLUWRP\": 54}","direction_id":"{}","headsign":"{}","duration_avg":121.11111111111111,"n_vehicles":108,"d":1327,"route_I_counts":"{\"2\": 108}","source":68,"target":29,"layer":"L","from":"Roding Valley Underground Station","to":"Woodford Underground Station"},"geometry":{"type":"LineString","coordinates":[[0.043647,51.617199],[0.03397,51.606899]]}},{"type":"Feature","properties":{"shape_id":"{\"central 940GZZLUWRP to 940GZZLUEPG\": 1, \"central 940GZZLUWRP to 940GZZLUHLT\": 1}","direction_id":"{}","headsign":"{}","duration_avg":120.0,"n_vehicles":2,"d":1280,"route_I_counts":"{\"2\": 2}","source":69,"target":70,"layer":"L","from":"Chigwell Underground Station","to":"Grange Hill Underground Station"},"geometry":{"type":"LineString","coordinates":[[0.075041,51.617916],[0.092066,51.613378]]}},{"type":"Feature","properties":{"shape_id":"{\"central 940GZZLUHLT to 940GZZLUEBY\": 54, \"central 940GZZLUHLT to 940GZZLUWRP\": 54}","direction_id":"{}","headsign":"{}","duration_avg":180.0,"n_vehicles":108,"d":2171,"route_I_counts":"{\"2\": 108}","source":69,"target":68,"layer":"L","from":"Chigwell Underground Station","to":"Roding Valley Underground Station"},"geometry":{"type":"LineString","coordinates":[[0.075041,51.617916],[0.043647,51.617199]]}},{"type":"Feature","properties":{"shape_id":"{\"central 940GZZLUHLT to 940GZZLUEBY\": 54, \"central 940GZZLUHLT to 940GZZLUWRP\": 54}","direction_id":"{}","headsign":"{}","duration_avg":120.0,"n_vehicles":108,"d":1280,"route_I_counts":"{\"2\": 108}","source":70,"target":69,"layer":"L","from":"Grange Hill Underground Station","to":"Chigwell Underground Station"},"geometry":{"type":"LineString","coordinates":[[0.092066,51.613378],[0.075041,51.617916]]}},{"type":"Feature","properties":{"shape_id":"{\"circle 940GZZLUERC to 940GZZLUHSC\": 3, \"district 940GZZLUERC to 940GZZLUEBY\": 109, \"district 940GZZLUERC to 940GZZLUKOY\": 109, \"district 940GZZLUERC to 940GZZLURMD\": 109, \"district 940GZZLUERC to 940GZZLUWIM\": 109, \"hammersmith-city 940GZZLUBKG to 940GZZLUHSC\": 113}","direction_id":"{}","headsign":"{}","duration_avg":120.0,"n_vehicles":552,"d":655,"route_I_counts":"{\"3\": 3, \"4\": 436, \"7\": 113}","source":71,"target":12,"layer":"L","from":"Edgware Road (Circle Line) Underground Station","to":"Paddington Underground Station"},"geometry":{"type":"LineString","coordinates":[[-0.167832,51.519858],[-0.175689,51.516581]]}},{"type":"Feature","properties":{"shape_id":"{\"circle 940GZZLUHSC to 940GZZLUERC\": 109, \"hammersmith-city 940GZZLUHSC to 940GZZLUBKG\": 112}","direction_id":"{}","headsign":"{}","duration_avg":208.77828054298644,"n_vehicles":221,"d":814,"route_I_counts":"{\"3\": 109, \"7\": 112}","source":71,"target":15,"layer":"L","from":"Edgware Road (Circle Line) Underground Station","to":"Baker Street Underground Station"},"geometry":{"type":"LineString","coordinates":[[-0.167832,51.519858],[-0.15713,51.522883]]}},{"type":"Feature","properties":{"shape_id":"{\"circle 940GZZLUERC to 940GZZLUHSC\": 3, \"district 940GZZLUERC to 940GZZLUEBY\": 108, \"district 940GZZLUERC to 940GZZLUKOY\": 108, \"district 940GZZLUERC to 940GZZLURMD\": 108, \"district 940GZZLUERC to 940GZZLUWIM\": 108}","direction_id":"{}","headsign":"{}","duration_avg":60.13793103448276,"n_vehicles":435,"d":665,"route_I_counts":"{\"3\": 3, \"4\": 432}","source":72,"target":46,"layer":"L","from":"Bayswater Underground Station","to":"Notting Hill Gate Underground Station"},"geometry":{"type":"LineString","coordinates":[[-0.187938,51.512284],[-0.196104,51.509128]]}},{"type":"Feature","properties":{"shape_id":"{\"circle 940GZZLUHSC to 940GZZLUERC\": 105, \"district 940GZZLUKOY to 940GZZLUERC\": 1, \"district 940GZZLUKOY to 940GZZLUUPM\": 1, \"district 940GZZLUWIM to 940GZZLUERC\": 106, \"district 940GZZLUWIM to 940GZZLUUPM\": 106}","direction_id":"{}","headsign":"{}","duration_avg":120.0,"n_vehicles":319,"d":974,"route_I_counts":"{\"3\": 105, \"4\": 214}","source":72,"target":12,"layer":"L","from":"Bayswater Underground Station","to":"Paddington Underground Station"},"geometry":{"type":"LineString","coordinates":[[-0.187938,51.512284],[-0.175689,51.516581]]}},{"type":"Feature","properties":{"shape_id":"{\"circle 940GZZLUERC to 940GZZLUHSC\": 3}","direction_id":"{}","headsign":"{}","duration_avg":140.0,"n_vehicles":3,"d":1027,"route_I_counts":"{\"3\": 3}","source":73,"target":74,"layer":"L","from":"High Street Kensington Underground Station","to":"Gloucester Road Underground Station"},"geometry":{"type":"LineString","coordinates":[[-0.192792,51.501055],[-0.182658,51.494316]]}},{"type":"Feature","properties":{"shape_id":"{\"circle 940GZZLUHSC to 940GZZLUERC\": 106, \"district 940GZZLUKOY to 940GZZLUERC\": 1, \"district 940GZZLUKOY to 940GZZLUUPM\": 1, \"district 940GZZLUWIM to 940GZZLUERC\": 106, \"district 940GZZLUWIM to 940GZZLUUPM\": 106}","direction_id":"{}","headsign":"{}","duration_avg":120.0,"n_vehicles":320,"d":927,"route_I_counts":"{\"3\": 106, \"4\": 214}","source":73,"target":46,"layer":"L","from":"High Street Kensington Underground Station","to":"Notting Hill Gate Underground Station"},"geometry":{"type":"LineString","coordinates":[[-0.192792,51.501055],[-0.196104,51.509128]]}},{"type":"Feature","properties":{"shape_id":"{\"district 940GZZLUERC to 940GZZLUEBY\": 108, \"district 940GZZLUERC to 940GZZLUKOY\": 108, \"district 940GZZLUERC to 940GZZLURMD\": 108, \"district 940GZZLUERC to 940GZZLUWIM\": 108}","direction_id":"{}","headsign":"{}","duration_avg":180.0,"n_vehicles":432,"d":1001,"route_I_counts":"{\"4\": 432}","source":73,"target":116,"layer":"L","from":"High Street Kensington Underground Station","to":"Earl's Court Underground Station"},"geometry":{"type":"LineString","coordinates":[[-0.192792,51.501055],[-0.193378,51.492063]]}},{"type":"Feature","properties":{"shape_id":"{\"circle 940GZZLUERC to 940GZZLUHSC\": 3, \"district 940GZZLUEBY to 940GZZLUERC\": 112, \"district 940GZZLUEBY to 940GZZLUUPM\": 112, \"district 940GZZLUKOY to 940GZZLUERC\": 2, \"district 940GZZLUKOY to 940GZZLUUPM\": 2, \"district 940GZZLURMD to 940GZZLUERC\": 109, \"district 940GZZLURMD to 940GZZLUUPM\": 109, \"district 940GZZLUWIM to 940GZZLUERC\": 120, \"district 940GZZLUWIM to 940GZZLUUPM\": 120, \"piccadilly 940GZZLUHR4 to 940GZZLUCKS\": 106, \"piccadilly 940GZZLUHR5 to 940GZZLUCKS\": 105, \"piccadilly 940GZZLUUXB to 940GZZLUCKS\": 58}","direction_id":"{}","headsign":"{}","duration_avg":85.92901878914405,"n_vehicles":958,"d":591,"route_I_counts":"{\"3\": 3, \"4\": 686, \"12\": 269}","source":74,"target":75,"layer":"L","from":"Gloucester Road Underground Station","to":"South Kensington Underground Station"},"geometry":{"type":"LineString","coordinates":[[-0.182658,51.494316],[-0.174138,51.494094]]}},{"type":"Feature","properties":{"shape_id":"{\"circle 940GZZLUHSC to 940GZZLUERC\": 106}","direction_id":"{}","headsign":"{}","duration_avg":180.0,"n_vehicles":106,"d":1027,"route_I_counts":"{\"3\": 106}","source":74,"target":73,"layer":"L","from":"Gloucester Road Underground Station","to":"High Street Kensington Underground Station"},"geometry":{"type":"LineString","coordinates":[[-0.182658,51.494316],[-0.192792,51.501055]]}},{"type":"Feature","properties":{"shape_id":"{\"district 940GZZLUUPM to 940GZZLUEBY\": 225, \"district 940GZZLUUPM to 940GZZLURMD\": 225, \"district 940GZZLUUPM to 940GZZLUWIM\": 225, \"piccadilly 940GZZLUCKS to 940GZZLUHR5\": 265, \"piccadilly 940GZZLUCKS to 940GZZLUHRC\": 265, \"piccadilly 940GZZLUCKS to 940GZZLUUXB\": 265}","direction_id":"{}","headsign":"{}","duration_avg":150.3673469387755,"n_vehicles":1470,"d":784,"route_I_counts":"{\"4\": 675, \"12\": 795}","source":74,"target":116,"layer":"L","from":"Gloucester Road Underground Station","to":"Earl's Court Underground Station"},"geometry":{"type":"LineString","coordinates":[[-0.182658,51.494316],[-0.193378,51.492063]]}},{"type":"Feature","properties":{"shape_id":"{\"circle 940GZZLUERC to 940GZZLUHSC\": 2, \"district 940GZZLUEBY to 940GZZLUERC\": 112, \"district 940GZZLUEBY to 940GZZLUUPM\": 112, \"district 940GZZLUKOY to 940GZZLUERC\": 2, \"district 940GZZLUKOY to 940GZZLUUPM\": 2, \"district 940GZZLURMD to 940GZZLUERC\": 108, \"district 940GZZLURMD to 940GZZLUUPM\": 108, \"district 940GZZLUWIM to 940GZZLUERC\": 120, \"district 940GZZLUWIM to 940GZZLUUPM\": 120}","direction_id":"{}","headsign":"{}","duration_avg":122.62390670553935,"n_vehicles":686,"d":1247,"route_I_counts":"{\"3\": 2, \"4\": 684}","source":75,"target":76,"layer":"L","from":"South Kensington Underground Station","to":"Sloane Square Underground Station"},"geometry":{"type":"LineString","coordinates":[[-0.174138,51.494094],[-0.156377,51.49227]]}},{"type":"Feature","properties":{"shape_id":"{\"circle 940GZZLUHSC to 940GZZLUERC\": 106, \"district 940GZZLUUPM to 940GZZLUEBY\": 226, \"district 940GZZLUUPM to 940GZZLURMD\": 226, \"district 940GZZLUUPM to 940GZZLUWIM\": 226, \"piccadilly 940GZZLUCKS to 940GZZLUHR5\": 265, \"piccadilly 940GZZLUCKS to 940GZZLUHRC\": 265, \"piccadilly 940GZZLUCKS to 940GZZLUUXB\": 265}","direction_id":"{}","headsign":"{}","duration_avg":120.0,"n_vehicles":1579,"d":591,"route_I_counts":"{\"3\": 106, \"4\": 678, \"12\": 795}","source":75,"target":74,"layer":"L","from":"South Kensington Underground Station","to":"Gloucester Road Underground Station"},"geometry":{"type":"LineString","coordinates":[[-0.174138,51.494094],[-0.182658,51.494316]]}},{"type":"Feature","properties":{"shape_id":"{\"piccadilly 940GZZLUHR4 to 940GZZLUCKS\": 105, \"piccadilly 940GZZLUHR5 to 940GZZLUCKS\": 105, \"piccadilly 940GZZLUUXB to 940GZZLUCKS\": 58}","direction_id":"{}","headsign":"{}","duration_avg":134.55223880597015,"n_vehicles":268,"d":1266,"route_I_counts":"{\"12\": 268}","source":75,"target":236,"layer":"L","from":"South Kensington Underground Station","to":"Knightsbridge Underground Station"},"geometry":{"type":"LineString","coordinates":[[-0.174138,51.494094],[-0.160508,51.501669]]}},{"type":"Feature","properties":{"shape_id":"{\"circle 940GZZLUERC to 940GZZLUHSC\": 2, \"district 940GZZLUEBY to 940GZZLUERC\": 112, \"district 940GZZLUEBY to 940GZZLUUPM\": 112, \"district 940GZZLUKOY to 940GZZLUERC\": 2, \"district 940GZZLUKOY to 940GZZLUUPM\": 2, \"district 940GZZLURMD to 940GZZLUERC\": 108, \"district 940GZZLURMD to 940GZZLUUPM\": 108, \"district 940GZZLUWIM to 940GZZLUERC\": 119, \"district 940GZZLUWIM to 940GZZLUUPM\": 119}","direction_id":"{}","headsign":"{}","duration_avg":166.8421052631579,"n_vehicles":684,"d":1026,"route_I_counts":"{\"3\": 2, \"4\": 682}","source":76,"target":77,"layer":"L","from":"Sloane Square Underground Station","to":"Victoria Underground Station"},"geometry":{"type":"LineString","coordinates":[[-0.156377,51.49227],[-0.143102,51.496359]]}},{"type":"Feature","properties":{"shape_id":"{\"circle 940GZZLUHSC to 940GZZLUERC\": 106, \"district 940GZZLUUPM to 940GZZLUEBY\": 226, \"district 940GZZLUUPM to 940GZZLURMD\": 226, \"district 940GZZLUUPM to 940GZZLUWIM\": 226}","direction_id":"{}","headsign":"{}","duration_avg":151.30102040816325,"n_vehicles":784,"d":1247,"route_I_counts":"{\"3\": 106, \"4\": 678}","source":76,"target":75,"layer":"L","from":"Sloane Square Underground Station","to":"South Kensington Underground Station"},"geometry":{"type":"LineString","coordinates":[[-0.156377,51.49227],[-0.174138,51.494094]]}},{"type":"Feature","properties":{"shape_id":"{\"circle 940GZZLUERC to 940GZZLUHSC\": 2, \"district 940GZZLUEBY to 940GZZLUERC\": 111, \"district 940GZZLUEBY to 940GZZLUUPM\": 111, \"district 940GZZLUKOY to 940GZZLUERC\": 2, \"district 940GZZLUKOY to 940GZZLUUPM\": 2, \"district 940GZZLURMD to 940GZZLUERC\": 108, \"district 940GZZLURMD to 940GZZLUUPM\": 108, \"district 940GZZLUWIM to 940GZZLUERC\": 119, \"district 940GZZLUWIM to 940GZZLUUPM\": 119}","direction_id":"{}","headsign":"{}","duration_avg":85.86510263929618,"n_vehicles":682,"d":747,"route_I_counts":"{\"3\": 2, \"4\": 680}","source":77,"target":78,"layer":"L","from":"Victoria Underground Station","to":"St. James's Park Underground Station"},"geometry":{"type":"LineString","coordinates":[[-0.143102,51.496359],[-0.133608,51.499544]]}},{"type":"Feature","properties":{"shape_id":"{\"circle 940GZZLUHSC to 940GZZLUERC\": 107, \"district 940GZZLUUPM to 940GZZLUEBY\": 226, \"district 940GZZLUUPM to 940GZZLURMD\": 226, \"district 940GZZLUUPM to 940GZZLUWIM\": 226}","direction_id":"{}","headsign":"{}","duration_avg":148.6624203821656,"n_vehicles":785,"d":1026,"route_I_counts":"{\"3\": 107, \"4\": 678}","source":77,"target":76,"layer":"L","from":"Victoria Underground Station","to":"Sloane Square Underground Station"},"geometry":{"type":"LineString","coordinates":[[-0.143102,51.496359],[-0.156377,51.49227]]}},{"type":"Feature","properties":{"shape_id":"{\"victoria 940GZZLUWWL to 940GZZLUBXN\": 487}","direction_id":"{}","headsign":"{}","duration_avg":120.0,"n_vehicles":487,"d":1035,"route_I_counts":"{\"21\": 487}","source":77,"target":258,"layer":"L","from":"Victoria Underground Station","to":"Pimlico Underground Station"},"geometry":{"type":"LineString","coordinates":[[-0.143102,51.496359],[-0.133761,51.489097]]}},{"type":"Feature","properties":{"shape_id":"{\"victoria 940GZZLUBXN to 940GZZLUWWL\": 530}","direction_id":"{}","headsign":"{}","duration_avg":120.0,"n_vehicles":530,"d":1178,"route_I_counts":"{\"21\": 530}","source":77,"target":143,"layer":"L","from":"Victoria Underground Station","to":"Green Park Underground Station"},"geometry":{"type":"LineString","coordinates":[[-0.143102,51.496359],[-0.142787,51.506947]]}},{"type":"Feature","properties":{"shape_id":"{\"circle 940GZZLUERC to 940GZZLUHSC\": 2, \"district 940GZZLUEBY to 940GZZLUERC\": 111, \"district 940GZZLUEBY to 940GZZLUUPM\": 111, \"district 940GZZLUKOY to 940GZZLUERC\": 2, \"district 940GZZLUKOY to 940GZZLUUPM\": 2, \"district 940GZZLURMD to 940GZZLUERC\": 108, \"district 940GZZLURMD to 940GZZLUUPM\": 108, \"district 940GZZLUWIM to 940GZZLUERC\": 119, \"district 940GZZLUWIM to 940GZZLUUPM\": 119}","direction_id":"{}","headsign":"{}","duration_avg":120.0,"n_vehicles":682,"d":637,"route_I_counts":"{\"3\": 2, \"4\": 680}","source":78,"target":79,"layer":"L","from":"St. James's Park Underground Station","to":"Westminster Underground Station"},"geometry":{"type":"LineString","coordinates":[[-0.133608,51.499544],[-0.124861,51.50132]]}},{"type":"Feature","properties":{"shape_id":"{\"circle 940GZZLUHSC to 940GZZLUERC\": 107, \"district 940GZZLUUPM to 940GZZLUEBY\": 226, \"district 940GZZLUUPM to 940GZZLURMD\": 226, \"district 940GZZLUUPM to 940GZZLUWIM\": 226}","direction_id":"{}","headsign":"{}","duration_avg":120.0,"n_vehicles":785,"d":747,"route_I_counts":"{\"3\": 107, \"4\": 678}","source":78,"target":77,"layer":"L","from":"St. James's Park Underground Station","to":"Victoria Underground Station"},"geometry":{"type":"LineString","coordinates":[[-0.133608,51.499544],[-0.143102,51.496359]]}},{"type":"Feature","properties":{"shape_id":"{\"circle 940GZZLUERC to 940GZZLUHSC\": 2, \"district 940GZZLUEBY to 940GZZLUERC\": 111, \"district 940GZZLUEBY to 940GZZLUUPM\": 111, \"district 940GZZLUKOY to 940GZZLUERC\": 2, \"district 940GZZLUKOY to 940GZZLUUPM\": 2, \"district 940GZZLURMD to 940GZZLUERC\": 108, \"district 940GZZLURMD to 940GZZLUUPM\": 108, \"district 940GZZLUWIM to 940GZZLUERC\": 119, \"district 940GZZLUWIM to 940GZZLUUPM\": 119}","direction_id":"{}","headsign":"{}","duration_avg":120.0,"n_vehicles":682,"d":656,"route_I_counts":"{\"3\": 2, \"4\": 680}","source":79,"target":20,"layer":"L","from":"Westminster Underground Station","to":"Embankment Underground Station"},"geometry":{"type":"LineString","coordinates":[[-0.124861,51.50132],[-0.122666,51.507058]]}},{"type":"Feature","properties":{"shape_id":"{\"circle 940GZZLUHSC to 940GZZLUERC\": 107, \"district 940GZZLUUPM to 940GZZLUEBY\": 226, \"district 940GZZLUUPM to 940GZZLURMD\": 226, \"district 940GZZLUUPM to 940GZZLUWIM\": 226}","direction_id":"{}","headsign":"{}","duration_avg":120.0,"n_vehicles":785,"d":637,"route_I_counts":"{\"3\": 107, \"4\": 678}","source":79,"target":78,"layer":"L","from":"Westminster Underground Station","to":"St. James's Park Underground Station"},"geometry":{"type":"LineString","coordinates":[[-0.124861,51.50132],[-0.133608,51.499544]]}},{"type":"Feature","properties":{"shape_id":"{\"jubilee 940GZZLUSTD to 940GZZLUSTM\": 376}","direction_id":"{}","headsign":"{}","duration_avg":120.0,"n_vehicles":376,"d":1391,"route_I_counts":"{\"8\": 376}","source":79,"target":143,"layer":"L","from":"Westminster Underground Station","to":"Green Park Underground Station"},"geometry":{"type":"LineString","coordinates":[[-0.124861,51.50132],[-0.142787,51.506947]]}},{"type":"Feature","properties":{"shape_id":"{\"jubilee 940GZZLUSTM to 940GZZLUSTD\": 303}","direction_id":"{}","headsign":"{}","duration_avg":110.29702970297029,"n_vehicles":303,"d":732,"route_I_counts":"{\"8\": 303}","source":79,"target":21,"layer":"L","from":"Westminster Underground Station","to":"Waterloo Underground Station"},"geometry":{"type":"LineString","coordinates":[[-0.124861,51.50132],[-0.11478,51.503299]]}},{"type":"Feature","properties":{"shape_id":"{\"circle 940GZZLUERC to 940GZZLUHSC\": 2, \"district 940GZZLUEBY to 940GZZLUERC\": 111, \"district 940GZZLUEBY to 940GZZLUUPM\": 111, \"district 940GZZLUKOY to 940GZZLUERC\": 2, \"district 940GZZLUKOY to 940GZZLUUPM\": 2, \"district 940GZZLURMD to 940GZZLUERC\": 107, \"district 940GZZLURMD to 940GZZLUUPM\": 107, \"district 940GZZLUWIM to 940GZZLUERC\": 119, \"district 940GZZLUWIM to 940GZZLUUPM\": 119}","direction_id":"{}","headsign":"{}","duration_avg":120.0,"n_vehicles":680,"d":737,"route_I_counts":"{\"3\": 2, \"4\": 678}","source":80,"target":81,"layer":"L","from":"Temple Underground Station","to":"Blackfriars Underground Station"},"geometry":{"type":"LineString","coordinates":[[-0.11426,51.511006],[-0.103659,51.511581]]}},{"type":"Feature","properties":{"shape_id":"{\"circle 940GZZLUHSC to 940GZZLUERC\": 107, \"district 940GZZLUUPM to 940GZZLUEBY\": 227, \"district 940GZZLUUPM to 940GZZLURMD\": 227, \"district 940GZZLUUPM to 940GZZLUWIM\": 227}","direction_id":"{}","headsign":"{}","duration_avg":96.7005076142132,"n_vehicles":788,"d":729,"route_I_counts":"{\"3\": 107, \"4\": 681}","source":80,"target":20,"layer":"L","from":"Temple Underground Station","to":"Embankment Underground Station"},"geometry":{"type":"LineString","coordinates":[[-0.11426,51.511006],[-0.122666,51.507058]]}},{"type":"Feature","properties":{"shape_id":"{\"circle 940GZZLUERC to 940GZZLUHSC\": 2, \"district 940GZZLUEBY to 940GZZLUERC\": 111, \"district 940GZZLUEBY to 940GZZLUUPM\": 111, \"district 940GZZLUKOY to 940GZZLUERC\": 2, \"district 940GZZLUKOY to 940GZZLUUPM\": 2, \"district 940GZZLURMD to 940GZZLUERC\": 107, \"district 940GZZLURMD to 940GZZLUUPM\": 107, \"district 940GZZLUWIM to 940GZZLUERC\": 118, \"district 940GZZLUWIM to 940GZZLUUPM\": 118}","direction_id":"{}","headsign":"{}","duration_avg":84.070796460177,"n_vehicles":678,"d":671,"route_I_counts":"{\"3\": 2, \"4\": 676}","source":81,"target":82,"layer":"L","from":"Blackfriars Underground Station","to":"Mansion House Underground Station"},"geometry":{"type":"LineString","coordinates":[[-0.103659,51.511581],[-0.094009,51.512117]]}},{"type":"Feature","properties":{"shape_id":"{\"circle 940GZZLUHSC to 940GZZLUERC\": 108, \"district 940GZZLUUPM to 940GZZLUEBY\": 227, \"district 940GZZLUUPM to 940GZZLURMD\": 227, \"district 940GZZLUUPM to 940GZZLUWIM\": 227}","direction_id":"{}","headsign":"{}","duration_avg":120.0,"n_vehicles":789,"d":737,"route_I_counts":"{\"3\": 108, \"4\": 681}","source":81,"target":80,"layer":"L","from":"Blackfriars Underground Station","to":"Temple Underground Station"},"geometry":{"type":"LineString","coordinates":[[-0.103659,51.511581],[-0.11426,51.511006]]}},{"type":"Feature","properties":{"shape_id":"{\"circle 940GZZLUERC to 940GZZLUHSC\": 2, \"district 940GZZLUEBY to 940GZZLUERC\": 110, \"district 940GZZLUEBY to 940GZZLUUPM\": 110, \"district 940GZZLUKOY to 940GZZLUERC\": 2, \"district 940GZZLUKOY to 940GZZLUUPM\": 2, \"district 940GZZLURMD to 940GZZLUERC\": 107, \"district 940GZZLURMD to 940GZZLUUPM\": 107, \"district 940GZZLUWIM to 940GZZLUERC\": 118, \"district 940GZZLUWIM to 940GZZLUUPM\": 118}","direction_id":"{}","headsign":"{}","duration_avg":105.79881656804734,"n_vehicles":676,"d":256,"route_I_counts":"{\"3\": 2, \"4\": 674}","source":82,"target":83,"layer":"L","from":"Mansion House Underground Station","to":"Cannon Street Underground Station"},"geometry":{"type":"LineString","coordinates":[[-0.094009,51.512117],[-0.090432,51.51151]]}},{"type":"Feature","properties":{"shape_id":"{\"circle 940GZZLUHSC to 940GZZLUERC\": 108, \"district 940GZZLUUPM to 940GZZLUEBY\": 227, \"district 940GZZLUUPM to 940GZZLURMD\": 227, \"district 940GZZLUUPM to 940GZZLUWIM\": 227}","direction_id":"{}","headsign":"{}","duration_avg":111.787072243346,"n_vehicles":789,"d":671,"route_I_counts":"{\"3\": 108, \"4\": 681}","source":82,"target":81,"layer":"L","from":"Mansion House Underground Station","to":"Blackfriars Underground Station"},"geometry":{"type":"LineString","coordinates":[[-0.094009,51.512117],[-0.103659,51.511581]]}},{"type":"Feature","properties":{"shape_id":"{\"circle 940GZZLUHSC to 940GZZLUERC\": 108, \"district 940GZZLUUPM to 940GZZLUEBY\": 227, \"district 940GZZLUUPM to 940GZZLURMD\": 227, \"district 940GZZLUUPM to 940GZZLUWIM\": 227}","direction_id":"{}","headsign":"{}","duration_avg":68.212927756654,"n_vehicles":789,"d":256,"route_I_counts":"{\"3\": 108, \"4\": 681}","source":83,"target":82,"layer":"L","from":"Cannon Street Underground Station","to":"Mansion House Underground Station"},"geometry":{"type":"LineString","coordinates":[[-0.090432,51.51151],[-0.094009,51.512117]]}},{"type":"Feature","properties":{"duration_avg":60.0,"n_vehicles":676,"d":322,"route_I_counts":"{\"3\": 2, \"4\": 674}","shape_id":"{\"circle 940GZZLUERC to 940GZZLUHSC\": 2, \"district 940GZZLUEBY to 940GZZLUERC\": 110, \"district 940GZZLUEBY to 940GZZLUUPM\": 110, \"district 940GZZLUKOY to 940GZZLUERC\": 2, \"district 940GZZLUKOY to 940GZZLUUPM\": 2, \"district 940GZZLURMD to 940GZZLUERC\": 107, \"district 940GZZLURMD to 940GZZLUUPM\": 107, \"district 940GZZLUWIM to 940GZZLUERC\": 118, \"district 940GZZLUWIM to 940GZZLUUPM\": 118}","direction_id":"{}","headsign":"{}","source":83,"target":37,"layer":"L","from":"Cannon Street Underground Station","to":"Bank Underground Station"},"geometry":{"type":"LineString","coordinates":[[-0.090432,51.51151],[-0.088083,51.512542]]}},{"type":"Feature","properties":{"shape_id":"{\"circle 940GZZLUERC to 940GZZLUHSC\": 2}","direction_id":"{}","headsign":"{}","duration_avg":120.0,"n_vehicles":2,"d":479,"route_I_counts":"{\"3\": 2}","source":84,"target":85,"layer":"L","from":"Tower Hill Underground Station","to":"Aldgate Underground Station"},"geometry":{"type":"LineString","coordinates":[[-0.076546,51.509971],[-0.075689,51.514246]]}},{"type":"Feature","properties":{"shape_id":"{\"district 940GZZLUEBY to 940GZZLUERC\": 106, \"district 940GZZLUEBY to 940GZZLUUPM\": 106, \"district 940GZZLUKOY to 940GZZLUERC\": 2, \"district 940GZZLUKOY to 940GZZLUUPM\": 2, \"district 940GZZLURMD to 940GZZLUERC\": 95, \"district 940GZZLURMD to 940GZZLUUPM\": 95, \"district 940GZZLUWIM to 940GZZLUERC\": 68, \"district 940GZZLUWIM to 940GZZLUUPM\": 68}","direction_id":"{}","headsign":"{}","duration_avg":156.9741697416974,"n_vehicles":542,"d":633,"route_I_counts":"{\"4\": 542}","source":84,"target":115,"layer":"L","from":"Tower Hill Underground Station","to":"Aldgate East Underground Station"},"geometry":{"type":"LineString","coordinates":[[-0.076546,51.509971],[-0.072384,51.515037]]}},{"type":"Feature","properties":{"duration_avg":105.0,"n_vehicles":792,"d":657,"route_I_counts":"{\"3\": 108, \"4\": 684}","shape_id":"{\"circle 940GZZLUHSC to 940GZZLUERC\": 108, \"district 940GZZLUUPM to 940GZZLUEBY\": 228, \"district 940GZZLUUPM to 940GZZLURMD\": 228, \"district 940GZZLUUPM to 940GZZLUWIM\": 228}","direction_id":"{}","headsign":"{}","source":84,"target":37,"layer":"L","from":"Tower Hill Underground Station","to":"Bank Underground Station"},"geometry":{"type":"LineString","coordinates":[[-0.076546,51.509971],[-0.088083,51.512542]]}},{"type":"Feature","properties":{"shape_id":"{\"circle 940GZZLUHSC to 940GZZLUERC\": 108}","direction_id":"{}","headsign":"{}","duration_avg":120.0,"n_vehicles":108,"d":479,"route_I_counts":"{\"3\": 108}","source":85,"target":84,"layer":"L","from":"Aldgate Underground Station","to":"Tower Hill Underground Station"},"geometry":{"type":"LineString","coordinates":[[-0.075689,51.514246],[-0.076546,51.509971]]}},{"type":"Feature","properties":{"duration_avg":120.0,"n_vehicles":824,"d":624,"route_I_counts":"{\"10\": 824}","shape_id":"{\"metropolitan 940GZZLUALD to 940GZZLUAMS\": 206, \"metropolitan 940GZZLUALD to 940GZZLUCSM\": 206, \"metropolitan 940GZZLUALD to 940GZZLUUXB\": 206, \"metropolitan 940GZZLUALD to 940GZZLUWAF\": 206}","direction_id":"{}","headsign":"{}","source":85,"target":97,"layer":"L","from":"Aldgate Underground Station","to":"Moorgate Underground Station"},"geometry":{"type":"LineString","coordinates":[[-0.075689,51.514246],[-0.088322,51.518176]]}},{"type":"Feature","properties":{"shape_id":"{\"circle 940GZZLUHSC to 940GZZLUERC\": 108, \"hammersmith-city 940GZZLUHSC to 940GZZLUBKG\": 114}","direction_id":"{}","headsign":"{}","duration_avg":60.0,"n_vehicles":222,"d":950,"route_I_counts":"{\"3\": 108, \"7\": 114}","source":86,"target":87,"layer":"L","from":"Hammersmith (H&C Line) Underground Station","to":"Goldhawk Road Underground Station"},"geometry":{"type":"LineString","coordinates":[[-0.225013,51.493535],[-0.226715,51.502005]]}},{"type":"Feature","properties":{"duration_avg":120.0,"n_vehicles":582,"d":873,"route_I_counts":"{\"4\": 582}","shape_id":"{\"district 940GZZLUUPM to 940GZZLUEBY\": 194, \"district 940GZZLUUPM to 940GZZLURMD\": 194, \"district 940GZZLUUPM to 940GZZLUWIM\": 194}","direction_id":"{}","headsign":"{}","source":86,"target":119,"layer":"L","from":"Hammersmith (H&C Line) Underground Station","to":"Ravenscourt Park Underground Station"},"geometry":{"type":"LineString","coordinates":[[-0.225013,51.493535],[-0.235881,51.494122]]}},{"type":"Feature","properties":{"duration_avg":85.59556786703601,"n_vehicles":722,"d":740,"route_I_counts":"{\"4\": 452, \"12\": 270}","shape_id":"{\"district 940GZZLUEBY to 940GZZLUERC\": 116, \"district 940GZZLUEBY to 940GZZLUUPM\": 116, \"district 940GZZLURMD to 940GZZLUERC\": 110, \"district 940GZZLURMD to 940GZZLUUPM\": 110, \"piccadilly 940GZZLUHR4 to 940GZZLUCKS\": 106, \"piccadilly 940GZZLUHR5 to 940GZZLUCKS\": 106, \"piccadilly 940GZZLUUXB to 940GZZLUCKS\": 58}","direction_id":"{}","headsign":"{}","source":86,"target":118,"layer":"L","from":"Hammersmith (H&C Line) Underground Station","to":"Barons Court Underground Station"},"geometry":{"type":"LineString","coordinates":[[-0.225013,51.493535],[-0.213427,51.490311]]}},{"type":"Feature","properties":{"duration_avg":240.0,"n_vehicles":75,"d":2167,"route_I_counts":"{\"12\": 75}","shape_id":"{\"piccadilly 940GZZLUCKS to 940GZZLUHR5\": 25, \"piccadilly 940GZZLUCKS to 940GZZLUHRC\": 25, \"piccadilly 940GZZLUCKS to 940GZZLUUXB\": 25}","direction_id":"{}","headsign":"{}","source":86,"target":121,"layer":"L","from":"Hammersmith (H&C Line) Underground Station","to":"Turnham Green Underground Station"},"geometry":{"type":"LineString","coordinates":[[-0.225013,51.493535],[-0.254555,51.495148]]}},{"type":"Feature","properties":{"duration_avg":464.3697478991597,"n_vehicles":714,"d":4117,"route_I_counts":"{\"12\": 714}","shape_id":"{\"piccadilly 940GZZLUCKS to 940GZZLUHR5\": 238, \"piccadilly 940GZZLUCKS to 940GZZLUHRC\": 238, \"piccadilly 940GZZLUCKS to 940GZZLUUXB\": 238}","direction_id":"{}","headsign":"{}","source":86,"target":134,"layer":"L","from":"Hammersmith (H&C Line) Underground Station","to":"Acton Town Underground Station"},"geometry":{"type":"LineString","coordinates":[[-0.225013,51.493535],[-0.280462,51.503057]]}},{"type":"Feature","properties":{"shape_id":"{\"circle 940GZZLUHSC to 940GZZLUERC\": 108, \"hammersmith-city 940GZZLUHSC to 940GZZLUBKG\": 114}","direction_id":"{}","headsign":"{}","duration_avg":120.0,"n_vehicles":222,"d":398,"route_I_counts":"{\"3\": 108, \"7\": 114}","source":87,"target":88,"layer":"L","from":"Goldhawk Road Underground Station","to":"Shepherd's Bush Market Underground Station"},"geometry":{"type":"LineString","coordinates":[[-0.226715,51.502005],[-0.226375,51.505579]]}},{"type":"Feature","properties":{"shape_id":"{\"hammersmith-city 940GZZLUBKG to 940GZZLUHSC\": 112}","direction_id":"{}","headsign":"{}","duration_avg":180.0,"n_vehicles":112,"d":950,"route_I_counts":"{\"7\": 112}","source":87,"target":86,"layer":"L","from":"Goldhawk Road Underground Station","to":"Hammersmith (H&C Line) Underground Station"},"geometry":{"type":"LineString","coordinates":[[-0.226715,51.502005],[-0.225013,51.493535]]}},{"type":"Feature","properties":{"shape_id":"{\"hammersmith-city 940GZZLUBKG to 940GZZLUHSC\": 112}","direction_id":"{}","headsign":"{}","duration_avg":120.0,"n_vehicles":112,"d":398,"route_I_counts":"{\"7\": 112}","source":88,"target":87,"layer":"L","from":"Shepherd's Bush Market Underground Station","to":"Goldhawk Road Underground Station"},"geometry":{"type":"LineString","coordinates":[[-0.226375,51.505579],[-0.226715,51.502005]]}},{"type":"Feature","properties":{"duration_avg":60.0,"n_vehicles":223,"d":472,"route_I_counts":"{\"3\": 108, \"7\": 115}","shape_id":"{\"circle 940GZZLUHSC to 940GZZLUERC\": 108, \"hammersmith-city 940GZZLUHSC to 940GZZLUBKG\": 115}","direction_id":"{}","headsign":"{}","source":88,"target":49,"layer":"L","from":"Shepherd's Bush Market Underground Station","to":"White City Underground Station"},"geometry":{"type":"LineString","coordinates":[[-0.226375,51.505579],[-0.224297,51.511959]]}},{"type":"Feature","properties":{"shape_id":"{\"circle 940GZZLUHSC to 940GZZLUERC\": 108, \"hammersmith-city 940GZZLUHSC to 940GZZLUBKG\": 114}","direction_id":"{}","headsign":"{}","duration_avg":60.0,"n_vehicles":222,"d":683,"route_I_counts":"{\"3\": 108, \"7\": 114}","source":89,"target":90,"layer":"L","from":"Latimer Road Underground Station","to":"Ladbroke Grove Underground Station"},"geometry":{"type":"LineString","coordinates":[[-0.217799,51.513389],[-0.210391,51.517449]]}},{"type":"Feature","properties":{"duration_avg":120.0,"n_vehicles":112,"d":623,"route_I_counts":"{\"7\": 112}","shape_id":"{\"hammersmith-city 940GZZLUBKG to 940GZZLUHSC\": 112}","direction_id":"{}","headsign":"{}","source":89,"target":49,"layer":"L","from":"Latimer Road Underground Station","to":"White City Underground Station"},"geometry":{"type":"LineString","coordinates":[[-0.217799,51.513389],[-0.224297,51.511959]]}},{"type":"Feature","properties":{"shape_id":"{\"circle 940GZZLUHSC to 940GZZLUERC\": 108, \"hammersmith-city 940GZZLUHSC to 940GZZLUBKG\": 114}","direction_id":"{}","headsign":"{}","duration_avg":120.0,"n_vehicles":222,"d":763,"route_I_counts":"{\"3\": 108, \"7\": 114}","source":90,"target":91,"layer":"L","from":"Ladbroke Grove Underground Station","to":"Westbourne Park Underground Station"},"geometry":{"type":"LineString","coordinates":[[-0.210391,51.517449],[-0.201065,51.52111]]}},{"type":"Feature","properties":{"shape_id":"{\"hammersmith-city 940GZZLUBKG to 940GZZLUHSC\": 113}","direction_id":"{}","headsign":"{}","duration_avg":60.0,"n_vehicles":113,"d":683,"route_I_counts":"{\"7\": 113}","source":90,"target":89,"layer":"L","from":"Ladbroke Grove Underground Station","to":"Latimer Road Underground Station"},"geometry":{"type":"LineString","coordinates":[[-0.210391,51.517449],[-0.217799,51.513389]]}},{"type":"Feature","properties":{"shape_id":"{\"circle 940GZZLUHSC to 940GZZLUERC\": 108, \"hammersmith-city 940GZZLUHSC to 940GZZLUBKG\": 114}","direction_id":"{}","headsign":"{}","duration_avg":120.0,"n_vehicles":222,"d":881,"route_I_counts":"{\"3\": 108, \"7\": 114}","source":91,"target":92,"layer":"L","from":"Westbourne Park Underground Station","to":"Royal Oak Underground Station"},"geometry":{"type":"LineString","coordinates":[[-0.201065,51.52111],[-0.188748,51.519113]]}},{"type":"Feature","properties":{"shape_id":"{\"hammersmith-city 940GZZLUBKG to 940GZZLUHSC\": 113}","direction_id":"{}","headsign":"{}","duration_avg":120.0,"n_vehicles":113,"d":763,"route_I_counts":"{\"7\": 113}","source":91,"target":90,"layer":"L","from":"Westbourne Park Underground Station","to":"Ladbroke Grove Underground Station"},"geometry":{"type":"LineString","coordinates":[[-0.201065,51.52111],[-0.210391,51.517449]]}},{"type":"Feature","properties":{"shape_id":"{\"hammersmith-city 940GZZLUBKG to 940GZZLUHSC\": 113}","direction_id":"{}","headsign":"{}","duration_avg":120.0,"n_vehicles":113,"d":881,"route_I_counts":"{\"7\": 113}","source":92,"target":91,"layer":"L","from":"Royal Oak Underground Station","to":"Westbourne Park Underground Station"},"geometry":{"type":"LineString","coordinates":[[-0.188748,51.519113],[-0.201065,51.52111]]}},{"type":"Feature","properties":{"duration_avg":120.0,"n_vehicles":222,"d":730,"route_I_counts":"{\"3\": 108, \"7\": 114}","shape_id":"{\"circle 940GZZLUHSC to 940GZZLUERC\": 108, \"hammersmith-city 940GZZLUHSC to 940GZZLUBKG\": 114}","direction_id":"{}","headsign":"{}","source":92,"target":12,"layer":"L","from":"Royal Oak Underground Station","to":"Paddington Underground Station"},"geometry":{"type":"LineString","coordinates":[[-0.188748,51.519113],[-0.175689,51.516581]]}},{"type":"Feature","properties":{"shape_id":"{\"hammersmith-city 940GZZLUBKG to 940GZZLUHSC\": 114, \"metropolitan 940GZZLUALD to 940GZZLUAMS\": 206, \"metropolitan 940GZZLUALD to 940GZZLUCSM\": 206, \"metropolitan 940GZZLUALD to 940GZZLUUXB\": 206, \"metropolitan 940GZZLUALD to 940GZZLUWAF\": 206}","direction_id":"{}","headsign":"{}","duration_avg":257.5266524520256,"n_vehicles":938,"d":897,"route_I_counts":"{\"7\": 114, \"10\": 824}","source":93,"target":15,"layer":"L","from":"Great Portland Street Underground Station","to":"Baker Street Underground Station"},"geometry":{"type":"LineString","coordinates":[[-0.144262,51.52384],[-0.15713,51.522883]]}},{"type":"Feature","properties":{"duration_avg":83.64864864864865,"n_vehicles":444,"d":616,"route_I_counts":"{\"3\": 109, \"7\": 111, \"10\": 224}","shape_id":"{\"circle 940GZZLUHSC to 940GZZLUERC\": 109, \"hammersmith-city 940GZZLUHSC to 940GZZLUBKG\": 111, \"metropolitan 940GZZLUAMS to 940GZZLUALD\": 36, \"metropolitan 940GZZLUCSM to 940GZZLUALD\": 27, \"metropolitan 940GZZLUCSM to 940GZZLUWAF\": 27, \"metropolitan 940GZZLUUXB to 940GZZLUALD\": 107, \"metropolitan 940GZZLUWAF to 940GZZLUALD\": 27}","direction_id":"{}","headsign":"{}","source":93,"target":192,"layer":"L","from":"Great Portland Street Underground Station","to":"Euston Underground Station"},"geometry":{"type":"LineString","coordinates":[[-0.144262,51.52384],[-0.1323,51.528344]]}},{"type":"Feature","properties":{"shape_id":"{\"circle 940GZZLUHSC to 940GZZLUERC\": 109, \"hammersmith-city 940GZZLUHSC to 940GZZLUBKG\": 111, \"metropolitan 940GZZLUAMS to 940GZZLUALD\": 36, \"metropolitan 940GZZLUCSM to 940GZZLUALD\": 27, \"metropolitan 940GZZLUCSM to 940GZZLUWAF\": 27, \"metropolitan 940GZZLUUXB to 940GZZLUALD\": 107, \"metropolitan 940GZZLUWAF to 940GZZLUALD\": 27}","direction_id":"{}","headsign":"{}","duration_avg":200.94594594594594,"n_vehicles":444,"d":1716,"route_I_counts":"{\"3\": 109, \"7\": 111, \"10\": 224}","source":94,"target":95,"layer":"L","from":"King's Cross St. Pancras Underground Station","to":"Farringdon Underground Station"},"geometry":{"type":"LineString","coordinates":[[-0.123194,51.530663],[-0.104913,51.520252]]}},{"type":"Feature","properties":{"shape_id":"{\"northern 940GZZLUEGW to 940GZZLUMDN\": 172, \"northern 940GZZLUHBT to 940GZZLUMDN\": 175, \"northern 940GZZLUMHL to 940GZZLUMDN\": 6}","direction_id":"{}","headsign":"{}","duration_avg":150.25495750708214,"n_vehicles":353,"d":1214,"route_I_counts":"{\"11\": 353}","source":94,"target":208,"layer":"L","from":"King's Cross St. Pancras Underground Station","to":"Angel Underground Station"},"geometry":{"type":"LineString","coordinates":[[-0.123194,51.530663],[-0.105992,51.532796]]}},{"type":"Feature","properties":{"shape_id":"{\"northern 940GZZLUMDN to 940GZZLUEGW\": 364, \"northern 940GZZLUMDN to 940GZZLUHBT\": 364, \"northern 940GZZLUMDN to 940GZZLUMHL\": 364, \"victoria 940GZZLUWWL to 940GZZLUBXN\": 489, \"hammersmith-city 940GZZLUBKG to 940GZZLUHSC\": 114, \"metropolitan 940GZZLUALD to 940GZZLUAMS\": 206, \"metropolitan 940GZZLUALD to 940GZZLUCSM\": 206, \"metropolitan 940GZZLUALD to 940GZZLUUXB\": 206, \"metropolitan 940GZZLUALD to 940GZZLUWAF\": 206}","direction_id":"{}","headsign":"{}","duration_avg":109.86717267552183,"n_vehicles":2519,"d":681,"route_I_counts":"{\"11\": 1092, \"21\": 489, \"7\": 114, \"10\": 824}","source":94,"target":192,"layer":"L","from":"King's Cross St. Pancras Underground Station","to":"Euston Underground Station"},"geometry":{"type":"LineString","coordinates":[[-0.123194,51.530663],[-0.1323,51.528344]]}},{"type":"Feature","properties":{"shape_id":"{\"piccadilly 940GZZLUCKS to 940GZZLUHR5\": 267, \"piccadilly 940GZZLUCKS to 940GZZLUHRC\": 267, \"piccadilly 940GZZLUCKS to 940GZZLUUXB\": 267}","direction_id":"{}","headsign":"{}","duration_avg":120.0,"n_vehicles":801,"d":848,"route_I_counts":"{\"12\": 801}","source":94,"target":233,"layer":"L","from":"King's Cross St. Pancras Underground Station","to":"Russell Square Underground Station"},"geometry":{"type":"LineString","coordinates":[[-0.123194,51.530663],[-0.124285,51.523073]]}},{"type":"Feature","properties":{"shape_id":"{\"piccadilly 940GZZLUHR4 to 940GZZLUCKS\": 104, \"piccadilly 940GZZLUHR5 to 940GZZLUCKS\": 103, \"piccadilly 940GZZLUUXB to 940GZZLUCKS\": 57}","direction_id":"{}","headsign":"{}","duration_avg":180.0,"n_vehicles":264,"d":2014,"route_I_counts":"{\"12\": 264}","source":94,"target":232,"layer":"L","from":"King's Cross St. Pancras Underground Station","to":"Caledonian Road Underground Station"},"geometry":{"type":"LineString","coordinates":[[-0.123194,51.530663],[-0.118493,51.548519]]}},{"type":"Feature","properties":{"shape_id":"{\"victoria 940GZZLUBXN to 940GZZLUWWL\": 527}","direction_id":"{}","headsign":"{}","duration_avg":180.0,"n_vehicles":527,"d":2223,"route_I_counts":"{\"21\": 527}","source":94,"target":257,"layer":"L","from":"King's Cross St. Pancras Underground Station","to":"Highbury & Islington Underground Station"},"geometry":{"type":"LineString","coordinates":[[-0.123194,51.530663],[-0.103324,51.54635]]}},{"type":"Feature","properties":{"shape_id":"{\"circle 940GZZLUHSC to 940GZZLUERC\": 109, \"hammersmith-city 940GZZLUHSC to 940GZZLUBKG\": 111, \"metropolitan 940GZZLUAMS to 940GZZLUALD\": 36, \"metropolitan 940GZZLUCSM to 940GZZLUALD\": 27, \"metropolitan 940GZZLUCSM to 940GZZLUWAF\": 27, \"metropolitan 940GZZLUUXB to 940GZZLUALD\": 107, \"metropolitan 940GZZLUWAF to 940GZZLUALD\": 27}","direction_id":"{}","headsign":"{}","duration_avg":120.0,"n_vehicles":444,"d":479,"route_I_counts":"{\"3\": 109, \"7\": 111, \"10\": 224}","source":95,"target":96,"layer":"L","from":"Farringdon Underground Station","to":"Barbican Underground Station"},"geometry":{"type":"LineString","coordinates":[[-0.104913,51.520252],[-0.097993,51.520275]]}},{"type":"Feature","properties":{"shape_id":"{\"hammersmith-city 940GZZLUBKG to 940GZZLUHSC\": 114, \"metropolitan 940GZZLUALD to 940GZZLUAMS\": 206, \"metropolitan 940GZZLUALD to 940GZZLUCSM\": 206, \"metropolitan 940GZZLUALD to 940GZZLUUXB\": 206, \"metropolitan 940GZZLUALD to 940GZZLUWAF\": 206}","direction_id":"{}","headsign":"{}","duration_avg":228.99786780383795,"n_vehicles":938,"d":1716,"route_I_counts":"{\"7\": 114, \"10\": 824}","source":95,"target":94,"layer":"L","from":"Farringdon Underground Station","to":"King's Cross St. Pancras Underground Station"},"geometry":{"type":"LineString","coordinates":[[-0.104913,51.520252],[-0.123194,51.530663]]}},{"type":"Feature","properties":{"shape_id":"{\"circle 940GZZLUHSC to 940GZZLUERC\": 109, \"hammersmith-city 940GZZLUHSC to 940GZZLUBKG\": 111, \"metropolitan 940GZZLUAMS to 940GZZLUALD\": 36, \"metropolitan 940GZZLUCSM to 940GZZLUALD\": 27, \"metropolitan 940GZZLUCSM to 940GZZLUWAF\": 27, \"metropolitan 940GZZLUUXB to 940GZZLUALD\": 107, \"metropolitan 940GZZLUWAF to 940GZZLUALD\": 27}","direction_id":"{}","headsign":"{}","duration_avg":102.56756756756756,"n_vehicles":444,"d":709,"route_I_counts":"{\"3\": 109, \"7\": 111, \"10\": 224}","source":96,"target":97,"layer":"L","from":"Barbican Underground Station","to":"Moorgate Underground Station"},"geometry":{"type":"LineString","coordinates":[[-0.097993,51.520275],[-0.088322,51.518176]]}},{"type":"Feature","properties":{"shape_id":"{\"hammersmith-city 940GZZLUBKG to 940GZZLUHSC\": 115, \"metropolitan 940GZZLUALD to 940GZZLUAMS\": 206, \"metropolitan 940GZZLUALD to 940GZZLUCSM\": 206, \"metropolitan 940GZZLUALD to 940GZZLUUXB\": 206, \"metropolitan 940GZZLUALD to 940GZZLUWAF\": 206}","direction_id":"{}","headsign":"{}","duration_avg":120.0,"n_vehicles":939,"d":479,"route_I_counts":"{\"7\": 115, \"10\": 824}","source":96,"target":95,"layer":"L","from":"Barbican Underground Station","to":"Farringdon Underground Station"},"geometry":{"type":"LineString","coordinates":[[-0.097993,51.520275],[-0.104913,51.520252]]}},{"type":"Feature","properties":{"shape_id":"{\"hammersmith-city 940GZZLUBKG to 940GZZLUHSC\": 115, \"metropolitan 940GZZLUALD to 940GZZLUAMS\": 206, \"metropolitan 940GZZLUALD to 940GZZLUCSM\": 206, \"metropolitan 940GZZLUALD to 940GZZLUUXB\": 206, \"metropolitan 940GZZLUALD to 940GZZLUWAF\": 206}","direction_id":"{}","headsign":"{}","duration_avg":107.02875399361022,"n_vehicles":939,"d":709,"route_I_counts":"{\"7\": 115, \"10\": 824}","source":97,"target":96,"layer":"L","from":"Moorgate Underground Station","to":"Barbican Underground Station"},"geometry":{"type":"LineString","coordinates":[[-0.088322,51.518176],[-0.097993,51.520275]]}},{"type":"Feature","properties":{"shape_id":"{\"northern 940GZZLUEGW to 940GZZLUMDN\": 171, \"northern 940GZZLUHBT to 940GZZLUMDN\": 174, \"northern 940GZZLUMHL to 940GZZLUMDN\": 6, \"central 940GZZLUEPG to 940GZZLUEBY\": 166, \"central 940GZZLUEPG to 940GZZLUWRP\": 166}","direction_id":"{}","headsign":"{}","duration_avg":120.0,"n_vehicles":683,"d":627,"route_I_counts":"{\"11\": 351, \"2\": 332}","source":97,"target":37,"layer":"L","from":"Moorgate Underground Station","to":"Bank Underground Station"},"geometry":{"type":"LineString","coordinates":[[-0.088322,51.518176],[-0.088083,51.512542]]}},{"type":"Feature","properties":{"shape_id":"{\"northern 940GZZLUMDN to 940GZZLUEGW\": 366, \"northern 940GZZLUMDN to 940GZZLUHBT\": 366, \"northern 940GZZLUMDN to 940GZZLUMHL\": 366}","direction_id":"{}","headsign":"{}","duration_avg":60.0,"n_vehicles":1098,"d":856,"route_I_counts":"{\"11\": 1098}","source":97,"target":209,"layer":"L","from":"Moorgate Underground Station","to":"Old Street Underground Station"},"geometry":{"type":"LineString","coordinates":[[-0.088322,51.518176],[-0.08777,51.525864]]}},{"type":"Feature","properties":{"duration_avg":180.0,"n_vehicles":608,"d":2208,"route_I_counts":"{\"2\": 608}","shape_id":"{\"central 940GZZLUEBY to 940GZZLUEPG\": 159, \"central 940GZZLUEBY to 940GZZLUHLT\": 159, \"central 940GZZLUWRP to 940GZZLUEPG\": 145, \"central 940GZZLUWRP to 940GZZLUHLT\": 145}","direction_id":"{}","headsign":"{}","source":97,"target":36,"layer":"L","from":"Moorgate Underground Station","to":"Bethnal Green Underground Station"},"geometry":{"type":"LineString","coordinates":[[-0.088322,51.518176],[-0.055506,51.527222]]}},{"type":"Feature","properties":{"duration_avg":144.5045045045045,"n_vehicles":333,"d":624,"route_I_counts":"{\"3\": 109, \"10\": 224}","shape_id":"{\"circle 940GZZLUHSC to 940GZZLUERC\": 109, \"metropolitan 940GZZLUAMS to 940GZZLUALD\": 36, \"metropolitan 940GZZLUCSM to 940GZZLUALD\": 27, \"metropolitan 940GZZLUCSM to 940GZZLUWAF\": 27, \"metropolitan 940GZZLUUXB to 940GZZLUALD\": 107, \"metropolitan 940GZZLUWAF to 940GZZLUALD\": 27}","direction_id":"{}","headsign":"{}","source":97,"target":85,"layer":"L","from":"Moorgate Underground Station","to":"Aldgate Underground Station"},"geometry":{"type":"LineString","coordinates":[[-0.088322,51.518176],[-0.075689,51.514246]]}},{"type":"Feature","properties":{"duration_avg":180.0,"n_vehicles":108,"d":791,"route_I_counts":"{\"7\": 108}","shape_id":"{\"hammersmith-city 940GZZLUHSC to 940GZZLUBKG\": 108}","direction_id":"{}","headsign":"{}","source":97,"target":115,"layer":"L","from":"Moorgate Underground Station","to":"Aldgate East Underground Station"},"geometry":{"type":"LineString","coordinates":[[-0.088322,51.518176],[-0.072384,51.515037]]}},{"type":"Feature","properties":{"shape_id":"{\"district 940GZZLUUPM to 940GZZLUEBY\": 231, \"district 940GZZLUUPM to 940GZZLURMD\": 231, \"district 940GZZLUUPM to 940GZZLUWIM\": 231}","direction_id":"{}","headsign":"{}","duration_avg":120.0,"n_vehicles":693,"d":1044,"route_I_counts":"{\"4\": 693}","source":98,"target":99,"layer":"L","from":"Upminster Underground Station","to":"Upminster Bridge Underground Station"},"geometry":{"type":"LineString","coordinates":[[0.250882,51.559063],[0.235809,51.55856]]}},{"type":"Feature","properties":{"shape_id":"{\"district 940GZZLUUPM to 940GZZLUEBY\": 231, \"district 940GZZLUUPM to 940GZZLURMD\": 231, \"district 940GZZLUUPM to 940GZZLUWIM\": 231}","direction_id":"{}","headsign":"{}","duration_avg":120.0,"n_vehicles":693,"d":1257,"route_I_counts":"{\"4\": 693}","source":99,"target":100,"layer":"L","from":"Upminster Bridge Underground Station","to":"Hornchurch Underground Station"},"geometry":{"type":"LineString","coordinates":[[0.235809,51.55856],[0.219116,51.554093]]}},{"type":"Feature","properties":{"shape_id":"{\"district 940GZZLUEBY to 940GZZLUERC\": 87, \"district 940GZZLUEBY to 940GZZLUUPM\": 87, \"district 940GZZLURMD to 940GZZLUERC\": 81, \"district 940GZZLURMD to 940GZZLUUPM\": 81, \"district 940GZZLUWIM to 940GZZLUERC\": 39, \"district 940GZZLUWIM to 940GZZLUUPM\": 39}","direction_id":"{}","headsign":"{}","duration_avg":191.30434782608697,"n_vehicles":414,"d":1044,"route_I_counts":"{\"4\": 414}","source":99,"target":98,"layer":"L","from":"Upminster Bridge Underground Station","to":"Upminster Underground Station"},"geometry":{"type":"LineString","coordinates":[[0.235809,51.55856],[0.250882,51.559063]]}},{"type":"Feature","properties":{"shape_id":"{\"district 940GZZLUUPM to 940GZZLUEBY\": 231, \"district 940GZZLUUPM to 940GZZLURMD\": 231, \"district 940GZZLUUPM to 940GZZLUWIM\": 231}","direction_id":"{}","headsign":"{}","duration_avg":120.0,"n_vehicles":693,"d":1496,"route_I_counts":"{\"4\": 693}","source":100,"target":101,"layer":"L","from":"Hornchurch Underground Station","to":"Elm Park Underground Station"},"geometry":{"type":"LineString","coordinates":[[0.219116,51.554093],[0.19864,51.549775]]}},{"type":"Feature","properties":{"shape_id":"{\"district 940GZZLUEBY to 940GZZLUERC\": 87, \"district 940GZZLUEBY to 940GZZLUUPM\": 87, \"district 940GZZLURMD to 940GZZLUERC\": 81, \"district 940GZZLURMD to 940GZZLUUPM\": 81, \"district 940GZZLUWIM to 940GZZLUERC\": 39, \"district 940GZZLUWIM to 940GZZLUUPM\": 39}","direction_id":"{}","headsign":"{}","duration_avg":120.0,"n_vehicles":414,"d":1257,"route_I_counts":"{\"4\": 414}","source":100,"target":99,"layer":"L","from":"Hornchurch Underground Station","to":"Upminster Bridge Underground Station"},"geometry":{"type":"LineString","coordinates":[[0.219116,51.554093],[0.235809,51.55856]]}},{"type":"Feature","properties":{"shape_id":"{\"district 940GZZLUUPM to 940GZZLUEBY\": 232, \"district 940GZZLUUPM to 940GZZLURMD\": 232, \"district 940GZZLUUPM to 940GZZLUWIM\": 232}","direction_id":"{}","headsign":"{}","duration_avg":180.0,"n_vehicles":696,"d":2345,"route_I_counts":"{\"4\": 696}","source":101,"target":102,"layer":"L","from":"Elm Park Underground Station","to":"Dagenham East Underground Station"},"geometry":{"type":"LineString","coordinates":[[0.19864,51.549775],[0.166017,51.544096]]}},{"type":"Feature","properties":{"shape_id":"{\"district 940GZZLUEBY to 940GZZLUERC\": 87, \"district 940GZZLUEBY to 940GZZLUUPM\": 87, \"district 940GZZLURMD to 940GZZLUERC\": 82, \"district 940GZZLURMD to 940GZZLUUPM\": 82, \"district 940GZZLUWIM to 940GZZLUERC\": 39, \"district 940GZZLUWIM to 940GZZLUUPM\": 39}","direction_id":"{}","headsign":"{}","duration_avg":120.0,"n_vehicles":416,"d":1496,"route_I_counts":"{\"4\": 416}","source":101,"target":100,"layer":"L","from":"Elm Park Underground Station","to":"Hornchurch Underground Station"},"geometry":{"type":"LineString","coordinates":[[0.19864,51.549775],[0.219116,51.554093]]}},{"type":"Feature","properties":{"shape_id":"{\"district 940GZZLUUPM to 940GZZLUEBY\": 232, \"district 940GZZLUUPM to 940GZZLURMD\": 232, \"district 940GZZLUUPM to 940GZZLUWIM\": 232}","direction_id":"{}","headsign":"{}","duration_avg":120.0,"n_vehicles":696,"d":1309,"route_I_counts":"{\"4\": 696}","source":102,"target":103,"layer":"L","from":"Dagenham East Underground Station","to":"Dagenham Heathway Underground Station"},"geometry":{"type":"LineString","coordinates":[[0.166017,51.544096],[0.147527,51.541639]]}},{"type":"Feature","properties":{"shape_id":"{\"district 940GZZLUEBY to 940GZZLUERC\": 87, \"district 940GZZLUEBY to 940GZZLUUPM\": 87, \"district 940GZZLURMD to 940GZZLUERC\": 82, \"district 940GZZLURMD to 940GZZLUUPM\": 82, \"district 940GZZLUWIM to 940GZZLUERC\": 39, \"district 940GZZLUWIM to 940GZZLUUPM\": 39}","direction_id":"{}","headsign":"{}","duration_avg":180.0,"n_vehicles":416,"d":2345,"route_I_counts":"{\"4\": 416}","source":102,"target":101,"layer":"L","from":"Dagenham East Underground Station","to":"Elm Park Underground Station"},"geometry":{"type":"LineString","coordinates":[[0.166017,51.544096],[0.19864,51.549775]]}},{"type":"Feature","properties":{"shape_id":"{\"district 940GZZLUUPM to 940GZZLUEBY\": 232, \"district 940GZZLUUPM to 940GZZLURMD\": 232, \"district 940GZZLUUPM to 940GZZLUWIM\": 232}","direction_id":"{}","headsign":"{}","duration_avg":120.0,"n_vehicles":696,"d":1427,"route_I_counts":"{\"4\": 696}","source":103,"target":104,"layer":"L","from":"Dagenham Heathway Underground Station","to":"Becontree Underground Station"},"geometry":{"type":"LineString","coordinates":[[0.147527,51.541639],[0.127016,51.540331]]}},{"type":"Feature","properties":{"shape_id":"{\"district 940GZZLUEBY to 940GZZLUERC\": 89, \"district 940GZZLUEBY to 940GZZLUUPM\": 89, \"district 940GZZLUKOY to 940GZZLUERC\": 2, \"district 940GZZLUKOY to 940GZZLUUPM\": 2, \"district 940GZZLURMD to 940GZZLUERC\": 86, \"district 940GZZLURMD to 940GZZLUUPM\": 86, \"district 940GZZLUWIM to 940GZZLUERC\": 41, \"district 940GZZLUWIM to 940GZZLUUPM\": 41}","direction_id":"{}","headsign":"{}","duration_avg":122.4770642201835,"n_vehicles":436,"d":1309,"route_I_counts":"{\"4\": 436}","source":103,"target":102,"layer":"L","from":"Dagenham Heathway Underground Station","to":"Dagenham East Underground Station"},"geometry":{"type":"LineString","coordinates":[[0.147527,51.541639],[0.166017,51.544096]]}},{"type":"Feature","properties":{"shape_id":"{\"district 940GZZLUUPM to 940GZZLUEBY\": 232, \"district 940GZZLUUPM to 940GZZLURMD\": 232, \"district 940GZZLUUPM to 940GZZLUWIM\": 232}","direction_id":"{}","headsign":"{}","duration_avg":180.0,"n_vehicles":696,"d":1778,"route_I_counts":"{\"4\": 696}","source":104,"target":105,"layer":"L","from":"Becontree Underground Station","to":"Upney Underground Station"},"geometry":{"type":"LineString","coordinates":[[0.127016,51.540331],[0.10153,51.538372]]}},{"type":"Feature","properties":{"shape_id":"{\"district 940GZZLUEBY to 940GZZLUERC\": 89, \"district 940GZZLUEBY to 940GZZLUUPM\": 89, \"district 940GZZLUKOY to 940GZZLUERC\": 2, \"district 940GZZLUKOY to 940GZZLUUPM\": 2, \"district 940GZZLURMD to 940GZZLUERC\": 86, \"district 940GZZLURMD to 940GZZLUUPM\": 86, \"district 940GZZLUWIM to 940GZZLUERC\": 41, \"district 940GZZLUWIM to 940GZZLUUPM\": 41}","direction_id":"{}","headsign":"{}","duration_avg":120.0,"n_vehicles":436,"d":1427,"route_I_counts":"{\"4\": 436}","source":104,"target":103,"layer":"L","from":"Becontree Underground Station","to":"Dagenham Heathway Underground Station"},"geometry":{"type":"LineString","coordinates":[[0.127016,51.540331],[0.147527,51.541639]]}},{"type":"Feature","properties":{"shape_id":"{\"district 940GZZLUUPM to 940GZZLUEBY\": 231, \"district 940GZZLUUPM to 940GZZLURMD\": 231, \"district 940GZZLUUPM to 940GZZLUWIM\": 231}","direction_id":"{}","headsign":"{}","duration_avg":180.0,"n_vehicles":693,"d":1421,"route_I_counts":"{\"4\": 693}","source":105,"target":106,"layer":"L","from":"Upney Underground Station","to":"Barking Underground Station"},"geometry":{"type":"LineString","coordinates":[[0.10153,51.538372],[0.081053,51.539321]]}},{"type":"Feature","properties":{"shape_id":"{\"district 940GZZLUEBY to 940GZZLUERC\": 89, \"district 940GZZLUEBY to 940GZZLUUPM\": 89, \"district 940GZZLUKOY to 940GZZLUERC\": 2, \"district 940GZZLUKOY to 940GZZLUUPM\": 2, \"district 940GZZLURMD to 940GZZLUERC\": 87, \"district 940GZZLURMD to 940GZZLUUPM\": 87, \"district 940GZZLUWIM to 940GZZLUERC\": 41, \"district 940GZZLUWIM to 940GZZLUUPM\": 41}","direction_id":"{}","headsign":"{}","duration_avg":177.53424657534248,"n_vehicles":438,"d":1778,"route_I_counts":"{\"4\": 438}","source":105,"target":104,"layer":"L","from":"Upney Underground Station","to":"Becontree Underground Station"},"geometry":{"type":"LineString","coordinates":[[0.10153,51.538372],[0.127016,51.540331]]}},{"type":"Feature","properties":{"shape_id":"{\"district 940GZZLUUPM to 940GZZLUEBY\": 231, \"district 940GZZLUUPM to 940GZZLURMD\": 231, \"district 940GZZLUUPM to 940GZZLUWIM\": 231, \"hammersmith-city 940GZZLUBKG to 940GZZLUHSC\": 118}","direction_id":"{}","headsign":"{}","duration_avg":180.0,"n_vehicles":811,"d":2068,"route_I_counts":"{\"4\": 693, \"7\": 118}","source":106,"target":107,"layer":"L","from":"Barking Underground Station","to":"East Ham Underground Station"},"geometry":{"type":"LineString","coordinates":[[0.081053,51.539321],[0.051186,51.538948]]}},{"type":"Feature","properties":{"shape_id":"{\"district 940GZZLUEBY to 940GZZLUERC\": 89, \"district 940GZZLUEBY to 940GZZLUUPM\": 89, \"district 940GZZLUKOY to 940GZZLUERC\": 2, \"district 940GZZLUKOY to 940GZZLUUPM\": 2, \"district 940GZZLURMD to 940GZZLUERC\": 87, \"district 940GZZLURMD to 940GZZLUUPM\": 87, \"district 940GZZLUWIM to 940GZZLUERC\": 41, \"district 940GZZLUWIM to 940GZZLUUPM\": 41}","direction_id":"{}","headsign":"{}","duration_avg":120.0,"n_vehicles":438,"d":1421,"route_I_counts":"{\"4\": 438}","source":106,"target":105,"layer":"L","from":"Barking Underground Station","to":"Upney Underground Station"},"geometry":{"type":"LineString","coordinates":[[0.081053,51.539321],[0.10153,51.538372]]}},{"type":"Feature","properties":{"shape_id":"{\"district 940GZZLUUPM to 940GZZLUEBY\": 230, \"district 940GZZLUUPM to 940GZZLURMD\": 230, \"district 940GZZLUUPM to 940GZZLUWIM\": 230, \"hammersmith-city 940GZZLUBKG to 940GZZLUHSC\": 118}","direction_id":"{}","headsign":"{}","duration_avg":120.0,"n_vehicles":808,"d":1173,"route_I_counts":"{\"4\": 690, \"7\": 118}","source":107,"target":108,"layer":"L","from":"East Ham Underground Station","to":"Upton Park Underground Station"},"geometry":{"type":"LineString","coordinates":[[0.051186,51.538948],[0.035263,51.53534]]}},{"type":"Feature","properties":{"shape_id":"{\"district 940GZZLUEBY to 940GZZLUERC\": 104, \"district 940GZZLUEBY to 940GZZLUUPM\": 104, \"district 940GZZLUKOY to 940GZZLUERC\": 2, \"district 940GZZLUKOY to 940GZZLUUPM\": 2, \"district 940GZZLURMD to 940GZZLUERC\": 93, \"district 940GZZLURMD to 940GZZLUUPM\": 93, \"district 940GZZLUWIM to 940GZZLUERC\": 66, \"district 940GZZLUWIM to 940GZZLUUPM\": 66, \"hammersmith-city 940GZZLUHSC to 940GZZLUBKG\": 106}","direction_id":"{}","headsign":"{}","duration_avg":264.811320754717,"n_vehicles":636,"d":2068,"route_I_counts":"{\"4\": 530, \"7\": 106}","source":107,"target":106,"layer":"L","from":"East Ham Underground Station","to":"Barking Underground Station"},"geometry":{"type":"LineString","coordinates":[[0.051186,51.538948],[0.081053,51.539321]]}},{"type":"Feature","properties":{"shape_id":"{\"district 940GZZLUUPM to 940GZZLUEBY\": 230, \"district 940GZZLUUPM to 940GZZLURMD\": 230, \"district 940GZZLUUPM to 940GZZLUWIM\": 230, \"hammersmith-city 940GZZLUBKG to 940GZZLUHSC\": 117}","direction_id":"{}","headsign":"{}","duration_avg":120.0,"n_vehicles":807,"d":1311,"route_I_counts":"{\"4\": 690, \"7\": 117}","source":108,"target":109,"layer":"L","from":"Upton Park Underground Station","to":"Plaistow Underground Station"},"geometry":{"type":"LineString","coordinates":[[0.035263,51.53534],[0.017451,51.531341]]}},{"type":"Feature","properties":{"shape_id":"{\"district 940GZZLUEBY to 940GZZLUERC\": 104, \"district 940GZZLUEBY to 940GZZLUUPM\": 104, \"district 940GZZLUKOY to 940GZZLUERC\": 2, \"district 940GZZLUKOY to 940GZZLUUPM\": 2, \"district 940GZZLURMD to 940GZZLUERC\": 93, \"district 940GZZLURMD to 940GZZLUUPM\": 93, \"district 940GZZLUWIM to 940GZZLUERC\": 67, \"district 940GZZLUWIM to 940GZZLUUPM\": 67, \"hammersmith-city 940GZZLUHSC to 940GZZLUBKG\": 106}","direction_id":"{}","headsign":"{}","duration_avg":122.25705329153605,"n_vehicles":638,"d":1173,"route_I_counts":"{\"4\": 532, \"7\": 106}","source":108,"target":107,"layer":"L","from":"Upton Park Underground Station","to":"East Ham Underground Station"},"geometry":{"type":"LineString","coordinates":[[0.035263,51.53534],[0.051186,51.538948]]}},{"type":"Feature","properties":{"shape_id":"{\"district 940GZZLUUPM to 940GZZLUEBY\": 230, \"district 940GZZLUUPM to 940GZZLURMD\": 230, \"district 940GZZLUUPM to 940GZZLUWIM\": 230, \"hammersmith-city 940GZZLUBKG to 940GZZLUHSC\": 117}","direction_id":"{}","headsign":"{}","duration_avg":120.0,"n_vehicles":807,"d":929,"route_I_counts":"{\"4\": 690, \"7\": 117}","source":109,"target":110,"layer":"L","from":"Plaistow Underground Station","to":"West Ham Underground Station"},"geometry":{"type":"LineString","coordinates":[[0.017451,51.531341],[0.005055,51.528136]]}},{"type":"Feature","properties":{"shape_id":"{\"district 940GZZLUEBY to 940GZZLUERC\": 104, \"district 940GZZLUEBY to 940GZZLUUPM\": 104, \"district 940GZZLUKOY to 940GZZLUERC\": 2, \"district 940GZZLUKOY to 940GZZLUUPM\": 2, \"district 940GZZLURMD to 940GZZLUERC\": 94, \"district 940GZZLURMD to 940GZZLUUPM\": 94, \"district 940GZZLUWIM to 940GZZLUERC\": 67, \"district 940GZZLUWIM to 940GZZLUUPM\": 67, \"hammersmith-city 940GZZLUHSC to 940GZZLUBKG\": 106}","direction_id":"{}","headsign":"{}","duration_avg":120.0,"n_vehicles":640,"d":1311,"route_I_counts":"{\"4\": 534, \"7\": 106}","source":109,"target":108,"layer":"L","from":"Plaistow Underground Station","to":"Upton Park Underground Station"},"geometry":{"type":"LineString","coordinates":[[0.017451,51.531341],[0.035263,51.53534]]}},{"type":"Feature","properties":{"shape_id":"{\"district 940GZZLUUPM to 940GZZLUEBY\": 230, \"district 940GZZLUUPM to 940GZZLURMD\": 230, \"district 940GZZLUUPM to 940GZZLUWIM\": 230, \"hammersmith-city 940GZZLUBKG to 940GZZLUHSC\": 117}","direction_id":"{}","headsign":"{}","duration_avg":126.6914498141264,"n_vehicles":807,"d":1206,"route_I_counts":"{\"4\": 690, \"7\": 117}","source":110,"target":111,"layer":"L","from":"West Ham Underground Station","to":"Bromley-by-Bow Underground Station"},"geometry":{"type":"LineString","coordinates":[[0.005055,51.528136],[-0.011538,51.524839]]}},{"type":"Feature","properties":{"shape_id":"{\"district 940GZZLUEBY to 940GZZLUERC\": 104, \"district 940GZZLUEBY to 940GZZLUUPM\": 104, \"district 940GZZLUKOY to 940GZZLUERC\": 2, \"district 940GZZLUKOY to 940GZZLUUPM\": 2, \"district 940GZZLURMD to 940GZZLUERC\": 94, \"district 940GZZLURMD to 940GZZLUUPM\": 94, \"district 940GZZLUWIM to 940GZZLUERC\": 67, \"district 940GZZLUWIM to 940GZZLUUPM\": 67, \"hammersmith-city 940GZZLUHSC to 940GZZLUBKG\": 107}","direction_id":"{}","headsign":"{}","duration_avg":76.38065522620904,"n_vehicles":641,"d":929,"route_I_counts":"{\"4\": 534, \"7\": 107}","source":110,"target":109,"layer":"L","from":"West Ham Underground Station","to":"Plaistow Underground Station"},"geometry":{"type":"LineString","coordinates":[[0.005055,51.528136],[0.017451,51.531341]]}},{"type":"Feature","properties":{"shape_id":"{\"jubilee 940GZZLUSTD to 940GZZLUSTM\": 380}","direction_id":"{}","headsign":"{}","duration_avg":141.47368421052633,"n_vehicles":380,"d":1635,"route_I_counts":"{\"8\": 380}","source":110,"target":136,"layer":"L","from":"West Ham Underground Station","to":"Canning Town Underground Station"},"geometry":{"type":"LineString","coordinates":[[0.005055,51.528136],[0.008322,51.513584]]}},{"type":"Feature","properties":{"shape_id":"{\"jubilee 940GZZLUSTM to 940GZZLUSTD\": 233}","direction_id":"{}","headsign":"{}","duration_avg":180.0,"n_vehicles":233,"d":1631,"route_I_counts":"{\"8\": 233}","source":110,"target":34,"layer":"L","from":"West Ham Underground Station","to":"Stratford Underground Station"},"geometry":{"type":"LineString","coordinates":[[0.005055,51.528136],[-0.003458,51.541806]]}},{"type":"Feature","properties":{"shape_id":"{\"district 940GZZLUUPM to 940GZZLUEBY\": 229, \"district 940GZZLUUPM to 940GZZLURMD\": 229, \"district 940GZZLUUPM to 940GZZLUWIM\": 229, \"hammersmith-city 940GZZLUBKG to 940GZZLUHSC\": 117}","direction_id":"{}","headsign":"{}","duration_avg":173.28358208955223,"n_vehicles":804,"d":969,"route_I_counts":"{\"4\": 687, \"7\": 117}","source":111,"target":112,"layer":"L","from":"Bromley-by-Bow Underground Station","to":"Bow Road Underground Station"},"geometry":{"type":"LineString","coordinates":[[-0.011538,51.524839],[-0.025128,51.52694]]}},{"type":"Feature","properties":{"shape_id":"{\"district 940GZZLUEBY to 940GZZLUERC\": 104, \"district 940GZZLUEBY to 940GZZLUUPM\": 104, \"district 940GZZLUKOY to 940GZZLUERC\": 2, \"district 940GZZLUKOY to 940GZZLUUPM\": 2, \"district 940GZZLURMD to 940GZZLUERC\": 94, \"district 940GZZLURMD to 940GZZLUUPM\": 94, \"district 940GZZLUWIM to 940GZZLUERC\": 67, \"district 940GZZLUWIM to 940GZZLUUPM\": 67, \"hammersmith-city 940GZZLUHSC to 940GZZLUBKG\": 107}","direction_id":"{}","headsign":"{}","duration_avg":163.90015600624025,"n_vehicles":641,"d":1206,"route_I_counts":"{\"4\": 534, \"7\": 107}","source":111,"target":110,"layer":"L","from":"Bromley-by-Bow Underground Station","to":"West Ham Underground Station"},"geometry":{"type":"LineString","coordinates":[[-0.011538,51.524839],[0.005055,51.528136]]}},{"type":"Feature","properties":{"shape_id":"{\"district 940GZZLUUPM to 940GZZLUEBY\": 229, \"district 940GZZLUUPM to 940GZZLURMD\": 229, \"district 940GZZLUUPM to 940GZZLUWIM\": 229, \"hammersmith-city 940GZZLUBKG to 940GZZLUHSC\": 116}","direction_id":"{}","headsign":"{}","duration_avg":75.39227895392278,"n_vehicles":803,"d":623,"route_I_counts":"{\"4\": 687, \"7\": 116}","source":112,"target":35,"layer":"L","from":"Bow Road Underground Station","to":"Mile End Underground Station"},"geometry":{"type":"LineString","coordinates":[[-0.025128,51.52694],[-0.03364,51.525122]]}},{"type":"Feature","properties":{"shape_id":"{\"district 940GZZLUEBY to 940GZZLUERC\": 105, \"district 940GZZLUEBY to 940GZZLUUPM\": 105, \"district 940GZZLUKOY to 940GZZLUERC\": 2, \"district 940GZZLUKOY to 940GZZLUUPM\": 2, \"district 940GZZLURMD to 940GZZLUERC\": 94, \"district 940GZZLURMD to 940GZZLUUPM\": 94, \"district 940GZZLUWIM to 940GZZLUERC\": 67, \"district 940GZZLUWIM to 940GZZLUUPM\": 67, \"hammersmith-city 940GZZLUHSC to 940GZZLUBKG\": 107}","direction_id":"{}","headsign":"{}","duration_avg":121.86625194401245,"n_vehicles":643,"d":969,"route_I_counts":"{\"4\": 536, \"7\": 107}","source":112,"target":111,"layer":"L","from":"Bow Road Underground Station","to":"Bromley-by-Bow Underground Station"},"geometry":{"type":"LineString","coordinates":[[-0.025128,51.52694],[-0.011538,51.524839]]}},{"type":"Feature","properties":{"shape_id":"{\"district 940GZZLUUPM to 940GZZLUEBY\": 228, \"district 940GZZLUUPM to 940GZZLURMD\": 228, \"district 940GZZLUUPM to 940GZZLUWIM\": 228, \"hammersmith-city 940GZZLUBKG to 940GZZLUHSC\": 116}","direction_id":"{}","headsign":"{}","duration_avg":171.3,"n_vehicles":800,"d":962,"route_I_counts":"{\"4\": 684, \"7\": 116}","source":113,"target":114,"layer":"L","from":"Stepney Green Underground Station","to":"Whitechapel Underground Station"},"geometry":{"type":"LineString","coordinates":[[-0.046596,51.521858],[-0.059971,51.519518]]}},{"type":"Feature","properties":{"shape_id":"{\"district 940GZZLUEBY to 940GZZLUERC\": 105, \"district 940GZZLUEBY to 940GZZLUUPM\": 105, \"district 940GZZLUKOY to 940GZZLUERC\": 2, \"district 940GZZLUKOY to 940GZZLUUPM\": 2, \"district 940GZZLURMD to 940GZZLUERC\": 95, \"district 940GZZLURMD to 940GZZLUUPM\": 95, \"district 940GZZLUWIM to 940GZZLUERC\": 67, \"district 940GZZLUWIM to 940GZZLUUPM\": 67, \"hammersmith-city 940GZZLUHSC to 940GZZLUBKG\": 107}","direction_id":"{}","headsign":"{}","duration_avg":120.0,"n_vehicles":645,"d":968,"route_I_counts":"{\"4\": 538, \"7\": 107}","source":113,"target":35,"layer":"L","from":"Stepney Green Underground Station","to":"Mile End Underground Station"},"geometry":{"type":"LineString","coordinates":[[-0.046596,51.521858],[-0.03364,51.525122]]}},{"type":"Feature","properties":{"shape_id":"{\"district 940GZZLUUPM to 940GZZLUEBY\": 228, \"district 940GZZLUUPM to 940GZZLURMD\": 228, \"district 940GZZLUUPM to 940GZZLUWIM\": 228, \"hammersmith-city 940GZZLUBKG to 940GZZLUHSC\": 116}","direction_id":"{}","headsign":"{}","duration_avg":150.075,"n_vehicles":800,"d":994,"route_I_counts":"{\"4\": 684, \"7\": 116}","source":114,"target":115,"layer":"L","from":"Whitechapel Underground Station","to":"Aldgate East Underground Station"},"geometry":{"type":"LineString","coordinates":[[-0.059971,51.519518],[-0.072384,51.515037]]}},{"type":"Feature","properties":{"shape_id":"{\"district 940GZZLUEBY to 940GZZLUERC\": 105, \"district 940GZZLUEBY to 940GZZLUUPM\": 105, \"district 940GZZLUKOY to 940GZZLUERC\": 2, \"district 940GZZLUKOY to 940GZZLUUPM\": 2, \"district 940GZZLURMD to 940GZZLUERC\": 95, \"district 940GZZLURMD to 940GZZLUUPM\": 95, \"district 940GZZLUWIM to 940GZZLUERC\": 67, \"district 940GZZLUWIM to 940GZZLUUPM\": 67, \"hammersmith-city 940GZZLUHSC to 940GZZLUBKG\": 108}","direction_id":"{}","headsign":"{}","duration_avg":120.0,"n_vehicles":646,"d":962,"route_I_counts":"{\"4\": 538, \"7\": 108}","source":114,"target":113,"layer":"L","from":"Whitechapel Underground Station","to":"Stepney Green Underground Station"},"geometry":{"type":"LineString","coordinates":[[-0.059971,51.519518],[-0.046596,51.521858]]}},{"type":"Feature","properties":{"shape_id":"{\"district 940GZZLUUPM to 940GZZLUEBY\": 228, \"district 940GZZLUUPM to 940GZZLURMD\": 228, \"district 940GZZLUUPM to 940GZZLUWIM\": 228}","direction_id":"{}","headsign":"{}","duration_avg":155.0,"n_vehicles":684,"d":633,"route_I_counts":"{\"4\": 684}","source":115,"target":84,"layer":"L","from":"Aldgate East Underground Station","to":"Tower Hill Underground Station"},"geometry":{"type":"LineString","coordinates":[[-0.072384,51.515037],[-0.076546,51.509971]]}},{"type":"Feature","properties":{"shape_id":"{\"district 940GZZLUEBY to 940GZZLUERC\": 105, \"district 940GZZLUEBY to 940GZZLUUPM\": 105, \"district 940GZZLUKOY to 940GZZLUERC\": 2, \"district 940GZZLUKOY to 940GZZLUUPM\": 2, \"district 940GZZLURMD to 940GZZLUERC\": 95, \"district 940GZZLURMD to 940GZZLUUPM\": 95, \"district 940GZZLUWIM to 940GZZLUERC\": 67, \"district 940GZZLUWIM to 940GZZLUUPM\": 67, \"hammersmith-city 940GZZLUHSC to 940GZZLUBKG\": 108}","direction_id":"{}","headsign":"{}","duration_avg":174.98452012383902,"n_vehicles":646,"d":994,"route_I_counts":"{\"4\": 538, \"7\": 108}","source":115,"target":114,"layer":"L","from":"Aldgate East Underground Station","to":"Whitechapel Underground Station"},"geometry":{"type":"LineString","coordinates":[[-0.072384,51.515037],[-0.059971,51.519518]]}},{"type":"Feature","properties":{"duration_avg":240.0,"n_vehicles":115,"d":791,"route_I_counts":"{\"7\": 115}","shape_id":"{\"hammersmith-city 940GZZLUBKG to 940GZZLUHSC\": 115}","direction_id":"{}","headsign":"{}","source":115,"target":97,"layer":"L","from":"Aldgate East Underground Station","to":"Moorgate Underground Station"},"geometry":{"type":"LineString","coordinates":[[-0.072384,51.515037],[-0.088322,51.518176]]}},{"type":"Feature","properties":{"shape_id":"{\"district 940GZZLUUPM to 940GZZLUEBY\": 195, \"district 940GZZLUUPM to 940GZZLURMD\": 195, \"district 940GZZLUUPM to 940GZZLUWIM\": 195}","direction_id":"{}","headsign":"{}","duration_avg":120.0,"n_vehicles":585,"d":936,"route_I_counts":"{\"4\": 585}","source":116,"target":117,"layer":"L","from":"Earl's Court Underground Station","to":"West Kensington Underground Station"},"geometry":{"type":"LineString","coordinates":[[-0.193378,51.492063],[-0.206636,51.490459]]}},{"type":"Feature","properties":{"shape_id":"{\"district 940GZZLUERC to 940GZZLUEBY\": 108, \"district 940GZZLUERC to 940GZZLUKOY\": 108, \"district 940GZZLUERC to 940GZZLURMD\": 108, \"district 940GZZLUERC to 940GZZLUWIM\": 108, \"district 940GZZLUUPM to 940GZZLUEBY\": 30, \"district 940GZZLUUPM to 940GZZLURMD\": 30, \"district 940GZZLUUPM to 940GZZLUWIM\": 30}","direction_id":"{}","headsign":"{}","duration_avg":120.0,"n_vehicles":522,"d":555,"route_I_counts":"{\"4\": 522}","source":116,"target":125,"layer":"L","from":"Earl's Court Underground Station","to":"West Brompton Underground Station"},"geometry":{"type":"LineString","coordinates":[[-0.193378,51.492063],[-0.195599,51.487268]]}},{"type":"Feature","properties":{"shape_id":"{\"district 940GZZLUEBY to 940GZZLUERC\": 112, \"district 940GZZLUEBY to 940GZZLUUPM\": 112, \"district 940GZZLUKOY to 940GZZLUERC\": 2, \"district 940GZZLUKOY to 940GZZLUUPM\": 2, \"district 940GZZLURMD to 940GZZLUERC\": 109, \"district 940GZZLURMD to 940GZZLUUPM\": 109, \"district 940GZZLUWIM to 940GZZLUERC\": 120, \"district 940GZZLUWIM to 940GZZLUUPM\": 120, \"piccadilly 940GZZLUHR4 to 940GZZLUCKS\": 106, \"piccadilly 940GZZLUHR5 to 940GZZLUCKS\": 105, \"piccadilly 940GZZLUUXB to 940GZZLUCKS\": 58}","direction_id":"{}","headsign":"{}","duration_avg":157.1937172774869,"n_vehicles":955,"d":784,"route_I_counts":"{\"4\": 686, \"12\": 269}","source":116,"target":74,"layer":"L","from":"Earl's Court Underground Station","to":"Gloucester Road Underground Station"},"geometry":{"type":"LineString","coordinates":[[-0.193378,51.492063],[-0.182658,51.494316]]}},{"type":"Feature","properties":{"shape_id":"{\"district 940GZZLUEBY to 940GZZLUERC\": 3, \"district 940GZZLUEBY to 940GZZLUUPM\": 3, \"district 940GZZLUKOY to 940GZZLUERC\": 7, \"district 940GZZLUKOY to 940GZZLUUPM\": 7, \"district 940GZZLURMD to 940GZZLUERC\": 1, \"district 940GZZLURMD to 940GZZLUUPM\": 1, \"district 940GZZLUWIM to 940GZZLUERC\": 113, \"district 940GZZLUWIM to 940GZZLUUPM\": 113}","direction_id":"{}","headsign":"{}","duration_avg":234.19354838709677,"n_vehicles":248,"d":1001,"route_I_counts":"{\"4\": 248}","source":116,"target":73,"layer":"L","from":"Earl's Court Underground Station","to":"High Street Kensington Underground Station"},"geometry":{"type":"LineString","coordinates":[[-0.193378,51.492063],[-0.192792,51.501055]]}},{"type":"Feature","properties":{"shape_id":"{\"piccadilly 940GZZLUCKS to 940GZZLUHR5\": 264, \"piccadilly 940GZZLUCKS to 940GZZLUHRC\": 264, \"piccadilly 940GZZLUCKS to 940GZZLUUXB\": 264}","direction_id":"{}","headsign":"{}","duration_avg":180.0,"n_vehicles":792,"d":1403,"route_I_counts":"{\"12\": 792}","source":116,"target":118,"layer":"L","from":"Earl's Court Underground Station","to":"Barons Court Underground Station"},"geometry":{"type":"LineString","coordinates":[[-0.193378,51.492063],[-0.213427,51.490311]]}},{"type":"Feature","properties":{"shape_id":"{\"district 940GZZLUUPM to 940GZZLUEBY\": 195, \"district 940GZZLUUPM to 940GZZLURMD\": 195, \"district 940GZZLUUPM to 940GZZLUWIM\": 195}","direction_id":"{}","headsign":"{}","duration_avg":120.0,"n_vehicles":585,"d":470,"route_I_counts":"{\"4\": 585}","source":117,"target":118,"layer":"L","from":"West Kensington Underground Station","to":"Barons Court Underground Station"},"geometry":{"type":"LineString","coordinates":[[-0.206636,51.490459],[-0.213427,51.490311]]}},{"type":"Feature","properties":{"shape_id":"{\"district 940GZZLUEBY to 940GZZLUERC\": 115, \"district 940GZZLUEBY to 940GZZLUUPM\": 115, \"district 940GZZLURMD to 940GZZLUERC\": 110, \"district 940GZZLURMD to 940GZZLUUPM\": 110}","direction_id":"{}","headsign":"{}","duration_avg":189.33333333333334,"n_vehicles":450,"d":936,"route_I_counts":"{\"4\": 450}","source":117,"target":116,"layer":"L","from":"West Kensington Underground Station","to":"Earl's Court Underground Station"},"geometry":{"type":"LineString","coordinates":[[-0.206636,51.490459],[-0.193378,51.492063]]}},{"type":"Feature","properties":{"shape_id":"{\"district 940GZZLUEBY to 940GZZLUERC\": 115, \"district 940GZZLUEBY to 940GZZLUUPM\": 115, \"district 940GZZLURMD to 940GZZLUERC\": 110, \"district 940GZZLURMD to 940GZZLUUPM\": 110}","direction_id":"{}","headsign":"{}","duration_avg":120.0,"n_vehicles":450,"d":470,"route_I_counts":"{\"4\": 450}","source":118,"target":117,"layer":"L","from":"Barons Court Underground Station","to":"West Kensington Underground Station"},"geometry":{"type":"LineString","coordinates":[[-0.213427,51.490311],[-0.206636,51.490459]]}},{"type":"Feature","properties":{"shape_id":"{\"piccadilly 940GZZLUHR4 to 940GZZLUCKS\": 106, \"piccadilly 940GZZLUHR5 to 940GZZLUCKS\": 105, \"piccadilly 940GZZLUUXB to 940GZZLUCKS\": 58}","direction_id":"{}","headsign":"{}","duration_avg":180.0,"n_vehicles":269,"d":1403,"route_I_counts":"{\"12\": 269}","source":118,"target":116,"layer":"L","from":"Barons Court Underground Station","to":"Earl's Court Underground Station"},"geometry":{"type":"LineString","coordinates":[[-0.213427,51.490311],[-0.193378,51.492063]]}},{"type":"Feature","properties":{"duration_avg":120.91503267973856,"n_vehicles":1377,"d":740,"route_I_counts":"{\"4\": 585, \"12\": 792}","shape_id":"{\"district 940GZZLUUPM to 940GZZLUEBY\": 195, \"district 940GZZLUUPM to 940GZZLURMD\": 195, \"district 940GZZLUUPM to 940GZZLUWIM\": 195, \"piccadilly 940GZZLUCKS to 940GZZLUHR5\": 264, \"piccadilly 940GZZLUCKS to 940GZZLUHRC\": 264, \"piccadilly 940GZZLUCKS to 940GZZLUUXB\": 264}","direction_id":"{}","headsign":"{}","source":118,"target":86,"layer":"L","from":"Barons Court Underground Station","to":"Hammersmith (H&C Line) Underground Station"},"geometry":{"type":"LineString","coordinates":[[-0.213427,51.490311],[-0.225013,51.493535]]}},{"type":"Feature","properties":{"shape_id":"{\"district 940GZZLUUPM to 940GZZLUEBY\": 194, \"district 940GZZLUUPM to 940GZZLURMD\": 194, \"district 940GZZLUUPM to 940GZZLUWIM\": 194}","direction_id":"{}","headsign":"{}","duration_avg":60.0,"n_vehicles":582,"d":686,"route_I_counts":"{\"4\": 582}","source":119,"target":120,"layer":"L","from":"Ravenscourt Park Underground Station","to":"Stamford Brook Underground Station"},"geometry":{"type":"LineString","coordinates":[[-0.235881,51.494122],[-0.245704,51.494917]]}},{"type":"Feature","properties":{"duration_avg":174.7136563876652,"n_vehicles":454,"d":873,"route_I_counts":"{\"4\": 454}","shape_id":"{\"district 940GZZLUEBY to 940GZZLUERC\": 116, \"district 940GZZLUEBY to 940GZZLUUPM\": 116, \"district 940GZZLURMD to 940GZZLUERC\": 111, \"district 940GZZLURMD to 940GZZLUUPM\": 111}","direction_id":"{}","headsign":"{}","source":119,"target":86,"layer":"L","from":"Ravenscourt Park Underground Station","to":"Hammersmith (H&C Line) Underground Station"},"geometry":{"type":"LineString","coordinates":[[-0.235881,51.494122],[-0.225013,51.493535]]}},{"type":"Feature","properties":{"shape_id":"{\"district 940GZZLUUPM to 940GZZLUEBY\": 194, \"district 940GZZLUUPM to 940GZZLURMD\": 194, \"district 940GZZLUUPM to 940GZZLUWIM\": 194}","direction_id":"{}","headsign":"{}","duration_avg":120.0,"n_vehicles":582,"d":613,"route_I_counts":"{\"4\": 582}","source":120,"target":121,"layer":"L","from":"Stamford Brook Underground Station","to":"Turnham Green Underground Station"},"geometry":{"type":"LineString","coordinates":[[-0.245704,51.494917],[-0.254555,51.495148]]}},{"type":"Feature","properties":{"shape_id":"{\"district 940GZZLUEBY to 940GZZLUERC\": 116, \"district 940GZZLUEBY to 940GZZLUUPM\": 116, \"district 940GZZLURMD to 940GZZLUERC\": 111, \"district 940GZZLURMD to 940GZZLUUPM\": 111}","direction_id":"{}","headsign":"{}","duration_avg":65.02202643171806,"n_vehicles":454,"d":686,"route_I_counts":"{\"4\": 454}","source":120,"target":119,"layer":"L","from":"Stamford Brook Underground Station","to":"Ravenscourt Park Underground Station"},"geometry":{"type":"LineString","coordinates":[[-0.245704,51.494917],[-0.235881,51.494122]]}},{"type":"Feature","properties":{"shape_id":"{\"district 940GZZLUUPM to 940GZZLUEBY\": 99, \"district 940GZZLUUPM to 940GZZLURMD\": 99, \"district 940GZZLUUPM to 940GZZLUWIM\": 99}","direction_id":"{}","headsign":"{}","duration_avg":180.0,"n_vehicles":297,"d":1483,"route_I_counts":"{\"4\": 297}","source":121,"target":122,"layer":"L","from":"Turnham Green Underground Station","to":"Gunnersbury Underground Station"},"geometry":{"type":"LineString","coordinates":[[-0.254555,51.495148],[-0.275267,51.491803]]}},{"type":"Feature","properties":{"shape_id":"{\"district 940GZZLUUPM to 940GZZLUEBY\": 95, \"district 940GZZLUUPM to 940GZZLURMD\": 95, \"district 940GZZLUUPM to 940GZZLUWIM\": 95}","direction_id":"{}","headsign":"{}","duration_avg":120.0,"n_vehicles":285,"d":931,"route_I_counts":"{\"4\": 285}","source":121,"target":133,"layer":"L","from":"Turnham Green Underground Station","to":"Chiswick Park Underground Station"},"geometry":{"type":"LineString","coordinates":[[-0.254555,51.495148],[-0.267972,51.494627]]}},{"type":"Feature","properties":{"shape_id":"{\"district 940GZZLUEBY to 940GZZLUERC\": 116, \"district 940GZZLUEBY to 940GZZLUUPM\": 116, \"district 940GZZLURMD to 940GZZLUERC\": 111, \"district 940GZZLURMD to 940GZZLUUPM\": 111}","direction_id":"{}","headsign":"{}","duration_avg":114.97797356828194,"n_vehicles":454,"d":613,"route_I_counts":"{\"4\": 454}","source":121,"target":120,"layer":"L","from":"Turnham Green Underground Station","to":"Stamford Brook Underground Station"},"geometry":{"type":"LineString","coordinates":[[-0.254555,51.495148],[-0.245704,51.494917]]}},{"type":"Feature","properties":{"shape_id":"{\"piccadilly 940GZZLUCKS to 940GZZLUHR5\": 25, \"piccadilly 940GZZLUCKS to 940GZZLUHRC\": 25, \"piccadilly 940GZZLUCKS to 940GZZLUUXB\": 25}","direction_id":"{}","headsign":"{}","duration_avg":261.6,"n_vehicles":75,"d":1999,"route_I_counts":"{\"12\": 75}","source":121,"target":134,"layer":"L","from":"Turnham Green Underground Station","to":"Acton Town Underground Station"},"geometry":{"type":"LineString","coordinates":[[-0.254555,51.495148],[-0.280462,51.503057]]}},{"type":"Feature","properties":{"duration_avg":300.0,"n_vehicles":29,"d":2167,"route_I_counts":"{\"12\": 29}","shape_id":"{\"piccadilly 940GZZLUHR4 to 940GZZLUCKS\": 13, \"piccadilly 940GZZLUHR5 to 940GZZLUCKS\": 12, \"piccadilly 940GZZLUUXB to 940GZZLUCKS\": 4}","direction_id":"{}","headsign":"{}","source":121,"target":86,"layer":"L","from":"Turnham Green Underground Station","to":"Hammersmith (H&C Line) Underground Station"},"geometry":{"type":"LineString","coordinates":[[-0.254555,51.495148],[-0.225013,51.493535]]}},{"type":"Feature","properties":{"shape_id":"{\"district 940GZZLUUPM to 940GZZLUEBY\": 99, \"district 940GZZLUUPM to 940GZZLURMD\": 99, \"district 940GZZLUUPM to 940GZZLUWIM\": 99}","direction_id":"{}","headsign":"{}","duration_avg":180.0,"n_vehicles":297,"d":1781,"route_I_counts":"{\"4\": 297}","source":122,"target":123,"layer":"L","from":"Gunnersbury Underground Station","to":"Kew Gardens Underground Station"},"geometry":{"type":"LineString","coordinates":[[-0.275267,51.491803],[-0.285241,51.477058]]}},{"type":"Feature","properties":{"shape_id":"{\"district 940GZZLURMD to 940GZZLUERC\": 111, \"district 940GZZLURMD to 940GZZLUUPM\": 111}","direction_id":"{}","headsign":"{}","duration_avg":180.0,"n_vehicles":222,"d":1483,"route_I_counts":"{\"4\": 222}","source":122,"target":121,"layer":"L","from":"Gunnersbury Underground Station","to":"Turnham Green Underground Station"},"geometry":{"type":"LineString","coordinates":[[-0.275267,51.491803],[-0.254555,51.495148]]}},{"type":"Feature","properties":{"shape_id":"{\"district 940GZZLUUPM to 940GZZLUEBY\": 98, \"district 940GZZLUUPM to 940GZZLURMD\": 98, \"district 940GZZLUUPM to 940GZZLUWIM\": 98}","direction_id":"{}","headsign":"{}","duration_avg":240.0,"n_vehicles":294,"d":1900,"route_I_counts":"{\"4\": 294}","source":123,"target":124,"layer":"L","from":"Kew Gardens Underground Station","to":"Richmond Underground Station"},"geometry":{"type":"LineString","coordinates":[[-0.285241,51.477058],[-0.301336,51.463237]]}},{"type":"Feature","properties":{"shape_id":"{\"district 940GZZLURMD to 940GZZLUERC\": 112, \"district 940GZZLURMD to 940GZZLUUPM\": 112}","direction_id":"{}","headsign":"{}","duration_avg":180.0,"n_vehicles":224,"d":1781,"route_I_counts":"{\"4\": 224}","source":123,"target":122,"layer":"L","from":"Kew Gardens Underground Station","to":"Gunnersbury Underground Station"},"geometry":{"type":"LineString","coordinates":[[-0.285241,51.477058],[-0.275267,51.491803]]}},{"type":"Feature","properties":{"shape_id":"{\"district 940GZZLURMD to 940GZZLUERC\": 112, \"district 940GZZLURMD to 940GZZLUUPM\": 112}","direction_id":"{}","headsign":"{}","duration_avg":180.0,"n_vehicles":224,"d":1900,"route_I_counts":"{\"4\": 224}","source":124,"target":123,"layer":"L","from":"Richmond Underground Station","to":"Kew Gardens Underground Station"},"geometry":{"type":"LineString","coordinates":[[-0.301336,51.463237],[-0.285241,51.477058]]}},{"type":"Feature","properties":{"shape_id":"{\"district 940GZZLUERC to 940GZZLUEBY\": 107, \"district 940GZZLUERC to 940GZZLUKOY\": 107, \"district 940GZZLUERC to 940GZZLURMD\": 107, \"district 940GZZLUERC to 940GZZLUWIM\": 107, \"district 940GZZLUUPM to 940GZZLUEBY\": 30, \"district 940GZZLUUPM to 940GZZLURMD\": 30, \"district 940GZZLUUPM to 940GZZLUWIM\": 30}","direction_id":"{}","headsign":"{}","duration_avg":120.0,"n_vehicles":518,"d":800,"route_I_counts":"{\"4\": 518}","source":125,"target":126,"layer":"L","from":"West Brompton Underground Station","to":"Fulham Broadway Underground Station"},"geometry":{"type":"LineString","coordinates":[[-0.195599,51.487268],[-0.195422,51.480081]]}},{"type":"Feature","properties":{"shape_id":"{\"district 940GZZLUWIM to 940GZZLUERC\": 234, \"district 940GZZLUWIM to 940GZZLUUPM\": 234}","direction_id":"{}","headsign":"{}","duration_avg":259.4871794871795,"n_vehicles":468,"d":555,"route_I_counts":"{\"4\": 468}","source":125,"target":116,"layer":"L","from":"West Brompton Underground Station","to":"Earl's Court Underground Station"},"geometry":{"type":"LineString","coordinates":[[-0.195599,51.487268],[-0.193378,51.492063]]}},{"type":"Feature","properties":{"shape_id":"{\"district 940GZZLUERC to 940GZZLUEBY\": 107, \"district 940GZZLUERC to 940GZZLUKOY\": 107, \"district 940GZZLUERC to 940GZZLURMD\": 107, \"district 940GZZLUERC to 940GZZLUWIM\": 107, \"district 940GZZLUUPM to 940GZZLUEBY\": 30, \"district 940GZZLUUPM to 940GZZLURMD\": 30, \"district 940GZZLUUPM to 940GZZLUWIM\": 30}","direction_id":"{}","headsign":"{}","duration_avg":70.42471042471043,"n_vehicles":518,"d":666,"route_I_counts":"{\"4\": 518}","source":126,"target":127,"layer":"L","from":"Fulham Broadway Underground Station","to":"Parsons Green Underground Station"},"geometry":{"type":"LineString","coordinates":[[-0.195422,51.480081],[-0.20117,51.475277]]}},{"type":"Feature","properties":{"shape_id":"{\"district 940GZZLUWIM to 940GZZLUERC\": 235, \"district 940GZZLUWIM to 940GZZLUUPM\": 235}","direction_id":"{}","headsign":"{}","duration_avg":120.0,"n_vehicles":470,"d":800,"route_I_counts":"{\"4\": 470}","source":126,"target":125,"layer":"L","from":"Fulham Broadway Underground Station","to":"West Brompton Underground Station"},"geometry":{"type":"LineString","coordinates":[[-0.195422,51.480081],[-0.195599,51.487268]]}},{"type":"Feature","properties":{"shape_id":"{\"district 940GZZLUERC to 940GZZLUEBY\": 107, \"district 940GZZLUERC to 940GZZLUKOY\": 107, \"district 940GZZLUERC to 940GZZLURMD\": 107, \"district 940GZZLUERC to 940GZZLUWIM\": 107, \"district 940GZZLUUPM to 940GZZLUEBY\": 30, \"district 940GZZLUUPM to 940GZZLURMD\": 30, \"district 940GZZLUUPM to 940GZZLUWIM\": 30}","direction_id":"{}","headsign":"{}","duration_avg":120.0,"n_vehicles":518,"d":940,"route_I_counts":"{\"4\": 518}","source":127,"target":128,"layer":"L","from":"Parsons Green Underground Station","to":"Putney Bridge Underground Station"},"geometry":{"type":"LineString","coordinates":[[-0.20117,51.475277],[-0.208731,51.468262]]}},{"type":"Feature","properties":{"shape_id":"{\"district 940GZZLUWIM to 940GZZLUERC\": 235, \"district 940GZZLUWIM to 940GZZLUUPM\": 235}","direction_id":"{}","headsign":"{}","duration_avg":60.765957446808514,"n_vehicles":470,"d":666,"route_I_counts":"{\"4\": 470}","source":127,"target":126,"layer":"L","from":"Parsons Green Underground Station","to":"Fulham Broadway Underground Station"},"geometry":{"type":"LineString","coordinates":[[-0.20117,51.475277],[-0.195422,51.480081]]}},{"type":"Feature","properties":{"shape_id":"{\"district 940GZZLUERC to 940GZZLUEBY\": 107, \"district 940GZZLUERC to 940GZZLUKOY\": 107, \"district 940GZZLUERC to 940GZZLURMD\": 107, \"district 940GZZLUERC to 940GZZLUWIM\": 107, \"district 940GZZLUUPM to 940GZZLUEBY\": 30, \"district 940GZZLUUPM to 940GZZLURMD\": 30, \"district 940GZZLUUPM to 940GZZLUWIM\": 30}","direction_id":"{}","headsign":"{}","duration_avg":120.0,"n_vehicles":518,"d":1020,"route_I_counts":"{\"4\": 518}","source":128,"target":129,"layer":"L","from":"Putney Bridge Underground Station","to":"East Putney Underground Station"},"geometry":{"type":"LineString","coordinates":[[-0.208731,51.468262],[-0.211,51.459205]]}},{"type":"Feature","properties":{"shape_id":"{\"district 940GZZLUWIM to 940GZZLUERC\": 236, \"district 940GZZLUWIM to 940GZZLUUPM\": 236}","direction_id":"{}","headsign":"{}","duration_avg":120.0,"n_vehicles":472,"d":940,"route_I_counts":"{\"4\": 472}","source":128,"target":127,"layer":"L","from":"Putney Bridge Underground Station","to":"Parsons Green Underground Station"},"geometry":{"type":"LineString","coordinates":[[-0.208731,51.468262],[-0.20117,51.475277]]}},{"type":"Feature","properties":{"shape_id":"{\"district 940GZZLUERC to 940GZZLUEBY\": 107, \"district 940GZZLUERC to 940GZZLUKOY\": 107, \"district 940GZZLUERC to 940GZZLURMD\": 107, \"district 940GZZLUERC to 940GZZLUWIM\": 107, \"district 940GZZLUUPM to 940GZZLUEBY\": 30, \"district 940GZZLUUPM to 940GZZLURMD\": 30, \"district 940GZZLUUPM to 940GZZLUWIM\": 30}","direction_id":"{}","headsign":"{}","duration_avg":169.5752895752896,"n_vehicles":518,"d":1602,"route_I_counts":"{\"4\": 518}","source":129,"target":130,"layer":"L","from":"East Putney Underground Station","to":"Southfields Underground Station"},"geometry":{"type":"LineString","coordinates":[[-0.211,51.459205],[-0.206602,51.445073]]}},{"type":"Feature","properties":{"shape_id":"{\"district 940GZZLUWIM to 940GZZLUERC\": 236, \"district 940GZZLUWIM to 940GZZLUUPM\": 236}","direction_id":"{}","headsign":"{}","duration_avg":179.74576271186442,"n_vehicles":472,"d":1020,"route_I_counts":"{\"4\": 472}","source":129,"target":128,"layer":"L","from":"East Putney Underground Station","to":"Putney Bridge Underground Station"},"geometry":{"type":"LineString","coordinates":[[-0.211,51.459205],[-0.208731,51.468262]]}},{"type":"Feature","properties":{"shape_id":"{\"district 940GZZLUERC to 940GZZLUEBY\": 106, \"district 940GZZLUERC to 940GZZLUKOY\": 106, \"district 940GZZLUERC to 940GZZLURMD\": 106, \"district 940GZZLUERC to 940GZZLUWIM\": 106, \"district 940GZZLUUPM to 940GZZLUEBY\": 30, \"district 940GZZLUUPM to 940GZZLURMD\": 30, \"district 940GZZLUUPM to 940GZZLUWIM\": 30}","direction_id":"{}","headsign":"{}","duration_avg":130.5058365758755,"n_vehicles":514,"d":1262,"route_I_counts":"{\"4\": 514}","source":130,"target":131,"layer":"L","from":"Southfields Underground Station","to":"Wimbledon Park Underground Station"},"geometry":{"type":"LineString","coordinates":[[-0.206602,51.445073],[-0.199719,51.434573]]}},{"type":"Feature","properties":{"shape_id":"{\"district 940GZZLUWIM to 940GZZLUERC\": 235, \"district 940GZZLUWIM to 940GZZLUUPM\": 235}","direction_id":"{}","headsign":"{}","duration_avg":120.0,"n_vehicles":470,"d":1602,"route_I_counts":"{\"4\": 470}","source":130,"target":129,"layer":"L","from":"Southfields Underground Station","to":"East Putney Underground Station"},"geometry":{"type":"LineString","coordinates":[[-0.206602,51.445073],[-0.211,51.459205]]}},{"type":"Feature","properties":{"shape_id":"{\"district 940GZZLUERC to 940GZZLUEBY\": 106, \"district 940GZZLUERC to 940GZZLUKOY\": 106, \"district 940GZZLUERC to 940GZZLURMD\": 106, \"district 940GZZLUERC to 940GZZLUWIM\": 106, \"district 940GZZLUUPM to 940GZZLUEBY\": 30, \"district 940GZZLUUPM to 940GZZLURMD\": 30, \"district 940GZZLUUPM to 940GZZLUWIM\": 30}","direction_id":"{}","headsign":"{}","duration_avg":240.0,"n_vehicles":514,"d":1562,"route_I_counts":"{\"4\": 514}","source":131,"target":132,"layer":"L","from":"Wimbledon Park Underground Station","to":"Wimbledon Underground Station"},"geometry":{"type":"LineString","coordinates":[[-0.199719,51.434573],[-0.206573,51.421207]]}},{"type":"Feature","properties":{"shape_id":"{\"district 940GZZLUWIM to 940GZZLUERC\": 235, \"district 940GZZLUWIM to 940GZZLUUPM\": 235}","direction_id":"{}","headsign":"{}","duration_avg":180.0,"n_vehicles":470,"d":1262,"route_I_counts":"{\"4\": 470}","source":131,"target":130,"layer":"L","from":"Wimbledon Park Underground Station","to":"Southfields Underground Station"},"geometry":{"type":"LineString","coordinates":[[-0.199719,51.434573],[-0.206602,51.445073]]}},{"type":"Feature","properties":{"shape_id":"{\"district 940GZZLUWIM to 940GZZLUERC\": 237, \"district 940GZZLUWIM to 940GZZLUUPM\": 237}","direction_id":"{}","headsign":"{}","duration_avg":120.25316455696202,"n_vehicles":474,"d":1562,"route_I_counts":"{\"4\": 474}","source":132,"target":131,"layer":"L","from":"Wimbledon Underground Station","to":"Wimbledon Park Underground Station"},"geometry":{"type":"LineString","coordinates":[[-0.206573,51.421207],[-0.199719,51.434573]]}},{"type":"Feature","properties":{"shape_id":"{\"district 940GZZLUUPM to 940GZZLUEBY\": 95, \"district 940GZZLUUPM to 940GZZLURMD\": 95, \"district 940GZZLUUPM to 940GZZLUWIM\": 95}","direction_id":"{}","headsign":"{}","duration_avg":120.0,"n_vehicles":285,"d":1276,"route_I_counts":"{\"4\": 285}","source":133,"target":134,"layer":"L","from":"Chiswick Park Underground Station","to":"Acton Town Underground Station"},"geometry":{"type":"LineString","coordinates":[[-0.267972,51.494627],[-0.280462,51.503057]]}},{"type":"Feature","properties":{"shape_id":"{\"district 940GZZLUEBY to 940GZZLUERC\": 115, \"district 940GZZLUEBY to 940GZZLUUPM\": 115}","direction_id":"{}","headsign":"{}","duration_avg":120.0,"n_vehicles":230,"d":931,"route_I_counts":"{\"4\": 230}","source":133,"target":121,"layer":"L","from":"Chiswick Park Underground Station","to":"Turnham Green Underground Station"},"geometry":{"type":"LineString","coordinates":[[-0.267972,51.494627],[-0.254555,51.495148]]}},{"type":"Feature","properties":{"shape_id":"{\"district 940GZZLUUPM to 940GZZLUEBY\": 95, \"district 940GZZLUUPM to 940GZZLURMD\": 95, \"district 940GZZLUUPM to 940GZZLUWIM\": 95, \"piccadilly 940GZZLUCKS to 940GZZLUHR5\": 85, \"piccadilly 940GZZLUCKS to 940GZZLUHRC\": 85, \"piccadilly 940GZZLUCKS to 940GZZLUUXB\": 85}","direction_id":"{}","headsign":"{}","duration_avg":165.66666666666666,"n_vehicles":540,"d":956,"route_I_counts":"{\"4\": 285, \"12\": 255}","source":134,"target":135,"layer":"L","from":"Acton Town Underground Station","to":"Ealing Common Underground Station"},"geometry":{"type":"LineString","coordinates":[[-0.280462,51.503057],[-0.288265,51.51014]]}},{"type":"Feature","properties":{"shape_id":"{\"district 940GZZLUEBY to 940GZZLUERC\": 115, \"district 940GZZLUEBY to 940GZZLUUPM\": 115}","direction_id":"{}","headsign":"{}","duration_avg":120.0,"n_vehicles":230,"d":1276,"route_I_counts":"{\"4\": 230}","source":134,"target":133,"layer":"L","from":"Acton Town Underground Station","to":"Chiswick Park Underground Station"},"geometry":{"type":"LineString","coordinates":[[-0.280462,51.503057],[-0.267972,51.494627]]}},{"type":"Feature","properties":{"shape_id":"{\"piccadilly 940GZZLUCKS to 940GZZLUHR5\": 177, \"piccadilly 940GZZLUCKS to 940GZZLUHRC\": 177, \"piccadilly 940GZZLUCKS to 940GZZLUUXB\": 177}","direction_id":"{}","headsign":"{}","duration_avg":180.0,"n_vehicles":531,"d":1882,"route_I_counts":"{\"12\": 531}","source":134,"target":237,"layer":"L","from":"Acton Town Underground Station","to":"South Ealing Underground Station"},"geometry":{"type":"LineString","coordinates":[[-0.280462,51.503057],[-0.307424,51.501003]]}},{"type":"Feature","properties":{"shape_id":"{\"piccadilly 940GZZLUHR4 to 940GZZLUCKS\": 14, \"piccadilly 940GZZLUHR5 to 940GZZLUCKS\": 13, \"piccadilly 940GZZLUUXB to 940GZZLUCKS\": 4}","direction_id":"{}","headsign":"{}","duration_avg":180.0,"n_vehicles":31,"d":1999,"route_I_counts":"{\"12\": 31}","source":134,"target":121,"layer":"L","from":"Acton Town Underground Station","to":"Turnham Green Underground Station"},"geometry":{"type":"LineString","coordinates":[[-0.280462,51.503057],[-0.254555,51.495148]]}},{"type":"Feature","properties":{"duration_avg":372.448132780083,"n_vehicles":241,"d":4117,"route_I_counts":"{\"12\": 241}","shape_id":"{\"piccadilly 940GZZLUHR4 to 940GZZLUCKS\": 93, \"piccadilly 940GZZLUHR5 to 940GZZLUCKS\": 94, \"piccadilly 940GZZLUUXB to 940GZZLUCKS\": 54}","direction_id":"{}","headsign":"{}","source":134,"target":86,"layer":"L","from":"Acton Town Underground Station","to":"Hammersmith (H&C Line) Underground Station"},"geometry":{"type":"LineString","coordinates":[[-0.280462,51.503057],[-0.225013,51.493535]]}},{"type":"Feature","properties":{"shape_id":"{\"district 940GZZLUUPM to 940GZZLUEBY\": 95, \"district 940GZZLUUPM to 940GZZLURMD\": 95, \"district 940GZZLUUPM to 940GZZLUWIM\": 95}","direction_id":"{}","headsign":"{}","duration_avg":240.0,"n_vehicles":285,"d":1063,"route_I_counts":"{\"4\": 285}","source":135,"target":60,"layer":"L","from":"Ealing Common Underground Station","to":"Ealing Broadway Underground Station"},"geometry":{"type":"LineString","coordinates":[[-0.288265,51.51014],[-0.301457,51.515017]]}},{"type":"Feature","properties":{"shape_id":"{\"district 940GZZLUEBY to 940GZZLUERC\": 116, \"district 940GZZLUEBY to 940GZZLUUPM\": 116, \"piccadilly 940GZZLUUXB to 940GZZLUCKS\": 59}","direction_id":"{}","headsign":"{}","duration_avg":190.51546391752578,"n_vehicles":291,"d":956,"route_I_counts":"{\"4\": 232, \"12\": 59}","source":135,"target":134,"layer":"L","from":"Ealing Common Underground Station","to":"Acton Town Underground Station"},"geometry":{"type":"LineString","coordinates":[[-0.288265,51.51014],[-0.280462,51.503057]]}},{"type":"Feature","properties":{"shape_id":"{\"piccadilly 940GZZLUCKS to 940GZZLUHR5\": 85, \"piccadilly 940GZZLUCKS to 940GZZLUHRC\": 85, \"piccadilly 940GZZLUCKS to 940GZZLUUXB\": 85}","direction_id":"{}","headsign":"{}","duration_avg":120.0,"n_vehicles":255,"d":820,"route_I_counts":"{\"12\": 255}","source":135,"target":248,"layer":"L","from":"Ealing Common Underground Station","to":"North Ealing Underground Station"},"geometry":{"type":"LineString","coordinates":[[-0.288265,51.51014],[-0.288868,51.517505]]}},{"type":"Feature","properties":{"shape_id":"{\"jubilee 940GZZLUSTD to 940GZZLUSTM\": 380}","direction_id":"{}","headsign":"{}","duration_avg":158.52631578947367,"n_vehicles":380,"d":1486,"route_I_counts":"{\"8\": 380}","source":136,"target":137,"layer":"L","from":"Canning Town Underground Station","to":"North Greenwich Underground Station"},"geometry":{"type":"LineString","coordinates":[[0.008322,51.513584],[0.004287,51.50047]]}},{"type":"Feature","properties":{"shape_id":"{\"jubilee 940GZZLUSTM to 940GZZLUSTD\": 250}","direction_id":"{}","headsign":"{}","duration_avg":176.16,"n_vehicles":250,"d":1635,"route_I_counts":"{\"8\": 250}","source":136,"target":110,"layer":"L","from":"Canning Town Underground Station","to":"West Ham Underground Station"},"geometry":{"type":"LineString","coordinates":[[0.008322,51.513584],[0.005055,51.528136]]}},{"type":"Feature","properties":{"shape_id":"{\"jubilee 940GZZLUSTD to 940GZZLUSTM\": 379}","direction_id":"{}","headsign":"{}","duration_avg":120.0,"n_vehicles":379,"d":1597,"route_I_counts":"{\"8\": 379}","source":137,"target":138,"layer":"L","from":"North Greenwich Underground Station","to":"Canary Wharf Underground Station"},"geometry":{"type":"LineString","coordinates":[[0.004287,51.50047],[-0.018246,51.503488]]}},{"type":"Feature","properties":{"shape_id":"{\"jubilee 940GZZLUSTM to 940GZZLUSTD\": 251}","direction_id":"{}","headsign":"{}","duration_avg":180.0,"n_vehicles":251,"d":1486,"route_I_counts":"{\"8\": 251}","source":137,"target":136,"layer":"L","from":"North Greenwich Underground Station","to":"Canning Town Underground Station"},"geometry":{"type":"LineString","coordinates":[[0.004287,51.50047],[0.008322,51.513584]]}},{"type":"Feature","properties":{"shape_id":"{\"jubilee 940GZZLUSTD to 940GZZLUSTM\": 378}","direction_id":"{}","headsign":"{}","duration_avg":141.42857142857142,"n_vehicles":378,"d":2266,"route_I_counts":"{\"8\": 378}","source":138,"target":139,"layer":"L","from":"Canary Wharf Underground Station","to":"Canada Water Underground Station"},"geometry":{"type":"LineString","coordinates":[[-0.018246,51.503488],[-0.049722,51.497945]]}},{"type":"Feature","properties":{"shape_id":"{\"jubilee 940GZZLUSTM to 940GZZLUSTD\": 300}","direction_id":"{}","headsign":"{}","duration_avg":120.0,"n_vehicles":300,"d":1597,"route_I_counts":"{\"8\": 300}","source":138,"target":137,"layer":"L","from":"Canary Wharf Underground Station","to":"North Greenwich Underground Station"},"geometry":{"type":"LineString","coordinates":[[-0.018246,51.503488],[0.004287,51.50047]]}},{"type":"Feature","properties":{"shape_id":"{\"jubilee 940GZZLUSTD to 940GZZLUSTM\": 378}","direction_id":"{}","headsign":"{}","duration_avg":98.57142857142857,"n_vehicles":378,"d":973,"route_I_counts":"{\"8\": 378}","source":139,"target":140,"layer":"L","from":"Canada Water Underground Station","to":"Bermondsey Underground Station"},"geometry":{"type":"LineString","coordinates":[[-0.049722,51.497945],[-0.063769,51.497953]]}},{"type":"Feature","properties":{"shape_id":"{\"jubilee 940GZZLUSTM to 940GZZLUSTD\": 301}","direction_id":"{}","headsign":"{}","duration_avg":170.2325581395349,"n_vehicles":301,"d":2266,"route_I_counts":"{\"8\": 301}","source":139,"target":138,"layer":"L","from":"Canada Water Underground Station","to":"Canary Wharf Underground Station"},"geometry":{"type":"LineString","coordinates":[[-0.049722,51.497945],[-0.018246,51.503488]]}},{"type":"Feature","properties":{"shape_id":"{\"jubilee 940GZZLUSTD to 940GZZLUSTM\": 378}","direction_id":"{}","headsign":"{}","duration_avg":141.42857142857142,"n_vehicles":378,"d":1942,"route_I_counts":"{\"8\": 378}","source":140,"target":141,"layer":"L","from":"Bermondsey Underground Station","to":"London Bridge Underground Station"},"geometry":{"type":"LineString","coordinates":[[-0.063769,51.497953],[-0.088873,51.505721]]}},{"type":"Feature","properties":{"shape_id":"{\"jubilee 940GZZLUSTM to 940GZZLUSTD\": 302}","direction_id":"{}","headsign":"{}","duration_avg":120.0,"n_vehicles":302,"d":973,"route_I_counts":"{\"8\": 302}","source":140,"target":139,"layer":"L","from":"Bermondsey Underground Station","to":"Canada Water Underground Station"},"geometry":{"type":"LineString","coordinates":[[-0.063769,51.497953],[-0.049722,51.497945]]}},{"type":"Feature","properties":{"shape_id":"{\"jubilee 940GZZLUSTD to 940GZZLUSTM\": 377}","direction_id":"{}","headsign":"{}","duration_avg":98.51458885941645,"n_vehicles":377,"d":1130,"route_I_counts":"{\"8\": 377}","source":141,"target":142,"layer":"L","from":"London Bridge Underground Station","to":"Southwark Underground Station"},"geometry":{"type":"LineString","coordinates":[[-0.088873,51.505721],[-0.10494,51.503976]]}},{"type":"Feature","properties":{"shape_id":"{\"jubilee 940GZZLUSTM to 940GZZLUSTD\": 302}","direction_id":"{}","headsign":"{}","duration_avg":120.0,"n_vehicles":302,"d":1942,"route_I_counts":"{\"8\": 302}","source":141,"target":140,"layer":"L","from":"London Bridge Underground Station","to":"Bermondsey Underground Station"},"geometry":{"type":"LineString","coordinates":[[-0.088873,51.505721],[-0.063769,51.497953]]}},{"type":"Feature","properties":{"shape_id":"{\"northern 940GZZLUEGW to 940GZZLUMDN\": 171, \"northern 940GZZLUHBT to 940GZZLUMDN\": 174, \"northern 940GZZLUMHL to 940GZZLUMDN\": 6}","direction_id":"{}","headsign":"{}","duration_avg":61.02564102564103,"n_vehicles":351,"d":592,"route_I_counts":"{\"11\": 351}","source":141,"target":210,"layer":"L","from":"London Bridge Underground Station","to":"Borough Underground Station"},"geometry":{"type":"LineString","coordinates":[[-0.088873,51.505721],[-0.09337,51.501199]]}},{"type":"Feature","properties":{"shape_id":"{\"northern 940GZZLUMDN to 940GZZLUEGW\": 367, \"northern 940GZZLUMDN to 940GZZLUHBT\": 367, \"northern 940GZZLUMDN to 940GZZLUMHL\": 367}","direction_id":"{}","headsign":"{}","duration_avg":120.0,"n_vehicles":1101,"d":761,"route_I_counts":"{\"11\": 1101}","source":141,"target":37,"layer":"L","from":"London Bridge Underground Station","to":"Bank Underground Station"},"geometry":{"type":"LineString","coordinates":[[-0.088873,51.505721],[-0.088083,51.512542]]}},{"type":"Feature","properties":{"shape_id":"{\"jubilee 940GZZLUSTD to 940GZZLUSTM\": 377}","direction_id":"{}","headsign":"{}","duration_avg":81.48541114058355,"n_vehicles":377,"d":685,"route_I_counts":"{\"8\": 377}","source":142,"target":21,"layer":"L","from":"Southwark Underground Station","to":"Waterloo Underground Station"},"geometry":{"type":"LineString","coordinates":[[-0.10494,51.503976],[-0.11478,51.503299]]}},{"type":"Feature","properties":{"shape_id":"{\"jubilee 940GZZLUSTM to 940GZZLUSTD\": 303}","direction_id":"{}","headsign":"{}","duration_avg":120.0,"n_vehicles":303,"d":1130,"route_I_counts":"{\"8\": 303}","source":142,"target":141,"layer":"L","from":"Southwark Underground Station","to":"London Bridge Underground Station"},"geometry":{"type":"LineString","coordinates":[[-0.10494,51.503976],[-0.088873,51.505721]]}},{"type":"Feature","properties":{"shape_id":"{\"jubilee 940GZZLUSTD to 940GZZLUSTM\": 375}","direction_id":"{}","headsign":"{}","duration_avg":120.0,"n_vehicles":375,"d":949,"route_I_counts":"{\"8\": 375}","source":143,"target":42,"layer":"L","from":"Green Park Underground Station","to":"Bond Street Underground Station"},"geometry":{"type":"LineString","coordinates":[[-0.142787,51.506947],[-0.149723,51.514304]]}},{"type":"Feature","properties":{"shape_id":"{\"jubilee 940GZZLUSTM to 940GZZLUSTD\": 304}","direction_id":"{}","headsign":"{}","duration_avg":129.67105263157896,"n_vehicles":304,"d":1391,"route_I_counts":"{\"8\": 304}","source":143,"target":79,"layer":"L","from":"Green Park Underground Station","to":"Westminster Underground Station"},"geometry":{"type":"LineString","coordinates":[[-0.142787,51.506947],[-0.124861,51.50132]]}},{"type":"Feature","properties":{"shape_id":"{\"piccadilly 940GZZLUCKS to 940GZZLUHR5\": 266, \"piccadilly 940GZZLUCKS to 940GZZLUHRC\": 266, \"piccadilly 940GZZLUCKS to 940GZZLUUXB\": 266}","direction_id":"{}","headsign":"{}","duration_avg":120.0,"n_vehicles":798,"d":798,"route_I_counts":"{\"12\": 798}","source":143,"target":235,"layer":"L","from":"Green Park Underground Station","to":"Hyde Park Corner Underground Station"},"geometry":{"type":"LineString","coordinates":[[-0.142787,51.506947],[-0.152441,51.503035]]}},{"type":"Feature","properties":{"shape_id":"{\"piccadilly 940GZZLUHR4 to 940GZZLUCKS\": 105, \"piccadilly 940GZZLUHR5 to 940GZZLUCKS\": 104, \"piccadilly 940GZZLUUXB to 940GZZLUCKS\": 57}","direction_id":"{}","headsign":"{}","duration_avg":105.78947368421052,"n_vehicles":266,"d":712,"route_I_counts":"{\"12\": 266}","source":143,"target":18,"layer":"L","from":"Green Park Underground Station","to":"Piccadilly Circus Underground Station"},"geometry":{"type":"LineString","coordinates":[[-0.142787,51.506947],[-0.133798,51.51005]]}},{"type":"Feature","properties":{"shape_id":"{\"victoria 940GZZLUWWL to 940GZZLUBXN\": 488}","direction_id":"{}","headsign":"{}","duration_avg":120.0,"n_vehicles":488,"d":1178,"route_I_counts":"{\"21\": 488}","source":143,"target":77,"layer":"L","from":"Green Park Underground Station","to":"Victoria Underground Station"},"geometry":{"type":"LineString","coordinates":[[-0.142787,51.506947],[-0.143102,51.496359]]}},{"type":"Feature","properties":{"shape_id":"{\"victoria 940GZZLUBXN to 940GZZLUWWL\": 529}","direction_id":"{}","headsign":"{}","duration_avg":120.0,"n_vehicles":529,"d":923,"route_I_counts":"{\"21\": 529}","source":143,"target":17,"layer":"L","from":"Green Park Underground Station","to":"Oxford Circus Underground Station"},"geometry":{"type":"LineString","coordinates":[[-0.142787,51.506947],[-0.141903,51.515224]]}},{"type":"Feature","properties":{"shape_id":"{\"jubilee 940GZZLUSTD to 940GZZLUSTM\": 374}","direction_id":"{}","headsign":"{}","duration_avg":120.0,"n_vehicles":374,"d":1021,"route_I_counts":"{\"8\": 374}","source":144,"target":145,"layer":"L","from":"St. John's Wood Underground Station","to":"Swiss Cottage Underground Station"},"geometry":{"type":"LineString","coordinates":[[-0.173948,51.534521],[-0.174894,51.543681]]}},{"type":"Feature","properties":{"shape_id":"{\"jubilee 940GZZLUSTM to 940GZZLUSTD\": 305}","direction_id":"{}","headsign":"{}","duration_avg":170.36065573770492,"n_vehicles":305,"d":1742,"route_I_counts":"{\"8\": 305}","source":144,"target":15,"layer":"L","from":"St. John's Wood Underground Station","to":"Baker Street Underground Station"},"geometry":{"type":"LineString","coordinates":[[-0.173948,51.534521],[-0.15713,51.522883]]}},{"type":"Feature","properties":{"shape_id":"{\"jubilee 940GZZLUSTD to 940GZZLUSTM\": 373}","direction_id":"{}","headsign":"{}","duration_avg":81.3941018766756,"n_vehicles":373,"d":489,"route_I_counts":"{\"8\": 373}","source":145,"target":146,"layer":"L","from":"Swiss Cottage Underground Station","to":"Finchley Road Underground Station"},"geometry":{"type":"LineString","coordinates":[[-0.174894,51.543681],[-0.179845,51.546825]]}},{"type":"Feature","properties":{"shape_id":"{\"jubilee 940GZZLUSTM to 940GZZLUSTD\": 305}","direction_id":"{}","headsign":"{}","duration_avg":120.0,"n_vehicles":305,"d":1021,"route_I_counts":"{\"8\": 305}","source":145,"target":144,"layer":"L","from":"Swiss Cottage Underground Station","to":"St. John's Wood Underground Station"},"geometry":{"type":"LineString","coordinates":[[-0.174894,51.543681],[-0.173948,51.534521]]}},{"type":"Feature","properties":{"shape_id":"{\"jubilee 940GZZLUSTD to 940GZZLUSTM\": 373}","direction_id":"{}","headsign":"{}","duration_avg":98.6058981233244,"n_vehicles":373,"d":776,"route_I_counts":"{\"8\": 373}","source":146,"target":147,"layer":"L","from":"Finchley Road Underground Station","to":"West Hampstead Underground Station"},"geometry":{"type":"LineString","coordinates":[[-0.179845,51.546825],[-0.191059,51.546638]]}},{"type":"Feature","properties":{"shape_id":"{\"jubilee 940GZZLUSTM to 940GZZLUSTD\": 306}","direction_id":"{}","headsign":"{}","duration_avg":60.0,"n_vehicles":306,"d":489,"route_I_counts":"{\"8\": 306}","source":146,"target":145,"layer":"L","from":"Finchley Road Underground Station","to":"Swiss Cottage Underground Station"},"geometry":{"type":"LineString","coordinates":[[-0.179845,51.546825],[-0.174894,51.543681]]}},{"type":"Feature","properties":{"shape_id":"{\"metropolitan 940GZZLUAMS to 940GZZLUALD\": 41, \"metropolitan 940GZZLUCSM to 940GZZLUALD\": 31, \"metropolitan 940GZZLUCSM to 940GZZLUWAF\": 31, \"metropolitan 940GZZLUUXB to 940GZZLUALD\": 135, \"metropolitan 940GZZLUWAF to 940GZZLUALD\": 86}","direction_id":"{}","headsign":"{}","duration_avg":474.81481481481484,"n_vehicles":324,"d":3094,"route_I_counts":"{\"10\": 324}","source":146,"target":15,"layer":"L","from":"Finchley Road Underground Station","to":"Baker Street Underground Station"},"geometry":{"type":"LineString","coordinates":[[-0.179845,51.546825],[-0.15713,51.522883]]}},{"type":"Feature","properties":{"shape_id":"{\"metropolitan 940GZZLUALD to 940GZZLUAMS\": 206, \"metropolitan 940GZZLUALD to 940GZZLUCSM\": 206, \"metropolitan 940GZZLUALD to 940GZZLUUXB\": 206, \"metropolitan 940GZZLUALD to 940GZZLUWAF\": 206}","direction_id":"{}","headsign":"{}","duration_avg":421.45631067961165,"n_vehicles":824,"d":7118,"route_I_counts":"{\"10\": 824}","source":146,"target":152,"layer":"L","from":"Finchley Road Underground Station","to":"Wembley Park Underground Station"},"geometry":{"type":"LineString","coordinates":[[-0.179845,51.546825],[-0.279262,51.563198]]}},{"type":"Feature","properties":{"shape_id":"{\"jubilee 940GZZLUSTD to 940GZZLUSTM\": 372}","direction_id":"{}","headsign":"{}","duration_avg":120.0,"n_vehicles":372,"d":903,"route_I_counts":"{\"8\": 372}","source":147,"target":148,"layer":"L","from":"West Hampstead Underground Station","to":"Kilburn Underground Station"},"geometry":{"type":"LineString","coordinates":[[-0.191059,51.546638],[-0.204105,51.546803]]}},{"type":"Feature","properties":{"shape_id":"{\"jubilee 940GZZLUSTM to 940GZZLUSTD\": 306}","direction_id":"{}","headsign":"{}","duration_avg":120.0,"n_vehicles":306,"d":776,"route_I_counts":"{\"8\": 306}","source":147,"target":146,"layer":"L","from":"West Hampstead Underground Station","to":"Finchley Road Underground Station"},"geometry":{"type":"LineString","coordinates":[[-0.191059,51.546638],[-0.179845,51.546825]]}},{"type":"Feature","properties":{"shape_id":"{\"jubilee 940GZZLUSTD to 940GZZLUSTM\": 371}","direction_id":"{}","headsign":"{}","duration_avg":110.29649595687331,"n_vehicles":371,"d":1234,"route_I_counts":"{\"8\": 371}","source":148,"target":149,"layer":"L","from":"Kilburn Underground Station","to":"Willesden Green Underground Station"},"geometry":{"type":"LineString","coordinates":[[-0.204105,51.546803],[-0.221537,51.549146]]}},{"type":"Feature","properties":{"shape_id":"{\"jubilee 940GZZLUSTM to 940GZZLUSTD\": 306}","direction_id":"{}","headsign":"{}","duration_avg":69.6078431372549,"n_vehicles":306,"d":903,"route_I_counts":"{\"8\": 306}","source":148,"target":147,"layer":"L","from":"Kilburn Underground Station","to":"West Hampstead Underground Station"},"geometry":{"type":"LineString","coordinates":[[-0.204105,51.546803],[-0.191059,51.546638]]}},{"type":"Feature","properties":{"shape_id":"{\"jubilee 940GZZLUSTD to 940GZZLUSTM\": 311}","direction_id":"{}","headsign":"{}","duration_avg":120.0,"n_vehicles":311,"d":1253,"route_I_counts":"{\"8\": 311}","source":149,"target":150,"layer":"L","from":"Willesden Green Underground Station","to":"Dollis Hill Underground Station"},"geometry":{"type":"LineString","coordinates":[[-0.221537,51.549146],[-0.239068,51.551955]]}},{"type":"Feature","properties":{"shape_id":"{\"jubilee 940GZZLUSTM to 940GZZLUSTD\": 307}","direction_id":"{}","headsign":"{}","duration_avg":120.0,"n_vehicles":307,"d":1234,"route_I_counts":"{\"8\": 307}","source":149,"target":148,"layer":"L","from":"Willesden Green Underground Station","to":"Kilburn Underground Station"},"geometry":{"type":"LineString","coordinates":[[-0.221537,51.549146],[-0.204105,51.546803]]}},{"type":"Feature","properties":{"shape_id":"{\"jubilee 940GZZLUSTD to 940GZZLUSTM\": 310}","direction_id":"{}","headsign":"{}","duration_avg":120.0,"n_vehicles":310,"d":778,"route_I_counts":"{\"8\": 310}","source":150,"target":151,"layer":"L","from":"Dollis Hill Underground Station","to":"Neasden Underground Station"},"geometry":{"type":"LineString","coordinates":[[-0.239068,51.551955],[-0.249837,51.553986]]}},{"type":"Feature","properties":{"shape_id":"{\"jubilee 940GZZLUSTM to 940GZZLUSTD\": 307}","direction_id":"{}","headsign":"{}","duration_avg":167.29641693811075,"n_vehicles":307,"d":1253,"route_I_counts":"{\"8\": 307}","source":150,"target":149,"layer":"L","from":"Dollis Hill Underground Station","to":"Willesden Green Underground Station"},"geometry":{"type":"LineString","coordinates":[[-0.239068,51.551955],[-0.221537,51.549146]]}},{"type":"Feature","properties":{"shape_id":"{\"jubilee 940GZZLUSTD to 940GZZLUSTM\": 309}","direction_id":"{}","headsign":"{}","duration_avg":226.01941747572815,"n_vehicles":309,"d":2280,"route_I_counts":"{\"8\": 309}","source":151,"target":152,"layer":"L","from":"Neasden Underground Station","to":"Wembley Park Underground Station"},"geometry":{"type":"LineString","coordinates":[[-0.249837,51.553986],[-0.279262,51.563198]]}},{"type":"Feature","properties":{"shape_id":"{\"jubilee 940GZZLUSTM to 940GZZLUSTD\": 308}","direction_id":"{}","headsign":"{}","duration_avg":72.66233766233766,"n_vehicles":308,"d":778,"route_I_counts":"{\"8\": 308}","source":151,"target":150,"layer":"L","from":"Neasden Underground Station","to":"Dollis Hill Underground Station"},"geometry":{"type":"LineString","coordinates":[[-0.249837,51.553986],[-0.239068,51.551955]]}},{"type":"Feature","properties":{"shape_id":"{\"jubilee 940GZZLUSTD to 940GZZLUSTM\": 236}","direction_id":"{}","headsign":"{}","duration_avg":180.0,"n_vehicles":236,"d":2409,"route_I_counts":"{\"8\": 236}","source":152,"target":153,"layer":"L","from":"Wembley Park Underground Station","to":"Kingsbury Underground Station"},"geometry":{"type":"LineString","coordinates":[[-0.279262,51.563198],[-0.27879,51.584845]]}},{"type":"Feature","properties":{"shape_id":"{\"jubilee 940GZZLUSTM to 940GZZLUSTD\": 308}","direction_id":"{}","headsign":"{}","duration_avg":180.0,"n_vehicles":308,"d":2280,"route_I_counts":"{\"8\": 308}","source":152,"target":151,"layer":"L","from":"Wembley Park Underground Station","to":"Neasden Underground Station"},"geometry":{"type":"LineString","coordinates":[[-0.279262,51.563198],[-0.249837,51.553986]]}},{"type":"Feature","properties":{"shape_id":"{\"metropolitan 940GZZLUAMS to 940GZZLUALD\": 28, \"metropolitan 940GZZLUCSM to 940GZZLUALD\": 24, \"metropolitan 940GZZLUCSM to 940GZZLUWAF\": 24, \"metropolitan 940GZZLUUXB to 940GZZLUALD\": 127, \"metropolitan 940GZZLUWAF to 940GZZLUALD\": 74}","direction_id":"{}","headsign":"{}","duration_avg":430.6137184115523,"n_vehicles":277,"d":7118,"route_I_counts":"{\"10\": 277}","source":152,"target":146,"layer":"L","from":"Wembley Park Underground Station","to":"Finchley Road Underground Station"},"geometry":{"type":"LineString","coordinates":[[-0.279262,51.563198],[-0.179845,51.546825]]}},{"type":"Feature","properties":{"shape_id":"{\"metropolitan 940GZZLUALD to 940GZZLUAMS\": 166, \"metropolitan 940GZZLUALD to 940GZZLUCSM\": 166, \"metropolitan 940GZZLUALD to 940GZZLUUXB\": 166, \"metropolitan 940GZZLUALD to 940GZZLUWAF\": 166}","direction_id":"{}","headsign":"{}","duration_avg":120.0,"n_vehicles":664,"d":1468,"route_I_counts":"{\"10\": 664}","source":152,"target":168,"layer":"L","from":"Wembley Park Underground Station","to":"Preston Road Underground Station"},"geometry":{"type":"LineString","coordinates":[[-0.279262,51.563198],[-0.295107,51.571972]]}},{"type":"Feature","properties":{"shape_id":"{\"jubilee 940GZZLUSTD to 940GZZLUSTM\": 236}","direction_id":"{}","headsign":"{}","duration_avg":180.0,"n_vehicles":236,"d":1160,"route_I_counts":"{\"8\": 236}","source":153,"target":154,"layer":"L","from":"Kingsbury Underground Station","to":"Queensbury Underground Station"},"geometry":{"type":"LineString","coordinates":[[-0.27879,51.584845],[-0.286219,51.594188]]}},{"type":"Feature","properties":{"shape_id":"{\"jubilee 940GZZLUSTM to 940GZZLUSTD\": 308}","direction_id":"{}","headsign":"{}","duration_avg":240.0,"n_vehicles":308,"d":2409,"route_I_counts":"{\"8\": 308}","source":153,"target":152,"layer":"L","from":"Kingsbury Underground Station","to":"Wembley Park Underground Station"},"geometry":{"type":"LineString","coordinates":[[-0.27879,51.584845],[-0.279262,51.563198]]}},{"type":"Feature","properties":{"shape_id":"{\"jubilee 940GZZLUSTD to 940GZZLUSTM\": 235}","direction_id":"{}","headsign":"{}","duration_avg":180.0,"n_vehicles":235,"d":1614,"route_I_counts":"{\"8\": 235}","source":154,"target":155,"layer":"L","from":"Queensbury Underground Station","to":"Canons Park Underground Station"},"geometry":{"type":"LineString","coordinates":[[-0.286219,51.594188],[-0.294693,51.607701]]}},{"type":"Feature","properties":{"shape_id":"{\"jubilee 940GZZLUSTM to 940GZZLUSTD\": 309}","direction_id":"{}","headsign":"{}","duration_avg":180.0,"n_vehicles":309,"d":1160,"route_I_counts":"{\"8\": 309}","source":154,"target":153,"layer":"L","from":"Queensbury Underground Station","to":"Kingsbury Underground Station"},"geometry":{"type":"LineString","coordinates":[[-0.286219,51.594188],[-0.27879,51.584845]]}},{"type":"Feature","properties":{"shape_id":"{\"jubilee 940GZZLUSTD to 940GZZLUSTM\": 235}","direction_id":"{}","headsign":"{}","duration_avg":120.0,"n_vehicles":235,"d":1475,"route_I_counts":"{\"8\": 235}","source":155,"target":156,"layer":"L","from":"Canons Park Underground Station","to":"Stanmore Underground Station"},"geometry":{"type":"LineString","coordinates":[[-0.294693,51.607701],[-0.303266,51.619839]]}},{"type":"Feature","properties":{"shape_id":"{\"jubilee 940GZZLUSTM to 940GZZLUSTD\": 310}","direction_id":"{}","headsign":"{}","duration_avg":120.0,"n_vehicles":310,"d":1614,"route_I_counts":"{\"8\": 310}","source":155,"target":154,"layer":"L","from":"Canons Park Underground Station","to":"Queensbury Underground Station"},"geometry":{"type":"LineString","coordinates":[[-0.294693,51.607701],[-0.286219,51.594188]]}},{"type":"Feature","properties":{"shape_id":"{\"jubilee 940GZZLUSTM to 940GZZLUSTD\": 310}","direction_id":"{}","headsign":"{}","duration_avg":120.0,"n_vehicles":310,"d":1475,"route_I_counts":"{\"8\": 310}","source":156,"target":155,"layer":"L","from":"Stanmore Underground Station","to":"Canons Park Underground Station"},"geometry":{"type":"LineString","coordinates":[[-0.303266,51.619839],[-0.294693,51.607701]]}},{"type":"Feature","properties":{"shape_id":"{\"metropolitan 940GZZLUAMS to 940GZZLUALD\": 49}","direction_id":"{}","headsign":"{}","duration_avg":241.22448979591837,"n_vehicles":49,"d":3317,"route_I_counts":"{\"10\": 49}","source":157,"target":158,"layer":"L","from":"Amersham Underground Station","to":"Chalfont & Latimer Underground Station"},"geometry":{"type":"LineString","coordinates":[[-0.607714,51.674126],[-0.560689,51.667985]]}},{"type":"Feature","properties":{"shape_id":"{\"metropolitan 940GZZLUAMS to 940GZZLUALD\": 49, \"metropolitan 940GZZLUCSM to 940GZZLUALD\": 37, \"metropolitan 940GZZLUCSM to 940GZZLUWAF\": 37}","direction_id":"{}","headsign":"{}","duration_avg":268.2926829268293,"n_vehicles":123,"d":3286,"route_I_counts":"{\"10\": 123}","source":158,"target":159,"layer":"L","from":"Chalfont & Latimer Underground Station","to":"Chorleywood Underground Station"},"geometry":{"type":"LineString","coordinates":[[-0.560689,51.667985],[-0.518461,51.654358]]}},{"type":"Feature","properties":{"shape_id":"{\"metropolitan 940GZZLUALD to 940GZZLUAMS\": 33, \"metropolitan 940GZZLUALD to 940GZZLUCSM\": 33, \"metropolitan 940GZZLUALD to 940GZZLUUXB\": 33, \"metropolitan 940GZZLUALD to 940GZZLUWAF\": 33}","direction_id":"{}","headsign":"{}","duration_avg":225.45454545454547,"n_vehicles":132,"d":3317,"route_I_counts":"{\"10\": 132}","source":158,"target":157,"layer":"L","from":"Chalfont & Latimer Underground Station","to":"Amersham Underground Station"},"geometry":{"type":"LineString","coordinates":[[-0.560689,51.667985],[-0.607714,51.674126]]}},{"type":"Feature","properties":{"shape_id":"{\"metropolitan 940GZZLUALD to 940GZZLUAMS\": 29, \"metropolitan 940GZZLUALD to 940GZZLUCSM\": 29, \"metropolitan 940GZZLUALD to 940GZZLUUXB\": 29, \"metropolitan 940GZZLUALD to 940GZZLUWAF\": 29}","direction_id":"{}","headsign":"{}","duration_avg":480.0,"n_vehicles":116,"d":5417,"route_I_counts":"{\"10\": 116}","source":158,"target":179,"layer":"L","from":"Chalfont & Latimer Underground Station","to":"Chesham Underground Station"},"geometry":{"type":"LineString","coordinates":[[-0.560689,51.667985],[-0.611247,51.705208]]}},{"type":"Feature","properties":{"shape_id":"{\"metropolitan 940GZZLUAMS to 940GZZLUALD\": 49, \"metropolitan 940GZZLUCSM to 940GZZLUALD\": 37, \"metropolitan 940GZZLUCSM to 940GZZLUWAF\": 37}","direction_id":"{}","headsign":"{}","duration_avg":331.7073170731707,"n_vehicles":123,"d":3469,"route_I_counts":"{\"10\": 123}","source":159,"target":160,"layer":"L","from":"Chorleywood Underground Station","to":"Rickmansworth Underground Station"},"geometry":{"type":"LineString","coordinates":[[-0.518461,51.654358],[-0.473703,51.640207]]}},{"type":"Feature","properties":{"shape_id":"{\"metropolitan 940GZZLUALD to 940GZZLUAMS\": 62, \"metropolitan 940GZZLUALD to 940GZZLUCSM\": 62, \"metropolitan 940GZZLUALD to 940GZZLUUXB\": 62, \"metropolitan 940GZZLUALD to 940GZZLUWAF\": 62}","direction_id":"{}","headsign":"{}","duration_avg":268.06451612903226,"n_vehicles":248,"d":3286,"route_I_counts":"{\"10\": 248}","source":159,"target":158,"layer":"L","from":"Chorleywood Underground Station","to":"Chalfont & Latimer Underground Station"},"geometry":{"type":"LineString","coordinates":[[-0.518461,51.654358],[-0.560689,51.667985]]}},{"type":"Feature","properties":{"shape_id":"{\"metropolitan 940GZZLUAMS to 940GZZLUALD\": 48, \"metropolitan 940GZZLUCSM to 940GZZLUALD\": 36, \"metropolitan 940GZZLUCSM to 940GZZLUWAF\": 36}","direction_id":"{}","headsign":"{}","duration_avg":278.0,"n_vehicles":120,"d":3074,"route_I_counts":"{\"10\": 120}","source":160,"target":161,"layer":"L","from":"Rickmansworth Underground Station","to":"Moor Park Underground Station"},"geometry":{"type":"LineString","coordinates":[[-0.473703,51.640207],[-0.432454,51.629845]]}},{"type":"Feature","properties":{"shape_id":"{\"metropolitan 940GZZLUALD to 940GZZLUAMS\": 62, \"metropolitan 940GZZLUALD to 940GZZLUCSM\": 62, \"metropolitan 940GZZLUALD to 940GZZLUUXB\": 62, \"metropolitan 940GZZLUALD to 940GZZLUWAF\": 62}","direction_id":"{}","headsign":"{}","duration_avg":187.74193548387098,"n_vehicles":248,"d":3469,"route_I_counts":"{\"10\": 248}","source":160,"target":159,"layer":"L","from":"Rickmansworth Underground Station","to":"Chorleywood Underground Station"},"geometry":{"type":"LineString","coordinates":[[-0.473703,51.640207],[-0.518461,51.654358]]}},{"type":"Feature","properties":{"shape_id":"{\"metropolitan 940GZZLUAMS to 940GZZLUALD\": 41, \"metropolitan 940GZZLUCSM to 940GZZLUALD\": 29, \"metropolitan 940GZZLUCSM to 940GZZLUWAF\": 29, \"metropolitan 940GZZLUWAF to 940GZZLUALD\": 100}","direction_id":"{}","headsign":"{}","duration_avg":122.41206030150754,"n_vehicles":199,"d":2175,"route_I_counts":"{\"10\": 199}","source":161,"target":162,"layer":"L","from":"Moor Park Underground Station","to":"Northwood Underground Station"},"geometry":{"type":"LineString","coordinates":[[-0.432454,51.629845],[-0.423829,51.611053]]}},{"type":"Feature","properties":{"shape_id":"{\"metropolitan 940GZZLUALD to 940GZZLUAMS\": 27, \"metropolitan 940GZZLUALD to 940GZZLUCSM\": 27, \"metropolitan 940GZZLUALD to 940GZZLUUXB\": 27, \"metropolitan 940GZZLUALD to 940GZZLUWAF\": 27}","direction_id":"{}","headsign":"{}","duration_avg":240.0,"n_vehicles":108,"d":2018,"route_I_counts":"{\"10\": 108}","source":161,"target":177,"layer":"L","from":"Moor Park Underground Station","to":"Croxley Underground Station"},"geometry":{"type":"LineString","coordinates":[[-0.432454,51.629845],[-0.441718,51.647044]]}},{"type":"Feature","properties":{"shape_id":"{\"metropolitan 940GZZLUALD to 940GZZLUAMS\": 62, \"metropolitan 940GZZLUALD to 940GZZLUCSM\": 62, \"metropolitan 940GZZLUALD to 940GZZLUUXB\": 62, \"metropolitan 940GZZLUALD to 940GZZLUWAF\": 62}","direction_id":"{}","headsign":"{}","duration_avg":284.51612903225805,"n_vehicles":248,"d":3074,"route_I_counts":"{\"10\": 248}","source":161,"target":160,"layer":"L","from":"Moor Park Underground Station","to":"Rickmansworth Underground Station"},"geometry":{"type":"LineString","coordinates":[[-0.432454,51.629845],[-0.473703,51.640207]]}},{"type":"Feature","properties":{"shape_id":"{\"metropolitan 940GZZLUAMS to 940GZZLUALD\": 41, \"metropolitan 940GZZLUCSM to 940GZZLUALD\": 29, \"metropolitan 940GZZLUCSM to 940GZZLUWAF\": 29, \"metropolitan 940GZZLUWAF to 940GZZLUALD\": 99}","direction_id":"{}","headsign":"{}","duration_avg":177.57575757575756,"n_vehicles":198,"d":1532,"route_I_counts":"{\"10\": 198}","source":162,"target":163,"layer":"L","from":"Northwood Underground Station","to":"Northwood Hills Underground Station"},"geometry":{"type":"LineString","coordinates":[[-0.423829,51.611053],[-0.409464,51.600572]]}},{"type":"Feature","properties":{"shape_id":"{\"metropolitan 940GZZLUALD to 940GZZLUAMS\": 73, \"metropolitan 940GZZLUALD to 940GZZLUCSM\": 73, \"metropolitan 940GZZLUALD to 940GZZLUUXB\": 73, \"metropolitan 940GZZLUALD to 940GZZLUWAF\": 73}","direction_id":"{}","headsign":"{}","duration_avg":166.02739726027397,"n_vehicles":292,"d":2175,"route_I_counts":"{\"10\": 292}","source":162,"target":161,"layer":"L","from":"Northwood Underground Station","to":"Moor Park Underground Station"},"geometry":{"type":"LineString","coordinates":[[-0.423829,51.611053],[-0.432454,51.629845]]}},{"type":"Feature","properties":{"shape_id":"{\"metropolitan 940GZZLUAMS to 940GZZLUALD\": 41, \"metropolitan 940GZZLUCSM to 940GZZLUALD\": 29, \"metropolitan 940GZZLUCSM to 940GZZLUWAF\": 29, \"metropolitan 940GZZLUWAF to 940GZZLUALD\": 99}","direction_id":"{}","headsign":"{}","duration_avg":125.45454545454545,"n_vehicles":198,"d":2135,"route_I_counts":"{\"10\": 198}","source":163,"target":164,"layer":"L","from":"Northwood Hills Underground Station","to":"Pinner Underground Station"},"geometry":{"type":"LineString","coordinates":[[-0.409464,51.600572],[-0.381161,51.592901]]}},{"type":"Feature","properties":{"shape_id":"{\"metropolitan 940GZZLUALD to 940GZZLUAMS\": 73, \"metropolitan 940GZZLUALD to 940GZZLUCSM\": 73, \"metropolitan 940GZZLUALD to 940GZZLUUXB\": 73, \"metropolitan 940GZZLUALD to 940GZZLUWAF\": 73}","direction_id":"{}","headsign":"{}","duration_avg":133.97260273972603,"n_vehicles":292,"d":1532,"route_I_counts":"{\"10\": 292}","source":163,"target":162,"layer":"L","from":"Northwood Hills Underground Station","to":"Northwood Underground Station"},"geometry":{"type":"LineString","coordinates":[[-0.409464,51.600572],[-0.423829,51.611053]]}},{"type":"Feature","properties":{"shape_id":"{\"metropolitan 940GZZLUAMS to 940GZZLUALD\": 41, \"metropolitan 940GZZLUCSM to 940GZZLUALD\": 29, \"metropolitan 940GZZLUCSM to 940GZZLUWAF\": 29, \"metropolitan 940GZZLUWAF to 940GZZLUALD\": 99}","direction_id":"{}","headsign":"{}","duration_avg":120.0,"n_vehicles":198,"d":1575,"route_I_counts":"{\"10\": 198}","source":164,"target":165,"layer":"L","from":"Pinner Underground Station","to":"North Harrow Underground Station"},"geometry":{"type":"LineString","coordinates":[[-0.381161,51.592901],[-0.362408,51.584872]]}},{"type":"Feature","properties":{"shape_id":"{\"metropolitan 940GZZLUALD to 940GZZLUAMS\": 73, \"metropolitan 940GZZLUALD to 940GZZLUCSM\": 73, \"metropolitan 940GZZLUALD to 940GZZLUUXB\": 73, \"metropolitan 940GZZLUALD to 940GZZLUWAF\": 73}","direction_id":"{}","headsign":"{}","duration_avg":166.02739726027397,"n_vehicles":292,"d":2135,"route_I_counts":"{\"10\": 292}","source":164,"target":163,"layer":"L","from":"Pinner Underground Station","to":"Northwood Hills Underground Station"},"geometry":{"type":"LineString","coordinates":[[-0.381161,51.592901],[-0.409464,51.600572]]}},{"type":"Feature","properties":{"shape_id":"{\"metropolitan 940GZZLUAMS to 940GZZLUALD\": 41, \"metropolitan 940GZZLUCSM to 940GZZLUALD\": 28, \"metropolitan 940GZZLUCSM to 940GZZLUWAF\": 28, \"metropolitan 940GZZLUWAF to 940GZZLUALD\": 99}","direction_id":"{}","headsign":"{}","duration_avg":269.6938775510204,"n_vehicles":196,"d":1853,"route_I_counts":"{\"10\": 196}","source":165,"target":166,"layer":"L","from":"North Harrow Underground Station","to":"Harrow-on-the-Hill Underground Station"},"geometry":{"type":"LineString","coordinates":[[-0.362408,51.584872],[-0.337225,51.579195]]}},{"type":"Feature","properties":{"shape_id":"{\"metropolitan 940GZZLUALD to 940GZZLUAMS\": 73, \"metropolitan 940GZZLUALD to 940GZZLUCSM\": 73, \"metropolitan 940GZZLUALD to 940GZZLUUXB\": 73, \"metropolitan 940GZZLUALD to 940GZZLUWAF\": 73}","direction_id":"{}","headsign":"{}","duration_avg":120.0,"n_vehicles":292,"d":1575,"route_I_counts":"{\"10\": 292}","source":165,"target":164,"layer":"L","from":"North Harrow Underground Station","to":"Pinner Underground Station"},"geometry":{"type":"LineString","coordinates":[[-0.362408,51.584872],[-0.381161,51.592901]]}},{"type":"Feature","properties":{"shape_id":"{\"metropolitan 940GZZLUAMS to 940GZZLUALD\": 33, \"metropolitan 940GZZLUCSM to 940GZZLUALD\": 28, \"metropolitan 940GZZLUCSM to 940GZZLUWAF\": 28, \"metropolitan 940GZZLUUXB to 940GZZLUALD\": 139, \"metropolitan 940GZZLUWAF to 940GZZLUALD\": 77}","direction_id":"{}","headsign":"{}","duration_avg":120.0,"n_vehicles":305,"d":1328,"route_I_counts":"{\"10\": 305}","source":166,"target":167,"layer":"L","from":"Harrow-on-the-Hill Underground Station","to":"Northwick Park Underground Station"},"geometry":{"type":"LineString","coordinates":[[-0.337225,51.579195],[-0.318056,51.578481]]}},{"type":"Feature","properties":{"shape_id":"{\"metropolitan 940GZZLUALD to 940GZZLUAMS\": 111, \"metropolitan 940GZZLUALD to 940GZZLUCSM\": 111, \"metropolitan 940GZZLUALD to 940GZZLUUXB\": 111, \"metropolitan 940GZZLUALD to 940GZZLUWAF\": 111}","direction_id":"{}","headsign":"{}","duration_avg":120.0,"n_vehicles":444,"d":1120,"route_I_counts":"{\"10\": 444}","source":166,"target":169,"layer":"L","from":"Harrow-on-the-Hill Underground Station","to":"West Harrow Underground Station"},"geometry":{"type":"LineString","coordinates":[[-0.337225,51.579195],[-0.3534,51.57971]]}},{"type":"Feature","properties":{"shape_id":"{\"metropolitan 940GZZLUALD to 940GZZLUAMS\": 73, \"metropolitan 940GZZLUALD to 940GZZLUCSM\": 73, \"metropolitan 940GZZLUALD to 940GZZLUUXB\": 73, \"metropolitan 940GZZLUALD to 940GZZLUWAF\": 73}","direction_id":"{}","headsign":"{}","duration_avg":180.0,"n_vehicles":292,"d":1853,"route_I_counts":"{\"10\": 292}","source":166,"target":165,"layer":"L","from":"Harrow-on-the-Hill Underground Station","to":"North Harrow Underground Station"},"geometry":{"type":"LineString","coordinates":[[-0.337225,51.579195],[-0.362408,51.584872]]}},{"type":"Feature","properties":{"shape_id":"{\"metropolitan 940GZZLUAMS to 940GZZLUALD\": 33, \"metropolitan 940GZZLUCSM to 940GZZLUALD\": 28, \"metropolitan 940GZZLUCSM to 940GZZLUWAF\": 28, \"metropolitan 940GZZLUUXB to 940GZZLUALD\": 139, \"metropolitan 940GZZLUWAF to 940GZZLUALD\": 77}","direction_id":"{}","headsign":"{}","duration_avg":163.86885245901638,"n_vehicles":305,"d":1745,"route_I_counts":"{\"10\": 305}","source":167,"target":168,"layer":"L","from":"Northwick Park Underground Station","to":"Preston Road Underground Station"},"geometry":{"type":"LineString","coordinates":[[-0.318056,51.578481],[-0.295107,51.571972]]}},{"type":"Feature","properties":{"shape_id":"{\"metropolitan 940GZZLUALD to 940GZZLUAMS\": 166, \"metropolitan 940GZZLUALD to 940GZZLUCSM\": 166, \"metropolitan 940GZZLUALD to 940GZZLUUXB\": 166, \"metropolitan 940GZZLUALD to 940GZZLUWAF\": 166}","direction_id":"{}","headsign":"{}","duration_avg":238.55421686746988,"n_vehicles":664,"d":1328,"route_I_counts":"{\"10\": 664}","source":167,"target":166,"layer":"L","from":"Northwick Park Underground Station","to":"Harrow-on-the-Hill Underground Station"},"geometry":{"type":"LineString","coordinates":[[-0.318056,51.578481],[-0.337225,51.579195]]}},{"type":"Feature","properties":{"duration_avg":120.0,"n_vehicles":105,"d":1410,"route_I_counts":"{\"1\": 105}","shape_id":"{\"bakerloo 940GZZLUHAW to 940GZZLUEAC\": 105}","direction_id":"{}","headsign":"{}","source":167,"target":1,"layer":"L","from":"Northwick Park Underground Station","to":"South Kenton Underground Station"},"geometry":{"type":"LineString","coordinates":[[-0.318056,51.578481],[-0.308433,51.570232]]}},{"type":"Feature","properties":{"duration_avg":120.0,"n_vehicles":99,"d":1724,"route_I_counts":"{\"1\": 99}","shape_id":"{\"bakerloo 940GZZLUEAC to 940GZZLUHAW\": 99}","direction_id":"{}","headsign":"{}","source":167,"target":0,"layer":"L","from":"Northwick Park Underground Station","to":"Harrow & Wealdstone Underground Station"},"geometry":{"type":"LineString","coordinates":[[-0.318056,51.578481],[-0.335217,51.592268]]}},{"type":"Feature","properties":{"shape_id":"{\"metropolitan 940GZZLUAMS to 940GZZLUALD\": 33, \"metropolitan 940GZZLUCSM to 940GZZLUALD\": 28, \"metropolitan 940GZZLUCSM to 940GZZLUWAF\": 28, \"metropolitan 940GZZLUUXB to 940GZZLUALD\": 139, \"metropolitan 940GZZLUWAF to 940GZZLUALD\": 77}","direction_id":"{}","headsign":"{}","duration_avg":136.13114754098362,"n_vehicles":305,"d":1468,"route_I_counts":"{\"10\": 305}","source":168,"target":152,"layer":"L","from":"Preston Road Underground Station","to":"Wembley Park Underground Station"},"geometry":{"type":"LineString","coordinates":[[-0.295107,51.571972],[-0.279262,51.563198]]}},{"type":"Feature","properties":{"shape_id":"{\"metropolitan 940GZZLUALD to 940GZZLUAMS\": 166, \"metropolitan 940GZZLUALD to 940GZZLUCSM\": 166, \"metropolitan 940GZZLUALD to 940GZZLUUXB\": 166, \"metropolitan 940GZZLUALD to 940GZZLUWAF\": 166}","direction_id":"{}","headsign":"{}","duration_avg":163.73493975903614,"n_vehicles":664,"d":1745,"route_I_counts":"{\"10\": 664}","source":168,"target":167,"layer":"L","from":"Preston Road Underground Station","to":"Northwick Park Underground Station"},"geometry":{"type":"LineString","coordinates":[[-0.295107,51.571972],[-0.318056,51.578481]]}},{"type":"Feature","properties":{"shape_id":"{\"metropolitan 940GZZLUALD to 940GZZLUAMS\": 111, \"metropolitan 940GZZLUALD to 940GZZLUCSM\": 111, \"metropolitan 940GZZLUALD to 940GZZLUUXB\": 111, \"metropolitan 940GZZLUALD to 940GZZLUWAF\": 111}","direction_id":"{}","headsign":"{}","duration_avg":120.0,"n_vehicles":444,"d":1327,"route_I_counts":"{\"10\": 444}","source":169,"target":170,"layer":"L","from":"West Harrow Underground Station","to":"Rayners Lane Underground Station"},"geometry":{"type":"LineString","coordinates":[[-0.3534,51.57971],[-0.371127,51.575147]]}},{"type":"Feature","properties":{"shape_id":"{\"metropolitan 940GZZLUUXB to 940GZZLUALD\": 150}","direction_id":"{}","headsign":"{}","duration_avg":245.6,"n_vehicles":150,"d":1120,"route_I_counts":"{\"10\": 150}","source":169,"target":166,"layer":"L","from":"West Harrow Underground Station","to":"Harrow-on-the-Hill Underground Station"},"geometry":{"type":"LineString","coordinates":[[-0.3534,51.57971],[-0.337225,51.579195]]}},{"type":"Feature","properties":{"shape_id":"{\"metropolitan 940GZZLUALD to 940GZZLUAMS\": 111, \"metropolitan 940GZZLUALD to 940GZZLUCSM\": 111, \"metropolitan 940GZZLUALD to 940GZZLUUXB\": 111, \"metropolitan 940GZZLUALD to 940GZZLUWAF\": 111, \"piccadilly 940GZZLUCKS to 940GZZLUHR5\": 46, \"piccadilly 940GZZLUCKS to 940GZZLUHRC\": 46, \"piccadilly 940GZZLUCKS to 940GZZLUUXB\": 46}","direction_id":"{}","headsign":"{}","duration_avg":120.0,"n_vehicles":582,"d":1822,"route_I_counts":"{\"10\": 444, \"12\": 138}","source":170,"target":171,"layer":"L","from":"Rayners Lane Underground Station","to":"Eastcote Underground Station"},"geometry":{"type":"LineString","coordinates":[[-0.371127,51.575147],[-0.397373,51.576506]]}},{"type":"Feature","properties":{"shape_id":"{\"metropolitan 940GZZLUUXB to 940GZZLUALD\": 151}","direction_id":"{}","headsign":"{}","duration_avg":120.0,"n_vehicles":151,"d":1327,"route_I_counts":"{\"10\": 151}","source":170,"target":169,"layer":"L","from":"Rayners Lane Underground Station","to":"West Harrow Underground Station"},"geometry":{"type":"LineString","coordinates":[[-0.371127,51.575147],[-0.3534,51.57971]]}},{"type":"Feature","properties":{"shape_id":"{\"piccadilly 940GZZLUUXB to 940GZZLUCKS\": 61}","direction_id":"{}","headsign":"{}","duration_avg":233.11475409836066,"n_vehicles":61,"d":1722,"route_I_counts":"{\"12\": 61}","source":170,"target":252,"layer":"L","from":"Rayners Lane Underground Station","to":"South Harrow Underground Station"},"geometry":{"type":"LineString","coordinates":[[-0.371127,51.575147],[-0.352492,51.564888]]}},{"type":"Feature","properties":{"shape_id":"{\"metropolitan 940GZZLUALD to 940GZZLUAMS\": 111, \"metropolitan 940GZZLUALD to 940GZZLUCSM\": 111, \"metropolitan 940GZZLUALD to 940GZZLUUXB\": 111, \"metropolitan 940GZZLUALD to 940GZZLUWAF\": 111, \"piccadilly 940GZZLUCKS to 940GZZLUHR5\": 46, \"piccadilly 940GZZLUCKS to 940GZZLUHRC\": 46, \"piccadilly 940GZZLUCKS to 940GZZLUUXB\": 46}","direction_id":"{}","headsign":"{}","duration_avg":120.0,"n_vehicles":582,"d":1140,"route_I_counts":"{\"10\": 444, \"12\": 138}","source":171,"target":172,"layer":"L","from":"Eastcote Underground Station","to":"Ruislip Manor Underground Station"},"geometry":{"type":"LineString","coordinates":[[-0.397373,51.576506],[-0.412973,51.573202]]}},{"type":"Feature","properties":{"shape_id":"{\"metropolitan 940GZZLUUXB to 940GZZLUALD\": 151, \"piccadilly 940GZZLUUXB to 940GZZLUCKS\": 61}","direction_id":"{}","headsign":"{}","duration_avg":184.24528301886792,"n_vehicles":212,"d":1822,"route_I_counts":"{\"10\": 151, \"12\": 61}","source":171,"target":170,"layer":"L","from":"Eastcote Underground Station","to":"Rayners Lane Underground Station"},"geometry":{"type":"LineString","coordinates":[[-0.397373,51.576506],[-0.371127,51.575147]]}},{"type":"Feature","properties":{"shape_id":"{\"metropolitan 940GZZLUALD to 940GZZLUAMS\": 111, \"metropolitan 940GZZLUALD to 940GZZLUCSM\": 111, \"metropolitan 940GZZLUALD to 940GZZLUUXB\": 111, \"metropolitan 940GZZLUALD to 940GZZLUWAF\": 111, \"piccadilly 940GZZLUCKS to 940GZZLUHR5\": 46, \"piccadilly 940GZZLUCKS to 940GZZLUHRC\": 46, \"piccadilly 940GZZLUCKS to 940GZZLUUXB\": 46}","direction_id":"{}","headsign":"{}","duration_avg":120.0,"n_vehicles":582,"d":650,"route_I_counts":"{\"10\": 444, \"12\": 138}","source":172,"target":173,"layer":"L","from":"Ruislip Manor Underground Station","to":"Ruislip Underground Station"},"geometry":{"type":"LineString","coordinates":[[-0.412973,51.573202],[-0.421898,51.571354]]}},{"type":"Feature","properties":{"shape_id":"{\"metropolitan 940GZZLUUXB to 940GZZLUALD\": 151, \"piccadilly 940GZZLUUXB to 940GZZLUCKS\": 61}","direction_id":"{}","headsign":"{}","duration_avg":120.0,"n_vehicles":212,"d":1140,"route_I_counts":"{\"10\": 151, \"12\": 61}","source":172,"target":171,"layer":"L","from":"Ruislip Manor Underground Station","to":"Eastcote Underground Station"},"geometry":{"type":"LineString","coordinates":[[-0.412973,51.573202],[-0.397373,51.576506]]}},{"type":"Feature","properties":{"shape_id":"{\"metropolitan 940GZZLUALD to 940GZZLUAMS\": 111, \"metropolitan 940GZZLUALD to 940GZZLUCSM\": 111, \"metropolitan 940GZZLUALD to 940GZZLUUXB\": 111, \"metropolitan 940GZZLUALD to 940GZZLUWAF\": 111, \"piccadilly 940GZZLUCKS to 940GZZLUHR5\": 46, \"piccadilly 940GZZLUCKS to 940GZZLUHRC\": 46, \"piccadilly 940GZZLUCKS to 940GZZLUUXB\": 46}","direction_id":"{}","headsign":"{}","duration_avg":120.0,"n_vehicles":582,"d":1738,"route_I_counts":"{\"10\": 444, \"12\": 138}","source":173,"target":174,"layer":"L","from":"Ruislip Underground Station","to":"Ickenham Underground Station"},"geometry":{"type":"LineString","coordinates":[[-0.421898,51.571354],[-0.442001,51.561992]]}},{"type":"Feature","properties":{"shape_id":"{\"metropolitan 940GZZLUUXB to 940GZZLUALD\": 152, \"piccadilly 940GZZLUUXB to 940GZZLUCKS\": 61}","direction_id":"{}","headsign":"{}","duration_avg":60.0,"n_vehicles":213,"d":650,"route_I_counts":"{\"10\": 152, \"12\": 61}","source":173,"target":172,"layer":"L","from":"Ruislip Underground Station","to":"Ruislip Manor Underground Station"},"geometry":{"type":"LineString","coordinates":[[-0.421898,51.571354],[-0.412973,51.573202]]}},{"type":"Feature","properties":{"shape_id":"{\"metropolitan 940GZZLUALD to 940GZZLUAMS\": 111, \"metropolitan 940GZZLUALD to 940GZZLUCSM\": 111, \"metropolitan 940GZZLUALD to 940GZZLUUXB\": 111, \"metropolitan 940GZZLUALD to 940GZZLUWAF\": 111, \"piccadilly 940GZZLUCKS to 940GZZLUHR5\": 46, \"piccadilly 940GZZLUCKS to 940GZZLUHRC\": 46, \"piccadilly 940GZZLUCKS to 940GZZLUUXB\": 46}","direction_id":"{}","headsign":"{}","duration_avg":120.0,"n_vehicles":582,"d":1068,"route_I_counts":"{\"10\": 444, \"12\": 138}","source":174,"target":175,"layer":"L","from":"Ickenham Underground Station","to":"Hillingdon Underground Station"},"geometry":{"type":"LineString","coordinates":[[-0.442001,51.561992],[-0.449828,51.553715]]}},{"type":"Feature","properties":{"shape_id":"{\"metropolitan 940GZZLUUXB to 940GZZLUALD\": 152, \"piccadilly 940GZZLUUXB to 940GZZLUCKS\": 61}","direction_id":"{}","headsign":"{}","duration_avg":180.0,"n_vehicles":213,"d":1738,"route_I_counts":"{\"10\": 152, \"12\": 61}","source":174,"target":173,"layer":"L","from":"Ickenham Underground Station","to":"Ruislip Underground Station"},"geometry":{"type":"LineString","coordinates":[[-0.442001,51.561992],[-0.421898,51.571354]]}},{"type":"Feature","properties":{"shape_id":"{\"metropolitan 940GZZLUALD to 940GZZLUAMS\": 111, \"metropolitan 940GZZLUALD to 940GZZLUCSM\": 111, \"metropolitan 940GZZLUALD to 940GZZLUUXB\": 111, \"metropolitan 940GZZLUALD to 940GZZLUWAF\": 111, \"piccadilly 940GZZLUCKS to 940GZZLUHR5\": 46, \"piccadilly 940GZZLUCKS to 940GZZLUHRC\": 46, \"piccadilly 940GZZLUCKS to 940GZZLUUXB\": 46}","direction_id":"{}","headsign":"{}","duration_avg":240.82474226804123,"n_vehicles":582,"d":2103,"route_I_counts":"{\"10\": 444, \"12\": 138}","source":175,"target":176,"layer":"L","from":"Hillingdon Underground Station","to":"Uxbridge Underground Station"},"geometry":{"type":"LineString","coordinates":[[-0.449828,51.553715],[-0.477949,51.546565]]}},{"type":"Feature","properties":{"shape_id":"{\"metropolitan 940GZZLUUXB to 940GZZLUALD\": 152, \"piccadilly 940GZZLUUXB to 940GZZLUCKS\": 61}","direction_id":"{}","headsign":"{}","duration_avg":120.0,"n_vehicles":213,"d":1068,"route_I_counts":"{\"10\": 152, \"12\": 61}","source":175,"target":174,"layer":"L","from":"Hillingdon Underground Station","to":"Ickenham Underground Station"},"geometry":{"type":"LineString","coordinates":[[-0.449828,51.553715],[-0.442001,51.561992]]}},{"type":"Feature","properties":{"shape_id":"{\"metropolitan 940GZZLUUXB to 940GZZLUALD\": 152, \"piccadilly 940GZZLUUXB to 940GZZLUCKS\": 61}","direction_id":"{}","headsign":"{}","duration_avg":120.0,"n_vehicles":213,"d":2103,"route_I_counts":"{\"10\": 152, \"12\": 61}","source":176,"target":175,"layer":"L","from":"Uxbridge Underground Station","to":"Hillingdon Underground Station"},"geometry":{"type":"LineString","coordinates":[[-0.477949,51.546565],[-0.449828,51.553715]]}},{"type":"Feature","properties":{"shape_id":"{\"metropolitan 940GZZLUALD to 940GZZLUAMS\": 27, \"metropolitan 940GZZLUALD to 940GZZLUCSM\": 27, \"metropolitan 940GZZLUALD to 940GZZLUUXB\": 27, \"metropolitan 940GZZLUALD to 940GZZLUWAF\": 27, \"metropolitan 940GZZLUCSM to 940GZZLUALD\": 1, \"metropolitan 940GZZLUCSM to 940GZZLUWAF\": 1}","direction_id":"{}","headsign":"{}","duration_avg":217.0909090909091,"n_vehicles":110,"d":2041,"route_I_counts":"{\"10\": 110}","source":177,"target":178,"layer":"L","from":"Croxley Underground Station","to":"Watford Underground Station"},"geometry":{"type":"LineString","coordinates":[[-0.441718,51.647044],[-0.417377,51.657446]]}},{"type":"Feature","properties":{"shape_id":"{\"metropolitan 940GZZLUWAF to 940GZZLUALD\": 100}","direction_id":"{}","headsign":"{}","duration_avg":300.0,"n_vehicles":100,"d":2018,"route_I_counts":"{\"10\": 100}","source":177,"target":161,"layer":"L","from":"Croxley Underground Station","to":"Moor Park Underground Station"},"geometry":{"type":"LineString","coordinates":[[-0.441718,51.647044],[-0.432454,51.629845]]}},{"type":"Feature","properties":{"shape_id":"{\"metropolitan 940GZZLUWAF to 940GZZLUALD\": 100}","direction_id":"{}","headsign":"{}","duration_avg":120.0,"n_vehicles":100,"d":2041,"route_I_counts":"{\"10\": 100}","source":178,"target":177,"layer":"L","from":"Watford Underground Station","to":"Croxley Underground Station"},"geometry":{"type":"LineString","coordinates":[[-0.417377,51.657446],[-0.441718,51.647044]]}},{"type":"Feature","properties":{"shape_id":"{\"metropolitan 940GZZLUCSM to 940GZZLUALD\": 37, \"metropolitan 940GZZLUCSM to 940GZZLUWAF\": 37}","direction_id":"{}","headsign":"{}","duration_avg":600.0,"n_vehicles":74,"d":5417,"route_I_counts":"{\"10\": 74}","source":179,"target":158,"layer":"L","from":"Chesham Underground Station","to":"Chalfont & Latimer Underground Station"},"geometry":{"type":"LineString","coordinates":[[-0.611247,51.705208],[-0.560689,51.667985]]}},{"type":"Feature","properties":{"shape_id":"{\"northern 940GZZLUHBT to 940GZZLUMDN\": 338}","direction_id":"{}","headsign":"{}","duration_avg":180.0,"n_vehicles":338,"d":2452,"route_I_counts":"{\"11\": 338}","source":180,"target":181,"layer":"L","from":"High Barnet Underground Station","to":"Totteridge & Whetstone Underground Station"},"geometry":{"type":"LineString","coordinates":[[-0.194298,51.650541],[-0.17921,51.630597]]}},{"type":"Feature","properties":{"shape_id":"{\"northern 940GZZLUHBT to 940GZZLUMDN\": 337}","direction_id":"{}","headsign":"{}","duration_avg":120.0,"n_vehicles":337,"d":1465,"route_I_counts":"{\"11\": 337}","source":181,"target":182,"layer":"L","from":"Totteridge & Whetstone Underground Station","to":"Woodside Park Underground Station"},"geometry":{"type":"LineString","coordinates":[[-0.17921,51.630597],[-0.18542,51.618014]]}},{"type":"Feature","properties":{"shape_id":"{\"northern 940GZZLUMDN to 940GZZLUEGW\": 142, \"northern 940GZZLUMDN to 940GZZLUHBT\": 142, \"northern 940GZZLUMDN to 940GZZLUMHL\": 142}","direction_id":"{}","headsign":"{}","duration_avg":180.0,"n_vehicles":426,"d":2452,"route_I_counts":"{\"11\": 426}","source":181,"target":180,"layer":"L","from":"Totteridge & Whetstone Underground Station","to":"High Barnet Underground Station"},"geometry":{"type":"LineString","coordinates":[[-0.17921,51.630597],[-0.194298,51.650541]]}},{"type":"Feature","properties":{"shape_id":"{\"northern 940GZZLUHBT to 940GZZLUMDN\": 337}","direction_id":"{}","headsign":"{}","duration_avg":120.0,"n_vehicles":337,"d":977,"route_I_counts":"{\"11\": 337}","source":182,"target":183,"layer":"L","from":"Woodside Park Underground Station","to":"West Finchley Underground Station"},"geometry":{"type":"LineString","coordinates":[[-0.18542,51.618014],[-0.188362,51.609426]]}},{"type":"Feature","properties":{"shape_id":"{\"northern 940GZZLUMDN to 940GZZLUEGW\": 143, \"northern 940GZZLUMDN to 940GZZLUHBT\": 143, \"northern 940GZZLUMDN to 940GZZLUMHL\": 143}","direction_id":"{}","headsign":"{}","duration_avg":172.86713286713288,"n_vehicles":429,"d":1465,"route_I_counts":"{\"11\": 429}","source":182,"target":181,"layer":"L","from":"Woodside Park Underground Station","to":"Totteridge & Whetstone Underground Station"},"geometry":{"type":"LineString","coordinates":[[-0.18542,51.618014],[-0.17921,51.630597]]}},{"type":"Feature","properties":{"shape_id":"{\"northern 940GZZLUHBT to 940GZZLUMDN\": 336}","direction_id":"{}","headsign":"{}","duration_avg":120.0,"n_vehicles":336,"d":989,"route_I_counts":"{\"11\": 336}","source":183,"target":184,"layer":"L","from":"West Finchley Underground Station","to":"Finchley Central Underground Station"},"geometry":{"type":"LineString","coordinates":[[-0.188362,51.609426],[-0.192527,51.600921]]}},{"type":"Feature","properties":{"shape_id":"{\"northern 940GZZLUMDN to 940GZZLUEGW\": 143, \"northern 940GZZLUMDN to 940GZZLUHBT\": 143, \"northern 940GZZLUMDN to 940GZZLUMHL\": 143}","direction_id":"{}","headsign":"{}","duration_avg":67.13286713286713,"n_vehicles":429,"d":977,"route_I_counts":"{\"11\": 429}","source":183,"target":182,"layer":"L","from":"West Finchley Underground Station","to":"Woodside Park Underground Station"},"geometry":{"type":"LineString","coordinates":[[-0.188362,51.609426],[-0.18542,51.618014]]}},{"type":"Feature","properties":{"shape_id":"{\"northern 940GZZLUHBT to 940GZZLUMDN\": 336, \"northern 940GZZLUMHL to 940GZZLUMDN\": 34}","direction_id":"{}","headsign":"{}","duration_avg":178.86486486486487,"n_vehicles":370,"d":2444,"route_I_counts":"{\"11\": 370}","source":184,"target":185,"layer":"L","from":"Finchley Central Underground Station","to":"East Finchley Underground Station"},"geometry":{"type":"LineString","coordinates":[[-0.192527,51.600921],[-0.165012,51.587131]]}},{"type":"Feature","properties":{"shape_id":"{\"northern 940GZZLUMDN to 940GZZLUEGW\": 143, \"northern 940GZZLUMDN to 940GZZLUHBT\": 143, \"northern 940GZZLUMDN to 940GZZLUMHL\": 143}","direction_id":"{}","headsign":"{}","duration_avg":172.86713286713288,"n_vehicles":429,"d":989,"route_I_counts":"{\"11\": 429}","source":184,"target":183,"layer":"L","from":"Finchley Central Underground Station","to":"West Finchley Underground Station"},"geometry":{"type":"LineString","coordinates":[[-0.192527,51.600921],[-0.188362,51.609426]]}},{"type":"Feature","properties":{"shape_id":"{\"northern 940GZZLUMDN to 940GZZLUEGW\": 15, \"northern 940GZZLUMDN to 940GZZLUHBT\": 15, \"northern 940GZZLUMDN to 940GZZLUMHL\": 15}","direction_id":"{}","headsign":"{}","duration_avg":120.0,"n_vehicles":45,"d":1455,"route_I_counts":"{\"11\": 45}","source":184,"target":220,"layer":"L","from":"Finchley Central Underground Station","to":"Mill Hill East Underground Station"},"geometry":{"type":"LineString","coordinates":[[-0.192527,51.600921],[-0.209986,51.608229]]}},{"type":"Feature","properties":{"shape_id":"{\"northern 940GZZLUHBT to 940GZZLUMDN\": 331, \"northern 940GZZLUMHL to 940GZZLUMDN\": 31}","direction_id":"{}","headsign":"{}","duration_avg":175.52486187845304,"n_vehicles":362,"d":1702,"route_I_counts":"{\"11\": 362}","source":185,"target":186,"layer":"L","from":"East Finchley Underground Station","to":"Highgate Underground Station"},"geometry":{"type":"LineString","coordinates":[[-0.165012,51.587131],[-0.145857,51.577532]]}},{"type":"Feature","properties":{"shape_id":"{\"northern 940GZZLUMDN to 940GZZLUEGW\": 161, \"northern 940GZZLUMDN to 940GZZLUHBT\": 161, \"northern 940GZZLUMDN to 940GZZLUMHL\": 161}","direction_id":"{}","headsign":"{}","duration_avg":241.86335403726707,"n_vehicles":483,"d":2444,"route_I_counts":"{\"11\": 483}","source":185,"target":184,"layer":"L","from":"East Finchley Underground Station","to":"Finchley Central Underground Station"},"geometry":{"type":"LineString","coordinates":[[-0.165012,51.587131],[-0.192527,51.600921]]}},{"type":"Feature","properties":{"shape_id":"{\"northern 940GZZLUHBT to 940GZZLUMDN\": 331, \"northern 940GZZLUMHL to 940GZZLUMDN\": 31}","direction_id":"{}","headsign":"{}","duration_avg":180.0,"n_vehicles":362,"d":1543,"route_I_counts":"{\"11\": 362}","source":186,"target":187,"layer":"L","from":"Highgate Underground Station","to":"Archway Underground Station"},"geometry":{"type":"LineString","coordinates":[[-0.145857,51.577532],[-0.134819,51.565478]]}},{"type":"Feature","properties":{"shape_id":"{\"northern 940GZZLUMDN to 940GZZLUEGW\": 161, \"northern 940GZZLUMDN to 940GZZLUHBT\": 161, \"northern 940GZZLUMDN to 940GZZLUMHL\": 161}","direction_id":"{}","headsign":"{}","duration_avg":127.0807453416149,"n_vehicles":483,"d":1702,"route_I_counts":"{\"11\": 483}","source":186,"target":185,"layer":"L","from":"Highgate Underground Station","to":"East Finchley Underground Station"},"geometry":{"type":"LineString","coordinates":[[-0.145857,51.577532],[-0.165012,51.587131]]}},{"type":"Feature","properties":{"shape_id":"{\"northern 940GZZLUHBT to 940GZZLUMDN\": 331, \"northern 940GZZLUMHL to 940GZZLUMDN\": 31}","direction_id":"{}","headsign":"{}","duration_avg":64.47513812154696,"n_vehicles":362,"d":995,"route_I_counts":"{\"11\": 362}","source":187,"target":188,"layer":"L","from":"Archway Underground Station","to":"Tufnell Park Underground Station"},"geometry":{"type":"LineString","coordinates":[[-0.134819,51.565478],[-0.138433,51.556822]]}},{"type":"Feature","properties":{"shape_id":"{\"northern 940GZZLUMDN to 940GZZLUEGW\": 162, \"northern 940GZZLUMDN to 940GZZLUHBT\": 162, \"northern 940GZZLUMDN to 940GZZLUMHL\": 162}","direction_id":"{}","headsign":"{}","duration_avg":179.25925925925927,"n_vehicles":486,"d":1543,"route_I_counts":"{\"11\": 486}","source":187,"target":186,"layer":"L","from":"Archway Underground Station","to":"Highgate Underground Station"},"geometry":{"type":"LineString","coordinates":[[-0.134819,51.565478],[-0.145857,51.577532]]}},{"type":"Feature","properties":{"shape_id":"{\"northern 940GZZLUHBT to 940GZZLUMDN\": 330, \"northern 940GZZLUMHL to 940GZZLUMDN\": 31}","direction_id":"{}","headsign":"{}","duration_avg":115.51246537396122,"n_vehicles":361,"d":741,"route_I_counts":"{\"11\": 361}","source":188,"target":189,"layer":"L","from":"Tufnell Park Underground Station","to":"Kentish Town Underground Station"},"geometry":{"type":"LineString","coordinates":[[-0.138433,51.556822],[-0.140733,51.550312]]}},{"type":"Feature","properties":{"shape_id":"{\"northern 940GZZLUMDN to 940GZZLUEGW\": 162, \"northern 940GZZLUMDN to 940GZZLUHBT\": 162, \"northern 940GZZLUMDN to 940GZZLUMHL\": 162}","direction_id":"{}","headsign":"{}","duration_avg":120.0,"n_vehicles":486,"d":995,"route_I_counts":"{\"11\": 486}","source":188,"target":187,"layer":"L","from":"Tufnell Park Underground Station","to":"Archway Underground Station"},"geometry":{"type":"LineString","coordinates":[[-0.138433,51.556822],[-0.134819,51.565478]]}},{"type":"Feature","properties":{"shape_id":"{\"northern 940GZZLUHBT to 940GZZLUMDN\": 329, \"northern 940GZZLUMHL to 940GZZLUMDN\": 31}","direction_id":"{}","headsign":"{}","duration_avg":184.0,"n_vehicles":360,"d":1234,"route_I_counts":"{\"11\": 360}","source":189,"target":190,"layer":"L","from":"Kentish Town Underground Station","to":"Camden Town Underground Station"},"geometry":{"type":"LineString","coordinates":[[-0.140733,51.550312],[-0.14274,51.539292]]}},{"type":"Feature","properties":{"shape_id":"{\"northern 940GZZLUMDN to 940GZZLUEGW\": 162, \"northern 940GZZLUMDN to 940GZZLUHBT\": 162, \"northern 940GZZLUMDN to 940GZZLUMHL\": 162}","direction_id":"{}","headsign":"{}","duration_avg":111.11111111111111,"n_vehicles":486,"d":741,"route_I_counts":"{\"11\": 486}","source":189,"target":188,"layer":"L","from":"Kentish Town Underground Station","to":"Tufnell Park Underground Station"},"geometry":{"type":"LineString","coordinates":[[-0.140733,51.550312],[-0.138433,51.556822]]}},{"type":"Feature","properties":{"shape_id":"{\"northern 940GZZLUEGW to 940GZZLUMDN\": 172, \"northern 940GZZLUHBT to 940GZZLUMDN\": 176, \"northern 940GZZLUMHL to 940GZZLUMDN\": 6}","direction_id":"{}","headsign":"{}","duration_avg":180.0,"n_vehicles":354,"d":1417,"route_I_counts":"{\"11\": 354}","source":190,"target":192,"layer":"L","from":"Camden Town Underground Station","to":"Euston Underground Station"},"geometry":{"type":"LineString","coordinates":[[-0.14274,51.539292],[-0.1323,51.528344]]}},{"type":"Feature","properties":{"shape_id":"{\"northern 940GZZLUEGW to 940GZZLUMDN\": 178, \"northern 940GZZLUHBT to 940GZZLUMDN\": 153, \"northern 940GZZLUMHL to 940GZZLUMDN\": 25}","direction_id":"{}","headsign":"{}","duration_avg":85.11235955056179,"n_vehicles":356,"d":581,"route_I_counts":"{\"11\": 356}","source":190,"target":191,"layer":"L","from":"Camden Town Underground Station","to":"Mornington Crescent Underground Station"},"geometry":{"type":"LineString","coordinates":[[-0.14274,51.539292],[-0.138789,51.534679]]}},{"type":"Feature","properties":{"shape_id":"{\"northern 940GZZLUMDN to 940GZZLUEGW\": 163, \"northern 940GZZLUMDN to 940GZZLUHBT\": 163, \"northern 940GZZLUMDN to 940GZZLUMHL\": 163}","direction_id":"{}","headsign":"{}","duration_avg":69.57055214723927,"n_vehicles":489,"d":1234,"route_I_counts":"{\"11\": 489}","source":190,"target":189,"layer":"L","from":"Camden Town Underground Station","to":"Kentish Town Underground Station"},"geometry":{"type":"LineString","coordinates":[[-0.14274,51.539292],[-0.140733,51.550312]]}},{"type":"Feature","properties":{"shape_id":"{\"northern 940GZZLUMDN to 940GZZLUEGW\": 238, \"northern 940GZZLUMDN to 940GZZLUHBT\": 238, \"northern 940GZZLUMDN to 940GZZLUMHL\": 238}","direction_id":"{}","headsign":"{}","duration_avg":120.0,"n_vehicles":714,"d":912,"route_I_counts":"{\"11\": 714}","source":190,"target":211,"layer":"L","from":"Camden Town Underground Station","to":"Chalk Farm Underground Station"},"geometry":{"type":"LineString","coordinates":[[-0.14274,51.539292],[-0.153388,51.544118]]}},{"type":"Feature","properties":{"shape_id":"{\"northern 940GZZLUEGW to 940GZZLUMDN\": 178, \"northern 940GZZLUHBT to 940GZZLUMDN\": 153, \"northern 940GZZLUMHL to 940GZZLUMDN\": 25}","direction_id":"{}","headsign":"{}","duration_avg":120.0,"n_vehicles":356,"d":836,"route_I_counts":"{\"11\": 356}","source":191,"target":192,"layer":"L","from":"Mornington Crescent Underground Station","to":"Euston Underground Station"},"geometry":{"type":"LineString","coordinates":[[-0.138789,51.534679],[-0.1323,51.528344]]}},{"type":"Feature","properties":{"shape_id":"{\"northern 940GZZLUMDN to 940GZZLUEGW\": 38, \"northern 940GZZLUMDN to 940GZZLUHBT\": 38, \"northern 940GZZLUMDN to 940GZZLUMHL\": 38}","direction_id":"{}","headsign":"{}","duration_avg":142.10526315789474,"n_vehicles":114,"d":581,"route_I_counts":"{\"11\": 114}","source":191,"target":190,"layer":"L","from":"Mornington Crescent Underground Station","to":"Camden Town Underground Station"},"geometry":{"type":"LineString","coordinates":[[-0.138789,51.534679],[-0.14274,51.539292]]}},{"type":"Feature","properties":{"shape_id":"{\"northern 940GZZLUEGW to 940GZZLUMDN\": 172, \"northern 940GZZLUHBT to 940GZZLUMDN\": 175, \"northern 940GZZLUMHL to 940GZZLUMDN\": 6, \"victoria 940GZZLUBXN to 940GZZLUWWL\": 528, \"circle 940GZZLUHSC to 940GZZLUERC\": 109, \"hammersmith-city 940GZZLUHSC to 940GZZLUBKG\": 110, \"metropolitan 940GZZLUAMS to 940GZZLUALD\": 36, \"metropolitan 940GZZLUCSM to 940GZZLUALD\": 27, \"metropolitan 940GZZLUCSM to 940GZZLUWAF\": 27, \"metropolitan 940GZZLUUXB to 940GZZLUALD\": 107, \"metropolitan 940GZZLUWAF to 940GZZLUALD\": 27}","direction_id":"{}","headsign":"{}","duration_avg":139.1647855530474,"n_vehicles":1324,"d":681,"route_I_counts":"{\"11\": 353, \"21\": 528, \"3\": 109, \"7\": 110, \"10\": 224}","source":192,"target":94,"layer":"L","from":"Euston Underground Station","to":"King's Cross St. Pancras Underground Station"},"geometry":{"type":"LineString","coordinates":[[-0.1323,51.528344],[-0.123194,51.530663]]}},{"type":"Feature","properties":{"shape_id":"{\"northern 940GZZLUEGW to 940GZZLUMDN\": 178, \"northern 940GZZLUHBT to 940GZZLUMDN\": 153, \"northern 940GZZLUMHL to 940GZZLUMDN\": 25, \"victoria 940GZZLUWWL to 940GZZLUBXN\": 489}","direction_id":"{}","headsign":"{}","duration_avg":105.44378698224853,"n_vehicles":845,"d":562,"route_I_counts":"{\"11\": 356, \"21\": 489}","source":192,"target":193,"layer":"L","from":"Euston Underground Station","to":"Warren Street Underground Station"},"geometry":{"type":"LineString","coordinates":[[-0.1323,51.528344],[-0.138321,51.524951]]}},{"type":"Feature","properties":{"shape_id":"{\"northern 940GZZLUMDN to 940GZZLUEGW\": 38, \"northern 940GZZLUMDN to 940GZZLUHBT\": 38, \"northern 940GZZLUMDN to 940GZZLUMHL\": 38}","direction_id":"{}","headsign":"{}","duration_avg":120.0,"n_vehicles":114,"d":836,"route_I_counts":"{\"11\": 114}","source":192,"target":191,"layer":"L","from":"Euston Underground Station","to":"Mornington Crescent Underground Station"},"geometry":{"type":"LineString","coordinates":[[-0.1323,51.528344],[-0.138789,51.534679]]}},{"type":"Feature","properties":{"shape_id":"{\"northern 940GZZLUMDN to 940GZZLUEGW\": 363, \"northern 940GZZLUMDN to 940GZZLUHBT\": 363, \"northern 940GZZLUMDN to 940GZZLUMHL\": 363}","direction_id":"{}","headsign":"{}","duration_avg":239.6694214876033,"n_vehicles":1089,"d":1417,"route_I_counts":"{\"11\": 1089}","source":192,"target":190,"layer":"L","from":"Euston Underground Station","to":"Camden Town Underground Station"},"geometry":{"type":"LineString","coordinates":[[-0.1323,51.528344],[-0.14274,51.539292]]}},{"type":"Feature","properties":{"duration_avg":75.60767590618337,"n_vehicles":938,"d":616,"route_I_counts":"{\"7\": 114, \"10\": 824}","shape_id":"{\"hammersmith-city 940GZZLUBKG to 940GZZLUHSC\": 114, \"metropolitan 940GZZLUALD to 940GZZLUAMS\": 206, \"metropolitan 940GZZLUALD to 940GZZLUCSM\": 206, \"metropolitan 940GZZLUALD to 940GZZLUUXB\": 206, \"metropolitan 940GZZLUALD to 940GZZLUWAF\": 206}","direction_id":"{}","headsign":"{}","source":192,"target":93,"layer":"L","from":"Euston Underground Station","to":"Great Portland Street Underground Station"},"geometry":{"type":"LineString","coordinates":[[-0.1323,51.528344],[-0.144262,51.52384]]}},{"type":"Feature","properties":{"shape_id":"{\"northern 940GZZLUEGW to 940GZZLUMDN\": 177, \"northern 940GZZLUHBT to 940GZZLUMDN\": 153, \"northern 940GZZLUMHL to 940GZZLUMDN\": 25}","direction_id":"{}","headsign":"{}","duration_avg":93.97183098591549,"n_vehicles":355,"d":556,"route_I_counts":"{\"11\": 355}","source":193,"target":194,"layer":"L","from":"Warren Street Underground Station","to":"Goodge Street Underground Station"},"geometry":{"type":"LineString","coordinates":[[-0.138321,51.524951],[-0.134361,51.520599]]}},{"type":"Feature","properties":{"shape_id":"{\"northern 940GZZLUMDN to 940GZZLUEGW\": 38, \"northern 940GZZLUMDN to 940GZZLUHBT\": 38, \"northern 940GZZLUMDN to 940GZZLUMHL\": 38, \"victoria 940GZZLUBXN to 940GZZLUWWL\": 528}","direction_id":"{}","headsign":"{}","duration_avg":66.72897196261682,"n_vehicles":642,"d":562,"route_I_counts":"{\"11\": 114, \"21\": 528}","source":193,"target":192,"layer":"L","from":"Warren Street Underground Station","to":"Euston Underground Station"},"geometry":{"type":"LineString","coordinates":[[-0.138321,51.524951],[-0.1323,51.528344]]}},{"type":"Feature","properties":{"shape_id":"{\"victoria 940GZZLUWWL to 940GZZLUBXN\": 488}","direction_id":"{}","headsign":"{}","duration_avg":60.0,"n_vehicles":488,"d":1110,"route_I_counts":"{\"21\": 488}","source":193,"target":17,"layer":"L","from":"Warren Street Underground Station","to":"Oxford Circus Underground Station"},"geometry":{"type":"LineString","coordinates":[[-0.138321,51.524951],[-0.141903,51.515224]]}},{"type":"Feature","properties":{"shape_id":"{\"northern 940GZZLUEGW to 940GZZLUMDN\": 177, \"northern 940GZZLUHBT to 940GZZLUMDN\": 153, \"northern 940GZZLUMHL to 940GZZLUMDN\": 25}","direction_id":"{}","headsign":"{}","duration_avg":60.50704225352113,"n_vehicles":355,"d":539,"route_I_counts":"{\"11\": 355}","source":194,"target":41,"layer":"L","from":"Goodge Street Underground Station","to":"Tottenham Court Road Underground Station"},"geometry":{"type":"LineString","coordinates":[[-0.134361,51.520599],[-0.13041,51.516426]]}},{"type":"Feature","properties":{"shape_id":"{\"northern 940GZZLUMDN to 940GZZLUEGW\": 38, \"northern 940GZZLUMDN to 940GZZLUHBT\": 38, \"northern 940GZZLUMDN to 940GZZLUMHL\": 38}","direction_id":"{}","headsign":"{}","duration_avg":60.0,"n_vehicles":114,"d":556,"route_I_counts":"{\"11\": 114}","source":194,"target":193,"layer":"L","from":"Goodge Street Underground Station","to":"Warren Street Underground Station"},"geometry":{"type":"LineString","coordinates":[[-0.134361,51.520599],[-0.138321,51.524951]]}},{"type":"Feature","properties":{"shape_id":"{\"northern 940GZZLUEGW to 940GZZLUMDN\": 177, \"northern 940GZZLUHBT to 940GZZLUMDN\": 152, \"northern 940GZZLUMHL to 940GZZLUMDN\": 25}","direction_id":"{}","headsign":"{}","duration_avg":94.0677966101695,"n_vehicles":354,"d":449,"route_I_counts":"{\"11\": 354}","source":195,"target":19,"layer":"L","from":"Leicester Square Underground Station","to":"Charing Cross Underground Station"},"geometry":{"type":"LineString","coordinates":[[-0.128426,51.511386],[-0.127277,51.50741]]}},{"type":"Feature","properties":{"shape_id":"{\"northern 940GZZLUMDN to 940GZZLUEGW\": 38, \"northern 940GZZLUMDN to 940GZZLUHBT\": 38, \"northern 940GZZLUMDN to 940GZZLUMHL\": 38}","direction_id":"{}","headsign":"{}","duration_avg":60.0,"n_vehicles":114,"d":577,"route_I_counts":"{\"11\": 114}","source":195,"target":41,"layer":"L","from":"Leicester Square Underground Station","to":"Tottenham Court Road Underground Station"},"geometry":{"type":"LineString","coordinates":[[-0.128426,51.511386],[-0.13041,51.516426]]}},{"type":"Feature","properties":{"shape_id":"{\"piccadilly 940GZZLUCKS to 940GZZLUHR5\": 267, \"piccadilly 940GZZLUCKS to 940GZZLUHRC\": 267, \"piccadilly 940GZZLUCKS to 940GZZLUUXB\": 267}","direction_id":"{}","headsign":"{}","duration_avg":112.58426966292134,"n_vehicles":801,"d":400,"route_I_counts":"{\"12\": 801}","source":195,"target":18,"layer":"L","from":"Leicester Square Underground Station","to":"Piccadilly Circus Underground Station"},"geometry":{"type":"LineString","coordinates":[[-0.128426,51.511386],[-0.133798,51.51005]]}},{"type":"Feature","properties":{"shape_id":"{\"piccadilly 940GZZLUHR4 to 940GZZLUCKS\": 104, \"piccadilly 940GZZLUHR5 to 940GZZLUCKS\": 104, \"piccadilly 940GZZLUUXB to 940GZZLUCKS\": 57}","direction_id":"{}","headsign":"{}","duration_avg":60.0,"n_vehicles":265,"d":335,"route_I_counts":"{\"12\": 265}","source":195,"target":234,"layer":"L","from":"Leicester Square Underground Station","to":"Covent Garden Underground Station"},"geometry":{"type":"LineString","coordinates":[[-0.128426,51.511386],[-0.124436,51.513093]]}},{"type":"Feature","properties":{"shape_id":"{\"northern 940GZZLUEGW to 940GZZLUMDN\": 201, \"northern 940GZZLUHBT to 940GZZLUMDN\": 176, \"northern 940GZZLUMHL to 940GZZLUMDN\": 7}","direction_id":"{}","headsign":"{}","duration_avg":66.25,"n_vehicles":384,"d":850,"route_I_counts":"{\"11\": 384}","source":196,"target":197,"layer":"L","from":"Kennington Underground Station","to":"Oval Underground Station"},"geometry":{"type":"LineString","coordinates":[[-0.105963,51.488337],[-0.112439,51.48185]]}},{"type":"Feature","properties":{"shape_id":"{\"northern 940GZZLUMDN to 940GZZLUEGW\": 38, \"northern 940GZZLUMDN to 940GZZLUHBT\": 38, \"northern 940GZZLUMDN to 940GZZLUMHL\": 38}","direction_id":"{}","headsign":"{}","duration_avg":180.0,"n_vehicles":114,"d":1774,"route_I_counts":"{\"11\": 114}","source":196,"target":21,"layer":"L","from":"Kennington Underground Station","to":"Waterloo Underground Station"},"geometry":{"type":"LineString","coordinates":[[-0.105963,51.488337],[-0.11478,51.503299]]}},{"type":"Feature","properties":{"shape_id":"{\"northern 940GZZLUMDN to 940GZZLUEGW\": 368, \"northern 940GZZLUMDN to 940GZZLUHBT\": 368, \"northern 940GZZLUMDN to 940GZZLUMHL\": 368}","direction_id":"{}","headsign":"{}","duration_avg":120.0,"n_vehicles":1104,"d":783,"route_I_counts":"{\"11\": 1104}","source":196,"target":23,"layer":"L","from":"Kennington Underground Station","to":"Elephant & Castle Underground Station"},"geometry":{"type":"LineString","coordinates":[[-0.105963,51.488337],[-0.100606,51.494536]]}},{"type":"Feature","properties":{"shape_id":"{\"northern 940GZZLUEGW to 940GZZLUMDN\": 199, \"northern 940GZZLUHBT to 940GZZLUMDN\": 176, \"northern 940GZZLUMHL to 940GZZLUMDN\": 7}","direction_id":"{}","headsign":"{}","duration_avg":178.58638743455498,"n_vehicles":382,"d":1287,"route_I_counts":"{\"11\": 382}","source":197,"target":198,"layer":"L","from":"Oval Underground Station","to":"Stockwell Underground Station"},"geometry":{"type":"LineString","coordinates":[[-0.112439,51.48185],[-0.122644,51.472184]]}},{"type":"Feature","properties":{"shape_id":"{\"northern 940GZZLUMDN to 940GZZLUEGW\": 406, \"northern 940GZZLUMDN to 940GZZLUHBT\": 406, \"northern 940GZZLUMDN to 940GZZLUMHL\": 406}","direction_id":"{}","headsign":"{}","duration_avg":176.30541871921181,"n_vehicles":1218,"d":850,"route_I_counts":"{\"11\": 1218}","source":197,"target":196,"layer":"L","from":"Oval Underground Station","to":"Kennington Underground Station"},"geometry":{"type":"LineString","coordinates":[[-0.112439,51.48185],[-0.105963,51.488337]]}},{"type":"Feature","properties":{"shape_id":"{\"northern 940GZZLUEGW to 940GZZLUMDN\": 199, \"northern 940GZZLUHBT to 940GZZLUMDN\": 176, \"northern 940GZZLUMHL to 940GZZLUMDN\": 7}","direction_id":"{}","headsign":"{}","duration_avg":61.57068062827225,"n_vehicles":382,"d":936,"route_I_counts":"{\"11\": 382}","source":198,"target":199,"layer":"L","from":"Stockwell Underground Station","to":"Clapham North Underground Station"},"geometry":{"type":"LineString","coordinates":[[-0.122644,51.472184],[-0.130016,51.465135]]}},{"type":"Feature","properties":{"shape_id":"{\"northern 940GZZLUMDN to 940GZZLUEGW\": 407, \"northern 940GZZLUMDN to 940GZZLUHBT\": 407, \"northern 940GZZLUMDN to 940GZZLUMHL\": 407}","direction_id":"{}","headsign":"{}","duration_avg":121.17936117936118,"n_vehicles":1221,"d":1287,"route_I_counts":"{\"11\": 1221}","source":198,"target":197,"layer":"L","from":"Stockwell Underground Station","to":"Oval Underground Station"},"geometry":{"type":"LineString","coordinates":[[-0.122644,51.472184],[-0.112439,51.48185]]}},{"type":"Feature","properties":{"shape_id":"{\"victoria 940GZZLUWWL to 940GZZLUBXN\": 486}","direction_id":"{}","headsign":"{}","duration_avg":120.0,"n_vehicles":486,"d":1193,"route_I_counts":"{\"21\": 486}","source":198,"target":260,"layer":"L","from":"Stockwell Underground Station","to":"Brixton Underground Station"},"geometry":{"type":"LineString","coordinates":[[-0.122644,51.472184],[-0.114888,51.462618]]}},{"type":"Feature","properties":{"shape_id":"{\"victoria 940GZZLUBXN to 940GZZLUWWL\": 531}","direction_id":"{}","headsign":"{}","duration_avg":120.0,"n_vehicles":531,"d":1513,"route_I_counts":"{\"21\": 531}","source":198,"target":259,"layer":"L","from":"Stockwell Underground Station","to":"Vauxhall Underground Station"},"geometry":{"type":"LineString","coordinates":[[-0.122644,51.472184],[-0.124204,51.485743]]}},{"type":"Feature","properties":{"shape_id":"{\"northern 940GZZLUEGW to 940GZZLUMDN\": 199, \"northern 940GZZLUHBT to 940GZZLUMDN\": 175, \"northern 940GZZLUMHL to 940GZZLUMDN\": 7}","direction_id":"{}","headsign":"{}","duration_avg":118.4251968503937,"n_vehicles":381,"d":688,"route_I_counts":"{\"11\": 381}","source":199,"target":200,"layer":"L","from":"Clapham North Underground Station","to":"Clapham Common Underground Station"},"geometry":{"type":"LineString","coordinates":[[-0.130016,51.465135],[-0.138317,51.461742]]}},{"type":"Feature","properties":{"shape_id":"{\"northern 940GZZLUMDN to 940GZZLUEGW\": 407, \"northern 940GZZLUMDN to 940GZZLUHBT\": 407, \"northern 940GZZLUMDN to 940GZZLUMHL\": 407}","direction_id":"{}","headsign":"{}","duration_avg":66.04422604422605,"n_vehicles":1221,"d":936,"route_I_counts":"{\"11\": 1221}","source":199,"target":198,"layer":"L","from":"Clapham North Underground Station","to":"Stockwell Underground Station"},"geometry":{"type":"LineString","coordinates":[[-0.130016,51.465135],[-0.122644,51.472184]]}},{"type":"Feature","properties":{"shape_id":"{\"northern 940GZZLUEGW to 940GZZLUMDN\": 199, \"northern 940GZZLUHBT to 940GZZLUMDN\": 175, \"northern 940GZZLUMHL to 940GZZLUMDN\": 7}","direction_id":"{}","headsign":"{}","duration_avg":121.10236220472441,"n_vehicles":381,"d":1198,"route_I_counts":"{\"11\": 381}","source":200,"target":201,"layer":"L","from":"Clapham Common Underground Station","to":"Clapham South Underground Station"},"geometry":{"type":"LineString","coordinates":[[-0.138317,51.461742],[-0.147582,51.452654]]}},{"type":"Feature","properties":{"shape_id":"{\"northern 940GZZLUMDN to 940GZZLUEGW\": 408, \"northern 940GZZLUMDN to 940GZZLUHBT\": 408, \"northern 940GZZLUMDN to 940GZZLUMHL\": 408}","direction_id":"{}","headsign":"{}","duration_avg":117.20588235294117,"n_vehicles":1224,"d":688,"route_I_counts":"{\"11\": 1224}","source":200,"target":199,"layer":"L","from":"Clapham Common Underground Station","to":"Clapham North Underground Station"},"geometry":{"type":"LineString","coordinates":[[-0.138317,51.461742],[-0.130016,51.465135]]}},{"type":"Feature","properties":{"shape_id":"{\"northern 940GZZLUEGW to 940GZZLUMDN\": 198, \"northern 940GZZLUHBT to 940GZZLUMDN\": 175, \"northern 940GZZLUMHL to 940GZZLUMDN\": 7}","direction_id":"{}","headsign":"{}","duration_avg":120.0,"n_vehicles":380,"d":1108,"route_I_counts":"{\"11\": 380}","source":201,"target":202,"layer":"L","from":"Clapham South Underground Station","to":"Balham Underground Station"},"geometry":{"type":"LineString","coordinates":[[-0.147582,51.452654],[-0.152997,51.443288]]}},{"type":"Feature","properties":{"shape_id":"{\"northern 940GZZLUMDN to 940GZZLUEGW\": 408, \"northern 940GZZLUMDN to 940GZZLUHBT\": 408, \"northern 940GZZLUMDN to 940GZZLUMHL\": 408}","direction_id":"{}","headsign":"{}","duration_avg":120.29411764705883,"n_vehicles":1224,"d":1198,"route_I_counts":"{\"11\": 1224}","source":201,"target":200,"layer":"L","from":"Clapham South Underground Station","to":"Clapham Common Underground Station"},"geometry":{"type":"LineString","coordinates":[[-0.147582,51.452654],[-0.138317,51.461742]]}},{"type":"Feature","properties":{"shape_id":"{\"northern 940GZZLUEGW to 940GZZLUMDN\": 198, \"northern 940GZZLUHBT to 940GZZLUMDN\": 175, \"northern 940GZZLUMHL to 940GZZLUMDN\": 7}","direction_id":"{}","headsign":"{}","duration_avg":118.89473684210526,"n_vehicles":380,"d":967,"route_I_counts":"{\"11\": 380}","source":202,"target":203,"layer":"L","from":"Balham Underground Station","to":"Tooting Bec Underground Station"},"geometry":{"type":"LineString","coordinates":[[-0.152997,51.443288],[-0.159736,51.435678]]}},{"type":"Feature","properties":{"shape_id":"{\"northern 940GZZLUMDN to 940GZZLUEGW\": 408, \"northern 940GZZLUMDN to 940GZZLUHBT\": 408, \"northern 940GZZLUMDN to 940GZZLUMHL\": 408}","direction_id":"{}","headsign":"{}","duration_avg":120.0,"n_vehicles":1224,"d":1108,"route_I_counts":"{\"11\": 1224}","source":202,"target":201,"layer":"L","from":"Balham Underground Station","to":"Clapham South Underground Station"},"geometry":{"type":"LineString","coordinates":[[-0.152997,51.443288],[-0.147582,51.452654]]}},{"type":"Feature","properties":{"shape_id":"{\"northern 940GZZLUEGW to 940GZZLUMDN\": 198, \"northern 940GZZLUHBT to 940GZZLUMDN\": 174, \"northern 940GZZLUMHL to 940GZZLUMDN\": 7}","direction_id":"{}","headsign":"{}","duration_avg":120.15831134564644,"n_vehicles":379,"d":1077,"route_I_counts":"{\"11\": 379}","source":203,"target":204,"layer":"L","from":"Tooting Bec Underground Station","to":"Tooting Broadway Underground Station"},"geometry":{"type":"LineString","coordinates":[[-0.159736,51.435678],[-0.168374,51.42763]]}},{"type":"Feature","properties":{"shape_id":"{\"northern 940GZZLUMDN to 940GZZLUEGW\": 409, \"northern 940GZZLUMDN to 940GZZLUHBT\": 409, \"northern 940GZZLUMDN to 940GZZLUMHL\": 409}","direction_id":"{}","headsign":"{}","duration_avg":119.70660146699267,"n_vehicles":1227,"d":967,"route_I_counts":"{\"11\": 1227}","source":203,"target":202,"layer":"L","from":"Tooting Bec Underground Station","to":"Balham Underground Station"},"geometry":{"type":"LineString","coordinates":[[-0.159736,51.435678],[-0.152997,51.443288]]}},{"type":"Feature","properties":{"shape_id":"{\"northern 940GZZLUEGW to 940GZZLUMDN\": 197, \"northern 940GZZLUHBT to 940GZZLUMDN\": 174, \"northern 940GZZLUMHL to 940GZZLUMDN\": 7}","direction_id":"{}","headsign":"{}","duration_avg":121.42857142857143,"n_vehicles":378,"d":1251,"route_I_counts":"{\"11\": 378}","source":204,"target":205,"layer":"L","from":"Tooting Broadway Underground Station","to":"Colliers Wood Underground Station"},"geometry":{"type":"LineString","coordinates":[[-0.168374,51.42763],[-0.178086,51.41816]]}},{"type":"Feature","properties":{"shape_id":"{\"northern 940GZZLUMDN to 940GZZLUEGW\": 409, \"northern 940GZZLUMDN to 940GZZLUHBT\": 409, \"northern 940GZZLUMDN to 940GZZLUMHL\": 409}","direction_id":"{}","headsign":"{}","duration_avg":120.0,"n_vehicles":1227,"d":1077,"route_I_counts":"{\"11\": 1227}","source":204,"target":203,"layer":"L","from":"Tooting Broadway Underground Station","to":"Tooting Bec Underground Station"},"geometry":{"type":"LineString","coordinates":[[-0.168374,51.42763],[-0.159736,51.435678]]}},{"type":"Feature","properties":{"shape_id":"{\"northern 940GZZLUEGW to 940GZZLUMDN\": 197, \"northern 940GZZLUHBT to 940GZZLUMDN\": 174, \"northern 940GZZLUMHL to 940GZZLUMDN\": 7}","direction_id":"{}","headsign":"{}","duration_avg":120.0,"n_vehicles":378,"d":1017,"route_I_counts":"{\"11\": 378}","source":205,"target":206,"layer":"L","from":"Colliers Wood Underground Station","to":"South Wimbledon Underground Station"},"geometry":{"type":"LineString","coordinates":[[-0.178086,51.41816],[-0.192005,51.415309]]}},{"type":"Feature","properties":{"shape_id":"{\"northern 940GZZLUMDN to 940GZZLUEGW\": 410, \"northern 940GZZLUMDN to 940GZZLUHBT\": 410, \"northern 940GZZLUMDN to 940GZZLUMHL\": 410}","direction_id":"{}","headsign":"{}","duration_avg":120.0,"n_vehicles":1230,"d":1251,"route_I_counts":"{\"11\": 1230}","source":205,"target":204,"layer":"L","from":"Colliers Wood Underground Station","to":"Tooting Broadway Underground Station"},"geometry":{"type":"LineString","coordinates":[[-0.178086,51.41816],[-0.168374,51.42763]]}},{"type":"Feature","properties":{"shape_id":"{\"northern 940GZZLUEGW to 940GZZLUMDN\": 197, \"northern 940GZZLUHBT to 940GZZLUMDN\": 173, \"northern 940GZZLUMHL to 940GZZLUMDN\": 7}","direction_id":"{}","headsign":"{}","duration_avg":120.0,"n_vehicles":377,"d":1478,"route_I_counts":"{\"11\": 377}","source":206,"target":207,"layer":"L","from":"South Wimbledon Underground Station","to":"Morden Underground Station"},"geometry":{"type":"LineString","coordinates":[[-0.192005,51.415309],[-0.194839,51.402142]]}},{"type":"Feature","properties":{"shape_id":"{\"northern 940GZZLUMDN to 940GZZLUEGW\": 410, \"northern 940GZZLUMDN to 940GZZLUHBT\": 410, \"northern 940GZZLUMDN to 940GZZLUMHL\": 410}","direction_id":"{}","headsign":"{}","duration_avg":120.0,"n_vehicles":1230,"d":1017,"route_I_counts":"{\"11\": 1230}","source":206,"target":205,"layer":"L","from":"South Wimbledon Underground Station","to":"Colliers Wood Underground Station"},"geometry":{"type":"LineString","coordinates":[[-0.192005,51.415309],[-0.178086,51.41816]]}},{"type":"Feature","properties":{"shape_id":"{\"northern 940GZZLUMDN to 940GZZLUEGW\": 410, \"northern 940GZZLUMDN to 940GZZLUHBT\": 410, \"northern 940GZZLUMDN to 940GZZLUMHL\": 410}","direction_id":"{}","headsign":"{}","duration_avg":120.29268292682927,"n_vehicles":1230,"d":1478,"route_I_counts":"{\"11\": 1230}","source":207,"target":206,"layer":"L","from":"Morden Underground Station","to":"South Wimbledon Underground Station"},"geometry":{"type":"LineString","coordinates":[[-0.194839,51.402142],[-0.192005,51.415309]]}},{"type":"Feature","properties":{"shape_id":"{\"northern 940GZZLUEGW to 940GZZLUMDN\": 172, \"northern 940GZZLUHBT to 940GZZLUMDN\": 175, \"northern 940GZZLUMHL to 940GZZLUMDN\": 6}","direction_id":"{}","headsign":"{}","duration_avg":120.0,"n_vehicles":353,"d":1479,"route_I_counts":"{\"11\": 353}","source":208,"target":209,"layer":"L","from":"Angel Underground Station","to":"Old Street Underground Station"},"geometry":{"type":"LineString","coordinates":[[-0.105992,51.532796],[-0.08777,51.525864]]}},{"type":"Feature","properties":{"shape_id":"{\"northern 940GZZLUMDN to 940GZZLUEGW\": 365, \"northern 940GZZLUMDN to 940GZZLUHBT\": 365, \"northern 940GZZLUMDN to 940GZZLUMHL\": 365}","direction_id":"{}","headsign":"{}","duration_avg":124.10958904109589,"n_vehicles":1095,"d":1214,"route_I_counts":"{\"11\": 1095}","source":208,"target":94,"layer":"L","from":"Angel Underground Station","to":"King's Cross St. Pancras Underground Station"},"geometry":{"type":"LineString","coordinates":[[-0.105992,51.532796],[-0.123194,51.530663]]}},{"type":"Feature","properties":{"shape_id":"{\"northern 940GZZLUEGW to 940GZZLUMDN\": 171, \"northern 940GZZLUHBT to 940GZZLUMDN\": 175, \"northern 940GZZLUMHL to 940GZZLUMDN\": 6}","direction_id":"{}","headsign":"{}","duration_avg":120.0,"n_vehicles":352,"d":856,"route_I_counts":"{\"11\": 352}","source":209,"target":97,"layer":"L","from":"Old Street Underground Station","to":"Moorgate Underground Station"},"geometry":{"type":"LineString","coordinates":[[-0.08777,51.525864],[-0.088322,51.518176]]}},{"type":"Feature","properties":{"shape_id":"{\"northern 940GZZLUMDN to 940GZZLUEGW\": 365, \"northern 940GZZLUMDN to 940GZZLUHBT\": 365, \"northern 940GZZLUMDN to 940GZZLUMHL\": 365}","direction_id":"{}","headsign":"{}","duration_avg":180.0,"n_vehicles":1095,"d":1479,"route_I_counts":"{\"11\": 1095}","source":209,"target":208,"layer":"L","from":"Old Street Underground Station","to":"Angel Underground Station"},"geometry":{"type":"LineString","coordinates":[[-0.08777,51.525864],[-0.105992,51.532796]]}},{"type":"Feature","properties":{"shape_id":"{\"northern 940GZZLUEGW to 940GZZLUMDN\": 170, \"northern 940GZZLUHBT to 940GZZLUMDN\": 174, \"northern 940GZZLUMHL to 940GZZLUMDN\": 6}","direction_id":"{}","headsign":"{}","duration_avg":120.0,"n_vehicles":350,"d":895,"route_I_counts":"{\"11\": 350}","source":210,"target":23,"layer":"L","from":"Borough Underground Station","to":"Elephant & Castle Underground Station"},"geometry":{"type":"LineString","coordinates":[[-0.09337,51.501199],[-0.100606,51.494536]]}},{"type":"Feature","properties":{"shape_id":"{\"northern 940GZZLUMDN to 940GZZLUEGW\": 367, \"northern 940GZZLUMDN to 940GZZLUHBT\": 367, \"northern 940GZZLUMDN to 940GZZLUMHL\": 367}","direction_id":"{}","headsign":"{}","duration_avg":115.91280653950953,"n_vehicles":1101,"d":592,"route_I_counts":"{\"11\": 1101}","source":210,"target":141,"layer":"L","from":"Borough Underground Station","to":"London Bridge Underground Station"},"geometry":{"type":"LineString","coordinates":[[-0.09337,51.501199],[-0.088873,51.505721]]}},{"type":"Feature","properties":{"shape_id":"{\"northern 940GZZLUMDN to 940GZZLUEGW\": 238, \"northern 940GZZLUMDN to 940GZZLUHBT\": 238, \"northern 940GZZLUMDN to 940GZZLUMHL\": 238}","direction_id":"{}","headsign":"{}","duration_avg":120.0,"n_vehicles":714,"d":1040,"route_I_counts":"{\"11\": 714}","source":211,"target":212,"layer":"L","from":"Chalk Farm Underground Station","to":"Belsize Park Underground Station"},"geometry":{"type":"LineString","coordinates":[[-0.153388,51.544118],[-0.164648,51.550311]]}},{"type":"Feature","properties":{"shape_id":"{\"northern 940GZZLUEGW to 940GZZLUMDN\": 351}","direction_id":"{}","headsign":"{}","duration_avg":150.42735042735043,"n_vehicles":351,"d":912,"route_I_counts":"{\"11\": 351}","source":211,"target":190,"layer":"L","from":"Chalk Farm Underground Station","to":"Camden Town Underground Station"},"geometry":{"type":"LineString","coordinates":[[-0.153388,51.544118],[-0.14274,51.539292]]}},{"type":"Feature","properties":{"shape_id":"{\"northern 940GZZLUMDN to 940GZZLUEGW\": 237, \"northern 940GZZLUMDN to 940GZZLUHBT\": 237, \"northern 940GZZLUMDN to 940GZZLUMHL\": 237}","direction_id":"{}","headsign":"{}","duration_avg":120.0,"n_vehicles":711,"d":1188,"route_I_counts":"{\"11\": 711}","source":212,"target":213,"layer":"L","from":"Belsize Park Underground Station","to":"Hampstead Underground Station"},"geometry":{"type":"LineString","coordinates":[[-0.164648,51.550311],[-0.178487,51.556632]]}},{"type":"Feature","properties":{"shape_id":"{\"northern 940GZZLUEGW to 940GZZLUMDN\": 351}","direction_id":"{}","headsign":"{}","duration_avg":95.04273504273505,"n_vehicles":351,"d":1040,"route_I_counts":"{\"11\": 351}","source":212,"target":211,"layer":"L","from":"Belsize Park Underground Station","to":"Chalk Farm Underground Station"},"geometry":{"type":"LineString","coordinates":[[-0.164648,51.550311],[-0.153388,51.544118]]}},{"type":"Feature","properties":{"shape_id":"{\"northern 940GZZLUMDN to 940GZZLUEGW\": 237, \"northern 940GZZLUMDN to 940GZZLUHBT\": 237, \"northern 940GZZLUMDN to 940GZZLUMHL\": 237}","direction_id":"{}","headsign":"{}","duration_avg":292.65822784810126,"n_vehicles":711,"d":2045,"route_I_counts":"{\"11\": 711}","source":213,"target":214,"layer":"L","from":"Hampstead Underground Station","to":"Golders Green Underground Station"},"geometry":{"type":"LineString","coordinates":[[-0.178487,51.556632],[-0.194039,51.572259]]}},{"type":"Feature","properties":{"shape_id":"{\"northern 940GZZLUEGW to 940GZZLUMDN\": 352}","direction_id":"{}","headsign":"{}","duration_avg":120.0,"n_vehicles":352,"d":1188,"route_I_counts":"{\"11\": 352}","source":213,"target":212,"layer":"L","from":"Hampstead Underground Station","to":"Belsize Park Underground Station"},"geometry":{"type":"LineString","coordinates":[[-0.178487,51.556632],[-0.164648,51.550311]]}},{"type":"Feature","properties":{"shape_id":"{\"northern 940GZZLUMDN to 940GZZLUEGW\": 222, \"northern 940GZZLUMDN to 940GZZLUHBT\": 222, \"northern 940GZZLUMDN to 940GZZLUMHL\": 222}","direction_id":"{}","headsign":"{}","duration_avg":123.78378378378379,"n_vehicles":666,"d":1440,"route_I_counts":"{\"11\": 666}","source":214,"target":215,"layer":"L","from":"Golders Green Underground Station","to":"Brent Cross Underground Station"},"geometry":{"type":"LineString","coordinates":[[-0.194039,51.572259],[-0.213622,51.57665]]}},{"type":"Feature","properties":{"shape_id":"{\"northern 940GZZLUEGW to 940GZZLUMDN\": 352}","direction_id":"{}","headsign":"{}","duration_avg":240.0,"n_vehicles":352,"d":2045,"route_I_counts":"{\"11\": 352}","source":214,"target":213,"layer":"L","from":"Golders Green Underground Station","to":"Hampstead Underground Station"},"geometry":{"type":"LineString","coordinates":[[-0.194039,51.572259],[-0.178487,51.556632]]}},{"type":"Feature","properties":{"shape_id":"{\"northern 940GZZLUMDN to 940GZZLUEGW\": 222, \"northern 940GZZLUMDN to 940GZZLUHBT\": 222, \"northern 940GZZLUMDN to 940GZZLUMHL\": 222}","direction_id":"{}","headsign":"{}","duration_avg":116.21621621621621,"n_vehicles":666,"d":1154,"route_I_counts":"{\"11\": 666}","source":215,"target":216,"layer":"L","from":"Brent Cross Underground Station","to":"Hendon Central Underground Station"},"geometry":{"type":"LineString","coordinates":[[-0.213622,51.57665],[-0.226424,51.583301]]}},{"type":"Feature","properties":{"shape_id":"{\"northern 940GZZLUEGW to 940GZZLUMDN\": 353}","direction_id":"{}","headsign":"{}","duration_avg":180.0,"n_vehicles":353,"d":1440,"route_I_counts":"{\"11\": 353}","source":215,"target":214,"layer":"L","from":"Brent Cross Underground Station","to":"Golders Green Underground Station"},"geometry":{"type":"LineString","coordinates":[[-0.213622,51.57665],[-0.194039,51.572259]]}},{"type":"Feature","properties":{"shape_id":"{\"northern 940GZZLUMDN to 940GZZLUEGW\": 222, \"northern 940GZZLUMDN to 940GZZLUHBT\": 222, \"northern 940GZZLUMDN to 940GZZLUMHL\": 222}","direction_id":"{}","headsign":"{}","duration_avg":123.78378378378379,"n_vehicles":666,"d":2112,"route_I_counts":"{\"11\": 666}","source":216,"target":217,"layer":"L","from":"Hendon Central Underground Station","to":"Colindale Underground Station"},"geometry":{"type":"LineString","coordinates":[[-0.226424,51.583301],[-0.249919,51.595424]]}},{"type":"Feature","properties":{"shape_id":"{\"northern 940GZZLUEGW to 940GZZLUMDN\": 354}","direction_id":"{}","headsign":"{}","duration_avg":120.0,"n_vehicles":354,"d":1154,"route_I_counts":"{\"11\": 354}","source":216,"target":215,"layer":"L","from":"Hendon Central Underground Station","to":"Brent Cross Underground Station"},"geometry":{"type":"LineString","coordinates":[[-0.226424,51.583301],[-0.213622,51.57665]]}},{"type":"Feature","properties":{"shape_id":"{\"northern 940GZZLUMDN to 940GZZLUEGW\": 222, \"northern 940GZZLUMDN to 940GZZLUHBT\": 222, \"northern 940GZZLUMDN to 940GZZLUMHL\": 222}","direction_id":"{}","headsign":"{}","duration_avg":120.0,"n_vehicles":666,"d":1274,"route_I_counts":"{\"11\": 666}","source":217,"target":218,"layer":"L","from":"Colindale Underground Station","to":"Burnt Oak Underground Station"},"geometry":{"type":"LineString","coordinates":[[-0.249919,51.595424],[-0.264048,51.602774]]}},{"type":"Feature","properties":{"shape_id":"{\"northern 940GZZLUEGW to 940GZZLUMDN\": 354}","direction_id":"{}","headsign":"{}","duration_avg":180.0,"n_vehicles":354,"d":2112,"route_I_counts":"{\"11\": 354}","source":217,"target":216,"layer":"L","from":"Colindale Underground Station","to":"Hendon Central Underground Station"},"geometry":{"type":"LineString","coordinates":[[-0.249919,51.595424],[-0.226424,51.583301]]}},{"type":"Feature","properties":{"shape_id":"{\"northern 940GZZLUMDN to 940GZZLUEGW\": 221, \"northern 940GZZLUMDN to 940GZZLUHBT\": 221, \"northern 940GZZLUMDN to 940GZZLUMHL\": 221}","direction_id":"{}","headsign":"{}","duration_avg":180.0,"n_vehicles":663,"d":1425,"route_I_counts":"{\"11\": 663}","source":218,"target":219,"layer":"L","from":"Burnt Oak Underground Station","to":"Edgware Underground Station"},"geometry":{"type":"LineString","coordinates":[[-0.264048,51.602774],[-0.274928,51.613653]]}},{"type":"Feature","properties":{"shape_id":"{\"northern 940GZZLUEGW to 940GZZLUMDN\": 355}","direction_id":"{}","headsign":"{}","duration_avg":120.0,"n_vehicles":355,"d":1274,"route_I_counts":"{\"11\": 355}","source":218,"target":217,"layer":"L","from":"Burnt Oak Underground Station","to":"Colindale Underground Station"},"geometry":{"type":"LineString","coordinates":[[-0.264048,51.602774],[-0.249919,51.595424]]}},{"type":"Feature","properties":{"shape_id":"{\"northern 940GZZLUEGW to 940GZZLUMDN\": 355}","direction_id":"{}","headsign":"{}","duration_avg":120.0,"n_vehicles":355,"d":1425,"route_I_counts":"{\"11\": 355}","source":219,"target":218,"layer":"L","from":"Edgware Underground Station","to":"Burnt Oak Underground Station"},"geometry":{"type":"LineString","coordinates":[[-0.274928,51.613653],[-0.264048,51.602774]]}},{"type":"Feature","properties":{"shape_id":"{\"northern 940GZZLUMHL to 940GZZLUMDN\": 80}","direction_id":"{}","headsign":"{}","duration_avg":141.0,"n_vehicles":80,"d":1455,"route_I_counts":"{\"11\": 80}","source":220,"target":184,"layer":"L","from":"Mill Hill East Underground Station","to":"Finchley Central Underground Station"},"geometry":{"type":"LineString","coordinates":[[-0.209986,51.608229],[-0.192527,51.600921]]}},{"type":"Feature","properties":{"shape_id":"{\"piccadilly 940GZZLUCKS to 940GZZLUHR5\": 273, \"piccadilly 940GZZLUCKS to 940GZZLUHRC\": 273, \"piccadilly 940GZZLUCKS to 940GZZLUUXB\": 273}","direction_id":"{}","headsign":"{}","duration_avg":180.0,"n_vehicles":819,"d":1247,"route_I_counts":"{\"12\": 819}","source":221,"target":222,"layer":"L","from":"Cockfosters Underground Station","to":"Oakwood Underground Station"},"geometry":{"type":"LineString","coordinates":[[-0.149171,51.65152],[-0.132182,51.647726]]}},{"type":"Feature","properties":{"shape_id":"{\"piccadilly 940GZZLUCKS to 940GZZLUHR5\": 273, \"piccadilly 940GZZLUCKS to 940GZZLUHRC\": 273, \"piccadilly 940GZZLUCKS to 940GZZLUUXB\": 273}","direction_id":"{}","headsign":"{}","duration_avg":180.21978021978023,"n_vehicles":819,"d":1741,"route_I_counts":"{\"12\": 819}","source":222,"target":223,"layer":"L","from":"Oakwood Underground Station","to":"Southgate Underground Station"},"geometry":{"type":"LineString","coordinates":[[-0.132182,51.647726],[-0.127816,51.632315]]}},{"type":"Feature","properties":{"shape_id":"{\"piccadilly 940GZZLUHR4 to 940GZZLUCKS\": 58, \"piccadilly 940GZZLUHR5 to 940GZZLUCKS\": 82, \"piccadilly 940GZZLUUXB to 940GZZLUCKS\": 47}","direction_id":"{}","headsign":"{}","duration_avg":222.35294117647058,"n_vehicles":187,"d":1247,"route_I_counts":"{\"12\": 187}","source":222,"target":221,"layer":"L","from":"Oakwood Underground Station","to":"Cockfosters Underground Station"},"geometry":{"type":"LineString","coordinates":[[-0.132182,51.647726],[-0.149171,51.65152]]}},{"type":"Feature","properties":{"shape_id":"{\"piccadilly 940GZZLUCKS to 940GZZLUHR5\": 272, \"piccadilly 940GZZLUCKS to 940GZZLUHRC\": 272, \"piccadilly 940GZZLUCKS to 940GZZLUUXB\": 272}","direction_id":"{}","headsign":"{}","duration_avg":360.0,"n_vehicles":816,"d":1803,"route_I_counts":"{\"12\": 816}","source":223,"target":224,"layer":"L","from":"Southgate Underground Station","to":"Arnos Grove Underground Station"},"geometry":{"type":"LineString","coordinates":[[-0.127816,51.632315],[-0.133062,51.616446]]}},{"type":"Feature","properties":{"shape_id":"{\"piccadilly 940GZZLUHR4 to 940GZZLUCKS\": 61, \"piccadilly 940GZZLUHR5 to 940GZZLUCKS\": 85, \"piccadilly 940GZZLUUXB to 940GZZLUCKS\": 47}","direction_id":"{}","headsign":"{}","duration_avg":195.85492227979276,"n_vehicles":193,"d":1741,"route_I_counts":"{\"12\": 193}","source":223,"target":222,"layer":"L","from":"Southgate Underground Station","to":"Oakwood Underground Station"},"geometry":{"type":"LineString","coordinates":[[-0.127816,51.632315],[-0.132182,51.647726]]}},{"type":"Feature","properties":{"shape_id":"{\"piccadilly 940GZZLUCKS to 940GZZLUHR5\": 271, \"piccadilly 940GZZLUCKS to 940GZZLUHRC\": 271, \"piccadilly 940GZZLUCKS to 940GZZLUUXB\": 271}","direction_id":"{}","headsign":"{}","duration_avg":120.0,"n_vehicles":813,"d":1212,"route_I_counts":"{\"12\": 813}","source":224,"target":225,"layer":"L","from":"Arnos Grove Underground Station","to":"Bounds Green Underground Station"},"geometry":{"type":"LineString","coordinates":[[-0.133062,51.616446],[-0.124235,51.607034]]}},{"type":"Feature","properties":{"shape_id":"{\"piccadilly 940GZZLUHR4 to 940GZZLUCKS\": 61, \"piccadilly 940GZZLUHR5 to 940GZZLUCKS\": 85, \"piccadilly 940GZZLUUXB to 940GZZLUCKS\": 48}","direction_id":"{}","headsign":"{}","duration_avg":223.29896907216494,"n_vehicles":194,"d":1803,"route_I_counts":"{\"12\": 194}","source":224,"target":223,"layer":"L","from":"Arnos Grove Underground Station","to":"Southgate Underground Station"},"geometry":{"type":"LineString","coordinates":[[-0.133062,51.616446],[-0.127816,51.632315]]}},{"type":"Feature","properties":{"shape_id":"{\"piccadilly 940GZZLUCKS to 940GZZLUHR5\": 271, \"piccadilly 940GZZLUCKS to 940GZZLUHRC\": 271, \"piccadilly 940GZZLUCKS to 940GZZLUUXB\": 271}","direction_id":"{}","headsign":"{}","duration_avg":120.0,"n_vehicles":813,"d":1454,"route_I_counts":"{\"12\": 813}","source":225,"target":226,"layer":"L","from":"Bounds Green Underground Station","to":"Wood Green Underground Station"},"geometry":{"type":"LineString","coordinates":[[-0.124235,51.607034],[-0.109886,51.597479]]}},{"type":"Feature","properties":{"shape_id":"{\"piccadilly 940GZZLUHR4 to 940GZZLUCKS\": 102, \"piccadilly 940GZZLUHR5 to 940GZZLUCKS\": 101, \"piccadilly 940GZZLUUXB to 940GZZLUCKS\": 56}","direction_id":"{}","headsign":"{}","duration_avg":241.15830115830116,"n_vehicles":259,"d":1212,"route_I_counts":"{\"12\": 259}","source":225,"target":224,"layer":"L","from":"Bounds Green Underground Station","to":"Arnos Grove Underground Station"},"geometry":{"type":"LineString","coordinates":[[-0.124235,51.607034],[-0.133062,51.616446]]}},{"type":"Feature","properties":{"shape_id":"{\"piccadilly 940GZZLUCKS to 940GZZLUHR5\": 270, \"piccadilly 940GZZLUCKS to 940GZZLUHRC\": 270, \"piccadilly 940GZZLUCKS to 940GZZLUUXB\": 270}","direction_id":"{}","headsign":"{}","duration_avg":120.0,"n_vehicles":810,"d":934,"route_I_counts":"{\"12\": 810}","source":226,"target":227,"layer":"L","from":"Wood Green Underground Station","to":"Turnpike Lane Underground Station"},"geometry":{"type":"LineString","coordinates":[[-0.109886,51.597479],[-0.102953,51.590272]]}},{"type":"Feature","properties":{"shape_id":"{\"piccadilly 940GZZLUHR4 to 940GZZLUCKS\": 102, \"piccadilly 940GZZLUHR5 to 940GZZLUCKS\": 102, \"piccadilly 940GZZLUUXB to 940GZZLUCKS\": 56}","direction_id":"{}","headsign":"{}","duration_avg":134.07692307692307,"n_vehicles":260,"d":1454,"route_I_counts":"{\"12\": 260}","source":226,"target":225,"layer":"L","from":"Wood Green Underground Station","to":"Bounds Green Underground Station"},"geometry":{"type":"LineString","coordinates":[[-0.109886,51.597479],[-0.124235,51.607034]]}},{"type":"Feature","properties":{"shape_id":"{\"piccadilly 940GZZLUCKS to 940GZZLUHR5\": 270, \"piccadilly 940GZZLUCKS to 940GZZLUHRC\": 270, \"piccadilly 940GZZLUCKS to 940GZZLUUXB\": 270}","direction_id":"{}","headsign":"{}","duration_avg":180.0,"n_vehicles":810,"d":2225,"route_I_counts":"{\"12\": 810}","source":227,"target":228,"layer":"L","from":"Turnpike Lane Underground Station","to":"Manor House Underground Station"},"geometry":{"type":"LineString","coordinates":[[-0.102953,51.590272],[-0.096118,51.570738]]}},{"type":"Feature","properties":{"shape_id":"{\"piccadilly 940GZZLUHR4 to 940GZZLUCKS\": 102, \"piccadilly 940GZZLUHR5 to 940GZZLUCKS\": 102, \"piccadilly 940GZZLUUXB to 940GZZLUCKS\": 56}","direction_id":"{}","headsign":"{}","duration_avg":120.0,"n_vehicles":260,"d":934,"route_I_counts":"{\"12\": 260}","source":227,"target":226,"layer":"L","from":"Turnpike Lane Underground Station","to":"Wood Green Underground Station"},"geometry":{"type":"LineString","coordinates":[[-0.102953,51.590272],[-0.109886,51.597479]]}},{"type":"Feature","properties":{"shape_id":"{\"piccadilly 940GZZLUCKS to 940GZZLUHR5\": 269, \"piccadilly 940GZZLUCKS to 940GZZLUHRC\": 269, \"piccadilly 940GZZLUCKS to 940GZZLUUXB\": 269}","direction_id":"{}","headsign":"{}","duration_avg":180.0,"n_vehicles":807,"d":1041,"route_I_counts":"{\"12\": 807}","source":228,"target":229,"layer":"L","from":"Manor House Underground Station","to":"Finsbury Park Underground Station"},"geometry":{"type":"LineString","coordinates":[[-0.096118,51.570738],[-0.106825,51.564158]]}},{"type":"Feature","properties":{"shape_id":"{\"piccadilly 940GZZLUHR4 to 940GZZLUCKS\": 103, \"piccadilly 940GZZLUHR5 to 940GZZLUCKS\": 102, \"piccadilly 940GZZLUUXB to 940GZZLUCKS\": 56}","direction_id":"{}","headsign":"{}","duration_avg":236.32183908045977,"n_vehicles":261,"d":2225,"route_I_counts":"{\"12\": 261}","source":228,"target":227,"layer":"L","from":"Manor House Underground Station","to":"Turnpike Lane Underground Station"},"geometry":{"type":"LineString","coordinates":[[-0.096118,51.570738],[-0.102953,51.590272]]}},{"type":"Feature","properties":{"shape_id":"{\"piccadilly 940GZZLUCKS to 940GZZLUHR5\": 269, \"piccadilly 940GZZLUCKS to 940GZZLUHRC\": 269, \"piccadilly 940GZZLUCKS to 940GZZLUUXB\": 269}","direction_id":"{}","headsign":"{}","duration_avg":60.0,"n_vehicles":807,"d":614,"route_I_counts":"{\"12\": 807}","source":229,"target":230,"layer":"L","from":"Finsbury Park Underground Station","to":"Arsenal Underground Station"},"geometry":{"type":"LineString","coordinates":[[-0.106825,51.564158],[-0.107457,51.558655]]}},{"type":"Feature","properties":{"shape_id":"{\"piccadilly 940GZZLUHR4 to 940GZZLUCKS\": 103, \"piccadilly 940GZZLUHR5 to 940GZZLUCKS\": 103, \"piccadilly 940GZZLUUXB to 940GZZLUCKS\": 56}","direction_id":"{}","headsign":"{}","duration_avg":120.0,"n_vehicles":262,"d":1041,"route_I_counts":"{\"12\": 262}","source":229,"target":228,"layer":"L","from":"Finsbury Park Underground Station","to":"Manor House Underground Station"},"geometry":{"type":"LineString","coordinates":[[-0.106825,51.564158],[-0.096118,51.570738]]}},{"type":"Feature","properties":{"shape_id":"{\"victoria 940GZZLUWWL to 940GZZLUBXN\": 490}","direction_id":"{}","headsign":"{}","duration_avg":180.0,"n_vehicles":490,"d":1997,"route_I_counts":"{\"21\": 490}","source":229,"target":257,"layer":"L","from":"Finsbury Park Underground Station","to":"Highbury & Islington Underground Station"},"geometry":{"type":"LineString","coordinates":[[-0.106825,51.564158],[-0.103324,51.54635]]}},{"type":"Feature","properties":{"shape_id":"{\"victoria 940GZZLUBXN to 940GZZLUWWL\": 525}","direction_id":"{}","headsign":"{}","duration_avg":240.0,"n_vehicles":525,"d":3188,"route_I_counts":"{\"21\": 525}","source":229,"target":256,"layer":"L","from":"Finsbury Park Underground Station","to":"Seven Sisters Underground Station"},"geometry":{"type":"LineString","coordinates":[[-0.106825,51.564158],[-0.072584,51.58333]]}},{"type":"Feature","properties":{"shape_id":"{\"piccadilly 940GZZLUCKS to 940GZZLUHR5\": 269, \"piccadilly 940GZZLUCKS to 940GZZLUHRC\": 269, \"piccadilly 940GZZLUCKS to 940GZZLUUXB\": 269}","direction_id":"{}","headsign":"{}","duration_avg":120.0,"n_vehicles":807,"d":774,"route_I_counts":"{\"12\": 807}","source":230,"target":231,"layer":"L","from":"Arsenal Underground Station","to":"Holloway Road Underground Station"},"geometry":{"type":"LineString","coordinates":[[-0.107457,51.558655],[-0.113244,51.552697]]}},{"type":"Feature","properties":{"shape_id":"{\"piccadilly 940GZZLUHR4 to 940GZZLUCKS\": 103, \"piccadilly 940GZZLUHR5 to 940GZZLUCKS\": 103, \"piccadilly 940GZZLUUXB to 940GZZLUCKS\": 56}","direction_id":"{}","headsign":"{}","duration_avg":81.7557251908397,"n_vehicles":262,"d":614,"route_I_counts":"{\"12\": 262}","source":230,"target":229,"layer":"L","from":"Arsenal Underground Station","to":"Finsbury Park Underground Station"},"geometry":{"type":"LineString","coordinates":[[-0.107457,51.558655],[-0.106825,51.564158]]}},{"type":"Feature","properties":{"shape_id":"{\"piccadilly 940GZZLUCKS to 940GZZLUHR5\": 268, \"piccadilly 940GZZLUCKS to 940GZZLUHRC\": 268, \"piccadilly 940GZZLUCKS to 940GZZLUUXB\": 268}","direction_id":"{}","headsign":"{}","duration_avg":60.0,"n_vehicles":804,"d":590,"route_I_counts":"{\"12\": 804}","source":231,"target":232,"layer":"L","from":"Holloway Road Underground Station","to":"Caledonian Road Underground Station"},"geometry":{"type":"LineString","coordinates":[[-0.113244,51.552697],[-0.118493,51.548519]]}},{"type":"Feature","properties":{"shape_id":"{\"piccadilly 940GZZLUHR4 to 940GZZLUCKS\": 103, \"piccadilly 940GZZLUHR5 to 940GZZLUCKS\": 103, \"piccadilly 940GZZLUUXB to 940GZZLUCKS\": 57}","direction_id":"{}","headsign":"{}","duration_avg":98.09885931558935,"n_vehicles":263,"d":774,"route_I_counts":"{\"12\": 263}","source":231,"target":230,"layer":"L","from":"Holloway Road Underground Station","to":"Arsenal Underground Station"},"geometry":{"type":"LineString","coordinates":[[-0.113244,51.552697],[-0.107457,51.558655]]}},{"type":"Feature","properties":{"shape_id":"{\"piccadilly 940GZZLUCKS to 940GZZLUHR5\": 268, \"piccadilly 940GZZLUCKS to 940GZZLUHRC\": 268, \"piccadilly 940GZZLUCKS to 940GZZLUUXB\": 268}","direction_id":"{}","headsign":"{}","duration_avg":238.43283582089552,"n_vehicles":804,"d":2014,"route_I_counts":"{\"12\": 804}","source":232,"target":94,"layer":"L","from":"Caledonian Road Underground Station","to":"King's Cross St. Pancras Underground Station"},"geometry":{"type":"LineString","coordinates":[[-0.118493,51.548519],[-0.123194,51.530663]]}},{"type":"Feature","properties":{"shape_id":"{\"piccadilly 940GZZLUHR4 to 940GZZLUCKS\": 103, \"piccadilly 940GZZLUHR5 to 940GZZLUCKS\": 103, \"piccadilly 940GZZLUUXB to 940GZZLUCKS\": 57}","direction_id":"{}","headsign":"{}","duration_avg":81.90114068441065,"n_vehicles":263,"d":590,"route_I_counts":"{\"12\": 263}","source":232,"target":231,"layer":"L","from":"Caledonian Road Underground Station","to":"Holloway Road Underground Station"},"geometry":{"type":"LineString","coordinates":[[-0.118493,51.548519],[-0.113244,51.552697]]}},{"type":"Feature","properties":{"shape_id":"{\"piccadilly 940GZZLUCKS to 940GZZLUHR5\": 267, \"piccadilly 940GZZLUCKS to 940GZZLUHRC\": 267, \"piccadilly 940GZZLUCKS to 940GZZLUUXB\": 267}","direction_id":"{}","headsign":"{}","duration_avg":67.41573033707866,"n_vehicles":801,"d":665,"route_I_counts":"{\"12\": 801}","source":233,"target":40,"layer":"L","from":"Russell Square Underground Station","to":"Holborn Underground Station"},"geometry":{"type":"LineString","coordinates":[[-0.124285,51.523073],[-0.120475,51.51758]]}},{"type":"Feature","properties":{"shape_id":"{\"piccadilly 940GZZLUHR4 to 940GZZLUCKS\": 104, \"piccadilly 940GZZLUHR5 to 940GZZLUCKS\": 104, \"piccadilly 940GZZLUUXB to 940GZZLUCKS\": 57}","direction_id":"{}","headsign":"{}","duration_avg":157.81132075471697,"n_vehicles":265,"d":848,"route_I_counts":"{\"12\": 265}","source":233,"target":94,"layer":"L","from":"Russell Square Underground Station","to":"King's Cross St. Pancras Underground Station"},"geometry":{"type":"LineString","coordinates":[[-0.124285,51.523073],[-0.123194,51.530663]]}},{"type":"Feature","properties":{"shape_id":"{\"piccadilly 940GZZLUCKS to 940GZZLUHR5\": 267, \"piccadilly 940GZZLUCKS to 940GZZLUHRC\": 267, \"piccadilly 940GZZLUCKS to 940GZZLUUXB\": 267}","direction_id":"{}","headsign":"{}","duration_avg":60.0,"n_vehicles":801,"d":335,"route_I_counts":"{\"12\": 801}","source":234,"target":195,"layer":"L","from":"Covent Garden Underground Station","to":"Leicester Square Underground Station"},"geometry":{"type":"LineString","coordinates":[[-0.124436,51.513093],[-0.128426,51.511386]]}},{"type":"Feature","properties":{"shape_id":"{\"piccadilly 940GZZLUHR4 to 940GZZLUCKS\": 104, \"piccadilly 940GZZLUHR5 to 940GZZLUCKS\": 104, \"piccadilly 940GZZLUUXB to 940GZZLUCKS\": 57}","direction_id":"{}","headsign":"{}","duration_avg":115.47169811320755,"n_vehicles":265,"d":569,"route_I_counts":"{\"12\": 265}","source":234,"target":40,"layer":"L","from":"Covent Garden Underground Station","to":"Holborn Underground Station"},"geometry":{"type":"LineString","coordinates":[[-0.124436,51.513093],[-0.120475,51.51758]]}},{"type":"Feature","properties":{"shape_id":"{\"piccadilly 940GZZLUCKS to 940GZZLUHR5\": 266, \"piccadilly 940GZZLUCKS to 940GZZLUHRC\": 266, \"piccadilly 940GZZLUCKS to 940GZZLUUXB\": 266}","direction_id":"{}","headsign":"{}","duration_avg":112.55639097744361,"n_vehicles":798,"d":579,"route_I_counts":"{\"12\": 798}","source":235,"target":236,"layer":"L","from":"Hyde Park Corner Underground Station","to":"Knightsbridge Underground Station"},"geometry":{"type":"LineString","coordinates":[[-0.152441,51.503035],[-0.160508,51.501669]]}},{"type":"Feature","properties":{"shape_id":"{\"piccadilly 940GZZLUHR4 to 940GZZLUCKS\": 105, \"piccadilly 940GZZLUHR5 to 940GZZLUCKS\": 104, \"piccadilly 940GZZLUUXB to 940GZZLUCKS\": 57}","direction_id":"{}","headsign":"{}","duration_avg":134.21052631578948,"n_vehicles":266,"d":798,"route_I_counts":"{\"12\": 266}","source":235,"target":143,"layer":"L","from":"Hyde Park Corner Underground Station","to":"Green Park Underground Station"},"geometry":{"type":"LineString","coordinates":[[-0.152441,51.503035],[-0.142787,51.506947]]}},{"type":"Feature","properties":{"shape_id":"{\"piccadilly 940GZZLUCKS to 940GZZLUHR5\": 266, \"piccadilly 940GZZLUCKS to 940GZZLUHRC\": 266, \"piccadilly 940GZZLUCKS to 940GZZLUUXB\": 266}","direction_id":"{}","headsign":"{}","duration_avg":127.44360902255639,"n_vehicles":798,"d":1266,"route_I_counts":"{\"12\": 798}","source":236,"target":75,"layer":"L","from":"Knightsbridge Underground Station","to":"South Kensington Underground Station"},"geometry":{"type":"LineString","coordinates":[[-0.160508,51.501669],[-0.174138,51.494094]]}},{"type":"Feature","properties":{"shape_id":"{\"piccadilly 940GZZLUHR4 to 940GZZLUCKS\": 105, \"piccadilly 940GZZLUHR5 to 940GZZLUCKS\": 105, \"piccadilly 940GZZLUUXB to 940GZZLUCKS\": 57}","direction_id":"{}","headsign":"{}","duration_avg":105.61797752808988,"n_vehicles":267,"d":579,"route_I_counts":"{\"12\": 267}","source":236,"target":235,"layer":"L","from":"Knightsbridge Underground Station","to":"Hyde Park Corner Underground Station"},"geometry":{"type":"LineString","coordinates":[[-0.160508,51.501669],[-0.152441,51.503035]]}},{"type":"Feature","properties":{"shape_id":"{\"piccadilly 940GZZLUCKS to 940GZZLUHR5\": 177, \"piccadilly 940GZZLUCKS to 940GZZLUHRC\": 177, \"piccadilly 940GZZLUCKS to 940GZZLUUXB\": 177}","direction_id":"{}","headsign":"{}","duration_avg":146.10169491525423,"n_vehicles":531,"d":539,"route_I_counts":"{\"12\": 531}","source":237,"target":238,"layer":"L","from":"South Ealing Underground Station","to":"Northfields Underground Station"},"geometry":{"type":"LineString","coordinates":[[-0.307424,51.501003],[-0.314719,51.499319]]}},{"type":"Feature","properties":{"shape_id":"{\"piccadilly 940GZZLUHR4 to 940GZZLUCKS\": 107, \"piccadilly 940GZZLUHR5 to 940GZZLUCKS\": 107}","direction_id":"{}","headsign":"{}","duration_avg":300.0,"n_vehicles":214,"d":1882,"route_I_counts":"{\"12\": 214}","source":237,"target":134,"layer":"L","from":"South Ealing Underground Station","to":"Acton Town Underground Station"},"geometry":{"type":"LineString","coordinates":[[-0.307424,51.501003],[-0.280462,51.503057]]}},{"type":"Feature","properties":{"shape_id":"{\"piccadilly 940GZZLUCKS to 940GZZLUHR5\": 149, \"piccadilly 940GZZLUCKS to 940GZZLUHRC\": 149, \"piccadilly 940GZZLUCKS to 940GZZLUUXB\": 149}","direction_id":"{}","headsign":"{}","duration_avg":120.0,"n_vehicles":447,"d":818,"route_I_counts":"{\"12\": 447}","source":238,"target":239,"layer":"L","from":"Northfields Underground Station","to":"Boston Manor Underground Station"},"geometry":{"type":"LineString","coordinates":[[-0.314719,51.499319],[-0.324939,51.495635]]}},{"type":"Feature","properties":{"shape_id":"{\"piccadilly 940GZZLUHR4 to 940GZZLUCKS\": 107, \"piccadilly 940GZZLUHR5 to 940GZZLUCKS\": 107}","direction_id":"{}","headsign":"{}","duration_avg":60.0,"n_vehicles":214,"d":539,"route_I_counts":"{\"12\": 214}","source":238,"target":237,"layer":"L","from":"Northfields Underground Station","to":"South Ealing Underground Station"},"geometry":{"type":"LineString","coordinates":[[-0.314719,51.499319],[-0.307424,51.501003]]}},{"type":"Feature","properties":{"shape_id":"{\"piccadilly 940GZZLUCKS to 940GZZLUHR5\": 148, \"piccadilly 940GZZLUCKS to 940GZZLUHRC\": 148, \"piccadilly 940GZZLUCKS to 940GZZLUUXB\": 148}","direction_id":"{}","headsign":"{}","duration_avg":246.0810810810811,"n_vehicles":444,"d":2476,"route_I_counts":"{\"12\": 444}","source":239,"target":240,"layer":"L","from":"Boston Manor Underground Station","to":"Osterley Underground Station"},"geometry":{"type":"LineString","coordinates":[[-0.324939,51.495635],[-0.352224,51.481274]]}},{"type":"Feature","properties":{"shape_id":"{\"piccadilly 940GZZLUHR4 to 940GZZLUCKS\": 108, \"piccadilly 940GZZLUHR5 to 940GZZLUCKS\": 107}","direction_id":"{}","headsign":"{}","duration_avg":179.72093023255815,"n_vehicles":215,"d":818,"route_I_counts":"{\"12\": 215}","source":239,"target":238,"layer":"L","from":"Boston Manor Underground Station","to":"Northfields Underground Station"},"geometry":{"type":"LineString","coordinates":[[-0.324939,51.495635],[-0.314719,51.499319]]}},{"type":"Feature","properties":{"shape_id":"{\"piccadilly 940GZZLUCKS to 940GZZLUHR5\": 148, \"piccadilly 940GZZLUCKS to 940GZZLUHRC\": 148, \"piccadilly 940GZZLUCKS to 940GZZLUUXB\": 148}","direction_id":"{}","headsign":"{}","duration_avg":120.0,"n_vehicles":444,"d":944,"route_I_counts":"{\"12\": 444}","source":240,"target":241,"layer":"L","from":"Osterley Underground Station","to":"Hounslow East Underground Station"},"geometry":{"type":"LineString","coordinates":[[-0.352224,51.481274],[-0.356474,51.473213]]}},{"type":"Feature","properties":{"shape_id":"{\"piccadilly 940GZZLUHR4 to 940GZZLUCKS\": 108, \"piccadilly 940GZZLUHR5 to 940GZZLUCKS\": 107}","direction_id":"{}","headsign":"{}","duration_avg":270.4186046511628,"n_vehicles":215,"d":2476,"route_I_counts":"{\"12\": 215}","source":240,"target":239,"layer":"L","from":"Osterley Underground Station","to":"Boston Manor Underground Station"},"geometry":{"type":"LineString","coordinates":[[-0.352224,51.481274],[-0.324939,51.495635]]}},{"type":"Feature","properties":{"shape_id":"{\"piccadilly 940GZZLUCKS to 940GZZLUHR5\": 148, \"piccadilly 940GZZLUCKS to 940GZZLUHRC\": 148, \"piccadilly 940GZZLUCKS to 940GZZLUUXB\": 148}","direction_id":"{}","headsign":"{}","duration_avg":120.0,"n_vehicles":444,"d":732,"route_I_counts":"{\"12\": 444}","source":241,"target":242,"layer":"L","from":"Hounslow East Underground Station","to":"Hounslow Central Underground Station"},"geometry":{"type":"LineString","coordinates":[[-0.356474,51.473213],[-0.366578,51.471295]]}},{"type":"Feature","properties":{"shape_id":"{\"piccadilly 940GZZLUHR4 to 940GZZLUCKS\": 108, \"piccadilly 940GZZLUHR5 to 940GZZLUCKS\": 108}","direction_id":"{}","headsign":"{}","duration_avg":120.0,"n_vehicles":216,"d":944,"route_I_counts":"{\"12\": 216}","source":241,"target":240,"layer":"L","from":"Hounslow East Underground Station","to":"Osterley Underground Station"},"geometry":{"type":"LineString","coordinates":[[-0.356474,51.473213],[-0.352224,51.481274]]}},{"type":"Feature","properties":{"shape_id":"{\"piccadilly 940GZZLUCKS to 940GZZLUHR5\": 147, \"piccadilly 940GZZLUCKS to 940GZZLUHRC\": 147, \"piccadilly 940GZZLUCKS to 940GZZLUUXB\": 147}","direction_id":"{}","headsign":"{}","duration_avg":180.0,"n_vehicles":441,"d":1405,"route_I_counts":"{\"12\": 441}","source":242,"target":243,"layer":"L","from":"Hounslow Central Underground Station","to":"Hounslow West Underground Station"},"geometry":{"type":"LineString","coordinates":[[-0.366578,51.471295],[-0.386544,51.473469]]}},{"type":"Feature","properties":{"shape_id":"{\"piccadilly 940GZZLUHR4 to 940GZZLUCKS\": 108, \"piccadilly 940GZZLUHR5 to 940GZZLUCKS\": 108}","direction_id":"{}","headsign":"{}","duration_avg":120.0,"n_vehicles":216,"d":732,"route_I_counts":"{\"12\": 216}","source":242,"target":241,"layer":"L","from":"Hounslow Central Underground Station","to":"Hounslow East Underground Station"},"geometry":{"type":"LineString","coordinates":[[-0.366578,51.471295],[-0.356474,51.473213]]}},{"type":"Feature","properties":{"shape_id":"{\"piccadilly 940GZZLUCKS to 940GZZLUHR5\": 147, \"piccadilly 940GZZLUCKS to 940GZZLUHRC\": 147, \"piccadilly 940GZZLUCKS to 940GZZLUUXB\": 147}","direction_id":"{}","headsign":"{}","duration_avg":294.2857142857143,"n_vehicles":441,"d":2649,"route_I_counts":"{\"12\": 441}","source":243,"target":244,"layer":"L","from":"Hounslow West Underground Station","to":"Hatton Cross Underground Station"},"geometry":{"type":"LineString","coordinates":[[-0.386544,51.473469],[-0.423191,51.466747]]}},{"type":"Feature","properties":{"shape_id":"{\"piccadilly 940GZZLUHR4 to 940GZZLUCKS\": 108, \"piccadilly 940GZZLUHR5 to 940GZZLUCKS\": 108}","direction_id":"{}","headsign":"{}","duration_avg":180.0,"n_vehicles":216,"d":1405,"route_I_counts":"{\"12\": 216}","source":243,"target":242,"layer":"L","from":"Hounslow West Underground Station","to":"Hounslow Central Underground Station"},"geometry":{"type":"LineString","coordinates":[[-0.386544,51.473469],[-0.366578,51.471295]]}},{"type":"Feature","properties":{"shape_id":"{\"piccadilly 940GZZLUCKS to 940GZZLUHR5\": 96, \"piccadilly 940GZZLUCKS to 940GZZLUHRC\": 96, \"piccadilly 940GZZLUCKS to 940GZZLUUXB\": 96}","direction_id":"{}","headsign":"{}","duration_avg":300.0,"n_vehicles":288,"d":2077,"route_I_counts":"{\"12\": 288}","source":244,"target":245,"layer":"L","from":"Hatton Cross Underground Station","to":"Heathrow Terminals 1-2-3 Underground Station"},"geometry":{"type":"LineString","coordinates":[[-0.423191,51.466747],[-0.452265,51.471235]]}},{"type":"Feature","properties":{"shape_id":"{\"piccadilly 940GZZLUCKS to 940GZZLUHR5\": 50, \"piccadilly 940GZZLUCKS to 940GZZLUHRC\": 50, \"piccadilly 940GZZLUCKS to 940GZZLUUXB\": 50}","direction_id":"{}","headsign":"{}","duration_avg":127.2,"n_vehicles":150,"d":1813,"route_I_counts":"{\"12\": 150}","source":244,"target":247,"layer":"L","from":"Hatton Cross Underground Station","to":"Heathrow Terminal 4 Underground Station"},"geometry":{"type":"LineString","coordinates":[[-0.423191,51.466747],[-0.445771,51.458524]]}},{"type":"Feature","properties":{"shape_id":"{\"piccadilly 940GZZLUHR4 to 940GZZLUCKS\": 108, \"piccadilly 940GZZLUHR5 to 940GZZLUCKS\": 108}","direction_id":"{}","headsign":"{}","duration_avg":209.72222222222223,"n_vehicles":216,"d":2649,"route_I_counts":"{\"12\": 216}","source":244,"target":243,"layer":"L","from":"Hatton Cross Underground Station","to":"Hounslow West Underground Station"},"geometry":{"type":"LineString","coordinates":[[-0.423191,51.466747],[-0.386544,51.473469]]}},{"type":"Feature","properties":{"shape_id":"{\"piccadilly 940GZZLUCKS to 940GZZLUHR5\": 95, \"piccadilly 940GZZLUCKS to 940GZZLUHRC\": 95, \"piccadilly 940GZZLUCKS to 940GZZLUUXB\": 95}","direction_id":"{}","headsign":"{}","duration_avg":180.0,"n_vehicles":285,"d":2658,"route_I_counts":"{\"12\": 285}","source":245,"target":246,"layer":"L","from":"Heathrow Terminals 1-2-3 Underground Station","to":"Heathrow Terminal 5 Underground Station"},"geometry":{"type":"LineString","coordinates":[[-0.452265,51.471235],[-0.49056,51.470052]]}},{"type":"Feature","properties":{"shape_id":"{\"piccadilly 940GZZLUHR4 to 940GZZLUCKS\": 108, \"piccadilly 940GZZLUHR5 to 940GZZLUCKS\": 108}","direction_id":"{}","headsign":"{}","duration_avg":180.0,"n_vehicles":216,"d":2077,"route_I_counts":"{\"12\": 216}","source":245,"target":244,"layer":"L","from":"Heathrow Terminals 1-2-3 Underground Station","to":"Hatton Cross Underground Station"},"geometry":{"type":"LineString","coordinates":[[-0.452265,51.471235],[-0.423191,51.466747]]}},{"type":"Feature","properties":{"shape_id":"{\"piccadilly 940GZZLUHR5 to 940GZZLUCKS\": 108}","direction_id":"{}","headsign":"{}","duration_avg":180.55555555555554,"n_vehicles":108,"d":2658,"route_I_counts":"{\"12\": 108}","source":246,"target":245,"layer":"L","from":"Heathrow Terminal 5 Underground Station","to":"Heathrow Terminals 1-2-3 Underground Station"},"geometry":{"type":"LineString","coordinates":[[-0.49056,51.470052],[-0.452265,51.471235]]}},{"type":"Feature","properties":{"shape_id":"{\"piccadilly 940GZZLUHR4 to 940GZZLUCKS\": 110}","direction_id":"{}","headsign":"{}","duration_avg":358.90909090909093,"n_vehicles":110,"d":1484,"route_I_counts":"{\"12\": 110}","source":247,"target":245,"layer":"L","from":"Heathrow Terminal 4 Underground Station","to":"Heathrow Terminals 1-2-3 Underground Station"},"geometry":{"type":"LineString","coordinates":[[-0.445771,51.458524],[-0.452265,51.471235]]}},{"type":"Feature","properties":{"shape_id":"{\"piccadilly 940GZZLUUXB to 940GZZLUCKS\": 60}","direction_id":"{}","headsign":"{}","duration_avg":120.0,"n_vehicles":60,"d":820,"route_I_counts":"{\"12\": 60}","source":248,"target":135,"layer":"L","from":"North Ealing Underground Station","to":"Ealing Common Underground Station"},"geometry":{"type":"LineString","coordinates":[[-0.288868,51.517505],[-0.288265,51.51014]]}},{"type":"Feature","properties":{"duration_avg":120.0,"n_vehicles":255,"d":1115,"route_I_counts":"{\"12\": 255}","shape_id":"{\"piccadilly 940GZZLUCKS to 940GZZLUHR5\": 85, \"piccadilly 940GZZLUCKS to 940GZZLUHRC\": 85, \"piccadilly 940GZZLUCKS to 940GZZLUUXB\": 85}","direction_id":"{}","headsign":"{}","source":248,"target":52,"layer":"L","from":"North Ealing Underground Station","to":"Hanger Lane Underground Station"},"geometry":{"type":"LineString","coordinates":[[-0.288868,51.517505],[-0.292704,51.530177]]}},{"type":"Feature","properties":{"shape_id":"{\"piccadilly 940GZZLUCKS to 940GZZLUHR5\": 85, \"piccadilly 940GZZLUCKS to 940GZZLUHRC\": 85, \"piccadilly 940GZZLUCKS to 940GZZLUUXB\": 85}","direction_id":"{}","headsign":"{}","duration_avg":180.0,"n_vehicles":255,"d":1591,"route_I_counts":"{\"12\": 255}","source":249,"target":250,"layer":"L","from":"Alperton Underground Station","to":"Sudbury Town Underground Station"},"geometry":{"type":"LineString","coordinates":[[-0.29961,51.540627],[-0.315745,51.550815]]}},{"type":"Feature","properties":{"duration_avg":187.0,"n_vehicles":60,"d":1837,"route_I_counts":"{\"12\": 60}","shape_id":"{\"piccadilly 940GZZLUUXB to 940GZZLUCKS\": 60}","direction_id":"{}","headsign":"{}","source":249,"target":52,"layer":"L","from":"Alperton Underground Station","to":"Hanger Lane Underground Station"},"geometry":{"type":"LineString","coordinates":[[-0.29961,51.540627],[-0.292704,51.530177]]}},{"type":"Feature","properties":{"shape_id":"{\"piccadilly 940GZZLUCKS to 940GZZLUHR5\": 85, \"piccadilly 940GZZLUCKS to 940GZZLUHRC\": 85, \"piccadilly 940GZZLUCKS to 940GZZLUUXB\": 85}","direction_id":"{}","headsign":"{}","duration_avg":209.64705882352942,"n_vehicles":255,"d":1586,"route_I_counts":"{\"12\": 255}","source":250,"target":251,"layer":"L","from":"Sudbury Town Underground Station","to":"Sudbury Hill Underground Station"},"geometry":{"type":"LineString","coordinates":[[-0.315745,51.550815],[-0.336435,51.556946]]}},{"type":"Feature","properties":{"shape_id":"{\"piccadilly 940GZZLUUXB to 940GZZLUCKS\": 60}","direction_id":"{}","headsign":"{}","duration_avg":180.0,"n_vehicles":60,"d":1591,"route_I_counts":"{\"12\": 60}","source":250,"target":249,"layer":"L","from":"Sudbury Town Underground Station","to":"Alperton Underground Station"},"geometry":{"type":"LineString","coordinates":[[-0.315745,51.550815],[-0.29961,51.540627]]}},{"type":"Feature","properties":{"shape_id":"{\"piccadilly 940GZZLUCKS to 940GZZLUHR5\": 85, \"piccadilly 940GZZLUCKS to 940GZZLUHRC\": 85, \"piccadilly 940GZZLUCKS to 940GZZLUUXB\": 85}","direction_id":"{}","headsign":"{}","duration_avg":237.1764705882353,"n_vehicles":255,"d":1420,"route_I_counts":"{\"12\": 255}","source":251,"target":252,"layer":"L","from":"Sudbury Hill Underground Station","to":"South Harrow Underground Station"},"geometry":{"type":"LineString","coordinates":[[-0.336435,51.556946],[-0.352492,51.564888]]}},{"type":"Feature","properties":{"shape_id":"{\"piccadilly 940GZZLUUXB to 940GZZLUCKS\": 60}","direction_id":"{}","headsign":"{}","duration_avg":180.0,"n_vehicles":60,"d":1586,"route_I_counts":"{\"12\": 60}","source":251,"target":250,"layer":"L","from":"Sudbury Hill Underground Station","to":"Sudbury Town Underground Station"},"geometry":{"type":"LineString","coordinates":[[-0.336435,51.556946],[-0.315745,51.550815]]}},{"type":"Feature","properties":{"shape_id":"{\"piccadilly 940GZZLUCKS to 940GZZLUHR5\": 84, \"piccadilly 940GZZLUCKS to 940GZZLUHRC\": 84, \"piccadilly 940GZZLUCKS to 940GZZLUUXB\": 84}","direction_id":"{}","headsign":"{}","duration_avg":180.0,"n_vehicles":252,"d":1722,"route_I_counts":"{\"12\": 252}","source":252,"target":170,"layer":"L","from":"South Harrow Underground Station","to":"Rayners Lane Underground Station"},"geometry":{"type":"LineString","coordinates":[[-0.352492,51.564888],[-0.371127,51.575147]]}},{"type":"Feature","properties":{"shape_id":"{\"piccadilly 940GZZLUUXB to 940GZZLUCKS\": 60}","direction_id":"{}","headsign":"{}","duration_avg":173.0,"n_vehicles":60,"d":1420,"route_I_counts":"{\"12\": 60}","source":252,"target":251,"layer":"L","from":"South Harrow Underground Station","to":"Sudbury Hill Underground Station"},"geometry":{"type":"LineString","coordinates":[[-0.352492,51.564888],[-0.336435,51.556946]]}},{"type":"Feature","properties":{"shape_id":"{\"victoria 940GZZLUWWL to 940GZZLUBXN\": 492}","direction_id":"{}","headsign":"{}","duration_avg":120.0,"n_vehicles":492,"d":1535,"route_I_counts":"{\"21\": 492}","source":253,"target":254,"layer":"L","from":"Walthamstow Central Underground Station","to":"Blackhorse Road Underground Station"},"geometry":{"type":"LineString","coordinates":[[-0.019885,51.582965],[-0.04115,51.586919]]}},{"type":"Feature","properties":{"shape_id":"{\"victoria 940GZZLUWWL to 940GZZLUBXN\": 491}","direction_id":"{}","headsign":"{}","duration_avg":120.0,"n_vehicles":491,"d":1327,"route_I_counts":"{\"21\": 491}","source":254,"target":255,"layer":"L","from":"Blackhorse Road Underground Station","to":"Tottenham Hale Underground Station"},"geometry":{"type":"LineString","coordinates":[[-0.04115,51.586919],[-0.060241,51.588108]]}},{"type":"Feature","properties":{"shape_id":"{\"victoria 940GZZLUBXN to 940GZZLUWWL\": 488}","direction_id":"{}","headsign":"{}","duration_avg":60.0,"n_vehicles":488,"d":1535,"route_I_counts":"{\"21\": 488}","source":254,"target":253,"layer":"L","from":"Blackhorse Road Underground Station","to":"Walthamstow Central Underground Station"},"geometry":{"type":"LineString","coordinates":[[-0.04115,51.586919],[-0.019885,51.582965]]}},{"type":"Feature","properties":{"shape_id":"{\"victoria 940GZZLUWWL to 940GZZLUBXN\": 491}","direction_id":"{}","headsign":"{}","duration_avg":120.0,"n_vehicles":491,"d":1005,"route_I_counts":"{\"21\": 491}","source":255,"target":256,"layer":"L","from":"Tottenham Hale Underground Station","to":"Seven Sisters Underground Station"},"geometry":{"type":"LineString","coordinates":[[-0.060241,51.588108],[-0.072584,51.58333]]}},{"type":"Feature","properties":{"shape_id":"{\"victoria 940GZZLUBXN to 940GZZLUWWL\": 488}","direction_id":"{}","headsign":"{}","duration_avg":120.0,"n_vehicles":488,"d":1327,"route_I_counts":"{\"21\": 488}","source":255,"target":254,"layer":"L","from":"Tottenham Hale Underground Station","to":"Blackhorse Road Underground Station"},"geometry":{"type":"LineString","coordinates":[[-0.060241,51.588108],[-0.04115,51.586919]]}},{"type":"Feature","properties":{"shape_id":"{\"victoria 940GZZLUWWL to 940GZZLUBXN\": 490}","direction_id":"{}","headsign":"{}","duration_avg":180.0,"n_vehicles":490,"d":3188,"route_I_counts":"{\"21\": 490}","source":256,"target":229,"layer":"L","from":"Seven Sisters Underground Station","to":"Finsbury Park Underground Station"},"geometry":{"type":"LineString","coordinates":[[-0.072584,51.58333],[-0.106825,51.564158]]}},{"type":"Feature","properties":{"shape_id":"{\"victoria 940GZZLUBXN to 940GZZLUWWL\": 488}","direction_id":"{}","headsign":"{}","duration_avg":120.0,"n_vehicles":488,"d":1005,"route_I_counts":"{\"21\": 488}","source":256,"target":255,"layer":"L","from":"Seven Sisters Underground Station","to":"Tottenham Hale Underground Station"},"geometry":{"type":"LineString","coordinates":[[-0.072584,51.58333],[-0.060241,51.588108]]}},{"type":"Feature","properties":{"shape_id":"{\"victoria 940GZZLUWWL to 940GZZLUBXN\": 489}","direction_id":"{}","headsign":"{}","duration_avg":180.0,"n_vehicles":489,"d":2223,"route_I_counts":"{\"21\": 489}","source":257,"target":94,"layer":"L","from":"Highbury & Islington Underground Station","to":"King's Cross St. Pancras Underground Station"},"geometry":{"type":"LineString","coordinates":[[-0.103324,51.54635],[-0.123194,51.530663]]}},{"type":"Feature","properties":{"shape_id":"{\"victoria 940GZZLUBXN to 940GZZLUWWL\": 527}","direction_id":"{}","headsign":"{}","duration_avg":120.0,"n_vehicles":527,"d":1997,"route_I_counts":"{\"21\": 527}","source":257,"target":229,"layer":"L","from":"Highbury & Islington Underground Station","to":"Finsbury Park Underground Station"},"geometry":{"type":"LineString","coordinates":[[-0.103324,51.54635],[-0.106825,51.564158]]}},{"type":"Feature","properties":{"shape_id":"{\"victoria 940GZZLUWWL to 940GZZLUBXN\": 487}","direction_id":"{}","headsign":"{}","duration_avg":120.0,"n_vehicles":487,"d":760,"route_I_counts":"{\"21\": 487}","source":258,"target":259,"layer":"L","from":"Pimlico Underground Station","to":"Vauxhall Underground Station"},"geometry":{"type":"LineString","coordinates":[[-0.133761,51.489097],[-0.124204,51.485743]]}},{"type":"Feature","properties":{"shape_id":"{\"victoria 940GZZLUBXN to 940GZZLUWWL\": 530}","direction_id":"{}","headsign":"{}","duration_avg":120.0,"n_vehicles":530,"d":1035,"route_I_counts":"{\"21\": 530}","source":258,"target":77,"layer":"L","from":"Pimlico Underground Station","to":"Victoria Underground Station"},"geometry":{"type":"LineString","coordinates":[[-0.133761,51.489097],[-0.143102,51.496359]]}},{"type":"Feature","properties":{"shape_id":"{\"victoria 940GZZLUWWL to 940GZZLUBXN\": 486}","direction_id":"{}","headsign":"{}","duration_avg":120.0,"n_vehicles":486,"d":1513,"route_I_counts":"{\"21\": 486}","source":259,"target":198,"layer":"L","from":"Vauxhall Underground Station","to":"Stockwell Underground Station"},"geometry":{"type":"LineString","coordinates":[[-0.124204,51.485743],[-0.122644,51.472184]]}},{"type":"Feature","properties":{"shape_id":"{\"victoria 940GZZLUBXN to 940GZZLUWWL\": 531}","direction_id":"{}","headsign":"{}","duration_avg":60.0,"n_vehicles":531,"d":760,"route_I_counts":"{\"21\": 531}","source":259,"target":258,"layer":"L","from":"Vauxhall Underground Station","to":"Pimlico Underground Station"},"geometry":{"type":"LineString","coordinates":[[-0.124204,51.485743],[-0.133761,51.489097]]}},{"type":"Feature","properties":{"shape_id":"{\"victoria 940GZZLUBXN to 940GZZLUWWL\": 531}","direction_id":"{}","headsign":"{}","duration_avg":120.0,"n_vehicles":531,"d":1193,"route_I_counts":"{\"21\": 531}","source":260,"target":198,"layer":"L","from":"Brixton Underground Station","to":"Stockwell Underground Station"},"geometry":{"type":"LineString","coordinates":[[-0.114888,51.462618],[-0.122644,51.472184]]}}]}