{"type":"FeatureCollection","features":[{"type":"Feature","geometry":{"type":"Point","coordinates":[-3.6668,40.48014]},"properties":{"name":"PINAR DE CHAMARTIN","original_ids":"[98, 381]","id":0,"layer":"stop"}},{"type":"Feature","geometry":{"type":"Point","coordinates":[-3.67637,40.47682]},"properties":{"name":"BAMBU","original_ids":"[95]","id":1,"layer":"stop"}},{"type":"Feature","geometry":{"type":"Point","coordinates":[-3.68259,40.47203]},"properties":{"name":"CHAMARTIN","original_ids":"[92, 1013]","id":2,"layer":"stop"}},{"type":"Feature","geometry":{"type":"Point","coordinates":[-3.68917,40.4669]},"properties":{"name":"PLAZA DE CASTILLA","original_ids":"[1, 912, 1014]","id":3,"layer":"stop"}},{"type":"Feature","geometry":{"type":"Point","coordinates":[-3.69506,40.46442]},"properties":{"name":"VALDEACEDERAS","original_ids":"[55]","id":4,"layer":"stop"}},{"type":"Feature","geometry":{"type":"Point","coordinates":[-3.69825,40.46055]},"properties":{"name":"TETUAN","original_ids":"[114]","id":5,"layer":"stop"}},{"type":"Feature","geometry":{"type":"Point","coordinates":[-3.70302,40.45429]},"properties":{"name":"ESTRECHO","original_ids":"[117]","id":6,"layer":"stop"}},{"type":"Feature","geometry":{"type":"Point","coordinates":[-3.70331,40.45033]},"properties":{"name":"ALVARADO","original_ids":"[122]","id":7,"layer":"stop"}},{"type":"Feature","geometry":{"type":"Point","coordinates":[-3.70397,40.44697]},"properties":{"name":"CUATRO CAMINOS","original_ids":"[125, 254, 685]","id":8,"layer":"stop"}},{"type":"Feature","geometry":{"type":"Point","coordinates":[-3.70133,40.44198]},"properties":{"name":"RIOS ROSAS","original_ids":"[132]","id":9,"layer":"stop"}},{"type":"Feature","geometry":{"type":"Point","coordinates":[-3.69898,40.43492]},"properties":{"name":"IGLESIA","original_ids":"[136]","id":10,"layer":"stop"}},{"type":"Feature","geometry":{"type":"Point","coordinates":[-3.70218,40.42906]},"properties":{"name":"BILBAO","original_ids":"[144, 384]","id":11,"layer":"stop"}},{"type":"Feature","geometry":{"type":"Point","coordinates":[-3.7011,40.42619]},"properties":{"name":"TRIBUNAL","original_ids":"[10, 1026]","id":12,"layer":"stop"}},{"type":"Feature","geometry":{"type":"Point","coordinates":[-3.7018,40.42001]},"properties":{"name":"GRAN VIA","original_ids":"[14, 542]","id":13,"layer":"stop"}},{"type":"Feature","geometry":{"type":"Point","coordinates":[-3.70326,40.41688]},"properties":{"name":"SOL","original_ids":"[19, 235, 321]","id":14,"layer":"stop"}},{"type":"Feature","geometry":{"type":"Point","coordinates":[-3.70466,40.41235]},"properties":{"name":"TIRSO DE MOLINA","original_ids":"[27]","id":15,"layer":"stop"}},{"type":"Feature","geometry":{"type":"Point","coordinates":[-3.69937,40.41246]},"properties":{"name":"ANTON MARTIN","original_ids":"[30]","id":16,"layer":"stop"}},{"type":"Feature","geometry":{"type":"Point","coordinates":[-3.69249,40.40885]},"properties":{"name":"ESTACION DEL ARTE","original_ids":"[35]","id":17,"layer":"stop"}},{"type":"Feature","geometry":{"type":"Point","coordinates":[-3.68938,40.40659]},"properties":{"name":"ATOCHA RENFE","original_ids":"[38]","id":18,"layer":"stop"}},{"type":"Feature","geometry":{"type":"Point","coordinates":[-3.68098,40.40445]},"properties":{"name":"MENENDEZ PELAYO","original_ids":"[42]","id":19,"layer":"stop"}},{"type":"Feature","geometry":{"type":"Point","coordinates":[-3.67514,40.40126]},"properties":{"name":"PACIFICO","original_ids":"[46, 636]","id":20,"layer":"stop"}},{"type":"Feature","geometry":{"type":"Point","coordinates":[-3.66906,40.39819]},"properties":{"name":"PUENTE DE VALLECAS","original_ids":"[51]","id":21,"layer":"stop"}},{"type":"Feature","geometry":{"type":"Point","coordinates":[-3.66414,40.39554]},"properties":{"name":"NUEVA NUMANCIA","original_ids":"[58]","id":22,"layer":"stop"}},{"type":"Feature","geometry":{"type":"Point","coordinates":[-3.65868,40.39266]},"properties":{"name":"PORTAZGO","original_ids":"[63]","id":23,"layer":"stop"}},{"type":"Feature","geometry":{"type":"Point","coordinates":[-3.65391,40.39156]},"properties":{"name":"BUENOS AIRES","original_ids":"[70]","id":24,"layer":"stop"}},{"type":"Feature","geometry":{"type":"Point","coordinates":[-3.64522,40.38977]},"properties":{"name":"ALTO DEL ARENAL","original_ids":"[73]","id":25,"layer":"stop"}},{"type":"Feature","geometry":{"type":"Point","coordinates":[-3.63951,40.38732]},"properties":{"name":"MIGUEL HERNANDEZ","original_ids":"[77]","id":26,"layer":"stop"}},{"type":"Feature","geometry":{"type":"Point","coordinates":[-3.62472,40.38216]},"properties":{"name":"SIERRA DE GUADALUPE","original_ids":"[82]","id":27,"layer":"stop"}},{"type":"Feature","geometry":{"type":"Point","coordinates":[-3.6213,40.3796]},"properties":{"name":"VILLA DE VALLECAS","original_ids":"[88]","id":28,"layer":"stop"}},{"type":"Feature","geometry":{"type":"Point","coordinates":[-3.61884,40.37238]},"properties":{"name":"CONGOSTO","original_ids":"[101]","id":29,"layer":"stop"}},{"type":"Feature","geometry":{"type":"Point","coordinates":[-3.61346,40.37019]},"properties":{"name":"LA GAVIA","original_ids":"[105]","id":30,"layer":"stop"}},{"type":"Feature","geometry":{"type":"Point","coordinates":[-3.59953,40.36323]},"properties":{"name":"LAS SUERTES","original_ids":"[108]","id":31,"layer":"stop"}},{"type":"Feature","geometry":{"type":"Point","coordinates":[-3.59316,40.36007]},"properties":{"name":"VALDECARROS","original_ids":"[111]","id":32,"layer":"stop"}},{"type":"Feature","geometry":{"type":"Point","coordinates":[-3.60331,40.42375]},"properties":{"name":"LAS ROSAS","original_ids":"[224]","id":33,"layer":"stop"}},{"type":"Feature","geometry":{"type":"Point","coordinates":[-3.61206,40.42239]},"properties":{"name":"AVENIDA DE GUADALAJARA","original_ids":"[221]","id":34,"layer":"stop"}},{"type":"Feature","geometry":{"type":"Point","coordinates":[-3.62351,40.41829]},"properties":{"name":"ALSACIA","original_ids":"[216]","id":35,"layer":"stop"}},{"type":"Feature","geometry":{"type":"Point","coordinates":[-3.63914,40.42361]},"properties":{"name":"LA ALMUDENA","original_ids":"[213]","id":36,"layer":"stop"}},{"type":"Feature","geometry":{"type":"Point","coordinates":[-3.65052,40.42662]},"properties":{"name":"LA ELIPA","original_ids":"[184]","id":37,"layer":"stop"}},{"type":"Feature","geometry":{"type":"Point","coordinates":[-3.66366,40.43088]},"properties":{"name":"VENTAS","original_ids":"[187, 529]","id":38,"layer":"stop"}},{"type":"Feature","geometry":{"type":"Point","coordinates":[-3.66926,40.4279]},"properties":{"name":"MANUEL BECERRA","original_ids":"[190, 655]","id":39,"layer":"stop"}},{"type":"Feature","geometry":{"type":"Point","coordinates":[-3.67591,40.42455]},"properties":{"name":"GOYA","original_ids":"[193, 403]","id":40,"layer":"stop"}},{"type":"Feature","geometry":{"type":"Point","coordinates":[-3.68012,40.42294]},"properties":{"name":"PRINCIPE DE VERGARA","original_ids":"[204, 929]","id":41,"layer":"stop"}},{"type":"Feature","geometry":{"type":"Point","coordinates":[-3.68624,40.42031]},"properties":{"name":"RETIRO","original_ids":"[208]","id":42,"layer":"stop"}},{"type":"Feature","geometry":{"type":"Point","coordinates":[-3.69497,40.41922]},"properties":{"name":"BANCO DE ESPAÑA","original_ids":"[227]","id":43,"layer":"stop"}},{"type":"Feature","geometry":{"type":"Point","coordinates":[-3.69925,40.41805]},"properties":{"name":"SEVILLA","original_ids":"[232]","id":44,"layer":"stop"}},{"type":"Feature","geometry":{"type":"Point","coordinates":[-3.70942,40.41809]},"properties":{"name":"OPERA","original_ids":"[236, 544, 1271]","id":45,"layer":"stop"}},{"type":"Feature","geometry":{"type":"Point","coordinates":[-3.70796,40.42132]},"properties":{"name":"SANTO DOMINGO","original_ids":"[240]","id":46,"layer":"stop"}},{"type":"Feature","geometry":{"type":"Point","coordinates":[-3.70557,40.43001]},"properties":{"name":"SAN BERNARDO","original_ids":"[244, 383]","id":47,"layer":"stop"}},{"type":"Feature","geometry":{"type":"Point","coordinates":[-3.70433,40.43322]},"properties":{"name":"QUEVEDO","original_ids":"[247]","id":48,"layer":"stop"}},{"type":"Feature","geometry":{"type":"Point","coordinates":[-3.70433,40.43841]},"properties":{"name":"CANAL","original_ids":"[250, 776]","id":49,"layer":"stop"}},{"type":"Feature","geometry":{"type":"Point","coordinates":[-3.71199,40.34123]},"properties":{"name":"VILLAVERDE ALTO","original_ids":"[295]","id":50,"layer":"stop"}},{"type":"Feature","geometry":{"type":"Point","coordinates":[-3.69318,40.34154]},"properties":{"name":"SAN CRISTOBAL","original_ids":"[291]","id":51,"layer":"stop"}},{"type":"Feature","geometry":{"type":"Point","coordinates":[-3.69265,40.35089]},"properties":{"name":"VILLAVERDE BAJO CRUCE","original_ids":"[287]","id":52,"layer":"stop"}},{"type":"Feature","geometry":{"type":"Point","coordinates":[-3.69363,40.35959]},"properties":{"name":"CIUDAD DE LOS ANGELES","original_ids":"[283]","id":53,"layer":"stop"}},{"type":"Feature","geometry":{"type":"Point","coordinates":[-3.69418,40.36999]},"properties":{"name":"SAN FERMIN-ORCASUR","original_ids":"[279]","id":54,"layer":"stop"}},{"type":"Feature","geometry":{"type":"Point","coordinates":[-3.69585,40.37503]},"properties":{"name":"HOSPITAL 12 DE OCTUBRE","original_ids":"[276]","id":55,"layer":"stop"}},{"type":"Feature","geometry":{"type":"Point","coordinates":[-3.69788,40.38409]},"properties":{"name":"ALMENDRALES","original_ids":"[272]","id":56,"layer":"stop"}},{"type":"Feature","geometry":{"type":"Point","coordinates":[-3.69511,40.39116]},"properties":{"name":"LEGAZPI","original_ids":"[300, 629]","id":57,"layer":"stop"}},{"type":"Feature","geometry":{"type":"Point","coordinates":[-3.6942,40.3999]},"properties":{"name":"DELICIAS","original_ids":"[305]","id":58,"layer":"stop"}},{"type":"Feature","geometry":{"type":"Point","coordinates":[-3.69423,40.40307]},"properties":{"name":"PALOS DE LA FRONTERA","original_ids":"[310]","id":59,"layer":"stop"}},{"type":"Feature","geometry":{"type":"Point","coordinates":[-3.7009,40.40851]},"properties":{"name":"LAVAPIES","original_ids":"[318]","id":60,"layer":"stop"}},{"type":"Feature","geometry":{"type":"Point","coordinates":[-3.70566,40.42014]},"properties":{"name":"CALLAO","original_ids":"[322, 543]","id":61,"layer":"stop"}},{"type":"Feature","geometry":{"type":"Point","coordinates":[-3.7112,40.42342]},"properties":{"name":"PLAZA DE ESPAÑA","original_ids":"[330, 1027, 243]","id":62,"layer":"stop"}},{"type":"Feature","geometry":{"type":"Point","coordinates":[-3.71341,40.42709]},"properties":{"name":"VENTURA RODRIGUEZ","original_ids":"[339]","id":63,"layer":"stop"}},{"type":"Feature","geometry":{"type":"Point","coordinates":[-3.71596,40.43066]},"properties":{"name":"ARGÜELLES","original_ids":"[343, 382, 700]","id":64,"layer":"stop"}},{"type":"Feature","geometry":{"type":"Point","coordinates":[-3.71945,40.43502]},"properties":{"name":"MONCLOA","original_ids":"[350, 699]","id":65,"layer":"stop"}},{"type":"Feature","geometry":{"type":"Point","coordinates":[-3.69594,40.42772]},"properties":{"name":"ALONSO MARTINEZ","original_ids":"[385, 539, 1025]","id":66,"layer":"stop"}},{"type":"Feature","geometry":{"type":"Point","coordinates":[-3.69101,40.42542]},"properties":{"name":"COLON","original_ids":"[390]","id":67,"layer":"stop"}},{"type":"Feature","geometry":{"type":"Point","coordinates":[-3.68663,40.42543]},"properties":{"name":"SERRANO","original_ids":"[393]","id":68,"layer":"stop"}},{"type":"Feature","geometry":{"type":"Point","coordinates":[-3.68292,40.42503]},"properties":{"name":"VELAZQUEZ","original_ids":"[398]","id":69,"layer":"stop"}},{"type":"Feature","geometry":{"type":"Point","coordinates":[-3.67541,40.42917]},"properties":{"name":"LISTA","original_ids":"[404]","id":70,"layer":"stop"}},{"type":"Feature","geometry":{"type":"Point","coordinates":[-3.67495,40.43468]},"properties":{"name":"DIEGO DE LEON","original_ids":"[407, 530, 656]","id":71,"layer":"stop"}},{"type":"Feature","geometry":{"type":"Point","coordinates":[-3.67664,40.43803]},"properties":{"name":"AVENIDA DE AMERICA","original_ids":"[417, 657, 767, 927]","id":72,"layer":"stop"}},{"type":"Feature","geometry":{"type":"Point","coordinates":[-3.67482,40.44419]},"properties":{"name":"PROSPERIDAD","original_ids":"[422]","id":73,"layer":"stop"}},{"type":"Feature","geometry":{"type":"Point","coordinates":[-3.66791,40.44825]},"properties":{"name":"ALFONSO XIII","original_ids":"[424]","id":74,"layer":"stop"}},{"type":"Feature","geometry":{"type":"Point","coordinates":[-3.66118,40.45354]},"properties":{"name":"AVENIDA DE LA PAZ","original_ids":"[426]","id":75,"layer":"stop"}},{"type":"Feature","geometry":{"type":"Point","coordinates":[-3.65618,40.45583]},"properties":{"name":"ARTURO SORIA","original_ids":"[430]","id":76,"layer":"stop"}},{"type":"Feature","geometry":{"type":"Point","coordinates":[-3.64582,40.45945]},"properties":{"name":"ESPERANZA","original_ids":"[435]","id":77,"layer":"stop"}},{"type":"Feature","geometry":{"type":"Point","coordinates":[-3.6356,40.46381]},"properties":{"name":"CANILLAS","original_ids":"[437]","id":78,"layer":"stop"}},{"type":"Feature","geometry":{"type":"Point","coordinates":[-3.63832,40.46943]},"properties":{"name":"MAR DE CRISTAL","original_ids":"[443, 877]","id":79,"layer":"stop"}},{"type":"Feature","geometry":{"type":"Point","coordinates":[-3.63958,40.47447]},"properties":{"name":"SAN LORENZO","original_ids":"[448]","id":80,"layer":"stop"}},{"type":"Feature","geometry":{"type":"Point","coordinates":[-3.64524,40.47711]},"properties":{"name":"PARQUE DE SANTA MARIA","original_ids":"[452]","id":81,"layer":"stop"}},{"type":"Feature","geometry":{"type":"Point","coordinates":[-3.65257,40.47537]},"properties":{"name":"HORTALEZA","original_ids":"[375]","id":82,"layer":"stop"}},{"type":"Feature","geometry":{"type":"Point","coordinates":[-3.6629,40.47687]},"properties":{"name":"MANOTERAS","original_ids":"[378]","id":83,"layer":"stop"}},{"type":"Feature","geometry":{"type":"Point","coordinates":[-3.58752,40.45779]},"properties":{"name":"ALAMEDA DE OSUNA","original_ids":"[490]","id":84,"layer":"stop"}},{"type":"Feature","geometry":{"type":"Point","coordinates":[-3.59401,40.45347]},"properties":{"name":"EL CAPRICHO","original_ids":"[493]","id":85,"layer":"stop"}},{"type":"Feature","geometry":{"type":"Point","coordinates":[-3.60816,40.44942]},"properties":{"name":"CANILLEJAS","original_ids":"[497]","id":86,"layer":"stop"}},{"type":"Feature","geometry":{"type":"Point","coordinates":[-3.61699,40.44374]},"properties":{"name":"TORRE ARIAS","original_ids":"[501]","id":87,"layer":"stop"}},{"type":"Feature","geometry":{"type":"Point","coordinates":[-3.62684,40.44085]},"properties":{"name":"SUANZES","original_ids":"[504]","id":88,"layer":"stop"}},{"type":"Feature","geometry":{"type":"Point","coordinates":[-3.63816,40.43805]},"properties":{"name":"CIUDAD LINEAL","original_ids":"[507]","id":89,"layer":"stop"}},{"type":"Feature","geometry":{"type":"Point","coordinates":[-3.64282,40.43569]},"properties":{"name":"PUEBLO NUEVO","original_ids":"[512, 756]","id":90,"layer":"stop"}},{"type":"Feature","geometry":{"type":"Point","coordinates":[-3.64736,40.43358]},"properties":{"name":"QUINTANA","original_ids":"[519]","id":91,"layer":"stop"}},{"type":"Feature","geometry":{"type":"Point","coordinates":[-3.65757,40.43189]},"properties":{"name":"EL CARMEN","original_ids":"[524]","id":92,"layer":"stop"}},{"type":"Feature","geometry":{"type":"Point","coordinates":[-3.68258,40.43278]},"properties":{"name":"NUÑEZ DE BALBOA","original_ids":"[531, 928]","id":93,"layer":"stop"}},{"type":"Feature","geometry":{"type":"Point","coordinates":[-3.68954,40.43316]},"properties":{"name":"RUBEN DARIO","original_ids":"[535]","id":94,"layer":"stop"}},{"type":"Feature","geometry":{"type":"Point","coordinates":[-3.69762,40.42293]},"properties":{"name":"CHUECA","original_ids":"[540]","id":95,"layer":"stop"}},{"type":"Feature","geometry":{"type":"Point","coordinates":[-3.70816,40.41128]},"properties":{"name":"LA LATINA","original_ids":"[545]","id":96,"layer":"stop"}},{"type":"Feature","geometry":{"type":"Point","coordinates":[-3.71105,40.40704]},"properties":{"name":"PUERTA DE TOLEDO","original_ids":"[549]","id":97,"layer":"stop"}},{"type":"Feature","geometry":{"type":"Point","coordinates":[-3.70664,40.40387]},"properties":{"name":"ACACIAS","original_ids":"[551, 314]","id":98,"layer":"stop"}},{"type":"Feature","geometry":{"type":"Point","coordinates":[-3.71138,40.4026]},"properties":{"name":"PIRAMIDES","original_ids":"[552]","id":99,"layer":"stop"}},{"type":"Feature","geometry":{"type":"Point","coordinates":[-3.71596,40.39736]},"properties":{"name":"MARQUES DE VADILLO","original_ids":"[557]","id":100,"layer":"stop"}},{"type":"Feature","geometry":{"type":"Point","coordinates":[-3.7236,40.39335]},"properties":{"name":"URGEL","original_ids":"[560]","id":101,"layer":"stop"}},{"type":"Feature","geometry":{"type":"Point","coordinates":[-3.73132,40.38846]},"properties":{"name":"OPORTO","original_ids":"[565, 613]","id":102,"layer":"stop"}},{"type":"Feature","geometry":{"type":"Point","coordinates":[-3.73982,40.38885]},"properties":{"name":"VISTA ALEGRE","original_ids":"[570]","id":103,"layer":"stop"}},{"type":"Feature","geometry":{"type":"Point","coordinates":[-3.74487,40.38783]},"properties":{"name":"CARABANCHEL","original_ids":"[573]","id":104,"layer":"stop"}},{"type":"Feature","geometry":{"type":"Point","coordinates":[-3.75121,40.38439]},"properties":{"name":"EUGENIA DE MONTIJO","original_ids":"[575]","id":105,"layer":"stop"}},{"type":"Feature","geometry":{"type":"Point","coordinates":[-3.7608,40.38563]},"properties":{"name":"ALUCHE","original_ids":"[474]","id":106,"layer":"stop"}},{"type":"Feature","geometry":{"type":"Point","coordinates":[-3.76535,40.39057]},"properties":{"name":"EMPALME","original_ids":"[482]","id":107,"layer":"stop"}},{"type":"Feature","geometry":{"type":"Point","coordinates":[-3.76813,40.39481]},"properties":{"name":"CAMPAMENTO","original_ids":"[484]","id":108,"layer":"stop"}},{"type":"Feature","geometry":{"type":"Point","coordinates":[-3.76101,40.40324]},"properties":{"name":"CASA DE CAMPO","original_ids":"[487, 1034]","id":109,"layer":"stop"}},{"type":"Feature","geometry":{"type":"Point","coordinates":[-3.74429,40.39923]},"properties":{"name":"LAGUNA","original_ids":"[602]","id":110,"layer":"stop"}},{"type":"Feature","geometry":{"type":"Point","coordinates":[-3.74099,40.3927]},"properties":{"name":"CARPETANA","original_ids":"[608]","id":111,"layer":"stop"}},{"type":"Feature","geometry":{"type":"Point","coordinates":[-3.72313,40.3869]},"properties":{"name":"OPAÑEL","original_ids":"[614]","id":112,"layer":"stop"}},{"type":"Feature","geometry":{"type":"Point","coordinates":[-3.71837,40.3846]},"properties":{"name":"PLAZA ELIPTICA","original_ids":"[617, 1111]","id":113,"layer":"stop"}},{"type":"Feature","geometry":{"type":"Point","coordinates":[-3.7069,40.3871]},"properties":{"name":"USERA","original_ids":"[625]","id":114,"layer":"stop"}},{"type":"Feature","geometry":{"type":"Point","coordinates":[-3.68864,40.3931]},"properties":{"name":"ARGANZUELA-PLANETARIO","original_ids":"[720]","id":115,"layer":"stop"}},{"type":"Feature","geometry":{"type":"Point","coordinates":[-3.67814,40.39538]},"properties":{"name":"MENDEZ ALVARO","original_ids":"[630]","id":116,"layer":"stop"}},{"type":"Feature","geometry":{"type":"Point","coordinates":[-3.67041,40.40697]},"properties":{"name":"CONDE DE CASAL","original_ids":"[637]","id":117,"layer":"stop"}},{"type":"Feature","geometry":{"type":"Point","coordinates":[-3.66951,40.41507]},"properties":{"name":"SAINZ DE BARANDA","original_ids":"[643, 932]","id":118,"layer":"stop"}},{"type":"Feature","geometry":{"type":"Point","coordinates":[-3.6686,40.42289]},"properties":{"name":"ODONNELL","original_ids":"[650]","id":119,"layer":"stop"}},{"type":"Feature","geometry":{"type":"Point","coordinates":[-3.68406,40.44379]},"properties":{"name":"REPUBLICA ARGENTINA","original_ids":"[658]","id":120,"layer":"stop"}},{"type":"Feature","geometry":{"type":"Point","coordinates":[-3.69241,40.44662]},"properties":{"name":"NUEVOS MINISTERIOS","original_ids":"[663, 870, 1023]","id":121,"layer":"stop"}},{"type":"Feature","geometry":{"type":"Point","coordinates":[-3.71229,40.44637]},"properties":{"name":"GUZMAN EL BUENO","original_ids":"[686, 783]","id":122,"layer":"stop"}},{"type":"Feature","geometry":{"type":"Point","coordinates":[-3.71943,40.44644]},"properties":{"name":"VICENTE ALEIXANDRE","original_ids":"[692]","id":123,"layer":"stop"}},{"type":"Feature","geometry":{"type":"Point","coordinates":[-3.72678,40.44356]},"properties":{"name":"CIUDAD UNIVERSITARIA","original_ids":"[695]","id":124,"layer":"stop"}},{"type":"Feature","geometry":{"type":"Point","coordinates":[-3.72032,40.42107]},"properties":{"name":"PRINCIPE PIO","original_ids":"[701, 1028, 1272]","id":125,"layer":"stop"}},{"type":"Feature","geometry":{"type":"Point","coordinates":[-3.72724,40.4139]},"properties":{"name":"PUERTA DEL ANGEL","original_ids":"[710]","id":126,"layer":"stop"}},{"type":"Feature","geometry":{"type":"Point","coordinates":[-3.73894,40.40993]},"properties":{"name":"ALTO DE EXTREMADURA","original_ids":"[713]","id":127,"layer":"stop"}},{"type":"Feature","geometry":{"type":"Point","coordinates":[-3.74534,40.4051]},"properties":{"name":"LUCERO","original_ids":"[716]","id":128,"layer":"stop"}},{"type":"Feature","geometry":{"type":"Point","coordinates":[-3.60015,40.43339]},"properties":{"name":"ESTADIO METROPOLITANO","original_ids":"[816]","id":129,"layer":"stop"}},{"type":"Feature","geometry":{"type":"Point","coordinates":[-3.60788,40.43299]},"properties":{"name":"LAS MUSAS","original_ids":"[741]","id":130,"layer":"stop"}},{"type":"Feature","geometry":{"type":"Point","coordinates":[-3.61547,40.42799]},"properties":{"name":"SAN BLAS","original_ids":"[744]","id":131,"layer":"stop"}},{"type":"Feature","geometry":{"type":"Point","coordinates":[-3.62572,40.42799]},"properties":{"name":"SIMANCAS","original_ids":"[747]","id":132,"layer":"stop"}},{"type":"Feature","geometry":{"type":"Point","coordinates":[-3.6333,40.42842]},"properties":{"name":"GARCIA NOBLEJAS","original_ids":"[751]","id":133,"layer":"stop"}},{"type":"Feature","geometry":{"type":"Point","coordinates":[-3.64106,40.43021]},"properties":{"name":"ASCAO","original_ids":"[754]","id":134,"layer":"stop"}},{"type":"Feature","geometry":{"type":"Point","coordinates":[-3.652,40.4391]},"properties":{"name":"BARRIO DE LA CONCEPCION","original_ids":"[757]","id":135,"layer":"stop"}},{"type":"Feature","geometry":{"type":"Point","coordinates":[-3.66297,40.43945]},"properties":{"name":"PARQUE DE LAS AVENIDAS","original_ids":"[761]","id":136,"layer":"stop"}},{"type":"Feature","geometry":{"type":"Point","coordinates":[-3.67215,40.43934]},"properties":{"name":"CARTAGENA","original_ids":"[764]","id":137,"layer":"stop"}},{"type":"Feature","geometry":{"type":"Point","coordinates":[-3.69148,40.43825]},"properties":{"name":"GREGORIO MARAÑON","original_ids":"[768, 1024]","id":138,"layer":"stop"}},{"type":"Feature","geometry":{"type":"Point","coordinates":[-3.69925,40.43838]},"properties":{"name":"ALONSO CANO","original_ids":"[772]","id":139,"layer":"stop"}},{"type":"Feature","geometry":{"type":"Point","coordinates":[-3.71373,40.43907]},"properties":{"name":"ISLAS FILIPINAS","original_ids":"[777]","id":140,"layer":"stop"}},{"type":"Feature","geometry":{"type":"Point","coordinates":[-3.71239,40.45648]},"properties":{"name":"FRANCOS RODRIGUEZ","original_ids":"[784]","id":141,"layer":"stop"}},{"type":"Feature","geometry":{"type":"Point","coordinates":[-3.71597,40.46482]},"properties":{"name":"VALDEZARZA","original_ids":"[790]","id":142,"layer":"stop"}},{"type":"Feature","geometry":{"type":"Point","coordinates":[-3.71769,40.47022]},"properties":{"name":"ANTONIO MACHADO","original_ids":"[795]","id":143,"layer":"stop"}},{"type":"Feature","geometry":{"type":"Point","coordinates":[-3.71582,40.47592]},"properties":{"name":"PEÑAGRANDE","original_ids":"[799]","id":144,"layer":"stop"}},{"type":"Feature","geometry":{"type":"Point","coordinates":[-3.7184,40.4801]},"properties":{"name":"AVDA. DE LA ILUSTRACION","original_ids":"[803]","id":145,"layer":"stop"}},{"type":"Feature","geometry":{"type":"Point","coordinates":[-3.72305,40.48502]},"properties":{"name":"LACOMA","original_ids":"[806]","id":146,"layer":"stop"}},{"type":"Feature","geometry":{"type":"Point","coordinates":[-3.72604,40.4909]},"properties":{"name":"ARROYOFRESNO","original_ids":"[810]","id":147,"layer":"stop"}},{"type":"Feature","geometry":{"type":"Point","coordinates":[-3.72589,40.49511]},"properties":{"name":"PITIS","original_ids":"[813]","id":148,"layer":"stop"}},{"type":"Feature","geometry":{"type":"Point","coordinates":[-3.53453,40.41761]},"properties":{"name":"HOSPITAL DEL HENARES","original_ids":"[840]","id":149,"layer":"stop"}},{"type":"Feature","geometry":{"type":"Point","coordinates":[-3.52718,40.41777]},"properties":{"name":"HENARES","original_ids":"[837]","id":150,"layer":"stop"}},{"type":"Feature","geometry":{"type":"Point","coordinates":[-3.52549,40.42295]},"properties":{"name":"JARAMA","original_ids":"[834]","id":151,"layer":"stop"}},{"type":"Feature","geometry":{"type":"Point","coordinates":[-3.53541,40.42441]},"properties":{"name":"SAN FERNANDO","original_ids":"[831]","id":152,"layer":"stop"}},{"type":"Feature","geometry":{"type":"Point","coordinates":[-3.54792,40.42514]},"properties":{"name":"LA RAMBLA","original_ids":"[828]","id":153,"layer":"stop"}},{"type":"Feature","geometry":{"type":"Point","coordinates":[-3.56119,40.42374]},"properties":{"name":"COSLADA CENTRAL","original_ids":"[823]","id":154,"layer":"stop"}},{"type":"Feature","geometry":{"type":"Point","coordinates":[-3.56919,40.4225]},"properties":{"name":"BARRIO DEL PUERTO","original_ids":"[820]","id":155,"layer":"stop"}},{"type":"Feature","geometry":{"type":"Point","coordinates":[-3.67682,40.45634]},"properties":{"name":"COLOMBIA","original_ids":"[871, 918]","id":156,"layer":"stop"}},{"type":"Feature","geometry":{"type":"Point","coordinates":[-3.64867,40.468]},"properties":{"name":"PINAR DEL REY","original_ids":"[890]","id":157,"layer":"stop"}},{"type":"Feature","geometry":{"type":"Point","coordinates":[-3.6162,40.46389]},"properties":{"name":"FERIA DE MADRID","original_ids":"[878]","id":158,"layer":"stop"}},{"type":"Feature","geometry":{"type":"Point","coordinates":[-3.56954,40.46864]},"properties":{"name":"AEROPUERTO T1 T2 T3","original_ids":"[883]","id":159,"layer":"stop"}},{"type":"Feature","geometry":{"type":"Point","coordinates":[-3.58253,40.47577]},"properties":{"name":"BARAJAS","original_ids":"[887]","id":160,"layer":"stop"}},{"type":"Feature","geometry":{"type":"Point","coordinates":[-3.59325,40.49177]},"properties":{"name":"AEROPUERTO T4","original_ids":"[893]","id":161,"layer":"stop"}},{"type":"Feature","geometry":{"type":"Point","coordinates":[-3.70908,40.49965]},"properties":{"name":"PACO DE LUCIA","original_ids":"[982]","id":162,"layer":"stop"}},{"type":"Feature","geometry":{"type":"Point","coordinates":[-3.71634,40.4911]},"properties":{"name":"MIRASIERRA","original_ids":"[979]","id":163,"layer":"stop"}},{"type":"Feature","geometry":{"type":"Point","coordinates":[-3.70751,40.48466]},"properties":{"name":"HERRERA ORIA","original_ids":"[901]","id":164,"layer":"stop"}},{"type":"Feature","geometry":{"type":"Point","coordinates":[-3.70316,40.47689]},"properties":{"name":"BARRIO DEL PILAR","original_ids":"[904]","id":165,"layer":"stop"}},{"type":"Feature","geometry":{"type":"Point","coordinates":[-3.69588,40.46944]},"properties":{"name":"VENTILLA","original_ids":"[909]","id":166,"layer":"stop"}},{"type":"Feature","geometry":{"type":"Point","coordinates":[-3.67917,40.46763]},"properties":{"name":"DUQUE DE PASTRANA","original_ids":"[913]","id":167,"layer":"stop"}},{"type":"Feature","geometry":{"type":"Point","coordinates":[-3.67579,40.463]},"properties":{"name":"PIO XII","original_ids":"[915]","id":168,"layer":"stop"}},{"type":"Feature","geometry":{"type":"Point","coordinates":[-3.67738,40.45145]},"properties":{"name":"CONCHA ESPINA","original_ids":"[919]","id":169,"layer":"stop"}},{"type":"Feature","geometry":{"type":"Point","coordinates":[-3.67821,40.44427]},"properties":{"name":"CRUZ DEL RAYO","original_ids":"[922]","id":170,"layer":"stop"}},{"type":"Feature","geometry":{"type":"Point","coordinates":[-3.67858,40.41839]},"properties":{"name":"IBIZA","original_ids":"[930]","id":171,"layer":"stop"}},{"type":"Feature","geometry":{"type":"Point","coordinates":[-3.66179,40.41147]},"properties":{"name":"ESTRELLA","original_ids":"[933]","id":172,"layer":"stop"}},{"type":"Feature","geometry":{"type":"Point","coordinates":[-3.65273,40.41024]},"properties":{"name":"VINATEROS","original_ids":"[937]","id":173,"layer":"stop"}},{"type":"Feature","geometry":{"type":"Point","coordinates":[-3.64181,40.40522]},"properties":{"name":"ARTILLEROS","original_ids":"[942]","id":174,"layer":"stop"}},{"type":"Feature","geometry":{"type":"Point","coordinates":[-3.63512,40.40051]},"properties":{"name":"PAVONES","original_ids":"[947]","id":175,"layer":"stop"}},{"type":"Feature","geometry":{"type":"Point","coordinates":[-3.62156,40.40005]},"properties":{"name":"VALDEBERNARDO","original_ids":"[951]","id":176,"layer":"stop"}},{"type":"Feature","geometry":{"type":"Point","coordinates":[-3.60886,40.40422]},"properties":{"name":"VICALVARO","original_ids":"[955]","id":177,"layer":"stop"}},{"type":"Feature","geometry":{"type":"Point","coordinates":[-3.60239,40.40381]},"properties":{"name":"SAN CIPRIANO","original_ids":"[959]","id":178,"layer":"stop"}},{"type":"Feature","geometry":{"type":"Point","coordinates":[-3.59598,40.40132]},"properties":{"name":"PUERTA DE ARGANDA","original_ids":"[963]","id":179,"layer":"stop"}},{"type":"Feature","geometry":{"type":"Point","coordinates":[-3.54728,40.36677]},"properties":{"name":"RIVAS URBANIZACIONES","original_ids":"[967]","id":180,"layer":"stop"}},{"type":"Feature","geometry":{"type":"Point","coordinates":[-3.52479,40.34134]},"properties":{"name":"RIVAS FUTURA","original_ids":"[975]","id":181,"layer":"stop"}},{"type":"Feature","geometry":{"type":"Point","coordinates":[-3.5206,40.32837]},"properties":{"name":"RIVAS VACIAMADRID","original_ids":"[969]","id":182,"layer":"stop"}},{"type":"Feature","geometry":{"type":"Point","coordinates":[-3.47745,40.31902]},"properties":{"name":"LA POVEDA","original_ids":"[971]","id":183,"layer":"stop"}},{"type":"Feature","geometry":{"type":"Point","coordinates":[-3.44752,40.30367]},"properties":{"name":"ARGANDA DEL REY","original_ids":"[973]","id":184,"layer":"stop"}},{"type":"Feature","geometry":{"type":"Point","coordinates":[-3.6952,40.5012]},"properties":{"name":"TRES OLIVOS","original_ids":"[1056]","id":185,"layer":"stop"}},{"type":"Feature","geometry":{"type":"Point","coordinates":[-3.69283,40.49509]},"properties":{"name":"FUENCARRAL","original_ids":"[1008]","id":186,"layer":"stop"}},{"type":"Feature","geometry":{"type":"Point","coordinates":[-3.68585,40.48041]},"properties":{"name":"BEGOÑA","original_ids":"[1010]","id":187,"layer":"stop"}},{"type":"Feature","geometry":{"type":"Point","coordinates":[-3.68985,40.45842]},"properties":{"name":"CUZCO","original_ids":"[1015]","id":188,"layer":"stop"}},{"type":"Feature","geometry":{"type":"Point","coordinates":[-3.69038,40.45159]},"properties":{"name":"SANTIAGO BERNABEU","original_ids":"[1018]","id":189,"layer":"stop"}},{"type":"Feature","geometry":{"type":"Point","coordinates":[-3.73563,40.41641]},"properties":{"name":"LAGO","original_ids":"[1029]","id":190,"layer":"stop"}},{"type":"Feature","geometry":{"type":"Point","coordinates":[-3.75311,40.40786]},"properties":{"name":"BATAN","original_ids":"[1031]","id":191,"layer":"stop"}},{"type":"Feature","geometry":{"type":"Point","coordinates":[-3.77462,40.39698]},"properties":{"name":"COLONIA JARDIN","original_ids":"[1035]","id":192,"layer":"stop"}},{"type":"Feature","geometry":{"type":"Point","coordinates":[-3.78392,40.38364]},"properties":{"name":"AVIACION ESPAÑOLA","original_ids":"[1053]","id":193,"layer":"stop"}},{"type":"Feature","geometry":{"type":"Point","coordinates":[-3.79152,40.37771]},"properties":{"name":"CUATRO VIENTOS","original_ids":"[1039]","id":194,"layer":"stop"}},{"type":"Feature","geometry":{"type":"Point","coordinates":[-3.8072,40.34985]},"properties":{"name":"JOAQUIN VILUMBRALES","original_ids":"[1044]","id":195,"layer":"stop"}},{"type":"Feature","geometry":{"type":"Point","coordinates":[-3.81211,40.34524]},"properties":{"name":"PUERTA DEL SUR","original_ids":"[1048, 1139]","id":196,"layer":"stop"}},{"type":"Feature","geometry":{"type":"Point","coordinates":[-3.61145,40.55977]},"properties":{"name":"HOSPITAL INFANTA SOFIA","original_ids":"[1085]","id":197,"layer":"stop"}},{"type":"Feature","geometry":{"type":"Point","coordinates":[-3.6234,40.55037]},"properties":{"name":"REYES CATOLICOS","original_ids":"[1082]","id":198,"layer":"stop"}},{"type":"Feature","geometry":{"type":"Point","coordinates":[-3.63513,40.55442]},"properties":{"name":"BAUNATAL","original_ids":"[1079]","id":199,"layer":"stop"}},{"type":"Feature","geometry":{"type":"Point","coordinates":[-3.64688,40.55048]},"properties":{"name":"MANUEL DE FALLA","original_ids":"[1076]","id":200,"layer":"stop"}},{"type":"Feature","geometry":{"type":"Point","coordinates":[-3.63738,40.54102]},"properties":{"name":"MARQUES DE LA VALDAVIA","original_ids":"[1073]","id":201,"layer":"stop"}},{"type":"Feature","geometry":{"type":"Point","coordinates":[-3.63556,40.53196]},"properties":{"name":"LA MORALEJA","original_ids":"[1070]","id":202,"layer":"stop"}},{"type":"Feature","geometry":{"type":"Point","coordinates":[-3.65859,40.5276]},"properties":{"name":"LA GRANJA","original_ids":"[1067]","id":203,"layer":"stop"}},{"type":"Feature","geometry":{"type":"Point","coordinates":[-3.66277,40.51553]},"properties":{"name":"RONDA DE LA COMUNICACION","original_ids":"[1064]","id":204,"layer":"stop"}},{"type":"Feature","geometry":{"type":"Point","coordinates":[-3.66944,40.50833]},"properties":{"name":"LAS TABLAS","original_ids":"[1061]","id":205,"layer":"stop"}},{"type":"Feature","geometry":{"type":"Point","coordinates":[-3.69575,40.50525]},"properties":{"name":"MONTECARMELO","original_ids":"[1058]","id":206,"layer":"stop"}},{"type":"Feature","geometry":{"type":"Point","coordinates":[-3.7279,40.38083]},"properties":{"name":"ABRANTES","original_ids":"[1112]","id":207,"layer":"stop"}},{"type":"Feature","geometry":{"type":"Point","coordinates":[-3.73417,40.37587]},"properties":{"name":"PAN BENDITO","original_ids":"[1116]","id":208,"layer":"stop"}},{"type":"Feature","geometry":{"type":"Point","coordinates":[-3.7391,40.3736]},"properties":{"name":"SAN FRANCISCO","original_ids":"[1120]","id":209,"layer":"stop"}},{"type":"Feature","geometry":{"type":"Point","coordinates":[-3.75191,40.372]},"properties":{"name":"CARABANCHEL ALTO","original_ids":"[1124]","id":210,"layer":"stop"}},{"type":"Feature","geometry":{"type":"Point","coordinates":[-3.7569,40.36422]},"properties":{"name":"LA PESETA","original_ids":"[1127]","id":211,"layer":"stop"}},{"type":"Feature","geometry":{"type":"Point","coordinates":[-3.77783,40.35795]},"properties":{"name":"LA FORTUNA","original_ids":"[1130]","id":212,"layer":"stop"}},{"type":"Feature","geometry":{"type":"Point","coordinates":[-3.8212,40.34969]},"properties":{"name":"PARQUE LISBOA","original_ids":"[1140]","id":213,"layer":"stop"}},{"type":"Feature","geometry":{"type":"Point","coordinates":[-3.83178,40.35008]},"properties":{"name":"ALCORCON CENTRAL","original_ids":"[1143]","id":214,"layer":"stop"}},{"type":"Feature","geometry":{"type":"Point","coordinates":[-3.84934,40.34589]},"properties":{"name":"PARQUE OESTE","original_ids":"[1151]","id":215,"layer":"stop"}},{"type":"Feature","geometry":{"type":"Point","coordinates":[-3.87218,40.33512]},"properties":{"name":"UNIVERSIDAD REY JUAN CARLOS","original_ids":"[1154]","id":216,"layer":"stop"}},{"type":"Feature","geometry":{"type":"Point","coordinates":[-3.86354,40.3285]},"properties":{"name":"MOSTOLES CENTRAL","original_ids":"[1158]","id":217,"layer":"stop"}},{"type":"Feature","geometry":{"type":"Point","coordinates":[-3.86489,40.32168]},"properties":{"name":"PRADILLO","original_ids":"[1163]","id":218,"layer":"stop"}},{"type":"Feature","geometry":{"type":"Point","coordinates":[-3.87471,40.31652]},"properties":{"name":"HOSPITAL DE MOSTOLES","original_ids":"[1166]","id":219,"layer":"stop"}},{"type":"Feature","geometry":{"type":"Point","coordinates":[-3.86402,40.30903]},"properties":{"name":"MANUELA MALASAÑA","original_ids":"[1169]","id":220,"layer":"stop"}},{"type":"Feature","geometry":{"type":"Point","coordinates":[-3.83768,40.29681]},"properties":{"name":"LORANCA","original_ids":"[1172]","id":221,"layer":"stop"}},{"type":"Feature","geometry":{"type":"Point","coordinates":[-3.81642,40.28576]},"properties":{"name":"HOSPITAL DE FUENLABRADA","original_ids":"[1176]","id":222,"layer":"stop"}},{"type":"Feature","geometry":{"type":"Point","coordinates":[-3.80632,40.28518]},"properties":{"name":"PARQUE EUROPA","original_ids":"[1180]","id":223,"layer":"stop"}},{"type":"Feature","geometry":{"type":"Point","coordinates":[-3.79891,40.28268]},"properties":{"name":"FUENLABRADA CENTRAL","original_ids":"[1183]","id":224,"layer":"stop"}},{"type":"Feature","geometry":{"type":"Point","coordinates":[-3.78697,40.28684]},"properties":{"name":"PARQUE DE LOS ESTADOS","original_ids":"[1188]","id":225,"layer":"stop"}},{"type":"Feature","geometry":{"type":"Point","coordinates":[-3.75682,40.28874]},"properties":{"name":"ARROYO CULEBRO","original_ids":"[1192]","id":226,"layer":"stop"}},{"type":"Feature","geometry":{"type":"Point","coordinates":[-3.74576,40.29324]},"properties":{"name":"CONSERVATORIO","original_ids":"[1195]","id":227,"layer":"stop"}},{"type":"Feature","geometry":{"type":"Point","coordinates":[-3.73664,40.30081]},"properties":{"name":"ALONSO DE MENDOZA","original_ids":"[1198]","id":228,"layer":"stop"}},{"type":"Feature","geometry":{"type":"Point","coordinates":[-3.73403,40.30993]},"properties":{"name":"GETAFE CENTRAL","original_ids":"[1201]","id":229,"layer":"stop"}},{"type":"Feature","geometry":{"type":"Point","coordinates":[-3.72224,40.3118]},"properties":{"name":"JUAN DE LA CIERVA","original_ids":"[1205]","id":230,"layer":"stop"}},{"type":"Feature","geometry":{"type":"Point","coordinates":[-3.70985,40.31862]},"properties":{"name":"EL CASAR","original_ids":"[1209]","id":231,"layer":"stop"}},{"type":"Feature","geometry":{"type":"Point","coordinates":[-3.7182,40.32423]},"properties":{"name":"LOS ESPARTALES","original_ids":"[1214]","id":232,"layer":"stop"}},{"type":"Feature","geometry":{"type":"Point","coordinates":[-3.72963,40.32907]},"properties":{"name":"EL BERCIAL","original_ids":"[1217]","id":233,"layer":"stop"}},{"type":"Feature","geometry":{"type":"Point","coordinates":[-3.74018,40.33664]},"properties":{"name":"EL CARRASCAL","original_ids":"[1219]","id":234,"layer":"stop"}},{"type":"Feature","geometry":{"type":"Point","coordinates":[-3.75266,40.33475]},"properties":{"name":"JULIAN BESTEIRO","original_ids":"[1223]","id":235,"layer":"stop"}},{"type":"Feature","geometry":{"type":"Point","coordinates":[-3.75942,40.3266]},"properties":{"name":"CASA DEL RELOJ","original_ids":"[1227]","id":236,"layer":"stop"}},{"type":"Feature","geometry":{"type":"Point","coordinates":[-3.76797,40.32177]},"properties":{"name":"HOSPITAL SEVERO OCHOA","original_ids":"[1231]","id":237,"layer":"stop"}},{"type":"Feature","geometry":{"type":"Point","coordinates":[-3.77154,40.32899]},"properties":{"name":"LEGANES CENTRAL","original_ids":"[1235]","id":238,"layer":"stop"}},{"type":"Feature","geometry":{"type":"Point","coordinates":[-3.77587,40.33616]},"properties":{"name":"SAN NICASIO","original_ids":"[1240]","id":239,"layer":"stop"}},{"type":"Feature","properties":{"shape_id":"{\"4__1____1__IT_1\": 211}","direction_id":"{\"0\": 211}","headsign":"{\"VALDECARROS\": 211}","duration_avg":190.0,"n_vehicles":211,"d":890,"route_I_counts":"{\"1\": 211}","source":0,"target":1,"layer":"L","from":"PINAR DE CHAMARTIN","to":"BAMBU"},"geometry":{"type":"LineString","coordinates":[[-3.6668,40.48014],[-3.67637,40.47682]]}},{"type":"Feature","properties":{"duration_avg":97.0,"n_vehicles":227,"d":489,"route_I_counts":"{\"4\": 227}","shape_id":"{\"4__4____2__IT_1\": 227}","direction_id":"{\"1\": 227}","headsign":"{\"ARGÜELLES\": 227}","source":0,"target":83,"layer":"L","from":"PINAR DE CHAMARTIN","to":"MANOTERAS"},"geometry":{"type":"LineString","coordinates":[[-3.6668,40.48014],[-3.6629,40.47687]]}},{"type":"Feature","properties":{"shape_id":"{\"4__1____1__IT_1\": 210}","direction_id":"{\"0\": 210}","headsign":"{\"VALDECARROS\": 210}","duration_avg":127.0,"n_vehicles":210,"d":749,"route_I_counts":"{\"1\": 210}","source":1,"target":2,"layer":"L","from":"BAMBU","to":"CHAMARTIN"},"geometry":{"type":"LineString","coordinates":[[-3.67637,40.47682],[-3.68259,40.47203]]}},{"type":"Feature","properties":{"shape_id":"{\"4__1____2__IT_1\": 203}","direction_id":"{\"1\": 203}","headsign":"{\"PINAR DE CHAMARTIN\": 203}","duration_avg":190.0,"n_vehicles":203,"d":890,"route_I_counts":"{\"1\": 203}","source":1,"target":0,"layer":"L","from":"BAMBU","to":"PINAR DE CHAMARTIN"},"geometry":{"type":"LineString","coordinates":[[-3.67637,40.47682],[-3.6668,40.48014]]}},{"type":"Feature","properties":{"shape_id":"{\"4__1____1__IT_1\": 210, \"4__10_A___1__IT_1\": 214}","direction_id":"{\"0\": 424}","headsign":"{\"VALDECARROS\": 210, \"PUERTA DEL SUR\": 214}","duration_avg":139.5,"n_vehicles":424,"d":797,"route_I_counts":"{\"1\": 210, \"10\": 214}","source":2,"target":3,"layer":"L","from":"CHAMARTIN","to":"PLAZA DE CASTILLA"},"geometry":{"type":"LineString","coordinates":[[-3.68259,40.47203],[-3.68917,40.4669]]}},{"type":"Feature","properties":{"shape_id":"{\"4__1____2__IT_1\": 203}","direction_id":"{\"1\": 203}","headsign":"{\"PINAR DE CHAMARTIN\": 203}","duration_avg":126.0,"n_vehicles":203,"d":749,"route_I_counts":"{\"1\": 203}","source":2,"target":1,"layer":"L","from":"CHAMARTIN","to":"BAMBU"},"geometry":{"type":"LineString","coordinates":[[-3.68259,40.47203],[-3.67637,40.47682]]}},{"type":"Feature","properties":{"duration_avg":120.0,"n_vehicles":210,"d":965,"route_I_counts":"{\"10\": 210}","shape_id":"{\"4__10_A___2__IT_1\": 210}","direction_id":"{\"1\": 210}","headsign":"{\"TRES OLIVOS\": 210}","source":2,"target":187,"layer":"L","from":"CHAMARTIN","to":"BEGOÑA"},"geometry":{"type":"LineString","coordinates":[[-3.68259,40.47203],[-3.68585,40.48041]]}},{"type":"Feature","properties":{"shape_id":"{\"4__1____1__IT_1\": 210}","direction_id":"{\"0\": 210}","headsign":"{\"VALDECARROS\": 210}","duration_avg":81.0,"n_vehicles":210,"d":570,"route_I_counts":"{\"1\": 210}","source":3,"target":4,"layer":"L","from":"PLAZA DE CASTILLA","to":"VALDEACEDERAS"},"geometry":{"type":"LineString","coordinates":[[-3.68917,40.4669],[-3.69506,40.46442]]}},{"type":"Feature","properties":{"shape_id":"{\"4__1____2__IT_1\": 204, \"4__10_A___2__IT_1\": 210}","direction_id":"{\"1\": 414}","headsign":"{\"PINAR DE CHAMARTIN\": 204, \"TRES OLIVOS\": 210}","duration_avg":139.5,"n_vehicles":414,"d":797,"route_I_counts":"{\"1\": 204, \"10\": 210}","source":3,"target":2,"layer":"L","from":"PLAZA DE CASTILLA","to":"CHAMARTIN"},"geometry":{"type":"LineString","coordinates":[[-3.68917,40.4669],[-3.68259,40.47203]]}},{"type":"Feature","properties":{"duration_avg":83.0,"n_vehicles":182,"d":847,"route_I_counts":"{\"9\": 182}","shape_id":"{\"4__9_A___1__IT_1\": 182}","direction_id":"{\"0\": 182}","headsign":"{\"PUERTA DE ARGANDA\": 182}","source":3,"target":167,"layer":"L","from":"PLAZA DE CASTILLA","to":"DUQUE DE PASTRANA"},"geometry":{"type":"LineString","coordinates":[[-3.68917,40.4669],[-3.67917,40.46763]]}},{"type":"Feature","properties":{"duration_avg":117.0,"n_vehicles":179,"d":637,"route_I_counts":"{\"9\": 179}","shape_id":"{\"4__9_A___2__IT_1\": 179}","direction_id":"{\"1\": 179}","headsign":"{\"PACO DE LUCIA\": 179}","source":3,"target":166,"layer":"L","from":"PLAZA DE CASTILLA","to":"VENTILLA"},"geometry":{"type":"LineString","coordinates":[[-3.68917,40.4669],[-3.69588,40.46944]]}},{"type":"Feature","properties":{"duration_avg":104.0,"n_vehicles":214,"d":946,"route_I_counts":"{\"10\": 214}","shape_id":"{\"4__10_A___1__IT_1\": 214}","direction_id":"{\"0\": 214}","headsign":"{\"PUERTA DEL SUR\": 214}","source":3,"target":188,"layer":"L","from":"PLAZA DE CASTILLA","to":"CUZCO"},"geometry":{"type":"LineString","coordinates":[[-3.68917,40.4669],[-3.68985,40.45842]]}},{"type":"Feature","properties":{"shape_id":"{\"4__1____1__IT_1\": 209}","direction_id":"{\"0\": 209}","headsign":"{\"VALDECARROS\": 209}","duration_avg":87.0,"n_vehicles":209,"d":508,"route_I_counts":"{\"1\": 209}","source":4,"target":5,"layer":"L","from":"VALDEACEDERAS","to":"TETUAN"},"geometry":{"type":"LineString","coordinates":[[-3.69506,40.46442],[-3.69825,40.46055]]}},{"type":"Feature","properties":{"shape_id":"{\"4__1____2__IT_1\": 204}","direction_id":"{\"1\": 204}","headsign":"{\"PINAR DE CHAMARTIN\": 204}","duration_avg":81.0,"n_vehicles":204,"d":570,"route_I_counts":"{\"1\": 204}","source":4,"target":3,"layer":"L","from":"VALDEACEDERAS","to":"PLAZA DE CASTILLA"},"geometry":{"type":"LineString","coordinates":[[-3.69506,40.46442],[-3.68917,40.4669]]}},{"type":"Feature","properties":{"shape_id":"{\"4__1____1__IT_1\": 209}","direction_id":"{\"0\": 209}","headsign":"{\"VALDECARROS\": 209}","duration_avg":120.0,"n_vehicles":209,"d":805,"route_I_counts":"{\"1\": 209}","source":5,"target":6,"layer":"L","from":"TETUAN","to":"ESTRECHO"},"geometry":{"type":"LineString","coordinates":[[-3.69825,40.46055],[-3.70302,40.45429]]}},{"type":"Feature","properties":{"shape_id":"{\"4__1____2__IT_1\": 204}","direction_id":"{\"1\": 204}","headsign":"{\"PINAR DE CHAMARTIN\": 204}","duration_avg":88.0,"n_vehicles":204,"d":508,"route_I_counts":"{\"1\": 204}","source":5,"target":4,"layer":"L","from":"TETUAN","to":"VALDEACEDERAS"},"geometry":{"type":"LineString","coordinates":[[-3.69825,40.46055],[-3.69506,40.46442]]}},{"type":"Feature","properties":{"shape_id":"{\"4__1____1__IT_1\": 209}","direction_id":"{\"0\": 209}","headsign":"{\"VALDECARROS\": 209}","duration_avg":85.0,"n_vehicles":209,"d":441,"route_I_counts":"{\"1\": 209}","source":6,"target":7,"layer":"L","from":"ESTRECHO","to":"ALVARADO"},"geometry":{"type":"LineString","coordinates":[[-3.70302,40.45429],[-3.70331,40.45033]]}},{"type":"Feature","properties":{"shape_id":"{\"4__1____2__IT_1\": 205}","direction_id":"{\"1\": 205}","headsign":"{\"PINAR DE CHAMARTIN\": 205}","duration_avg":120.0,"n_vehicles":205,"d":805,"route_I_counts":"{\"1\": 205}","source":6,"target":5,"layer":"L","from":"ESTRECHO","to":"TETUAN"},"geometry":{"type":"LineString","coordinates":[[-3.70302,40.45429],[-3.69825,40.46055]]}},{"type":"Feature","properties":{"shape_id":"{\"4__1____1__IT_1\": 209}","direction_id":"{\"0\": 209}","headsign":"{\"VALDECARROS\": 209}","duration_avg":68.0,"n_vehicles":209,"d":378,"route_I_counts":"{\"1\": 209}","source":7,"target":8,"layer":"L","from":"ALVARADO","to":"CUATRO CAMINOS"},"geometry":{"type":"LineString","coordinates":[[-3.70331,40.45033],[-3.70397,40.44697]]}},{"type":"Feature","properties":{"shape_id":"{\"4__1____2__IT_1\": 205}","direction_id":"{\"1\": 205}","headsign":"{\"PINAR DE CHAMARTIN\": 205}","duration_avg":84.0,"n_vehicles":205,"d":441,"route_I_counts":"{\"1\": 205}","source":7,"target":6,"layer":"L","from":"ALVARADO","to":"ESTRECHO"},"geometry":{"type":"LineString","coordinates":[[-3.70331,40.45033],[-3.70302,40.45429]]}},{"type":"Feature","properties":{"shape_id":"{\"4__1____1__IT_1\": 209}","direction_id":"{\"0\": 209}","headsign":"{\"VALDECARROS\": 209}","duration_avg":81.0,"n_vehicles":209,"d":598,"route_I_counts":"{\"1\": 209}","source":8,"target":9,"layer":"L","from":"CUATRO CAMINOS","to":"RIOS ROSAS"},"geometry":{"type":"LineString","coordinates":[[-3.70397,40.44697],[-3.70133,40.44198]]}},{"type":"Feature","properties":{"shape_id":"{\"4__1____2__IT_1\": 205}","direction_id":"{\"1\": 205}","headsign":"{\"PINAR DE CHAMARTIN\": 205}","duration_avg":69.0,"n_vehicles":205,"d":378,"route_I_counts":"{\"1\": 205}","source":8,"target":7,"layer":"L","from":"CUATRO CAMINOS","to":"ALVARADO"},"geometry":{"type":"LineString","coordinates":[[-3.70397,40.44697],[-3.70331,40.45033]]}},{"type":"Feature","properties":{"duration_avg":112.0,"n_vehicles":223,"d":953,"route_I_counts":"{\"2\": 223}","shape_id":"{\"4__2____2__IT_1\": 223}","direction_id":"{\"1\": 223}","headsign":"{\"LAS ROSAS\": 223}","source":8,"target":49,"layer":"L","from":"CUATRO CAMINOS","to":"CANAL"},"geometry":{"type":"LineString","coordinates":[[-3.70397,40.44697],[-3.70433,40.43841]]}},{"type":"Feature","properties":{"duration_avg":105.0,"n_vehicles":206,"d":716,"route_I_counts":"{\"6\": 206}","shape_id":"{\"4__6_1___1__IT_1\": 206}","direction_id":"{\"0\": 206}","headsign":"{\"LAGUNA\": 206}","source":8,"target":122,"layer":"L","from":"CUATRO CAMINOS","to":"GUZMAN EL BUENO"},"geometry":{"type":"LineString","coordinates":[[-3.70397,40.44697],[-3.71229,40.44637]]}},{"type":"Feature","properties":{"duration_avg":107.0,"n_vehicles":201,"d":971,"route_I_counts":"{\"6\": 201}","shape_id":"{\"4__6_2___1__IT_1\": 201}","direction_id":"{\"0\": 201}","headsign":"{\"LAGUNA\": 201}","source":8,"target":121,"layer":"L","from":"CUATRO CAMINOS","to":"NUEVOS MINISTERIOS"},"geometry":{"type":"LineString","coordinates":[[-3.70397,40.44697],[-3.69241,40.44662]]}},{"type":"Feature","properties":{"shape_id":"{\"4__1____1__IT_1\": 208}","direction_id":"{\"0\": 208}","headsign":"{\"VALDECARROS\": 208}","duration_avg":117.0,"n_vehicles":208,"d":810,"route_I_counts":"{\"1\": 208}","source":9,"target":10,"layer":"L","from":"RIOS ROSAS","to":"IGLESIA"},"geometry":{"type":"LineString","coordinates":[[-3.70133,40.44198],[-3.69898,40.43492]]}},{"type":"Feature","properties":{"shape_id":"{\"4__1____2__IT_1\": 205}","direction_id":"{\"1\": 205}","headsign":"{\"PINAR DE CHAMARTIN\": 205}","duration_avg":81.0,"n_vehicles":205,"d":598,"route_I_counts":"{\"1\": 205}","source":9,"target":8,"layer":"L","from":"RIOS ROSAS","to":"CUATRO CAMINOS"},"geometry":{"type":"LineString","coordinates":[[-3.70133,40.44198],[-3.70397,40.44697]]}},{"type":"Feature","properties":{"shape_id":"{\"4__1____1__IT_1\": 208}","direction_id":"{\"0\": 208}","headsign":"{\"VALDECARROS\": 208}","duration_avg":111.0,"n_vehicles":208,"d":706,"route_I_counts":"{\"1\": 208}","source":10,"target":11,"layer":"L","from":"IGLESIA","to":"BILBAO"},"geometry":{"type":"LineString","coordinates":[[-3.69898,40.43492],[-3.70218,40.42906]]}},{"type":"Feature","properties":{"shape_id":"{\"4__1____2__IT_1\": 205}","direction_id":"{\"1\": 205}","headsign":"{\"PINAR DE CHAMARTIN\": 205}","duration_avg":116.0,"n_vehicles":205,"d":810,"route_I_counts":"{\"1\": 205}","source":10,"target":9,"layer":"L","from":"IGLESIA","to":"RIOS ROSAS"},"geometry":{"type":"LineString","coordinates":[[-3.69898,40.43492],[-3.70133,40.44198]]}},{"type":"Feature","properties":{"shape_id":"{\"4__1____1__IT_1\": 208}","direction_id":"{\"0\": 208}","headsign":"{\"VALDECARROS\": 208}","duration_avg":75.0,"n_vehicles":208,"d":332,"route_I_counts":"{\"1\": 208}","source":11,"target":12,"layer":"L","from":"BILBAO","to":"TRIBUNAL"},"geometry":{"type":"LineString","coordinates":[[-3.70218,40.42906],[-3.7011,40.42619]]}},{"type":"Feature","properties":{"shape_id":"{\"4__1____2__IT_1\": 206}","direction_id":"{\"1\": 206}","headsign":"{\"PINAR DE CHAMARTIN\": 206}","duration_avg":111.0,"n_vehicles":206,"d":706,"route_I_counts":"{\"1\": 206}","source":11,"target":10,"layer":"L","from":"BILBAO","to":"IGLESIA"},"geometry":{"type":"LineString","coordinates":[[-3.70218,40.42906],[-3.69898,40.43492]]}},{"type":"Feature","properties":{"duration_avg":69.0,"n_vehicles":226,"d":458,"route_I_counts":"{\"4\": 226}","shape_id":"{\"4__4____1__IT_1\": 226}","direction_id":"{\"0\": 226}","headsign":"{\"PINAR DE CHAMARTIN\": 226}","source":11,"target":66,"layer":"L","from":"BILBAO","to":"ALONSO MARTINEZ"},"geometry":{"type":"LineString","coordinates":[[-3.70218,40.42906],[-3.69594,40.42772]]}},{"type":"Feature","properties":{"duration_avg":62.0,"n_vehicles":222,"d":394,"route_I_counts":"{\"4\": 222}","shape_id":"{\"4__4____2__IT_1\": 222}","direction_id":"{\"1\": 222}","headsign":"{\"ARGÜELLES\": 222}","source":11,"target":47,"layer":"L","from":"BILBAO","to":"SAN BERNARDO"},"geometry":{"type":"LineString","coordinates":[[-3.70218,40.42906],[-3.70557,40.43001]]}},{"type":"Feature","properties":{"shape_id":"{\"4__1____1__IT_1\": 208}","direction_id":"{\"0\": 208}","headsign":"{\"VALDECARROS\": 208}","duration_avg":109.0,"n_vehicles":208,"d":690,"route_I_counts":"{\"1\": 208}","source":12,"target":13,"layer":"L","from":"TRIBUNAL","to":"GRAN VIA"},"geometry":{"type":"LineString","coordinates":[[-3.7011,40.42619],[-3.7018,40.42001]]}},{"type":"Feature","properties":{"shape_id":"{\"4__1____2__IT_1\": 206}","direction_id":"{\"1\": 206}","headsign":"{\"PINAR DE CHAMARTIN\": 206}","duration_avg":75.0,"n_vehicles":206,"d":332,"route_I_counts":"{\"1\": 206}","source":12,"target":11,"layer":"L","from":"TRIBUNAL","to":"BILBAO"},"geometry":{"type":"LineString","coordinates":[[-3.7011,40.42619],[-3.70218,40.42906]]}},{"type":"Feature","properties":{"duration_avg":66.0,"n_vehicles":212,"d":555,"route_I_counts":"{\"10\": 212}","shape_id":"{\"4__10_A___2__IT_1\": 212}","direction_id":"{\"1\": 212}","headsign":"{\"TRES OLIVOS\": 212}","source":12,"target":66,"layer":"L","from":"TRIBUNAL","to":"ALONSO MARTINEZ"},"geometry":{"type":"LineString","coordinates":[[-3.7011,40.42619],[-3.69594,40.42772]]}},{"type":"Feature","properties":{"duration_avg":79.0,"n_vehicles":213,"d":679,"route_I_counts":"{\"10\": 213}","shape_id":"{\"4__10_A___1__IT_1\": 213}","direction_id":"{\"0\": 213}","headsign":"{\"PUERTA DEL SUR\": 213}","source":12,"target":62,"layer":"L","from":"TRIBUNAL","to":"PLAZA DE ESPAÑA"},"geometry":{"type":"LineString","coordinates":[[-3.7011,40.42619],[-3.7112,40.42342]]}},{"type":"Feature","properties":{"shape_id":"{\"4__1____1__IT_1\": 208}","direction_id":"{\"0\": 208}","headsign":"{\"VALDECARROS\": 208}","duration_avg":51.0,"n_vehicles":208,"d":369,"route_I_counts":"{\"1\": 208}","source":13,"target":14,"layer":"L","from":"GRAN VIA","to":"SOL"},"geometry":{"type":"LineString","coordinates":[[-3.7018,40.42001],[-3.70326,40.41688]]}},{"type":"Feature","properties":{"shape_id":"{\"4__1____2__IT_1\": 206}","direction_id":"{\"1\": 206}","headsign":"{\"PINAR DE CHAMARTIN\": 206}","duration_avg":109.0,"n_vehicles":206,"d":690,"route_I_counts":"{\"1\": 206}","source":13,"target":12,"layer":"L","from":"GRAN VIA","to":"TRIBUNAL"},"geometry":{"type":"LineString","coordinates":[[-3.7018,40.42001],[-3.7011,40.42619]]}},{"type":"Feature","properties":{"duration_avg":77.0,"n_vehicles":190,"d":482,"route_I_counts":"{\"5\": 190}","shape_id":"{\"4__5____2__IT_1\": 190}","direction_id":"{\"1\": 190}","headsign":"{\"ALAMEDA DE OSUNA\": 190}","source":13,"target":95,"layer":"L","from":"GRAN VIA","to":"CHUECA"},"geometry":{"type":"LineString","coordinates":[[-3.7018,40.42001],[-3.69762,40.42293]]}},{"type":"Feature","properties":{"duration_avg":52.0,"n_vehicles":189,"d":327,"route_I_counts":"{\"5\": 189}","shape_id":"{\"4__5____1__IT_1\": 189}","direction_id":"{\"0\": 189}","headsign":"{\"CASA DE CAMPO\": 189}","source":13,"target":61,"layer":"L","from":"GRAN VIA","to":"CALLAO"},"geometry":{"type":"LineString","coordinates":[[-3.7018,40.42001],[-3.70566,40.42014]]}},{"type":"Feature","properties":{"shape_id":"{\"4__1____1__IT_1\": 207}","direction_id":"{\"0\": 207}","headsign":"{\"VALDECARROS\": 207}","duration_avg":106.0,"n_vehicles":207,"d":518,"route_I_counts":"{\"1\": 207}","source":14,"target":15,"layer":"L","from":"SOL","to":"TIRSO DE MOLINA"},"geometry":{"type":"LineString","coordinates":[[-3.70326,40.41688],[-3.70466,40.41235]]}},{"type":"Feature","properties":{"shape_id":"{\"4__1____2__IT_1\": 206}","direction_id":"{\"1\": 206}","headsign":"{\"PINAR DE CHAMARTIN\": 206}","duration_avg":51.0,"n_vehicles":206,"d":369,"route_I_counts":"{\"1\": 206}","source":14,"target":13,"layer":"L","from":"SOL","to":"GRAN VIA"},"geometry":{"type":"LineString","coordinates":[[-3.70326,40.41688],[-3.7018,40.42001]]}},{"type":"Feature","properties":{"duration_avg":73.0,"n_vehicles":220,"d":540,"route_I_counts":"{\"2\": 220}","shape_id":"{\"4__2____1__IT_1\": 220}","direction_id":"{\"0\": 220}","headsign":"{\"CUATRO CAMINOS\": 220}","source":14,"target":45,"layer":"L","from":"SOL","to":"OPERA"},"geometry":{"type":"LineString","coordinates":[[-3.70326,40.41688],[-3.70942,40.41809]]}},{"type":"Feature","properties":{"duration_avg":51.0,"n_vehicles":222,"d":365,"route_I_counts":"{\"2\": 222}","shape_id":"{\"4__2____2__IT_1\": 222}","direction_id":"{\"1\": 222}","headsign":"{\"LAS ROSAS\": 222}","source":14,"target":44,"layer":"L","from":"SOL","to":"SEVILLA"},"geometry":{"type":"LineString","coordinates":[[-3.70326,40.41688],[-3.69925,40.41805]]}},{"type":"Feature","properties":{"duration_avg":64.0,"n_vehicles":232,"d":421,"route_I_counts":"{\"3\": 232}","shape_id":"{\"4__3____1__IT_1\": 232}","direction_id":"{\"0\": 232}","headsign":"{\"MONCLOA\": 232}","source":14,"target":61,"layer":"L","from":"SOL","to":"CALLAO"},"geometry":{"type":"LineString","coordinates":[[-3.70326,40.41688],[-3.70566,40.42014]]}},{"type":"Feature","properties":{"duration_avg":140.0,"n_vehicles":235,"d":946,"route_I_counts":"{\"3\": 235}","shape_id":"{\"4__3____2__IT_1\": 235}","direction_id":"{\"1\": 235}","headsign":"{\"VILLAVERDE ALTO\": 235}","source":14,"target":60,"layer":"L","from":"SOL","to":"LAVAPIES"},"geometry":{"type":"LineString","coordinates":[[-3.70326,40.41688],[-3.7009,40.40851]]}},{"type":"Feature","properties":{"shape_id":"{\"4__1____1__IT_1\": 207}","direction_id":"{\"0\": 207}","headsign":"{\"VALDECARROS\": 207}","duration_avg":77.0,"n_vehicles":207,"d":448,"route_I_counts":"{\"1\": 207}","source":15,"target":16,"layer":"L","from":"TIRSO DE MOLINA","to":"ANTON MARTIN"},"geometry":{"type":"LineString","coordinates":[[-3.70466,40.41235],[-3.69937,40.41246]]}},{"type":"Feature","properties":{"shape_id":"{\"4__1____2__IT_1\": 206}","direction_id":"{\"1\": 206}","headsign":"{\"PINAR DE CHAMARTIN\": 206}","duration_avg":107.0,"n_vehicles":206,"d":518,"route_I_counts":"{\"1\": 206}","source":15,"target":14,"layer":"L","from":"TIRSO DE MOLINA","to":"SOL"},"geometry":{"type":"LineString","coordinates":[[-3.70466,40.41235],[-3.70326,40.41688]]}},{"type":"Feature","properties":{"shape_id":"{\"4__1____1__IT_1\": 207}","direction_id":"{\"0\": 207}","headsign":"{\"VALDECARROS\": 207}","duration_avg":107.0,"n_vehicles":207,"d":708,"route_I_counts":"{\"1\": 207}","source":16,"target":17,"layer":"L","from":"ANTON MARTIN","to":"ESTACION DEL ARTE"},"geometry":{"type":"LineString","coordinates":[[-3.69937,40.41246],[-3.69249,40.40885]]}},{"type":"Feature","properties":{"shape_id":"{\"4__1____2__IT_1\": 207}","direction_id":"{\"1\": 207}","headsign":"{\"PINAR DE CHAMARTIN\": 207}","duration_avg":76.0,"n_vehicles":207,"d":448,"route_I_counts":"{\"1\": 207}","source":16,"target":15,"layer":"L","from":"ANTON MARTIN","to":"TIRSO DE MOLINA"},"geometry":{"type":"LineString","coordinates":[[-3.69937,40.41246],[-3.70466,40.41235]]}},{"type":"Feature","properties":{"shape_id":"{\"4__1____1__IT_1\": 207}","direction_id":"{\"0\": 207}","headsign":"{\"VALDECARROS\": 207}","duration_avg":48.0,"n_vehicles":207,"d":364,"route_I_counts":"{\"1\": 207}","source":17,"target":18,"layer":"L","from":"ESTACION DEL ARTE","to":"ATOCHA RENFE"},"geometry":{"type":"LineString","coordinates":[[-3.69249,40.40885],[-3.68938,40.40659]]}},{"type":"Feature","properties":{"shape_id":"{\"4__1____2__IT_1\": 207}","direction_id":"{\"1\": 207}","headsign":"{\"PINAR DE CHAMARTIN\": 207}","duration_avg":107.0,"n_vehicles":207,"d":708,"route_I_counts":"{\"1\": 207}","source":17,"target":16,"layer":"L","from":"ESTACION DEL ARTE","to":"ANTON MARTIN"},"geometry":{"type":"LineString","coordinates":[[-3.69249,40.40885],[-3.69937,40.41246]]}},{"type":"Feature","properties":{"shape_id":"{\"4__1____1__IT_1\": 206}","direction_id":"{\"0\": 206}","headsign":"{\"VALDECARROS\": 206}","duration_avg":111.0,"n_vehicles":206,"d":750,"route_I_counts":"{\"1\": 206}","source":18,"target":19,"layer":"L","from":"ATOCHA RENFE","to":"MENENDEZ PELAYO"},"geometry":{"type":"LineString","coordinates":[[-3.68938,40.40659],[-3.68098,40.40445]]}},{"type":"Feature","properties":{"shape_id":"{\"4__1____2__IT_1\": 207}","direction_id":"{\"1\": 207}","headsign":"{\"PINAR DE CHAMARTIN\": 207}","duration_avg":49.0,"n_vehicles":207,"d":364,"route_I_counts":"{\"1\": 207}","source":18,"target":17,"layer":"L","from":"ATOCHA RENFE","to":"ESTACION DEL ARTE"},"geometry":{"type":"LineString","coordinates":[[-3.68938,40.40659],[-3.69249,40.40885]]}},{"type":"Feature","properties":{"shape_id":"{\"4__1____1__IT_1\": 206}","direction_id":"{\"0\": 206}","headsign":"{\"VALDECARROS\": 206}","duration_avg":85.0,"n_vehicles":206,"d":609,"route_I_counts":"{\"1\": 206}","source":19,"target":20,"layer":"L","from":"MENENDEZ PELAYO","to":"PACIFICO"},"geometry":{"type":"LineString","coordinates":[[-3.68098,40.40445],[-3.67514,40.40126]]}},{"type":"Feature","properties":{"shape_id":"{\"4__1____2__IT_1\": 207}","direction_id":"{\"1\": 207}","headsign":"{\"PINAR DE CHAMARTIN\": 207}","duration_avg":111.0,"n_vehicles":207,"d":750,"route_I_counts":"{\"1\": 207}","source":19,"target":18,"layer":"L","from":"MENENDEZ PELAYO","to":"ATOCHA RENFE"},"geometry":{"type":"LineString","coordinates":[[-3.68098,40.40445],[-3.68938,40.40659]]}},{"type":"Feature","properties":{"shape_id":"{\"4__1____1__IT_1\": 206}","direction_id":"{\"0\": 206}","headsign":"{\"VALDECARROS\": 206}","duration_avg":111.0,"n_vehicles":206,"d":618,"route_I_counts":"{\"1\": 206}","source":20,"target":21,"layer":"L","from":"PACIFICO","to":"PUENTE DE VALLECAS"},"geometry":{"type":"LineString","coordinates":[[-3.67514,40.40126],[-3.66906,40.39819]]}},{"type":"Feature","properties":{"shape_id":"{\"4__1____2__IT_1\": 208}","direction_id":"{\"1\": 208}","headsign":"{\"PINAR DE CHAMARTIN\": 208}","duration_avg":84.0,"n_vehicles":208,"d":609,"route_I_counts":"{\"1\": 208}","source":20,"target":19,"layer":"L","from":"PACIFICO","to":"MENENDEZ PELAYO"},"geometry":{"type":"LineString","coordinates":[[-3.67514,40.40126],[-3.68098,40.40445]]}},{"type":"Feature","properties":{"duration_avg":104.0,"n_vehicles":208,"d":618,"route_I_counts":"{\"6\": 208}","shape_id":"{\"4__6_1___1__IT_1\": 208}","direction_id":"{\"0\": 208}","headsign":"{\"LAGUNA\": 208}","source":20,"target":117,"layer":"L","from":"PACIFICO","to":"CONDE DE CASAL"},"geometry":{"type":"LineString","coordinates":[[-3.67514,40.40126],[-3.67041,40.40697]]}},{"type":"Feature","properties":{"duration_avg":121.0,"n_vehicles":199,"d":828,"route_I_counts":"{\"6\": 199}","shape_id":"{\"4__6_2___1__IT_1\": 199}","direction_id":"{\"0\": 199}","headsign":"{\"LAGUNA\": 199}","source":20,"target":116,"layer":"L","from":"PACIFICO","to":"MENDEZ ALVARO"},"geometry":{"type":"LineString","coordinates":[[-3.67514,40.40126],[-3.67814,40.39538]]}},{"type":"Feature","properties":{"shape_id":"{\"4__1____1__IT_1\": 206}","direction_id":"{\"0\": 206}","headsign":"{\"VALDECARROS\": 206}","duration_avg":74.0,"n_vehicles":206,"d":510,"route_I_counts":"{\"1\": 206}","source":21,"target":22,"layer":"L","from":"PUENTE DE VALLECAS","to":"NUEVA NUMANCIA"},"geometry":{"type":"LineString","coordinates":[[-3.66906,40.39819],[-3.66414,40.39554]]}},{"type":"Feature","properties":{"shape_id":"{\"4__1____2__IT_1\": 208}","direction_id":"{\"1\": 208}","headsign":"{\"PINAR DE CHAMARTIN\": 208}","duration_avg":112.0,"n_vehicles":208,"d":618,"route_I_counts":"{\"1\": 208}","source":21,"target":20,"layer":"L","from":"PUENTE DE VALLECAS","to":"PACIFICO"},"geometry":{"type":"LineString","coordinates":[[-3.66906,40.39819],[-3.67514,40.40126]]}},{"type":"Feature","properties":{"shape_id":"{\"4__1____1__IT_1\": 206}","direction_id":"{\"0\": 206}","headsign":"{\"VALDECARROS\": 206}","duration_avg":91.0,"n_vehicles":206,"d":563,"route_I_counts":"{\"1\": 206}","source":22,"target":23,"layer":"L","from":"NUEVA NUMANCIA","to":"PORTAZGO"},"geometry":{"type":"LineString","coordinates":[[-3.66414,40.39554],[-3.65868,40.39266]]}},{"type":"Feature","properties":{"shape_id":"{\"4__1____2__IT_1\": 208}","direction_id":"{\"1\": 208}","headsign":"{\"PINAR DE CHAMARTIN\": 208}","duration_avg":74.0,"n_vehicles":208,"d":510,"route_I_counts":"{\"1\": 208}","source":22,"target":21,"layer":"L","from":"NUEVA NUMANCIA","to":"PUENTE DE VALLECAS"},"geometry":{"type":"LineString","coordinates":[[-3.66414,40.39554],[-3.66906,40.39819]]}},{"type":"Feature","properties":{"shape_id":"{\"4__1____1__IT_1\": 205}","direction_id":"{\"0\": 205}","headsign":"{\"VALDECARROS\": 205}","duration_avg":88.0,"n_vehicles":205,"d":422,"route_I_counts":"{\"1\": 205}","source":23,"target":24,"layer":"L","from":"PORTAZGO","to":"BUENOS AIRES"},"geometry":{"type":"LineString","coordinates":[[-3.65868,40.39266],[-3.65391,40.39156]]}},{"type":"Feature","properties":{"shape_id":"{\"4__1____2__IT_1\": 208}","direction_id":"{\"1\": 208}","headsign":"{\"PINAR DE CHAMARTIN\": 208}","duration_avg":90.0,"n_vehicles":208,"d":563,"route_I_counts":"{\"1\": 208}","source":23,"target":22,"layer":"L","from":"PORTAZGO","to":"NUEVA NUMANCIA"},"geometry":{"type":"LineString","coordinates":[[-3.65868,40.39266],[-3.66414,40.39554]]}},{"type":"Feature","properties":{"shape_id":"{\"4__1____1__IT_1\": 205}","direction_id":"{\"0\": 205}","headsign":"{\"VALDECARROS\": 205}","duration_avg":103.0,"n_vehicles":205,"d":763,"route_I_counts":"{\"1\": 205}","source":24,"target":25,"layer":"L","from":"BUENOS AIRES","to":"ALTO DEL ARENAL"},"geometry":{"type":"LineString","coordinates":[[-3.65391,40.39156],[-3.64522,40.38977]]}},{"type":"Feature","properties":{"shape_id":"{\"4__1____2__IT_1\": 208}","direction_id":"{\"1\": 208}","headsign":"{\"PINAR DE CHAMARTIN\": 208}","duration_avg":89.0,"n_vehicles":208,"d":422,"route_I_counts":"{\"1\": 208}","source":24,"target":23,"layer":"L","from":"BUENOS AIRES","to":"PORTAZGO"},"geometry":{"type":"LineString","coordinates":[[-3.65391,40.39156],[-3.65868,40.39266]]}},{"type":"Feature","properties":{"shape_id":"{\"4__1____1__IT_1\": 205}","direction_id":"{\"0\": 205}","headsign":"{\"VALDECARROS\": 205}","duration_avg":100.0,"n_vehicles":205,"d":555,"route_I_counts":"{\"1\": 205}","source":25,"target":26,"layer":"L","from":"ALTO DEL ARENAL","to":"MIGUEL HERNANDEZ"},"geometry":{"type":"LineString","coordinates":[[-3.64522,40.38977],[-3.63951,40.38732]]}},{"type":"Feature","properties":{"shape_id":"{\"4__1____2__IT_1\": 209}","direction_id":"{\"1\": 209}","headsign":"{\"PINAR DE CHAMARTIN\": 209}","duration_avg":103.0,"n_vehicles":209,"d":763,"route_I_counts":"{\"1\": 209}","source":25,"target":24,"layer":"L","from":"ALTO DEL ARENAL","to":"BUENOS AIRES"},"geometry":{"type":"LineString","coordinates":[[-3.64522,40.38977],[-3.65391,40.39156]]}},{"type":"Feature","properties":{"shape_id":"{\"4__1____1__IT_1\": 204}","direction_id":"{\"0\": 204}","headsign":"{\"VALDECARROS\": 204}","duration_avg":209.0,"n_vehicles":204,"d":1379,"route_I_counts":"{\"1\": 204}","source":26,"target":27,"layer":"L","from":"MIGUEL HERNANDEZ","to":"SIERRA DE GUADALUPE"},"geometry":{"type":"LineString","coordinates":[[-3.63951,40.38732],[-3.62472,40.38216]]}},{"type":"Feature","properties":{"shape_id":"{\"4__1____2__IT_1\": 209}","direction_id":"{\"1\": 209}","headsign":"{\"PINAR DE CHAMARTIN\": 209}","duration_avg":99.0,"n_vehicles":209,"d":555,"route_I_counts":"{\"1\": 209}","source":26,"target":25,"layer":"L","from":"MIGUEL HERNANDEZ","to":"ALTO DEL ARENAL"},"geometry":{"type":"LineString","coordinates":[[-3.63951,40.38732],[-3.64522,40.38977]]}},{"type":"Feature","properties":{"shape_id":"{\"4__1____1__IT_1\": 204}","direction_id":"{\"0\": 204}","headsign":"{\"VALDECARROS\": 204}","duration_avg":79.0,"n_vehicles":204,"d":406,"route_I_counts":"{\"1\": 204}","source":27,"target":28,"layer":"L","from":"SIERRA DE GUADALUPE","to":"VILLA DE VALLECAS"},"geometry":{"type":"LineString","coordinates":[[-3.62472,40.38216],[-3.6213,40.3796]]}},{"type":"Feature","properties":{"shape_id":"{\"4__1____2__IT_1\": 209}","direction_id":"{\"1\": 209}","headsign":"{\"PINAR DE CHAMARTIN\": 209}","duration_avg":209.0,"n_vehicles":209,"d":1379,"route_I_counts":"{\"1\": 209}","source":27,"target":26,"layer":"L","from":"SIERRA DE GUADALUPE","to":"MIGUEL HERNANDEZ"},"geometry":{"type":"LineString","coordinates":[[-3.62472,40.38216],[-3.63951,40.38732]]}},{"type":"Feature","properties":{"shape_id":"{\"4__1____1__IT_1\": 204}","direction_id":"{\"0\": 204}","headsign":"{\"VALDECARROS\": 204}","duration_avg":126.0,"n_vehicles":204,"d":830,"route_I_counts":"{\"1\": 204}","source":28,"target":29,"layer":"L","from":"VILLA DE VALLECAS","to":"CONGOSTO"},"geometry":{"type":"LineString","coordinates":[[-3.6213,40.3796],[-3.61884,40.37238]]}},{"type":"Feature","properties":{"shape_id":"{\"4__1____2__IT_1\": 210}","direction_id":"{\"1\": 210}","headsign":"{\"PINAR DE CHAMARTIN\": 210}","duration_avg":80.0,"n_vehicles":210,"d":406,"route_I_counts":"{\"1\": 210}","source":28,"target":27,"layer":"L","from":"VILLA DE VALLECAS","to":"SIERRA DE GUADALUPE"},"geometry":{"type":"LineString","coordinates":[[-3.6213,40.3796],[-3.62472,40.38216]]}},{"type":"Feature","properties":{"shape_id":"{\"4__1____1__IT_1\": 204}","direction_id":"{\"0\": 204}","headsign":"{\"VALDECARROS\": 204}","duration_avg":107.0,"n_vehicles":204,"d":517,"route_I_counts":"{\"1\": 204}","source":29,"target":30,"layer":"L","from":"CONGOSTO","to":"LA GAVIA"},"geometry":{"type":"LineString","coordinates":[[-3.61884,40.37238],[-3.61346,40.37019]]}},{"type":"Feature","properties":{"shape_id":"{\"4__1____2__IT_1\": 210}","direction_id":"{\"1\": 210}","headsign":"{\"PINAR DE CHAMARTIN\": 210}","duration_avg":125.0,"n_vehicles":210,"d":830,"route_I_counts":"{\"1\": 210}","source":29,"target":28,"layer":"L","from":"CONGOSTO","to":"VILLA DE VALLECAS"},"geometry":{"type":"LineString","coordinates":[[-3.61884,40.37238],[-3.6213,40.3796]]}},{"type":"Feature","properties":{"shape_id":"{\"4__1____1__IT_1\": 203}","direction_id":"{\"0\": 203}","headsign":"{\"VALDECARROS\": 203}","duration_avg":214.0,"n_vehicles":203,"d":1412,"route_I_counts":"{\"1\": 203}","source":30,"target":31,"layer":"L","from":"LA GAVIA","to":"LAS SUERTES"},"geometry":{"type":"LineString","coordinates":[[-3.61346,40.37019],[-3.59953,40.36323]]}},{"type":"Feature","properties":{"shape_id":"{\"4__1____2__IT_1\": 210}","direction_id":"{\"1\": 210}","headsign":"{\"PINAR DE CHAMARTIN\": 210}","duration_avg":107.0,"n_vehicles":210,"d":517,"route_I_counts":"{\"1\": 210}","source":30,"target":29,"layer":"L","from":"LA GAVIA","to":"CONGOSTO"},"geometry":{"type":"LineString","coordinates":[[-3.61346,40.37019],[-3.61884,40.37238]]}},{"type":"Feature","properties":{"shape_id":"{\"4__1____1__IT_1\": 203}","direction_id":"{\"0\": 203}","headsign":"{\"VALDECARROS\": 203}","duration_avg":102.0,"n_vehicles":203,"d":644,"route_I_counts":"{\"1\": 203}","source":31,"target":32,"layer":"L","from":"LAS SUERTES","to":"VALDECARROS"},"geometry":{"type":"LineString","coordinates":[[-3.59953,40.36323],[-3.59316,40.36007]]}},{"type":"Feature","properties":{"shape_id":"{\"4__1____2__IT_1\": 210}","direction_id":"{\"1\": 210}","headsign":"{\"PINAR DE CHAMARTIN\": 210}","duration_avg":215.0,"n_vehicles":210,"d":1412,"route_I_counts":"{\"1\": 210}","source":31,"target":30,"layer":"L","from":"LAS SUERTES","to":"LA GAVIA"},"geometry":{"type":"LineString","coordinates":[[-3.59953,40.36323],[-3.61346,40.37019]]}},{"type":"Feature","properties":{"shape_id":"{\"4__1____2__IT_1\": 211}","direction_id":"{\"1\": 211}","headsign":"{\"PINAR DE CHAMARTIN\": 211}","duration_avg":102.0,"n_vehicles":211,"d":644,"route_I_counts":"{\"1\": 211}","source":32,"target":31,"layer":"L","from":"VALDECARROS","to":"LAS SUERTES"},"geometry":{"type":"LineString","coordinates":[[-3.59316,40.36007],[-3.59953,40.36323]]}},{"type":"Feature","properties":{"shape_id":"{\"4__2____1__IT_1\": 223}","direction_id":"{\"0\": 223}","headsign":"{\"CUATRO CAMINOS\": 223}","duration_avg":129.0,"n_vehicles":223,"d":756,"route_I_counts":"{\"2\": 223}","source":33,"target":34,"layer":"L","from":"LAS ROSAS","to":"AVENIDA DE GUADALAJARA"},"geometry":{"type":"LineString","coordinates":[[-3.60331,40.42375],[-3.61206,40.42239]]}},{"type":"Feature","properties":{"shape_id":"{\"4__2____1__IT_1\": 223}","direction_id":"{\"0\": 223}","headsign":"{\"CUATRO CAMINOS\": 223}","duration_avg":162.0,"n_vehicles":223,"d":1072,"route_I_counts":"{\"2\": 223}","source":34,"target":35,"layer":"L","from":"AVENIDA DE GUADALAJARA","to":"ALSACIA"},"geometry":{"type":"LineString","coordinates":[[-3.61206,40.42239],[-3.62351,40.41829]]}},{"type":"Feature","properties":{"shape_id":"{\"4__2____2__IT_1\": 219}","direction_id":"{\"1\": 219}","headsign":"{\"LAS ROSAS\": 219}","duration_avg":129.0,"n_vehicles":219,"d":756,"route_I_counts":"{\"2\": 219}","source":34,"target":33,"layer":"L","from":"AVENIDA DE GUADALAJARA","to":"LAS ROSAS"},"geometry":{"type":"LineString","coordinates":[[-3.61206,40.42239],[-3.60331,40.42375]]}},{"type":"Feature","properties":{"shape_id":"{\"4__2____1__IT_1\": 222}","direction_id":"{\"0\": 222}","headsign":"{\"CUATRO CAMINOS\": 222}","duration_avg":212.0,"n_vehicles":222,"d":1450,"route_I_counts":"{\"2\": 222}","source":35,"target":36,"layer":"L","from":"ALSACIA","to":"LA ALMUDENA"},"geometry":{"type":"LineString","coordinates":[[-3.62351,40.41829],[-3.63914,40.42361]]}},{"type":"Feature","properties":{"shape_id":"{\"4__2____2__IT_1\": 219}","direction_id":"{\"1\": 219}","headsign":"{\"LAS ROSAS\": 219}","duration_avg":162.0,"n_vehicles":219,"d":1072,"route_I_counts":"{\"2\": 219}","source":35,"target":34,"layer":"L","from":"ALSACIA","to":"AVENIDA DE GUADALAJARA"},"geometry":{"type":"LineString","coordinates":[[-3.62351,40.41829],[-3.61206,40.42239]]}},{"type":"Feature","properties":{"shape_id":"{\"4__2____1__IT_1\": 222}","direction_id":"{\"0\": 222}","headsign":"{\"CUATRO CAMINOS\": 222}","duration_avg":164.0,"n_vehicles":222,"d":1020,"route_I_counts":"{\"2\": 222}","source":36,"target":37,"layer":"L","from":"LA ALMUDENA","to":"LA ELIPA"},"geometry":{"type":"LineString","coordinates":[[-3.63914,40.42361],[-3.65052,40.42662]]}},{"type":"Feature","properties":{"shape_id":"{\"4__2____2__IT_1\": 219}","direction_id":"{\"1\": 219}","headsign":"{\"LAS ROSAS\": 219}","duration_avg":213.0,"n_vehicles":219,"d":1450,"route_I_counts":"{\"2\": 219}","source":36,"target":35,"layer":"L","from":"LA ALMUDENA","to":"ALSACIA"},"geometry":{"type":"LineString","coordinates":[[-3.63914,40.42361],[-3.62351,40.41829]]}},{"type":"Feature","properties":{"shape_id":"{\"4__2____1__IT_1\": 221}","direction_id":"{\"0\": 221}","headsign":"{\"CUATRO CAMINOS\": 221}","duration_avg":211.0,"n_vehicles":221,"d":1210,"route_I_counts":"{\"2\": 221}","source":37,"target":38,"layer":"L","from":"LA ELIPA","to":"VENTAS"},"geometry":{"type":"LineString","coordinates":[[-3.65052,40.42662],[-3.66366,40.43088]]}},{"type":"Feature","properties":{"shape_id":"{\"4__2____2__IT_1\": 220}","direction_id":"{\"1\": 220}","headsign":"{\"LAS ROSAS\": 220}","duration_avg":164.0,"n_vehicles":220,"d":1020,"route_I_counts":"{\"2\": 220}","source":37,"target":36,"layer":"L","from":"LA ELIPA","to":"LA ALMUDENA"},"geometry":{"type":"LineString","coordinates":[[-3.65052,40.42662],[-3.63914,40.42361]]}},{"type":"Feature","properties":{"shape_id":"{\"4__2____1__IT_1\": 221}","direction_id":"{\"0\": 221}","headsign":"{\"CUATRO CAMINOS\": 221}","duration_avg":92.0,"n_vehicles":221,"d":578,"route_I_counts":"{\"2\": 221}","source":38,"target":39,"layer":"L","from":"VENTAS","to":"MANUEL BECERRA"},"geometry":{"type":"LineString","coordinates":[[-3.66366,40.43088],[-3.66926,40.4279]]}},{"type":"Feature","properties":{"shape_id":"{\"4__2____2__IT_1\": 220}","direction_id":"{\"1\": 220}","headsign":"{\"LAS ROSAS\": 220}","duration_avg":210.0,"n_vehicles":220,"d":1210,"route_I_counts":"{\"2\": 220}","source":38,"target":37,"layer":"L","from":"VENTAS","to":"LA ELIPA"},"geometry":{"type":"LineString","coordinates":[[-3.66366,40.43088],[-3.65052,40.42662]]}},{"type":"Feature","properties":{"duration_avg":106.0,"n_vehicles":188,"d":524,"route_I_counts":"{\"5\": 188}","shape_id":"{\"4__5____2__IT_1\": 188}","direction_id":"{\"1\": 188}","headsign":"{\"ALAMEDA DE OSUNA\": 188}","source":38,"target":92,"layer":"L","from":"VENTAS","to":"EL CARMEN"},"geometry":{"type":"LineString","coordinates":[[-3.66366,40.43088],[-3.65757,40.43189]]}},{"type":"Feature","properties":{"duration_avg":136.0,"n_vehicles":191,"d":917,"route_I_counts":"{\"5\": 191}","shape_id":"{\"4__5____1__IT_1\": 191}","direction_id":"{\"0\": 191}","headsign":"{\"CASA DE CAMPO\": 191}","source":38,"target":71,"layer":"L","from":"VENTAS","to":"DIEGO DE LEON"},"geometry":{"type":"LineString","coordinates":[[-3.66366,40.43088],[-3.67495,40.43468]]}},{"type":"Feature","properties":{"shape_id":"{\"4__2____1__IT_1\": 221}","direction_id":"{\"0\": 221}","headsign":"{\"CUATRO CAMINOS\": 221}","duration_avg":94.0,"n_vehicles":221,"d":675,"route_I_counts":"{\"2\": 221}","source":39,"target":40,"layer":"L","from":"MANUEL BECERRA","to":"GOYA"},"geometry":{"type":"LineString","coordinates":[[-3.66926,40.4279],[-3.67591,40.42455]]}},{"type":"Feature","properties":{"shape_id":"{\"4__2____2__IT_1\": 221}","direction_id":"{\"1\": 221}","headsign":"{\"LAS ROSAS\": 221}","duration_avg":93.0,"n_vehicles":221,"d":578,"route_I_counts":"{\"2\": 221}","source":39,"target":38,"layer":"L","from":"MANUEL BECERRA","to":"VENTAS"},"geometry":{"type":"LineString","coordinates":[[-3.66926,40.4279],[-3.66366,40.43088]]}},{"type":"Feature","properties":{"duration_avg":86.0,"n_vehicles":200,"d":560,"route_I_counts":"{\"6\": 200}","shape_id":"{\"4__6_2___1__IT_1\": 200}","direction_id":"{\"0\": 200}","headsign":"{\"LAGUNA\": 200}","source":39,"target":119,"layer":"L","from":"MANUEL BECERRA","to":"ODONNELL"},"geometry":{"type":"LineString","coordinates":[[-3.66926,40.4279],[-3.6686,40.42289]]}},{"type":"Feature","properties":{"duration_avg":105.0,"n_vehicles":207,"d":644,"route_I_counts":"{\"6\": 207}","shape_id":"{\"4__6_1___1__IT_1\": 207}","direction_id":"{\"0\": 207}","headsign":"{\"LAGUNA\": 207}","source":39,"target":71,"layer":"L","from":"MANUEL BECERRA","to":"DIEGO DE LEON"},"geometry":{"type":"LineString","coordinates":[[-3.66926,40.4279],[-3.67495,40.43468]]}},{"type":"Feature","properties":{"shape_id":"{\"4__2____1__IT_1\": 221}","direction_id":"{\"0\": 221}","headsign":"{\"CUATRO CAMINOS\": 221}","duration_avg":62.0,"n_vehicles":221,"d":399,"route_I_counts":"{\"2\": 221}","source":40,"target":41,"layer":"L","from":"GOYA","to":"PRINCIPE DE VERGARA"},"geometry":{"type":"LineString","coordinates":[[-3.67591,40.42455],[-3.68012,40.42294]]}},{"type":"Feature","properties":{"shape_id":"{\"4__2____2__IT_1\": 221}","direction_id":"{\"1\": 221}","headsign":"{\"LAS ROSAS\": 221}","duration_avg":93.0,"n_vehicles":221,"d":675,"route_I_counts":"{\"2\": 221}","source":40,"target":39,"layer":"L","from":"GOYA","to":"MANUEL BECERRA"},"geometry":{"type":"LineString","coordinates":[[-3.67591,40.42455],[-3.66926,40.4279]]}},{"type":"Feature","properties":{"duration_avg":91.0,"n_vehicles":226,"d":500,"route_I_counts":"{\"4\": 226}","shape_id":"{\"4__4____1__IT_1\": 226}","direction_id":"{\"0\": 226}","headsign":"{\"PINAR DE CHAMARTIN\": 226}","source":40,"target":70,"layer":"L","from":"GOYA","to":"LISTA"},"geometry":{"type":"LineString","coordinates":[[-3.67591,40.42455],[-3.67541,40.42917]]}},{"type":"Feature","properties":{"duration_avg":78.0,"n_vehicles":223,"d":514,"route_I_counts":"{\"4\": 223}","shape_id":"{\"4__4____2__IT_1\": 223}","direction_id":"{\"1\": 223}","headsign":"{\"ARGÜELLES\": 223}","source":40,"target":69,"layer":"L","from":"GOYA","to":"VELAZQUEZ"},"geometry":{"type":"LineString","coordinates":[[-3.67591,40.42455],[-3.68292,40.42503]]}},{"type":"Feature","properties":{"shape_id":"{\"4__2____1__IT_1\": 221}","direction_id":"{\"0\": 221}","headsign":"{\"CUATRO CAMINOS\": 221}","duration_avg":80.0,"n_vehicles":221,"d":595,"route_I_counts":"{\"2\": 221}","source":41,"target":42,"layer":"L","from":"PRINCIPE DE VERGARA","to":"RETIRO"},"geometry":{"type":"LineString","coordinates":[[-3.68012,40.42294],[-3.68624,40.42031]]}},{"type":"Feature","properties":{"shape_id":"{\"4__2____2__IT_1\": 221}","direction_id":"{\"1\": 221}","headsign":"{\"LAS ROSAS\": 221}","duration_avg":63.0,"n_vehicles":221,"d":399,"route_I_counts":"{\"2\": 221}","source":41,"target":40,"layer":"L","from":"PRINCIPE DE VERGARA","to":"GOYA"},"geometry":{"type":"LineString","coordinates":[[-3.68012,40.42294],[-3.67591,40.42455]]}},{"type":"Feature","properties":{"duration_avg":96.0,"n_vehicles":180,"d":659,"route_I_counts":"{\"9\": 180}","shape_id":"{\"4__9_A___1__IT_1\": 180}","direction_id":"{\"0\": 180}","headsign":"{\"PUERTA DE ARGANDA\": 180}","source":41,"target":171,"layer":"L","from":"PRINCIPE DE VERGARA","to":"IBIZA"},"geometry":{"type":"LineString","coordinates":[[-3.68012,40.42294],[-3.67858,40.41839]]}},{"type":"Feature","properties":{"duration_avg":110.0,"n_vehicles":181,"d":666,"route_I_counts":"{\"9\": 181}","shape_id":"{\"4__9_A___2__IT_1\": 181}","direction_id":"{\"1\": 181}","headsign":"{\"PACO DE LUCIA\": 181}","source":41,"target":93,"layer":"L","from":"PRINCIPE DE VERGARA","to":"NUÑEZ DE BALBOA"},"geometry":{"type":"LineString","coordinates":[[-3.68012,40.42294],[-3.68258,40.43278]]}},{"type":"Feature","properties":{"shape_id":"{\"4__2____1__IT_1\": 220}","direction_id":"{\"0\": 220}","headsign":"{\"CUATRO CAMINOS\": 220}","duration_avg":111.0,"n_vehicles":220,"d":749,"route_I_counts":"{\"2\": 220}","source":42,"target":43,"layer":"L","from":"RETIRO","to":"BANCO DE ESPAÑA"},"geometry":{"type":"LineString","coordinates":[[-3.68624,40.42031],[-3.69497,40.41922]]}},{"type":"Feature","properties":{"shape_id":"{\"4__2____2__IT_1\": 222}","direction_id":"{\"1\": 222}","headsign":"{\"LAS ROSAS\": 222}","duration_avg":79.0,"n_vehicles":222,"d":595,"route_I_counts":"{\"2\": 222}","source":42,"target":41,"layer":"L","from":"RETIRO","to":"PRINCIPE DE VERGARA"},"geometry":{"type":"LineString","coordinates":[[-3.68624,40.42031],[-3.68012,40.42294]]}},{"type":"Feature","properties":{"shape_id":"{\"4__2____1__IT_1\": 220}","direction_id":"{\"0\": 220}","headsign":"{\"CUATRO CAMINOS\": 220}","duration_avg":68.0,"n_vehicles":220,"d":385,"route_I_counts":"{\"2\": 220}","source":43,"target":44,"layer":"L","from":"BANCO DE ESPAÑA","to":"SEVILLA"},"geometry":{"type":"LineString","coordinates":[[-3.69497,40.41922],[-3.69925,40.41805]]}},{"type":"Feature","properties":{"shape_id":"{\"4__2____2__IT_1\": 222}","direction_id":"{\"1\": 222}","headsign":"{\"LAS ROSAS\": 222}","duration_avg":111.0,"n_vehicles":222,"d":749,"route_I_counts":"{\"2\": 222}","source":43,"target":42,"layer":"L","from":"BANCO DE ESPAÑA","to":"RETIRO"},"geometry":{"type":"LineString","coordinates":[[-3.69497,40.41922],[-3.68624,40.42031]]}},{"type":"Feature","properties":{"shape_id":"{\"4__2____2__IT_1\": 222}","direction_id":"{\"1\": 222}","headsign":"{\"LAS ROSAS\": 222}","duration_avg":68.0,"n_vehicles":222,"d":385,"route_I_counts":"{\"2\": 222}","source":44,"target":43,"layer":"L","from":"SEVILLA","to":"BANCO DE ESPAÑA"},"geometry":{"type":"LineString","coordinates":[[-3.69925,40.41805],[-3.69497,40.41922]]}},{"type":"Feature","properties":{"duration_avg":51.0,"n_vehicles":220,"d":365,"route_I_counts":"{\"2\": 220}","shape_id":"{\"4__2____1__IT_1\": 220}","direction_id":"{\"0\": 220}","headsign":"{\"CUATRO CAMINOS\": 220}","source":44,"target":14,"layer":"L","from":"SEVILLA","to":"SOL"},"geometry":{"type":"LineString","coordinates":[[-3.69925,40.41805],[-3.70326,40.41688]]}},{"type":"Feature","properties":{"shape_id":"{\"4__2____1__IT_1\": 220}","direction_id":"{\"0\": 220}","headsign":"{\"CUATRO CAMINOS\": 220}","duration_avg":64.0,"n_vehicles":220,"d":380,"route_I_counts":"{\"2\": 220}","source":45,"target":46,"layer":"L","from":"OPERA","to":"SANTO DOMINGO"},"geometry":{"type":"LineString","coordinates":[[-3.70942,40.41809],[-3.70796,40.42132]]}},{"type":"Feature","properties":{"duration_avg":118.0,"n_vehicles":189,"d":764,"route_I_counts":"{\"5\": 189}","shape_id":"{\"4__5____1__IT_1\": 189}","direction_id":"{\"0\": 189}","headsign":"{\"CASA DE CAMPO\": 189}","source":45,"target":96,"layer":"L","from":"OPERA","to":"LA LATINA"},"geometry":{"type":"LineString","coordinates":[[-3.70942,40.41809],[-3.70816,40.41128]]}},{"type":"Feature","properties":{"duration_avg":76.0,"n_vehicles":190,"d":383,"route_I_counts":"{\"5\": 190}","shape_id":"{\"4__5____2__IT_1\": 190}","direction_id":"{\"1\": 190}","headsign":"{\"ALAMEDA DE OSUNA\": 190}","source":45,"target":61,"layer":"L","from":"OPERA","to":"CALLAO"},"geometry":{"type":"LineString","coordinates":[[-3.70942,40.41809],[-3.70566,40.42014]]}},{"type":"Feature","properties":{"duration_avg":185.0,"n_vehicles":182,"d":990,"route_I_counts":"{\"13\": 182}","shape_id":"{\"4__R____1__IT_1\": 182}","direction_id":"{\"0\": 182}","headsign":"{\"PRINCIPE PIO\": 182}","source":45,"target":125,"layer":"L","from":"OPERA","to":"PRINCIPE PIO"},"geometry":{"type":"LineString","coordinates":[[-3.70942,40.41809],[-3.72032,40.42107]]}},{"type":"Feature","properties":{"duration_avg":73.0,"n_vehicles":222,"d":540,"route_I_counts":"{\"2\": 222}","shape_id":"{\"4__2____2__IT_1\": 222}","direction_id":"{\"1\": 222}","headsign":"{\"LAS ROSAS\": 222}","source":45,"target":14,"layer":"L","from":"OPERA","to":"SOL"},"geometry":{"type":"LineString","coordinates":[[-3.70942,40.41809],[-3.70326,40.41688]]}},{"type":"Feature","properties":{"shape_id":"{\"4__2____2__IT_1\": 223}","direction_id":"{\"1\": 223}","headsign":"{\"LAS ROSAS\": 223}","duration_avg":65.0,"n_vehicles":223,"d":380,"route_I_counts":"{\"2\": 223}","source":46,"target":45,"layer":"L","from":"SANTO DOMINGO","to":"OPERA"},"geometry":{"type":"LineString","coordinates":[[-3.70796,40.42132],[-3.70942,40.41809]]}},{"type":"Feature","properties":{"duration_avg":61.0,"n_vehicles":220,"d":394,"route_I_counts":"{\"2\": 220}","shape_id":"{\"4__2____1__IT_1\": 220}","direction_id":"{\"0\": 220}","headsign":"{\"CUATRO CAMINOS\": 220}","source":46,"target":62,"layer":"L","from":"SANTO DOMINGO","to":"PLAZA DE ESPAÑA"},"geometry":{"type":"LineString","coordinates":[[-3.70796,40.42132],[-3.7112,40.42342]]}},{"type":"Feature","properties":{"shape_id":"{\"4__2____1__IT_1\": 219}","direction_id":"{\"0\": 219}","headsign":"{\"CUATRO CAMINOS\": 219}","duration_avg":42.0,"n_vehicles":219,"d":372,"route_I_counts":"{\"2\": 219}","source":47,"target":48,"layer":"L","from":"SAN BERNARDO","to":"QUEVEDO"},"geometry":{"type":"LineString","coordinates":[[-3.70557,40.43001],[-3.70433,40.43322]]}},{"type":"Feature","properties":{"duration_avg":130.0,"n_vehicles":222,"d":878,"route_I_counts":"{\"4\": 222}","shape_id":"{\"4__4____2__IT_1\": 222}","direction_id":"{\"1\": 222}","headsign":"{\"ARGÜELLES\": 222}","source":47,"target":64,"layer":"L","from":"SAN BERNARDO","to":"ARGÜELLES"},"geometry":{"type":"LineString","coordinates":[[-3.70557,40.43001],[-3.71596,40.43066]]}},{"type":"Feature","properties":{"duration_avg":63.0,"n_vehicles":227,"d":394,"route_I_counts":"{\"4\": 227}","shape_id":"{\"4__4____1__IT_1\": 227}","direction_id":"{\"0\": 227}","headsign":"{\"PINAR DE CHAMARTIN\": 227}","source":47,"target":11,"layer":"L","from":"SAN BERNARDO","to":"BILBAO"},"geometry":{"type":"LineString","coordinates":[[-3.70557,40.43001],[-3.70218,40.42906]]}},{"type":"Feature","properties":{"duration_avg":93.0,"n_vehicles":223,"d":596,"route_I_counts":"{\"2\": 223}","shape_id":"{\"4__2____2__IT_1\": 223}","direction_id":"{\"1\": 223}","headsign":"{\"LAS ROSAS\": 223}","source":47,"target":62,"layer":"L","from":"SAN BERNARDO","to":"PLAZA DE ESPAÑA"},"geometry":{"type":"LineString","coordinates":[[-3.70557,40.43001],[-3.7112,40.42342]]}},{"type":"Feature","properties":{"shape_id":"{\"4__2____1__IT_1\": 219}","direction_id":"{\"0\": 219}","headsign":"{\"CUATRO CAMINOS\": 219}","duration_avg":105.0,"n_vehicles":219,"d":577,"route_I_counts":"{\"2\": 219}","source":48,"target":49,"layer":"L","from":"QUEVEDO","to":"CANAL"},"geometry":{"type":"LineString","coordinates":[[-3.70433,40.43322],[-3.70433,40.43841]]}},{"type":"Feature","properties":{"shape_id":"{\"4__2____2__IT_1\": 223}","direction_id":"{\"1\": 223}","headsign":"{\"LAS ROSAS\": 223}","duration_avg":42.0,"n_vehicles":223,"d":372,"route_I_counts":"{\"2\": 223}","source":48,"target":47,"layer":"L","from":"QUEVEDO","to":"SAN BERNARDO"},"geometry":{"type":"LineString","coordinates":[[-3.70433,40.43322],[-3.70557,40.43001]]}},{"type":"Feature","properties":{"shape_id":"{\"4__2____2__IT_1\": 223}","direction_id":"{\"1\": 223}","headsign":"{\"LAS ROSAS\": 223}","duration_avg":106.0,"n_vehicles":223,"d":577,"route_I_counts":"{\"2\": 223}","source":49,"target":48,"layer":"L","from":"CANAL","to":"QUEVEDO"},"geometry":{"type":"LineString","coordinates":[[-3.70433,40.43841],[-3.70433,40.43322]]}},{"type":"Feature","properties":{"duration_avg":98.0,"n_vehicles":179,"d":750,"route_I_counts":"{\"7\": 179}","shape_id":"{\"4__7_A___1__IT_1\": 179}","direction_id":"{\"0\": 179}","headsign":"{\"PITIS\": 179}","source":49,"target":140,"layer":"L","from":"CANAL","to":"ISLAS FILIPINAS"},"geometry":{"type":"LineString","coordinates":[[-3.70433,40.43841],[-3.71373,40.43907]]}},{"type":"Feature","properties":{"duration_avg":61.0,"n_vehicles":180,"d":479,"route_I_counts":"{\"7\": 180}","shape_id":"{\"4__7_A___2__IT_1\": 180}","direction_id":"{\"1\": 180}","headsign":"{\"ESTADIO METROPOLITANO\": 180}","source":49,"target":139,"layer":"L","from":"CANAL","to":"ALONSO CANO"},"geometry":{"type":"LineString","coordinates":[[-3.70433,40.43841],[-3.69925,40.43838]]}},{"type":"Feature","properties":{"duration_avg":113.0,"n_vehicles":219,"d":953,"route_I_counts":"{\"2\": 219}","shape_id":"{\"4__2____1__IT_1\": 219}","direction_id":"{\"0\": 219}","headsign":"{\"CUATRO CAMINOS\": 219}","source":49,"target":8,"layer":"L","from":"CANAL","to":"CUATRO CAMINOS"},"geometry":{"type":"LineString","coordinates":[[-3.70433,40.43841],[-3.70397,40.44697]]}},{"type":"Feature","properties":{"shape_id":"{\"4__3____1__IT_1\": 235}","direction_id":"{\"0\": 235}","headsign":"{\"MONCLOA\": 235}","duration_avg":247.0,"n_vehicles":235,"d":1596,"route_I_counts":"{\"3\": 235}","source":50,"target":51,"layer":"L","from":"VILLAVERDE ALTO","to":"SAN CRISTOBAL"},"geometry":{"type":"LineString","coordinates":[[-3.71199,40.34123],[-3.69318,40.34154]]}},{"type":"Feature","properties":{"shape_id":"{\"4__3____1__IT_1\": 235}","direction_id":"{\"0\": 235}","headsign":"{\"MONCLOA\": 235}","duration_avg":154.0,"n_vehicles":235,"d":1041,"route_I_counts":"{\"3\": 235}","source":51,"target":52,"layer":"L","from":"SAN CRISTOBAL","to":"VILLAVERDE BAJO CRUCE"},"geometry":{"type":"LineString","coordinates":[[-3.69318,40.34154],[-3.69265,40.35089]]}},{"type":"Feature","properties":{"shape_id":"{\"4__3____2__IT_1\": 231}","direction_id":"{\"1\": 231}","headsign":"{\"VILLAVERDE ALTO\": 231}","duration_avg":247.0,"n_vehicles":231,"d":1596,"route_I_counts":"{\"3\": 231}","source":51,"target":50,"layer":"L","from":"SAN CRISTOBAL","to":"VILLAVERDE ALTO"},"geometry":{"type":"LineString","coordinates":[[-3.69318,40.34154],[-3.71199,40.34123]]}},{"type":"Feature","properties":{"shape_id":"{\"4__3____1__IT_1\": 235}","direction_id":"{\"0\": 235}","headsign":"{\"MONCLOA\": 235}","duration_avg":143.0,"n_vehicles":235,"d":972,"route_I_counts":"{\"3\": 235}","source":52,"target":53,"layer":"L","from":"VILLAVERDE BAJO CRUCE","to":"CIUDAD DE LOS ANGELES"},"geometry":{"type":"LineString","coordinates":[[-3.69265,40.35089],[-3.69363,40.35959]]}},{"type":"Feature","properties":{"shape_id":"{\"4__3____2__IT_1\": 232}","direction_id":"{\"1\": 232}","headsign":"{\"VILLAVERDE ALTO\": 232}","duration_avg":153.0,"n_vehicles":232,"d":1041,"route_I_counts":"{\"3\": 232}","source":52,"target":51,"layer":"L","from":"VILLAVERDE BAJO CRUCE","to":"SAN CRISTOBAL"},"geometry":{"type":"LineString","coordinates":[[-3.69265,40.35089],[-3.69318,40.34154]]}},{"type":"Feature","properties":{"shape_id":"{\"4__3____1__IT_1\": 234}","direction_id":"{\"0\": 234}","headsign":"{\"MONCLOA\": 234}","duration_avg":165.0,"n_vehicles":234,"d":1158,"route_I_counts":"{\"3\": 234}","source":53,"target":54,"layer":"L","from":"CIUDAD DE LOS ANGELES","to":"SAN FERMIN-ORCASUR"},"geometry":{"type":"LineString","coordinates":[[-3.69363,40.35959],[-3.69418,40.36999]]}},{"type":"Feature","properties":{"shape_id":"{\"4__3____2__IT_1\": 232}","direction_id":"{\"1\": 232}","headsign":"{\"VILLAVERDE ALTO\": 232}","duration_avg":144.0,"n_vehicles":232,"d":972,"route_I_counts":"{\"3\": 232}","source":53,"target":52,"layer":"L","from":"CIUDAD DE LOS ANGELES","to":"VILLAVERDE BAJO CRUCE"},"geometry":{"type":"LineString","coordinates":[[-3.69363,40.35959],[-3.69265,40.35089]]}},{"type":"Feature","properties":{"shape_id":"{\"4__3____1__IT_1\": 234}","direction_id":"{\"0\": 234}","headsign":"{\"MONCLOA\": 234}","duration_avg":88.0,"n_vehicles":234,"d":578,"route_I_counts":"{\"3\": 234}","source":54,"target":55,"layer":"L","from":"SAN FERMIN-ORCASUR","to":"HOSPITAL 12 DE OCTUBRE"},"geometry":{"type":"LineString","coordinates":[[-3.69418,40.36999],[-3.69585,40.37503]]}},{"type":"Feature","properties":{"shape_id":"{\"4__3____2__IT_1\": 233}","direction_id":"{\"1\": 233}","headsign":"{\"VILLAVERDE ALTO\": 233}","duration_avg":165.0,"n_vehicles":233,"d":1158,"route_I_counts":"{\"3\": 233}","source":54,"target":53,"layer":"L","from":"SAN FERMIN-ORCASUR","to":"CIUDAD DE LOS ANGELES"},"geometry":{"type":"LineString","coordinates":[[-3.69418,40.36999],[-3.69363,40.35959]]}},{"type":"Feature","properties":{"shape_id":"{\"4__3____1__IT_1\": 234}","direction_id":"{\"0\": 234}","headsign":"{\"MONCLOA\": 234}","duration_avg":150.0,"n_vehicles":234,"d":1023,"route_I_counts":"{\"3\": 234}","source":55,"target":56,"layer":"L","from":"HOSPITAL 12 DE OCTUBRE","to":"ALMENDRALES"},"geometry":{"type":"LineString","coordinates":[[-3.69585,40.37503],[-3.69788,40.38409]]}},{"type":"Feature","properties":{"shape_id":"{\"4__3____2__IT_1\": 233}","direction_id":"{\"1\": 233}","headsign":"{\"VILLAVERDE ALTO\": 233}","duration_avg":87.0,"n_vehicles":233,"d":578,"route_I_counts":"{\"3\": 233}","source":55,"target":54,"layer":"L","from":"HOSPITAL 12 DE OCTUBRE","to":"SAN FERMIN-ORCASUR"},"geometry":{"type":"LineString","coordinates":[[-3.69585,40.37503],[-3.69418,40.36999]]}},{"type":"Feature","properties":{"shape_id":"{\"4__3____1__IT_1\": 233}","direction_id":"{\"0\": 233}","headsign":"{\"MONCLOA\": 233}","duration_avg":147.0,"n_vehicles":233,"d":821,"route_I_counts":"{\"3\": 233}","source":56,"target":57,"layer":"L","from":"ALMENDRALES","to":"LEGAZPI"},"geometry":{"type":"LineString","coordinates":[[-3.69788,40.38409],[-3.69511,40.39116]]}},{"type":"Feature","properties":{"shape_id":"{\"4__3____2__IT_1\": 233}","direction_id":"{\"1\": 233}","headsign":"{\"VILLAVERDE ALTO\": 233}","duration_avg":151.0,"n_vehicles":233,"d":1023,"route_I_counts":"{\"3\": 233}","source":56,"target":55,"layer":"L","from":"ALMENDRALES","to":"HOSPITAL 12 DE OCTUBRE"},"geometry":{"type":"LineString","coordinates":[[-3.69788,40.38409],[-3.69585,40.37503]]}},{"type":"Feature","properties":{"shape_id":"{\"4__3____1__IT_1\": 233}","direction_id":"{\"0\": 233}","headsign":"{\"MONCLOA\": 233}","duration_avg":112.0,"n_vehicles":233,"d":975,"route_I_counts":"{\"3\": 233}","source":57,"target":58,"layer":"L","from":"LEGAZPI","to":"DELICIAS"},"geometry":{"type":"LineString","coordinates":[[-3.69511,40.39116],[-3.6942,40.3999]]}},{"type":"Feature","properties":{"shape_id":"{\"4__3____2__IT_1\": 234}","direction_id":"{\"1\": 234}","headsign":"{\"VILLAVERDE ALTO\": 234}","duration_avg":146.0,"n_vehicles":234,"d":821,"route_I_counts":"{\"3\": 234}","source":57,"target":56,"layer":"L","from":"LEGAZPI","to":"ALMENDRALES"},"geometry":{"type":"LineString","coordinates":[[-3.69511,40.39116],[-3.69788,40.38409]]}},{"type":"Feature","properties":{"duration_avg":93.0,"n_vehicles":209,"d":584,"route_I_counts":"{\"6\": 209}","shape_id":"{\"4__6_1___1__IT_1\": 209}","direction_id":"{\"0\": 209}","headsign":"{\"LAGUNA\": 209}","source":57,"target":115,"layer":"L","from":"LEGAZPI","to":"ARGANZUELA-PLANETARIO"},"geometry":{"type":"LineString","coordinates":[[-3.69511,40.39116],[-3.68864,40.3931]]}},{"type":"Feature","properties":{"duration_avg":139.0,"n_vehicles":198,"d":1101,"route_I_counts":"{\"6\": 198}","shape_id":"{\"4__6_2___1__IT_1\": 198}","direction_id":"{\"0\": 198}","headsign":"{\"LAGUNA\": 198}","source":57,"target":114,"layer":"L","from":"LEGAZPI","to":"USERA"},"geometry":{"type":"LineString","coordinates":[[-3.69511,40.39116],[-3.7069,40.3871]]}},{"type":"Feature","properties":{"shape_id":"{\"4__3____1__IT_1\": 233}","direction_id":"{\"0\": 233}","headsign":"{\"MONCLOA\": 233}","duration_avg":71.0,"n_vehicles":233,"d":352,"route_I_counts":"{\"3\": 233}","source":58,"target":59,"layer":"L","from":"DELICIAS","to":"PALOS DE LA FRONTERA"},"geometry":{"type":"LineString","coordinates":[[-3.6942,40.3999],[-3.69423,40.40307]]}},{"type":"Feature","properties":{"shape_id":"{\"4__3____2__IT_1\": 234}","direction_id":"{\"1\": 234}","headsign":"{\"VILLAVERDE ALTO\": 234}","duration_avg":113.0,"n_vehicles":234,"d":975,"route_I_counts":"{\"3\": 234}","source":58,"target":57,"layer":"L","from":"DELICIAS","to":"LEGAZPI"},"geometry":{"type":"LineString","coordinates":[[-3.6942,40.3999],[-3.69511,40.39116]]}},{"type":"Feature","properties":{"shape_id":"{\"4__3____2__IT_1\": 234}","direction_id":"{\"1\": 234}","headsign":"{\"VILLAVERDE ALTO\": 234}","duration_avg":71.0,"n_vehicles":234,"d":352,"route_I_counts":"{\"3\": 234}","source":59,"target":58,"layer":"L","from":"PALOS DE LA FRONTERA","to":"DELICIAS"},"geometry":{"type":"LineString","coordinates":[[-3.69423,40.40307],[-3.6942,40.3999]]}},{"type":"Feature","properties":{"duration_avg":113.0,"n_vehicles":233,"d":752,"route_I_counts":"{\"3\": 233}","shape_id":"{\"4__3____1__IT_1\": 233}","direction_id":"{\"0\": 233}","headsign":"{\"MONCLOA\": 233}","source":59,"target":98,"layer":"L","from":"PALOS DE LA FRONTERA","to":"ACACIAS"},"geometry":{"type":"LineString","coordinates":[[-3.69423,40.40307],[-3.70664,40.40387]]}},{"type":"Feature","properties":{"duration_avg":140.0,"n_vehicles":232,"d":946,"route_I_counts":"{\"3\": 232}","shape_id":"{\"4__3____1__IT_1\": 232}","direction_id":"{\"0\": 232}","headsign":"{\"MONCLOA\": 232}","source":60,"target":14,"layer":"L","from":"LAVAPIES","to":"SOL"},"geometry":{"type":"LineString","coordinates":[[-3.7009,40.40851],[-3.70326,40.41688]]}},{"type":"Feature","properties":{"duration_avg":66.0,"n_vehicles":235,"d":405,"route_I_counts":"{\"3\": 235}","shape_id":"{\"4__3____2__IT_1\": 235}","direction_id":"{\"1\": 235}","headsign":"{\"VILLAVERDE ALTO\": 235}","source":60,"target":98,"layer":"L","from":"LAVAPIES","to":"ACACIAS"},"geometry":{"type":"LineString","coordinates":[[-3.7009,40.40851],[-3.70664,40.40387]]}},{"type":"Feature","properties":{"shape_id":"{\"4__3____1__IT_1\": 232}","direction_id":"{\"0\": 232}","headsign":"{\"MONCLOA\": 232}","duration_avg":83.0,"n_vehicles":232,"d":594,"route_I_counts":"{\"3\": 232}","source":61,"target":62,"layer":"L","from":"CALLAO","to":"PLAZA DE ESPAÑA"},"geometry":{"type":"LineString","coordinates":[[-3.70566,40.42014],[-3.7112,40.42342]]}},{"type":"Feature","properties":{"duration_avg":52.0,"n_vehicles":190,"d":327,"route_I_counts":"{\"5\": 190}","shape_id":"{\"4__5____2__IT_1\": 190}","direction_id":"{\"1\": 190}","headsign":"{\"ALAMEDA DE OSUNA\": 190}","source":61,"target":13,"layer":"L","from":"CALLAO","to":"GRAN VIA"},"geometry":{"type":"LineString","coordinates":[[-3.70566,40.42014],[-3.7018,40.42001]]}},{"type":"Feature","properties":{"duration_avg":76.0,"n_vehicles":189,"d":383,"route_I_counts":"{\"5\": 189}","shape_id":"{\"4__5____1__IT_1\": 189}","direction_id":"{\"0\": 189}","headsign":"{\"CASA DE CAMPO\": 189}","source":61,"target":45,"layer":"L","from":"CALLAO","to":"OPERA"},"geometry":{"type":"LineString","coordinates":[[-3.70566,40.42014],[-3.70942,40.41809]]}},{"type":"Feature","properties":{"duration_avg":65.0,"n_vehicles":235,"d":421,"route_I_counts":"{\"3\": 235}","shape_id":"{\"4__3____2__IT_1\": 235}","direction_id":"{\"1\": 235}","headsign":"{\"VILLAVERDE ALTO\": 235}","source":61,"target":14,"layer":"L","from":"CALLAO","to":"SOL"},"geometry":{"type":"LineString","coordinates":[[-3.70566,40.42014],[-3.70326,40.41688]]}},{"type":"Feature","properties":{"shape_id":"{\"4__3____1__IT_1\": 232}","direction_id":"{\"0\": 232}","headsign":"{\"MONCLOA\": 232}","duration_avg":61.0,"n_vehicles":232,"d":449,"route_I_counts":"{\"3\": 232}","source":62,"target":63,"layer":"L","from":"PLAZA DE ESPAÑA","to":"VENTURA RODRIGUEZ"},"geometry":{"type":"LineString","coordinates":[[-3.7112,40.42342],[-3.71341,40.42709]]}},{"type":"Feature","properties":{"shape_id":"{\"4__3____2__IT_1\": 235}","direction_id":"{\"1\": 235}","headsign":"{\"VILLAVERDE ALTO\": 235}","duration_avg":82.0,"n_vehicles":235,"d":594,"route_I_counts":"{\"3\": 235}","source":62,"target":61,"layer":"L","from":"PLAZA DE ESPAÑA","to":"CALLAO"},"geometry":{"type":"LineString","coordinates":[[-3.7112,40.42342],[-3.70566,40.42014]]}},{"type":"Feature","properties":{"duration_avg":105.0,"n_vehicles":213,"d":963,"route_I_counts":"{\"10\": 213}","shape_id":"{\"4__10_A___1__IT_1\": 213}","direction_id":"{\"0\": 213}","headsign":"{\"PUERTA DEL SUR\": 213}","source":62,"target":125,"layer":"L","from":"PLAZA DE ESPAÑA","to":"PRINCIPE PIO"},"geometry":{"type":"LineString","coordinates":[[-3.7112,40.42342],[-3.72032,40.42107]]}},{"type":"Feature","properties":{"duration_avg":79.0,"n_vehicles":212,"d":679,"route_I_counts":"{\"10\": 212}","shape_id":"{\"4__10_A___2__IT_1\": 212}","direction_id":"{\"1\": 212}","headsign":"{\"TRES OLIVOS\": 212}","source":62,"target":12,"layer":"L","from":"PLAZA DE ESPAÑA","to":"TRIBUNAL"},"geometry":{"type":"LineString","coordinates":[[-3.7112,40.42342],[-3.7011,40.42619]]}},{"type":"Feature","properties":{"duration_avg":93.0,"n_vehicles":219,"d":596,"route_I_counts":"{\"2\": 219}","shape_id":"{\"4__2____1__IT_1\": 219}","direction_id":"{\"0\": 219}","headsign":"{\"CUATRO CAMINOS\": 219}","source":62,"target":47,"layer":"L","from":"PLAZA DE ESPAÑA","to":"SAN BERNARDO"},"geometry":{"type":"LineString","coordinates":[[-3.7112,40.42342],[-3.70557,40.43001]]}},{"type":"Feature","properties":{"duration_avg":60.0,"n_vehicles":223,"d":394,"route_I_counts":"{\"2\": 223}","shape_id":"{\"4__2____2__IT_1\": 223}","direction_id":"{\"1\": 223}","headsign":"{\"LAS ROSAS\": 223}","source":62,"target":46,"layer":"L","from":"PLAZA DE ESPAÑA","to":"SANTO DOMINGO"},"geometry":{"type":"LineString","coordinates":[[-3.7112,40.42342],[-3.70796,40.42132]]}},{"type":"Feature","properties":{"shape_id":"{\"4__3____1__IT_1\": 232}","direction_id":"{\"0\": 232}","headsign":"{\"MONCLOA\": 232}","duration_avg":69.0,"n_vehicles":232,"d":452,"route_I_counts":"{\"3\": 232}","source":63,"target":64,"layer":"L","from":"VENTURA RODRIGUEZ","to":"ARGÜELLES"},"geometry":{"type":"LineString","coordinates":[[-3.71341,40.42709],[-3.71596,40.43066]]}},{"type":"Feature","properties":{"shape_id":"{\"4__3____2__IT_1\": 236}","direction_id":"{\"1\": 236}","headsign":"{\"VILLAVERDE ALTO\": 236}","duration_avg":62.0,"n_vehicles":236,"d":449,"route_I_counts":"{\"3\": 236}","source":63,"target":62,"layer":"L","from":"VENTURA RODRIGUEZ","to":"PLAZA DE ESPAÑA"},"geometry":{"type":"LineString","coordinates":[[-3.71341,40.42709],[-3.7112,40.42342]]}},{"type":"Feature","properties":{"shape_id":"{\"4__3____1__IT_1\": 231, \"4__6_2___1__IT_1\": 203}","direction_id":"{\"0\": 434}","headsign":"{\"MONCLOA\": 231, \"LAGUNA\": 203}","duration_avg":66.5,"n_vehicles":434,"d":568,"route_I_counts":"{\"3\": 231, \"6\": 203}","source":64,"target":65,"layer":"L","from":"ARGÜELLES","to":"MONCLOA"},"geometry":{"type":"LineString","coordinates":[[-3.71596,40.43066],[-3.71945,40.43502]]}},{"type":"Feature","properties":{"shape_id":"{\"4__3____2__IT_1\": 236}","direction_id":"{\"1\": 236}","headsign":"{\"VILLAVERDE ALTO\": 236}","duration_avg":68.0,"n_vehicles":236,"d":452,"route_I_counts":"{\"3\": 236}","source":64,"target":63,"layer":"L","from":"ARGÜELLES","to":"VENTURA RODRIGUEZ"},"geometry":{"type":"LineString","coordinates":[[-3.71596,40.43066],[-3.71341,40.42709]]}},{"type":"Feature","properties":{"duration_avg":190.0,"n_vehicles":204,"d":1116,"route_I_counts":"{\"6\": 204}","shape_id":"{\"4__6_1___1__IT_1\": 204}","direction_id":"{\"0\": 204}","headsign":"{\"LAGUNA\": 204}","source":64,"target":125,"layer":"L","from":"ARGÜELLES","to":"PRINCIPE PIO"},"geometry":{"type":"LineString","coordinates":[[-3.71596,40.43066],[-3.72032,40.42107]]}},{"type":"Feature","properties":{"duration_avg":130.0,"n_vehicles":227,"d":878,"route_I_counts":"{\"4\": 227}","shape_id":"{\"4__4____1__IT_1\": 227}","direction_id":"{\"0\": 227}","headsign":"{\"PINAR DE CHAMARTIN\": 227}","source":64,"target":47,"layer":"L","from":"ARGÜELLES","to":"SAN BERNARDO"},"geometry":{"type":"LineString","coordinates":[[-3.71596,40.43066],[-3.70557,40.43001]]}},{"type":"Feature","properties":{"shape_id":"{\"4__3____2__IT_1\": 236, \"4__6_1___1__IT_1\": 205}","direction_id":"{\"1\": 236, \"0\": 205}","headsign":"{\"VILLAVERDE ALTO\": 236, \"LAGUNA\": 205}","duration_avg":67.5,"n_vehicles":441,"d":568,"route_I_counts":"{\"3\": 236, \"6\": 205}","source":65,"target":64,"layer":"L","from":"MONCLOA","to":"ARGÜELLES"},"geometry":{"type":"LineString","coordinates":[[-3.71945,40.43502],[-3.71596,40.43066]]}},{"type":"Feature","properties":{"duration_avg":187.0,"n_vehicles":202,"d":1140,"route_I_counts":"{\"6\": 202}","shape_id":"{\"4__6_2___1__IT_1\": 202}","direction_id":"{\"0\": 202}","headsign":"{\"LAGUNA\": 202}","source":65,"target":124,"layer":"L","from":"MONCLOA","to":"CIUDAD UNIVERSITARIA"},"geometry":{"type":"LineString","coordinates":[[-3.71945,40.43502],[-3.72678,40.44356]]}},{"type":"Feature","properties":{"shape_id":"{\"4__4____1__IT_1\": 226}","direction_id":"{\"0\": 226}","headsign":"{\"PINAR DE CHAMARTIN\": 226}","duration_avg":61.0,"n_vehicles":226,"d":489,"route_I_counts":"{\"4\": 226}","source":66,"target":67,"layer":"L","from":"ALONSO MARTINEZ","to":"COLON"},"geometry":{"type":"LineString","coordinates":[[-3.69594,40.42772],[-3.69101,40.42542]]}},{"type":"Feature","properties":{"duration_avg":107.0,"n_vehicles":190,"d":635,"route_I_counts":"{\"5\": 190}","shape_id":"{\"4__5____1__IT_1\": 190}","direction_id":"{\"0\": 190}","headsign":"{\"CASA DE CAMPO\": 190}","source":66,"target":95,"layer":"L","from":"ALONSO MARTINEZ","to":"CHUECA"},"geometry":{"type":"LineString","coordinates":[[-3.69594,40.42772],[-3.69762,40.42293]]}},{"type":"Feature","properties":{"duration_avg":109.0,"n_vehicles":189,"d":714,"route_I_counts":"{\"5\": 189}","shape_id":"{\"4__5____2__IT_1\": 189}","direction_id":"{\"1\": 189}","headsign":"{\"ALAMEDA DE OSUNA\": 189}","source":66,"target":94,"layer":"L","from":"ALONSO MARTINEZ","to":"RUBEN DARIO"},"geometry":{"type":"LineString","coordinates":[[-3.69594,40.42772],[-3.68954,40.43316]]}},{"type":"Feature","properties":{"duration_avg":70.0,"n_vehicles":222,"d":458,"route_I_counts":"{\"4\": 222}","shape_id":"{\"4__4____2__IT_1\": 222}","direction_id":"{\"1\": 222}","headsign":"{\"ARGÜELLES\": 222}","source":66,"target":11,"layer":"L","from":"ALONSO MARTINEZ","to":"BILBAO"},"geometry":{"type":"LineString","coordinates":[[-3.69594,40.42772],[-3.70218,40.42906]]}},{"type":"Feature","properties":{"duration_avg":134.0,"n_vehicles":211,"d":1093,"route_I_counts":"{\"10\": 211}","shape_id":"{\"4__10_A___2__IT_1\": 211}","direction_id":"{\"1\": 211}","headsign":"{\"TRES OLIVOS\": 211}","source":66,"target":138,"layer":"L","from":"ALONSO MARTINEZ","to":"GREGORIO MARAÑON"},"geometry":{"type":"LineString","coordinates":[[-3.69594,40.42772],[-3.69148,40.43825]]}},{"type":"Feature","properties":{"duration_avg":66.0,"n_vehicles":213,"d":555,"route_I_counts":"{\"10\": 213}","shape_id":"{\"4__10_A___1__IT_1\": 213}","direction_id":"{\"0\": 213}","headsign":"{\"PUERTA DEL SUR\": 213}","source":66,"target":12,"layer":"L","from":"ALONSO MARTINEZ","to":"TRIBUNAL"},"geometry":{"type":"LineString","coordinates":[[-3.69594,40.42772],[-3.7011,40.42619]]}},{"type":"Feature","properties":{"shape_id":"{\"4__4____1__IT_1\": 226}","direction_id":"{\"0\": 226}","headsign":"{\"PINAR DE CHAMARTIN\": 226}","duration_avg":80.0,"n_vehicles":226,"d":371,"route_I_counts":"{\"4\": 226}","source":67,"target":68,"layer":"L","from":"COLON","to":"SERRANO"},"geometry":{"type":"LineString","coordinates":[[-3.69101,40.42542],[-3.68663,40.42543]]}},{"type":"Feature","properties":{"shape_id":"{\"4__4____2__IT_1\": 222}","direction_id":"{\"1\": 222}","headsign":"{\"ARGÜELLES\": 222}","duration_avg":60.0,"n_vehicles":222,"d":489,"route_I_counts":"{\"4\": 222}","source":67,"target":66,"layer":"L","from":"COLON","to":"ALONSO MARTINEZ"},"geometry":{"type":"LineString","coordinates":[[-3.69101,40.42542],[-3.69594,40.42772]]}},{"type":"Feature","properties":{"shape_id":"{\"4__4____1__IT_1\": 226}","direction_id":"{\"0\": 226}","headsign":"{\"PINAR DE CHAMARTIN\": 226}","duration_avg":58.0,"n_vehicles":226,"d":317,"route_I_counts":"{\"4\": 226}","source":68,"target":69,"layer":"L","from":"SERRANO","to":"VELAZQUEZ"},"geometry":{"type":"LineString","coordinates":[[-3.68663,40.42543],[-3.68292,40.42503]]}},{"type":"Feature","properties":{"shape_id":"{\"4__4____2__IT_1\": 222}","direction_id":"{\"1\": 222}","headsign":"{\"ARGÜELLES\": 222}","duration_avg":80.0,"n_vehicles":222,"d":371,"route_I_counts":"{\"4\": 222}","source":68,"target":67,"layer":"L","from":"SERRANO","to":"COLON"},"geometry":{"type":"LineString","coordinates":[[-3.68663,40.42543],[-3.69101,40.42542]]}},{"type":"Feature","properties":{"shape_id":"{\"4__4____2__IT_1\": 223}","direction_id":"{\"1\": 223}","headsign":"{\"ARGÜELLES\": 223}","duration_avg":59.0,"n_vehicles":223,"d":317,"route_I_counts":"{\"4\": 223}","source":69,"target":68,"layer":"L","from":"VELAZQUEZ","to":"SERRANO"},"geometry":{"type":"LineString","coordinates":[[-3.68292,40.42503],[-3.68663,40.42543]]}},{"type":"Feature","properties":{"duration_avg":78.0,"n_vehicles":226,"d":514,"route_I_counts":"{\"4\": 226}","shape_id":"{\"4__4____1__IT_1\": 226}","direction_id":"{\"0\": 226}","headsign":"{\"PINAR DE CHAMARTIN\": 226}","source":69,"target":40,"layer":"L","from":"VELAZQUEZ","to":"GOYA"},"geometry":{"type":"LineString","coordinates":[[-3.68292,40.42503],[-3.67591,40.42455]]}},{"type":"Feature","properties":{"shape_id":"{\"4__4____1__IT_1\": 225}","direction_id":"{\"0\": 225}","headsign":"{\"PINAR DE CHAMARTIN\": 225}","duration_avg":90.0,"n_vehicles":225,"d":614,"route_I_counts":"{\"4\": 225}","source":70,"target":71,"layer":"L","from":"LISTA","to":"DIEGO DE LEON"},"geometry":{"type":"LineString","coordinates":[[-3.67541,40.42917],[-3.67495,40.43468]]}},{"type":"Feature","properties":{"duration_avg":91.0,"n_vehicles":223,"d":500,"route_I_counts":"{\"4\": 223}","shape_id":"{\"4__4____2__IT_1\": 223}","direction_id":"{\"1\": 223}","headsign":"{\"ARGÜELLES\": 223}","source":70,"target":40,"layer":"L","from":"LISTA","to":"GOYA"},"geometry":{"type":"LineString","coordinates":[[-3.67541,40.42917],[-3.67591,40.42455]]}},{"type":"Feature","properties":{"shape_id":"{\"4__4____1__IT_1\": 225, \"4__6_1___1__IT_1\": 207}","direction_id":"{\"0\": 432}","headsign":"{\"PINAR DE CHAMARTIN\": 225, \"LAGUNA\": 207}","duration_avg":90.5,"n_vehicles":432,"d":399,"route_I_counts":"{\"4\": 225, \"6\": 207}","source":71,"target":72,"layer":"L","from":"DIEGO DE LEON","to":"AVENIDA DE AMERICA"},"geometry":{"type":"LineString","coordinates":[[-3.67495,40.43468],[-3.67664,40.43803]]}},{"type":"Feature","properties":{"shape_id":"{\"4__4____2__IT_1\": 223}","direction_id":"{\"1\": 223}","headsign":"{\"ARGÜELLES\": 223}","duration_avg":90.0,"n_vehicles":223,"d":614,"route_I_counts":"{\"4\": 223}","source":71,"target":70,"layer":"L","from":"DIEGO DE LEON","to":"LISTA"},"geometry":{"type":"LineString","coordinates":[[-3.67495,40.43468],[-3.67541,40.42917]]}},{"type":"Feature","properties":{"duration_avg":103.0,"n_vehicles":190,"d":706,"route_I_counts":"{\"5\": 190}","shape_id":"{\"4__5____1__IT_1\": 190}","direction_id":"{\"0\": 190}","headsign":"{\"CASA DE CAMPO\": 190}","source":71,"target":93,"layer":"L","from":"DIEGO DE LEON","to":"NUÑEZ DE BALBOA"},"geometry":{"type":"LineString","coordinates":[[-3.67495,40.43468],[-3.68258,40.43278]]}},{"type":"Feature","properties":{"duration_avg":136.0,"n_vehicles":188,"d":917,"route_I_counts":"{\"5\": 188}","shape_id":"{\"4__5____2__IT_1\": 188}","direction_id":"{\"1\": 188}","headsign":"{\"ALAMEDA DE OSUNA\": 188}","source":71,"target":38,"layer":"L","from":"DIEGO DE LEON","to":"VENTAS"},"geometry":{"type":"LineString","coordinates":[[-3.67495,40.43468],[-3.66366,40.43088]]}},{"type":"Feature","properties":{"duration_avg":105.0,"n_vehicles":200,"d":644,"route_I_counts":"{\"6\": 200}","shape_id":"{\"4__6_2___1__IT_1\": 200}","direction_id":"{\"0\": 200}","headsign":"{\"LAGUNA\": 200}","source":71,"target":39,"layer":"L","from":"DIEGO DE LEON","to":"MANUEL BECERRA"},"geometry":{"type":"LineString","coordinates":[[-3.67495,40.43468],[-3.66926,40.4279]]}},{"type":"Feature","properties":{"shape_id":"{\"4__4____1__IT_1\": 225}","direction_id":"{\"0\": 225}","headsign":"{\"PINAR DE CHAMARTIN\": 225}","duration_avg":126.0,"n_vehicles":225,"d":702,"route_I_counts":"{\"4\": 225}","source":72,"target":73,"layer":"L","from":"AVENIDA DE AMERICA","to":"PROSPERIDAD"},"geometry":{"type":"LineString","coordinates":[[-3.67664,40.43803],[-3.67482,40.44419]]}},{"type":"Feature","properties":{"shape_id":"{\"4__4____2__IT_1\": 223, \"4__6_2___1__IT_1\": 201}","direction_id":"{\"1\": 223, \"0\": 201}","headsign":"{\"ARGÜELLES\": 223, \"LAGUNA\": 201}","duration_avg":90.5,"n_vehicles":424,"d":399,"route_I_counts":"{\"4\": 223, \"6\": 201}","source":72,"target":71,"layer":"L","from":"AVENIDA DE AMERICA","to":"DIEGO DE LEON"},"geometry":{"type":"LineString","coordinates":[[-3.67664,40.43803],[-3.67495,40.43468]]}},{"type":"Feature","properties":{"duration_avg":123.0,"n_vehicles":207,"d":900,"route_I_counts":"{\"6\": 207}","shape_id":"{\"4__6_1___1__IT_1\": 207}","direction_id":"{\"0\": 207}","headsign":"{\"LAGUNA\": 207}","source":72,"target":120,"layer":"L","from":"AVENIDA DE AMERICA","to":"REPUBLICA ARGENTINA"},"geometry":{"type":"LineString","coordinates":[[-3.67664,40.43803],[-3.68406,40.44379]]}},{"type":"Feature","properties":{"duration_avg":141.0,"n_vehicles":180,"d":1266,"route_I_counts":"{\"7\": 180}","shape_id":"{\"4__7_A___1__IT_1\": 180}","direction_id":"{\"0\": 180}","headsign":"{\"PITIS\": 180}","source":72,"target":138,"layer":"L","from":"AVENIDA DE AMERICA","to":"GREGORIO MARAÑON"},"geometry":{"type":"LineString","coordinates":[[-3.67664,40.43803],[-3.69148,40.43825]]}},{"type":"Feature","properties":{"duration_avg":95.0,"n_vehicles":179,"d":398,"route_I_counts":"{\"7\": 179}","shape_id":"{\"4__7_A___2__IT_1\": 179}","direction_id":"{\"1\": 179}","headsign":"{\"ESTADIO METROPOLITANO\": 179}","source":72,"target":137,"layer":"L","from":"AVENIDA DE AMERICA","to":"CARTAGENA"},"geometry":{"type":"LineString","coordinates":[[-3.67664,40.43803],[-3.67215,40.43934]]}},{"type":"Feature","properties":{"duration_avg":97.0,"n_vehicles":180,"d":709,"route_I_counts":"{\"9\": 180}","shape_id":"{\"4__9_A___2__IT_1\": 180}","direction_id":"{\"1\": 180}","headsign":"{\"PACO DE LUCIA\": 180}","source":72,"target":170,"layer":"L","from":"AVENIDA DE AMERICA","to":"CRUZ DEL RAYO"},"geometry":{"type":"LineString","coordinates":[[-3.67664,40.43803],[-3.67821,40.44427]]}},{"type":"Feature","properties":{"duration_avg":98.0,"n_vehicles":180,"d":913,"route_I_counts":"{\"9\": 180}","shape_id":"{\"4__9_A___1__IT_1\": 180}","direction_id":"{\"0\": 180}","headsign":"{\"PUERTA DE ARGANDA\": 180}","source":72,"target":93,"layer":"L","from":"AVENIDA DE AMERICA","to":"NUÑEZ DE BALBOA"},"geometry":{"type":"LineString","coordinates":[[-3.67664,40.43803],[-3.68258,40.43278]]}},{"type":"Feature","properties":{"shape_id":"{\"4__4____1__IT_1\": 225}","direction_id":"{\"0\": 225}","headsign":"{\"PINAR DE CHAMARTIN\": 225}","duration_avg":137.0,"n_vehicles":225,"d":739,"route_I_counts":"{\"4\": 225}","source":73,"target":74,"layer":"L","from":"PROSPERIDAD","to":"ALFONSO XIII"},"geometry":{"type":"LineString","coordinates":[[-3.67482,40.44419],[-3.66791,40.44825]]}},{"type":"Feature","properties":{"shape_id":"{\"4__4____2__IT_1\": 224}","direction_id":"{\"1\": 224}","headsign":"{\"ARGÜELLES\": 224}","duration_avg":126.0,"n_vehicles":224,"d":702,"route_I_counts":"{\"4\": 224}","source":73,"target":72,"layer":"L","from":"PROSPERIDAD","to":"AVENIDA DE AMERICA"},"geometry":{"type":"LineString","coordinates":[[-3.67482,40.44419],[-3.67664,40.43803]]}},{"type":"Feature","properties":{"shape_id":"{\"4__4____1__IT_1\": 224}","direction_id":"{\"0\": 224}","headsign":"{\"PINAR DE CHAMARTIN\": 224}","duration_avg":101.0,"n_vehicles":224,"d":819,"route_I_counts":"{\"4\": 224}","source":74,"target":75,"layer":"L","from":"ALFONSO XIII","to":"AVENIDA DE LA PAZ"},"geometry":{"type":"LineString","coordinates":[[-3.66791,40.44825],[-3.66118,40.45354]]}},{"type":"Feature","properties":{"shape_id":"{\"4__4____2__IT_1\": 224}","direction_id":"{\"1\": 224}","headsign":"{\"ARGÜELLES\": 224}","duration_avg":137.0,"n_vehicles":224,"d":739,"route_I_counts":"{\"4\": 224}","source":74,"target":73,"layer":"L","from":"ALFONSO XIII","to":"PROSPERIDAD"},"geometry":{"type":"LineString","coordinates":[[-3.66791,40.44825],[-3.67482,40.44419]]}},{"type":"Feature","properties":{"shape_id":"{\"4__4____1__IT_1\": 224}","direction_id":"{\"0\": 224}","headsign":"{\"PINAR DE CHAMARTIN\": 224}","duration_avg":122.0,"n_vehicles":224,"d":494,"route_I_counts":"{\"4\": 224}","source":75,"target":76,"layer":"L","from":"AVENIDA DE LA PAZ","to":"ARTURO SORIA"},"geometry":{"type":"LineString","coordinates":[[-3.66118,40.45354],[-3.65618,40.45583]]}},{"type":"Feature","properties":{"shape_id":"{\"4__4____2__IT_1\": 224}","direction_id":"{\"1\": 224}","headsign":"{\"ARGÜELLES\": 224}","duration_avg":102.0,"n_vehicles":224,"d":819,"route_I_counts":"{\"4\": 224}","source":75,"target":74,"layer":"L","from":"AVENIDA DE LA PAZ","to":"ALFONSO XIII"},"geometry":{"type":"LineString","coordinates":[[-3.66118,40.45354],[-3.66791,40.44825]]}},{"type":"Feature","properties":{"shape_id":"{\"4__4____1__IT_1\": 224}","direction_id":"{\"0\": 224}","headsign":"{\"PINAR DE CHAMARTIN\": 224}","duration_avg":134.0,"n_vehicles":224,"d":965,"route_I_counts":"{\"4\": 224}","source":76,"target":77,"layer":"L","from":"ARTURO SORIA","to":"ESPERANZA"},"geometry":{"type":"LineString","coordinates":[[-3.65618,40.45583],[-3.64582,40.45945]]}},{"type":"Feature","properties":{"shape_id":"{\"4__4____2__IT_1\": 224}","direction_id":"{\"1\": 224}","headsign":"{\"ARGÜELLES\": 224}","duration_avg":121.0,"n_vehicles":224,"d":494,"route_I_counts":"{\"4\": 224}","source":76,"target":75,"layer":"L","from":"ARTURO SORIA","to":"AVENIDA DE LA PAZ"},"geometry":{"type":"LineString","coordinates":[[-3.65618,40.45583],[-3.66118,40.45354]]}},{"type":"Feature","properties":{"shape_id":"{\"4__4____1__IT_1\": 223}","direction_id":"{\"0\": 223}","headsign":"{\"PINAR DE CHAMARTIN\": 223}","duration_avg":206.0,"n_vehicles":223,"d":992,"route_I_counts":"{\"4\": 223}","source":77,"target":78,"layer":"L","from":"ESPERANZA","to":"CANILLAS"},"geometry":{"type":"LineString","coordinates":[[-3.64582,40.45945],[-3.6356,40.46381]]}},{"type":"Feature","properties":{"shape_id":"{\"4__4____2__IT_1\": 225}","direction_id":"{\"1\": 225}","headsign":"{\"ARGÜELLES\": 225}","duration_avg":134.0,"n_vehicles":225,"d":965,"route_I_counts":"{\"4\": 225}","source":77,"target":76,"layer":"L","from":"ESPERANZA","to":"ARTURO SORIA"},"geometry":{"type":"LineString","coordinates":[[-3.64582,40.45945],[-3.65618,40.45583]]}},{"type":"Feature","properties":{"shape_id":"{\"4__4____1__IT_1\": 223}","direction_id":"{\"0\": 223}","headsign":"{\"PINAR DE CHAMARTIN\": 223}","duration_avg":101.0,"n_vehicles":223,"d":666,"route_I_counts":"{\"4\": 223}","source":78,"target":79,"layer":"L","from":"CANILLAS","to":"MAR DE CRISTAL"},"geometry":{"type":"LineString","coordinates":[[-3.6356,40.46381],[-3.63832,40.46943]]}},{"type":"Feature","properties":{"shape_id":"{\"4__4____2__IT_1\": 225}","direction_id":"{\"1\": 225}","headsign":"{\"ARGÜELLES\": 225}","duration_avg":207.0,"n_vehicles":225,"d":992,"route_I_counts":"{\"4\": 225}","source":78,"target":77,"layer":"L","from":"CANILLAS","to":"ESPERANZA"},"geometry":{"type":"LineString","coordinates":[[-3.6356,40.46381],[-3.64582,40.45945]]}},{"type":"Feature","properties":{"shape_id":"{\"4__4____1__IT_1\": 223}","direction_id":"{\"0\": 223}","headsign":"{\"PINAR DE CHAMARTIN\": 223}","duration_avg":78.0,"n_vehicles":223,"d":571,"route_I_counts":"{\"4\": 223}","source":79,"target":80,"layer":"L","from":"MAR DE CRISTAL","to":"SAN LORENZO"},"geometry":{"type":"LineString","coordinates":[[-3.63832,40.46943],[-3.63958,40.47447]]}},{"type":"Feature","properties":{"shape_id":"{\"4__4____2__IT_1\": 225}","direction_id":"{\"1\": 225}","headsign":"{\"ARGÜELLES\": 225}","duration_avg":101.0,"n_vehicles":225,"d":666,"route_I_counts":"{\"4\": 225}","source":79,"target":78,"layer":"L","from":"MAR DE CRISTAL","to":"CANILLAS"},"geometry":{"type":"LineString","coordinates":[[-3.63832,40.46943],[-3.6356,40.46381]]}},{"type":"Feature","properties":{"duration_avg":184.0,"n_vehicles":190,"d":1970,"route_I_counts":"{\"8\": 190}","shape_id":"{\"4__8____1__IT_1\": 190}","direction_id":"{\"0\": 190}","headsign":"{\"AEROPUERTO T4\": 190}","source":79,"target":158,"layer":"L","from":"MAR DE CRISTAL","to":"FERIA DE MADRID"},"geometry":{"type":"LineString","coordinates":[[-3.63832,40.46943],[-3.6162,40.46389]]}},{"type":"Feature","properties":{"duration_avg":73.0,"n_vehicles":190,"d":889,"route_I_counts":"{\"8\": 190}","shape_id":"{\"4__8____2__IT_1\": 190}","direction_id":"{\"1\": 190}","headsign":"{\"NUEVOS MINISTERIOS\": 190}","source":79,"target":157,"layer":"L","from":"MAR DE CRISTAL","to":"PINAR DEL REY"},"geometry":{"type":"LineString","coordinates":[[-3.63832,40.46943],[-3.64867,40.468]]}},{"type":"Feature","properties":{"shape_id":"{\"4__4____1__IT_1\": 223}","direction_id":"{\"0\": 223}","headsign":"{\"PINAR DE CHAMARTIN\": 223}","duration_avg":110.0,"n_vehicles":223,"d":562,"route_I_counts":"{\"4\": 223}","source":80,"target":81,"layer":"L","from":"SAN LORENZO","to":"PARQUE DE SANTA MARIA"},"geometry":{"type":"LineString","coordinates":[[-3.63958,40.47447],[-3.64524,40.47711]]}},{"type":"Feature","properties":{"shape_id":"{\"4__4____2__IT_1\": 226}","direction_id":"{\"1\": 226}","headsign":"{\"ARGÜELLES\": 226}","duration_avg":78.0,"n_vehicles":226,"d":571,"route_I_counts":"{\"4\": 226}","source":80,"target":79,"layer":"L","from":"SAN LORENZO","to":"MAR DE CRISTAL"},"geometry":{"type":"LineString","coordinates":[[-3.63958,40.47447],[-3.63832,40.46943]]}},{"type":"Feature","properties":{"shape_id":"{\"4__4____1__IT_1\": 222}","direction_id":"{\"0\": 222}","headsign":"{\"PINAR DE CHAMARTIN\": 222}","duration_avg":111.0,"n_vehicles":222,"d":650,"route_I_counts":"{\"4\": 222}","source":81,"target":82,"layer":"L","from":"PARQUE DE SANTA MARIA","to":"HORTALEZA"},"geometry":{"type":"LineString","coordinates":[[-3.64524,40.47711],[-3.65257,40.47537]]}},{"type":"Feature","properties":{"shape_id":"{\"4__4____2__IT_1\": 226}","direction_id":"{\"1\": 226}","headsign":"{\"ARGÜELLES\": 226}","duration_avg":110.0,"n_vehicles":226,"d":562,"route_I_counts":"{\"4\": 226}","source":81,"target":80,"layer":"L","from":"PARQUE DE SANTA MARIA","to":"SAN LORENZO"},"geometry":{"type":"LineString","coordinates":[[-3.64524,40.47711],[-3.63958,40.47447]]}},{"type":"Feature","properties":{"shape_id":"{\"4__4____1__IT_1\": 222}","direction_id":"{\"0\": 222}","headsign":"{\"PINAR DE CHAMARTIN\": 222}","duration_avg":171.0,"n_vehicles":222,"d":890,"route_I_counts":"{\"4\": 222}","source":82,"target":83,"layer":"L","from":"HORTALEZA","to":"MANOTERAS"},"geometry":{"type":"LineString","coordinates":[[-3.65257,40.47537],[-3.6629,40.47687]]}},{"type":"Feature","properties":{"shape_id":"{\"4__4____2__IT_1\": 226}","direction_id":"{\"1\": 226}","headsign":"{\"ARGÜELLES\": 226}","duration_avg":110.0,"n_vehicles":226,"d":650,"route_I_counts":"{\"4\": 226}","source":82,"target":81,"layer":"L","from":"HORTALEZA","to":"PARQUE DE SANTA MARIA"},"geometry":{"type":"LineString","coordinates":[[-3.65257,40.47537],[-3.64524,40.47711]]}},{"type":"Feature","properties":{"shape_id":"{\"4__4____2__IT_1\": 226}","direction_id":"{\"1\": 226}","headsign":"{\"ARGÜELLES\": 226}","duration_avg":172.0,"n_vehicles":226,"d":890,"route_I_counts":"{\"4\": 226}","source":83,"target":82,"layer":"L","from":"MANOTERAS","to":"HORTALEZA"},"geometry":{"type":"LineString","coordinates":[[-3.6629,40.47687],[-3.65257,40.47537]]}},{"type":"Feature","properties":{"duration_avg":97.0,"n_vehicles":222,"d":489,"route_I_counts":"{\"4\": 222}","shape_id":"{\"4__4____1__IT_1\": 222}","direction_id":"{\"0\": 222}","headsign":"{\"PINAR DE CHAMARTIN\": 222}","source":83,"target":0,"layer":"L","from":"MANOTERAS","to":"PINAR DE CHAMARTIN"},"geometry":{"type":"LineString","coordinates":[[-3.6629,40.47687],[-3.6668,40.48014]]}},{"type":"Feature","properties":{"shape_id":"{\"4__5____1__IT_1\": 193}","direction_id":"{\"0\": 193}","headsign":"{\"CASA DE CAMPO\": 193}","duration_avg":114.0,"n_vehicles":193,"d":730,"route_I_counts":"{\"5\": 193}","source":84,"target":85,"layer":"L","from":"ALAMEDA DE OSUNA","to":"EL CAPRICHO"},"geometry":{"type":"LineString","coordinates":[[-3.58752,40.45779],[-3.59401,40.45347]]}},{"type":"Feature","properties":{"shape_id":"{\"4__5____1__IT_1\": 193}","direction_id":"{\"0\": 193}","headsign":"{\"CASA DE CAMPO\": 193}","duration_avg":218.0,"n_vehicles":193,"d":1280,"route_I_counts":"{\"5\": 193}","source":85,"target":86,"layer":"L","from":"EL CAPRICHO","to":"CANILLEJAS"},"geometry":{"type":"LineString","coordinates":[[-3.59401,40.45347],[-3.60816,40.44942]]}},{"type":"Feature","properties":{"shape_id":"{\"4__5____2__IT_1\": 186}","direction_id":"{\"1\": 186}","headsign":"{\"ALAMEDA DE OSUNA\": 186}","duration_avg":114.0,"n_vehicles":186,"d":730,"route_I_counts":"{\"5\": 186}","source":85,"target":84,"layer":"L","from":"EL CAPRICHO","to":"ALAMEDA DE OSUNA"},"geometry":{"type":"LineString","coordinates":[[-3.59401,40.45347],[-3.58752,40.45779]]}},{"type":"Feature","properties":{"shape_id":"{\"4__5____1__IT_1\": 192}","direction_id":"{\"0\": 192}","headsign":"{\"CASA DE CAMPO\": 192}","duration_avg":153.0,"n_vehicles":192,"d":979,"route_I_counts":"{\"5\": 192}","source":86,"target":87,"layer":"L","from":"CANILLEJAS","to":"TORRE ARIAS"},"geometry":{"type":"LineString","coordinates":[[-3.60816,40.44942],[-3.61699,40.44374]]}},{"type":"Feature","properties":{"shape_id":"{\"4__5____2__IT_1\": 186}","direction_id":"{\"1\": 186}","headsign":"{\"ALAMEDA DE OSUNA\": 186}","duration_avg":218.0,"n_vehicles":186,"d":1280,"route_I_counts":"{\"5\": 186}","source":86,"target":85,"layer":"L","from":"CANILLEJAS","to":"EL CAPRICHO"},"geometry":{"type":"LineString","coordinates":[[-3.60816,40.44942],[-3.59401,40.45347]]}},{"type":"Feature","properties":{"shape_id":"{\"4__5____1__IT_1\": 192}","direction_id":"{\"0\": 192}","headsign":"{\"CASA DE CAMPO\": 192}","duration_avg":119.0,"n_vehicles":192,"d":894,"route_I_counts":"{\"5\": 192}","source":87,"target":88,"layer":"L","from":"TORRE ARIAS","to":"SUANZES"},"geometry":{"type":"LineString","coordinates":[[-3.61699,40.44374],[-3.62684,40.44085]]}},{"type":"Feature","properties":{"shape_id":"{\"4__5____2__IT_1\": 187}","direction_id":"{\"1\": 187}","headsign":"{\"ALAMEDA DE OSUNA\": 187}","duration_avg":153.0,"n_vehicles":187,"d":979,"route_I_counts":"{\"5\": 187}","source":87,"target":86,"layer":"L","from":"TORRE ARIAS","to":"CANILLEJAS"},"geometry":{"type":"LineString","coordinates":[[-3.61699,40.44374],[-3.60816,40.44942]]}},{"type":"Feature","properties":{"shape_id":"{\"4__5____1__IT_1\": 192}","direction_id":"{\"0\": 192}","headsign":"{\"CASA DE CAMPO\": 192}","duration_avg":147.0,"n_vehicles":192,"d":1008,"route_I_counts":"{\"5\": 192}","source":88,"target":89,"layer":"L","from":"SUANZES","to":"CIUDAD LINEAL"},"geometry":{"type":"LineString","coordinates":[[-3.62684,40.44085],[-3.63816,40.43805]]}},{"type":"Feature","properties":{"shape_id":"{\"4__5____2__IT_1\": 187}","direction_id":"{\"1\": 187}","headsign":"{\"ALAMEDA DE OSUNA\": 187}","duration_avg":119.0,"n_vehicles":187,"d":894,"route_I_counts":"{\"5\": 187}","source":88,"target":87,"layer":"L","from":"SUANZES","to":"TORRE ARIAS"},"geometry":{"type":"LineString","coordinates":[[-3.62684,40.44085],[-3.61699,40.44374]]}},{"type":"Feature","properties":{"shape_id":"{\"4__5____1__IT_1\": 192}","direction_id":"{\"0\": 192}","headsign":"{\"CASA DE CAMPO\": 192}","duration_avg":84.0,"n_vehicles":192,"d":474,"route_I_counts":"{\"5\": 192}","source":89,"target":90,"layer":"L","from":"CIUDAD LINEAL","to":"PUEBLO NUEVO"},"geometry":{"type":"LineString","coordinates":[[-3.63816,40.43805],[-3.64282,40.43569]]}},{"type":"Feature","properties":{"shape_id":"{\"4__5____2__IT_1\": 187}","direction_id":"{\"1\": 187}","headsign":"{\"ALAMEDA DE OSUNA\": 187}","duration_avg":147.0,"n_vehicles":187,"d":1008,"route_I_counts":"{\"5\": 187}","source":89,"target":88,"layer":"L","from":"CIUDAD LINEAL","to":"SUANZES"},"geometry":{"type":"LineString","coordinates":[[-3.63816,40.43805],[-3.62684,40.44085]]}},{"type":"Feature","properties":{"shape_id":"{\"4__5____1__IT_1\": 191}","direction_id":"{\"0\": 191}","headsign":"{\"CASA DE CAMPO\": 191}","duration_avg":82.0,"n_vehicles":191,"d":450,"route_I_counts":"{\"5\": 191}","source":90,"target":91,"layer":"L","from":"PUEBLO NUEVO","to":"QUINTANA"},"geometry":{"type":"LineString","coordinates":[[-3.64282,40.43569],[-3.64736,40.43358]]}},{"type":"Feature","properties":{"shape_id":"{\"4__5____2__IT_1\": 187}","direction_id":"{\"1\": 187}","headsign":"{\"ALAMEDA DE OSUNA\": 187}","duration_avg":84.0,"n_vehicles":187,"d":474,"route_I_counts":"{\"5\": 187}","source":90,"target":89,"layer":"L","from":"PUEBLO NUEVO","to":"CIUDAD LINEAL"},"geometry":{"type":"LineString","coordinates":[[-3.64282,40.43569],[-3.63816,40.43805]]}},{"type":"Feature","properties":{"duration_avg":126.0,"n_vehicles":181,"d":866,"route_I_counts":"{\"7\": 181}","shape_id":"{\"4__7_A___1__IT_1\": 181}","direction_id":"{\"0\": 181}","headsign":"{\"PITIS\": 181}","source":90,"target":135,"layer":"L","from":"PUEBLO NUEVO","to":"BARRIO DE LA CONCEPCION"},"geometry":{"type":"LineString","coordinates":[[-3.64282,40.43569],[-3.652,40.4391]]}},{"type":"Feature","properties":{"duration_avg":92.0,"n_vehicles":178,"d":624,"route_I_counts":"{\"7\": 178}","shape_id":"{\"4__7_A___2__IT_1\": 178}","direction_id":"{\"1\": 178}","headsign":"{\"ESTADIO METROPOLITANO\": 178}","source":90,"target":134,"layer":"L","from":"PUEBLO NUEVO","to":"ASCAO"},"geometry":{"type":"LineString","coordinates":[[-3.64282,40.43569],[-3.64106,40.43021]]}},{"type":"Feature","properties":{"shape_id":"{\"4__5____1__IT_1\": 191}","direction_id":"{\"0\": 191}","headsign":"{\"CASA DE CAMPO\": 191}","duration_avg":109.0,"n_vehicles":191,"d":885,"route_I_counts":"{\"5\": 191}","source":91,"target":92,"layer":"L","from":"QUINTANA","to":"EL CARMEN"},"geometry":{"type":"LineString","coordinates":[[-3.64736,40.43358],[-3.65757,40.43189]]}},{"type":"Feature","properties":{"shape_id":"{\"4__5____2__IT_1\": 188}","direction_id":"{\"1\": 188}","headsign":"{\"ALAMEDA DE OSUNA\": 188}","duration_avg":82.0,"n_vehicles":188,"d":450,"route_I_counts":"{\"5\": 188}","source":91,"target":90,"layer":"L","from":"QUINTANA","to":"PUEBLO NUEVO"},"geometry":{"type":"LineString","coordinates":[[-3.64736,40.43358],[-3.64282,40.43569]]}},{"type":"Feature","properties":{"shape_id":"{\"4__5____2__IT_1\": 188}","direction_id":"{\"1\": 188}","headsign":"{\"ALAMEDA DE OSUNA\": 188}","duration_avg":109.0,"n_vehicles":188,"d":885,"route_I_counts":"{\"5\": 188}","source":92,"target":91,"layer":"L","from":"EL CARMEN","to":"QUINTANA"},"geometry":{"type":"LineString","coordinates":[[-3.65757,40.43189],[-3.64736,40.43358]]}},{"type":"Feature","properties":{"duration_avg":106.0,"n_vehicles":191,"d":524,"route_I_counts":"{\"5\": 191}","shape_id":"{\"4__5____1__IT_1\": 191}","direction_id":"{\"0\": 191}","headsign":"{\"CASA DE CAMPO\": 191}","source":92,"target":38,"layer":"L","from":"EL CARMEN","to":"VENTAS"},"geometry":{"type":"LineString","coordinates":[[-3.65757,40.43189],[-3.66366,40.43088]]}},{"type":"Feature","properties":{"shape_id":"{\"4__5____1__IT_1\": 190}","direction_id":"{\"0\": 190}","headsign":"{\"CASA DE CAMPO\": 190}","duration_avg":102.0,"n_vehicles":190,"d":591,"route_I_counts":"{\"5\": 190}","source":93,"target":94,"layer":"L","from":"NUÑEZ DE BALBOA","to":"RUBEN DARIO"},"geometry":{"type":"LineString","coordinates":[[-3.68258,40.43278],[-3.68954,40.43316]]}},{"type":"Feature","properties":{"duration_avg":103.0,"n_vehicles":189,"d":706,"route_I_counts":"{\"5\": 189}","shape_id":"{\"4__5____2__IT_1\": 189}","direction_id":"{\"1\": 189}","headsign":"{\"ALAMEDA DE OSUNA\": 189}","source":93,"target":71,"layer":"L","from":"NUÑEZ DE BALBOA","to":"DIEGO DE LEON"},"geometry":{"type":"LineString","coordinates":[[-3.68258,40.43278],[-3.67495,40.43468]]}},{"type":"Feature","properties":{"duration_avg":98.0,"n_vehicles":180,"d":913,"route_I_counts":"{\"9\": 180}","shape_id":"{\"4__9_A___2__IT_1\": 180}","direction_id":"{\"1\": 180}","headsign":"{\"PACO DE LUCIA\": 180}","source":93,"target":72,"layer":"L","from":"NUÑEZ DE BALBOA","to":"AVENIDA DE AMERICA"},"geometry":{"type":"LineString","coordinates":[[-3.68258,40.43278],[-3.67664,40.43803]]}},{"type":"Feature","properties":{"duration_avg":109.0,"n_vehicles":180,"d":666,"route_I_counts":"{\"9\": 180}","shape_id":"{\"4__9_A___1__IT_1\": 180}","direction_id":"{\"0\": 180}","headsign":"{\"PUERTA DE ARGANDA\": 180}","source":93,"target":41,"layer":"L","from":"NUÑEZ DE BALBOA","to":"PRINCIPE DE VERGARA"},"geometry":{"type":"LineString","coordinates":[[-3.68258,40.43278],[-3.68012,40.42294]]}},{"type":"Feature","properties":{"shape_id":"{\"4__5____2__IT_1\": 189}","direction_id":"{\"1\": 189}","headsign":"{\"ALAMEDA DE OSUNA\": 189}","duration_avg":102.0,"n_vehicles":189,"d":591,"route_I_counts":"{\"5\": 189}","source":94,"target":93,"layer":"L","from":"RUBEN DARIO","to":"NUÑEZ DE BALBOA"},"geometry":{"type":"LineString","coordinates":[[-3.68954,40.43316],[-3.68258,40.43278]]}},{"type":"Feature","properties":{"duration_avg":109.0,"n_vehicles":190,"d":714,"route_I_counts":"{\"5\": 190}","shape_id":"{\"4__5____1__IT_1\": 190}","direction_id":"{\"0\": 190}","headsign":"{\"CASA DE CAMPO\": 190}","source":94,"target":66,"layer":"L","from":"RUBEN DARIO","to":"ALONSO MARTINEZ"},"geometry":{"type":"LineString","coordinates":[[-3.68954,40.43316],[-3.69594,40.42772]]}},{"type":"Feature","properties":{"duration_avg":107.0,"n_vehicles":189,"d":635,"route_I_counts":"{\"5\": 189}","shape_id":"{\"4__5____2__IT_1\": 189}","direction_id":"{\"1\": 189}","headsign":"{\"ALAMEDA DE OSUNA\": 189}","source":95,"target":66,"layer":"L","from":"CHUECA","to":"ALONSO MARTINEZ"},"geometry":{"type":"LineString","coordinates":[[-3.69762,40.42293],[-3.69594,40.42772]]}},{"type":"Feature","properties":{"duration_avg":77.0,"n_vehicles":190,"d":482,"route_I_counts":"{\"5\": 190}","shape_id":"{\"4__5____1__IT_1\": 190}","direction_id":"{\"0\": 190}","headsign":"{\"CASA DE CAMPO\": 190}","source":95,"target":13,"layer":"L","from":"CHUECA","to":"GRAN VIA"},"geometry":{"type":"LineString","coordinates":[[-3.69762,40.42293],[-3.7018,40.42001]]}},{"type":"Feature","properties":{"shape_id":"{\"4__5____1__IT_1\": 189}","direction_id":"{\"0\": 189}","headsign":"{\"CASA DE CAMPO\": 189}","duration_avg":90.0,"n_vehicles":189,"d":531,"route_I_counts":"{\"5\": 189}","source":96,"target":97,"layer":"L","from":"LA LATINA","to":"PUERTA DE TOLEDO"},"geometry":{"type":"LineString","coordinates":[[-3.70816,40.41128],[-3.71105,40.40704]]}},{"type":"Feature","properties":{"duration_avg":118.0,"n_vehicles":190,"d":764,"route_I_counts":"{\"5\": 190}","shape_id":"{\"4__5____2__IT_1\": 190}","direction_id":"{\"1\": 190}","headsign":"{\"ALAMEDA DE OSUNA\": 190}","source":96,"target":45,"layer":"L","from":"LA LATINA","to":"OPERA"},"geometry":{"type":"LineString","coordinates":[[-3.70816,40.41128],[-3.70942,40.41809]]}},{"type":"Feature","properties":{"shape_id":"{\"4__5____1__IT_1\": 189}","direction_id":"{\"0\": 189}","headsign":"{\"CASA DE CAMPO\": 189}","duration_avg":138.0,"n_vehicles":189,"d":514,"route_I_counts":"{\"5\": 189}","source":97,"target":98,"layer":"L","from":"PUERTA DE TOLEDO","to":"ACACIAS"},"geometry":{"type":"LineString","coordinates":[[-3.71105,40.40704],[-3.70664,40.40387]]}},{"type":"Feature","properties":{"shape_id":"{\"4__5____2__IT_1\": 190}","direction_id":"{\"1\": 190}","headsign":"{\"ALAMEDA DE OSUNA\": 190}","duration_avg":90.0,"n_vehicles":190,"d":531,"route_I_counts":"{\"5\": 190}","source":97,"target":96,"layer":"L","from":"PUERTA DE TOLEDO","to":"LA LATINA"},"geometry":{"type":"LineString","coordinates":[[-3.71105,40.40704],[-3.70816,40.41128]]}},{"type":"Feature","properties":{"shape_id":"{\"4__5____1__IT_1\": 188}","direction_id":"{\"0\": 188}","headsign":"{\"CASA DE CAMPO\": 188}","duration_avg":83.0,"n_vehicles":188,"d":425,"route_I_counts":"{\"5\": 188}","source":98,"target":99,"layer":"L","from":"ACACIAS","to":"PIRAMIDES"},"geometry":{"type":"LineString","coordinates":[[-3.70664,40.40387],[-3.71138,40.4026]]}},{"type":"Feature","properties":{"shape_id":"{\"4__5____2__IT_1\": 190}","direction_id":"{\"1\": 190}","headsign":"{\"ALAMEDA DE OSUNA\": 190}","duration_avg":138.0,"n_vehicles":190,"d":514,"route_I_counts":"{\"5\": 190}","source":98,"target":97,"layer":"L","from":"ACACIAS","to":"PUERTA DE TOLEDO"},"geometry":{"type":"LineString","coordinates":[[-3.70664,40.40387],[-3.71105,40.40704]]}},{"type":"Feature","properties":{"duration_avg":67.0,"n_vehicles":233,"d":405,"route_I_counts":"{\"3\": 233}","shape_id":"{\"4__3____1__IT_1\": 233}","direction_id":"{\"0\": 233}","headsign":"{\"MONCLOA\": 233}","source":98,"target":60,"layer":"L","from":"ACACIAS","to":"LAVAPIES"},"geometry":{"type":"LineString","coordinates":[[-3.70664,40.40387],[-3.7009,40.40851]]}},{"type":"Feature","properties":{"duration_avg":113.0,"n_vehicles":235,"d":752,"route_I_counts":"{\"3\": 235}","shape_id":"{\"4__3____2__IT_1\": 235}","direction_id":"{\"1\": 235}","headsign":"{\"VILLAVERDE ALTO\": 235}","source":98,"target":59,"layer":"L","from":"ACACIAS","to":"PALOS DE LA FRONTERA"},"geometry":{"type":"LineString","coordinates":[[-3.70664,40.40387],[-3.69423,40.40307]]}},{"type":"Feature","properties":{"shape_id":"{\"4__5____1__IT_1\": 188}","direction_id":"{\"0\": 188}","headsign":"{\"CASA DE CAMPO\": 188}","duration_avg":117.0,"n_vehicles":188,"d":700,"route_I_counts":"{\"5\": 188}","source":99,"target":100,"layer":"L","from":"PIRAMIDES","to":"MARQUES DE VADILLO"},"geometry":{"type":"LineString","coordinates":[[-3.71138,40.4026],[-3.71596,40.39736]]}},{"type":"Feature","properties":{"shape_id":"{\"4__5____2__IT_1\": 191}","direction_id":"{\"1\": 191}","headsign":"{\"ALAMEDA DE OSUNA\": 191}","duration_avg":83.0,"n_vehicles":191,"d":425,"route_I_counts":"{\"5\": 191}","source":99,"target":98,"layer":"L","from":"PIRAMIDES","to":"ACACIAS"},"geometry":{"type":"LineString","coordinates":[[-3.71138,40.4026],[-3.70664,40.40387]]}},{"type":"Feature","properties":{"shape_id":"{\"4__5____1__IT_1\": 188}","direction_id":"{\"0\": 188}","headsign":"{\"CASA DE CAMPO\": 188}","duration_avg":118.0,"n_vehicles":188,"d":786,"route_I_counts":"{\"5\": 188}","source":100,"target":101,"layer":"L","from":"MARQUES DE VADILLO","to":"URGEL"},"geometry":{"type":"LineString","coordinates":[[-3.71596,40.39736],[-3.7236,40.39335]]}},{"type":"Feature","properties":{"shape_id":"{\"4__5____2__IT_1\": 191}","direction_id":"{\"1\": 191}","headsign":"{\"ALAMEDA DE OSUNA\": 191}","duration_avg":117.0,"n_vehicles":191,"d":700,"route_I_counts":"{\"5\": 191}","source":100,"target":99,"layer":"L","from":"MARQUES DE VADILLO","to":"PIRAMIDES"},"geometry":{"type":"LineString","coordinates":[[-3.71596,40.39736],[-3.71138,40.4026]]}},{"type":"Feature","properties":{"shape_id":"{\"4__5____1__IT_1\": 188}","direction_id":"{\"0\": 188}","headsign":"{\"CASA DE CAMPO\": 188}","duration_avg":102.0,"n_vehicles":188,"d":851,"route_I_counts":"{\"5\": 188}","source":101,"target":102,"layer":"L","from":"URGEL","to":"OPORTO"},"geometry":{"type":"LineString","coordinates":[[-3.7236,40.39335],[-3.73132,40.38846]]}},{"type":"Feature","properties":{"shape_id":"{\"4__5____2__IT_1\": 191}","direction_id":"{\"1\": 191}","headsign":"{\"ALAMEDA DE OSUNA\": 191}","duration_avg":118.0,"n_vehicles":191,"d":786,"route_I_counts":"{\"5\": 191}","source":101,"target":100,"layer":"L","from":"URGEL","to":"MARQUES DE VADILLO"},"geometry":{"type":"LineString","coordinates":[[-3.7236,40.39335],[-3.71596,40.39736]]}},{"type":"Feature","properties":{"shape_id":"{\"4__5____1__IT_1\": 187}","direction_id":"{\"0\": 187}","headsign":"{\"CASA DE CAMPO\": 187}","duration_avg":113.0,"n_vehicles":187,"d":722,"route_I_counts":"{\"5\": 187}","source":102,"target":103,"layer":"L","from":"OPORTO","to":"VISTA ALEGRE"},"geometry":{"type":"LineString","coordinates":[[-3.73132,40.38846],[-3.73982,40.38885]]}},{"type":"Feature","properties":{"shape_id":"{\"4__5____2__IT_1\": 191}","direction_id":"{\"1\": 191}","headsign":"{\"ALAMEDA DE OSUNA\": 191}","duration_avg":102.0,"n_vehicles":191,"d":851,"route_I_counts":"{\"5\": 191}","source":102,"target":101,"layer":"L","from":"OPORTO","to":"URGEL"},"geometry":{"type":"LineString","coordinates":[[-3.73132,40.38846],[-3.7236,40.39335]]}},{"type":"Feature","properties":{"duration_avg":106.0,"n_vehicles":210,"d":711,"route_I_counts":"{\"6\": 210}","shape_id":"{\"4__6_1___1__IT_1\": 210}","direction_id":"{\"0\": 210}","headsign":"{\"LAGUNA\": 210}","source":102,"target":112,"layer":"L","from":"OPORTO","to":"OPAÑEL"},"geometry":{"type":"LineString","coordinates":[[-3.73132,40.38846],[-3.72313,40.3869]]}},{"type":"Feature","properties":{"duration_avg":126.0,"n_vehicles":197,"d":949,"route_I_counts":"{\"6\": 197}","shape_id":"{\"4__6_2___1__IT_1\": 197}","direction_id":"{\"0\": 197}","headsign":"{\"LAGUNA\": 197}","source":102,"target":111,"layer":"L","from":"OPORTO","to":"CARPETANA"},"geometry":{"type":"LineString","coordinates":[[-3.73132,40.38846],[-3.74099,40.3927]]}},{"type":"Feature","properties":{"shape_id":"{\"4__5____1__IT_1\": 187}","direction_id":"{\"0\": 187}","headsign":"{\"CASA DE CAMPO\": 187}","duration_avg":96.0,"n_vehicles":187,"d":442,"route_I_counts":"{\"5\": 187}","source":103,"target":104,"layer":"L","from":"VISTA ALEGRE","to":"CARABANCHEL"},"geometry":{"type":"LineString","coordinates":[[-3.73982,40.38885],[-3.74487,40.38783]]}},{"type":"Feature","properties":{"shape_id":"{\"4__5____2__IT_1\": 192}","direction_id":"{\"1\": 192}","headsign":"{\"ALAMEDA DE OSUNA\": 192}","duration_avg":113.0,"n_vehicles":192,"d":722,"route_I_counts":"{\"5\": 192}","source":103,"target":102,"layer":"L","from":"VISTA ALEGRE","to":"OPORTO"},"geometry":{"type":"LineString","coordinates":[[-3.73982,40.38885],[-3.73132,40.38846]]}},{"type":"Feature","properties":{"shape_id":"{\"4__5____1__IT_1\": 187}","direction_id":"{\"0\": 187}","headsign":"{\"CASA DE CAMPO\": 187}","duration_avg":90.0,"n_vehicles":187,"d":660,"route_I_counts":"{\"5\": 187}","source":104,"target":105,"layer":"L","from":"CARABANCHEL","to":"EUGENIA DE MONTIJO"},"geometry":{"type":"LineString","coordinates":[[-3.74487,40.38783],[-3.75121,40.38439]]}},{"type":"Feature","properties":{"shape_id":"{\"4__5____2__IT_1\": 192}","direction_id":"{\"1\": 192}","headsign":"{\"ALAMEDA DE OSUNA\": 192}","duration_avg":96.0,"n_vehicles":192,"d":442,"route_I_counts":"{\"5\": 192}","source":104,"target":103,"layer":"L","from":"CARABANCHEL","to":"VISTA ALEGRE"},"geometry":{"type":"LineString","coordinates":[[-3.74487,40.38783],[-3.73982,40.38885]]}},{"type":"Feature","properties":{"shape_id":"{\"4__5____1__IT_1\": 187}","direction_id":"{\"0\": 187}","headsign":"{\"CASA DE CAMPO\": 187}","duration_avg":143.0,"n_vehicles":187,"d":824,"route_I_counts":"{\"5\": 187}","source":105,"target":106,"layer":"L","from":"EUGENIA DE MONTIJO","to":"ALUCHE"},"geometry":{"type":"LineString","coordinates":[[-3.75121,40.38439],[-3.7608,40.38563]]}},{"type":"Feature","properties":{"shape_id":"{\"4__5____2__IT_1\": 192}","direction_id":"{\"1\": 192}","headsign":"{\"ALAMEDA DE OSUNA\": 192}","duration_avg":90.0,"n_vehicles":192,"d":660,"route_I_counts":"{\"5\": 192}","source":105,"target":104,"layer":"L","from":"EUGENIA DE MONTIJO","to":"CARABANCHEL"},"geometry":{"type":"LineString","coordinates":[[-3.75121,40.38439],[-3.74487,40.38783]]}},{"type":"Feature","properties":{"shape_id":"{\"4__5____1__IT_1\": 186}","direction_id":"{\"0\": 186}","headsign":"{\"CASA DE CAMPO\": 186}","duration_avg":104.0,"n_vehicles":186,"d":671,"route_I_counts":"{\"5\": 186}","source":106,"target":107,"layer":"L","from":"ALUCHE","to":"EMPALME"},"geometry":{"type":"LineString","coordinates":[[-3.7608,40.38563],[-3.76535,40.39057]]}},{"type":"Feature","properties":{"shape_id":"{\"4__5____2__IT_1\": 192}","direction_id":"{\"1\": 192}","headsign":"{\"ALAMEDA DE OSUNA\": 192}","duration_avg":143.0,"n_vehicles":192,"d":824,"route_I_counts":"{\"5\": 192}","source":106,"target":105,"layer":"L","from":"ALUCHE","to":"EUGENIA DE MONTIJO"},"geometry":{"type":"LineString","coordinates":[[-3.7608,40.38563],[-3.75121,40.38439]]}},{"type":"Feature","properties":{"shape_id":"{\"4__5____1__IT_1\": 186}","direction_id":"{\"0\": 186}","headsign":"{\"CASA DE CAMPO\": 186}","duration_avg":69.0,"n_vehicles":186,"d":527,"route_I_counts":"{\"5\": 186}","source":107,"target":108,"layer":"L","from":"EMPALME","to":"CAMPAMENTO"},"geometry":{"type":"LineString","coordinates":[[-3.76535,40.39057],[-3.76813,40.39481]]}},{"type":"Feature","properties":{"shape_id":"{\"4__5____2__IT_1\": 193}","direction_id":"{\"1\": 193}","headsign":"{\"ALAMEDA DE OSUNA\": 193}","duration_avg":104.0,"n_vehicles":193,"d":671,"route_I_counts":"{\"5\": 193}","source":107,"target":106,"layer":"L","from":"EMPALME","to":"ALUCHE"},"geometry":{"type":"LineString","coordinates":[[-3.76535,40.39057],[-3.7608,40.38563]]}},{"type":"Feature","properties":{"shape_id":"{\"4__5____1__IT_1\": 186}","direction_id":"{\"0\": 186}","headsign":"{\"CASA DE CAMPO\": 186}","duration_avg":184.0,"n_vehicles":186,"d":1115,"route_I_counts":"{\"5\": 186}","source":108,"target":109,"layer":"L","from":"CAMPAMENTO","to":"CASA DE CAMPO"},"geometry":{"type":"LineString","coordinates":[[-3.76813,40.39481],[-3.76101,40.40324]]}},{"type":"Feature","properties":{"shape_id":"{\"4__5____2__IT_1\": 193}","direction_id":"{\"1\": 193}","headsign":"{\"ALAMEDA DE OSUNA\": 193}","duration_avg":69.0,"n_vehicles":193,"d":527,"route_I_counts":"{\"5\": 193}","source":108,"target":107,"layer":"L","from":"CAMPAMENTO","to":"EMPALME"},"geometry":{"type":"LineString","coordinates":[[-3.76813,40.39481],[-3.76535,40.39057]]}},{"type":"Feature","properties":{"shape_id":"{\"4__5____2__IT_1\": 193}","direction_id":"{\"1\": 193}","headsign":"{\"ALAMEDA DE OSUNA\": 193}","duration_avg":184.0,"n_vehicles":193,"d":1115,"route_I_counts":"{\"5\": 193}","source":109,"target":108,"layer":"L","from":"CASA DE CAMPO","to":"CAMPAMENTO"},"geometry":{"type":"LineString","coordinates":[[-3.76101,40.40324],[-3.76813,40.39481]]}},{"type":"Feature","properties":{"duration_avg":150.0,"n_vehicles":211,"d":1346,"route_I_counts":"{\"10\": 211}","shape_id":"{\"4__10_A___1__IT_1\": 211}","direction_id":"{\"0\": 211}","headsign":"{\"PUERTA DEL SUR\": 211}","source":109,"target":192,"layer":"L","from":"CASA DE CAMPO","to":"COLONIA JARDIN"},"geometry":{"type":"LineString","coordinates":[[-3.76101,40.40324],[-3.77462,40.39698]]}},{"type":"Feature","properties":{"duration_avg":109.0,"n_vehicles":213,"d":846,"route_I_counts":"{\"10\": 213}","shape_id":"{\"4__10_A___2__IT_1\": 213}","direction_id":"{\"1\": 213}","headsign":"{\"TRES OLIVOS\": 213}","source":109,"target":191,"layer":"L","from":"CASA DE CAMPO","to":"BATAN"},"geometry":{"type":"LineString","coordinates":[[-3.76101,40.40324],[-3.75311,40.40786]]}},{"type":"Feature","properties":{"shape_id":"{\"4__6_1___1__IT_1\": 210}","direction_id":"{\"0\": 210}","headsign":"{\"LAGUNA\": 210}","duration_avg":97.0,"n_vehicles":210,"d":778,"route_I_counts":"{\"6\": 210}","source":110,"target":111,"layer":"L","from":"LAGUNA","to":"CARPETANA"},"geometry":{"type":"LineString","coordinates":[[-3.74429,40.39923],[-3.74099,40.3927]]}},{"type":"Feature","properties":{"shape_id":"{\"4__6_2___1__IT_1\": 204}","direction_id":"{\"0\": 204}","headsign":"{\"LAGUNA\": 204}","duration_avg":110.0,"n_vehicles":204,"d":659,"route_I_counts":"{\"6\": 204}","source":110,"target":128,"layer":"L","from":"LAGUNA","to":"LUCERO"},"geometry":{"type":"LineString","coordinates":[[-3.74429,40.39923],[-3.74534,40.4051]]}},{"type":"Feature","properties":{"shape_id":"{\"4__6_2___1__IT_1\": 197}","direction_id":"{\"0\": 197}","headsign":"{\"LAGUNA\": 197}","duration_avg":98.0,"n_vehicles":197,"d":778,"route_I_counts":"{\"6\": 197}","source":111,"target":110,"layer":"L","from":"CARPETANA","to":"LAGUNA"},"geometry":{"type":"LineString","coordinates":[[-3.74099,40.3927],[-3.74429,40.39923]]}},{"type":"Feature","properties":{"duration_avg":126.0,"n_vehicles":210,"d":949,"route_I_counts":"{\"6\": 210}","shape_id":"{\"4__6_1___1__IT_1\": 210}","direction_id":"{\"0\": 210}","headsign":"{\"LAGUNA\": 210}","source":111,"target":102,"layer":"L","from":"CARPETANA","to":"OPORTO"},"geometry":{"type":"LineString","coordinates":[[-3.74099,40.3927],[-3.73132,40.38846]]}},{"type":"Feature","properties":{"shape_id":"{\"4__6_1___1__IT_1\": 210}","direction_id":"{\"0\": 210}","headsign":"{\"LAGUNA\": 210}","duration_avg":98.0,"n_vehicles":210,"d":477,"route_I_counts":"{\"6\": 210}","source":112,"target":113,"layer":"L","from":"OPAÑEL","to":"PLAZA ELIPTICA"},"geometry":{"type":"LineString","coordinates":[[-3.72313,40.3869],[-3.71837,40.3846]]}},{"type":"Feature","properties":{"duration_avg":107.0,"n_vehicles":198,"d":711,"route_I_counts":"{\"6\": 198}","shape_id":"{\"4__6_2___1__IT_1\": 198}","direction_id":"{\"0\": 198}","headsign":"{\"LAGUNA\": 198}","source":112,"target":102,"layer":"L","from":"OPAÑEL","to":"OPORTO"},"geometry":{"type":"LineString","coordinates":[[-3.72313,40.3869],[-3.73132,40.38846]]}},{"type":"Feature","properties":{"shape_id":"{\"4__6_1___1__IT_1\": 209}","direction_id":"{\"0\": 209}","headsign":"{\"LAGUNA\": 209}","duration_avg":135.0,"n_vehicles":209,"d":1011,"route_I_counts":"{\"6\": 209}","source":113,"target":114,"layer":"L","from":"PLAZA ELIPTICA","to":"USERA"},"geometry":{"type":"LineString","coordinates":[[-3.71837,40.3846],[-3.7069,40.3871]]}},{"type":"Feature","properties":{"shape_id":"{\"4__6_2___1__IT_1\": 198}","direction_id":"{\"0\": 198}","headsign":"{\"LAGUNA\": 198}","duration_avg":98.0,"n_vehicles":198,"d":477,"route_I_counts":"{\"6\": 198}","source":113,"target":112,"layer":"L","from":"PLAZA ELIPTICA","to":"OPAÑEL"},"geometry":{"type":"LineString","coordinates":[[-3.71837,40.3846],[-3.72313,40.3869]]}},{"type":"Feature","properties":{"duration_avg":124.0,"n_vehicles":146,"d":919,"route_I_counts":"{\"11\": 146}","shape_id":"{\"4__11____1__IT_1\": 146}","direction_id":"{\"0\": 146}","headsign":"{\"LA FORTUNA\": 146}","source":113,"target":207,"layer":"L","from":"PLAZA ELIPTICA","to":"ABRANTES"},"geometry":{"type":"LineString","coordinates":[[-3.71837,40.3846],[-3.7279,40.38083]]}},{"type":"Feature","properties":{"shape_id":"{\"4__6_2___1__IT_1\": 198}","direction_id":"{\"0\": 198}","headsign":"{\"LAGUNA\": 198}","duration_avg":134.0,"n_vehicles":198,"d":1011,"route_I_counts":"{\"6\": 198}","source":114,"target":113,"layer":"L","from":"USERA","to":"PLAZA ELIPTICA"},"geometry":{"type":"LineString","coordinates":[[-3.7069,40.3871],[-3.71837,40.3846]]}},{"type":"Feature","properties":{"duration_avg":138.0,"n_vehicles":209,"d":1101,"route_I_counts":"{\"6\": 209}","shape_id":"{\"4__6_1___1__IT_1\": 209}","direction_id":"{\"0\": 209}","headsign":"{\"LAGUNA\": 209}","source":114,"target":57,"layer":"L","from":"USERA","to":"LEGAZPI"},"geometry":{"type":"LineString","coordinates":[[-3.7069,40.3871],[-3.69511,40.39116]]}},{"type":"Feature","properties":{"shape_id":"{\"4__6_1___1__IT_1\": 208}","direction_id":"{\"0\": 208}","headsign":"{\"LAGUNA\": 208}","duration_avg":111.0,"n_vehicles":208,"d":925,"route_I_counts":"{\"6\": 208}","source":115,"target":116,"layer":"L","from":"ARGANZUELA-PLANETARIO","to":"MENDEZ ALVARO"},"geometry":{"type":"LineString","coordinates":[[-3.68864,40.3931],[-3.67814,40.39538]]}},{"type":"Feature","properties":{"duration_avg":94.0,"n_vehicles":199,"d":584,"route_I_counts":"{\"6\": 199}","shape_id":"{\"4__6_2___1__IT_1\": 199}","direction_id":"{\"0\": 199}","headsign":"{\"LAGUNA\": 199}","source":115,"target":57,"layer":"L","from":"ARGANZUELA-PLANETARIO","to":"LEGAZPI"},"geometry":{"type":"LineString","coordinates":[[-3.68864,40.3931],[-3.69511,40.39116]]}},{"type":"Feature","properties":{"shape_id":"{\"4__6_2___1__IT_1\": 199}","direction_id":"{\"0\": 199}","headsign":"{\"LAGUNA\": 199}","duration_avg":111.0,"n_vehicles":199,"d":925,"route_I_counts":"{\"6\": 199}","source":116,"target":115,"layer":"L","from":"MENDEZ ALVARO","to":"ARGANZUELA-PLANETARIO"},"geometry":{"type":"LineString","coordinates":[[-3.67814,40.39538],[-3.68864,40.3931]]}},{"type":"Feature","properties":{"duration_avg":121.0,"n_vehicles":208,"d":828,"route_I_counts":"{\"6\": 208}","shape_id":"{\"4__6_1___1__IT_1\": 208}","direction_id":"{\"0\": 208}","headsign":"{\"LAGUNA\": 208}","source":116,"target":20,"layer":"L","from":"MENDEZ ALVARO","to":"PACIFICO"},"geometry":{"type":"LineString","coordinates":[[-3.67814,40.39538],[-3.67514,40.40126]]}},{"type":"Feature","properties":{"shape_id":"{\"4__6_1___1__IT_1\": 208}","direction_id":"{\"0\": 208}","headsign":"{\"LAGUNA\": 208}","duration_avg":115.0,"n_vehicles":208,"d":904,"route_I_counts":"{\"6\": 208}","source":117,"target":118,"layer":"L","from":"CONDE DE CASAL","to":"SAINZ DE BARANDA"},"geometry":{"type":"LineString","coordinates":[[-3.67041,40.40697],[-3.66951,40.41507]]}},{"type":"Feature","properties":{"duration_avg":103.0,"n_vehicles":199,"d":618,"route_I_counts":"{\"6\": 199}","shape_id":"{\"4__6_2___1__IT_1\": 199}","direction_id":"{\"0\": 199}","headsign":"{\"LAGUNA\": 199}","source":117,"target":20,"layer":"L","from":"CONDE DE CASAL","to":"PACIFICO"},"geometry":{"type":"LineString","coordinates":[[-3.67041,40.40697],[-3.67514,40.40126]]}},{"type":"Feature","properties":{"shape_id":"{\"4__6_1___1__IT_1\": 207}","direction_id":"{\"0\": 207}","headsign":"{\"LAGUNA\": 207}","duration_avg":108.0,"n_vehicles":207,"d":873,"route_I_counts":"{\"6\": 207}","source":118,"target":119,"layer":"L","from":"SAINZ DE BARANDA","to":"ODONNELL"},"geometry":{"type":"LineString","coordinates":[[-3.66951,40.41507],[-3.6686,40.42289]]}},{"type":"Feature","properties":{"shape_id":"{\"4__6_2___1__IT_1\": 200}","direction_id":"{\"0\": 200}","headsign":"{\"LAGUNA\": 200}","duration_avg":117.0,"n_vehicles":200,"d":904,"route_I_counts":"{\"6\": 200}","source":118,"target":117,"layer":"L","from":"SAINZ DE BARANDA","to":"CONDE DE CASAL"},"geometry":{"type":"LineString","coordinates":[[-3.66951,40.41507],[-3.67041,40.40697]]}},{"type":"Feature","properties":{"duration_avg":113.0,"n_vehicles":179,"d":764,"route_I_counts":"{\"9\": 179}","shape_id":"{\"4__9_A___1__IT_1\": 179}","direction_id":"{\"0\": 179}","headsign":"{\"PUERTA DE ARGANDA\": 179}","source":118,"target":172,"layer":"L","from":"SAINZ DE BARANDA","to":"ESTRELLA"},"geometry":{"type":"LineString","coordinates":[[-3.66951,40.41507],[-3.66179,40.41147]]}},{"type":"Feature","properties":{"duration_avg":128.0,"n_vehicles":181,"d":854,"route_I_counts":"{\"9\": 181}","shape_id":"{\"4__9_A___2__IT_1\": 181}","direction_id":"{\"1\": 181}","headsign":"{\"PACO DE LUCIA\": 181}","source":118,"target":171,"layer":"L","from":"SAINZ DE BARANDA","to":"IBIZA"},"geometry":{"type":"LineString","coordinates":[[-3.66951,40.41507],[-3.67858,40.41839]]}},{"type":"Feature","properties":{"shape_id":"{\"4__6_2___1__IT_1\": 200}","direction_id":"{\"0\": 200}","headsign":"{\"LAGUNA\": 200}","duration_avg":108.0,"n_vehicles":200,"d":873,"route_I_counts":"{\"6\": 200}","source":119,"target":118,"layer":"L","from":"ODONNELL","to":"SAINZ DE BARANDA"},"geometry":{"type":"LineString","coordinates":[[-3.6686,40.42289],[-3.66951,40.41507]]}},{"type":"Feature","properties":{"duration_avg":86.0,"n_vehicles":207,"d":560,"route_I_counts":"{\"6\": 207}","shape_id":"{\"4__6_1___1__IT_1\": 207}","direction_id":"{\"0\": 207}","headsign":"{\"LAGUNA\": 207}","source":119,"target":39,"layer":"L","from":"ODONNELL","to":"MANUEL BECERRA"},"geometry":{"type":"LineString","coordinates":[[-3.6686,40.42289],[-3.66926,40.4279]]}},{"type":"Feature","properties":{"shape_id":"{\"4__6_1___1__IT_1\": 206}","direction_id":"{\"0\": 206}","headsign":"{\"LAGUNA\": 206}","duration_avg":133.0,"n_vehicles":206,"d":774,"route_I_counts":"{\"6\": 206}","source":120,"target":121,"layer":"L","from":"REPUBLICA ARGENTINA","to":"NUEVOS MINISTERIOS"},"geometry":{"type":"LineString","coordinates":[[-3.68406,40.44379],[-3.69241,40.44662]]}},{"type":"Feature","properties":{"duration_avg":123.0,"n_vehicles":201,"d":900,"route_I_counts":"{\"6\": 201}","shape_id":"{\"4__6_2___1__IT_1\": 201}","direction_id":"{\"0\": 201}","headsign":"{\"LAGUNA\": 201}","source":120,"target":72,"layer":"L","from":"REPUBLICA ARGENTINA","to":"AVENIDA DE AMERICA"},"geometry":{"type":"LineString","coordinates":[[-3.68406,40.44379],[-3.67664,40.43803]]}},{"type":"Feature","properties":{"shape_id":"{\"4__6_2___1__IT_1\": 201}","direction_id":"{\"0\": 201}","headsign":"{\"LAGUNA\": 201}","duration_avg":134.0,"n_vehicles":201,"d":774,"route_I_counts":"{\"6\": 201}","source":121,"target":120,"layer":"L","from":"NUEVOS MINISTERIOS","to":"REPUBLICA ARGENTINA"},"geometry":{"type":"LineString","coordinates":[[-3.69241,40.44662],[-3.68406,40.44379]]}},{"type":"Feature","properties":{"duration_avg":106.0,"n_vehicles":206,"d":971,"route_I_counts":"{\"6\": 206}","shape_id":"{\"4__6_1___1__IT_1\": 206}","direction_id":"{\"0\": 206}","headsign":"{\"LAGUNA\": 206}","source":121,"target":8,"layer":"L","from":"NUEVOS MINISTERIOS","to":"CUATRO CAMINOS"},"geometry":{"type":"LineString","coordinates":[[-3.69241,40.44662],[-3.70397,40.44697]]}},{"type":"Feature","properties":{"duration_avg":157.0,"n_vehicles":191,"d":1712,"route_I_counts":"{\"8\": 191}","shape_id":"{\"4__8____1__IT_1\": 191}","direction_id":"{\"0\": 191}","headsign":"{\"AEROPUERTO T4\": 191}","source":121,"target":156,"layer":"L","from":"NUEVOS MINISTERIOS","to":"COLOMBIA"},"geometry":{"type":"LineString","coordinates":[[-3.69241,40.44662],[-3.67682,40.45634]]}},{"type":"Feature","properties":{"duration_avg":92.0,"n_vehicles":211,"d":582,"route_I_counts":"{\"10\": 211}","shape_id":"{\"4__10_A___2__IT_1\": 211}","direction_id":"{\"1\": 211}","headsign":"{\"TRES OLIVOS\": 211}","source":121,"target":189,"layer":"L","from":"NUEVOS MINISTERIOS","to":"SANTIAGO BERNABEU"},"geometry":{"type":"LineString","coordinates":[[-3.69241,40.44662],[-3.69038,40.45159]]}},{"type":"Feature","properties":{"duration_avg":100.0,"n_vehicles":214,"d":1013,"route_I_counts":"{\"10\": 214}","shape_id":"{\"4__10_A___1__IT_1\": 214}","direction_id":"{\"0\": 214}","headsign":"{\"PUERTA DEL SUR\": 214}","source":121,"target":138,"layer":"L","from":"NUEVOS MINISTERIOS","to":"GREGORIO MARAÑON"},"geometry":{"type":"LineString","coordinates":[[-3.69241,40.44662],[-3.69148,40.43825]]}},{"type":"Feature","properties":{"shape_id":"{\"4__6_1___1__IT_1\": 206}","direction_id":"{\"0\": 206}","headsign":"{\"LAGUNA\": 206}","duration_avg":90.0,"n_vehicles":206,"d":604,"route_I_counts":"{\"6\": 206}","source":122,"target":123,"layer":"L","from":"GUZMAN EL BUENO","to":"VICENTE ALEIXANDRE"},"geometry":{"type":"LineString","coordinates":[[-3.71229,40.44637],[-3.71943,40.44644]]}},{"type":"Feature","properties":{"duration_avg":105.0,"n_vehicles":202,"d":716,"route_I_counts":"{\"6\": 202}","shape_id":"{\"4__6_2___1__IT_1\": 202}","direction_id":"{\"0\": 202}","headsign":"{\"LAGUNA\": 202}","source":122,"target":8,"layer":"L","from":"GUZMAN EL BUENO","to":"CUATRO CAMINOS"},"geometry":{"type":"LineString","coordinates":[[-3.71229,40.44637],[-3.70397,40.44697]]}},{"type":"Feature","properties":{"duration_avg":147.0,"n_vehicles":179,"d":1129,"route_I_counts":"{\"7\": 179}","shape_id":"{\"4__7_A___1__IT_1\": 179}","direction_id":"{\"0\": 179}","headsign":"{\"PITIS\": 179}","source":122,"target":141,"layer":"L","from":"GUZMAN EL BUENO","to":"FRANCOS RODRIGUEZ"},"geometry":{"type":"LineString","coordinates":[[-3.71229,40.44637],[-3.71239,40.45648]]}},{"type":"Feature","properties":{"duration_avg":189.0,"n_vehicles":180,"d":817,"route_I_counts":"{\"7\": 180}","shape_id":"{\"4__7_A___2__IT_1\": 180}","direction_id":"{\"1\": 180}","headsign":"{\"ESTADIO METROPOLITANO\": 180}","source":122,"target":140,"layer":"L","from":"GUZMAN EL BUENO","to":"ISLAS FILIPINAS"},"geometry":{"type":"LineString","coordinates":[[-3.71229,40.44637],[-3.71373,40.43907]]}},{"type":"Feature","properties":{"shape_id":"{\"4__6_1___1__IT_1\": 205}","direction_id":"{\"0\": 205}","headsign":"{\"LAGUNA\": 205}","duration_avg":96.0,"n_vehicles":205,"d":700,"route_I_counts":"{\"6\": 205}","source":123,"target":124,"layer":"L","from":"VICENTE ALEIXANDRE","to":"CIUDAD UNIVERSITARIA"},"geometry":{"type":"LineString","coordinates":[[-3.71943,40.44644],[-3.72678,40.44356]]}},{"type":"Feature","properties":{"shape_id":"{\"4__6_2___1__IT_1\": 202}","direction_id":"{\"0\": 202}","headsign":"{\"LAGUNA\": 202}","duration_avg":90.0,"n_vehicles":202,"d":604,"route_I_counts":"{\"6\": 202}","source":123,"target":122,"layer":"L","from":"VICENTE ALEIXANDRE","to":"GUZMAN EL BUENO"},"geometry":{"type":"LineString","coordinates":[[-3.71943,40.44644],[-3.71229,40.44637]]}},{"type":"Feature","properties":{"shape_id":"{\"4__6_2___1__IT_1\": 202}","direction_id":"{\"0\": 202}","headsign":"{\"LAGUNA\": 202}","duration_avg":97.0,"n_vehicles":202,"d":700,"route_I_counts":"{\"6\": 202}","source":124,"target":123,"layer":"L","from":"CIUDAD UNIVERSITARIA","to":"VICENTE ALEIXANDRE"},"geometry":{"type":"LineString","coordinates":[[-3.72678,40.44356],[-3.71943,40.44644]]}},{"type":"Feature","properties":{"duration_avg":186.0,"n_vehicles":205,"d":1140,"route_I_counts":"{\"6\": 205}","shape_id":"{\"4__6_1___1__IT_1\": 205}","direction_id":"{\"0\": 205}","headsign":"{\"LAGUNA\": 205}","source":124,"target":65,"layer":"L","from":"CIUDAD UNIVERSITARIA","to":"MONCLOA"},"geometry":{"type":"LineString","coordinates":[[-3.72678,40.44356],[-3.71945,40.43502]]}},{"type":"Feature","properties":{"shape_id":"{\"4__6_1___1__IT_1\": 204}","direction_id":"{\"0\": 204}","headsign":"{\"LAGUNA\": 204}","duration_avg":161.0,"n_vehicles":204,"d":990,"route_I_counts":"{\"6\": 204}","source":125,"target":126,"layer":"L","from":"PRINCIPE PIO","to":"PUERTA DEL ANGEL"},"geometry":{"type":"LineString","coordinates":[[-3.72032,40.42107],[-3.72724,40.4139]]}},{"type":"Feature","properties":{"duration_avg":191.0,"n_vehicles":203,"d":1116,"route_I_counts":"{\"6\": 203}","shape_id":"{\"4__6_2___1__IT_1\": 203}","direction_id":"{\"0\": 203}","headsign":"{\"LAGUNA\": 203}","source":125,"target":64,"layer":"L","from":"PRINCIPE PIO","to":"ARGÜELLES"},"geometry":{"type":"LineString","coordinates":[[-3.72032,40.42107],[-3.71596,40.43066]]}},{"type":"Feature","properties":{"duration_avg":203.0,"n_vehicles":212,"d":1394,"route_I_counts":"{\"10\": 212}","shape_id":"{\"4__10_A___1__IT_1\": 212}","direction_id":"{\"0\": 212}","headsign":"{\"PUERTA DEL SUR\": 212}","source":125,"target":190,"layer":"L","from":"PRINCIPE PIO","to":"LAGO"},"geometry":{"type":"LineString","coordinates":[[-3.72032,40.42107],[-3.73563,40.41641]]}},{"type":"Feature","properties":{"duration_avg":185.0,"n_vehicles":182,"d":990,"route_I_counts":"{\"13\": 182}","shape_id":"{\"4__R____2__IT_1\": 182}","direction_id":"{\"1\": 182}","headsign":"{\"OPERA\": 182}","source":125,"target":45,"layer":"L","from":"PRINCIPE PIO","to":"OPERA"},"geometry":{"type":"LineString","coordinates":[[-3.72032,40.42107],[-3.70942,40.41809]]}},{"type":"Feature","properties":{"duration_avg":107.0,"n_vehicles":212,"d":963,"route_I_counts":"{\"10\": 212}","shape_id":"{\"4__10_A___2__IT_1\": 212}","direction_id":"{\"1\": 212}","headsign":"{\"TRES OLIVOS\": 212}","source":125,"target":62,"layer":"L","from":"PRINCIPE PIO","to":"PLAZA DE ESPAÑA"},"geometry":{"type":"LineString","coordinates":[[-3.72032,40.42107],[-3.7112,40.42342]]}},{"type":"Feature","properties":{"shape_id":"{\"4__6_1___1__IT_1\": 204}","direction_id":"{\"0\": 204}","headsign":"{\"LAGUNA\": 204}","duration_avg":144.0,"n_vehicles":204,"d":1085,"route_I_counts":"{\"6\": 204}","source":126,"target":127,"layer":"L","from":"PUERTA DEL ANGEL","to":"ALTO DE EXTREMADURA"},"geometry":{"type":"LineString","coordinates":[[-3.72724,40.4139],[-3.73894,40.40993]]}},{"type":"Feature","properties":{"shape_id":"{\"4__6_2___1__IT_1\": 203}","direction_id":"{\"0\": 203}","headsign":"{\"LAGUNA\": 203}","duration_avg":162.0,"n_vehicles":203,"d":990,"route_I_counts":"{\"6\": 203}","source":126,"target":125,"layer":"L","from":"PUERTA DEL ANGEL","to":"PRINCIPE PIO"},"geometry":{"type":"LineString","coordinates":[[-3.72724,40.4139],[-3.72032,40.42107]]}},{"type":"Feature","properties":{"shape_id":"{\"4__6_1___1__IT_1\": 203}","direction_id":"{\"0\": 203}","headsign":"{\"LAGUNA\": 203}","duration_avg":131.0,"n_vehicles":203,"d":763,"route_I_counts":"{\"6\": 203}","source":127,"target":128,"layer":"L","from":"ALTO DE EXTREMADURA","to":"LUCERO"},"geometry":{"type":"LineString","coordinates":[[-3.73894,40.40993],[-3.74534,40.4051]]}},{"type":"Feature","properties":{"shape_id":"{\"4__6_2___1__IT_1\": 204}","direction_id":"{\"0\": 204}","headsign":"{\"LAGUNA\": 204}","duration_avg":144.0,"n_vehicles":204,"d":1085,"route_I_counts":"{\"6\": 204}","source":127,"target":126,"layer":"L","from":"ALTO DE EXTREMADURA","to":"PUERTA DEL ANGEL"},"geometry":{"type":"LineString","coordinates":[[-3.73894,40.40993],[-3.72724,40.4139]]}},{"type":"Feature","properties":{"shape_id":"{\"4__6_1___1__IT_1\": 203}","direction_id":"{\"0\": 203}","headsign":"{\"LAGUNA\": 203}","duration_avg":110.0,"n_vehicles":203,"d":659,"route_I_counts":"{\"6\": 203}","source":128,"target":110,"layer":"L","from":"LUCERO","to":"LAGUNA"},"geometry":{"type":"LineString","coordinates":[[-3.74534,40.4051],[-3.74429,40.39923]]}},{"type":"Feature","properties":{"shape_id":"{\"4__6_2___1__IT_1\": 204}","direction_id":"{\"0\": 204}","headsign":"{\"LAGUNA\": 204}","duration_avg":132.0,"n_vehicles":204,"d":763,"route_I_counts":"{\"6\": 204}","source":128,"target":127,"layer":"L","from":"LUCERO","to":"ALTO DE EXTREMADURA"},"geometry":{"type":"LineString","coordinates":[[-3.74534,40.4051],[-3.73894,40.40993]]}},{"type":"Feature","properties":{"shape_id":"{\"4__7_A___1__IT_1\": 182}","direction_id":"{\"0\": 182}","headsign":"{\"PITIS\": 182}","duration_avg":123.0,"n_vehicles":182,"d":656,"route_I_counts":"{\"7\": 182}","source":129,"target":130,"layer":"L","from":"ESTADIO METROPOLITANO","to":"LAS MUSAS"},"geometry":{"type":"LineString","coordinates":[[-3.60015,40.43339],[-3.60788,40.43299]]}},{"type":"Feature","properties":{"shape_id":"{\"4__7_B___2__IT_1\": 150}","direction_id":"{\"1\": 150}","headsign":"{\"HOSPITAL DEL HENARES\": 150}","duration_avg":316.0,"n_vehicles":150,"d":2890,"route_I_counts":"{\"7\": 150}","source":129,"target":155,"layer":"L","from":"ESTADIO METROPOLITANO","to":"BARRIO DEL PUERTO"},"geometry":{"type":"LineString","coordinates":[[-3.60015,40.43339],[-3.56919,40.4225]]}},{"type":"Feature","properties":{"shape_id":"{\"4__7_A___1__IT_1\": 182}","direction_id":"{\"0\": 182}","headsign":"{\"PITIS\": 182}","duration_avg":113.0,"n_vehicles":182,"d":850,"route_I_counts":"{\"7\": 182}","source":130,"target":131,"layer":"L","from":"LAS MUSAS","to":"SAN BLAS"},"geometry":{"type":"LineString","coordinates":[[-3.60788,40.43299],[-3.61547,40.42799]]}},{"type":"Feature","properties":{"shape_id":"{\"4__7_A___2__IT_1\": 177}","direction_id":"{\"1\": 177}","headsign":"{\"ESTADIO METROPOLITANO\": 177}","duration_avg":123.0,"n_vehicles":177,"d":656,"route_I_counts":"{\"7\": 177}","source":130,"target":129,"layer":"L","from":"LAS MUSAS","to":"ESTADIO METROPOLITANO"},"geometry":{"type":"LineString","coordinates":[[-3.60788,40.43299],[-3.60015,40.43339]]}},{"type":"Feature","properties":{"shape_id":"{\"4__7_A___1__IT_1\": 182}","direction_id":"{\"0\": 182}","headsign":"{\"PITIS\": 182}","duration_avg":110.0,"n_vehicles":182,"d":868,"route_I_counts":"{\"7\": 182}","source":131,"target":132,"layer":"L","from":"SAN BLAS","to":"SIMANCAS"},"geometry":{"type":"LineString","coordinates":[[-3.61547,40.42799],[-3.62572,40.42799]]}},{"type":"Feature","properties":{"shape_id":"{\"4__7_A___2__IT_1\": 177}","direction_id":"{\"1\": 177}","headsign":"{\"ESTADIO METROPOLITANO\": 177}","duration_avg":113.0,"n_vehicles":177,"d":850,"route_I_counts":"{\"7\": 177}","source":131,"target":130,"layer":"L","from":"SAN BLAS","to":"LAS MUSAS"},"geometry":{"type":"LineString","coordinates":[[-3.61547,40.42799],[-3.60788,40.43299]]}},{"type":"Feature","properties":{"shape_id":"{\"4__7_A___1__IT_1\": 181}","direction_id":"{\"0\": 181}","headsign":"{\"PITIS\": 181}","duration_avg":105.0,"n_vehicles":181,"d":644,"route_I_counts":"{\"7\": 181}","source":132,"target":133,"layer":"L","from":"SIMANCAS","to":"GARCIA NOBLEJAS"},"geometry":{"type":"LineString","coordinates":[[-3.62572,40.42799],[-3.6333,40.42842]]}},{"type":"Feature","properties":{"shape_id":"{\"4__7_A___2__IT_1\": 178}","direction_id":"{\"1\": 178}","headsign":"{\"ESTADIO METROPOLITANO\": 178}","duration_avg":109.0,"n_vehicles":178,"d":868,"route_I_counts":"{\"7\": 178}","source":132,"target":131,"layer":"L","from":"SIMANCAS","to":"SAN BLAS"},"geometry":{"type":"LineString","coordinates":[[-3.62572,40.42799],[-3.61547,40.42799]]}},{"type":"Feature","properties":{"shape_id":"{\"4__7_A___1__IT_1\": 181}","direction_id":"{\"0\": 181}","headsign":"{\"PITIS\": 181}","duration_avg":102.0,"n_vehicles":181,"d":687,"route_I_counts":"{\"7\": 181}","source":133,"target":134,"layer":"L","from":"GARCIA NOBLEJAS","to":"ASCAO"},"geometry":{"type":"LineString","coordinates":[[-3.6333,40.42842],[-3.64106,40.43021]]}},{"type":"Feature","properties":{"shape_id":"{\"4__7_A___2__IT_1\": 178}","direction_id":"{\"1\": 178}","headsign":"{\"ESTADIO METROPOLITANO\": 178}","duration_avg":106.0,"n_vehicles":178,"d":644,"route_I_counts":"{\"7\": 178}","source":133,"target":132,"layer":"L","from":"GARCIA NOBLEJAS","to":"SIMANCAS"},"geometry":{"type":"LineString","coordinates":[[-3.6333,40.42842],[-3.62572,40.42799]]}},{"type":"Feature","properties":{"shape_id":"{\"4__7_A___2__IT_1\": 178}","direction_id":"{\"1\": 178}","headsign":"{\"ESTADIO METROPOLITANO\": 178}","duration_avg":102.0,"n_vehicles":178,"d":687,"route_I_counts":"{\"7\": 178}","source":134,"target":133,"layer":"L","from":"ASCAO","to":"GARCIA NOBLEJAS"},"geometry":{"type":"LineString","coordinates":[[-3.64106,40.43021],[-3.6333,40.42842]]}},{"type":"Feature","properties":{"duration_avg":93.0,"n_vehicles":181,"d":624,"route_I_counts":"{\"7\": 181}","shape_id":"{\"4__7_A___1__IT_1\": 181}","direction_id":"{\"0\": 181}","headsign":"{\"PITIS\": 181}","source":134,"target":90,"layer":"L","from":"ASCAO","to":"PUEBLO NUEVO"},"geometry":{"type":"LineString","coordinates":[[-3.64106,40.43021],[-3.64282,40.43569]]}},{"type":"Feature","properties":{"shape_id":"{\"4__7_A___1__IT_1\": 181}","direction_id":"{\"0\": 181}","headsign":"{\"PITIS\": 181}","duration_avg":120.0,"n_vehicles":181,"d":930,"route_I_counts":"{\"7\": 181}","source":135,"target":136,"layer":"L","from":"BARRIO DE LA CONCEPCION","to":"PARQUE DE LAS AVENIDAS"},"geometry":{"type":"LineString","coordinates":[[-3.652,40.4391],[-3.66297,40.43945]]}},{"type":"Feature","properties":{"duration_avg":126.0,"n_vehicles":178,"d":866,"route_I_counts":"{\"7\": 178}","shape_id":"{\"4__7_A___2__IT_1\": 178}","direction_id":"{\"1\": 178}","headsign":"{\"ESTADIO METROPOLITANO\": 178}","source":135,"target":90,"layer":"L","from":"BARRIO DE LA CONCEPCION","to":"PUEBLO NUEVO"},"geometry":{"type":"LineString","coordinates":[[-3.652,40.4391],[-3.64282,40.43569]]}},{"type":"Feature","properties":{"shape_id":"{\"4__7_A___1__IT_1\": 180}","direction_id":"{\"0\": 180}","headsign":"{\"PITIS\": 180}","duration_avg":93.0,"n_vehicles":180,"d":777,"route_I_counts":"{\"7\": 180}","source":136,"target":137,"layer":"L","from":"PARQUE DE LAS AVENIDAS","to":"CARTAGENA"},"geometry":{"type":"LineString","coordinates":[[-3.66297,40.43945],[-3.67215,40.43934]]}},{"type":"Feature","properties":{"shape_id":"{\"4__7_A___2__IT_1\": 179}","direction_id":"{\"1\": 179}","headsign":"{\"ESTADIO METROPOLITANO\": 179}","duration_avg":120.0,"n_vehicles":179,"d":930,"route_I_counts":"{\"7\": 179}","source":136,"target":135,"layer":"L","from":"PARQUE DE LAS AVENIDAS","to":"BARRIO DE LA CONCEPCION"},"geometry":{"type":"LineString","coordinates":[[-3.66297,40.43945],[-3.652,40.4391]]}},{"type":"Feature","properties":{"shape_id":"{\"4__7_A___2__IT_1\": 179}","direction_id":"{\"1\": 179}","headsign":"{\"ESTADIO METROPOLITANO\": 179}","duration_avg":93.0,"n_vehicles":179,"d":777,"route_I_counts":"{\"7\": 179}","source":137,"target":136,"layer":"L","from":"CARTAGENA","to":"PARQUE DE LAS AVENIDAS"},"geometry":{"type":"LineString","coordinates":[[-3.67215,40.43934],[-3.66297,40.43945]]}},{"type":"Feature","properties":{"duration_avg":94.0,"n_vehicles":180,"d":398,"route_I_counts":"{\"7\": 180}","shape_id":"{\"4__7_A___1__IT_1\": 180}","direction_id":"{\"0\": 180}","headsign":"{\"PITIS\": 180}","source":137,"target":72,"layer":"L","from":"CARTAGENA","to":"AVENIDA DE AMERICA"},"geometry":{"type":"LineString","coordinates":[[-3.67215,40.43934],[-3.67664,40.43803]]}},{"type":"Feature","properties":{"shape_id":"{\"4__7_A___1__IT_1\": 180}","direction_id":"{\"0\": 180}","headsign":"{\"PITIS\": 180}","duration_avg":81.0,"n_vehicles":180,"d":658,"route_I_counts":"{\"7\": 180}","source":138,"target":139,"layer":"L","from":"GREGORIO MARAÑON","to":"ALONSO CANO"},"geometry":{"type":"LineString","coordinates":[[-3.69148,40.43825],[-3.69925,40.43838]]}},{"type":"Feature","properties":{"duration_avg":141.0,"n_vehicles":179,"d":1266,"route_I_counts":"{\"7\": 179}","shape_id":"{\"4__7_A___2__IT_1\": 179}","direction_id":"{\"1\": 179}","headsign":"{\"ESTADIO METROPOLITANO\": 179}","source":138,"target":72,"layer":"L","from":"GREGORIO MARAÑON","to":"AVENIDA DE AMERICA"},"geometry":{"type":"LineString","coordinates":[[-3.69148,40.43825],[-3.67664,40.43803]]}},{"type":"Feature","properties":{"duration_avg":134.0,"n_vehicles":213,"d":1093,"route_I_counts":"{\"10\": 213}","shape_id":"{\"4__10_A___1__IT_1\": 213}","direction_id":"{\"0\": 213}","headsign":"{\"PUERTA DEL SUR\": 213}","source":138,"target":66,"layer":"L","from":"GREGORIO MARAÑON","to":"ALONSO MARTINEZ"},"geometry":{"type":"LineString","coordinates":[[-3.69148,40.43825],[-3.69594,40.42772]]}},{"type":"Feature","properties":{"duration_avg":100.0,"n_vehicles":211,"d":1013,"route_I_counts":"{\"10\": 211}","shape_id":"{\"4__10_A___2__IT_1\": 211}","direction_id":"{\"1\": 211}","headsign":"{\"TRES OLIVOS\": 211}","source":138,"target":121,"layer":"L","from":"GREGORIO MARAÑON","to":"NUEVOS MINISTERIOS"},"geometry":{"type":"LineString","coordinates":[[-3.69148,40.43825],[-3.69241,40.44662]]}},{"type":"Feature","properties":{"shape_id":"{\"4__7_A___2__IT_1\": 180}","direction_id":"{\"1\": 180}","headsign":"{\"ESTADIO METROPOLITANO\": 180}","duration_avg":81.0,"n_vehicles":180,"d":658,"route_I_counts":"{\"7\": 180}","source":139,"target":138,"layer":"L","from":"ALONSO CANO","to":"GREGORIO MARAÑON"},"geometry":{"type":"LineString","coordinates":[[-3.69925,40.43838],[-3.69148,40.43825]]}},{"type":"Feature","properties":{"duration_avg":62.0,"n_vehicles":179,"d":479,"route_I_counts":"{\"7\": 179}","shape_id":"{\"4__7_A___1__IT_1\": 179}","direction_id":"{\"0\": 179}","headsign":"{\"PITIS\": 179}","source":139,"target":49,"layer":"L","from":"ALONSO CANO","to":"CANAL"},"geometry":{"type":"LineString","coordinates":[[-3.69925,40.43838],[-3.70433,40.43841]]}},{"type":"Feature","properties":{"duration_avg":99.0,"n_vehicles":180,"d":750,"route_I_counts":"{\"7\": 180}","shape_id":"{\"4__7_A___2__IT_1\": 180}","direction_id":"{\"1\": 180}","headsign":"{\"ESTADIO METROPOLITANO\": 180}","source":140,"target":49,"layer":"L","from":"ISLAS FILIPINAS","to":"CANAL"},"geometry":{"type":"LineString","coordinates":[[-3.71373,40.43907],[-3.70433,40.43841]]}},{"type":"Feature","properties":{"duration_avg":190.0,"n_vehicles":179,"d":817,"route_I_counts":"{\"7\": 179}","shape_id":"{\"4__7_A___1__IT_1\": 179}","direction_id":"{\"0\": 179}","headsign":"{\"PITIS\": 179}","source":140,"target":122,"layer":"L","from":"ISLAS FILIPINAS","to":"GUZMAN EL BUENO"},"geometry":{"type":"LineString","coordinates":[[-3.71373,40.43907],[-3.71229,40.44637]]}},{"type":"Feature","properties":{"shape_id":"{\"4__7_A___1__IT_1\": 178}","direction_id":"{\"0\": 178}","headsign":"{\"PITIS\": 178}","duration_avg":155.0,"n_vehicles":178,"d":976,"route_I_counts":"{\"7\": 178}","source":141,"target":142,"layer":"L","from":"FRANCOS RODRIGUEZ","to":"VALDEZARZA"},"geometry":{"type":"LineString","coordinates":[[-3.71239,40.45648],[-3.71597,40.46482]]}},{"type":"Feature","properties":{"duration_avg":147.0,"n_vehicles":181,"d":1129,"route_I_counts":"{\"7\": 181}","shape_id":"{\"4__7_A___2__IT_1\": 181}","direction_id":"{\"1\": 181}","headsign":"{\"ESTADIO METROPOLITANO\": 181}","source":141,"target":122,"layer":"L","from":"FRANCOS RODRIGUEZ","to":"GUZMAN EL BUENO"},"geometry":{"type":"LineString","coordinates":[[-3.71239,40.45648],[-3.71229,40.44637]]}},{"type":"Feature","properties":{"shape_id":"{\"4__7_A___1__IT_1\": 178}","direction_id":"{\"0\": 178}","headsign":"{\"PITIS\": 178}","duration_avg":115.0,"n_vehicles":178,"d":618,"route_I_counts":"{\"7\": 178}","source":142,"target":143,"layer":"L","from":"VALDEZARZA","to":"ANTONIO MACHADO"},"geometry":{"type":"LineString","coordinates":[[-3.71597,40.46482],[-3.71769,40.47022]]}},{"type":"Feature","properties":{"shape_id":"{\"4__7_A___2__IT_1\": 181}","direction_id":"{\"1\": 181}","headsign":"{\"ESTADIO METROPOLITANO\": 181}","duration_avg":156.0,"n_vehicles":181,"d":976,"route_I_counts":"{\"7\": 181}","source":142,"target":141,"layer":"L","from":"VALDEZARZA","to":"FRANCOS RODRIGUEZ"},"geometry":{"type":"LineString","coordinates":[[-3.71597,40.46482],[-3.71239,40.45648]]}},{"type":"Feature","properties":{"shape_id":"{\"4__7_A___1__IT_1\": 178}","direction_id":"{\"0\": 178}","headsign":"{\"PITIS\": 178}","duration_avg":85.0,"n_vehicles":178,"d":653,"route_I_counts":"{\"7\": 178}","source":143,"target":144,"layer":"L","from":"ANTONIO MACHADO","to":"PEÑAGRANDE"},"geometry":{"type":"LineString","coordinates":[[-3.71769,40.47022],[-3.71582,40.47592]]}},{"type":"Feature","properties":{"shape_id":"{\"4__7_A___2__IT_1\": 181}","direction_id":"{\"1\": 181}","headsign":"{\"ESTADIO METROPOLITANO\": 181}","duration_avg":114.0,"n_vehicles":181,"d":618,"route_I_counts":"{\"7\": 181}","source":143,"target":142,"layer":"L","from":"ANTONIO MACHADO","to":"VALDEZARZA"},"geometry":{"type":"LineString","coordinates":[[-3.71769,40.47022],[-3.71597,40.46482]]}},{"type":"Feature","properties":{"shape_id":"{\"4__7_A___1__IT_1\": 178}","direction_id":"{\"0\": 178}","headsign":"{\"PITIS\": 178}","duration_avg":71.0,"n_vehicles":178,"d":514,"route_I_counts":"{\"7\": 178}","source":144,"target":145,"layer":"L","from":"PEÑAGRANDE","to":"AVDA. DE LA ILUSTRACION"},"geometry":{"type":"LineString","coordinates":[[-3.71582,40.47592],[-3.7184,40.4801]]}},{"type":"Feature","properties":{"shape_id":"{\"4__7_A___2__IT_1\": 182}","direction_id":"{\"1\": 182}","headsign":"{\"ESTADIO METROPOLITANO\": 182}","duration_avg":86.0,"n_vehicles":182,"d":653,"route_I_counts":"{\"7\": 182}","source":144,"target":143,"layer":"L","from":"PEÑAGRANDE","to":"ANTONIO MACHADO"},"geometry":{"type":"LineString","coordinates":[[-3.71582,40.47592],[-3.71769,40.47022]]}},{"type":"Feature","properties":{"shape_id":"{\"4__7_A___1__IT_1\": 177}","direction_id":"{\"0\": 177}","headsign":"{\"PITIS\": 177}","duration_avg":88.0,"n_vehicles":177,"d":674,"route_I_counts":"{\"7\": 177}","source":145,"target":146,"layer":"L","from":"AVDA. DE LA ILUSTRACION","to":"LACOMA"},"geometry":{"type":"LineString","coordinates":[[-3.7184,40.4801],[-3.72305,40.48502]]}},{"type":"Feature","properties":{"shape_id":"{\"4__7_A___2__IT_1\": 182}","direction_id":"{\"1\": 182}","headsign":"{\"ESTADIO METROPOLITANO\": 182}","duration_avg":70.0,"n_vehicles":182,"d":514,"route_I_counts":"{\"7\": 182}","source":145,"target":144,"layer":"L","from":"AVDA. DE LA ILUSTRACION","to":"PEÑAGRANDE"},"geometry":{"type":"LineString","coordinates":[[-3.7184,40.4801],[-3.71582,40.47592]]}},{"type":"Feature","properties":{"shape_id":"{\"4__7_A___1__IT_1\": 177}","direction_id":"{\"0\": 177}","headsign":"{\"PITIS\": 177}","duration_avg":91.0,"n_vehicles":177,"d":701,"route_I_counts":"{\"7\": 177}","source":146,"target":147,"layer":"L","from":"LACOMA","to":"ARROYOFRESNO"},"geometry":{"type":"LineString","coordinates":[[-3.72305,40.48502],[-3.72604,40.4909]]}},{"type":"Feature","properties":{"shape_id":"{\"4__7_A___2__IT_1\": 182}","direction_id":"{\"1\": 182}","headsign":"{\"ESTADIO METROPOLITANO\": 182}","duration_avg":89.0,"n_vehicles":182,"d":674,"route_I_counts":"{\"7\": 182}","source":146,"target":145,"layer":"L","from":"LACOMA","to":"AVDA. DE LA ILUSTRACION"},"geometry":{"type":"LineString","coordinates":[[-3.72305,40.48502],[-3.7184,40.4801]]}},{"type":"Feature","properties":{"shape_id":"{\"4__7_A___1__IT_1\": 177}","direction_id":"{\"0\": 177}","headsign":"{\"PITIS\": 177}","duration_avg":73.0,"n_vehicles":177,"d":468,"route_I_counts":"{\"7\": 177}","source":147,"target":148,"layer":"L","from":"ARROYOFRESNO","to":"PITIS"},"geometry":{"type":"LineString","coordinates":[[-3.72604,40.4909],[-3.72589,40.49511]]}},{"type":"Feature","properties":{"shape_id":"{\"4__7_A___2__IT_1\": 182}","direction_id":"{\"1\": 182}","headsign":"{\"ESTADIO METROPOLITANO\": 182}","duration_avg":91.0,"n_vehicles":182,"d":701,"route_I_counts":"{\"7\": 182}","source":147,"target":146,"layer":"L","from":"ARROYOFRESNO","to":"LACOMA"},"geometry":{"type":"LineString","coordinates":[[-3.72604,40.4909],[-3.72305,40.48502]]}},{"type":"Feature","properties":{"shape_id":"{\"4__7_A___2__IT_1\": 182}","direction_id":"{\"1\": 182}","headsign":"{\"ESTADIO METROPOLITANO\": 182}","duration_avg":73.0,"n_vehicles":182,"d":468,"route_I_counts":"{\"7\": 182}","source":148,"target":147,"layer":"L","from":"PITIS","to":"ARROYOFRESNO"},"geometry":{"type":"LineString","coordinates":[[-3.72589,40.49511],[-3.72604,40.4909]]}},{"type":"Feature","properties":{"shape_id":"{\"4__7_B___1__IT_1\": 150}","direction_id":"{\"0\": 150}","headsign":"{\"ESTADIO METROPOLITANO\": 150}","duration_avg":75.0,"n_vehicles":150,"d":623,"route_I_counts":"{\"7\": 150}","source":149,"target":150,"layer":"L","from":"HOSPITAL DEL HENARES","to":"HENARES"},"geometry":{"type":"LineString","coordinates":[[-3.53453,40.41761],[-3.52718,40.41777]]}},{"type":"Feature","properties":{"shape_id":"{\"4__7_B___1__IT_1\": 150}","direction_id":"{\"0\": 150}","headsign":"{\"ESTADIO METROPOLITANO\": 150}","duration_avg":91.0,"n_vehicles":150,"d":594,"route_I_counts":"{\"7\": 150}","source":150,"target":151,"layer":"L","from":"HENARES","to":"JARAMA"},"geometry":{"type":"LineString","coordinates":[[-3.52718,40.41777],[-3.52549,40.42295]]}},{"type":"Feature","properties":{"shape_id":"{\"4__7_B___2__IT_1\": 148}","direction_id":"{\"1\": 148}","headsign":"{\"HOSPITAL DEL HENARES\": 148}","duration_avg":75.0,"n_vehicles":148,"d":623,"route_I_counts":"{\"7\": 148}","source":150,"target":149,"layer":"L","from":"HENARES","to":"HOSPITAL DEL HENARES"},"geometry":{"type":"LineString","coordinates":[[-3.52718,40.41777],[-3.53453,40.41761]]}},{"type":"Feature","properties":{"shape_id":"{\"4__7_B___1__IT_1\": 150}","direction_id":"{\"0\": 150}","headsign":"{\"ESTADIO METROPOLITANO\": 150}","duration_avg":124.0,"n_vehicles":150,"d":856,"route_I_counts":"{\"7\": 150}","source":151,"target":152,"layer":"L","from":"JARAMA","to":"SAN FERNANDO"},"geometry":{"type":"LineString","coordinates":[[-3.52549,40.42295],[-3.53541,40.42441]]}},{"type":"Feature","properties":{"shape_id":"{\"4__7_B___2__IT_1\": 149}","direction_id":"{\"1\": 149}","headsign":"{\"HOSPITAL DEL HENARES\": 149}","duration_avg":91.0,"n_vehicles":149,"d":594,"route_I_counts":"{\"7\": 149}","source":151,"target":150,"layer":"L","from":"JARAMA","to":"HENARES"},"geometry":{"type":"LineString","coordinates":[[-3.52549,40.42295],[-3.52718,40.41777]]}},{"type":"Feature","properties":{"shape_id":"{\"4__7_B___1__IT_1\": 150}","direction_id":"{\"0\": 150}","headsign":"{\"ESTADIO METROPOLITANO\": 150}","duration_avg":120.0,"n_vehicles":150,"d":1063,"route_I_counts":"{\"7\": 150}","source":152,"target":153,"layer":"L","from":"SAN FERNANDO","to":"LA RAMBLA"},"geometry":{"type":"LineString","coordinates":[[-3.53541,40.42441],[-3.54792,40.42514]]}},{"type":"Feature","properties":{"shape_id":"{\"4__7_B___2__IT_1\": 149}","direction_id":"{\"1\": 149}","headsign":"{\"HOSPITAL DEL HENARES\": 149}","duration_avg":125.0,"n_vehicles":149,"d":856,"route_I_counts":"{\"7\": 149}","source":152,"target":151,"layer":"L","from":"SAN FERNANDO","to":"JARAMA"},"geometry":{"type":"LineString","coordinates":[[-3.53541,40.42441],[-3.52549,40.42295]]}},{"type":"Feature","properties":{"shape_id":"{\"4__7_B___1__IT_1\": 149}","direction_id":"{\"0\": 149}","headsign":"{\"ESTADIO METROPOLITANO\": 149}","duration_avg":144.0,"n_vehicles":149,"d":1135,"route_I_counts":"{\"7\": 149}","source":153,"target":154,"layer":"L","from":"LA RAMBLA","to":"COSLADA CENTRAL"},"geometry":{"type":"LineString","coordinates":[[-3.54792,40.42514],[-3.56119,40.42374]]}},{"type":"Feature","properties":{"shape_id":"{\"4__7_B___2__IT_1\": 149}","direction_id":"{\"1\": 149}","headsign":"{\"HOSPITAL DEL HENARES\": 149}","duration_avg":120.0,"n_vehicles":149,"d":1063,"route_I_counts":"{\"7\": 149}","source":153,"target":152,"layer":"L","from":"LA RAMBLA","to":"SAN FERNANDO"},"geometry":{"type":"LineString","coordinates":[[-3.54792,40.42514],[-3.53541,40.42441]]}},{"type":"Feature","properties":{"shape_id":"{\"4__7_B___1__IT_1\": 149}","direction_id":"{\"0\": 149}","headsign":"{\"ESTADIO METROPOLITANO\": 149}","duration_avg":75.0,"n_vehicles":149,"d":691,"route_I_counts":"{\"7\": 149}","source":154,"target":155,"layer":"L","from":"COSLADA CENTRAL","to":"BARRIO DEL PUERTO"},"geometry":{"type":"LineString","coordinates":[[-3.56119,40.42374],[-3.56919,40.4225]]}},{"type":"Feature","properties":{"shape_id":"{\"4__7_B___2__IT_1\": 149}","direction_id":"{\"1\": 149}","headsign":"{\"HOSPITAL DEL HENARES\": 149}","duration_avg":144.0,"n_vehicles":149,"d":1135,"route_I_counts":"{\"7\": 149}","source":154,"target":153,"layer":"L","from":"COSLADA CENTRAL","to":"LA RAMBLA"},"geometry":{"type":"LineString","coordinates":[[-3.56119,40.42374],[-3.54792,40.42514]]}},{"type":"Feature","properties":{"shape_id":"{\"4__7_B___1__IT_1\": 148}","direction_id":"{\"0\": 148}","headsign":"{\"ESTADIO METROPOLITANO\": 148}","duration_avg":317.0,"n_vehicles":148,"d":2890,"route_I_counts":"{\"7\": 148}","source":155,"target":129,"layer":"L","from":"BARRIO DEL PUERTO","to":"ESTADIO METROPOLITANO"},"geometry":{"type":"LineString","coordinates":[[-3.56919,40.4225],[-3.60015,40.43339]]}},{"type":"Feature","properties":{"shape_id":"{\"4__7_B___2__IT_1\": 150}","direction_id":"{\"1\": 150}","headsign":"{\"HOSPITAL DEL HENARES\": 150}","duration_avg":75.0,"n_vehicles":150,"d":691,"route_I_counts":"{\"7\": 150}","source":155,"target":154,"layer":"L","from":"BARRIO DEL PUERTO","to":"COSLADA CENTRAL"},"geometry":{"type":"LineString","coordinates":[[-3.56919,40.4225],[-3.56119,40.42374]]}},{"type":"Feature","properties":{"shape_id":"{\"4__8____1__IT_1\": 191}","direction_id":"{\"0\": 191}","headsign":"{\"AEROPUERTO T4\": 191}","duration_avg":242.0,"n_vehicles":191,"d":2714,"route_I_counts":"{\"8\": 191}","source":156,"target":157,"layer":"L","from":"COLOMBIA","to":"PINAR DEL REY"},"geometry":{"type":"LineString","coordinates":[[-3.67682,40.45634],[-3.64867,40.468]]}},{"type":"Feature","properties":{"duration_avg":156.0,"n_vehicles":189,"d":1712,"route_I_counts":"{\"8\": 189}","shape_id":"{\"4__8____2__IT_1\": 189}","direction_id":"{\"1\": 189}","headsign":"{\"NUEVOS MINISTERIOS\": 189}","source":156,"target":121,"layer":"L","from":"COLOMBIA","to":"NUEVOS MINISTERIOS"},"geometry":{"type":"LineString","coordinates":[[-3.67682,40.45634],[-3.69241,40.44662]]}},{"type":"Feature","properties":{"duration_avg":97.0,"n_vehicles":181,"d":673,"route_I_counts":"{\"9\": 181}","shape_id":"{\"4__9_A___1__IT_1\": 181}","direction_id":"{\"0\": 181}","headsign":"{\"PUERTA DE ARGANDA\": 181}","source":156,"target":169,"layer":"L","from":"COLOMBIA","to":"CONCHA ESPINA"},"geometry":{"type":"LineString","coordinates":[[-3.67682,40.45634],[-3.67738,40.45145]]}},{"type":"Feature","properties":{"duration_avg":95.0,"n_vehicles":179,"d":621,"route_I_counts":"{\"9\": 179}","shape_id":"{\"4__9_A___2__IT_1\": 179}","direction_id":"{\"1\": 179}","headsign":"{\"PACO DE LUCIA\": 179}","source":156,"target":168,"layer":"L","from":"COLOMBIA","to":"PIO XII"},"geometry":{"type":"LineString","coordinates":[[-3.67682,40.45634],[-3.67579,40.463]]}},{"type":"Feature","properties":{"shape_id":"{\"4__8____2__IT_1\": 189}","direction_id":"{\"1\": 189}","headsign":"{\"NUEVOS MINISTERIOS\": 189}","duration_avg":243.0,"n_vehicles":189,"d":2714,"route_I_counts":"{\"8\": 189}","source":157,"target":156,"layer":"L","from":"PINAR DEL REY","to":"COLOMBIA"},"geometry":{"type":"LineString","coordinates":[[-3.64867,40.468],[-3.67682,40.45634]]}},{"type":"Feature","properties":{"duration_avg":73.0,"n_vehicles":190,"d":889,"route_I_counts":"{\"8\": 190}","shape_id":"{\"4__8____1__IT_1\": 190}","direction_id":"{\"0\": 190}","headsign":"{\"AEROPUERTO T4\": 190}","source":157,"target":79,"layer":"L","from":"PINAR DEL REY","to":"MAR DE CRISTAL"},"geometry":{"type":"LineString","coordinates":[[-3.64867,40.468],[-3.63832,40.46943]]}},{"type":"Feature","properties":{"shape_id":"{\"4__8____1__IT_1\": 189}","direction_id":"{\"0\": 189}","headsign":"{\"AEROPUERTO T4\": 189}","duration_avg":339.0,"n_vehicles":189,"d":3986,"route_I_counts":"{\"8\": 189}","source":158,"target":159,"layer":"L","from":"FERIA DE MADRID","to":"AEROPUERTO T1 T2 T3"},"geometry":{"type":"LineString","coordinates":[[-3.6162,40.46389],[-3.56954,40.46864]]}},{"type":"Feature","properties":{"duration_avg":184.0,"n_vehicles":190,"d":1970,"route_I_counts":"{\"8\": 190}","shape_id":"{\"4__8____2__IT_1\": 190}","direction_id":"{\"1\": 190}","headsign":"{\"NUEVOS MINISTERIOS\": 190}","source":158,"target":79,"layer":"L","from":"FERIA DE MADRID","to":"MAR DE CRISTAL"},"geometry":{"type":"LineString","coordinates":[[-3.6162,40.46389],[-3.63832,40.46943]]}},{"type":"Feature","properties":{"shape_id":"{\"4__8____1__IT_1\": 189}","direction_id":"{\"0\": 189}","headsign":"{\"AEROPUERTO T4\": 189}","duration_avg":118.0,"n_vehicles":189,"d":1356,"route_I_counts":"{\"8\": 189}","source":159,"target":160,"layer":"L","from":"AEROPUERTO T1 T2 T3","to":"BARAJAS"},"geometry":{"type":"LineString","coordinates":[[-3.56954,40.46864],[-3.58253,40.47577]]}},{"type":"Feature","properties":{"shape_id":"{\"4__8____2__IT_1\": 190}","direction_id":"{\"1\": 190}","headsign":"{\"NUEVOS MINISTERIOS\": 190}","duration_avg":339.0,"n_vehicles":190,"d":3986,"route_I_counts":"{\"8\": 190}","source":159,"target":158,"layer":"L","from":"AEROPUERTO T1 T2 T3","to":"FERIA DE MADRID"},"geometry":{"type":"LineString","coordinates":[[-3.56954,40.46864],[-3.6162,40.46389]]}},{"type":"Feature","properties":{"shape_id":"{\"4__8____1__IT_1\": 189}","direction_id":"{\"0\": 189}","headsign":"{\"AEROPUERTO T4\": 189}","duration_avg":175.0,"n_vehicles":189,"d":1999,"route_I_counts":"{\"8\": 189}","source":160,"target":161,"layer":"L","from":"BARAJAS","to":"AEROPUERTO T4"},"geometry":{"type":"LineString","coordinates":[[-3.58253,40.47577],[-3.59325,40.49177]]}},{"type":"Feature","properties":{"shape_id":"{\"4__8____2__IT_1\": 191}","direction_id":"{\"1\": 191}","headsign":"{\"NUEVOS MINISTERIOS\": 191}","duration_avg":118.0,"n_vehicles":191,"d":1356,"route_I_counts":"{\"8\": 191}","source":160,"target":159,"layer":"L","from":"BARAJAS","to":"AEROPUERTO T1 T2 T3"},"geometry":{"type":"LineString","coordinates":[[-3.58253,40.47577],[-3.56954,40.46864]]}},{"type":"Feature","properties":{"shape_id":"{\"4__8____2__IT_1\": 191}","direction_id":"{\"1\": 191}","headsign":"{\"NUEVOS MINISTERIOS\": 191}","duration_avg":175.0,"n_vehicles":191,"d":1999,"route_I_counts":"{\"8\": 191}","source":161,"target":160,"layer":"L","from":"AEROPUERTO T4","to":"BARAJAS"},"geometry":{"type":"LineString","coordinates":[[-3.59325,40.49177],[-3.58253,40.47577]]}},{"type":"Feature","properties":{"shape_id":"{\"4__9_A___1__IT_1\": 183}","direction_id":"{\"0\": 183}","headsign":"{\"PUERTA DE ARGANDA\": 183}","duration_avg":199.0,"n_vehicles":183,"d":1132,"route_I_counts":"{\"9\": 183}","source":162,"target":163,"layer":"L","from":"PACO DE LUCIA","to":"MIRASIERRA"},"geometry":{"type":"LineString","coordinates":[[-3.70908,40.49965],[-3.71634,40.4911]]}},{"type":"Feature","properties":{"shape_id":"{\"4__9_A___1__IT_1\": 183}","direction_id":"{\"0\": 183}","headsign":"{\"PUERTA DE ARGANDA\": 183}","duration_avg":160.0,"n_vehicles":183,"d":1035,"route_I_counts":"{\"9\": 183}","source":163,"target":164,"layer":"L","from":"MIRASIERRA","to":"HERRERA ORIA"},"geometry":{"type":"LineString","coordinates":[[-3.71634,40.4911],[-3.70751,40.48466]]}},{"type":"Feature","properties":{"shape_id":"{\"4__9_A___2__IT_1\": 177}","direction_id":"{\"1\": 177}","headsign":"{\"PACO DE LUCIA\": 177}","duration_avg":199.0,"n_vehicles":177,"d":1132,"route_I_counts":"{\"9\": 177}","source":163,"target":162,"layer":"L","from":"MIRASIERRA","to":"PACO DE LUCIA"},"geometry":{"type":"LineString","coordinates":[[-3.71634,40.4911],[-3.70908,40.49965]]}},{"type":"Feature","properties":{"shape_id":"{\"4__9_A___1__IT_1\": 182}","direction_id":"{\"0\": 182}","headsign":"{\"PUERTA DE ARGANDA\": 182}","duration_avg":129.0,"n_vehicles":182,"d":940,"route_I_counts":"{\"9\": 182}","source":164,"target":165,"layer":"L","from":"HERRERA ORIA","to":"BARRIO DEL PILAR"},"geometry":{"type":"LineString","coordinates":[[-3.70751,40.48466],[-3.70316,40.47689]]}},{"type":"Feature","properties":{"shape_id":"{\"4__9_A___2__IT_1\": 178}","direction_id":"{\"1\": 178}","headsign":"{\"PACO DE LUCIA\": 178}","duration_avg":161.0,"n_vehicles":178,"d":1035,"route_I_counts":"{\"9\": 178}","source":164,"target":163,"layer":"L","from":"HERRERA ORIA","to":"MIRASIERRA"},"geometry":{"type":"LineString","coordinates":[[-3.70751,40.48466],[-3.71634,40.4911]]}},{"type":"Feature","properties":{"shape_id":"{\"4__9_A___1__IT_1\": 182}","direction_id":"{\"0\": 182}","headsign":"{\"PUERTA DE ARGANDA\": 182}","duration_avg":139.0,"n_vehicles":182,"d":1033,"route_I_counts":"{\"9\": 182}","source":165,"target":166,"layer":"L","from":"BARRIO DEL PILAR","to":"VENTILLA"},"geometry":{"type":"LineString","coordinates":[[-3.70316,40.47689],[-3.69588,40.46944]]}},{"type":"Feature","properties":{"shape_id":"{\"4__9_A___2__IT_1\": 178}","direction_id":"{\"1\": 178}","headsign":"{\"PACO DE LUCIA\": 178}","duration_avg":129.0,"n_vehicles":178,"d":940,"route_I_counts":"{\"9\": 178}","source":165,"target":164,"layer":"L","from":"BARRIO DEL PILAR","to":"HERRERA ORIA"},"geometry":{"type":"LineString","coordinates":[[-3.70316,40.47689],[-3.70751,40.48466]]}},{"type":"Feature","properties":{"shape_id":"{\"4__9_A___2__IT_1\": 178}","direction_id":"{\"1\": 178}","headsign":"{\"PACO DE LUCIA\": 178}","duration_avg":138.0,"n_vehicles":178,"d":1033,"route_I_counts":"{\"9\": 178}","source":166,"target":165,"layer":"L","from":"VENTILLA","to":"BARRIO DEL PILAR"},"geometry":{"type":"LineString","coordinates":[[-3.69588,40.46944],[-3.70316,40.47689]]}},{"type":"Feature","properties":{"duration_avg":117.0,"n_vehicles":182,"d":637,"route_I_counts":"{\"9\": 182}","shape_id":"{\"4__9_A___1__IT_1\": 182}","direction_id":"{\"0\": 182}","headsign":"{\"PUERTA DE ARGANDA\": 182}","source":166,"target":3,"layer":"L","from":"VENTILLA","to":"PLAZA DE CASTILLA"},"geometry":{"type":"LineString","coordinates":[[-3.69588,40.46944],[-3.68917,40.4669]]}},{"type":"Feature","properties":{"shape_id":"{\"4__9_A___1__IT_1\": 181}","direction_id":"{\"0\": 181}","headsign":"{\"PUERTA DE ARGANDA\": 181}","duration_avg":101.0,"n_vehicles":181,"d":589,"route_I_counts":"{\"9\": 181}","source":167,"target":168,"layer":"L","from":"DUQUE DE PASTRANA","to":"PIO XII"},"geometry":{"type":"LineString","coordinates":[[-3.67917,40.46763],[-3.67579,40.463]]}},{"type":"Feature","properties":{"duration_avg":83.0,"n_vehicles":179,"d":847,"route_I_counts":"{\"9\": 179}","shape_id":"{\"4__9_A___2__IT_1\": 179}","direction_id":"{\"1\": 179}","headsign":"{\"PACO DE LUCIA\": 179}","source":167,"target":3,"layer":"L","from":"DUQUE DE PASTRANA","to":"PLAZA DE CASTILLA"},"geometry":{"type":"LineString","coordinates":[[-3.67917,40.46763],[-3.68917,40.4669]]}},{"type":"Feature","properties":{"shape_id":"{\"4__9_A___2__IT_1\": 179}","direction_id":"{\"1\": 179}","headsign":"{\"PACO DE LUCIA\": 179}","duration_avg":101.0,"n_vehicles":179,"d":589,"route_I_counts":"{\"9\": 179}","source":168,"target":167,"layer":"L","from":"PIO XII","to":"DUQUE DE PASTRANA"},"geometry":{"type":"LineString","coordinates":[[-3.67579,40.463],[-3.67917,40.46763]]}},{"type":"Feature","properties":{"duration_avg":95.0,"n_vehicles":181,"d":621,"route_I_counts":"{\"9\": 181}","shape_id":"{\"4__9_A___1__IT_1\": 181}","direction_id":"{\"0\": 181}","headsign":"{\"PUERTA DE ARGANDA\": 181}","source":168,"target":156,"layer":"L","from":"PIO XII","to":"COLOMBIA"},"geometry":{"type":"LineString","coordinates":[[-3.67579,40.463],[-3.67682,40.45634]]}},{"type":"Feature","properties":{"shape_id":"{\"4__9_A___1__IT_1\": 181}","direction_id":"{\"0\": 181}","headsign":"{\"PUERTA DE ARGANDA\": 181}","duration_avg":96.0,"n_vehicles":181,"d":802,"route_I_counts":"{\"9\": 181}","source":169,"target":170,"layer":"L","from":"CONCHA ESPINA","to":"CRUZ DEL RAYO"},"geometry":{"type":"LineString","coordinates":[[-3.67738,40.45145],[-3.67821,40.44427]]}},{"type":"Feature","properties":{"duration_avg":97.0,"n_vehicles":180,"d":673,"route_I_counts":"{\"9\": 180}","shape_id":"{\"4__9_A___2__IT_1\": 180}","direction_id":"{\"1\": 180}","headsign":"{\"PACO DE LUCIA\": 180}","source":169,"target":156,"layer":"L","from":"CONCHA ESPINA","to":"COLOMBIA"},"geometry":{"type":"LineString","coordinates":[[-3.67738,40.45145],[-3.67682,40.45634]]}},{"type":"Feature","properties":{"shape_id":"{\"4__9_A___2__IT_1\": 180}","direction_id":"{\"1\": 180}","headsign":"{\"PACO DE LUCIA\": 180}","duration_avg":96.0,"n_vehicles":180,"d":802,"route_I_counts":"{\"9\": 180}","source":170,"target":169,"layer":"L","from":"CRUZ DEL RAYO","to":"CONCHA ESPINA"},"geometry":{"type":"LineString","coordinates":[[-3.67821,40.44427],[-3.67738,40.45145]]}},{"type":"Feature","properties":{"duration_avg":97.0,"n_vehicles":181,"d":709,"route_I_counts":"{\"9\": 181}","shape_id":"{\"4__9_A___1__IT_1\": 181}","direction_id":"{\"0\": 181}","headsign":"{\"PUERTA DE ARGANDA\": 181}","source":170,"target":72,"layer":"L","from":"CRUZ DEL RAYO","to":"AVENIDA DE AMERICA"},"geometry":{"type":"LineString","coordinates":[[-3.67821,40.44427],[-3.67664,40.43803]]}},{"type":"Feature","properties":{"duration_avg":129.0,"n_vehicles":180,"d":854,"route_I_counts":"{\"9\": 180}","shape_id":"{\"4__9_A___1__IT_1\": 180}","direction_id":"{\"0\": 180}","headsign":"{\"PUERTA DE ARGANDA\": 180}","source":171,"target":118,"layer":"L","from":"IBIZA","to":"SAINZ DE BARANDA"},"geometry":{"type":"LineString","coordinates":[[-3.67858,40.41839],[-3.66951,40.41507]]}},{"type":"Feature","properties":{"duration_avg":96.0,"n_vehicles":181,"d":659,"route_I_counts":"{\"9\": 181}","shape_id":"{\"4__9_A___2__IT_1\": 181}","direction_id":"{\"1\": 181}","headsign":"{\"PACO DE LUCIA\": 181}","source":171,"target":41,"layer":"L","from":"IBIZA","to":"PRINCIPE DE VERGARA"},"geometry":{"type":"LineString","coordinates":[[-3.67858,40.41839],[-3.68012,40.42294]]}},{"type":"Feature","properties":{"shape_id":"{\"4__9_A___1__IT_1\": 179}","direction_id":"{\"0\": 179}","headsign":"{\"PUERTA DE ARGANDA\": 179}","duration_avg":121.0,"n_vehicles":179,"d":780,"route_I_counts":"{\"9\": 179}","source":172,"target":173,"layer":"L","from":"ESTRELLA","to":"VINATEROS"},"geometry":{"type":"LineString","coordinates":[[-3.66179,40.41147],[-3.65273,40.41024]]}},{"type":"Feature","properties":{"duration_avg":113.0,"n_vehicles":181,"d":764,"route_I_counts":"{\"9\": 181}","shape_id":"{\"4__9_A___2__IT_1\": 181}","direction_id":"{\"1\": 181}","headsign":"{\"PACO DE LUCIA\": 181}","source":172,"target":118,"layer":"L","from":"ESTRELLA","to":"SAINZ DE BARANDA"},"geometry":{"type":"LineString","coordinates":[[-3.66179,40.41147],[-3.66951,40.41507]]}},{"type":"Feature","properties":{"shape_id":"{\"4__9_A___1__IT_1\": 179}","direction_id":"{\"0\": 179}","headsign":"{\"PUERTA DE ARGANDA\": 179}","duration_avg":116.0,"n_vehicles":179,"d":1081,"route_I_counts":"{\"9\": 179}","source":173,"target":174,"layer":"L","from":"VINATEROS","to":"ARTILLEROS"},"geometry":{"type":"LineString","coordinates":[[-3.65273,40.41024],[-3.64181,40.40522]]}},{"type":"Feature","properties":{"shape_id":"{\"4__9_A___2__IT_1\": 182}","direction_id":"{\"1\": 182}","headsign":"{\"PACO DE LUCIA\": 182}","duration_avg":121.0,"n_vehicles":182,"d":780,"route_I_counts":"{\"9\": 182}","source":173,"target":172,"layer":"L","from":"VINATEROS","to":"ESTRELLA"},"geometry":{"type":"LineString","coordinates":[[-3.65273,40.41024],[-3.66179,40.41147]]}},{"type":"Feature","properties":{"shape_id":"{\"4__9_A___1__IT_1\": 179}","direction_id":"{\"0\": 179}","headsign":"{\"PUERTA DE ARGANDA\": 179}","duration_avg":126.0,"n_vehicles":179,"d":772,"route_I_counts":"{\"9\": 179}","source":174,"target":175,"layer":"L","from":"ARTILLEROS","to":"PAVONES"},"geometry":{"type":"LineString","coordinates":[[-3.64181,40.40522],[-3.63512,40.40051]]}},{"type":"Feature","properties":{"shape_id":"{\"4__9_A___2__IT_1\": 182}","direction_id":"{\"1\": 182}","headsign":"{\"PACO DE LUCIA\": 182}","duration_avg":116.0,"n_vehicles":182,"d":1081,"route_I_counts":"{\"9\": 182}","source":174,"target":173,"layer":"L","from":"ARTILLEROS","to":"VINATEROS"},"geometry":{"type":"LineString","coordinates":[[-3.64181,40.40522],[-3.65273,40.41024]]}},{"type":"Feature","properties":{"shape_id":"{\"4__9_A___1__IT_1\": 178}","direction_id":"{\"0\": 178}","headsign":"{\"PUERTA DE ARGANDA\": 178}","duration_avg":189.0,"n_vehicles":178,"d":1150,"route_I_counts":"{\"9\": 178}","source":175,"target":176,"layer":"L","from":"PAVONES","to":"VALDEBERNARDO"},"geometry":{"type":"LineString","coordinates":[[-3.63512,40.40051],[-3.62156,40.40005]]}},{"type":"Feature","properties":{"shape_id":"{\"4__9_A___2__IT_1\": 182}","direction_id":"{\"1\": 182}","headsign":"{\"PACO DE LUCIA\": 182}","duration_avg":126.0,"n_vehicles":182,"d":772,"route_I_counts":"{\"9\": 182}","source":175,"target":174,"layer":"L","from":"PAVONES","to":"ARTILLEROS"},"geometry":{"type":"LineString","coordinates":[[-3.63512,40.40051],[-3.64181,40.40522]]}},{"type":"Feature","properties":{"shape_id":"{\"4__9_A___1__IT_1\": 178}","direction_id":"{\"0\": 178}","headsign":"{\"PUERTA DE ARGANDA\": 178}","duration_avg":187.0,"n_vehicles":178,"d":1172,"route_I_counts":"{\"9\": 178}","source":176,"target":177,"layer":"L","from":"VALDEBERNARDO","to":"VICALVARO"},"geometry":{"type":"LineString","coordinates":[[-3.62156,40.40005],[-3.60886,40.40422]]}},{"type":"Feature","properties":{"shape_id":"{\"4__9_A___2__IT_1\": 182}","direction_id":"{\"1\": 182}","headsign":"{\"PACO DE LUCIA\": 182}","duration_avg":189.0,"n_vehicles":182,"d":1150,"route_I_counts":"{\"9\": 182}","source":176,"target":175,"layer":"L","from":"VALDEBERNARDO","to":"PAVONES"},"geometry":{"type":"LineString","coordinates":[[-3.62156,40.40005],[-3.63512,40.40051]]}},{"type":"Feature","properties":{"shape_id":"{\"4__9_A___1__IT_1\": 178}","direction_id":"{\"0\": 178}","headsign":"{\"PUERTA DE ARGANDA\": 178}","duration_avg":68.0,"n_vehicles":178,"d":550,"route_I_counts":"{\"9\": 178}","source":177,"target":178,"layer":"L","from":"VICALVARO","to":"SAN CIPRIANO"},"geometry":{"type":"LineString","coordinates":[[-3.60886,40.40422],[-3.60239,40.40381]]}},{"type":"Feature","properties":{"shape_id":"{\"4__9_A___2__IT_1\": 183}","direction_id":"{\"1\": 183}","headsign":"{\"PACO DE LUCIA\": 183}","duration_avg":187.0,"n_vehicles":183,"d":1172,"route_I_counts":"{\"9\": 183}","source":177,"target":176,"layer":"L","from":"VICALVARO","to":"VALDEBERNARDO"},"geometry":{"type":"LineString","coordinates":[[-3.60886,40.40422],[-3.62156,40.40005]]}},{"type":"Feature","properties":{"shape_id":"{\"4__9_A___1__IT_1\": 177}","direction_id":"{\"0\": 177}","headsign":"{\"PUERTA DE ARGANDA\": 177}","duration_avg":88.0,"n_vehicles":177,"d":609,"route_I_counts":"{\"9\": 177}","source":178,"target":179,"layer":"L","from":"SAN CIPRIANO","to":"PUERTA DE ARGANDA"},"geometry":{"type":"LineString","coordinates":[[-3.60239,40.40381],[-3.59598,40.40132]]}},{"type":"Feature","properties":{"shape_id":"{\"4__9_A___2__IT_1\": 183}","direction_id":"{\"1\": 183}","headsign":"{\"PACO DE LUCIA\": 183}","duration_avg":68.0,"n_vehicles":183,"d":550,"route_I_counts":"{\"9\": 183}","source":178,"target":177,"layer":"L","from":"SAN CIPRIANO","to":"VICALVARO"},"geometry":{"type":"LineString","coordinates":[[-3.60239,40.40381],[-3.60886,40.40422]]}},{"type":"Feature","properties":{"shape_id":"{\"4__9_A___2__IT_1\": 183}","direction_id":"{\"1\": 183}","headsign":"{\"PACO DE LUCIA\": 183}","duration_avg":88.0,"n_vehicles":183,"d":609,"route_I_counts":"{\"9\": 183}","source":179,"target":178,"layer":"L","from":"PUERTA DE ARGANDA","to":"SAN CIPRIANO"},"geometry":{"type":"LineString","coordinates":[[-3.59598,40.40132],[-3.60239,40.40381]]}},{"type":"Feature","properties":{"shape_id":"{\"4__9_B___1__IT_1\": 115}","direction_id":"{\"0\": 115}","headsign":"{\"ARGANDA DEL REY\": 115}","duration_avg":383.0,"n_vehicles":115,"d":5643,"route_I_counts":"{\"9\": 115}","source":179,"target":180,"layer":"L","from":"PUERTA DE ARGANDA","to":"RIVAS URBANIZACIONES"},"geometry":{"type":"LineString","coordinates":[[-3.59598,40.40132],[-3.54728,40.36677]]}},{"type":"Feature","properties":{"shape_id":"{\"4__9_B___1__IT_1\": 115}","direction_id":"{\"0\": 115}","headsign":"{\"ARGANDA DEL REY\": 115}","duration_avg":234.0,"n_vehicles":115,"d":3413,"route_I_counts":"{\"9\": 115}","source":180,"target":181,"layer":"L","from":"RIVAS URBANIZACIONES","to":"RIVAS FUTURA"},"geometry":{"type":"LineString","coordinates":[[-3.54728,40.36677],[-3.52479,40.34134]]}},{"type":"Feature","properties":{"shape_id":"{\"4__9_B___2__IT_1\": 114}","direction_id":"{\"1\": 114}","headsign":"{\"PUERTA DE ARGANDA\": 114}","duration_avg":384.0,"n_vehicles":114,"d":5643,"route_I_counts":"{\"9\": 114}","source":180,"target":179,"layer":"L","from":"RIVAS URBANIZACIONES","to":"PUERTA DE ARGANDA"},"geometry":{"type":"LineString","coordinates":[[-3.54728,40.36677],[-3.59598,40.40132]]}},{"type":"Feature","properties":{"shape_id":"{\"4__9_B___1__IT_1\": 114}","direction_id":"{\"0\": 114}","headsign":"{\"ARGANDA DEL REY\": 114}","duration_avg":105.0,"n_vehicles":114,"d":1486,"route_I_counts":"{\"9\": 114}","source":181,"target":182,"layer":"L","from":"RIVAS FUTURA","to":"RIVAS VACIAMADRID"},"geometry":{"type":"LineString","coordinates":[[-3.52479,40.34134],[-3.5206,40.32837]]}},{"type":"Feature","properties":{"shape_id":"{\"4__9_B___2__IT_1\": 114}","direction_id":"{\"1\": 114}","headsign":"{\"PUERTA DE ARGANDA\": 114}","duration_avg":233.0,"n_vehicles":114,"d":3413,"route_I_counts":"{\"9\": 114}","source":181,"target":180,"layer":"L","from":"RIVAS FUTURA","to":"RIVAS URBANIZACIONES"},"geometry":{"type":"LineString","coordinates":[[-3.52479,40.34134],[-3.54728,40.36677]]}},{"type":"Feature","properties":{"shape_id":"{\"4__9_B___1__IT_1\": 114}","direction_id":"{\"0\": 114}","headsign":"{\"ARGANDA DEL REY\": 114}","duration_avg":290.0,"n_vehicles":114,"d":3807,"route_I_counts":"{\"9\": 114}","source":182,"target":183,"layer":"L","from":"RIVAS VACIAMADRID","to":"LA POVEDA"},"geometry":{"type":"LineString","coordinates":[[-3.5206,40.32837],[-3.47745,40.31902]]}},{"type":"Feature","properties":{"shape_id":"{\"4__9_B___2__IT_1\": 115}","direction_id":"{\"1\": 115}","headsign":"{\"PUERTA DE ARGANDA\": 115}","duration_avg":105.0,"n_vehicles":115,"d":1486,"route_I_counts":"{\"9\": 115}","source":182,"target":181,"layer":"L","from":"RIVAS VACIAMADRID","to":"RIVAS FUTURA"},"geometry":{"type":"LineString","coordinates":[[-3.5206,40.32837],[-3.52479,40.34134]]}},{"type":"Feature","properties":{"shape_id":"{\"4__9_B___1__IT_1\": 114}","direction_id":"{\"0\": 114}","headsign":"{\"ARGANDA DEL REY\": 114}","duration_avg":246.0,"n_vehicles":114,"d":3061,"route_I_counts":"{\"9\": 114}","source":183,"target":184,"layer":"L","from":"LA POVEDA","to":"ARGANDA DEL REY"},"geometry":{"type":"LineString","coordinates":[[-3.47745,40.31902],[-3.44752,40.30367]]}},{"type":"Feature","properties":{"shape_id":"{\"4__9_B___2__IT_1\": 115}","direction_id":"{\"1\": 115}","headsign":"{\"PUERTA DE ARGANDA\": 115}","duration_avg":291.0,"n_vehicles":115,"d":3807,"route_I_counts":"{\"9\": 115}","source":183,"target":182,"layer":"L","from":"LA POVEDA","to":"RIVAS VACIAMADRID"},"geometry":{"type":"LineString","coordinates":[[-3.47745,40.31902],[-3.5206,40.32837]]}},{"type":"Feature","properties":{"shape_id":"{\"4__9_B___2__IT_1\": 115}","direction_id":"{\"1\": 115}","headsign":"{\"PUERTA DE ARGANDA\": 115}","duration_avg":245.0,"n_vehicles":115,"d":3061,"route_I_counts":"{\"9\": 115}","source":184,"target":183,"layer":"L","from":"ARGANDA DEL REY","to":"LA POVEDA"},"geometry":{"type":"LineString","coordinates":[[-3.44752,40.30367],[-3.47745,40.31902]]}},{"type":"Feature","properties":{"shape_id":"{\"4__10_A___1__IT_1\": 215}","direction_id":"{\"0\": 215}","headsign":"{\"PUERTA DEL SUR\": 215}","duration_avg":80.0,"n_vehicles":215,"d":709,"route_I_counts":"{\"10\": 215}","source":185,"target":186,"layer":"L","from":"TRES OLIVOS","to":"FUENCARRAL"},"geometry":{"type":"LineString","coordinates":[[-3.6952,40.5012],[-3.69283,40.49509]]}},{"type":"Feature","properties":{"shape_id":"{\"4__10_B___2__IT_1\": 178}","direction_id":"{\"1\": 178}","headsign":"{\"HOSPITAL INFANTA SOFIA\": 178}","duration_avg":63.0,"n_vehicles":178,"d":453,"route_I_counts":"{\"10\": 178}","source":185,"target":206,"layer":"L","from":"TRES OLIVOS","to":"MONTECARMELO"},"geometry":{"type":"LineString","coordinates":[[-3.6952,40.5012],[-3.69575,40.50525]]}},{"type":"Feature","properties":{"shape_id":"{\"4__10_A___1__IT_1\": 215}","direction_id":"{\"0\": 215}","headsign":"{\"PUERTA DEL SUR\": 215}","duration_avg":166.0,"n_vehicles":215,"d":1737,"route_I_counts":"{\"10\": 215}","source":186,"target":187,"layer":"L","from":"FUENCARRAL","to":"BEGOÑA"},"geometry":{"type":"LineString","coordinates":[[-3.69283,40.49509],[-3.68585,40.48041]]}},{"type":"Feature","properties":{"shape_id":"{\"4__10_A___2__IT_1\": 210}","direction_id":"{\"1\": 210}","headsign":"{\"TRES OLIVOS\": 210}","duration_avg":80.0,"n_vehicles":210,"d":709,"route_I_counts":"{\"10\": 210}","source":186,"target":185,"layer":"L","from":"FUENCARRAL","to":"TRES OLIVOS"},"geometry":{"type":"LineString","coordinates":[[-3.69283,40.49509],[-3.6952,40.5012]]}},{"type":"Feature","properties":{"shape_id":"{\"4__10_A___2__IT_1\": 210}","direction_id":"{\"1\": 210}","headsign":"{\"TRES OLIVOS\": 210}","duration_avg":166.0,"n_vehicles":210,"d":1737,"route_I_counts":"{\"10\": 210}","source":187,"target":186,"layer":"L","from":"BEGOÑA","to":"FUENCARRAL"},"geometry":{"type":"LineString","coordinates":[[-3.68585,40.48041],[-3.69283,40.49509]]}},{"type":"Feature","properties":{"duration_avg":120.0,"n_vehicles":215,"d":965,"route_I_counts":"{\"10\": 215}","shape_id":"{\"4__10_A___1__IT_1\": 215}","direction_id":"{\"0\": 215}","headsign":"{\"PUERTA DEL SUR\": 215}","source":187,"target":2,"layer":"L","from":"BEGOÑA","to":"CHAMARTIN"},"geometry":{"type":"LineString","coordinates":[[-3.68585,40.48041],[-3.68259,40.47203]]}},{"type":"Feature","properties":{"shape_id":"{\"4__10_A___1__IT_1\": 214}","direction_id":"{\"0\": 214}","headsign":"{\"PUERTA DEL SUR\": 214}","duration_avg":92.0,"n_vehicles":214,"d":761,"route_I_counts":"{\"10\": 214}","source":188,"target":189,"layer":"L","from":"CUZCO","to":"SANTIAGO BERNABEU"},"geometry":{"type":"LineString","coordinates":[[-3.68985,40.45842],[-3.69038,40.45159]]}},{"type":"Feature","properties":{"duration_avg":104.0,"n_vehicles":211,"d":946,"route_I_counts":"{\"10\": 211}","shape_id":"{\"4__10_A___2__IT_1\": 211}","direction_id":"{\"1\": 211}","headsign":"{\"TRES OLIVOS\": 211}","source":188,"target":3,"layer":"L","from":"CUZCO","to":"PLAZA DE CASTILLA"},"geometry":{"type":"LineString","coordinates":[[-3.68985,40.45842],[-3.68917,40.4669]]}},{"type":"Feature","properties":{"shape_id":"{\"4__10_A___2__IT_1\": 211}","direction_id":"{\"1\": 211}","headsign":"{\"TRES OLIVOS\": 211}","duration_avg":92.0,"n_vehicles":211,"d":761,"route_I_counts":"{\"10\": 211}","source":189,"target":188,"layer":"L","from":"SANTIAGO BERNABEU","to":"CUZCO"},"geometry":{"type":"LineString","coordinates":[[-3.69038,40.45159],[-3.68985,40.45842]]}},{"type":"Feature","properties":{"duration_avg":92.0,"n_vehicles":214,"d":582,"route_I_counts":"{\"10\": 214}","shape_id":"{\"4__10_A___1__IT_1\": 214}","direction_id":"{\"0\": 214}","headsign":"{\"PUERTA DEL SUR\": 214}","source":189,"target":121,"layer":"L","from":"SANTIAGO BERNABEU","to":"NUEVOS MINISTERIOS"},"geometry":{"type":"LineString","coordinates":[[-3.69038,40.45159],[-3.69241,40.44662]]}},{"type":"Feature","properties":{"shape_id":"{\"4__10_A___1__IT_1\": 212}","direction_id":"{\"0\": 212}","headsign":"{\"PUERTA DEL SUR\": 212}","duration_avg":219.0,"n_vehicles":212,"d":1760,"route_I_counts":"{\"10\": 212}","source":190,"target":191,"layer":"L","from":"LAGO","to":"BATAN"},"geometry":{"type":"LineString","coordinates":[[-3.73563,40.41641],[-3.75311,40.40786]]}},{"type":"Feature","properties":{"duration_avg":178.0,"n_vehicles":212,"d":1394,"route_I_counts":"{\"10\": 212}","shape_id":"{\"4__10_A___2__IT_1\": 212}","direction_id":"{\"1\": 212}","headsign":"{\"TRES OLIVOS\": 212}","source":190,"target":125,"layer":"L","from":"LAGO","to":"PRINCIPE PIO"},"geometry":{"type":"LineString","coordinates":[[-3.73563,40.41641],[-3.72032,40.42107]]}},{"type":"Feature","properties":{"shape_id":"{\"4__10_A___2__IT_1\": 213}","direction_id":"{\"1\": 213}","headsign":"{\"TRES OLIVOS\": 213}","duration_avg":219.0,"n_vehicles":213,"d":1760,"route_I_counts":"{\"10\": 213}","source":191,"target":190,"layer":"L","from":"BATAN","to":"LAGO"},"geometry":{"type":"LineString","coordinates":[[-3.75311,40.40786],[-3.73563,40.41641]]}},{"type":"Feature","properties":{"duration_avg":109.0,"n_vehicles":212,"d":846,"route_I_counts":"{\"10\": 212}","shape_id":"{\"4__10_A___1__IT_1\": 212}","direction_id":"{\"0\": 212}","headsign":"{\"PUERTA DEL SUR\": 212}","source":191,"target":109,"layer":"L","from":"BATAN","to":"CASA DE CAMPO"},"geometry":{"type":"LineString","coordinates":[[-3.75311,40.40786],[-3.76101,40.40324]]}},{"type":"Feature","properties":{"shape_id":"{\"4__10_A___1__IT_1\": 211}","direction_id":"{\"0\": 211}","headsign":"{\"PUERTA DEL SUR\": 211}","duration_avg":221.0,"n_vehicles":211,"d":1681,"route_I_counts":"{\"10\": 211}","source":192,"target":193,"layer":"L","from":"COLONIA JARDIN","to":"AVIACION ESPAÑOLA"},"geometry":{"type":"LineString","coordinates":[[-3.77462,40.39698],[-3.78392,40.38364]]}},{"type":"Feature","properties":{"duration_avg":151.0,"n_vehicles":213,"d":1346,"route_I_counts":"{\"10\": 213}","shape_id":"{\"4__10_A___2__IT_1\": 213}","direction_id":"{\"1\": 213}","headsign":"{\"TRES OLIVOS\": 213}","source":192,"target":109,"layer":"L","from":"COLONIA JARDIN","to":"CASA DE CAMPO"},"geometry":{"type":"LineString","coordinates":[[-3.77462,40.39698],[-3.76101,40.40324]]}},{"type":"Feature","properties":{"shape_id":"{\"4__10_A___1__IT_1\": 210}","direction_id":"{\"0\": 210}","headsign":"{\"PUERTA DEL SUR\": 210}","duration_avg":113.0,"n_vehicles":210,"d":922,"route_I_counts":"{\"10\": 210}","source":193,"target":194,"layer":"L","from":"AVIACION ESPAÑOLA","to":"CUATRO VIENTOS"},"geometry":{"type":"LineString","coordinates":[[-3.78392,40.38364],[-3.79152,40.37771]]}},{"type":"Feature","properties":{"shape_id":"{\"4__10_A___2__IT_1\": 214}","direction_id":"{\"1\": 214}","headsign":"{\"TRES OLIVOS\": 214}","duration_avg":220.0,"n_vehicles":214,"d":1681,"route_I_counts":"{\"10\": 214}","source":193,"target":192,"layer":"L","from":"AVIACION ESPAÑOLA","to":"COLONIA JARDIN"},"geometry":{"type":"LineString","coordinates":[[-3.78392,40.38364],[-3.77462,40.39698]]}},{"type":"Feature","properties":{"shape_id":"{\"4__10_A___1__IT_1\": 210}","direction_id":"{\"0\": 210}","headsign":"{\"PUERTA DEL SUR\": 210}","duration_avg":384.0,"n_vehicles":210,"d":3374,"route_I_counts":"{\"10\": 210}","source":194,"target":195,"layer":"L","from":"CUATRO VIENTOS","to":"JOAQUIN VILUMBRALES"},"geometry":{"type":"LineString","coordinates":[[-3.79152,40.37771],[-3.8072,40.34985]]}},{"type":"Feature","properties":{"shape_id":"{\"4__10_A___2__IT_1\": 214}","direction_id":"{\"1\": 214}","headsign":"{\"TRES OLIVOS\": 214}","duration_avg":113.0,"n_vehicles":214,"d":922,"route_I_counts":"{\"10\": 214}","source":194,"target":193,"layer":"L","from":"CUATRO VIENTOS","to":"AVIACION ESPAÑOLA"},"geometry":{"type":"LineString","coordinates":[[-3.79152,40.37771],[-3.78392,40.38364]]}},{"type":"Feature","properties":{"shape_id":"{\"4__10_A___1__IT_1\": 209}","direction_id":"{\"0\": 209}","headsign":"{\"PUERTA DEL SUR\": 209}","duration_avg":83.0,"n_vehicles":209,"d":660,"route_I_counts":"{\"10\": 209}","source":195,"target":196,"layer":"L","from":"JOAQUIN VILUMBRALES","to":"PUERTA DEL SUR"},"geometry":{"type":"LineString","coordinates":[[-3.8072,40.34985],[-3.81211,40.34524]]}},{"type":"Feature","properties":{"shape_id":"{\"4__10_A___2__IT_1\": 214}","direction_id":"{\"1\": 214}","headsign":"{\"TRES OLIVOS\": 214}","duration_avg":384.0,"n_vehicles":214,"d":3374,"route_I_counts":"{\"10\": 214}","source":195,"target":194,"layer":"L","from":"JOAQUIN VILUMBRALES","to":"CUATRO VIENTOS"},"geometry":{"type":"LineString","coordinates":[[-3.8072,40.34985],[-3.79152,40.37771]]}},{"type":"Feature","properties":{"shape_id":"{\"4__10_A___2__IT_1\": 215}","direction_id":"{\"1\": 215}","headsign":"{\"TRES OLIVOS\": 215}","duration_avg":83.0,"n_vehicles":215,"d":660,"route_I_counts":"{\"10\": 215}","source":196,"target":195,"layer":"L","from":"PUERTA DEL SUR","to":"JOAQUIN VILUMBRALES"},"geometry":{"type":"LineString","coordinates":[[-3.81211,40.34524],[-3.8072,40.34985]]}},{"type":"Feature","properties":{"duration_avg":77.0,"n_vehicles":139,"d":878,"route_I_counts":"{\"12\": 139}","shape_id":"{\"4__12_1___1__IT_1\": 139}","direction_id":"{\"0\": 139}","headsign":"{\"PUERTA DEL SUR\": 139}","source":196,"target":213,"layer":"L","from":"PUERTA DEL SUR","to":"PARQUE LISBOA"},"geometry":{"type":"LineString","coordinates":[[-3.81211,40.34524],[-3.8212,40.34969]]}},{"type":"Feature","properties":{"duration_avg":302.0,"n_vehicles":139,"d":3274,"route_I_counts":"{\"12\": 139}","shape_id":"{\"4__12_2___1__IT_1\": 139}","direction_id":"{\"0\": 139}","headsign":"{\"PUERTA DEL SUR\": 139}","source":196,"target":239,"layer":"L","from":"PUERTA DEL SUR","to":"SAN NICASIO"},"geometry":{"type":"LineString","coordinates":[[-3.81211,40.34524],[-3.77587,40.33616]]}},{"type":"Feature","properties":{"shape_id":"{\"4__10_B___1__IT_1\": 178}","direction_id":"{\"0\": 178}","headsign":"{\"TRES OLIVOS\": 178}","duration_avg":143.0,"n_vehicles":178,"d":1454,"route_I_counts":"{\"10\": 178}","source":197,"target":198,"layer":"L","from":"HOSPITAL INFANTA SOFIA","to":"REYES CATOLICOS"},"geometry":{"type":"LineString","coordinates":[[-3.61145,40.55977],[-3.6234,40.55037]]}},{"type":"Feature","properties":{"shape_id":"{\"4__10_B___1__IT_1\": 178}","direction_id":"{\"0\": 178}","headsign":"{\"TRES OLIVOS\": 178}","duration_avg":111.0,"n_vehicles":178,"d":1089,"route_I_counts":"{\"10\": 178}","source":198,"target":199,"layer":"L","from":"REYES CATOLICOS","to":"BAUNATAL"},"geometry":{"type":"LineString","coordinates":[[-3.6234,40.55037],[-3.63513,40.55442]]}},{"type":"Feature","properties":{"shape_id":"{\"4__10_B___2__IT_1\": 175}","direction_id":"{\"1\": 175}","headsign":"{\"HOSPITAL INFANTA SOFIA\": 175}","duration_avg":143.0,"n_vehicles":175,"d":1454,"route_I_counts":"{\"10\": 175}","source":198,"target":197,"layer":"L","from":"REYES CATOLICOS","to":"HOSPITAL INFANTA SOFIA"},"geometry":{"type":"LineString","coordinates":[[-3.6234,40.55037],[-3.61145,40.55977]]}},{"type":"Feature","properties":{"shape_id":"{\"4__10_B___1__IT_1\": 178}","direction_id":"{\"0\": 178}","headsign":"{\"TRES OLIVOS\": 178}","duration_avg":96.0,"n_vehicles":178,"d":1086,"route_I_counts":"{\"10\": 178}","source":199,"target":200,"layer":"L","from":"BAUNATAL","to":"MANUEL DE FALLA"},"geometry":{"type":"LineString","coordinates":[[-3.63513,40.55442],[-3.64688,40.55048]]}},{"type":"Feature","properties":{"shape_id":"{\"4__10_B___2__IT_1\": 176}","direction_id":"{\"1\": 176}","headsign":"{\"HOSPITAL INFANTA SOFIA\": 176}","duration_avg":111.0,"n_vehicles":176,"d":1089,"route_I_counts":"{\"10\": 176}","source":199,"target":198,"layer":"L","from":"BAUNATAL","to":"REYES CATOLICOS"},"geometry":{"type":"LineString","coordinates":[[-3.63513,40.55442],[-3.6234,40.55037]]}},{"type":"Feature","properties":{"shape_id":"{\"4__10_B___1__IT_1\": 177}","direction_id":"{\"0\": 177}","headsign":"{\"TRES OLIVOS\": 177}","duration_avg":165.0,"n_vehicles":177,"d":1324,"route_I_counts":"{\"10\": 177}","source":200,"target":201,"layer":"L","from":"MANUEL DE FALLA","to":"MARQUES DE LA VALDAVIA"},"geometry":{"type":"LineString","coordinates":[[-3.64688,40.55048],[-3.63738,40.54102]]}},{"type":"Feature","properties":{"shape_id":"{\"4__10_B___2__IT_1\": 176}","direction_id":"{\"1\": 176}","headsign":"{\"HOSPITAL INFANTA SOFIA\": 176}","duration_avg":96.0,"n_vehicles":176,"d":1086,"route_I_counts":"{\"10\": 176}","source":200,"target":199,"layer":"L","from":"MANUEL DE FALLA","to":"BAUNATAL"},"geometry":{"type":"LineString","coordinates":[[-3.64688,40.55048],[-3.63513,40.55442]]}},{"type":"Feature","properties":{"shape_id":"{\"4__10_B___1__IT_1\": 177}","direction_id":"{\"0\": 177}","headsign":"{\"TRES OLIVOS\": 177}","duration_avg":140.0,"n_vehicles":177,"d":1020,"route_I_counts":"{\"10\": 177}","source":201,"target":202,"layer":"L","from":"MARQUES DE LA VALDAVIA","to":"LA MORALEJA"},"geometry":{"type":"LineString","coordinates":[[-3.63738,40.54102],[-3.63556,40.53196]]}},{"type":"Feature","properties":{"shape_id":"{\"4__10_B___2__IT_1\": 176}","direction_id":"{\"1\": 176}","headsign":"{\"HOSPITAL INFANTA SOFIA\": 176}","duration_avg":165.0,"n_vehicles":176,"d":1324,"route_I_counts":"{\"10\": 176}","source":201,"target":200,"layer":"L","from":"MARQUES DE LA VALDAVIA","to":"MANUEL DE FALLA"},"geometry":{"type":"LineString","coordinates":[[-3.63738,40.54102],[-3.64688,40.55048]]}},{"type":"Feature","properties":{"shape_id":"{\"4__10_B___1__IT_1\": 177}","direction_id":"{\"0\": 177}","headsign":"{\"TRES OLIVOS\": 177}","duration_avg":193.0,"n_vehicles":177,"d":2008,"route_I_counts":"{\"10\": 177}","source":202,"target":203,"layer":"L","from":"LA MORALEJA","to":"LA GRANJA"},"geometry":{"type":"LineString","coordinates":[[-3.63556,40.53196],[-3.65859,40.5276]]}},{"type":"Feature","properties":{"shape_id":"{\"4__10_B___2__IT_1\": 176}","direction_id":"{\"1\": 176}","headsign":"{\"HOSPITAL INFANTA SOFIA\": 176}","duration_avg":140.0,"n_vehicles":176,"d":1020,"route_I_counts":"{\"10\": 176}","source":202,"target":201,"layer":"L","from":"LA MORALEJA","to":"MARQUES DE LA VALDAVIA"},"geometry":{"type":"LineString","coordinates":[[-3.63556,40.53196],[-3.63738,40.54102]]}},{"type":"Feature","properties":{"shape_id":"{\"4__10_B___1__IT_1\": 176}","direction_id":"{\"0\": 176}","headsign":"{\"TRES OLIVOS\": 176}","duration_avg":145.0,"n_vehicles":176,"d":1389,"route_I_counts":"{\"10\": 176}","source":203,"target":204,"layer":"L","from":"LA GRANJA","to":"RONDA DE LA COMUNICACION"},"geometry":{"type":"LineString","coordinates":[[-3.65859,40.5276],[-3.66277,40.51553]]}},{"type":"Feature","properties":{"shape_id":"{\"4__10_B___2__IT_1\": 177}","direction_id":"{\"1\": 177}","headsign":"{\"HOSPITAL INFANTA SOFIA\": 177}","duration_avg":193.0,"n_vehicles":177,"d":2008,"route_I_counts":"{\"10\": 177}","source":203,"target":202,"layer":"L","from":"LA GRANJA","to":"LA MORALEJA"},"geometry":{"type":"LineString","coordinates":[[-3.65859,40.5276],[-3.63556,40.53196]]}},{"type":"Feature","properties":{"shape_id":"{\"4__10_B___1__IT_1\": 176}","direction_id":"{\"0\": 176}","headsign":"{\"TRES OLIVOS\": 176}","duration_avg":99.0,"n_vehicles":176,"d":980,"route_I_counts":"{\"10\": 176}","source":204,"target":205,"layer":"L","from":"RONDA DE LA COMUNICACION","to":"LAS TABLAS"},"geometry":{"type":"LineString","coordinates":[[-3.66277,40.51553],[-3.66944,40.50833]]}},{"type":"Feature","properties":{"shape_id":"{\"4__10_B___2__IT_1\": 177}","direction_id":"{\"1\": 177}","headsign":"{\"HOSPITAL INFANTA SOFIA\": 177}","duration_avg":145.0,"n_vehicles":177,"d":1389,"route_I_counts":"{\"10\": 177}","source":204,"target":203,"layer":"L","from":"RONDA DE LA COMUNICACION","to":"LA GRANJA"},"geometry":{"type":"LineString","coordinates":[[-3.66277,40.51553],[-3.65859,40.5276]]}},{"type":"Feature","properties":{"shape_id":"{\"4__10_B___1__IT_1\": 175}","direction_id":"{\"0\": 175}","headsign":"{\"TRES OLIVOS\": 175}","duration_avg":322.0,"n_vehicles":175,"d":2253,"route_I_counts":"{\"10\": 175}","source":205,"target":206,"layer":"L","from":"LAS TABLAS","to":"MONTECARMELO"},"geometry":{"type":"LineString","coordinates":[[-3.66944,40.50833],[-3.69575,40.50525]]}},{"type":"Feature","properties":{"shape_id":"{\"4__10_B___2__IT_1\": 177}","direction_id":"{\"1\": 177}","headsign":"{\"HOSPITAL INFANTA SOFIA\": 177}","duration_avg":99.0,"n_vehicles":177,"d":980,"route_I_counts":"{\"10\": 177}","source":205,"target":204,"layer":"L","from":"LAS TABLAS","to":"RONDA DE LA COMUNICACION"},"geometry":{"type":"LineString","coordinates":[[-3.66944,40.50833],[-3.66277,40.51553]]}},{"type":"Feature","properties":{"shape_id":"{\"4__10_B___1__IT_1\": 175}","direction_id":"{\"0\": 175}","headsign":"{\"TRES OLIVOS\": 175}","duration_avg":63.0,"n_vehicles":175,"d":453,"route_I_counts":"{\"10\": 175}","source":206,"target":185,"layer":"L","from":"MONTECARMELO","to":"TRES OLIVOS"},"geometry":{"type":"LineString","coordinates":[[-3.69575,40.50525],[-3.6952,40.5012]]}},{"type":"Feature","properties":{"shape_id":"{\"4__10_B___2__IT_1\": 178}","direction_id":"{\"1\": 178}","headsign":"{\"HOSPITAL INFANTA SOFIA\": 178}","duration_avg":322.0,"n_vehicles":178,"d":2253,"route_I_counts":"{\"10\": 178}","source":206,"target":205,"layer":"L","from":"MONTECARMELO","to":"LAS TABLAS"},"geometry":{"type":"LineString","coordinates":[[-3.69575,40.50525],[-3.66944,40.50833]]}},{"type":"Feature","properties":{"shape_id":"{\"4__11____1__IT_1\": 146}","direction_id":"{\"0\": 146}","headsign":"{\"LA FORTUNA\": 146}","duration_avg":106.0,"n_vehicles":146,"d":766,"route_I_counts":"{\"11\": 146}","source":207,"target":208,"layer":"L","from":"ABRANTES","to":"PAN BENDITO"},"geometry":{"type":"LineString","coordinates":[[-3.7279,40.38083],[-3.73417,40.37587]]}},{"type":"Feature","properties":{"duration_avg":123.0,"n_vehicles":144,"d":919,"route_I_counts":"{\"11\": 144}","shape_id":"{\"4__11____2__IT_1\": 144}","direction_id":"{\"1\": 144}","headsign":"{\"PLAZA ELIPTICA\": 144}","source":207,"target":113,"layer":"L","from":"ABRANTES","to":"PLAZA ELIPTICA"},"geometry":{"type":"LineString","coordinates":[[-3.7279,40.38083],[-3.71837,40.3846]]}},{"type":"Feature","properties":{"shape_id":"{\"4__11____1__IT_1\": 146}","direction_id":"{\"0\": 146}","headsign":"{\"LA FORTUNA\": 146}","duration_avg":88.0,"n_vehicles":146,"d":488,"route_I_counts":"{\"11\": 146}","source":208,"target":209,"layer":"L","from":"PAN BENDITO","to":"SAN FRANCISCO"},"geometry":{"type":"LineString","coordinates":[[-3.73417,40.37587],[-3.7391,40.3736]]}},{"type":"Feature","properties":{"shape_id":"{\"4__11____2__IT_1\": 145}","direction_id":"{\"1\": 145}","headsign":"{\"PLAZA ELIPTICA\": 145}","duration_avg":107.0,"n_vehicles":145,"d":766,"route_I_counts":"{\"11\": 145}","source":208,"target":207,"layer":"L","from":"PAN BENDITO","to":"ABRANTES"},"geometry":{"type":"LineString","coordinates":[[-3.73417,40.37587],[-3.7279,40.38083]]}},{"type":"Feature","properties":{"shape_id":"{\"4__11____1__IT_1\": 145}","direction_id":"{\"0\": 145}","headsign":"{\"LA FORTUNA\": 145}","duration_avg":157.0,"n_vehicles":145,"d":1100,"route_I_counts":"{\"11\": 145}","source":209,"target":210,"layer":"L","from":"SAN FRANCISCO","to":"CARABANCHEL ALTO"},"geometry":{"type":"LineString","coordinates":[[-3.7391,40.3736],[-3.75191,40.372]]}},{"type":"Feature","properties":{"shape_id":"{\"4__11____2__IT_1\": 145}","direction_id":"{\"1\": 145}","headsign":"{\"PLAZA ELIPTICA\": 145}","duration_avg":88.0,"n_vehicles":145,"d":488,"route_I_counts":"{\"11\": 145}","source":209,"target":208,"layer":"L","from":"SAN FRANCISCO","to":"PAN BENDITO"},"geometry":{"type":"LineString","coordinates":[[-3.7391,40.3736],[-3.73417,40.37587]]}},{"type":"Feature","properties":{"shape_id":"{\"4__11____1__IT_1\": 145}","direction_id":"{\"0\": 145}","headsign":"{\"LA FORTUNA\": 145}","duration_avg":126.0,"n_vehicles":145,"d":963,"route_I_counts":"{\"11\": 145}","source":210,"target":211,"layer":"L","from":"CARABANCHEL ALTO","to":"LA PESETA"},"geometry":{"type":"LineString","coordinates":[[-3.75191,40.372],[-3.7569,40.36422]]}},{"type":"Feature","properties":{"shape_id":"{\"4__11____2__IT_1\": 145}","direction_id":"{\"1\": 145}","headsign":"{\"PLAZA ELIPTICA\": 145}","duration_avg":156.0,"n_vehicles":145,"d":1100,"route_I_counts":"{\"11\": 145}","source":210,"target":209,"layer":"L","from":"CARABANCHEL ALTO","to":"SAN FRANCISCO"},"geometry":{"type":"LineString","coordinates":[[-3.75191,40.372],[-3.7391,40.3736]]}},{"type":"Feature","properties":{"shape_id":"{\"4__11____1__IT_1\": 144}","direction_id":"{\"0\": 144}","headsign":"{\"LA FORTUNA\": 144}","duration_avg":331.0,"n_vehicles":144,"d":1907,"route_I_counts":"{\"11\": 144}","source":211,"target":212,"layer":"L","from":"LA PESETA","to":"LA FORTUNA"},"geometry":{"type":"LineString","coordinates":[[-3.7569,40.36422],[-3.77783,40.35795]]}},{"type":"Feature","properties":{"shape_id":"{\"4__11____2__IT_1\": 145}","direction_id":"{\"1\": 145}","headsign":"{\"PLAZA ELIPTICA\": 145}","duration_avg":127.0,"n_vehicles":145,"d":963,"route_I_counts":"{\"11\": 145}","source":211,"target":210,"layer":"L","from":"LA PESETA","to":"CARABANCHEL ALTO"},"geometry":{"type":"LineString","coordinates":[[-3.7569,40.36422],[-3.75191,40.372]]}},{"type":"Feature","properties":{"shape_id":"{\"4__11____2__IT_1\": 146}","direction_id":"{\"1\": 146}","headsign":"{\"PLAZA ELIPTICA\": 146}","duration_avg":331.0,"n_vehicles":146,"d":1907,"route_I_counts":"{\"11\": 146}","source":212,"target":211,"layer":"L","from":"LA FORTUNA","to":"LA PESETA"},"geometry":{"type":"LineString","coordinates":[[-3.77783,40.35795],[-3.7569,40.36422]]}},{"type":"Feature","properties":{"shape_id":"{\"4__12_1___1__IT_1\": 139}","direction_id":"{\"0\": 139}","headsign":"{\"PUERTA DEL SUR\": 139}","duration_avg":108.0,"n_vehicles":139,"d":898,"route_I_counts":"{\"12\": 139}","source":213,"target":214,"layer":"L","from":"PARQUE LISBOA","to":"ALCORCON CENTRAL"},"geometry":{"type":"LineString","coordinates":[[-3.8212,40.34969],[-3.83178,40.35008]]}},{"type":"Feature","properties":{"duration_avg":77.0,"n_vehicles":131,"d":878,"route_I_counts":"{\"12\": 131}","shape_id":"{\"4__12_2___1__IT_1\": 131}","direction_id":"{\"0\": 131}","headsign":"{\"PUERTA DEL SUR\": 131}","source":213,"target":196,"layer":"L","from":"PARQUE LISBOA","to":"PUERTA DEL SUR"},"geometry":{"type":"LineString","coordinates":[[-3.8212,40.34969],[-3.81211,40.34524]]}},{"type":"Feature","properties":{"shape_id":"{\"4__12_1___1__IT_1\": 139}","direction_id":"{\"0\": 139}","headsign":"{\"PUERTA DEL SUR\": 139}","duration_avg":144.0,"n_vehicles":139,"d":1561,"route_I_counts":"{\"12\": 139}","source":214,"target":215,"layer":"L","from":"ALCORCON CENTRAL","to":"PARQUE OESTE"},"geometry":{"type":"LineString","coordinates":[[-3.83178,40.35008],[-3.84934,40.34589]]}},{"type":"Feature","properties":{"shape_id":"{\"4__12_2___1__IT_1\": 132}","direction_id":"{\"0\": 132}","headsign":"{\"PUERTA DEL SUR\": 132}","duration_avg":108.0,"n_vehicles":132,"d":898,"route_I_counts":"{\"12\": 132}","source":214,"target":213,"layer":"L","from":"ALCORCON CENTRAL","to":"PARQUE LISBOA"},"geometry":{"type":"LineString","coordinates":[[-3.83178,40.35008],[-3.8212,40.34969]]}},{"type":"Feature","properties":{"shape_id":"{\"4__12_1___1__IT_1\": 138}","direction_id":"{\"0\": 138}","headsign":"{\"PUERTA DEL SUR\": 138}","duration_avg":232.0,"n_vehicles":138,"d":2278,"route_I_counts":"{\"12\": 138}","source":215,"target":216,"layer":"L","from":"PARQUE OESTE","to":"UNIVERSIDAD REY JUAN CARLOS"},"geometry":{"type":"LineString","coordinates":[[-3.84934,40.34589],[-3.87218,40.33512]]}},{"type":"Feature","properties":{"shape_id":"{\"4__12_2___1__IT_1\": 132}","direction_id":"{\"0\": 132}","headsign":"{\"PUERTA DEL SUR\": 132}","duration_avg":144.0,"n_vehicles":132,"d":1561,"route_I_counts":"{\"12\": 132}","source":215,"target":214,"layer":"L","from":"PARQUE OESTE","to":"ALCORCON CENTRAL"},"geometry":{"type":"LineString","coordinates":[[-3.84934,40.34589],[-3.83178,40.35008]]}},{"type":"Feature","properties":{"shape_id":"{\"4__12_1___1__IT_1\": 138}","direction_id":"{\"0\": 138}","headsign":"{\"PUERTA DEL SUR\": 138}","duration_avg":112.0,"n_vehicles":138,"d":1039,"route_I_counts":"{\"12\": 138}","source":216,"target":217,"layer":"L","from":"UNIVERSIDAD REY JUAN CARLOS","to":"MOSTOLES CENTRAL"},"geometry":{"type":"LineString","coordinates":[[-3.87218,40.33512],[-3.86354,40.3285]]}},{"type":"Feature","properties":{"shape_id":"{\"4__12_2___1__IT_1\": 132}","direction_id":"{\"0\": 132}","headsign":"{\"PUERTA DEL SUR\": 132}","duration_avg":231.0,"n_vehicles":132,"d":2278,"route_I_counts":"{\"12\": 132}","source":216,"target":215,"layer":"L","from":"UNIVERSIDAD REY JUAN CARLOS","to":"PARQUE OESTE"},"geometry":{"type":"LineString","coordinates":[[-3.87218,40.33512],[-3.84934,40.34589]]}},{"type":"Feature","properties":{"shape_id":"{\"4__12_1___1__IT_1\": 138}","direction_id":"{\"0\": 138}","headsign":"{\"PUERTA DEL SUR\": 138}","duration_avg":66.0,"n_vehicles":138,"d":767,"route_I_counts":"{\"12\": 138}","source":217,"target":218,"layer":"L","from":"MOSTOLES CENTRAL","to":"PRADILLO"},"geometry":{"type":"LineString","coordinates":[[-3.86354,40.3285],[-3.86489,40.32168]]}},{"type":"Feature","properties":{"shape_id":"{\"4__12_2___1__IT_1\": 133}","direction_id":"{\"0\": 133}","headsign":"{\"PUERTA DEL SUR\": 133}","duration_avg":112.0,"n_vehicles":133,"d":1039,"route_I_counts":"{\"12\": 133}","source":217,"target":216,"layer":"L","from":"MOSTOLES CENTRAL","to":"UNIVERSIDAD REY JUAN CARLOS"},"geometry":{"type":"LineString","coordinates":[[-3.86354,40.3285],[-3.87218,40.33512]]}},{"type":"Feature","properties":{"shape_id":"{\"4__12_1___1__IT_1\": 138}","direction_id":"{\"0\": 138}","headsign":"{\"PUERTA DEL SUR\": 138}","duration_avg":93.0,"n_vehicles":138,"d":1012,"route_I_counts":"{\"12\": 138}","source":218,"target":219,"layer":"L","from":"PRADILLO","to":"HOSPITAL DE MOSTOLES"},"geometry":{"type":"LineString","coordinates":[[-3.86489,40.32168],[-3.87471,40.31652]]}},{"type":"Feature","properties":{"shape_id":"{\"4__12_2___1__IT_1\": 133}","direction_id":"{\"0\": 133}","headsign":"{\"PUERTA DEL SUR\": 133}","duration_avg":66.0,"n_vehicles":133,"d":767,"route_I_counts":"{\"12\": 133}","source":218,"target":217,"layer":"L","from":"PRADILLO","to":"MOSTOLES CENTRAL"},"geometry":{"type":"LineString","coordinates":[[-3.86489,40.32168],[-3.86354,40.3285]]}},{"type":"Feature","properties":{"shape_id":"{\"4__12_1___1__IT_1\": 137}","direction_id":"{\"0\": 137}","headsign":"{\"PUERTA DEL SUR\": 137}","duration_avg":137.0,"n_vehicles":137,"d":1232,"route_I_counts":"{\"12\": 137}","source":219,"target":220,"layer":"L","from":"HOSPITAL DE MOSTOLES","to":"MANUELA MALASAÑA"},"geometry":{"type":"LineString","coordinates":[[-3.87471,40.31652],[-3.86402,40.30903]]}},{"type":"Feature","properties":{"shape_id":"{\"4__12_2___1__IT_1\": 133}","direction_id":"{\"0\": 133}","headsign":"{\"PUERTA DEL SUR\": 133}","duration_avg":93.0,"n_vehicles":133,"d":1012,"route_I_counts":"{\"12\": 133}","source":219,"target":218,"layer":"L","from":"HOSPITAL DE MOSTOLES","to":"PRADILLO"},"geometry":{"type":"LineString","coordinates":[[-3.87471,40.31652],[-3.86489,40.32168]]}},{"type":"Feature","properties":{"shape_id":"{\"4__12_1___1__IT_1\": 137}","direction_id":"{\"0\": 137}","headsign":"{\"PUERTA DEL SUR\": 137}","duration_avg":256.0,"n_vehicles":137,"d":2617,"route_I_counts":"{\"12\": 137}","source":220,"target":221,"layer":"L","from":"MANUELA MALASAÑA","to":"LORANCA"},"geometry":{"type":"LineString","coordinates":[[-3.86402,40.30903],[-3.83768,40.29681]]}},{"type":"Feature","properties":{"shape_id":"{\"4__12_2___1__IT_1\": 133}","direction_id":"{\"0\": 133}","headsign":"{\"PUERTA DEL SUR\": 133}","duration_avg":137.0,"n_vehicles":133,"d":1232,"route_I_counts":"{\"12\": 133}","source":220,"target":219,"layer":"L","from":"MANUELA MALASAÑA","to":"HOSPITAL DE MOSTOLES"},"geometry":{"type":"LineString","coordinates":[[-3.86402,40.30903],[-3.87471,40.31652]]}},{"type":"Feature","properties":{"shape_id":"{\"4__12_1___1__IT_1\": 136}","direction_id":"{\"0\": 136}","headsign":"{\"PUERTA DEL SUR\": 136}","duration_avg":203.0,"n_vehicles":136,"d":2184,"route_I_counts":"{\"12\": 136}","source":221,"target":222,"layer":"L","from":"LORANCA","to":"HOSPITAL DE FUENLABRADA"},"geometry":{"type":"LineString","coordinates":[[-3.83768,40.29681],[-3.81642,40.28576]]}},{"type":"Feature","properties":{"shape_id":"{\"4__12_2___1__IT_1\": 134}","direction_id":"{\"0\": 134}","headsign":"{\"PUERTA DEL SUR\": 134}","duration_avg":255.0,"n_vehicles":134,"d":2617,"route_I_counts":"{\"12\": 134}","source":221,"target":220,"layer":"L","from":"LORANCA","to":"MANUELA MALASAÑA"},"geometry":{"type":"LineString","coordinates":[[-3.83768,40.29681],[-3.86402,40.30903]]}},{"type":"Feature","properties":{"shape_id":"{\"4__12_1___1__IT_1\": 136}","direction_id":"{\"0\": 136}","headsign":"{\"PUERTA DEL SUR\": 136}","duration_avg":70.0,"n_vehicles":136,"d":860,"route_I_counts":"{\"12\": 136}","source":222,"target":223,"layer":"L","from":"HOSPITAL DE FUENLABRADA","to":"PARQUE EUROPA"},"geometry":{"type":"LineString","coordinates":[[-3.81642,40.28576],[-3.80632,40.28518]]}},{"type":"Feature","properties":{"shape_id":"{\"4__12_2___1__IT_1\": 134}","direction_id":"{\"0\": 134}","headsign":"{\"PUERTA DEL SUR\": 134}","duration_avg":202.0,"n_vehicles":134,"d":2184,"route_I_counts":"{\"12\": 134}","source":222,"target":221,"layer":"L","from":"HOSPITAL DE FUENLABRADA","to":"LORANCA"},"geometry":{"type":"LineString","coordinates":[[-3.81642,40.28576],[-3.83768,40.29681]]}},{"type":"Feature","properties":{"shape_id":"{\"4__12_1___1__IT_1\": 136}","direction_id":"{\"0\": 136}","headsign":"{\"PUERTA DEL SUR\": 136}","duration_avg":72.0,"n_vehicles":136,"d":688,"route_I_counts":"{\"12\": 136}","source":223,"target":224,"layer":"L","from":"PARQUE EUROPA","to":"FUENLABRADA CENTRAL"},"geometry":{"type":"LineString","coordinates":[[-3.80632,40.28518],[-3.79891,40.28268]]}},{"type":"Feature","properties":{"shape_id":"{\"4__12_2___1__IT_1\": 135}","direction_id":"{\"0\": 135}","headsign":"{\"PUERTA DEL SUR\": 135}","duration_avg":71.0,"n_vehicles":135,"d":860,"route_I_counts":"{\"12\": 135}","source":223,"target":222,"layer":"L","from":"PARQUE EUROPA","to":"HOSPITAL DE FUENLABRADA"},"geometry":{"type":"LineString","coordinates":[[-3.80632,40.28518],[-3.81642,40.28576]]}},{"type":"Feature","properties":{"shape_id":"{\"4__12_1___1__IT_1\": 136}","direction_id":"{\"0\": 136}","headsign":"{\"PUERTA DEL SUR\": 136}","duration_avg":115.0,"n_vehicles":136,"d":1114,"route_I_counts":"{\"12\": 136}","source":224,"target":225,"layer":"L","from":"FUENLABRADA CENTRAL","to":"PARQUE DE LOS ESTADOS"},"geometry":{"type":"LineString","coordinates":[[-3.79891,40.28268],[-3.78697,40.28684]]}},{"type":"Feature","properties":{"shape_id":"{\"4__12_2___1__IT_1\": 135}","direction_id":"{\"0\": 135}","headsign":"{\"PUERTA DEL SUR\": 135}","duration_avg":72.0,"n_vehicles":135,"d":688,"route_I_counts":"{\"12\": 135}","source":224,"target":223,"layer":"L","from":"FUENLABRADA CENTRAL","to":"PARQUE EUROPA"},"geometry":{"type":"LineString","coordinates":[[-3.79891,40.28268],[-3.80632,40.28518]]}},{"type":"Feature","properties":{"shape_id":"{\"4__12_1___1__IT_1\": 135}","direction_id":"{\"0\": 135}","headsign":"{\"PUERTA DEL SUR\": 135}","duration_avg":243.0,"n_vehicles":135,"d":2568,"route_I_counts":"{\"12\": 135}","source":225,"target":226,"layer":"L","from":"PARQUE DE LOS ESTADOS","to":"ARROYO CULEBRO"},"geometry":{"type":"LineString","coordinates":[[-3.78697,40.28684],[-3.75682,40.28874]]}},{"type":"Feature","properties":{"shape_id":"{\"4__12_2___1__IT_1\": 135}","direction_id":"{\"0\": 135}","headsign":"{\"PUERTA DEL SUR\": 135}","duration_avg":115.0,"n_vehicles":135,"d":1114,"route_I_counts":"{\"12\": 135}","source":225,"target":224,"layer":"L","from":"PARQUE DE LOS ESTADOS","to":"FUENLABRADA CENTRAL"},"geometry":{"type":"LineString","coordinates":[[-3.78697,40.28684],[-3.79891,40.28268]]}},{"type":"Feature","properties":{"shape_id":"{\"4__12_1___1__IT_1\": 135}","direction_id":"{\"0\": 135}","headsign":"{\"PUERTA DEL SUR\": 135}","duration_avg":89.0,"n_vehicles":135,"d":1064,"route_I_counts":"{\"12\": 135}","source":226,"target":227,"layer":"L","from":"ARROYO CULEBRO","to":"CONSERVATORIO"},"geometry":{"type":"LineString","coordinates":[[-3.75682,40.28874],[-3.74576,40.29324]]}},{"type":"Feature","properties":{"shape_id":"{\"4__12_2___1__IT_1\": 135}","direction_id":"{\"0\": 135}","headsign":"{\"PUERTA DEL SUR\": 135}","duration_avg":242.0,"n_vehicles":135,"d":2568,"route_I_counts":"{\"12\": 135}","source":226,"target":225,"layer":"L","from":"ARROYO CULEBRO","to":"PARQUE DE LOS ESTADOS"},"geometry":{"type":"LineString","coordinates":[[-3.75682,40.28874],[-3.78697,40.28684]]}},{"type":"Feature","properties":{"shape_id":"{\"4__12_1___1__IT_1\": 135}","direction_id":"{\"0\": 135}","headsign":"{\"PUERTA DEL SUR\": 135}","duration_avg":108.0,"n_vehicles":135,"d":1144,"route_I_counts":"{\"12\": 135}","source":227,"target":228,"layer":"L","from":"CONSERVATORIO","to":"ALONSO DE MENDOZA"},"geometry":{"type":"LineString","coordinates":[[-3.74576,40.29324],[-3.73664,40.30081]]}},{"type":"Feature","properties":{"shape_id":"{\"4__12_2___1__IT_1\": 136}","direction_id":"{\"0\": 136}","headsign":"{\"PUERTA DEL SUR\": 136}","duration_avg":89.0,"n_vehicles":136,"d":1064,"route_I_counts":"{\"12\": 136}","source":227,"target":226,"layer":"L","from":"CONSERVATORIO","to":"ARROYO CULEBRO"},"geometry":{"type":"LineString","coordinates":[[-3.74576,40.29324],[-3.75682,40.28874]]}},{"type":"Feature","properties":{"shape_id":"{\"4__12_1___1__IT_1\": 135}","direction_id":"{\"0\": 135}","headsign":"{\"PUERTA DEL SUR\": 135}","duration_avg":117.0,"n_vehicles":135,"d":1039,"route_I_counts":"{\"12\": 135}","source":228,"target":229,"layer":"L","from":"ALONSO DE MENDOZA","to":"GETAFE CENTRAL"},"geometry":{"type":"LineString","coordinates":[[-3.73664,40.30081],[-3.73403,40.30993]]}},{"type":"Feature","properties":{"shape_id":"{\"4__12_2___1__IT_1\": 136}","direction_id":"{\"0\": 136}","headsign":"{\"PUERTA DEL SUR\": 136}","duration_avg":108.0,"n_vehicles":136,"d":1144,"route_I_counts":"{\"12\": 136}","source":228,"target":227,"layer":"L","from":"ALONSO DE MENDOZA","to":"CONSERVATORIO"},"geometry":{"type":"LineString","coordinates":[[-3.73664,40.30081],[-3.74576,40.29324]]}},{"type":"Feature","properties":{"shape_id":"{\"4__12_1___1__IT_1\": 134}","direction_id":"{\"0\": 134}","headsign":"{\"PUERTA DEL SUR\": 134}","duration_avg":112.0,"n_vehicles":134,"d":1022,"route_I_counts":"{\"12\": 134}","source":229,"target":230,"layer":"L","from":"GETAFE CENTRAL","to":"JUAN DE LA CIERVA"},"geometry":{"type":"LineString","coordinates":[[-3.73403,40.30993],[-3.72224,40.3118]]}},{"type":"Feature","properties":{"shape_id":"{\"4__12_2___1__IT_1\": 136}","direction_id":"{\"0\": 136}","headsign":"{\"PUERTA DEL SUR\": 136}","duration_avg":117.0,"n_vehicles":136,"d":1039,"route_I_counts":"{\"12\": 136}","source":229,"target":228,"layer":"L","from":"GETAFE CENTRAL","to":"ALONSO DE MENDOZA"},"geometry":{"type":"LineString","coordinates":[[-3.73403,40.30993],[-3.73664,40.30081]]}},{"type":"Feature","properties":{"shape_id":"{\"4__12_1___1__IT_1\": 134}","direction_id":"{\"0\": 134}","headsign":"{\"PUERTA DEL SUR\": 134}","duration_avg":140.0,"n_vehicles":134,"d":1297,"route_I_counts":"{\"12\": 134}","source":230,"target":231,"layer":"L","from":"JUAN DE LA CIERVA","to":"EL CASAR"},"geometry":{"type":"LineString","coordinates":[[-3.72224,40.3118],[-3.70985,40.31862]]}},{"type":"Feature","properties":{"shape_id":"{\"4__12_2___1__IT_1\": 136}","direction_id":"{\"0\": 136}","headsign":"{\"PUERTA DEL SUR\": 136}","duration_avg":112.0,"n_vehicles":136,"d":1022,"route_I_counts":"{\"12\": 136}","source":230,"target":229,"layer":"L","from":"JUAN DE LA CIERVA","to":"GETAFE CENTRAL"},"geometry":{"type":"LineString","coordinates":[[-3.72224,40.3118],[-3.73403,40.30993]]}},{"type":"Feature","properties":{"shape_id":"{\"4__12_1___1__IT_1\": 134}","direction_id":"{\"0\": 134}","headsign":"{\"PUERTA DEL SUR\": 134}","duration_avg":79.0,"n_vehicles":134,"d":944,"route_I_counts":"{\"12\": 134}","source":231,"target":232,"layer":"L","from":"EL CASAR","to":"LOS ESPARTALES"},"geometry":{"type":"LineString","coordinates":[[-3.70985,40.31862],[-3.7182,40.32423]]}},{"type":"Feature","properties":{"shape_id":"{\"4__12_2___1__IT_1\": 137}","direction_id":"{\"0\": 137}","headsign":"{\"PUERTA DEL SUR\": 137}","duration_avg":139.0,"n_vehicles":137,"d":1297,"route_I_counts":"{\"12\": 137}","source":231,"target":230,"layer":"L","from":"EL CASAR","to":"JUAN DE LA CIERVA"},"geometry":{"type":"LineString","coordinates":[[-3.70985,40.31862],[-3.72224,40.3118]]}},{"type":"Feature","properties":{"shape_id":"{\"4__12_1___1__IT_1\": 134}","direction_id":"{\"0\": 134}","headsign":"{\"PUERTA DEL SUR\": 134}","duration_avg":107.0,"n_vehicles":134,"d":1109,"route_I_counts":"{\"12\": 134}","source":232,"target":233,"layer":"L","from":"LOS ESPARTALES","to":"EL BERCIAL"},"geometry":{"type":"LineString","coordinates":[[-3.7182,40.32423],[-3.72963,40.32907]]}},{"type":"Feature","properties":{"shape_id":"{\"4__12_2___1__IT_1\": 137}","direction_id":"{\"0\": 137}","headsign":"{\"PUERTA DEL SUR\": 137}","duration_avg":80.0,"n_vehicles":137,"d":944,"route_I_counts":"{\"12\": 137}","source":232,"target":231,"layer":"L","from":"LOS ESPARTALES","to":"EL CASAR"},"geometry":{"type":"LineString","coordinates":[[-3.7182,40.32423],[-3.70985,40.31862]]}},{"type":"Feature","properties":{"shape_id":"{\"4__12_1___1__IT_1\": 133}","direction_id":"{\"0\": 133}","headsign":"{\"PUERTA DEL SUR\": 133}","duration_avg":132.0,"n_vehicles":133,"d":1229,"route_I_counts":"{\"12\": 133}","source":233,"target":234,"layer":"L","from":"EL BERCIAL","to":"EL CARRASCAL"},"geometry":{"type":"LineString","coordinates":[[-3.72963,40.32907],[-3.74018,40.33664]]}},{"type":"Feature","properties":{"shape_id":"{\"4__12_2___1__IT_1\": 137}","direction_id":"{\"0\": 137}","headsign":"{\"PUERTA DEL SUR\": 137}","duration_avg":107.0,"n_vehicles":137,"d":1109,"route_I_counts":"{\"12\": 137}","source":233,"target":232,"layer":"L","from":"EL BERCIAL","to":"LOS ESPARTALES"},"geometry":{"type":"LineString","coordinates":[[-3.72963,40.32907],[-3.7182,40.32423]]}},{"type":"Feature","properties":{"shape_id":"{\"4__12_1___1__IT_1\": 133}","direction_id":"{\"0\": 133}","headsign":"{\"PUERTA DEL SUR\": 133}","duration_avg":93.0,"n_vehicles":133,"d":1079,"route_I_counts":"{\"12\": 133}","source":234,"target":235,"layer":"L","from":"EL CARRASCAL","to":"JULIAN BESTEIRO"},"geometry":{"type":"LineString","coordinates":[[-3.74018,40.33664],[-3.75266,40.33475]]}},{"type":"Feature","properties":{"shape_id":"{\"4__12_2___1__IT_1\": 137}","direction_id":"{\"0\": 137}","headsign":"{\"PUERTA DEL SUR\": 137}","duration_avg":132.0,"n_vehicles":137,"d":1229,"route_I_counts":"{\"12\": 137}","source":234,"target":233,"layer":"L","from":"EL CARRASCAL","to":"EL BERCIAL"},"geometry":{"type":"LineString","coordinates":[[-3.74018,40.33664],[-3.72963,40.32907]]}},{"type":"Feature","properties":{"shape_id":"{\"4__12_1___1__IT_1\": 133}","direction_id":"{\"0\": 133}","headsign":"{\"PUERTA DEL SUR\": 133}","duration_avg":121.0,"n_vehicles":133,"d":1073,"route_I_counts":"{\"12\": 133}","source":235,"target":236,"layer":"L","from":"JULIAN BESTEIRO","to":"CASA DEL RELOJ"},"geometry":{"type":"LineString","coordinates":[[-3.75266,40.33475],[-3.75942,40.3266]]}},{"type":"Feature","properties":{"shape_id":"{\"4__12_2___1__IT_1\": 138}","direction_id":"{\"0\": 138}","headsign":"{\"PUERTA DEL SUR\": 138}","duration_avg":93.0,"n_vehicles":138,"d":1079,"route_I_counts":"{\"12\": 138}","source":235,"target":234,"layer":"L","from":"JULIAN BESTEIRO","to":"EL CARRASCAL"},"geometry":{"type":"LineString","coordinates":[[-3.75266,40.33475],[-3.74018,40.33664]]}},{"type":"Feature","properties":{"shape_id":"{\"4__12_1___1__IT_1\": 133}","direction_id":"{\"0\": 133}","headsign":"{\"PUERTA DEL SUR\": 133}","duration_avg":80.0,"n_vehicles":133,"d":903,"route_I_counts":"{\"12\": 133}","source":236,"target":237,"layer":"L","from":"CASA DEL RELOJ","to":"HOSPITAL SEVERO OCHOA"},"geometry":{"type":"LineString","coordinates":[[-3.75942,40.3266],[-3.76797,40.32177]]}},{"type":"Feature","properties":{"shape_id":"{\"4__12_2___1__IT_1\": 138}","direction_id":"{\"0\": 138}","headsign":"{\"PUERTA DEL SUR\": 138}","duration_avg":121.0,"n_vehicles":138,"d":1073,"route_I_counts":"{\"12\": 138}","source":236,"target":235,"layer":"L","from":"CASA DEL RELOJ","to":"JULIAN BESTEIRO"},"geometry":{"type":"LineString","coordinates":[[-3.75942,40.3266],[-3.75266,40.33475]]}},{"type":"Feature","properties":{"shape_id":"{\"4__12_1___1__IT_1\": 132}","direction_id":"{\"0\": 132}","headsign":"{\"PUERTA DEL SUR\": 132}","duration_avg":100.0,"n_vehicles":132,"d":858,"route_I_counts":"{\"12\": 132}","source":237,"target":238,"layer":"L","from":"HOSPITAL SEVERO OCHOA","to":"LEGANES CENTRAL"},"geometry":{"type":"LineString","coordinates":[[-3.76797,40.32177],[-3.77154,40.32899]]}},{"type":"Feature","properties":{"shape_id":"{\"4__12_2___1__IT_1\": 138}","direction_id":"{\"0\": 138}","headsign":"{\"PUERTA DEL SUR\": 138}","duration_avg":79.0,"n_vehicles":138,"d":903,"route_I_counts":"{\"12\": 138}","source":237,"target":236,"layer":"L","from":"HOSPITAL SEVERO OCHOA","to":"CASA DEL RELOJ"},"geometry":{"type":"LineString","coordinates":[[-3.76797,40.32177],[-3.75942,40.3266]]}},{"type":"Feature","properties":{"shape_id":"{\"4__12_1___1__IT_1\": 132}","direction_id":"{\"0\": 132}","headsign":"{\"PUERTA DEL SUR\": 132}","duration_avg":97.0,"n_vehicles":132,"d":878,"route_I_counts":"{\"12\": 132}","source":238,"target":239,"layer":"L","from":"LEGANES CENTRAL","to":"SAN NICASIO"},"geometry":{"type":"LineString","coordinates":[[-3.77154,40.32899],[-3.77587,40.33616]]}},{"type":"Feature","properties":{"shape_id":"{\"4__12_2___1__IT_1\": 138}","direction_id":"{\"0\": 138}","headsign":"{\"PUERTA DEL SUR\": 138}","duration_avg":100.0,"n_vehicles":138,"d":858,"route_I_counts":"{\"12\": 138}","source":238,"target":237,"layer":"L","from":"LEGANES CENTRAL","to":"HOSPITAL SEVERO OCHOA"},"geometry":{"type":"LineString","coordinates":[[-3.77154,40.32899],[-3.76797,40.32177]]}},{"type":"Feature","properties":{"shape_id":"{\"4__12_2___1__IT_1\": 139}","direction_id":"{\"0\": 139}","headsign":"{\"PUERTA DEL SUR\": 139}","duration_avg":97.0,"n_vehicles":139,"d":878,"route_I_counts":"{\"12\": 139}","source":239,"target":238,"layer":"L","from":"SAN NICASIO","to":"LEGANES CENTRAL"},"geometry":{"type":"LineString","coordinates":[[-3.77587,40.33616],[-3.77154,40.32899]]}},{"type":"Feature","properties":{"duration_avg":302.0,"n_vehicles":131,"d":3274,"route_I_counts":"{\"12\": 131}","shape_id":"{\"4__12_1___1__IT_1\": 131}","direction_id":"{\"0\": 131}","headsign":"{\"PUERTA DEL SUR\": 131}","source":239,"target":196,"layer":"L","from":"SAN NICASIO","to":"PUERTA DEL SUR"},"geometry":{"type":"LineString","coordinates":[[-3.77587,40.33616],[-3.81211,40.34524]]}}]}