{"type":"FeatureCollection","features":[{"type":"Feature","geometry":{"type":"Point","coordinates":[-73.898583,40.889248]},"properties":{"name":"Van Cortlandt Park-242 St","original_ids":"[3, 2, 2, 2, 2, 2, 2, 2, 2, 2, 2, 2, 2, 2, 2, 2]","id":0,"layer":"stop"}},{"type":"Feature","geometry":{"type":"Point","coordinates":[-73.90087,40.884667]},"properties":{"name":"238 St","original_ids":"[6, 5, 5, 5, 5, 5, 5, 5, 5, 5, 5, 5, 5, 5, 5, 5]","id":1,"layer":"stop"}},{"type":"Feature","geometry":{"type":"Point","coordinates":[-73.904834,40.878856]},"properties":{"name":"231 St","original_ids":"[9, 8, 8, 8, 8, 8, 8, 8, 8, 8, 8, 8, 8, 8, 8, 8]","id":2,"layer":"stop"}},{"type":"Feature","geometry":{"type":"Point","coordinates":[-73.909831,40.874561]},"properties":{"name":"Marble Hill-225 St","original_ids":"[12, 11, 11, 11, 11, 11, 11, 11, 11, 11, 11, 11, 11, 11, 11, 11]","id":3,"layer":"stop"}},{"type":"Feature","geometry":{"type":"Point","coordinates":[-73.915279,40.869444]},"properties":{"name":"215 St","original_ids":"[15, 14, 14, 14, 14, 14, 14, 14, 14, 14, 14, 14, 14, 14, 14, 14]","id":4,"layer":"stop"}},{"type":"Feature","geometry":{"type":"Point","coordinates":[-73.918822,40.864621]},"properties":{"name":"207 St","original_ids":"[18, 17, 17, 17, 17, 17, 17, 17, 17, 17, 17, 17, 17, 17, 17, 17]","id":5,"layer":"stop"}},{"type":"Feature","geometry":{"type":"Point","coordinates":[-73.925536,40.860531]},"properties":{"name":"Dyckman St","original_ids":"[21, 20, 20, 20, 20, 20, 20, 20, 20, 20, 20, 20, 20, 20, 20, 20]","id":6,"layer":"stop"}},{"type":"Feature","geometry":{"type":"Point","coordinates":[-73.929412,40.855225]},"properties":{"name":"191 St","original_ids":"[24, 23, 23, 23, 23, 23, 23, 23, 23, 23, 23, 23, 23, 23, 23, 23]","id":7,"layer":"stop"}},{"type":"Feature","geometry":{"type":"Point","coordinates":[-73.933596,40.849505]},"properties":{"name":"181 St","original_ids":"[27, 26, 26, 26, 26, 26, 26, 549, 548, 548, 26, 26, 26, 26, 549, 548, 548, 548, 26, 26, 26, 26, 26]","id":8,"layer":"stop"}},{"type":"Feature","geometry":{"type":"Point","coordinates":[-73.94489,40.834041]},"properties":{"name":"157 St","original_ids":"[33, 32, 32, 32, 32, 32, 32, 32, 32, 32, 32, 561, 560, 560, 560, 774, 773, 773, 560, 560, 560, 774, 773, 773, 560, 560, 560, 560, 32, 32, 32, 32, 32]","id":9,"layer":"stop"}},{"type":"Feature","geometry":{"type":"Point","coordinates":[-73.95036,40.826551]},"properties":{"name":"145 St","original_ids":"[36, 35, 35, 35, 35, 35, 35, 35, 35, 35, 35, 35, 35, 35, 35, 35]","id":10,"layer":"stop"}},{"type":"Feature","geometry":{"type":"Point","coordinates":[-73.953676,40.822008]},"properties":{"name":"137 St-City College","original_ids":"[39, 38, 38, 38, 38, 38, 38, 38, 38, 38, 38, 38, 38, 38, 38, 38]","id":11,"layer":"stop"}},{"type":"Feature","geometry":{"type":"Point","coordinates":[-73.958372,40.815581]},"properties":{"name":"125 St","original_ids":"[42, 41, 41, 41, 41, 41, 41, 41, 41, 41, 41, 41, 41, 41, 41, 41]","id":12,"layer":"stop"}},{"type":"Feature","geometry":{"type":"Point","coordinates":[-73.96411,40.807722]},"properties":{"name":"116 St-Columbia University","original_ids":"[45, 44, 44, 44, 44, 44, 44, 44, 44, 44, 44, 44, 44, 44, 44, 44]","id":13,"layer":"stop"}},{"type":"Feature","geometry":{"type":"Point","coordinates":[-73.966847,40.803967]},"properties":{"name":"Cathedral Pkwy (110 St)","original_ids":"[48, 47, 47, 47, 47, 47, 47, 47, 47, 47, 47, 47, 47, 47, 47, 47]","id":14,"layer":"stop"}},{"type":"Feature","geometry":{"type":"Point","coordinates":[-73.968379,40.799446]},"properties":{"name":"103 St","original_ids":"[51, 50, 50, 50, 50, 50, 50, 50, 50, 50, 50, 50, 50, 50, 50, 50]","id":15,"layer":"stop"}},{"type":"Feature","geometry":{"type":"Point","coordinates":[-73.972323,40.793919]},"properties":{"name":"96 St","original_ids":"[54, 53, 53, 53, 53, 53, 53, 53, 53, 53, 53, 53, 53, 53, 53, 53]","id":16,"layer":"stop"}},{"type":"Feature","geometry":{"type":"Point","coordinates":[-73.976218,40.788644]},"properties":{"name":"86 St","original_ids":"[57, 56, 56, 56, 56, 56, 56, 56, 56, 56, 56, 56, 56, 56, 56, 56]","id":17,"layer":"stop"}},{"type":"Feature","geometry":{"type":"Point","coordinates":[-73.979917,40.783934]},"properties":{"name":"79 St","original_ids":"[60, 59, 59, 59, 59, 59, 59, 59, 59, 59, 59, 59, 59, 59, 59, 59]","id":18,"layer":"stop"}},{"type":"Feature","geometry":{"type":"Point","coordinates":[-73.98197,40.778453]},"properties":{"name":"72 St","original_ids":"[63, 62, 62, 62, 62, 62, 62, 62, 62, 62, 62, 62, 62, 62, 62, 62]","id":19,"layer":"stop"}},{"type":"Feature","geometry":{"type":"Point","coordinates":[-73.982209,40.77344]},"properties":{"name":"66 St-Lincoln Center","original_ids":"[66, 65, 65, 65, 65, 65, 65, 65, 65, 65, 65, 65, 65, 65, 65, 65]","id":20,"layer":"stop"}},{"type":"Feature","geometry":{"type":"Point","coordinates":[-73.983849,40.761728]},"properties":{"name":"50 St","original_ids":"[72, 71, 597, 596, 71, 597, 596, 71, 597, 596, 71, 71, 597, 596, 71, 597, 596, 71, 597, 596, 71, 71, 71, 597, 596, 596, 71, 71, 71, 71, 71]","id":21,"layer":"stop"}},{"type":"Feature","geometry":{"type":"Point","coordinates":[-73.991057,40.750373]},"properties":{"name":"34 St-Penn Station","original_ids":"[78, 77, 77, 77, 603, 602, 602, 77, 77, 77, 603, 602, 602, 77, 77, 77, 77, 603, 602, 602, 602, 77, 77, 77, 77, 77]","id":22,"layer":"stop"}},{"type":"Feature","geometry":{"type":"Point","coordinates":[-73.993365,40.747215]},"properties":{"name":"28 St","original_ids":"[81, 80, 80, 80, 80, 80, 80, 1350, 1349, 1349, 80, 80, 80, 80, 84, 83, 83, 83, 606, 605, 605, 792, 791, 791, 83, 83, 83, 606, 605, 605, 792, 791, 791, 83, 83, 83, 83, 606, 605, 605, 605, 792, 791, 791, 791, 1350, 1349, 1349, 1349, 80, 80, 80, 80, 80]","id":23,"layer":"stop"}},{"type":"Feature","geometry":{"type":"Point","coordinates":[-73.995657,40.744081]},"properties":{"name":"23 St","original_ids":"[84, 83, 83, 83, 606, 605, 605, 792, 791, 791, 83, 83, 83, 606, 605, 605, 792, 791, 791, 83, 83, 83, 83, 83, 83, 83, 83, 83]","id":24,"layer":"stop"}},{"type":"Feature","geometry":{"type":"Point","coordinates":[-73.997871,40.74104]},"properties":{"name":"18 St","original_ids":"[87, 86, 86, 86, 86, 86, 86, 86, 86, 86, 86, 90, 89, 89, 89, 89, 89, 89, 609, 608, 608, 795, 794, 794, 89, 89, 89, 89, 609, 608, 608, 608, 795, 794, 794, 794, 86, 86, 86, 86, 86]","id":25,"layer":"stop"}},{"type":"Feature","geometry":{"type":"Point","coordinates":[-74.002906,40.733422]},"properties":{"name":"Christopher St-Sheridan Sq","original_ids":"[93, 92, 92, 92, 92, 92, 92, 92, 92, 92, 92, 92, 92, 92, 92, 92]","id":26,"layer":"stop"}},{"type":"Feature","geometry":{"type":"Point","coordinates":[-74.005367,40.728251]},"properties":{"name":"Houston St","original_ids":"[96, 95, 95, 95, 95, 95, 95, 95, 95, 95, 95, 95, 95, 95, 95, 95]","id":27,"layer":"stop"}},{"type":"Feature","geometry":{"type":"Point","coordinates":[-74.006277,40.722854]},"properties":{"name":"Canal St","original_ids":"[99, 98, 98, 98, 618, 617, 617, 98, 98, 98, 618, 617, 617, 98, 98, 98, 98, 618, 617, 617, 617, 98, 98, 98, 98, 98]","id":28,"layer":"stop"}},{"type":"Feature","geometry":{"type":"Point","coordinates":[-74.006886,40.719318]},"properties":{"name":"Franklin St","original_ids":"[102, 101, 101, 101, 101, 101, 101, 101, 101, 101, 101, 101, 101, 101, 101, 101]","id":29,"layer":"stop"}},{"type":"Feature","geometry":{"type":"Point","coordinates":[-74.009266,40.715478]},"properties":{"name":"Chambers St","original_ids":"[105, 104, 621, 620, 104, 621, 620, 104, 621, 620, 104, 104, 621, 620, 104, 621, 620, 104, 621, 620, 104, 104, 104, 621, 620, 620, 104, 104, 104, 104, 104]","id":30,"layer":"stop"}},{"type":"Feature","geometry":{"type":"Point","coordinates":[-74.012188,40.711835]},"properties":{"name":"WTC Cortlandt","original_ids":"[108, 107, 107, 107, 107, 107, 107, 107, 107, 107, 107, 107, 107, 107, 107, 107]","id":31,"layer":"stop"}},{"type":"Feature","geometry":{"type":"Point","coordinates":[-74.013783,40.707513]},"properties":{"name":"Rector St","original_ids":"[111, 110, 1374, 1373, 110, 1374, 1373, 110, 1374, 1373, 110, 1374, 1373, 110, 1374, 1373, 110, 1374, 1373, 110, 1374, 1373, 110, 110, 1374, 1373, 110, 1374, 1373, 110, 1374, 1373, 110, 1374, 1373, 110, 110, 110]","id":32,"layer":"stop"}},{"type":"Feature","geometry":{"type":"Point","coordinates":[-73.85062,40.903125]},"properties":{"name":"Wakefield-241 St","original_ids":"[120, 119, 119, 119, 119, 119, 119, 119, 119, 119, 119, 119, 119, 119, 119, 119]","id":33,"layer":"stop"}},{"type":"Feature","geometry":{"type":"Point","coordinates":[-73.854376,40.898379]},"properties":{"name":"Nereid Av","original_ids":"[123, 122, 122, 122, 122, 122, 122, 122, 122, 122, 122, 122, 122, 122, 122, 122]","id":34,"layer":"stop"}},{"type":"Feature","geometry":{"type":"Point","coordinates":[-73.857473,40.893193]},"properties":{"name":"233 St","original_ids":"[126, 125, 125, 125, 125, 125, 125, 125, 125, 125, 125, 125, 125, 125, 125, 125]","id":35,"layer":"stop"}},{"type":"Feature","geometry":{"type":"Point","coordinates":[-73.860341,40.888022]},"properties":{"name":"225 St","original_ids":"[129, 128, 128, 128, 128, 128, 128, 128, 128, 128, 128, 128, 128, 128, 128, 128]","id":36,"layer":"stop"}},{"type":"Feature","geometry":{"type":"Point","coordinates":[-73.862633,40.883895]},"properties":{"name":"219 St","original_ids":"[132, 131, 131, 131, 131, 131, 131, 131, 131, 131, 131, 131, 131, 131, 131, 131]","id":37,"layer":"stop"}},{"type":"Feature","geometry":{"type":"Point","coordinates":[-73.866256,40.87785]},"properties":{"name":"Gun Hill Rd","original_ids":"[135, 134, 134, 134, 134, 134, 134, 134, 134, 134, 134, 134, 134, 134, 134, 134]","id":38,"layer":"stop"}},{"type":"Feature","geometry":{"type":"Point","coordinates":[-73.867164,40.871356]},"properties":{"name":"Burke Av","original_ids":"[138, 137, 137, 137, 137, 137, 137, 137, 137, 137, 137, 137, 137, 137, 137, 137]","id":39,"layer":"stop"}},{"type":"Feature","geometry":{"type":"Point","coordinates":[-73.867352,40.865462]},"properties":{"name":"Allerton Av","original_ids":"[141, 140, 140, 140, 140, 140, 140, 140, 140, 140, 140, 140, 140, 140, 140, 140]","id":40,"layer":"stop"}},{"type":"Feature","geometry":{"type":"Point","coordinates":[-73.867615,40.857192]},"properties":{"name":"Pelham Pkwy","original_ids":"[144, 143, 143, 143, 143, 143, 143, 143, 143, 143, 143, 143, 143, 143, 143, 143]","id":41,"layer":"stop"}},{"type":"Feature","geometry":{"type":"Point","coordinates":[-73.868457,40.848828]},"properties":{"name":"Bronx Park East","original_ids":"[147, 146, 146, 146, 146, 146, 146, 146, 146, 146, 146, 146, 146, 146, 146, 146]","id":42,"layer":"stop"}},{"type":"Feature","geometry":{"type":"Point","coordinates":[-73.873488,40.841894]},"properties":{"name":"E 180 St","original_ids":"[150, 149, 149, 149, 149, 149, 149, 149, 149, 149, 149, 149, 149, 149, 149, 149]","id":43,"layer":"stop"}},{"type":"Feature","geometry":{"type":"Point","coordinates":[-73.880049,40.840295]},"properties":{"name":"West Farms Sq-E Tremont Av","original_ids":"[153, 152, 152, 152, 152, 152, 152, 152, 152, 152, 152, 152, 152, 152, 152, 152]","id":44,"layer":"stop"}},{"type":"Feature","geometry":{"type":"Point","coordinates":[-73.887734,40.837288]},"properties":{"name":"174 St","original_ids":"[156, 155, 155, 155, 155, 155, 155, 155, 155, 155, 155, 155, 155, 155, 155, 155]","id":45,"layer":"stop"}},{"type":"Feature","geometry":{"type":"Point","coordinates":[-73.891865,40.829993]},"properties":{"name":"Freeman St","original_ids":"[159, 158, 158, 158, 158, 158, 158, 158, 158, 158, 158, 158, 158, 158, 158, 158]","id":46,"layer":"stop"}},{"type":"Feature","geometry":{"type":"Point","coordinates":[-73.893064,40.824073]},"properties":{"name":"Simpson St","original_ids":"[162, 161, 161, 161, 161, 161, 161, 161, 161, 161, 161, 161, 161, 161, 161, 161]","id":47,"layer":"stop"}},{"type":"Feature","geometry":{"type":"Point","coordinates":[-73.896736,40.822181]},"properties":{"name":"Intervale Av","original_ids":"[165, 164, 164, 164, 164, 164, 164, 164, 164, 164, 164, 164, 164, 164, 164, 164]","id":48,"layer":"stop"}},{"type":"Feature","geometry":{"type":"Point","coordinates":[-73.90177,40.819585]},"properties":{"name":"Prospect Av","original_ids":"[168, 167, 167, 167, 167, 167, 167, 167, 167, 167, 167, 167, 167, 167, 167, 167]","id":49,"layer":"stop"}},{"type":"Feature","geometry":{"type":"Point","coordinates":[-73.907807,40.81649]},"properties":{"name":"Jackson Av","original_ids":"[171, 170, 170, 170, 170, 170, 170, 170, 170, 170, 170, 170, 170, 170, 170, 170]","id":50,"layer":"stop"}},{"type":"Feature","geometry":{"type":"Point","coordinates":[-73.917757,40.816109]},"properties":{"name":"3 Av-149 St","original_ids":"[174, 173, 173, 173, 173, 173, 173, 173, 173, 173, 173, 173, 173, 173, 173, 173]","id":51,"layer":"stop"}},{"type":"Feature","geometry":{"type":"Point","coordinates":[-73.94077,40.814229]},"properties":{"name":"135 St","original_ids":"[180, 179, 179, 179, 179, 179, 179, 179, 179, 179, 179, 179, 179, 179, 179, 179]","id":52,"layer":"stop"}},{"type":"Feature","geometry":{"type":"Point","coordinates":[-73.945495,40.807754]},"properties":{"name":"125 St","original_ids":"[183, 182, 182, 182, 182, 182, 182]","id":53,"layer":"stop"}},{"type":"Feature","geometry":{"type":"Point","coordinates":[-73.949625,40.802098]},"properties":{"name":"116 St","original_ids":"[186, 185, 185, 185, 185, 185, 185, 185, 185, 185, 185, 185, 185, 185, 185, 185]","id":54,"layer":"stop"}},{"type":"Feature","geometry":{"type":"Point","coordinates":[-73.951822,40.799075]},"properties":{"name":"Central Park North (110 St)","original_ids":"[189, 188, 188, 188, 188, 188, 188, 188, 188, 188, 188, 188, 188, 188, 188, 188]","id":55,"layer":"stop"}},{"type":"Feature","geometry":{"type":"Point","coordinates":[-74.008811,40.713051]},"properties":{"name":"Park Place","original_ids":"[192, 191, 191, 191, 191, 191, 191, 191, 191, 191, 191, 191, 191, 191, 191, 191, 621, 620, 620, 620, 620, 620, 864, 863, 863, 863, 863, 863, 863, 863, 863, 863, 863, 863, 863, 863, 863, 863, 1371, 1370, 1370, 1370, 1370, 1370, 1370, 1370, 1370, 1370, 1370, 1370, 1370, 1370, 1370, 1370]","id":56,"layer":"stop"}},{"type":"Feature","geometry":{"type":"Point","coordinates":[-74.0091,40.706821]},"properties":{"name":"Wall St","original_ids":"[198, 197, 197, 197, 330, 329, 329, 197, 197, 197, 330, 329, 329, 197, 197, 197, 197, 330, 329, 329, 329, 197, 197, 197, 197, 197]","id":57,"layer":"stop"}},{"type":"Feature","geometry":{"type":"Point","coordinates":[-73.993086,40.697466]},"properties":{"name":"Clark St","original_ids":"[201, 200, 200, 200, 200, 200, 200, 200, 200, 200, 200, 200, 200, 200, 200, 200]","id":58,"layer":"stop"}},{"type":"Feature","geometry":{"type":"Point","coordinates":[-73.985065,40.690545]},"properties":{"name":"Hoyt St","original_ids":"[207, 206, 206, 206, 206, 206, 206, 206, 206, 206, 206, 206, 206, 206, 206, 206]","id":59,"layer":"stop"}},{"type":"Feature","geometry":{"type":"Point","coordinates":[-73.980492,40.688246]},"properties":{"name":"Nevins St","original_ids":"[210, 209, 209, 209, 209, 209, 209, 209, 209, 209, 209, 209, 209, 209, 209, 209]","id":60,"layer":"stop"}},{"type":"Feature","geometry":{"type":"Point","coordinates":[-73.977666,40.684359]},"properties":{"name":"Atlantic Av-Barclays Ctr","original_ids":"[213, 212, 807, 806, 1389, 1388, 212, 807, 806, 1389, 1388, 212, 807, 806, 1389, 1388, 212, 807, 806, 212, 807, 806, 1389, 1388, 212, 807, 806, 1389, 1388, 212, 807, 806, 1389, 1388, 212, 212, 807, 806, 212, 807, 806, 1389, 1388, 1388, 212, 807, 806, 212, 807, 806, 212, 212, 212, 807, 806, 1389, 1388, 1388, 1388, 1388, 1388]","id":61,"layer":"stop"}},{"type":"Feature","geometry":{"type":"Point","coordinates":[-73.975098,40.680829]},"properties":{"name":"Bergen St","original_ids":"[216, 215, 215, 215, 215, 215, 215, 215, 215, 215, 215, 215, 215, 215, 215, 215]","id":62,"layer":"stop"}},{"type":"Feature","geometry":{"type":"Point","coordinates":[-73.971046,40.675235]},"properties":{"name":"Grand Army Plaza","original_ids":"[219, 218, 218, 218, 218, 218, 218, 218, 218, 218, 218, 218, 218, 218, 218, 218]","id":63,"layer":"stop"}},{"type":"Feature","geometry":{"type":"Point","coordinates":[-73.964375,40.671987]},"properties":{"name":"Eastern Pkwy-Brooklyn Museum","original_ids":"[222, 221, 221, 221, 221, 221, 221, 221, 221, 221, 221, 221, 221, 221, 221, 221]","id":64,"layer":"stop"}},{"type":"Feature","geometry":{"type":"Point","coordinates":[-73.958131,40.670682]},"properties":{"name":"Franklin Av-Medgar Evers College","original_ids":"[225, 224, 224, 224, 224, 224, 224, 224, 224, 224, 224, 224, 224, 224, 224, 224, 1434, 1433, 1433, 1433, 1433, 1433, 1433, 1433, 1433, 1433, 1433, 1433, 1433, 1433, 1433, 1433]","id":65,"layer":"stop"}},{"type":"Feature","geometry":{"type":"Point","coordinates":[-73.950683,40.667883]},"properties":{"name":"President St-Medgar Evers College","original_ids":"[228, 227, 227, 227, 227, 227, 227, 227, 227, 227, 227, 227, 227, 227, 227, 227]","id":66,"layer":"stop"}},{"type":"Feature","geometry":{"type":"Point","coordinates":[-73.95085,40.662742]},"properties":{"name":"Sterling St","original_ids":"[231, 230, 230, 230, 230, 230, 230, 230, 230, 230, 230, 230, 230, 230, 230, 230]","id":67,"layer":"stop"}},{"type":"Feature","geometry":{"type":"Point","coordinates":[-73.9502,40.656652]},"properties":{"name":"Winthrop St","original_ids":"[234, 233, 233, 233, 233, 233, 233, 233, 233, 233, 233, 233, 233, 233, 233, 233]","id":68,"layer":"stop"}},{"type":"Feature","geometry":{"type":"Point","coordinates":[-73.949575,40.650843]},"properties":{"name":"Church Av","original_ids":"[237, 236, 236, 236, 236, 236, 236, 236, 236, 236, 236, 236, 236, 236, 236, 236]","id":69,"layer":"stop"}},{"type":"Feature","geometry":{"type":"Point","coordinates":[-73.948959,40.645098]},"properties":{"name":"Beverly Rd","original_ids":"[240, 239, 239, 239, 239, 239, 239, 239, 239, 239, 239, 239, 239, 239, 239, 239]","id":70,"layer":"stop"}},{"type":"Feature","geometry":{"type":"Point","coordinates":[-73.948411,40.639967]},"properties":{"name":"Newkirk Av-Little Haiti","original_ids":"[243, 242, 242, 242, 242, 242, 242, 242, 242, 242, 242, 242, 242, 242, 242, 242]","id":71,"layer":"stop"}},{"type":"Feature","geometry":{"type":"Point","coordinates":[-73.947642,40.632836]},"properties":{"name":"Flatbush Av-Brooklyn College","original_ids":"[246, 245, 245, 245, 245, 245, 245, 245, 245, 245, 245, 245, 245, 245, 245, 245]","id":72,"layer":"stop"}},{"type":"Feature","geometry":{"type":"Point","coordinates":[-73.884079,40.666235]},"properties":{"name":"New Lots Av","original_ids":"[275, 276, 276, 276, 276, 276, 276, 276, 276, 276, 276, 276, 276, 276, 276, 276]","id":73,"layer":"stop"}},{"type":"Feature","geometry":{"type":"Point","coordinates":[-73.889395,40.665449]},"properties":{"name":"Van Siclen Av","original_ids":"[272, 273, 273, 273, 273, 273, 273, 273, 273, 273, 273, 273, 273, 273, 273, 273]","id":74,"layer":"stop"}},{"type":"Feature","geometry":{"type":"Point","coordinates":[-73.894895,40.664635]},"properties":{"name":"Pennsylvania Av","original_ids":"[269, 270, 270, 270, 270, 270, 270, 270, 270, 270, 270, 270, 270, 270, 270, 270]","id":75,"layer":"stop"}},{"type":"Feature","geometry":{"type":"Point","coordinates":[-73.908946,40.662549]},"properties":{"name":"Rockaway Av","original_ids":"[263, 264, 264, 264, 264, 264, 264, 264, 264, 264, 264, 264, 264, 264, 264, 264]","id":76,"layer":"stop"}},{"type":"Feature","geometry":{"type":"Point","coordinates":[-73.916327,40.661453]},"properties":{"name":"Saratoga Av","original_ids":"[260, 261, 261, 261, 261, 261, 261, 261, 261, 261, 261, 261, 261, 261, 261, 261]","id":77,"layer":"stop"}},{"type":"Feature","geometry":{"type":"Point","coordinates":[-73.92261,40.664717]},"properties":{"name":"Sutter Av-Rutland Rd","original_ids":"[257, 258, 258, 258, 258, 258, 258, 258, 258, 258, 258, 258, 258, 258, 258, 258]","id":78,"layer":"stop"}},{"type":"Feature","geometry":{"type":"Point","coordinates":[-73.932942,40.668897]},"properties":{"name":"Crown Hts-Utica Av","original_ids":"[254, 255, 255, 255, 255, 255, 255, 255, 255, 255, 255, 255, 255, 255, 255, 255]","id":79,"layer":"stop"}},{"type":"Feature","geometry":{"type":"Point","coordinates":[-73.942161,40.669399]},"properties":{"name":"Kingston Av","original_ids":"[251, 252, 252, 252, 252, 252, 252, 252, 252, 252, 252, 252, 252, 252, 252, 252]","id":80,"layer":"stop"}},{"type":"Feature","geometry":{"type":"Point","coordinates":[-73.950466,40.669847]},"properties":{"name":"Nostrand Av","original_ids":"[248, 249, 249, 249, 249, 249, 249, 249, 249, 249, 249, 249, 249, 249, 249, 249]","id":81,"layer":"stop"}},{"type":"Feature","geometry":{"type":"Point","coordinates":[-73.93647,40.82388]},"properties":{"name":"Harlem-148 St","original_ids":"[279, 278, 278, 278, 278, 278, 278, 278, 278, 278, 278, 278, 278, 278, 278, 278]","id":82,"layer":"stop"}},{"type":"Feature","geometry":{"type":"Point","coordinates":[-73.936245,40.820421]},"properties":{"name":"145 St","original_ids":"[282, 281, 281, 281, 281, 281, 281]","id":83,"layer":"stop"}},{"type":"Feature","geometry":{"type":"Point","coordinates":[-73.878751,40.886037]},"properties":{"name":"Woodlawn","original_ids":"[285, 284, 284, 284, 284, 284, 284, 284, 284, 284, 284, 284, 284, 284, 284, 284]","id":84,"layer":"stop"}},{"type":"Feature","geometry":{"type":"Point","coordinates":[-73.884655,40.87975]},"properties":{"name":"Mosholu Pkwy","original_ids":"[288, 287, 287, 287, 287, 287, 287, 287, 287, 287, 287, 287, 287, 287, 287, 287]","id":85,"layer":"stop"}},{"type":"Feature","geometry":{"type":"Point","coordinates":[-73.890064,40.873412]},"properties":{"name":"Bedford Park Blvd-Lehman College","original_ids":"[291, 290, 290, 290, 290, 290, 290, 290, 290, 290, 290, 290, 290, 290, 290, 290]","id":86,"layer":"stop"}},{"type":"Feature","geometry":{"type":"Point","coordinates":[-73.897174,40.86776]},"properties":{"name":"Kingsbridge Rd","original_ids":"[294, 293, 293, 293, 293, 293, 293, 750, 749, 749, 293, 293, 293, 293, 750, 749, 749, 749, 293, 293, 293, 293, 293]","id":87,"layer":"stop"}},{"type":"Feature","geometry":{"type":"Point","coordinates":[-73.901034,40.862803]},"properties":{"name":"Fordham Rd","original_ids":"[297, 296, 296, 296, 296, 296, 296, 753, 752, 752, 296, 296, 296, 296, 753, 752, 752, 752, 296, 296, 296, 296, 296]","id":88,"layer":"stop"}},{"type":"Feature","geometry":{"type":"Point","coordinates":[-73.903879,40.858407]},"properties":{"name":"183 St","original_ids":"[300, 299, 299, 299, 299, 299, 299, 299, 299, 299, 299, 299, 299, 299, 299, 299]","id":89,"layer":"stop"}},{"type":"Feature","geometry":{"type":"Point","coordinates":[-73.907684,40.853453]},"properties":{"name":"Burnside Av","original_ids":"[303, 302, 302, 302, 302, 302, 302, 302, 302, 302, 302, 302, 302, 302, 302, 302]","id":90,"layer":"stop"}},{"type":"Feature","geometry":{"type":"Point","coordinates":[-73.911794,40.84848]},"properties":{"name":"176 St","original_ids":"[306, 305, 305, 305, 305, 305, 305, 305, 305, 305, 305, 305, 305, 305, 305, 305]","id":91,"layer":"stop"}},{"type":"Feature","geometry":{"type":"Point","coordinates":[-73.914685,40.844434]},"properties":{"name":"Mt Eden Av","original_ids":"[309, 308, 308, 308, 308, 308, 308, 308, 308, 308, 308, 308, 308, 308, 308, 308]","id":92,"layer":"stop"}},{"type":"Feature","geometry":{"type":"Point","coordinates":[-73.917791,40.840075]},"properties":{"name":"170 St","original_ids":"[312, 311, 311, 311, 311, 311, 311, 765, 764, 764, 311, 311, 311, 311, 765, 764, 764, 764, 311, 311, 311, 311, 311]","id":93,"layer":"stop"}},{"type":"Feature","geometry":{"type":"Point","coordinates":[-73.9214,40.835537]},"properties":{"name":"167 St","original_ids":"[315, 314, 314, 314, 314, 314, 314, 768, 767, 767, 314, 314, 314, 314, 768, 767, 767, 767, 314, 314, 314, 314, 314]","id":94,"layer":"stop"}},{"type":"Feature","geometry":{"type":"Point","coordinates":[-73.927351,40.818375]},"properties":{"name":"149 St-Grand Concourse","original_ids":"[321, 320, 177, 176, 321, 320, 176, 321, 320, 176, 321, 320, 176, 321, 320, 176, 321, 320, 176, 321, 320, 176, 321, 320, 176, 176, 321, 320, 176, 321, 320, 176, 321, 320, 176, 321, 320, 176, 176, 176]","id":95,"layer":"stop"}},{"type":"Feature","geometry":{"type":"Point","coordinates":[-73.929849,40.813224]},"properties":{"name":"138 St-Grand Concourse","original_ids":"[324, 323, 323, 323, 323, 323, 323, 323, 323, 323, 323, 323, 323, 323, 323, 323]","id":96,"layer":"stop"}},{"type":"Feature","geometry":{"type":"Point","coordinates":[-73.937594,40.804138]},"properties":{"name":"125 St","original_ids":"[408, 407, 407, 407, 407, 407, 407]","id":97,"layer":"stop"}},{"type":"Feature","geometry":{"type":"Point","coordinates":[-73.955589,40.779492]},"properties":{"name":"86 St","original_ids":"[423, 422, 422, 422, 1305, 1304, 1304, 1304, 422, 422, 422]","id":98,"layer":"stop"}},{"type":"Feature","geometry":{"type":"Point","coordinates":[-73.976848,40.751776]},"properties":{"name":"Grand Central-42 St","original_ids":"[438, 437, 522, 521, 437, 522, 521, 437, 522, 521, 533, 534, 534, 437, 522, 521, 437, 522, 521, 437, 522, 521, 533, 534, 534, 437, 522, 521, 437, 437, 522, 521, 437, 522, 521, 533, 534, 534, 534, 437, 522, 521, 437, 522, 521, 437, 437, 437, 522, 521, 533, 534, 534, 534, 534, 534, 534]","id":99,"layer":"stop"}},{"type":"Feature","geometry":{"type":"Point","coordinates":[-74.004131,40.713065]},"properties":{"name":"Brooklyn Bridge-City Hall","original_ids":"[465, 464, 464, 464, 464, 464, 464, 464, 464, 464, 464, 464, 464, 464, 464, 464, 1260, 1259, 1259, 1259, 1259, 1259, 1259]","id":100,"layer":"stop"}},{"type":"Feature","geometry":{"type":"Point","coordinates":[-74.011862,40.707557]},"properties":{"name":"Wall St","original_ids":"[330, 329, 329, 329, 329, 329, 329]","id":101,"layer":"stop"}},{"type":"Feature","geometry":{"type":"Point","coordinates":[-74.014065,40.704817]},"properties":{"name":"Bowling Green","original_ids":"[333, 332, 332, 332, 332, 332, 332, 332, 332, 332, 332, 332, 332, 332, 332, 332]","id":102,"layer":"stop"}},{"type":"Feature","geometry":{"type":"Point","coordinates":[-73.990151,40.692404]},"properties":{"name":"Borough Hall","original_ids":"[336, 335, 204, 203, 336, 335, 203, 336, 335, 203, 336, 335, 203, 336, 335, 203, 336, 335, 203, 336, 335, 203, 336, 335, 203, 203, 336, 335, 203, 336, 335, 203, 336, 335, 203, 336, 335, 203, 203, 203, 1380, 1379, 1379, 1379, 1379, 1379, 1379, 1379, 1379, 1379, 1379, 1379, 1379, 1379, 1379, 1379]","id":103,"layer":"stop"}},{"type":"Feature","geometry":{"type":"Point","coordinates":[-73.941617,40.798629]},"properties":{"name":"116 St","original_ids":"[411, 410, 410, 410, 414, 413, 413, 413, 413, 413, 413, 413, 413, 413, 413, 410, 410, 410]","id":104,"layer":"stop"}},{"type":"Feature","geometry":{"type":"Point","coordinates":[-73.94425,40.79502]},"properties":{"name":"110 St","original_ids":"[414, 413, 413, 413, 413, 413, 413, 413, 413, 413, 413, 413, 413, 413, 413, 413]","id":105,"layer":"stop"}},{"type":"Feature","geometry":{"type":"Point","coordinates":[-73.947478,40.7906]},"properties":{"name":"103 St","original_ids":"[417, 416, 416, 416, 416, 416, 416]","id":106,"layer":"stop"}},{"type":"Feature","geometry":{"type":"Point","coordinates":[-73.95107,40.785672]},"properties":{"name":"96 St","original_ids":"[420, 419, 419, 419, 1308, 1307, 1307, 1307, 419, 419, 419]","id":107,"layer":"stop"}},{"type":"Feature","geometry":{"type":"Point","coordinates":[-73.959874,40.77362]},"properties":{"name":"77 St","original_ids":"[426, 425, 425, 425, 425, 425, 425, 425, 425, 425, 425, 425, 425, 425, 425, 425]","id":108,"layer":"stop"}},{"type":"Feature","geometry":{"type":"Point","coordinates":[-73.96387,40.768141]},"properties":{"name":"68 St-Hunter College","original_ids":"[429, 428, 428, 428, 428, 428, 428, 428, 428, 428, 428, 428, 428, 428, 428, 428]","id":109,"layer":"stop"}},{"type":"Feature","geometry":{"type":"Point","coordinates":[-73.982076,40.746081]},"properties":{"name":"33 St","original_ids":"[441, 440, 440, 440, 440, 440, 440, 440, 440, 440, 440, 440, 440, 440, 440, 440]","id":110,"layer":"stop"}},{"type":"Feature","geometry":{"type":"Point","coordinates":[-73.984264,40.74307]},"properties":{"name":"28 St","original_ids":"[444, 443, 443, 443, 447, 446, 446, 446, 1353, 1352, 1352, 1352, 443, 443, 443]","id":111,"layer":"stop"}},{"type":"Feature","geometry":{"type":"Point","coordinates":[-73.986599,40.739864]},"properties":{"name":"23 St","original_ids":"[447, 446, 446, 446, 446, 446, 446]","id":112,"layer":"stop"}},{"type":"Feature","geometry":{"type":"Point","coordinates":[-73.99107,40.730054]},"properties":{"name":"Astor Pl","original_ids":"[453, 452, 452, 452, 452, 452, 452, 452, 452, 452, 452, 452, 452, 452, 452, 452]","id":113,"layer":"stop"}},{"type":"Feature","geometry":{"type":"Point","coordinates":[-73.997141,40.722301]},"properties":{"name":"Spring St","original_ids":"[459, 458, 458, 458, 458, 458, 458, 458, 458, 458, 458, 458, 458, 458, 458, 458]","id":114,"layer":"stop"}},{"type":"Feature","geometry":{"type":"Point","coordinates":[-74.000193,40.718803]},"properties":{"name":"Canal St","original_ids":"[462, 461, 461, 461, 1257, 1256, 1256, 1256, 1365, 1364, 1364, 1364, 1298, 1299, 1299, 1299, 461, 461, 461, 1298, 1299, 1299, 1299, 1299, 1299, 1299, 1257, 1256, 1256, 1256, 1256, 1256, 1256, 1365, 1364, 1364, 1364, 1364, 1364, 1364]","id":115,"layer":"stop"}},{"type":"Feature","geometry":{"type":"Point","coordinates":[-73.830834,40.8883]},"properties":{"name":"Eastchester-Dyre Av","original_ids":"[339, 338, 338, 338, 338, 338, 338, 338, 338, 338, 338, 338, 338, 338, 338, 338]","id":116,"layer":"stop"}},{"type":"Feature","geometry":{"type":"Point","coordinates":[-73.838591,40.878663]},"properties":{"name":"Baychester Av","original_ids":"[342, 341, 341, 341, 341, 341, 341, 341, 341, 341, 341, 341, 341, 341, 341, 341]","id":117,"layer":"stop"}},{"type":"Feature","geometry":{"type":"Point","coordinates":[-73.846384,40.869526]},"properties":{"name":"Gun Hill Rd","original_ids":"[345, 344, 344, 344, 344, 344, 344]","id":118,"layer":"stop"}},{"type":"Feature","geometry":{"type":"Point","coordinates":[-73.855359,40.858985]},"properties":{"name":"Pelham Pkwy","original_ids":"[348, 347, 347, 347, 347, 347, 347]","id":119,"layer":"stop"}},{"type":"Feature","geometry":{"type":"Point","coordinates":[-73.860495,40.854364]},"properties":{"name":"Morris Park","original_ids":"[351, 350, 350, 350, 350, 350, 350, 350, 350, 350, 350, 350, 350, 350, 350, 350]","id":120,"layer":"stop"}},{"type":"Feature","geometry":{"type":"Point","coordinates":[-73.828121,40.852462]},"properties":{"name":"Pelham Bay Park","original_ids":"[354, 353, 353, 353, 353, 353, 353, 353, 353, 353, 353, 353, 353, 353, 353, 353]","id":121,"layer":"stop"}},{"type":"Feature","geometry":{"type":"Point","coordinates":[-73.832569,40.84681]},"properties":{"name":"Buhre Av","original_ids":"[357, 356, 356, 356, 356, 356, 356, 356, 356, 356, 356, 356, 356, 356, 356, 356]","id":122,"layer":"stop"}},{"type":"Feature","geometry":{"type":"Point","coordinates":[-73.836322,40.843863]},"properties":{"name":"Middletown Rd","original_ids":"[360, 359, 359, 359, 359, 359, 359, 359, 359, 359, 359, 359, 359, 359, 359, 359]","id":123,"layer":"stop"}},{"type":"Feature","geometry":{"type":"Point","coordinates":[-73.842952,40.839892]},"properties":{"name":"Westchester Sq-E Tremont Av","original_ids":"[363, 362, 362, 362, 362, 362, 362, 362, 362, 362, 362, 362, 362, 362, 362, 362]","id":124,"layer":"stop"}},{"type":"Feature","geometry":{"type":"Point","coordinates":[-73.847036,40.836488]},"properties":{"name":"Zerega Av","original_ids":"[366, 365, 365, 365, 365, 365, 365, 365, 365, 365, 365, 365, 365, 365, 365, 365]","id":125,"layer":"stop"}},{"type":"Feature","geometry":{"type":"Point","coordinates":[-73.851222,40.834255]},"properties":{"name":"Castle Hill Av","original_ids":"[369, 368, 368, 368, 368, 368, 368, 368, 368, 368, 368, 368, 368, 368, 368, 368]","id":126,"layer":"stop"}},{"type":"Feature","geometry":{"type":"Point","coordinates":[-73.860816,40.833226]},"properties":{"name":"Parkchester","original_ids":"[372, 371, 371, 371, 371, 371, 371, 371, 371, 371, 371, 371, 371, 371, 371, 371]","id":127,"layer":"stop"}},{"type":"Feature","geometry":{"type":"Point","coordinates":[-73.867618,40.831509]},"properties":{"name":"St Lawrence Av","original_ids":"[375, 374, 374, 374, 374, 374, 374, 374, 374, 374, 374, 374, 374, 374, 374, 374]","id":128,"layer":"stop"}},{"type":"Feature","geometry":{"type":"Point","coordinates":[-73.874516,40.829521]},"properties":{"name":"Morrison Av-Soundview","original_ids":"[378, 377, 377, 377, 377, 377, 377, 377, 377, 377, 377, 377, 377, 377, 377, 377]","id":129,"layer":"stop"}},{"type":"Feature","geometry":{"type":"Point","coordinates":[-73.879159,40.828584]},"properties":{"name":"Elder Av","original_ids":"[381, 380, 380, 380, 380, 380, 380, 380, 380, 380, 380, 380, 380, 380, 380, 380]","id":130,"layer":"stop"}},{"type":"Feature","geometry":{"type":"Point","coordinates":[-73.886283,40.826525]},"properties":{"name":"Whitlock Av","original_ids":"[384, 383, 383, 383, 383, 383, 383, 383, 383, 383, 383, 383, 383, 383, 383, 383]","id":131,"layer":"stop"}},{"type":"Feature","geometry":{"type":"Point","coordinates":[-73.890549,40.820948]},"properties":{"name":"Hunts Point Av","original_ids":"[387, 386, 386, 386, 386, 386, 386, 386, 386, 386, 386, 386, 386, 386, 386, 386]","id":132,"layer":"stop"}},{"type":"Feature","geometry":{"type":"Point","coordinates":[-73.896435,40.816104]},"properties":{"name":"Longwood Av","original_ids":"[390, 389, 389, 389, 389, 389, 389, 389, 389, 389, 389, 389, 389, 389, 389, 389]","id":133,"layer":"stop"}},{"type":"Feature","geometry":{"type":"Point","coordinates":[-73.904098,40.812118]},"properties":{"name":"E 149 St","original_ids":"[393, 392, 392, 392, 392, 392, 392, 392, 392, 392, 392, 392, 392, 392, 392, 392]","id":134,"layer":"stop"}},{"type":"Feature","geometry":{"type":"Point","coordinates":[-73.907657,40.808719]},"properties":{"name":"E 143 St-St Mary's St","original_ids":"[396, 395, 395, 395, 395, 395, 395, 395, 395, 395, 395, 395, 395, 395, 395, 395]","id":135,"layer":"stop"}},{"type":"Feature","geometry":{"type":"Point","coordinates":[-73.914042,40.805368]},"properties":{"name":"Cypress Av","original_ids":"[399, 398, 398, 398, 398, 398, 398, 398, 398, 398, 398, 398, 398, 398, 398, 398]","id":136,"layer":"stop"}},{"type":"Feature","geometry":{"type":"Point","coordinates":[-73.91924,40.807566]},"properties":{"name":"Brook Av","original_ids":"[402, 401, 401, 401, 401, 401, 401, 401, 401, 401, 401, 401, 401, 401, 401, 401]","id":137,"layer":"stop"}},{"type":"Feature","geometry":{"type":"Point","coordinates":[-73.926138,40.810476]},"properties":{"name":"3 Av-138 St","original_ids":"[405, 404, 404, 404, 404, 404, 404, 404, 404, 404, 404, 404, 404, 404, 404, 404]","id":138,"layer":"stop"}},{"type":"Feature","geometry":{"type":"Point","coordinates":[-73.83003,40.7596]},"properties":{"name":"Flushing-Main St","original_ids":"[468, 467, 467, 467, 467, 467, 467, 467, 467, 467, 467, 467, 467, 467, 467, 467]","id":139,"layer":"stop"}},{"type":"Feature","geometry":{"type":"Point","coordinates":[-73.845625,40.754622]},"properties":{"name":"Mets-Willets Point","original_ids":"[471, 470, 470, 470, 470, 470, 470, 470, 470, 470, 470, 470, 470, 470, 470, 470]","id":140,"layer":"stop"}},{"type":"Feature","geometry":{"type":"Point","coordinates":[-73.855334,40.75173]},"properties":{"name":"111 St","original_ids":"[474, 473, 473, 473, 473, 473, 473, 473, 473, 473, 473, 473, 473, 473, 473, 473]","id":141,"layer":"stop"}},{"type":"Feature","geometry":{"type":"Point","coordinates":[-73.8627,40.749865]},"properties":{"name":"103 St-Corona Plaza","original_ids":"[477, 476, 476, 476, 476, 476, 476, 476, 476, 476, 476, 476, 476, 476, 476, 476]","id":142,"layer":"stop"}},{"type":"Feature","geometry":{"type":"Point","coordinates":[-73.869527,40.749145]},"properties":{"name":"Junction Blvd","original_ids":"[480, 479, 479, 479, 479, 479, 479, 479, 479, 479, 479, 479, 479, 479, 479, 479]","id":143,"layer":"stop"}},{"type":"Feature","geometry":{"type":"Point","coordinates":[-73.876613,40.748408]},"properties":{"name":"90 St-Elmhurst Av","original_ids":"[483, 482, 482, 482, 482, 482, 482, 482, 482, 482, 482, 482, 482, 482, 482, 482]","id":144,"layer":"stop"}},{"type":"Feature","geometry":{"type":"Point","coordinates":[-73.883697,40.747659]},"properties":{"name":"82 St-Jackson Hts","original_ids":"[486, 485, 485, 485, 485, 485, 485, 485, 485, 485, 485, 485, 485, 485, 485, 485]","id":145,"layer":"stop"}},{"type":"Feature","geometry":{"type":"Point","coordinates":[-73.896403,40.746325]},"properties":{"name":"69 St","original_ids":"[492, 491, 491, 491, 491, 491, 491, 491, 491, 491, 491, 993, 992, 992, 992, 992, 992, 992, 992, 992, 992, 992, 491, 491, 491, 491, 491]","id":146,"layer":"stop"}},{"type":"Feature","geometry":{"type":"Point","coordinates":[-73.902984,40.74563]},"properties":{"name":"61 St-Woodside","original_ids":"[495, 494, 494, 494, 494, 494, 494, 494, 494, 494, 494, 494, 494, 494, 494, 494]","id":147,"layer":"stop"}},{"type":"Feature","geometry":{"type":"Point","coordinates":[-73.912549,40.744149]},"properties":{"name":"52 St","original_ids":"[498, 497, 497, 497, 497, 497, 497, 497, 497, 497, 497, 497, 497, 497, 497, 497]","id":148,"layer":"stop"}},{"type":"Feature","geometry":{"type":"Point","coordinates":[-73.918435,40.743132]},"properties":{"name":"46 St-Bliss St","original_ids":"[501, 500, 500, 500, 500, 500, 500, 500, 500, 500, 500, 500, 500, 500, 500, 500]","id":149,"layer":"stop"}},{"type":"Feature","geometry":{"type":"Point","coordinates":[-73.924016,40.743781]},"properties":{"name":"40 St-Lowery St","original_ids":"[504, 503, 503, 503, 503, 503, 503, 503, 503, 503, 503, 503, 503, 503, 503, 503]","id":150,"layer":"stop"}},{"type":"Feature","geometry":{"type":"Point","coordinates":[-73.930997,40.744587]},"properties":{"name":"33 St-Rawson St","original_ids":"[507, 506, 506, 506, 506, 506, 506, 506, 506, 506, 506, 506, 506, 506, 506, 506]","id":151,"layer":"stop"}},{"type":"Feature","geometry":{"type":"Point","coordinates":[-73.940202,40.750582]},"properties":{"name":"Queensboro Plaza","original_ids":"[510, 509, 1329, 1328, 509, 1329, 1328, 509, 1329, 1328, 509, 1329, 1328, 509, 1329, 1328, 509, 1329, 1328, 509, 1329, 1328, 509, 1329, 1328, 509, 1329, 1328, 509, 1329, 1328, 1008, 1007, 1007, 1007, 1007, 1007, 1007, 1007, 1007, 1007, 1007, 509, 1329, 1328, 509, 1329, 1328, 509, 1329, 1328, 509, 1329, 1328, 509, 1329, 1328]","id":152,"layer":"stop"}},{"type":"Feature","geometry":{"type":"Point","coordinates":[-73.945264,40.747023]},"properties":{"name":"Court Sq","original_ids":"[513, 512, 1011, 1010, 512, 1011, 1010, 512, 1011, 1010, 512, 512, 1011, 1010, 512, 1011, 1010, 512, 1011, 1010, 512, 512, 512, 1011, 1010, 1010, 512, 512, 512, 512, 512, 1011, 1010, 1010, 1010, 1010, 1010, 888, 887, 887, 887, 887, 887, 887, 887, 887, 887, 887, 887, 887, 887, 887, 887]","id":153,"layer":"stop"}},{"type":"Feature","geometry":{"type":"Point","coordinates":[-73.948916,40.742216]},"properties":{"name":"Hunters Point Av","original_ids":"[516, 515, 515, 515, 515, 515, 515, 515, 515, 515, 515, 515, 515, 515, 515, 515]","id":154,"layer":"stop"}},{"type":"Feature","geometry":{"type":"Point","coordinates":[-73.953581,40.742626]},"properties":{"name":"Vernon Blvd-Jackson Av","original_ids":"[519, 518, 518, 518, 518, 518, 518, 518, 518, 518, 518, 518, 518, 518, 518, 518]","id":155,"layer":"stop"}},{"type":"Feature","geometry":{"type":"Point","coordinates":[-74.00191,40.755882]},"properties":{"name":"34 St-Hudson Yards","original_ids":"[531, 530, 530, 530, 530, 530, 530, 530, 530, 530, 530, 530, 530, 530, 530, 530]","id":156,"layer":"stop"}},{"type":"Feature","geometry":{"type":"Point","coordinates":[-73.919899,40.868072]},"properties":{"name":"Inwood-207 St","original_ids":"[540, 539, 539, 539, 539, 539, 539, 539, 539, 539, 539, 539, 539, 539, 539, 539]","id":157,"layer":"stop"}},{"type":"Feature","geometry":{"type":"Point","coordinates":[-73.927271,40.865491]},"properties":{"name":"Dyckman St","original_ids":"[543, 542, 542, 542, 542, 542, 542]","id":158,"layer":"stop"}},{"type":"Feature","geometry":{"type":"Point","coordinates":[-73.93418,40.859022]},"properties":{"name":"190 St","original_ids":"[546, 545, 545, 545, 545, 545, 545, 545, 545, 545, 545, 545, 545, 545, 545, 545]","id":159,"layer":"stop"}},{"type":"Feature","geometry":{"type":"Point","coordinates":[-73.937969,40.851695]},"properties":{"name":"181 St","original_ids":"[549, 548, 548, 548, 548, 548, 548]","id":160,"layer":"stop"}},{"type":"Feature","geometry":{"type":"Point","coordinates":[-73.939704,40.847391]},"properties":{"name":"175 St","original_ids":"[552, 551, 551, 551, 551, 551, 551, 551, 551, 551, 551, 551, 551, 551, 551, 551]","id":161,"layer":"stop"}},{"type":"Feature","geometry":{"type":"Point","coordinates":[-73.939561,40.840719]},"properties":{"name":"168 St","original_ids":"[555, 554, 554, 554, 554, 554, 554, 554, 554, 554, 554, 554, 554, 30, 29, 29, 29, 29, 29, 29, 29, 29, 29, 29, 29, 29, 554, 554, 554, 30, 29, 29, 29, 29, 29, 29, 29, 29, 29, 29, 29, 29, 29, 29, 29]","id":162,"layer":"stop"}},{"type":"Feature","geometry":{"type":"Point","coordinates":[-73.939892,40.836013]},"properties":{"name":"163 St-Amsterdam Av","original_ids":"[558, 557, 557, 557, 557, 557, 557, 557, 557, 557, 557, 557, 557, 557, 557, 557]","id":163,"layer":"stop"}},{"type":"Feature","geometry":{"type":"Point","coordinates":[-73.941514,40.830518]},"properties":{"name":"155 St","original_ids":"[561, 560, 560, 560, 774, 773, 773, 560, 560, 560, 774, 773, 773, 560, 560, 560, 560, 560, 560, 560, 560, 560]","id":164,"layer":"stop"}},{"type":"Feature","geometry":{"type":"Point","coordinates":[-73.944216,40.824783]},"properties":{"name":"145 St","original_ids":"[564, 563, 777, 776, 563, 777, 776, 563, 777, 776, 563, 777, 776, 563, 777, 776, 563, 777, 776]","id":165,"layer":"stop"}},{"type":"Feature","geometry":{"type":"Point","coordinates":[-73.947649,40.817894]},"properties":{"name":"135 St","original_ids":"[567, 566, 566, 566, 566, 566, 566]","id":166,"layer":"stop"}},{"type":"Feature","geometry":{"type":"Point","coordinates":[-73.952343,40.811109]},"properties":{"name":"125 St","original_ids":"[570, 569, 569, 569, 569, 569, 569]","id":167,"layer":"stop"}},{"type":"Feature","geometry":{"type":"Point","coordinates":[-73.954882,40.805085]},"properties":{"name":"116 St","original_ids":"[573, 572, 572, 572, 572, 572, 572]","id":168,"layer":"stop"}},{"type":"Feature","geometry":{"type":"Point","coordinates":[-73.958161,40.800603]},"properties":{"name":"Cathedral Pkwy (110 St)","original_ids":"[576, 575, 575, 575, 575, 575, 575]","id":169,"layer":"stop"}},{"type":"Feature","geometry":{"type":"Point","coordinates":[-73.961454,40.796092]},"properties":{"name":"103 St","original_ids":"[579, 578, 578, 578, 578, 578, 578]","id":170,"layer":"stop"}},{"type":"Feature","geometry":{"type":"Point","coordinates":[-73.964696,40.791642]},"properties":{"name":"96 St","original_ids":"[582, 581, 581, 581, 581, 581, 581]","id":171,"layer":"stop"}},{"type":"Feature","geometry":{"type":"Point","coordinates":[-73.968916,40.785868]},"properties":{"name":"86 St","original_ids":"[585, 584, 584, 584, 584, 584, 584]","id":172,"layer":"stop"}},{"type":"Feature","geometry":{"type":"Point","coordinates":[-73.972143,40.781433]},"properties":{"name":"81 St-Museum of Natural History","original_ids":"[588, 587, 587, 587, 587, 587, 587, 587, 587, 587, 587, 587, 587, 587, 587, 587]","id":173,"layer":"stop"}},{"type":"Feature","geometry":{"type":"Point","coordinates":[-73.97641,40.775594]},"properties":{"name":"72 St","original_ids":"[591, 590, 590, 590, 590, 590, 590]","id":174,"layer":"stop"}},{"type":"Feature","geometry":{"type":"Point","coordinates":[-73.981736,40.768296]},"properties":{"name":"59 St-Columbus Circle","original_ids":"[594, 593, 69, 68, 594, 593, 68, 594, 593, 68, 594, 593, 68, 594, 593, 68, 594, 593, 68, 594, 593, 68, 594, 593, 68, 594, 593, 68, 594, 593, 68, 594, 593, 68, 594, 593, 68, 594, 593, 68, 68, 594, 593, 68]","id":175,"layer":"stop"}},{"type":"Feature","geometry":{"type":"Point","coordinates":[-73.985984,40.762456]},"properties":{"name":"50 St","original_ids":"[597, 596, 596, 596, 596, 596]","id":176,"layer":"stop"}},{"type":"Feature","geometry":{"type":"Point","coordinates":[-73.993391,40.752287]},"properties":{"name":"34 St-Penn Station","original_ids":"[603, 602, 602, 602, 602, 602, 602]","id":177,"layer":"stop"}},{"type":"Feature","geometry":{"type":"Point","coordinates":[-73.998041,40.745906]},"properties":{"name":"23 St","original_ids":"[606, 605, 605, 605, 605, 605, 605]","id":178,"layer":"stop"}},{"type":"Feature","geometry":{"type":"Point","coordinates":[-74.000495,40.732338]},"properties":{"name":"W 4 St-Wash Sq","original_ids":"[612, 611, 798, 797, 611, 798, 797, 611, 798, 797, 611, 798, 797, 611, 798, 797, 611, 798, 797, 611, 798, 797, 611, 798, 797, 611, 798, 797, 611, 798, 797, 611, 798, 797, 611, 798, 797, 611, 798, 797, 611, 798, 797, 611, 798, 797]","id":179,"layer":"stop"}},{"type":"Feature","geometry":{"type":"Point","coordinates":[-74.003739,40.726227]},"properties":{"name":"Spring St","original_ids":"[615, 614, 614, 614, 614, 614, 614]","id":180,"layer":"stop"}},{"type":"Feature","geometry":{"type":"Point","coordinates":[-74.005229,40.720824]},"properties":{"name":"Canal St","original_ids":"[618, 617, 617, 617, 617, 617, 617]","id":181,"layer":"stop"}},{"type":"Feature","geometry":{"type":"Point","coordinates":[-74.007691,40.710197]},"properties":{"name":"Fulton St","original_ids":"[624, 623, 623, 623, 623, 623, 1263, 1262, 1262, 1262, 1262, 1262, 327, 326, 326, 326, 326, 326, 326, 195, 194, 624, 623, 1263, 1262, 194, 624, 623, 1263, 1262, 194, 327, 326, 326, 624, 623, 1263, 1262, 194, 194, 624, 623, 1263, 1262, 194, 327, 326, 326, 624, 623, 1263, 1262, 194, 624, 623, 1263, 1262, 194, 194, 194, 327, 326, 326, 326, 624, 623, 623, 1263, 1262, 1262, 194, 194, 194, 194, 194]","id":182,"layer":"stop"}},{"type":"Feature","geometry":{"type":"Point","coordinates":[-73.990531,40.699337]},"properties":{"name":"High St","original_ids":"[627, 626, 626, 626, 626, 626, 626, 626, 626, 626, 626, 626, 626, 626, 626, 626]","id":183,"layer":"stop"}},{"type":"Feature","geometry":{"type":"Point","coordinates":[-73.987342,40.692338]},"properties":{"name":"Jay St-MetroTech","original_ids":"[630, 629, 1383, 1382, 629, 1383, 1382, 629, 1383, 1382, 629, 629, 1383, 1382, 629, 1383, 1382, 629, 1383, 1382, 629, 629, 629, 1383, 1382, 1382, 629, 629, 629, 629, 629, 1383, 1382, 1382, 1382, 1382, 1382]","id":184,"layer":"stop"}},{"type":"Feature","geometry":{"type":"Point","coordinates":[-73.985001,40.688484]},"properties":{"name":"Hoyt-Schermerhorn Sts","original_ids":"[633, 632, 632, 632, 632, 632, 632, 632, 632, 632, 632, 632, 632, 632, 632, 632]","id":185,"layer":"stop"}},{"type":"Feature","geometry":{"type":"Point","coordinates":[-73.973946,40.686113]},"properties":{"name":"Lafayette Av","original_ids":"[636, 635, 635, 635, 635, 635, 635, 635, 635, 635, 635, 635, 635, 635, 635, 635]","id":186,"layer":"stop"}},{"type":"Feature","geometry":{"type":"Point","coordinates":[-73.965838,40.683263]},"properties":{"name":"Clinton-Washington Avs","original_ids":"[639, 638, 638, 638, 638, 638, 638, 638, 638, 638, 638, 638, 638, 638, 638, 638]","id":187,"layer":"stop"}},{"type":"Feature","geometry":{"type":"Point","coordinates":[-73.956848,40.68138]},"properties":{"name":"Franklin Av","original_ids":"[642, 641, 1428, 1427, 641, 1428, 1427, 641, 1428, 1427, 641, 641, 1428, 1427, 641, 1428, 1427, 641, 1428, 1427, 641, 641, 641, 1428, 1427, 1427, 641, 641, 641, 641, 641, 1428, 1427, 1427, 1427, 1427, 1427]","id":188,"layer":"stop"}},{"type":"Feature","geometry":{"type":"Point","coordinates":[-73.950426,40.680438]},"properties":{"name":"Nostrand Av","original_ids":"[645, 644, 644, 644, 644, 644, 644]","id":189,"layer":"stop"}},{"type":"Feature","geometry":{"type":"Point","coordinates":[-73.940858,40.679921]},"properties":{"name":"Kingston-Throop Avs","original_ids":"[648, 647, 647, 647, 647, 647, 647, 647, 647, 647, 647, 647, 647, 647, 647, 647]","id":190,"layer":"stop"}},{"type":"Feature","geometry":{"type":"Point","coordinates":[-73.930729,40.679364]},"properties":{"name":"Utica Av","original_ids":"[651, 650, 650, 650, 650, 650, 650, 650, 650, 650, 650, 650, 650, 650, 650, 650]","id":191,"layer":"stop"}},{"type":"Feature","geometry":{"type":"Point","coordinates":[-73.920786,40.678822]},"properties":{"name":"Ralph Av","original_ids":"[654, 653, 653, 653, 653, 653, 653, 653, 653, 653, 653, 653, 653, 653, 653, 653]","id":192,"layer":"stop"}},{"type":"Feature","geometry":{"type":"Point","coordinates":[-73.911946,40.67834]},"properties":{"name":"Rockaway Av","original_ids":"[657, 656, 656, 656, 656, 656, 656]","id":193,"layer":"stop"}},{"type":"Feature","geometry":{"type":"Point","coordinates":[-73.905316,40.678334]},"properties":{"name":"Broadway Junction","original_ids":"[660, 659, 1128, 1127, 1193, 1194, 659, 1128, 1127, 1193, 1194, 659, 1128, 1127, 1193, 1194, 659, 659, 1128, 1127, 1193, 1194, 659, 1128, 1127, 1193, 1194, 659, 1128, 1127, 1193, 1194, 659, 659, 659, 1128, 1127, 1127, 1193, 1194, 1194, 659, 659, 659, 659, 659, 1128, 1127, 1127, 1127, 1127, 1127, 1193, 1194, 1194, 1194, 1194, 1194]","id":194,"layer":"stop"}},{"type":"Feature","geometry":{"type":"Point","coordinates":[-73.896548,40.674542]},"properties":{"name":"Liberty Av","original_ids":"[663, 662, 662, 662, 662, 662, 662, 662, 662, 662, 662, 662, 662, 662, 662, 662]","id":195,"layer":"stop"}},{"type":"Feature","geometry":{"type":"Point","coordinates":[-73.890358,40.67271]},"properties":{"name":"Van Siclen Av","original_ids":"[666, 665, 665, 665, 665, 665, 665]","id":196,"layer":"stop"}},{"type":"Feature","geometry":{"type":"Point","coordinates":[-73.88075,40.67413]},"properties":{"name":"Shepherd Av","original_ids":"[669, 668, 668, 668, 668, 668, 668, 668, 668, 668, 668, 668, 668, 668, 668, 668]","id":197,"layer":"stop"}},{"type":"Feature","geometry":{"type":"Point","coordinates":[-73.872106,40.675377]},"properties":{"name":"Euclid Av","original_ids":"[672, 671, 671, 671, 671, 671, 671, 671, 671, 671, 671, 671, 671, 671, 671, 671]","id":198,"layer":"stop"}},{"type":"Feature","geometry":{"type":"Point","coordinates":[-73.86505,40.677044]},"properties":{"name":"Grant Av","original_ids":"[675, 674, 674, 674, 674, 674, 674, 674, 674, 674, 674, 674, 674, 674, 674, 674]","id":199,"layer":"stop"}},{"type":"Feature","geometry":{"type":"Point","coordinates":[-73.858992,40.679371]},"properties":{"name":"80 St","original_ids":"[678, 677, 677, 677, 677, 677, 677, 677, 677, 677, 677, 677, 677, 677, 677, 677]","id":200,"layer":"stop"}},{"type":"Feature","geometry":{"type":"Point","coordinates":[-73.85147,40.679843]},"properties":{"name":"88 St","original_ids":"[681, 680, 680, 680, 680, 680, 680, 680, 680, 680, 680, 680, 680, 680, 680, 680]","id":201,"layer":"stop"}},{"type":"Feature","geometry":{"type":"Point","coordinates":[-73.843853,40.680429]},"properties":{"name":"Rockaway Blvd","original_ids":"[684, 683, 683, 683, 683, 683, 683, 683, 683, 683, 683, 683, 683, 683, 683, 683]","id":202,"layer":"stop"}},{"type":"Feature","geometry":{"type":"Point","coordinates":[-73.834058,40.668234]},"properties":{"name":"Aqueduct-N Conduit Av","original_ids":"[1050, 1049, 1046, 1049, 1049, 1049, 1049, 1049, 1049, 1049, 1049, 1046, 1049, 1049, 1049, 1049, 1049, 1049]","id":203,"layer":"stop"}},{"type":"Feature","geometry":{"type":"Point","coordinates":[-73.830301,40.660476]},"properties":{"name":"Howard Beach-JFK Airport","original_ids":"[1053, 1052, 1052, 1052, 1052, 1052, 1052, 1052, 1052, 1052, 1052, 1052, 1052, 1052, 1052, 1052]","id":204,"layer":"stop"}},{"type":"Feature","geometry":{"type":"Point","coordinates":[-73.815925,40.608382]},"properties":{"name":"Broad Channel","original_ids":"[1056, 1055, 1055, 1055, 1055, 1055, 1055, 1055, 1055, 1055, 1055, 1055, 1055, 1055, 1055, 1055]","id":205,"layer":"stop"}},{"type":"Feature","geometry":{"type":"Point","coordinates":[-73.796924,40.590927]},"properties":{"name":"Beach 67 St","original_ids":"[1059, 1058, 1058, 1058, 1058, 1058, 1058, 1058, 1058, 1058, 1058, 1058, 1058, 1058, 1058, 1058]","id":206,"layer":"stop"}},{"type":"Feature","geometry":{"type":"Point","coordinates":[-73.788522,40.592374]},"properties":{"name":"Beach 60 St","original_ids":"[1062, 1061, 1061, 1061, 1061, 1061, 1061, 1061, 1061, 1061, 1061, 1061, 1061, 1061, 1061, 1061]","id":207,"layer":"stop"}},{"type":"Feature","geometry":{"type":"Point","coordinates":[-73.776013,40.592943]},"properties":{"name":"Beach 44 St","original_ids":"[1065, 1064, 1064, 1064, 1064, 1064, 1064, 1064, 1064, 1064, 1064, 1064, 1064, 1064, 1064, 1064]","id":208,"layer":"stop"}},{"type":"Feature","geometry":{"type":"Point","coordinates":[-73.768175,40.595398]},"properties":{"name":"Beach 36 St","original_ids":"[1068, 1067, 1067, 1067, 1067, 1067, 1067, 1067, 1067, 1067, 1067, 1067, 1067, 1067, 1067, 1067]","id":209,"layer":"stop"}},{"type":"Feature","geometry":{"type":"Point","coordinates":[-73.761353,40.600066]},"properties":{"name":"Beach 25 St","original_ids":"[1071, 1070, 1070, 1070, 1070, 1070, 1070, 1070, 1070, 1070, 1070, 1070, 1070, 1070, 1070, 1070]","id":210,"layer":"stop"}},{"type":"Feature","geometry":{"type":"Point","coordinates":[-73.755405,40.603995]},"properties":{"name":"Far Rockaway-Mott Av","original_ids":"[1074, 1073, 1073, 1073, 1073, 1073, 1073, 1073, 1073, 1073, 1073, 1073, 1073, 1073, 1073, 1073]","id":211,"layer":"stop"}},{"type":"Feature","geometry":{"type":"Point","coordinates":[-73.825798,40.685951]},"properties":{"name":"Ozone Park-Lefferts Blvd","original_ids":"[692, 693, 693, 693, 693, 693, 693, 693, 693, 693, 693, 693, 693, 693, 693, 693]","id":212,"layer":"stop"}},{"type":"Feature","geometry":{"type":"Point","coordinates":[-73.832163,40.684331]},"properties":{"name":"111 St","original_ids":"[689, 690, 690, 690, 690, 690, 690]","id":213,"layer":"stop"}},{"type":"Feature","geometry":{"type":"Point","coordinates":[-73.837683,40.681711]},"properties":{"name":"104 St","original_ids":"[686, 687, 687, 687, 687, 687, 687, 687, 687, 687, 687, 687, 687, 687, 687, 687]","id":214,"layer":"stop"}},{"type":"Feature","geometry":{"type":"Point","coordinates":[-73.834058,40.668234]},"properties":{"name":"Aqueduct Racetrack","original_ids":"[1046]","id":215,"layer":"stop"}},{"type":"Feature","geometry":{"type":"Point","coordinates":[-73.835592,40.580903]},"properties":{"name":"Rockaway Park-Beach 116 St","original_ids":"[1085, 1086, 1086, 1086, 1086, 1086, 1086, 1086, 1086, 1086, 1086, 1086, 1086, 1086, 1086, 1086]","id":216,"layer":"stop"}},{"type":"Feature","geometry":{"type":"Point","coordinates":[-73.827559,40.583209]},"properties":{"name":"Beach 105 St","original_ids":"[1082, 1083, 1083, 1083, 1083, 1083, 1083, 1083, 1083, 1083, 1083, 1083, 1083, 1083, 1083, 1083]","id":217,"layer":"stop"}},{"type":"Feature","geometry":{"type":"Point","coordinates":[-73.820558,40.585307]},"properties":{"name":"Beach 98 St","original_ids":"[1079, 1080, 1080, 1080, 1080, 1080, 1080, 1080, 1080, 1080, 1080, 1080, 1080, 1080, 1080, 1080]","id":218,"layer":"stop"}},{"type":"Feature","geometry":{"type":"Point","coordinates":[-73.813641,40.588034]},"properties":{"name":"Beach 90 St","original_ids":"[1076, 1077, 1077, 1077, 1077, 1077, 1077, 1077, 1077, 1077, 1077, 1077, 1077, 1077, 1077, 1077]","id":219,"layer":"stop"}},{"type":"Feature","geometry":{"type":"Point","coordinates":[-73.887138,40.873244]},"properties":{"name":"Bedford Park Blvd","original_ids":"[747, 746, 746, 746, 746, 746, 746, 746, 746, 746, 746, 746, 746, 746, 746, 746]","id":220,"layer":"stop"}},{"type":"Feature","geometry":{"type":"Point","coordinates":[-73.893509,40.866978]},"properties":{"name":"Kingsbridge Rd","original_ids":"[750, 749, 749, 749, 749, 749, 749]","id":221,"layer":"stop"}},{"type":"Feature","geometry":{"type":"Point","coordinates":[-73.897749,40.861296]},"properties":{"name":"Fordham Rd","original_ids":"[753, 752, 752, 752, 752, 752, 752]","id":222,"layer":"stop"}},{"type":"Feature","geometry":{"type":"Point","coordinates":[-73.900741,40.856093]},"properties":{"name":"182-183 Sts","original_ids":"[756, 755, 755, 755, 755, 755, 755, 755, 755, 755, 755, 755, 755, 755, 755, 755]","id":223,"layer":"stop"}},{"type":"Feature","geometry":{"type":"Point","coordinates":[-73.905227,40.85041]},"properties":{"name":"Tremont Av","original_ids":"[759, 758, 758, 758, 758, 758, 758, 758, 758, 758, 758, 758, 758, 758, 758, 758]","id":224,"layer":"stop"}},{"type":"Feature","geometry":{"type":"Point","coordinates":[-73.910136,40.8459]},"properties":{"name":"174-175 Sts","original_ids":"[762, 761, 761, 761, 761, 761, 761, 761, 761, 761, 761, 761, 761, 761, 761, 761]","id":225,"layer":"stop"}},{"type":"Feature","geometry":{"type":"Point","coordinates":[-73.9134,40.839306]},"properties":{"name":"170 St","original_ids":"[765, 764, 764, 764, 764, 764, 764]","id":226,"layer":"stop"}},{"type":"Feature","geometry":{"type":"Point","coordinates":[-73.91844,40.833771]},"properties":{"name":"167 St","original_ids":"[768, 767, 767, 767, 767, 767, 767]","id":227,"layer":"stop"}},{"type":"Feature","geometry":{"type":"Point","coordinates":[-73.925651,40.827905]},"properties":{"name":"161 St-Yankee Stadium","original_ids":"[771, 770, 318, 317, 771, 770, 317, 771, 770, 317, 771, 770, 317, 771, 770, 317, 771, 770, 317, 771, 770, 317, 771, 770, 317, 771, 770, 317, 771, 770, 317, 771, 770, 317, 771, 770, 317, 771, 770, 317, 317, 771, 770, 317]","id":228,"layer":"stop"}},{"type":"Feature","geometry":{"type":"Point","coordinates":[-73.938209,40.830135]},"properties":{"name":"155 St","original_ids":"[774, 773, 773, 773, 773, 773, 773]","id":229,"layer":"stop"}},{"type":"Feature","geometry":{"type":"Point","coordinates":[-73.981637,40.762862]},"properties":{"name":"7 Av","original_ids":"[780, 779, 779, 779, 779, 779, 779, 779, 779, 779, 779, 779, 779, 779, 779, 779]","id":230,"layer":"stop"}},{"type":"Feature","geometry":{"type":"Point","coordinates":[-73.981329,40.758663]},"properties":{"name":"47-50 Sts-Rockefeller Ctr","original_ids":"[783, 782, 782, 782, 782, 782, 782, 782, 782, 782, 782, 782, 782, 782, 782, 782]","id":231,"layer":"stop"}},{"type":"Feature","geometry":{"type":"Point","coordinates":[-73.984569,40.754222]},"properties":{"name":"42 St-Bryant Pk","original_ids":"[786, 785, 785, 785, 785, 785, 785, 785, 785, 785, 785, 785, 785, 785, 785, 785, 75, 74, 528, 527, 536, 537, 1344, 1343, 74, 528, 527, 536, 537, 1344, 1343, 74, 528, 527, 536, 537, 1344, 1343, 74, 528, 527, 1344, 1343, 74, 528, 527, 536, 537, 1344, 1343, 74, 528, 527, 536, 537, 1344, 1343, 74, 528, 527, 536, 537, 1344, 1343, 74, 74, 528, 527, 1344, 1343, 74, 528, 527, 1344, 1343, 536, 537, 537, 74, 528, 527, 1344, 1343, 74, 528, 527, 1344, 1343, 74, 74, 74, 528, 527, 536, 537, 537, 537, 537, 537, 1344, 1343, 600, 599, 599, 599, 599, 599, 599, 599, 599, 599, 599, 599, 599, 599, 599, 599, 525, 524, 524, 524, 524, 524, 524, 524, 524, 524, 524, 524, 524, 524, 524, 524]","id":232,"layer":"stop"}},{"type":"Feature","geometry":{"type":"Point","coordinates":[-73.987823,40.749719]},"properties":{"name":"34 St-Herald Sq","original_ids":"[789, 788, 1347, 1346, 788, 1347, 1346, 788, 1347, 1346, 788, 1347, 1346, 788, 1347, 1346, 788, 1347, 1346, 788, 1347, 1346, 788, 1347, 1346, 788, 1347, 1346, 788, 1347, 1346, 788, 1347, 1346, 788, 1347, 1346, 788, 788, 1347, 1346, 788, 1347, 1346]","id":233,"layer":"stop"}},{"type":"Feature","geometry":{"type":"Point","coordinates":[-73.996204,40.725297]},"properties":{"name":"Broadway-Lafayette St","original_ids":"[801, 800, 800, 800, 800, 800, 800, 800, 800, 800, 800, 800, 800, 800, 800, 800, 456, 455, 455, 455, 455, 455, 455, 455, 455, 455, 455, 455, 455, 455, 455, 455]","id":234,"layer":"stop"}},{"type":"Feature","geometry":{"type":"Point","coordinates":[-73.993753,40.718267]},"properties":{"name":"Grand St","original_ids":"[804, 803, 803, 803, 803, 803, 803, 803, 803, 803, 803, 803, 803, 803, 803, 803]","id":235,"layer":"stop"}},{"type":"Feature","geometry":{"type":"Point","coordinates":[-73.981824,40.690635]},"properties":{"name":"DeKalb Av","original_ids":"[1386, 1385, 1385, 1385, 1385, 1385, 1385, 1385, 1385, 1385, 1385, 1385, 1385, 1385, 1385, 1385]","id":236,"layer":"stop"}},{"type":"Feature","geometry":{"type":"Point","coordinates":[-73.972367,40.67705]},"properties":{"name":"7 Av","original_ids":"[810, 809, 809, 809, 809, 809, 809]","id":237,"layer":"stop"}},{"type":"Feature","geometry":{"type":"Point","coordinates":[-73.962246,40.661614]},"properties":{"name":"Prospect Park","original_ids":"[813, 812, 812, 812, 812, 812, 812, 812, 812, 812, 812, 812, 812, 812, 812, 812]","id":238,"layer":"stop"}},{"type":"Feature","geometry":{"type":"Point","coordinates":[-73.962982,40.650527]},"properties":{"name":"Church Av","original_ids":"[819, 818, 818, 818, 818, 818, 818]","id":239,"layer":"stop"}},{"type":"Feature","geometry":{"type":"Point","coordinates":[-73.962793,40.635082]},"properties":{"name":"Newkirk Plaza","original_ids":"[828, 827, 827, 827, 827, 827, 827, 827, 827, 827, 827, 827, 827, 827, 827, 827]","id":240,"layer":"stop"}},{"type":"Feature","geometry":{"type":"Point","coordinates":[-73.957734,40.60867]},"properties":{"name":"Kings Hwy","original_ids":"[840, 839, 839, 839, 839, 839, 839, 839, 839, 839, 839, 839, 839, 839, 839, 839]","id":241,"layer":"stop"}},{"type":"Feature","geometry":{"type":"Point","coordinates":[-73.954155,40.586896]},"properties":{"name":"Sheepshead Bay","original_ids":"[849, 848, 848, 848, 848, 848, 848, 848, 848, 848, 848, 848, 848, 848, 848, 848]","id":242,"layer":"stop"}},{"type":"Feature","geometry":{"type":"Point","coordinates":[-73.961376,40.577621]},"properties":{"name":"Brighton Beach","original_ids":"[852, 851, 851, 851, 851, 851, 851, 851, 851, 851, 851, 851, 851, 851, 851, 851]","id":243,"layer":"stop"}},{"type":"Feature","geometry":{"type":"Point","coordinates":[-73.878855,40.874811]},"properties":{"name":"Norwood-205 St","original_ids":"[744, 743, 743, 743, 743, 743, 743, 743, 743, 743, 743, 743, 743, 743, 743, 743]","id":244,"layer":"stop"}},{"type":"Feature","geometry":{"type":"Point","coordinates":[-73.98311,40.677316]},"properties":{"name":"Union St","original_ids":"[1392, 1391, 1391, 1391, 1391, 1391, 1391, 1391, 1391, 1391, 1391, 1391, 1391, 1391, 1391, 1391]","id":245,"layer":"stop"}},{"type":"Feature","geometry":{"type":"Point","coordinates":[-73.992872,40.665414]},"properties":{"name":"Prospect Av","original_ids":"[1398, 1397, 1397, 1397, 1397, 1397, 1397]","id":246,"layer":"stop"}},{"type":"Feature","geometry":{"type":"Point","coordinates":[-73.998091,40.660397]},"properties":{"name":"25 St","original_ids":"[1401, 1400, 1400, 1400, 1400, 1400, 1400, 1400, 1400, 1400, 1400, 1400, 1400, 1400, 1400, 1400]","id":247,"layer":"stop"}},{"type":"Feature","geometry":{"type":"Point","coordinates":[-74.003549,40.655144]},"properties":{"name":"36 St","original_ids":"[1404, 1403, 1403, 1403, 1403, 1403, 1403, 1403, 1403, 1403, 1403, 1403, 1403, 1403, 1403, 1403]","id":248,"layer":"stop"}},{"type":"Feature","geometry":{"type":"Point","coordinates":[-73.994324,40.646292]},"properties":{"name":"9 Av","original_ids":"[708, 707, 707, 707, 707, 707, 707, 707, 707, 707, 707, 707, 707, 707, 707, 707]","id":249,"layer":"stop"}},{"type":"Feature","geometry":{"type":"Point","coordinates":[-73.994304,40.640914]},"properties":{"name":"Fort Hamilton Pkwy","original_ids":"[711, 710, 710, 710, 710, 710, 710, 710, 710, 710, 710, 710, 710, 710, 710, 710]","id":250,"layer":"stop"}},{"type":"Feature","geometry":{"type":"Point","coordinates":[-73.994791,40.63626]},"properties":{"name":"50 St","original_ids":"[714, 713, 713, 713, 713, 713, 713]","id":251,"layer":"stop"}},{"type":"Feature","geometry":{"type":"Point","coordinates":[-73.995476,40.631435]},"properties":{"name":"55 St","original_ids":"[717, 716, 716, 716, 716, 716, 716, 716, 716, 716, 716, 716, 716, 716, 716, 716]","id":252,"layer":"stop"}},{"type":"Feature","geometry":{"type":"Point","coordinates":[-73.998864,40.619589]},"properties":{"name":"71 St","original_ids":"[723, 722, 722, 722, 722, 722, 722, 722, 722, 722, 722, 722, 722, 722, 722, 722]","id":253,"layer":"stop"}},{"type":"Feature","geometry":{"type":"Point","coordinates":[-74.00061,40.613501]},"properties":{"name":"79 St","original_ids":"[726, 725, 725, 725, 725, 725, 725]","id":254,"layer":"stop"}},{"type":"Feature","geometry":{"type":"Point","coordinates":[-74.001736,40.607954]},"properties":{"name":"18 Av","original_ids":"[729, 728, 728, 728, 728, 728, 728, 728, 728, 728, 728, 728, 728, 728, 728, 728]","id":255,"layer":"stop"}},{"type":"Feature","geometry":{"type":"Point","coordinates":[-73.998168,40.604556]},"properties":{"name":"20 Av","original_ids":"[732, 731, 731, 731, 731, 731, 731, 731, 731, 731, 731, 731, 731, 731, 731, 731]","id":256,"layer":"stop"}},{"type":"Feature","geometry":{"type":"Point","coordinates":[-73.993728,40.601875]},"properties":{"name":"Bay Pkwy","original_ids":"[735, 734, 734, 734, 734, 734, 734, 734, 734, 734, 734, 734, 734, 734, 734, 734]","id":257,"layer":"stop"}},{"type":"Feature","geometry":{"type":"Point","coordinates":[-73.986829,40.597704]},"properties":{"name":"25 Av","original_ids":"[738, 737, 737, 737, 737, 737, 737, 737, 737, 737, 737, 737, 737, 737, 737, 737]","id":258,"layer":"stop"}},{"type":"Feature","geometry":{"type":"Point","coordinates":[-73.983765,40.588841]},"properties":{"name":"Bay 50 St","original_ids":"[741, 740, 740, 740, 740, 740, 740, 740, 740, 740, 740, 740, 740, 740, 740, 740]","id":259,"layer":"stop"}},{"type":"Feature","geometry":{"type":"Point","coordinates":[-73.981233,40.577422]},"properties":{"name":"Coney Island-Stillwell Av","original_ids":"[861, 860, 860, 860, 860, 860, 860, 860, 860, 860, 860, 860, 860, 860, 860, 860]","id":260,"layer":"stop"}},{"type":"Feature","geometry":{"type":"Point","coordinates":[-73.801109,40.702147]},"properties":{"name":"Jamaica Center-Parsons/Archer","original_ids":"[963, 962, 962, 962, 962, 962, 962, 962, 962, 962, 962, 962, 962, 962, 962, 962]","id":261,"layer":"stop"}},{"type":"Feature","geometry":{"type":"Point","coordinates":[-73.807969,40.700486]},"properties":{"name":"Sutphin Blvd-Archer Av-JFK Airport","original_ids":"[966, 965, 965, 965, 965, 965, 965, 965, 965, 965, 965, 965, 965, 965, 965, 965]","id":262,"layer":"stop"}},{"type":"Feature","geometry":{"type":"Point","coordinates":[-73.816859,40.702566]},"properties":{"name":"Jamaica-Van Wyck","original_ids":"[969, 968, 968, 968, 968, 968, 968, 968, 968, 968, 968, 968, 968, 968, 968, 968]","id":263,"layer":"stop"}},{"type":"Feature","geometry":{"type":"Point","coordinates":[-73.820574,40.709179]},"properties":{"name":"Briarwood","original_ids":"[879, 878, 878, 878, 878, 878, 878, 878, 878, 878, 878, 878, 878, 878, 878, 878]","id":264,"layer":"stop"}},{"type":"Feature","geometry":{"type":"Point","coordinates":[-73.831008,40.714441]},"properties":{"name":"Kew Gardens-Union Tpke","original_ids":"[882, 881, 881, 881, 881, 881, 881, 881, 881, 881, 881, 881, 881, 881, 881, 881]","id":265,"layer":"stop"}},{"type":"Feature","geometry":{"type":"Point","coordinates":[-73.837324,40.718331]},"properties":{"name":"75 Av","original_ids":"[885, 884, 884, 884, 884, 884, 884, 884, 884, 884, 884, 884, 884, 884, 884, 884]","id":266,"layer":"stop"}},{"type":"Feature","geometry":{"type":"Point","coordinates":[-73.844521,40.721691]},"properties":{"name":"Forest Hills-71 Av","original_ids":"[972, 971, 971, 971, 971, 971, 971, 971, 971, 971, 971, 971, 971, 971, 971, 971]","id":267,"layer":"stop"}},{"type":"Feature","geometry":{"type":"Point","coordinates":[-73.852719,40.726523]},"properties":{"name":"67 Av","original_ids":"[975, 974, 974, 974, 974, 974, 974, 974, 974, 974, 974, 974, 974, 974, 974, 974]","id":268,"layer":"stop"}},{"type":"Feature","geometry":{"type":"Point","coordinates":[-73.861604,40.729846]},"properties":{"name":"63 Dr-Rego Park","original_ids":"[978, 977, 977, 977, 977, 977, 977, 977, 977, 977, 977, 977, 977, 977, 977, 977]","id":269,"layer":"stop"}},{"type":"Feature","geometry":{"type":"Point","coordinates":[-73.869229,40.733106]},"properties":{"name":"Woodhaven Blvd","original_ids":"[981, 980, 980, 980, 980, 980, 980, 980, 980, 980, 980, 980, 980, 980, 980, 980]","id":270,"layer":"stop"}},{"type":"Feature","geometry":{"type":"Point","coordinates":[-73.877223,40.737015]},"properties":{"name":"Grand Av-Newtown","original_ids":"[984, 983, 983, 983, 983, 983, 983, 983, 983, 983, 983, 983, 983, 983, 983, 983]","id":271,"layer":"stop"}},{"type":"Feature","geometry":{"type":"Point","coordinates":[-73.882017,40.742454]},"properties":{"name":"Elmhurst Av","original_ids":"[987, 986, 986, 986, 986, 986, 986, 986, 986, 986, 986, 986, 986, 986, 986, 986]","id":272,"layer":"stop"}},{"type":"Feature","geometry":{"type":"Point","coordinates":[-73.891338,40.746644]},"properties":{"name":"Jackson Hts-Roosevelt Av","original_ids":"[990, 989, 989, 989, 989, 989, 989, 989, 989, 989, 989, 989, 989, 989, 989, 989, 489, 488, 488, 488, 488, 488, 488, 488, 488, 488, 488, 488, 488, 488, 488, 488]","id":273,"layer":"stop"}},{"type":"Feature","geometry":{"type":"Point","coordinates":[-73.898453,40.749669]},"properties":{"name":"65 St","original_ids":"[993, 992, 992, 992, 992, 992, 992, 992, 992, 992, 992, 992, 992, 992, 992, 992]","id":274,"layer":"stop"}},{"type":"Feature","geometry":{"type":"Point","coordinates":[-73.906006,40.752885]},"properties":{"name":"Northern Blvd","original_ids":"[996, 995, 995, 995, 995, 995, 995, 995, 995, 995, 995, 995, 995, 995, 995, 995]","id":275,"layer":"stop"}},{"type":"Feature","geometry":{"type":"Point","coordinates":[-73.913333,40.756312]},"properties":{"name":"46 St","original_ids":"[999, 998, 998, 998, 998, 998, 998, 998, 998, 998, 998, 998, 998, 998, 998, 998]","id":276,"layer":"stop"}},{"type":"Feature","geometry":{"type":"Point","coordinates":[-73.92074,40.756879]},"properties":{"name":"Steinway St","original_ids":"[1002, 1001, 1001, 1001, 1001, 1001, 1001, 1001, 1001, 1001, 1001, 1001, 1001, 1001, 1001, 1001]","id":277,"layer":"stop"}},{"type":"Feature","geometry":{"type":"Point","coordinates":[-73.928781,40.752039]},"properties":{"name":"36 St","original_ids":"[1005, 1004, 1004, 1004, 1004, 1004, 1004]","id":278,"layer":"stop"}},{"type":"Feature","geometry":{"type":"Point","coordinates":[-73.937243,40.748973]},"properties":{"name":"Queens Plaza","original_ids":"[1008, 1007, 1007, 1007, 1007, 1007, 1007, 1007, 1007, 1007, 1007, 1007, 1007, 1007, 1007, 1007]","id":279,"layer":"stop"}},{"type":"Feature","geometry":{"type":"Point","coordinates":[-73.969055,40.757552]},"properties":{"name":"Lexington Av/53 St","original_ids":"[891, 890, 890, 890, 890, 890, 890, 890, 890, 890, 890, 890, 890, 890, 890, 890, 435, 434, 434, 434, 434, 434, 434, 434, 434, 434, 434, 434, 434, 434, 434, 434]","id":280,"layer":"stop"}},{"type":"Feature","geometry":{"type":"Point","coordinates":[-73.975224,40.760167]},"properties":{"name":"5 Av/53 St","original_ids":"[894, 893, 893, 893, 893, 893, 893, 893, 893, 893, 893, 893, 893, 893, 893, 893]","id":281,"layer":"stop"}},{"type":"Feature","geometry":{"type":"Point","coordinates":[-73.783817,40.712646]},"properties":{"name":"Jamaica-179 St","original_ids":"[867, 866, 866, 866, 866, 866, 866, 866, 866, 866, 866, 866, 866, 866, 866, 866]","id":282,"layer":"stop"}},{"type":"Feature","geometry":{"type":"Point","coordinates":[-73.803326,40.707564]},"properties":{"name":"Parsons Blvd","original_ids":"[873, 872, 872, 872, 872, 872, 872, 872, 872, 872, 872, 872, 872, 872, 872, 872]","id":283,"layer":"stop"}},{"type":"Feature","geometry":{"type":"Point","coordinates":[-73.810708,40.70546]},"properties":{"name":"Sutphin Blvd","original_ids":"[875, 876, 876, 876, 876, 876, 876, 876, 876, 876, 876, 876, 876, 876, 876, 876]","id":284,"layer":"stop"}},{"type":"Feature","geometry":{"type":"Point","coordinates":[-73.793604,40.71047]},"properties":{"name":"169 St","original_ids":"[869, 870, 870, 870, 870, 870, 870, 870, 870, 870, 870, 870, 870, 870, 870, 870]","id":285,"layer":"stop"}},{"type":"Feature","geometry":{"type":"Point","coordinates":[-73.942836,40.754203]},"properties":{"name":"21 St-Queensbridge","original_ids":"[696, 695, 695, 695, 695, 695, 695, 695, 695, 695, 695, 695, 695, 695, 695, 695]","id":286,"layer":"stop"}},{"type":"Feature","geometry":{"type":"Point","coordinates":[-73.95326,40.759145]},"properties":{"name":"Roosevelt Island","original_ids":"[699, 698, 698, 698, 698, 698, 698, 698, 698, 698, 698, 698, 698, 698, 698, 698]","id":287,"layer":"stop"}},{"type":"Feature","geometry":{"type":"Point","coordinates":[-73.97745,40.763972]},"properties":{"name":"57 St","original_ids":"[705, 704, 704, 704, 704, 704, 704, 704, 704, 704, 704, 704, 704, 704, 704, 704]","id":288,"layer":"stop"}},{"type":"Feature","geometry":{"type":"Point","coordinates":[-73.992821,40.742878]},"properties":{"name":"23 St","original_ids":"[792, 791, 791, 791, 791, 791, 791]","id":289,"layer":"stop"}},{"type":"Feature","geometry":{"type":"Point","coordinates":[-73.989938,40.723402]},"properties":{"name":"2 Av","original_ids":"[897, 896, 896, 896, 896, 896, 896, 896, 896, 896, 896, 896, 896, 896, 896, 896]","id":290,"layer":"stop"}},{"type":"Feature","geometry":{"type":"Point","coordinates":[-73.988114,40.718611]},"properties":{"name":"Delancey St-Essex St","original_ids":"[900, 899, 1251, 1250, 899, 1251, 1250, 899, 1251, 1250, 899, 1251, 1250, 899, 1251, 1250, 899, 1251, 1250, 899, 1251, 1250, 899, 899, 1251, 1250, 899, 1251, 1250, 899, 1251, 1250, 899, 1251, 1250, 899, 899, 899, 1251, 1250]","id":291,"layer":"stop"}},{"type":"Feature","geometry":{"type":"Point","coordinates":[-73.990173,40.713715]},"properties":{"name":"East Broadway","original_ids":"[903, 902, 902, 902, 902, 902, 902, 902, 902, 902, 902, 902, 902, 902, 902, 902]","id":292,"layer":"stop"}},{"type":"Feature","geometry":{"type":"Point","coordinates":[-73.986751,40.701397]},"properties":{"name":"York St","original_ids":"[906, 905, 905, 905, 905, 905, 905, 905, 905, 905, 905, 905, 905, 905, 905, 905]","id":293,"layer":"stop"}},{"type":"Feature","geometry":{"type":"Point","coordinates":[-73.990862,40.686145]},"properties":{"name":"Bergen St","original_ids":"[909, 908, 908, 908, 908, 908, 908]","id":294,"layer":"stop"}},{"type":"Feature","geometry":{"type":"Point","coordinates":[-73.995048,40.680303]},"properties":{"name":"Carroll St","original_ids":"[912, 911, 911, 911, 911, 911, 911, 911, 911, 911, 911, 911, 911, 911, 911, 911]","id":295,"layer":"stop"}},{"type":"Feature","geometry":{"type":"Point","coordinates":[-73.995959,40.67358]},"properties":{"name":"Smith-9 Sts","original_ids":"[915, 914, 914, 914, 914, 914, 914, 914, 914, 914, 914, 914, 914, 914, 914, 914]","id":296,"layer":"stop"}},{"type":"Feature","geometry":{"type":"Point","coordinates":[-73.989779,40.670272]},"properties":{"name":"4 Av-9 St","original_ids":"[918, 917, 917, 917, 917, 917, 1395, 1394, 918, 917, 1394, 918, 917, 1394, 918, 917, 1394, 1394, 918, 917, 1394, 918, 917, 1394, 918, 917, 1394, 1394, 1394, 918, 917, 917, 1394, 1394, 1394, 1394, 1394]","id":297,"layer":"stop"}},{"type":"Feature","geometry":{"type":"Point","coordinates":[-73.980305,40.666271]},"properties":{"name":"7 Av","original_ids":"[921, 920, 920, 920, 920, 920, 920]","id":298,"layer":"stop"}},{"type":"Feature","geometry":{"type":"Point","coordinates":[-73.979493,40.660365]},"properties":{"name":"15 St-Prospect Park","original_ids":"[924, 923, 923, 923, 923, 923, 923, 923, 923, 923, 923, 923, 923, 923, 923, 923]","id":299,"layer":"stop"}},{"type":"Feature","geometry":{"type":"Point","coordinates":[-73.975776,40.650782]},"properties":{"name":"Fort Hamilton Pkwy","original_ids":"[927, 926, 926, 926, 926, 926, 926]","id":300,"layer":"stop"}},{"type":"Feature","geometry":{"type":"Point","coordinates":[-73.979678,40.644041]},"properties":{"name":"Church Av","original_ids":"[930, 929, 929, 929, 929, 929, 929]","id":301,"layer":"stop"}},{"type":"Feature","geometry":{"type":"Point","coordinates":[-73.978172,40.636119]},"properties":{"name":"Ditmas Av","original_ids":"[933, 932, 932, 932, 932, 932, 932, 932, 932, 932, 932, 932, 932, 932, 932, 932]","id":302,"layer":"stop"}},{"type":"Feature","geometry":{"type":"Point","coordinates":[-73.976971,40.629755]},"properties":{"name":"18 Av","original_ids":"[936, 935, 935, 935, 935, 935, 935]","id":303,"layer":"stop"}},{"type":"Feature","geometry":{"type":"Point","coordinates":[-73.976127,40.625322]},"properties":{"name":"Avenue I","original_ids":"[939, 938, 938, 938, 938, 938, 938, 938, 938, 938, 938, 938, 938, 938, 938, 938]","id":304,"layer":"stop"}},{"type":"Feature","geometry":{"type":"Point","coordinates":[-73.975264,40.620769]},"properties":{"name":"Bay Pkwy","original_ids":"[942, 941, 941, 941, 941, 941, 941]","id":305,"layer":"stop"}},{"type":"Feature","geometry":{"type":"Point","coordinates":[-73.974197,40.61514]},"properties":{"name":"Avenue N","original_ids":"[945, 944, 944, 944, 944, 944, 944, 944, 944, 944, 944, 944, 944, 944, 944, 944]","id":306,"layer":"stop"}},{"type":"Feature","geometry":{"type":"Point","coordinates":[-73.973022,40.608944]},"properties":{"name":"Avenue P","original_ids":"[948, 947, 947, 947, 947, 947, 947, 947, 947, 947, 947, 947, 947, 947, 947, 947]","id":307,"layer":"stop"}},{"type":"Feature","geometry":{"type":"Point","coordinates":[-73.972361,40.603217]},"properties":{"name":"Kings Hwy","original_ids":"[951, 950, 950, 950, 950, 950, 950]","id":308,"layer":"stop"}},{"type":"Feature","geometry":{"type":"Point","coordinates":[-73.973357,40.596063]},"properties":{"name":"Avenue U","original_ids":"[954, 953, 953, 953, 953, 953, 953, 953, 953, 953, 953, 953, 953, 953, 953, 953]","id":309,"layer":"stop"}},{"type":"Feature","geometry":{"type":"Point","coordinates":[-73.97425,40.58962]},"properties":{"name":"Avenue X","original_ids":"[957, 956, 956, 956, 956, 956, 956, 956, 956, 956, 956, 956, 956, 956, 956, 956]","id":310,"layer":"stop"}},{"type":"Feature","geometry":{"type":"Point","coordinates":[-73.974574,40.581011]},"properties":{"name":"Neptune Av","original_ids":"[960, 959, 959, 959, 959, 959, 959, 959, 959, 959, 959, 959, 959, 959, 959, 959]","id":311,"layer":"stop"}},{"type":"Feature","geometry":{"type":"Point","coordinates":[-73.975939,40.576127]},"properties":{"name":"W 8 St-NY Aquarium","original_ids":"[858, 857, 857, 857, 857, 857, 857, 857, 857, 857, 857, 857, 857, 857, 857, 857]","id":312,"layer":"stop"}},{"type":"Feature","geometry":{"type":"Point","coordinates":[-73.957624,40.674772]},"properties":{"name":"Park Pl","original_ids":"[1431, 1430, 1430, 1430, 1430, 1430, 1430, 1430, 1430, 1430, 1430, 1430, 1430, 1430, 1430, 1430]","id":313,"layer":"stop"}},{"type":"Feature","geometry":{"type":"Point","coordinates":[-73.949724,40.744065]},"properties":{"name":"21 St","original_ids":"[1014, 1013, 1013, 1013, 1013, 1013, 1013, 1013, 1013, 1013, 1013, 1013, 1013, 1013, 1013, 1013]","id":314,"layer":"stop"}},{"type":"Feature","geometry":{"type":"Point","coordinates":[-73.954449,40.731352]},"properties":{"name":"Greenpoint Av","original_ids":"[1017, 1016, 1016, 1016, 1016, 1016, 1016, 1016, 1016, 1016, 1016, 1016, 1016, 1016, 1016, 1016]","id":315,"layer":"stop"}},{"type":"Feature","geometry":{"type":"Point","coordinates":[-73.951277,40.724635]},"properties":{"name":"Nassau Av","original_ids":"[1020, 1019, 1019, 1019, 1019, 1019, 1019, 1019, 1019, 1019, 1019, 1019, 1019, 1019, 1019, 1019]","id":316,"layer":"stop"}},{"type":"Feature","geometry":{"type":"Point","coordinates":[-73.950308,40.706092]},"properties":{"name":"Broadway","original_ids":"[1026, 1025, 1025, 1025, 1025, 1025, 1025, 1025, 1025, 1025, 1025, 1025, 1025, 1025, 1025, 1025]","id":317,"layer":"stop"}},{"type":"Feature","geometry":{"type":"Point","coordinates":[-73.950234,40.700377]},"properties":{"name":"Flushing Av","original_ids":"[1029, 1028, 1028, 1028, 1028, 1028, 1028, 1028, 1028, 1028, 1028, 1028, 1028, 1028, 1028, 1028]","id":318,"layer":"stop"}},{"type":"Feature","geometry":{"type":"Point","coordinates":[-73.949046,40.694568]},"properties":{"name":"Myrtle-Willoughby Avs","original_ids":"[1032, 1031, 1031, 1031, 1031, 1031, 1031, 1031, 1031, 1031, 1031, 1031, 1031, 1031, 1031, 1031]","id":319,"layer":"stop"}},{"type":"Feature","geometry":{"type":"Point","coordinates":[-73.953522,40.689627]},"properties":{"name":"Bedford-Nostrand Avs","original_ids":"[1035, 1034, 1034, 1034, 1034, 1034, 1034, 1034, 1034, 1034, 1034, 1034, 1034, 1034, 1034, 1034]","id":320,"layer":"stop"}},{"type":"Feature","geometry":{"type":"Point","coordinates":[-73.96007,40.688873]},"properties":{"name":"Classon Av","original_ids":"[1038, 1037, 1037, 1037, 1037, 1037, 1037, 1037, 1037, 1037, 1037, 1037, 1037, 1037, 1037, 1037]","id":321,"layer":"stop"}},{"type":"Feature","geometry":{"type":"Point","coordinates":[-73.966839,40.688089]},"properties":{"name":"Clinton-Washington Avs","original_ids":"[1041, 1040, 1040, 1040, 1040, 1040, 1040]","id":322,"layer":"stop"}},{"type":"Feature","geometry":{"type":"Point","coordinates":[-73.975375,40.687119]},"properties":{"name":"Fulton St","original_ids":"[1044, 1043, 1043, 1043, 1043, 1043, 1043]","id":323,"layer":"stop"}},{"type":"Feature","geometry":{"type":"Point","coordinates":[-73.828294,40.700492]},"properties":{"name":"121 St","original_ids":"[1092, 1091, 1091, 1091, 1091, 1091, 1091, 1091, 1091, 1091, 1091, 1091, 1091, 1091, 1091, 1091]","id":324,"layer":"stop"}},{"type":"Feature","geometry":{"type":"Point","coordinates":[-73.836345,40.697418]},"properties":{"name":"111 St","original_ids":"[1095, 1094, 1094, 1094, 1094, 1094, 1094]","id":325,"layer":"stop"}},{"type":"Feature","geometry":{"type":"Point","coordinates":[-73.84433,40.695178]},"properties":{"name":"104 St","original_ids":"[1098, 1097, 1097, 1097, 1097, 1097, 1097]","id":326,"layer":"stop"}},{"type":"Feature","geometry":{"type":"Point","coordinates":[-73.851576,40.693879]},"properties":{"name":"Woodhaven Blvd","original_ids":"[1101, 1100, 1100, 1100, 1100, 1100, 1100]","id":327,"layer":"stop"}},{"type":"Feature","geometry":{"type":"Point","coordinates":[-73.86001,40.692435]},"properties":{"name":"85 St-Forest Pkwy","original_ids":"[1104, 1103, 1103, 1103, 1103, 1103, 1103, 1103, 1103, 1103, 1103, 1103, 1103, 1103, 1103, 1103]","id":328,"layer":"stop"}},{"type":"Feature","geometry":{"type":"Point","coordinates":[-73.867139,40.691324]},"properties":{"name":"75 St-Elderts Ln","original_ids":"[1107, 1106, 1106, 1106, 1106, 1106, 1106, 1106, 1106, 1106, 1106, 1106, 1106, 1106, 1106, 1106]","id":329,"layer":"stop"}},{"type":"Feature","geometry":{"type":"Point","coordinates":[-73.87255,40.689941]},"properties":{"name":"Cypress Hills","original_ids":"[1110, 1109, 1109, 1109, 1109, 1109, 1109, 1109, 1109, 1109, 1109, 1109, 1109, 1109, 1109, 1109]","id":330,"layer":"stop"}},{"type":"Feature","geometry":{"type":"Point","coordinates":[-73.873785,40.683194]},"properties":{"name":"Crescent St","original_ids":"[1113, 1112, 1112, 1112, 1112, 1112, 1112, 1112, 1112, 1112, 1112, 1112, 1112, 1112, 1112, 1112]","id":331,"layer":"stop"}},{"type":"Feature","geometry":{"type":"Point","coordinates":[-73.880039,40.68141]},"properties":{"name":"Norwood Av","original_ids":"[1116, 1115, 1115, 1115, 1115, 1115, 1115, 1115, 1115, 1115, 1115, 1115, 1115, 1115, 1115, 1115]","id":332,"layer":"stop"}},{"type":"Feature","geometry":{"type":"Point","coordinates":[-73.884639,40.679947]},"properties":{"name":"Cleveland St","original_ids":"[1119, 1118, 1118, 1118, 1118, 1118, 1118, 1118, 1118, 1118, 1118, 1118, 1118, 1118, 1118, 1118]","id":333,"layer":"stop"}},{"type":"Feature","geometry":{"type":"Point","coordinates":[-73.891688,40.678024]},"properties":{"name":"Van Siclen Av","original_ids":"[1122, 1121, 1121, 1121, 1121, 1121, 1121]","id":334,"layer":"stop"}},{"type":"Feature","geometry":{"type":"Point","coordinates":[-73.898654,40.676992]},"properties":{"name":"Alabama Av","original_ids":"[1125, 1124, 1124, 1124, 1124, 1124, 1124, 1124, 1124, 1124, 1124, 1124, 1124, 1124, 1124, 1124]","id":335,"layer":"stop"}},{"type":"Feature","geometry":{"type":"Point","coordinates":[-73.910456,40.682893]},"properties":{"name":"Chauncey St","original_ids":"[1131, 1130, 1130, 1130, 1130, 1130, 1130, 1130, 1130, 1130, 1130, 1130, 1130, 1130, 1130, 1130]","id":336,"layer":"stop"}},{"type":"Feature","geometry":{"type":"Point","coordinates":[-73.916559,40.68637]},"properties":{"name":"Halsey St","original_ids":"[1134, 1133, 1133, 1133, 1133, 1133, 1133, 1133, 1133, 1133, 1133, 1133, 1133, 1133, 1133, 1133]","id":337,"layer":"stop"}},{"type":"Feature","geometry":{"type":"Point","coordinates":[-73.92227,40.68963]},"properties":{"name":"Gates Av","original_ids":"[1137, 1136, 1136, 1136, 1136, 1136, 1136, 1136, 1136, 1136, 1136, 1136, 1136, 1136, 1136, 1136]","id":338,"layer":"stop"}},{"type":"Feature","geometry":{"type":"Point","coordinates":[-73.928814,40.693342]},"properties":{"name":"Kosciuszko St","original_ids":"[1140, 1139, 1139, 1139, 1139, 1139, 1139, 1139, 1139, 1139, 1139, 1139, 1139, 1139, 1139, 1139]","id":339,"layer":"stop"}},{"type":"Feature","geometry":{"type":"Point","coordinates":[-73.935657,40.697207]},"properties":{"name":"Myrtle Av","original_ids":"[1236, 1235, 1235, 1235, 1235, 1235, 1235, 1235, 1235, 1235, 1235, 1235, 1235, 1235, 1235, 1235]","id":340,"layer":"stop"}},{"type":"Feature","geometry":{"type":"Point","coordinates":[-73.941126,40.70026]},"properties":{"name":"Flushing Av","original_ids":"[1239, 1238, 1238, 1238, 1238, 1238, 1238]","id":341,"layer":"stop"}},{"type":"Feature","geometry":{"type":"Point","coordinates":[-73.947408,40.703869]},"properties":{"name":"Lorimer St","original_ids":"[1242, 1241, 1241, 1241, 1241, 1241, 1241, 1241, 1241, 1241, 1241, 1241, 1241, 1241, 1241, 1241]","id":342,"layer":"stop"}},{"type":"Feature","geometry":{"type":"Point","coordinates":[-73.953431,40.70687]},"properties":{"name":"Hewes St","original_ids":"[1245, 1244, 1244, 1244, 1244, 1244, 1244, 1244, 1244, 1244, 1244, 1244, 1244, 1244, 1244, 1244]","id":343,"layer":"stop"}},{"type":"Feature","geometry":{"type":"Point","coordinates":[-73.957757,40.708359]},"properties":{"name":"Marcy Av","original_ids":"[1248, 1247, 1247, 1247, 1247, 1247, 1247, 1247, 1247, 1247, 1247, 1247, 1247, 1247, 1247, 1247]","id":344,"layer":"stop"}},{"type":"Feature","geometry":{"type":"Point","coordinates":[-73.993915,40.72028]},"properties":{"name":"Bowery","original_ids":"[1254, 1253, 1253, 1253, 1253, 1253, 1253, 1253, 1253, 1253, 1253, 1253, 1253, 1253, 1253, 1253]","id":345,"layer":"stop"}},{"type":"Feature","geometry":{"type":"Point","coordinates":[-74.011056,40.706476]},"properties":{"name":"Broad St","original_ids":"[1266, 1265, 1265, 1265, 1265, 1265, 1265, 1265, 1265, 1265, 1265, 1265, 1265, 1265, 1265, 1265]","id":346,"layer":"stop"}},{"type":"Feature","geometry":{"type":"Point","coordinates":[-73.90185,40.646654]},"properties":{"name":"Canarsie-Rockaway Pkwy","original_ids":"[1211, 1212, 1212, 1212, 1212, 1212, 1212, 1212, 1212, 1212, 1212, 1212, 1212, 1212, 1212, 1212]","id":347,"layer":"stop"}},{"type":"Feature","geometry":{"type":"Point","coordinates":[-73.899485,40.650573]},"properties":{"name":"East 105 St","original_ids":"[1208, 1209, 1209, 1209, 1209, 1209, 1209, 1209, 1209, 1209, 1209, 1209, 1209, 1209, 1209, 1209]","id":348,"layer":"stop"}},{"type":"Feature","geometry":{"type":"Point","coordinates":[-73.899232,40.658733]},"properties":{"name":"New Lots Av","original_ids":"[1205, 1206, 1206, 1206, 1206, 1206, 1206]","id":349,"layer":"stop"}},{"type":"Feature","geometry":{"type":"Point","coordinates":[-73.900571,40.664038]},"properties":{"name":"Livonia Av","original_ids":"[1202, 1203, 1203, 1203, 1203, 1203, 1203, 1203, 1203, 1203, 1203, 1203, 1203, 1203, 1203, 1203, 266, 267, 267, 267, 267, 267, 267, 267, 267, 267, 267, 267, 267, 267, 267, 267]","id":350,"layer":"stop"}},{"type":"Feature","geometry":{"type":"Point","coordinates":[-73.901975,40.669367]},"properties":{"name":"Sutter Av","original_ids":"[1199, 1200, 1200, 1200, 1200, 1200, 1200, 1200, 1200, 1200, 1200, 1200, 1200, 1200, 1200, 1200]","id":351,"layer":"stop"}},{"type":"Feature","geometry":{"type":"Point","coordinates":[-73.903097,40.675345]},"properties":{"name":"Atlantic Av","original_ids":"[1196, 1197, 1197, 1197, 1197, 1197, 1197, 1197, 1197, 1197, 1197, 1197, 1197, 1197, 1197, 1197]","id":352,"layer":"stop"}},{"type":"Feature","geometry":{"type":"Point","coordinates":[-73.905249,40.682829]},"properties":{"name":"Bushwick Av-Aberdeen St","original_ids":"[1190, 1191, 1191, 1191, 1191, 1191, 1191, 1191, 1191, 1191, 1191, 1191, 1191, 1191, 1191, 1191]","id":353,"layer":"stop"}},{"type":"Feature","geometry":{"type":"Point","coordinates":[-73.904046,40.688764]},"properties":{"name":"Wilson Av","original_ids":"[1187, 1188, 1188, 1188, 1188, 1188, 1188, 1188, 1188, 1188, 1188, 1188, 1188, 1188, 1188, 1188]","id":354,"layer":"stop"}},{"type":"Feature","geometry":{"type":"Point","coordinates":[-73.904084,40.695602]},"properties":{"name":"Halsey St","original_ids":"[1184, 1185, 1185, 1185, 1185, 1185, 1185]","id":355,"layer":"stop"}},{"type":"Feature","geometry":{"type":"Point","coordinates":[-73.911586,40.699814]},"properties":{"name":"Myrtle-Wyckoff Avs","original_ids":"[1181, 1182, 1227, 1226, 1182, 1227, 1226, 1182, 1227, 1226, 1182, 1227, 1226, 1182, 1227, 1226, 1182, 1227, 1226, 1182, 1227, 1226, 1182, 1182, 1227, 1226, 1182, 1227, 1226, 1182, 1227, 1226, 1182, 1227, 1226, 1182, 1182, 1182, 1227, 1226]","id":356,"layer":"stop"}},{"type":"Feature","geometry":{"type":"Point","coordinates":[-73.918425,40.703811]},"properties":{"name":"DeKalb Av","original_ids":"[1178, 1179, 1179, 1179, 1179, 1179, 1179]","id":357,"layer":"stop"}},{"type":"Feature","geometry":{"type":"Point","coordinates":[-73.922913,40.706607]},"properties":{"name":"Jefferson St","original_ids":"[1175, 1176, 1176, 1176, 1176, 1176, 1176, 1176, 1176, 1176, 1176, 1176, 1176, 1176, 1176, 1176]","id":358,"layer":"stop"}},{"type":"Feature","geometry":{"type":"Point","coordinates":[-73.933147,40.706152]},"properties":{"name":"Morgan Av","original_ids":"[1172, 1173, 1173, 1173, 1173, 1173, 1173, 1173, 1173, 1173, 1173, 1173, 1173, 1173, 1173, 1173]","id":359,"layer":"stop"}},{"type":"Feature","geometry":{"type":"Point","coordinates":[-73.93985,40.707739]},"properties":{"name":"Montrose Av","original_ids":"[1169, 1170, 1170, 1170, 1170, 1170, 1170, 1170, 1170, 1170, 1170, 1170, 1170, 1170, 1170, 1170]","id":360,"layer":"stop"}},{"type":"Feature","geometry":{"type":"Point","coordinates":[-73.94067,40.711926]},"properties":{"name":"Grand St","original_ids":"[1166, 1167, 1167, 1167, 1167, 1167, 1167]","id":361,"layer":"stop"}},{"type":"Feature","geometry":{"type":"Point","coordinates":[-73.944053,40.714565]},"properties":{"name":"Graham Av","original_ids":"[1163, 1164, 1164, 1164, 1164, 1164, 1164, 1164, 1164, 1164, 1164, 1164, 1164, 1164, 1164, 1164]","id":362,"layer":"stop"}},{"type":"Feature","geometry":{"type":"Point","coordinates":[-73.950275,40.714063]},"properties":{"name":"Lorimer St","original_ids":"[1160, 1161, 1161, 1161, 1161, 1161, 1161, 1023, 1022, 1022, 1022, 1022, 1022, 1022, 1022, 1022, 1022, 1022, 1022, 1022, 1022, 1022, 1022]","id":363,"layer":"stop"}},{"type":"Feature","geometry":{"type":"Point","coordinates":[-73.956872,40.717304]},"properties":{"name":"Bedford Av","original_ids":"[1157, 1158, 1158, 1158, 1158, 1158, 1158, 1158, 1158, 1158, 1158, 1158, 1158, 1158, 1158, 1158]","id":364,"layer":"stop"}},{"type":"Feature","geometry":{"type":"Point","coordinates":[-73.981628,40.730953]},"properties":{"name":"1 Av","original_ids":"[1154, 1155, 1155, 1155, 1155, 1155, 1155, 1155, 1155, 1155, 1155, 1155, 1155, 1155, 1155, 1155]","id":365,"layer":"stop"}},{"type":"Feature","geometry":{"type":"Point","coordinates":[-73.986122,40.732849]},"properties":{"name":"3 Av","original_ids":"[1151, 1152, 1152, 1152, 1152, 1152, 1152, 1152, 1152, 1152, 1152, 1152, 1152, 1152, 1152, 1152]","id":366,"layer":"stop"}},{"type":"Feature","geometry":{"type":"Point","coordinates":[-73.99073,40.734789]},"properties":{"name":"14 St-Union Sq","original_ids":"[1148, 1149, 450, 449, 1148, 1149, 1356, 1355, 449, 1148, 1149, 1356, 1355, 449, 1148, 1149, 1356, 1355, 449, 1148, 1149, 449, 1148, 1149, 1356, 1355, 449, 1148, 1149, 1356, 1355, 449, 1148, 1149, 1356, 1355, 449, 449, 1148, 1149, 449, 1148, 1149, 1356, 1355, 1355, 449, 1148, 1149, 449, 1148, 1149, 449, 449, 449, 1356, 1355, 1355, 1355, 1355, 1355]","id":367,"layer":"stop"}},{"type":"Feature","geometry":{"type":"Point","coordinates":[-73.996786,40.737335]},"properties":{"name":"6 Av","original_ids":"[1145, 1146, 1146, 1146, 1146, 1146, 1146, 1146, 1146, 1146, 1146, 1146, 1146, 1146, 1146, 1146, 795, 794, 794, 794, 794, 794, 794, 90, 89, 89, 89, 89, 89, 89, 609, 608, 608, 795, 794, 794, 89, 89, 89, 89, 89, 89, 89, 89, 89]","id":368,"layer":"stop"}},{"type":"Feature","geometry":{"type":"Point","coordinates":[-74.002578,40.739777]},"properties":{"name":"8 Av","original_ids":"[1142, 1143, 1143, 1143, 1143, 1143, 1143, 1143, 1143, 1143, 1143, 1143, 1143, 1143, 1143, 1143, 609, 608, 608, 608, 608, 608, 608]","id":369,"layer":"stop"}},{"type":"Feature","geometry":{"type":"Point","coordinates":[-73.927397,40.697857]},"properties":{"name":"Central Av","original_ids":"[1233, 1232, 1232, 1232, 1232, 1232, 1232, 1232, 1232, 1232, 1232, 1232, 1232, 1232, 1232, 1232]","id":370,"layer":"stop"}},{"type":"Feature","geometry":{"type":"Point","coordinates":[-73.919711,40.698664]},"properties":{"name":"Knickerbocker Av","original_ids":"[1230, 1229, 1229, 1229, 1229, 1229, 1229, 1229, 1229, 1229, 1229, 1229, 1229, 1229, 1229, 1229]","id":371,"layer":"stop"}},{"type":"Feature","geometry":{"type":"Point","coordinates":[-73.90774,40.702762]},"properties":{"name":"Seneca Av","original_ids":"[1224, 1223, 1223, 1223, 1223, 1223, 1223, 1223, 1223, 1223, 1223, 1223, 1223, 1223, 1223, 1223]","id":372,"layer":"stop"}},{"type":"Feature","geometry":{"type":"Point","coordinates":[-73.903077,40.704423]},"properties":{"name":"Forest Av","original_ids":"[1221, 1220, 1220, 1220, 1220, 1220, 1220, 1220, 1220, 1220, 1220, 1220, 1220, 1220, 1220, 1220]","id":373,"layer":"stop"}},{"type":"Feature","geometry":{"type":"Point","coordinates":[-73.895877,40.706186]},"properties":{"name":"Fresh Pond Rd","original_ids":"[1218, 1217, 1217, 1217, 1217, 1217, 1217, 1217, 1217, 1217, 1217, 1217, 1217, 1217, 1217, 1217]","id":374,"layer":"stop"}},{"type":"Feature","geometry":{"type":"Point","coordinates":[-73.889601,40.711396]},"properties":{"name":"Middle Village-Metropolitan Av","original_ids":"[1215, 1214, 1214, 1214, 1214, 1214, 1214, 1214, 1214, 1214, 1214, 1214, 1214, 1214, 1214, 1214]","id":375,"layer":"stop"}},{"type":"Feature","geometry":{"type":"Point","coordinates":[-73.912034,40.775036]},"properties":{"name":"Astoria-Ditmars Blvd","original_ids":"[1311, 1310, 1310, 1310, 1310, 1310, 1310, 1310, 1310, 1310, 1310, 1310, 1310, 1310, 1310, 1310]","id":376,"layer":"stop"}},{"type":"Feature","geometry":{"type":"Point","coordinates":[-73.917843,40.770258]},"properties":{"name":"Astoria Blvd","original_ids":"[1314, 1313, 1313, 1313, 1313, 1313, 1313, 1313, 1313, 1313, 1313, 1313, 1313, 1313, 1313, 1313]","id":377,"layer":"stop"}},{"type":"Feature","geometry":{"type":"Point","coordinates":[-73.921479,40.766779]},"properties":{"name":"30 Av","original_ids":"[1317, 1316, 1316, 1316, 1316, 1316, 1316, 1316, 1316, 1316, 1316, 1316, 1316, 1316, 1316, 1316]","id":378,"layer":"stop"}},{"type":"Feature","geometry":{"type":"Point","coordinates":[-73.925508,40.76182]},"properties":{"name":"Broadway","original_ids":"[1320, 1319, 1319, 1319, 1319, 1319, 1319]","id":379,"layer":"stop"}},{"type":"Feature","geometry":{"type":"Point","coordinates":[-73.929575,40.756804]},"properties":{"name":"36 Av","original_ids":"[1323, 1322, 1322, 1322, 1322, 1322, 1322, 1322, 1322, 1322, 1322, 1322, 1322, 1322, 1322, 1322]","id":380,"layer":"stop"}},{"type":"Feature","geometry":{"type":"Point","coordinates":[-73.932755,40.752882]},"properties":{"name":"39 Av-Dutch Kills","original_ids":"[1326, 1325, 1325, 1325, 1325, 1325, 1325, 1325, 1325, 1325, 1325, 1325, 1325, 1325, 1325, 1325]","id":381,"layer":"stop"}},{"type":"Feature","geometry":{"type":"Point","coordinates":[-73.967258,40.76266]},"properties":{"name":"Lexington Av/59 St","original_ids":"[1332, 1331, 1331, 1331, 1331, 1331, 1331, 1331, 1331, 1331, 1331, 1331, 1331, 1331, 1331, 1331, 432, 431, 431, 431, 431, 431, 431, 431, 431, 431, 431, 431, 431, 431, 431, 431, 702, 701, 701, 701, 701, 701, 701, 701, 701, 701, 701, 1332, 1331, 1331, 1331, 1331, 1331, 1331, 1331, 1331, 1331, 1331, 701, 701, 701, 701, 701]","id":382,"layer":"stop"}},{"type":"Feature","geometry":{"type":"Point","coordinates":[-73.973347,40.764811]},"properties":{"name":"5 Av/59 St","original_ids":"[1335, 1334, 1334, 1334, 1334, 1334, 1334, 1334, 1334, 1334, 1334, 1334, 1334, 1334, 1334, 1334]","id":383,"layer":"stop"}},{"type":"Feature","geometry":{"type":"Point","coordinates":[-73.980658,40.764664]},"properties":{"name":"57 St-7 Av","original_ids":"[1338, 1337, 1337, 1337, 1337, 1337, 1337, 1337, 1337, 1337, 1337, 1337, 1337, 1337, 1337, 1337]","id":384,"layer":"stop"}},{"type":"Feature","geometry":{"type":"Point","coordinates":[-73.984139,40.759901]},"properties":{"name":"49 St","original_ids":"[1341, 1340, 1340, 1340, 1340, 1340, 1340, 1340, 1340, 1340, 1340, 1340, 1340, 1340, 1340, 1340]","id":385,"layer":"stop"}},{"type":"Feature","geometry":{"type":"Point","coordinates":[-73.988691,40.745494]},"properties":{"name":"28 St","original_ids":"[1350, 1349, 1349, 1349, 1349, 1349, 1349]","id":386,"layer":"stop"}},{"type":"Feature","geometry":{"type":"Point","coordinates":[-73.989344,40.741303]},"properties":{"name":"23 St","original_ids":"[1353, 1352, 1352, 1352, 1352, 1352, 1352]","id":387,"layer":"stop"}},{"type":"Feature","geometry":{"type":"Point","coordinates":[-73.992629,40.730328]},"properties":{"name":"8 St-NYU","original_ids":"[1359, 1358, 1358, 1358, 1358, 1358, 1358, 1358, 1358, 1358, 1358, 1358, 1358, 1358, 1358, 1358]","id":388,"layer":"stop"}},{"type":"Feature","geometry":{"type":"Point","coordinates":[-73.997702,40.724329]},"properties":{"name":"Prince St","original_ids":"[1362, 1361, 1361, 1361, 1361, 1361, 1361, 1361, 1361, 1361, 1361, 1361, 1361, 1361, 1361, 1361]","id":389,"layer":"stop"}},{"type":"Feature","geometry":{"type":"Point","coordinates":[-74.006978,40.713282]},"properties":{"name":"City Hall","original_ids":"[1368, 1367, 1367, 1367, 1367, 1367, 1367, 1367, 1367, 1367, 1367, 1367, 1367, 1367, 1367, 1367]","id":390,"layer":"stop"}},{"type":"Feature","geometry":{"type":"Point","coordinates":[-74.013342,40.70722]},"properties":{"name":"Rector St","original_ids":"[1374, 1373]","id":391,"layer":"stop"}},{"type":"Feature","geometry":{"type":"Point","coordinates":[-74.012994,40.703087]},"properties":{"name":"Whitehall St-South Ferry","original_ids":"[1377, 1376, 1376, 1376, 1376, 1376, 1376, 1376, 1376, 1376, 1376, 1376, 1376, 1376, 1376, 1376, 117, 116, 116, 116, 116, 116, 116, 116, 116, 116, 116, 116, 116, 116, 116, 116]","id":392,"layer":"stop"}},{"type":"Feature","geometry":{"type":"Point","coordinates":[-74.010006,40.648939]},"properties":{"name":"45 St","original_ids":"[1407, 1406, 1406, 1406, 1406, 1406, 1406, 1406, 1406, 1406, 1406, 1406, 1406, 1406, 1406, 1406]","id":393,"layer":"stop"}},{"type":"Feature","geometry":{"type":"Point","coordinates":[-74.014034,40.645069]},"properties":{"name":"53 St","original_ids":"[1410, 1409, 1409, 1409, 1409, 1409, 1409, 1409, 1409, 1409, 1409, 1409, 1409, 1409, 1409, 1409]","id":394,"layer":"stop"}},{"type":"Feature","geometry":{"type":"Point","coordinates":[-74.017881,40.641362]},"properties":{"name":"59 St","original_ids":"[1413, 1412, 1412, 1412, 1412, 1412, 1412]","id":395,"layer":"stop"}},{"type":"Feature","geometry":{"type":"Point","coordinates":[-74.011719,40.635064]},"properties":{"name":"8 Av","original_ids":"[1269, 1268, 1268, 1268, 1268, 1268, 1268]","id":396,"layer":"stop"}},{"type":"Feature","geometry":{"type":"Point","coordinates":[-74.005351,40.631386]},"properties":{"name":"Fort Hamilton Pkwy","original_ids":"[1272, 1271, 1271, 1271, 1271, 1271, 1271]","id":397,"layer":"stop"}},{"type":"Feature","geometry":{"type":"Point","coordinates":[-73.996353,40.624842]},"properties":{"name":"New Utrecht Av","original_ids":"[1275, 1274, 1274, 1274, 1274, 1274, 1274, 1274, 1274, 1274, 1274, 1274, 1274, 1274, 1274, 1274, 720, 719, 719, 719, 719, 719, 719, 719, 719, 719, 719, 719, 719, 719, 719, 719]","id":398,"layer":"stop"}},{"type":"Feature","geometry":{"type":"Point","coordinates":[-73.990414,40.620671]},"properties":{"name":"18 Av","original_ids":"[1278, 1277, 1277, 1277, 1277, 1277, 1277]","id":399,"layer":"stop"}},{"type":"Feature","geometry":{"type":"Point","coordinates":[-73.985026,40.61741]},"properties":{"name":"20 Av","original_ids":"[1281, 1280, 1280, 1280, 1280, 1280, 1280]","id":400,"layer":"stop"}},{"type":"Feature","geometry":{"type":"Point","coordinates":[-73.981848,40.611815]},"properties":{"name":"Bay Pkwy","original_ids":"[1284, 1283, 1283, 1283, 1283, 1283, 1283]","id":401,"layer":"stop"}},{"type":"Feature","geometry":{"type":"Point","coordinates":[-73.980353,40.603923]},"properties":{"name":"Kings Hwy","original_ids":"[1287, 1286, 1286, 1286, 1286, 1286, 1286]","id":402,"layer":"stop"}},{"type":"Feature","geometry":{"type":"Point","coordinates":[-73.979137,40.597473]},"properties":{"name":"Avenue U","original_ids":"[1290, 1289, 1289, 1289, 1289, 1289, 1289]","id":403,"layer":"stop"}},{"type":"Feature","geometry":{"type":"Point","coordinates":[-73.97823,40.592721]},"properties":{"name":"86 St","original_ids":"[1293, 1292, 1292, 1292, 1292, 1292, 1292]","id":404,"layer":"stop"}},{"type":"Feature","geometry":{"type":"Point","coordinates":[-73.947152,40.784318]},"properties":{"name":"96 St","original_ids":"[1308, 1307, 1307, 1307, 1307, 1307, 1307]","id":405,"layer":"stop"}},{"type":"Feature","geometry":{"type":"Point","coordinates":[-73.951787,40.777891]},"properties":{"name":"86 St","original_ids":"[1305, 1304, 1304, 1304, 1304, 1304, 1304]","id":406,"layer":"stop"}},{"type":"Feature","geometry":{"type":"Point","coordinates":[-73.958424,40.768799]},"properties":{"name":"72 St","original_ids":"[1302, 1301, 1301, 1301, 1301, 1301, 1301]","id":407,"layer":"stop"}},{"type":"Feature","geometry":{"type":"Point","coordinates":[-73.961495,40.655292]},"properties":{"name":"Parkside Av","original_ids":"[816, 815, 815, 815, 815, 815, 815, 815, 815, 815, 815, 815, 815, 815, 815, 815]","id":408,"layer":"stop"}},{"type":"Feature","geometry":{"type":"Point","coordinates":[-73.964492,40.644031]},"properties":{"name":"Beverley Rd","original_ids":"[822, 821, 821, 821, 821, 821, 821, 821, 821, 821, 821, 821, 821, 821, 821, 821]","id":409,"layer":"stop"}},{"type":"Feature","geometry":{"type":"Point","coordinates":[-73.963891,40.640927]},"properties":{"name":"Cortelyou Rd","original_ids":"[825, 824, 824, 824, 824, 824, 824, 824, 824, 824, 824, 824, 824, 824, 824, 824]","id":410,"layer":"stop"}},{"type":"Feature","geometry":{"type":"Point","coordinates":[-73.961639,40.62927]},"properties":{"name":"Avenue H","original_ids":"[831, 830, 830, 830, 830, 830, 830, 830, 830, 830, 830, 834, 833, 833, 833, 833, 833, 833, 833, 833, 833, 833, 830, 830, 830, 830, 830]","id":411,"layer":"stop"}},{"type":"Feature","geometry":{"type":"Point","coordinates":[-73.960803,40.625039]},"properties":{"name":"Avenue J","original_ids":"[834, 833, 833, 833, 833, 833, 833, 833, 833, 833, 833, 833, 833, 833, 833, 833]","id":412,"layer":"stop"}},{"type":"Feature","geometry":{"type":"Point","coordinates":[-73.959399,40.617618]},"properties":{"name":"Avenue M","original_ids":"[837, 836, 836, 836, 836, 836, 836, 836, 836, 836, 836, 836, 836, 836, 836, 836]","id":413,"layer":"stop"}},{"type":"Feature","geometry":{"type":"Point","coordinates":[-73.955929,40.5993]},"properties":{"name":"Avenue U","original_ids":"[843, 842, 842, 842, 842, 842, 842]","id":414,"layer":"stop"}},{"type":"Feature","geometry":{"type":"Point","coordinates":[-73.955161,40.595246]},"properties":{"name":"Neck Rd","original_ids":"[846, 845, 845, 845, 845, 845, 845, 845, 845, 845, 845, 845, 845, 845, 845, 845]","id":415,"layer":"stop"}},{"type":"Feature","geometry":{"type":"Point","coordinates":[-73.968501,40.576312]},"properties":{"name":"Ocean Pkwy","original_ids":"[855, 854, 854, 854, 854, 854, 854, 854, 854, 854, 854, 854, 854, 854, 854, 854]","id":416,"layer":"stop"}},{"type":"Feature","geometry":{"type":"Point","coordinates":[-74.023377,40.634967]},"properties":{"name":"Bay Ridge Av","original_ids":"[1416, 1415, 1415, 1415, 1415, 1415, 1415, 1415, 1415, 1415, 1415, 1415, 1415, 1415, 1415, 1415]","id":417,"layer":"stop"}},{"type":"Feature","geometry":{"type":"Point","coordinates":[-74.02551,40.629742]},"properties":{"name":"77 St","original_ids":"[1419, 1418, 1418, 1418, 1418, 1418, 1418]","id":418,"layer":"stop"}},{"type":"Feature","geometry":{"type":"Point","coordinates":[-74.028398,40.622687]},"properties":{"name":"86 St","original_ids":"[1422, 1421, 1421, 1421, 1421, 1421, 1421]","id":419,"layer":"stop"}},{"type":"Feature","geometry":{"type":"Point","coordinates":[-74.030876,40.616622]},"properties":{"name":"Bay Ridge-95 St","original_ids":"[1425, 1424, 1424, 1424, 1424, 1424, 1424, 1424, 1424, 1424, 1424, 1424, 1424, 1424, 1424, 1424]","id":420,"layer":"stop"}},{"type":"Feature","properties":{"shape_id":"{\"1..S03R\": 164}","direction_id":"{\"1\": 164}","headsign":"{\"South Ferry\": 164}","duration_avg":90.0,"n_vehicles":164,"d":545,"route_I_counts":"{\"1\": 164}","source":0,"target":1,"layer":"L","from":"Van Cortlandt Park-242 St","to":"238 St"},"geometry":{"type":"LineString","coordinates":[[-73.898583,40.889248],[-73.90087,40.884667]]}},{"type":"Feature","properties":{"shape_id":"{\"1..S03R\": 163, \"1..S04R\": 7}","direction_id":"{\"1\": 170}","headsign":"{\"South Ferry\": 170}","duration_avg":90.0,"n_vehicles":170,"d":727,"route_I_counts":"{\"1\": 170}","source":1,"target":2,"layer":"L","from":"238 St","to":"231 St"},"geometry":{"type":"LineString","coordinates":[[-73.90087,40.884667],[-73.904834,40.878856]]}},{"type":"Feature","properties":{"duration_avg":85.69148936170212,"n_vehicles":188,"d":545,"route_I_counts":"{\"1\": 188}","shape_id":"{\"1..N03R\": 188}","direction_id":"{\"0\": 188}","headsign":"{\"Van Cortlandt Park-242 St\": 188}","source":1,"target":0,"layer":"L","from":"238 St","to":"Van Cortlandt Park-242 St"},"geometry":{"type":"LineString","coordinates":[[-73.90087,40.884667],[-73.898583,40.889248]]}},{"type":"Feature","properties":{"shape_id":"{\"1..S03R\": 164, \"1..S04R\": 7}","direction_id":"{\"1\": 171}","headsign":"{\"South Ferry\": 171}","duration_avg":90.0,"n_vehicles":171,"d":636,"route_I_counts":"{\"1\": 171}","source":2,"target":3,"layer":"L","from":"231 St","to":"Marble Hill-225 St"},"geometry":{"type":"LineString","coordinates":[[-73.904834,40.878856],[-73.909831,40.874561]]}},{"type":"Feature","properties":{"duration_avg":94.46808510638297,"n_vehicles":188,"d":727,"route_I_counts":"{\"1\": 188}","shape_id":"{\"1..N03R\": 188}","direction_id":"{\"0\": 188}","headsign":"{\"Van Cortlandt Park-242 St\": 188}","source":2,"target":1,"layer":"L","from":"231 St","to":"238 St"},"geometry":{"type":"LineString","coordinates":[[-73.904834,40.878856],[-73.90087,40.884667]]}},{"type":"Feature","properties":{"shape_id":"{\"1..S03R\": 164, \"1..S04R\": 7}","direction_id":"{\"1\": 171}","headsign":"{\"South Ferry\": 171}","duration_avg":90.0,"n_vehicles":171,"d":731,"route_I_counts":"{\"1\": 171}","source":3,"target":4,"layer":"L","from":"Marble Hill-225 St","to":"215 St"},"geometry":{"type":"LineString","coordinates":[[-73.909831,40.874561],[-73.915279,40.869444]]}},{"type":"Feature","properties":{"duration_avg":90.0,"n_vehicles":188,"d":636,"route_I_counts":"{\"1\": 188}","shape_id":"{\"1..N03R\": 188}","direction_id":"{\"0\": 188}","headsign":"{\"Van Cortlandt Park-242 St\": 188}","source":3,"target":2,"layer":"L","from":"Marble Hill-225 St","to":"231 St"},"geometry":{"type":"LineString","coordinates":[[-73.909831,40.874561],[-73.904834,40.878856]]}},{"type":"Feature","properties":{"shape_id":"{\"1..S03R\": 165, \"1..S04R\": 7}","direction_id":"{\"1\": 172}","headsign":"{\"South Ferry\": 172}","duration_avg":60.0,"n_vehicles":172,"d":614,"route_I_counts":"{\"1\": 172}","source":4,"target":5,"layer":"L","from":"215 St","to":"207 St"},"geometry":{"type":"LineString","coordinates":[[-73.915279,40.869444],[-73.918822,40.864621]]}},{"type":"Feature","properties":{"duration_avg":90.0,"n_vehicles":187,"d":731,"route_I_counts":"{\"1\": 187}","shape_id":"{\"1..N03R\": 187}","direction_id":"{\"0\": 187}","headsign":"{\"Van Cortlandt Park-242 St\": 187}","source":4,"target":3,"layer":"L","from":"215 St","to":"Marble Hill-225 St"},"geometry":{"type":"LineString","coordinates":[[-73.915279,40.869444],[-73.909831,40.874561]]}},{"type":"Feature","properties":{"shape_id":"{\"1..S03R\": 165, \"1..S04R\": 7}","direction_id":"{\"1\": 172}","headsign":"{\"South Ferry\": 172}","duration_avg":90.0,"n_vehicles":172,"d":725,"route_I_counts":"{\"1\": 172}","source":5,"target":6,"layer":"L","from":"207 St","to":"Dyckman St"},"geometry":{"type":"LineString","coordinates":[[-73.918822,40.864621],[-73.925536,40.860531]]}},{"type":"Feature","properties":{"duration_avg":89.68253968253968,"n_vehicles":189,"d":614,"route_I_counts":"{\"1\": 189}","shape_id":"{\"1..N03R\": 187}","direction_id":"{\"0\": 189}","headsign":"{\"215 St\": 2, \"Van Cortlandt Park-242 St\": 187}","source":5,"target":4,"layer":"L","from":"207 St","to":"215 St"},"geometry":{"type":"LineString","coordinates":[[-73.918822,40.864621],[-73.915279,40.869444]]}},{"type":"Feature","properties":{"shape_id":"{\"1..S03R\": 165, \"1..S04R\": 7}","direction_id":"{\"1\": 172}","headsign":"{\"South Ferry\": 172}","duration_avg":90.0,"n_vehicles":172,"d":674,"route_I_counts":"{\"1\": 172}","source":6,"target":7,"layer":"L","from":"Dyckman St","to":"191 St"},"geometry":{"type":"LineString","coordinates":[[-73.925536,40.860531],[-73.929412,40.855225]]}},{"type":"Feature","properties":{"duration_avg":90.0,"n_vehicles":188,"d":725,"route_I_counts":"{\"1\": 188}","shape_id":"{\"1..N03R\": 186}","direction_id":"{\"0\": 188}","headsign":"{\"215 St\": 2, \"Van Cortlandt Park-242 St\": 186}","source":6,"target":5,"layer":"L","from":"Dyckman St","to":"207 St"},"geometry":{"type":"LineString","coordinates":[[-73.925536,40.860531],[-73.918822,40.864621]]}},{"type":"Feature","properties":{"shape_id":"{\"1..S03R\": 165, \"1..S04R\": 7}","direction_id":"{\"1\": 172}","headsign":"{\"South Ferry\": 172}","duration_avg":90.0,"n_vehicles":172,"d":727,"route_I_counts":"{\"1\": 172}","source":7,"target":8,"layer":"L","from":"191 St","to":"181 St"},"geometry":{"type":"LineString","coordinates":[[-73.929412,40.855225],[-73.933596,40.849505]]}},{"type":"Feature","properties":{"duration_avg":68.88888888888889,"n_vehicles":189,"d":674,"route_I_counts":"{\"1\": 189}","shape_id":"{\"1..N03R\": 187}","direction_id":"{\"0\": 189}","headsign":"{\"215 St\": 2, \"Van Cortlandt Park-242 St\": 187}","source":7,"target":6,"layer":"L","from":"191 St","to":"Dyckman St"},"geometry":{"type":"LineString","coordinates":[[-73.929412,40.855225],[-73.925536,40.860531]]}},{"type":"Feature","properties":{"duration_avg":90.0,"n_vehicles":189,"d":727,"route_I_counts":"{\"1\": 189}","shape_id":"{\"1..N03R\": 187}","direction_id":"{\"0\": 189}","headsign":"{\"215 St\": 2, \"Van Cortlandt Park-242 St\": 187}","source":8,"target":7,"layer":"L","from":"181 St","to":"191 St"},"geometry":{"type":"LineString","coordinates":[[-73.933596,40.849505],[-73.929412,40.855225]]}},{"type":"Feature","properties":{"duration_avg":120.0,"n_vehicles":173,"d":1138,"route_I_counts":"{\"1\": 173}","shape_id":"{\"1..S03R\": 166, \"1..S04R\": 7}","direction_id":"{\"1\": 173}","headsign":"{\"South Ferry\": 173}","source":8,"target":162,"layer":"L","from":"181 St","to":"168 St"},"geometry":{"type":"LineString","coordinates":[[-73.933596,40.849505],[-73.939561,40.840719]]}},{"type":"Feature","properties":{"shape_id":"{\"1..S03R\": 166, \"1..S04R\": 7}","direction_id":"{\"1\": 173}","headsign":"{\"South Ferry\": 173}","duration_avg":120.0,"n_vehicles":173,"d":952,"route_I_counts":"{\"1\": 173}","source":9,"target":10,"layer":"L","from":"157 St","to":"145 St"},"geometry":{"type":"LineString","coordinates":[[-73.94489,40.834041],[-73.95036,40.826551]]}},{"type":"Feature","properties":{"duration_avg":90.0,"n_vehicles":187,"d":828,"route_I_counts":"{\"1\": 187}","shape_id":"{\"1..N03R\": 186}","direction_id":"{\"0\": 187}","headsign":"{\"215 St\": 1, \"Van Cortlandt Park-242 St\": 186}","source":9,"target":162,"layer":"L","from":"157 St","to":"168 St"},"geometry":{"type":"LineString","coordinates":[[-73.94489,40.834041],[-73.939561,40.840719]]}},{"type":"Feature","properties":{"shape_id":"{\"1..S03R\": 166, \"1..S04R\": 7}","direction_id":"{\"1\": 173}","headsign":"{\"South Ferry\": 173}","duration_avg":90.0,"n_vehicles":173,"d":577,"route_I_counts":"{\"1\": 173}","source":10,"target":11,"layer":"L","from":"145 St","to":"137 St-City College"},"geometry":{"type":"LineString","coordinates":[[-73.95036,40.826551],[-73.953676,40.822008]]}},{"type":"Feature","properties":{"duration_avg":120.0,"n_vehicles":187,"d":952,"route_I_counts":"{\"1\": 187}","shape_id":"{\"1..N03R\": 186}","direction_id":"{\"0\": 187}","headsign":"{\"215 St\": 1, \"Van Cortlandt Park-242 St\": 186}","source":10,"target":9,"layer":"L","from":"145 St","to":"157 St"},"geometry":{"type":"LineString","coordinates":[[-73.95036,40.826551],[-73.94489,40.834041]]}},{"type":"Feature","properties":{"shape_id":"{\"1..S03R\": 166, \"1..S04R\": 7}","direction_id":"{\"1\": 173}","headsign":"{\"South Ferry\": 173}","duration_avg":90.0,"n_vehicles":173,"d":817,"route_I_counts":"{\"1\": 173}","source":11,"target":12,"layer":"L","from":"137 St-City College","to":"125 St"},"geometry":{"type":"LineString","coordinates":[[-73.953676,40.822008],[-73.958372,40.815581]]}},{"type":"Feature","properties":{"duration_avg":90.0,"n_vehicles":186,"d":577,"route_I_counts":"{\"1\": 186}","shape_id":"{\"1..N03R\": 185}","direction_id":"{\"0\": 186}","headsign":"{\"215 St\": 1, \"Van Cortlandt Park-242 St\": 185}","source":11,"target":10,"layer":"L","from":"137 St-City College","to":"145 St"},"geometry":{"type":"LineString","coordinates":[[-73.953676,40.822008],[-73.95036,40.826551]]}},{"type":"Feature","properties":{"shape_id":"{\"1..S03R\": 166, \"1..S04R\": 7}","direction_id":"{\"1\": 173}","headsign":"{\"South Ferry\": 173}","duration_avg":145.31791907514452,"n_vehicles":173,"d":999,"route_I_counts":"{\"1\": 173}","source":12,"target":13,"layer":"L","from":"125 St","to":"116 St-Columbia University"},"geometry":{"type":"LineString","coordinates":[[-73.958372,40.815581],[-73.96411,40.807722]]}},{"type":"Feature","properties":{"duration_avg":98.87096774193549,"n_vehicles":186,"d":817,"route_I_counts":"{\"1\": 186}","shape_id":"{\"1..N03R\": 185}","direction_id":"{\"0\": 186}","headsign":"{\"215 St\": 1, \"Van Cortlandt Park-242 St\": 185}","source":12,"target":11,"layer":"L","from":"125 St","to":"137 St-City College"},"geometry":{"type":"LineString","coordinates":[[-73.958372,40.815581],[-73.953676,40.822008]]}},{"type":"Feature","properties":{"shape_id":"{\"1..S03R\": 167, \"1..S04R\": 7}","direction_id":"{\"1\": 174}","headsign":"{\"South Ferry\": 174}","duration_avg":60.0,"n_vehicles":174,"d":477,"route_I_counts":"{\"1\": 174}","source":13,"target":14,"layer":"L","from":"116 St-Columbia University","to":"Cathedral Pkwy (110 St)"},"geometry":{"type":"LineString","coordinates":[[-73.96411,40.807722],[-73.966847,40.803967]]}},{"type":"Feature","properties":{"duration_avg":141.0810810810811,"n_vehicles":185,"d":999,"route_I_counts":"{\"1\": 185}","shape_id":"{\"1..N03R\": 184}","direction_id":"{\"0\": 185}","headsign":"{\"215 St\": 1, \"Van Cortlandt Park-242 St\": 184}","source":13,"target":12,"layer":"L","from":"116 St-Columbia University","to":"125 St"},"geometry":{"type":"LineString","coordinates":[[-73.96411,40.807722],[-73.958372,40.815581]]}},{"type":"Feature","properties":{"shape_id":"{\"1..S03R\": 167, \"1..S04R\": 7}","direction_id":"{\"1\": 174}","headsign":"{\"South Ferry\": 174}","duration_avg":60.0,"n_vehicles":174,"d":519,"route_I_counts":"{\"1\": 174}","source":14,"target":15,"layer":"L","from":"Cathedral Pkwy (110 St)","to":"103 St"},"geometry":{"type":"LineString","coordinates":[[-73.966847,40.803967],[-73.968379,40.799446]]}},{"type":"Feature","properties":{"duration_avg":60.0,"n_vehicles":185,"d":477,"route_I_counts":"{\"1\": 185}","shape_id":"{\"1..N03R\": 184}","direction_id":"{\"0\": 185}","headsign":"{\"215 St\": 1, \"Van Cortlandt Park-242 St\": 184}","source":14,"target":13,"layer":"L","from":"Cathedral Pkwy (110 St)","to":"116 St-Columbia University"},"geometry":{"type":"LineString","coordinates":[[-73.966847,40.803967],[-73.96411,40.807722]]}},{"type":"Feature","properties":{"shape_id":"{\"1..S03R\": 167, \"1..S04R\": 7}","direction_id":"{\"1\": 174}","headsign":"{\"South Ferry\": 174}","duration_avg":120.0,"n_vehicles":174,"d":699,"route_I_counts":"{\"1\": 174}","source":15,"target":16,"layer":"L","from":"103 St","to":"96 St"},"geometry":{"type":"LineString","coordinates":[[-73.968379,40.799446],[-73.972323,40.793919]]}},{"type":"Feature","properties":{"duration_avg":68.91891891891892,"n_vehicles":185,"d":519,"route_I_counts":"{\"1\": 185}","shape_id":"{\"1..N03R\": 184}","direction_id":"{\"0\": 185}","headsign":"{\"215 St\": 1, \"Van Cortlandt Park-242 St\": 184}","source":15,"target":14,"layer":"L","from":"103 St","to":"Cathedral Pkwy (110 St)"},"geometry":{"type":"LineString","coordinates":[[-73.968379,40.799446],[-73.966847,40.803967]]}},{"type":"Feature","properties":{"shape_id":"{\"1..S03R\": 168, \"1..S04R\": 7, \"2..S08R\": 15}","direction_id":"{\"1\": 190}","headsign":"{\"Flatbush Av-Brooklyn College\": 15, \"South Ferry\": 175}","duration_avg":114.3157894736842,"n_vehicles":190,"d":672,"route_I_counts":"{\"1\": 175, \"2\": 15}","source":16,"target":17,"layer":"L","from":"96 St","to":"86 St"},"geometry":{"type":"LineString","coordinates":[[-73.972323,40.793919],[-73.976218,40.788644]]}},{"type":"Feature","properties":{"shape_id":"{\"2..S01R\": 105, \"3..S01R\": 90, \"3..S03R\": 1, \"3..S42R\": 20}","direction_id":"{\"1\": 216}","headsign":"{\"Flatbush Av-Brooklyn College\": 105, \"New Lots Av\": 91, \"Times Sq-42 St\": 20}","duration_avg":169.16666666666666,"n_vehicles":216,"d":1904,"route_I_counts":"{\"2\": 105, \"3\": 111}","source":16,"target":19,"layer":"L","from":"96 St","to":"72 St"},"geometry":{"type":"LineString","coordinates":[[-73.972323,40.793919],[-73.98197,40.778453]]}},{"type":"Feature","properties":{"duration_avg":90.0,"n_vehicles":184,"d":699,"route_I_counts":"{\"1\": 184}","shape_id":"{\"1..N03R\": 183}","direction_id":"{\"0\": 184}","headsign":"{\"215 St\": 1, \"Van Cortlandt Park-242 St\": 183}","source":16,"target":15,"layer":"L","from":"96 St","to":"103 St"},"geometry":{"type":"LineString","coordinates":[[-73.972323,40.793919],[-73.968379,40.799446]]}},{"type":"Feature","properties":{"duration_avg":298.94117647058823,"n_vehicles":255,"d":1820,"route_I_counts":"{\"2\": 130, \"3\": 125}","shape_id":"{\"2..N01R\": 113, \"2..N03R\": 5, \"2..N08R\": 12, \"3..N01R\": 106, \"3..N42R\": 19}","direction_id":"{\"0\": 255}","headsign":"{\"Harlem-148 St\": 125, \"Wakefield-241 St\": 130}","source":16,"target":55,"layer":"L","from":"96 St","to":"Central Park North (110 St)"},"geometry":{"type":"LineString","coordinates":[[-73.972323,40.793919],[-73.951822,40.799075]]}},{"type":"Feature","properties":{"shape_id":"{\"1..S03R\": 168, \"1..S04R\": 7, \"2..S08R\": 15}","direction_id":"{\"1\": 190}","headsign":"{\"Flatbush Av-Brooklyn College\": 15, \"South Ferry\": 175}","duration_avg":65.6842105263158,"n_vehicles":190,"d":610,"route_I_counts":"{\"1\": 175, \"2\": 15}","source":17,"target":18,"layer":"L","from":"86 St","to":"79 St"},"geometry":{"type":"LineString","coordinates":[[-73.976218,40.788644],[-73.979917,40.783934]]}},{"type":"Feature","properties":{"duration_avg":108.6734693877551,"n_vehicles":196,"d":672,"route_I_counts":"{\"1\": 184, \"2\": 12}","shape_id":"{\"1..N03R\": 183, \"2..N08R\": 12}","direction_id":"{\"0\": 196}","headsign":"{\"215 St\": 1, \"Van Cortlandt Park-242 St\": 183, \"Wakefield-241 St\": 12}","source":17,"target":16,"layer":"L","from":"86 St","to":"96 St"},"geometry":{"type":"LineString","coordinates":[[-73.976218,40.788644],[-73.972323,40.793919]]}},{"type":"Feature","properties":{"shape_id":"{\"1..S03R\": 168, \"1..S04R\": 7, \"2..S08R\": 15}","direction_id":"{\"1\": 190}","headsign":"{\"Flatbush Av-Brooklyn College\": 15, \"South Ferry\": 175}","duration_avg":90.0,"n_vehicles":190,"d":634,"route_I_counts":"{\"1\": 175, \"2\": 15}","source":18,"target":19,"layer":"L","from":"79 St","to":"72 St"},"geometry":{"type":"LineString","coordinates":[[-73.979917,40.783934],[-73.98197,40.778453]]}},{"type":"Feature","properties":{"duration_avg":74.76923076923077,"n_vehicles":195,"d":610,"route_I_counts":"{\"1\": 183, \"2\": 12}","shape_id":"{\"1..N03R\": 182, \"2..N08R\": 12}","direction_id":"{\"0\": 195}","headsign":"{\"215 St\": 1, \"Van Cortlandt Park-242 St\": 182, \"Wakefield-241 St\": 12}","source":18,"target":17,"layer":"L","from":"79 St","to":"86 St"},"geometry":{"type":"LineString","coordinates":[[-73.979917,40.783934],[-73.976218,40.788644]]}},{"type":"Feature","properties":{"shape_id":"{\"1..S03R\": 169, \"1..S04R\": 7, \"2..S08R\": 15}","direction_id":"{\"1\": 191}","headsign":"{\"Flatbush Av-Brooklyn College\": 15, \"South Ferry\": 176}","duration_avg":84.3455497382199,"n_vehicles":191,"d":558,"route_I_counts":"{\"1\": 176, \"2\": 15}","source":19,"target":20,"layer":"L","from":"72 St","to":"66 St-Lincoln Center"},"geometry":{"type":"LineString","coordinates":[[-73.98197,40.778453],[-73.982209,40.77344]]}},{"type":"Feature","properties":{"duration_avg":105.15306122448979,"n_vehicles":196,"d":634,"route_I_counts":"{\"1\": 184, \"2\": 12}","shape_id":"{\"1..N03R\": 183, \"2..N08R\": 12}","direction_id":"{\"0\": 196}","headsign":"{\"215 St\": 1, \"Van Cortlandt Park-242 St\": 183, \"Wakefield-241 St\": 12}","source":19,"target":18,"layer":"L","from":"72 St","to":"79 St"},"geometry":{"type":"LineString","coordinates":[[-73.98197,40.778453],[-73.979917,40.783934]]}},{"type":"Feature","properties":{"duration_avg":185.22821576763485,"n_vehicles":241,"d":1904,"route_I_counts":"{\"2\": 117, \"3\": 124}","shape_id":"{\"2..N01R\": 112, \"2..N03R\": 5, \"3..N01R\": 105, \"3..N42R\": 19}","direction_id":"{\"0\": 241}","headsign":"{\"Harlem-148 St\": 124, \"Wakefield-241 St\": 117}","source":19,"target":16,"layer":"L","from":"72 St","to":"96 St"},"geometry":{"type":"LineString","coordinates":[[-73.98197,40.778453],[-73.972323,40.793919]]}},{"type":"Feature","properties":{"duration_avg":269.44700460829495,"n_vehicles":217,"d":2620,"route_I_counts":"{\"2\": 106, \"3\": 111}","shape_id":"{\"2..S01R\": 106, \"3..S01R\": 90, \"3..S03R\": 1, \"3..S42R\": 20}","direction_id":"{\"1\": 217}","headsign":"{\"Flatbush Av-Brooklyn College\": 106, \"New Lots Av\": 91, \"Times Sq-42 St\": 20}","source":19,"target":232,"layer":"L","from":"72 St","to":"42 St-Bryant Pk"},"geometry":{"type":"LineString","coordinates":[[-73.98197,40.778453],[-73.984569,40.754222]]}},{"type":"Feature","properties":{"duration_avg":63.36734693877551,"n_vehicles":196,"d":558,"route_I_counts":"{\"1\": 184, \"2\": 12}","shape_id":"{\"1..N03R\": 183, \"2..N08R\": 12}","direction_id":"{\"0\": 196}","headsign":"{\"215 St\": 1, \"Van Cortlandt Park-242 St\": 183, \"Wakefield-241 St\": 12}","source":20,"target":19,"layer":"L","from":"66 St-Lincoln Center","to":"72 St"},"geometry":{"type":"LineString","coordinates":[[-73.982209,40.77344],[-73.98197,40.778453]]}},{"type":"Feature","properties":{"duration_avg":90.0,"n_vehicles":190,"d":578,"route_I_counts":"{\"1\": 176, \"2\": 14}","shape_id":"{\"1..S03R\": 169, \"1..S04R\": 7, \"2..S08R\": 14}","direction_id":"{\"1\": 190}","headsign":"{\"Flatbush Av-Brooklyn College\": 14, \"South Ferry\": 176}","source":20,"target":175,"layer":"L","from":"66 St-Lincoln Center","to":"59 St-Columbus Circle"},"geometry":{"type":"LineString","coordinates":[[-73.982209,40.77344],[-73.981736,40.768296]]}},{"type":"Feature","properties":{"duration_avg":120.0,"n_vehicles":195,"d":743,"route_I_counts":"{\"1\": 183, \"2\": 12}","shape_id":"{\"1..N03R\": 183, \"2..N08R\": 12}","direction_id":"{\"0\": 195}","headsign":"{\"Van Cortlandt Park-242 St\": 183, \"Wakefield-241 St\": 12}","source":21,"target":175,"layer":"L","from":"50 St","to":"59 St-Columbus Circle"},"geometry":{"type":"LineString","coordinates":[[-73.983849,40.761728],[-73.981736,40.768296]]}},{"type":"Feature","properties":{"duration_avg":98.36842105263158,"n_vehicles":190,"d":779,"route_I_counts":"{\"1\": 176, \"2\": 14}","shape_id":"{\"1..S03R\": 169, \"1..S04R\": 7, \"2..S08R\": 14}","direction_id":"{\"1\": 190}","headsign":"{\"Flatbush Av-Brooklyn College\": 14, \"South Ferry\": 176}","source":21,"target":232,"layer":"L","from":"50 St","to":"42 St-Bryant Pk"},"geometry":{"type":"LineString","coordinates":[[-73.983849,40.761728],[-73.984569,40.754222]]}},{"type":"Feature","properties":{"shape_id":"{\"1..S03R\": 169, \"1..S04R\": 7, \"2..S08R\": 14}","direction_id":"{\"1\": 190}","headsign":"{\"Flatbush Av-Brooklyn College\": 14, \"South Ferry\": 176}","duration_avg":78.47368421052632,"n_vehicles":190,"d":401,"route_I_counts":"{\"1\": 176, \"2\": 14}","source":22,"target":23,"layer":"L","from":"34 St-Penn Station","to":"28 St"},"geometry":{"type":"LineString","coordinates":[[-73.991057,40.750373],[-73.993365,40.747215]]}},{"type":"Feature","properties":{"duration_avg":78.6231884057971,"n_vehicles":414,"d":624,"route_I_counts":"{\"1\": 182, \"2\": 128, \"3\": 104}","shape_id":"{\"1..N03R\": 182, \"2..N01R\": 111, \"2..N03R\": 5, \"2..N08R\": 12, \"3..N01R\": 104}","direction_id":"{\"0\": 414}","headsign":"{\"Harlem-148 St\": 104, \"Van Cortlandt Park-242 St\": 182, \"Wakefield-241 St\": 128}","source":22,"target":232,"layer":"L","from":"34 St-Penn Station","to":"42 St-Bryant Pk"},"geometry":{"type":"LineString","coordinates":[[-73.991057,40.750373],[-73.984569,40.754222]]}},{"type":"Feature","properties":{"duration_avg":180.7537688442211,"n_vehicles":199,"d":1595,"route_I_counts":"{\"2\": 107, \"3\": 92}","shape_id":"{\"2..S01R\": 106, \"2..S03R\": 1, \"3..S01R\": 91, \"3..S03R\": 1}","direction_id":"{\"1\": 199}","headsign":"{\"Flatbush Av-Brooklyn College\": 106, \"New Lots Av\": 93}","source":22,"target":368,"layer":"L","from":"34 St-Penn Station","to":"6 Av"},"geometry":{"type":"LineString","coordinates":[[-73.991057,40.750373],[-73.996786,40.737335]]}},{"type":"Feature","properties":{"shape_id":"{\"1..S03R\": 169, \"1..S04R\": 7, \"2..S08R\": 14}","direction_id":"{\"1\": 190}","headsign":"{\"Flatbush Av-Brooklyn College\": 14, \"South Ferry\": 176}","duration_avg":60.0,"n_vehicles":190,"d":398,"route_I_counts":"{\"1\": 176, \"2\": 14}","source":23,"target":24,"layer":"L","from":"28 St","to":"23 St"},"geometry":{"type":"LineString","coordinates":[[-73.993365,40.747215],[-73.995657,40.744081]]}},{"type":"Feature","properties":{"duration_avg":71.6923076923077,"n_vehicles":195,"d":401,"route_I_counts":"{\"1\": 182, \"2\": 13}","shape_id":"{\"1..N03R\": 182, \"2..N08R\": 13}","direction_id":"{\"0\": 195}","headsign":"{\"Van Cortlandt Park-242 St\": 182, \"Wakefield-241 St\": 13}","source":23,"target":22,"layer":"L","from":"28 St","to":"34 St-Penn Station"},"geometry":{"type":"LineString","coordinates":[[-73.993365,40.747215],[-73.991057,40.750373]]}},{"type":"Feature","properties":{"shape_id":"{\"1..S03R\": 170, \"1..S04R\": 7, \"2..S08R\": 14}","direction_id":"{\"1\": 191}","headsign":"{\"Flatbush Av-Brooklyn College\": 14, \"South Ferry\": 177}","duration_avg":60.0,"n_vehicles":191,"d":386,"route_I_counts":"{\"1\": 177, \"2\": 14}","source":24,"target":25,"layer":"L","from":"23 St","to":"18 St"},"geometry":{"type":"LineString","coordinates":[[-73.995657,40.744081],[-73.997871,40.74104]]}},{"type":"Feature","properties":{"duration_avg":60.0,"n_vehicles":195,"d":398,"route_I_counts":"{\"1\": 182, \"2\": 13}","shape_id":"{\"1..N03R\": 182, \"2..N08R\": 13}","direction_id":"{\"0\": 195}","headsign":"{\"Van Cortlandt Park-242 St\": 182, \"Wakefield-241 St\": 13}","source":24,"target":23,"layer":"L","from":"23 St","to":"28 St"},"geometry":{"type":"LineString","coordinates":[[-73.995657,40.744081],[-73.993365,40.747215]]}},{"type":"Feature","properties":{"duration_avg":60.0,"n_vehicles":194,"d":386,"route_I_counts":"{\"1\": 181, \"2\": 13}","shape_id":"{\"1..N03R\": 181, \"2..N08R\": 13}","direction_id":"{\"0\": 194}","headsign":"{\"Van Cortlandt Park-242 St\": 181, \"Wakefield-241 St\": 13}","source":25,"target":24,"layer":"L","from":"18 St","to":"23 St"},"geometry":{"type":"LineString","coordinates":[[-73.997871,40.74104],[-73.995657,40.744081]]}},{"type":"Feature","properties":{"duration_avg":60.0,"n_vehicles":191,"d":408,"route_I_counts":"{\"1\": 177, \"2\": 14}","shape_id":"{\"1..S03R\": 170, \"1..S04R\": 7, \"2..S08R\": 14}","direction_id":"{\"1\": 191}","headsign":"{\"Flatbush Av-Brooklyn College\": 14, \"South Ferry\": 177}","source":25,"target":368,"layer":"L","from":"18 St","to":"6 Av"},"geometry":{"type":"LineString","coordinates":[[-73.997871,40.74104],[-73.996786,40.737335]]}},{"type":"Feature","properties":{"shape_id":"{\"1..S03R\": 170, \"1..S04R\": 7, \"2..S08R\": 14}","direction_id":"{\"1\": 191}","headsign":"{\"Flatbush Av-Brooklyn College\": 14, \"South Ferry\": 177}","duration_avg":90.0,"n_vehicles":191,"d":611,"route_I_counts":"{\"1\": 177, \"2\": 14}","source":26,"target":27,"layer":"L","from":"Christopher St-Sheridan Sq","to":"Houston St"},"geometry":{"type":"LineString","coordinates":[[-74.002906,40.733422],[-74.005367,40.728251]]}},{"type":"Feature","properties":{"duration_avg":90.0,"n_vehicles":194,"d":540,"route_I_counts":"{\"1\": 181, \"2\": 13}","shape_id":"{\"1..N03R\": 181, \"2..N08R\": 13}","direction_id":"{\"0\": 194}","headsign":"{\"Van Cortlandt Park-242 St\": 181, \"Wakefield-241 St\": 13}","source":26,"target":368,"layer":"L","from":"Christopher St-Sheridan Sq","to":"6 Av"},"geometry":{"type":"LineString","coordinates":[[-74.002906,40.733422],[-73.996786,40.737335]]}},{"type":"Feature","properties":{"shape_id":"{\"1..S03R\": 171, \"1..S04R\": 7, \"2..S08R\": 14}","direction_id":"{\"1\": 192}","headsign":"{\"Flatbush Av-Brooklyn College\": 14, \"South Ferry\": 178}","duration_avg":101.40625,"n_vehicles":192,"d":605,"route_I_counts":"{\"1\": 178, \"2\": 14}","source":27,"target":28,"layer":"L","from":"Houston St","to":"Canal St"},"geometry":{"type":"LineString","coordinates":[[-74.005367,40.728251],[-74.006277,40.722854]]}},{"type":"Feature","properties":{"duration_avg":91.70984455958549,"n_vehicles":193,"d":611,"route_I_counts":"{\"1\": 180, \"2\": 13}","shape_id":"{\"1..N03R\": 180, \"2..N08R\": 13}","direction_id":"{\"0\": 193}","headsign":"{\"Van Cortlandt Park-242 St\": 180, \"Wakefield-241 St\": 13}","source":27,"target":26,"layer":"L","from":"Houston St","to":"Christopher St-Sheridan Sq"},"geometry":{"type":"LineString","coordinates":[[-74.005367,40.728251],[-74.002906,40.733422]]}},{"type":"Feature","properties":{"shape_id":"{\"1..S03R\": 171, \"1..S04R\": 7, \"2..S08R\": 13}","direction_id":"{\"1\": 191}","headsign":"{\"Flatbush Av-Brooklyn College\": 13, \"South Ferry\": 178}","duration_avg":60.0,"n_vehicles":191,"d":396,"route_I_counts":"{\"1\": 178, \"2\": 13}","source":28,"target":29,"layer":"L","from":"Canal St","to":"Franklin St"},"geometry":{"type":"LineString","coordinates":[[-74.006277,40.722854],[-74.006886,40.719318]]}},{"type":"Feature","properties":{"duration_avg":108.18652849740933,"n_vehicles":193,"d":605,"route_I_counts":"{\"1\": 180, \"2\": 13}","shape_id":"{\"1..N03R\": 180, \"2..N08R\": 13}","direction_id":"{\"0\": 193}","headsign":"{\"Van Cortlandt Park-242 St\": 180, \"Wakefield-241 St\": 13}","source":28,"target":27,"layer":"L","from":"Canal St","to":"Houston St"},"geometry":{"type":"LineString","coordinates":[[-74.006277,40.722854],[-74.005367,40.728251]]}},{"type":"Feature","properties":{"shape_id":"{\"1..S03R\": 171, \"1..S04R\": 7, \"2..S08R\": 13}","direction_id":"{\"1\": 191}","headsign":"{\"Flatbush Av-Brooklyn College\": 13, \"South Ferry\": 178}","duration_avg":78.69109947643979,"n_vehicles":191,"d":472,"route_I_counts":"{\"1\": 178, \"2\": 13}","source":29,"target":30,"layer":"L","from":"Franklin St","to":"Chambers St"},"geometry":{"type":"LineString","coordinates":[[-74.006886,40.719318],[-74.009266,40.715478]]}},{"type":"Feature","properties":{"duration_avg":60.0,"n_vehicles":193,"d":396,"route_I_counts":"{\"1\": 180, \"2\": 13}","shape_id":"{\"1..N03R\": 180, \"2..N08R\": 13}","direction_id":"{\"0\": 193}","headsign":"{\"Van Cortlandt Park-242 St\": 180, \"Wakefield-241 St\": 13}","source":29,"target":28,"layer":"L","from":"Franklin St","to":"Canal St"},"geometry":{"type":"LineString","coordinates":[[-74.006886,40.719318],[-74.006277,40.722854]]}},{"type":"Feature","properties":{"shape_id":"{\"1..S03R\": 171, \"1..S04R\": 7}","direction_id":"{\"1\": 178}","headsign":"{\"South Ferry\": 178}","duration_avg":61.17977528089887,"n_vehicles":178,"d":474,"route_I_counts":"{\"1\": 178}","source":30,"target":31,"layer":"L","from":"Chambers St","to":"WTC Cortlandt"},"geometry":{"type":"LineString","coordinates":[[-74.009266,40.715478],[-74.012188,40.711835]]}},{"type":"Feature","properties":{"shape_id":"{\"2..S01R\": 107, \"2..S03R\": 1, \"2..S08R\": 13, \"3..S01R\": 92, \"3..S03R\": 1}","direction_id":"{\"1\": 214}","headsign":"{\"Flatbush Av-Brooklyn College\": 120, \"New Lots Av\": 94}","duration_avg":90.14018691588785,"n_vehicles":214,"d":272,"route_I_counts":"{\"2\": 121, \"3\": 93}","source":30,"target":56,"layer":"L","from":"Chambers St","to":"Park Place"},"geometry":{"type":"LineString","coordinates":[[-74.009266,40.715478],[-74.008811,40.713051]]}},{"type":"Feature","properties":{"duration_avg":71.81347150259067,"n_vehicles":193,"d":472,"route_I_counts":"{\"1\": 180, \"2\": 13}","shape_id":"{\"1..N03R\": 180, \"2..N08R\": 13}","direction_id":"{\"0\": 193}","headsign":"{\"Van Cortlandt Park-242 St\": 180, \"Wakefield-241 St\": 13}","source":30,"target":29,"layer":"L","from":"Chambers St","to":"Franklin St"},"geometry":{"type":"LineString","coordinates":[[-74.009266,40.715478],[-74.006886,40.719318]]}},{"type":"Feature","properties":{"duration_avg":308.25688073394497,"n_vehicles":218,"d":2602,"route_I_counts":"{\"2\": 115, \"3\": 103}","shape_id":"{\"2..N01R\": 110, \"2..N03R\": 5, \"3..N01R\": 103}","direction_id":"{\"0\": 218}","headsign":"{\"Harlem-148 St\": 103, \"Wakefield-241 St\": 115}","source":30,"target":368,"layer":"L","from":"Chambers St","to":"6 Av"},"geometry":{"type":"LineString","coordinates":[[-74.009266,40.715478],[-73.996786,40.737335]]}},{"type":"Feature","properties":{"shape_id":"{\"1..S03R\": 172, \"1..S04R\": 7}","direction_id":"{\"1\": 179}","headsign":"{\"South Ferry\": 179}","duration_avg":91.1731843575419,"n_vehicles":179,"d":499,"route_I_counts":"{\"1\": 179}","source":31,"target":32,"layer":"L","from":"WTC Cortlandt","to":"Rector St"},"geometry":{"type":"LineString","coordinates":[[-74.012188,40.711835],[-74.013783,40.707513]]}},{"type":"Feature","properties":{"duration_avg":60.0,"n_vehicles":180,"d":474,"route_I_counts":"{\"1\": 180}","shape_id":"{\"1..N03R\": 180}","direction_id":"{\"0\": 180}","headsign":"{\"Van Cortlandt Park-242 St\": 180}","source":31,"target":30,"layer":"L","from":"WTC Cortlandt","to":"Chambers St"},"geometry":{"type":"LineString","coordinates":[[-74.012188,40.711835],[-74.009266,40.715478]]}},{"type":"Feature","properties":{"duration_avg":90.0,"n_vehicles":180,"d":499,"route_I_counts":"{\"1\": 180}","shape_id":"{\"1..N03R\": 180}","direction_id":"{\"0\": 180}","headsign":"{\"Van Cortlandt Park-242 St\": 180}","source":32,"target":31,"layer":"L","from":"Rector St","to":"WTC Cortlandt"},"geometry":{"type":"LineString","coordinates":[[-74.013783,40.707513],[-74.012188,40.711835]]}},{"type":"Feature","properties":{"duration_avg":105.1685393258427,"n_vehicles":178,"d":606,"route_I_counts":"{\"1\": 178}","shape_id":"{\"1..S03R\": 171, \"1..S04R\": 7}","direction_id":"{\"1\": 178}","headsign":"{\"South Ferry\": 178}","source":32,"target":392,"layer":"L","from":"Rector St","to":"Whitehall St-South Ferry"},"geometry":{"type":"LineString","coordinates":[[-74.013783,40.707513],[-74.012994,40.703087]]}},{"type":"Feature","properties":{"shape_id":"{\"2..S01R\": 101, \"2..S08R\": 16}","direction_id":"{\"1\": 117}","headsign":"{\"Flatbush Av-Brooklyn College\": 117}","duration_avg":90.0,"n_vehicles":117,"d":615,"route_I_counts":"{\"2\": 117}","source":33,"target":34,"layer":"L","from":"Wakefield-241 St","to":"Nereid Av"},"geometry":{"type":"LineString","coordinates":[[-73.85062,40.903125],[-73.854376,40.898379]]}},{"type":"Feature","properties":{"shape_id":"{\"2..S01R\": 101, \"2..S08R\": 16}","direction_id":"{\"1\": 117}","headsign":"{\"Flatbush Av-Brooklyn College\": 117}","duration_avg":90.0,"n_vehicles":117,"d":633,"route_I_counts":"{\"2\": 117}","source":34,"target":35,"layer":"L","from":"Nereid Av","to":"233 St"},"geometry":{"type":"LineString","coordinates":[[-73.854376,40.898379],[-73.857473,40.893193]]}},{"type":"Feature","properties":{"duration_avg":120.0,"n_vehicles":135,"d":615,"route_I_counts":"{\"2\": 135}","shape_id":"{\"2..N01R\": 121, \"2..N03R\": 5, \"2..N08R\": 9}","direction_id":"{\"0\": 135}","headsign":"{\"Wakefield-241 St\": 135}","source":34,"target":33,"layer":"L","from":"Nereid Av","to":"Wakefield-241 St"},"geometry":{"type":"LineString","coordinates":[[-73.854376,40.898379],[-73.85062,40.903125]]}},{"type":"Feature","properties":{"shape_id":"{\"2..S01R\": 101, \"2..S08R\": 16}","direction_id":"{\"1\": 117}","headsign":"{\"Flatbush Av-Brooklyn College\": 117}","duration_avg":90.0,"n_vehicles":117,"d":624,"route_I_counts":"{\"2\": 117}","source":35,"target":36,"layer":"L","from":"233 St","to":"225 St"},"geometry":{"type":"LineString","coordinates":[[-73.857473,40.893193],[-73.860341,40.888022]]}},{"type":"Feature","properties":{"duration_avg":90.0,"n_vehicles":148,"d":633,"route_I_counts":"{\"2\": 136, \"5\": 12}","shape_id":"{\"2..N01R\": 121, \"2..N03R\": 5, \"2..N08R\": 10, \"5..N31R\": 1}","direction_id":"{\"0\": 148}","headsign":"{\"Nereid Av\": 12, \"Wakefield-241 St\": 136}","source":35,"target":34,"layer":"L","from":"233 St","to":"Nereid Av"},"geometry":{"type":"LineString","coordinates":[[-73.857473,40.893193],[-73.854376,40.898379]]}},{"type":"Feature","properties":{"shape_id":"{\"2..S01R\": 102, \"2..S08R\": 16}","direction_id":"{\"1\": 118}","headsign":"{\"Flatbush Av-Brooklyn College\": 118}","duration_avg":60.0,"n_vehicles":118,"d":498,"route_I_counts":"{\"2\": 118}","source":36,"target":37,"layer":"L","from":"225 St","to":"219 St"},"geometry":{"type":"LineString","coordinates":[[-73.860341,40.888022],[-73.862633,40.883895]]}},{"type":"Feature","properties":{"duration_avg":90.0,"n_vehicles":147,"d":624,"route_I_counts":"{\"2\": 135, \"5\": 12}","shape_id":"{\"2..N01R\": 120, \"2..N03R\": 5, \"2..N08R\": 10, \"5..N31R\": 1}","direction_id":"{\"0\": 147}","headsign":"{\"Nereid Av\": 12, \"Wakefield-241 St\": 135}","source":36,"target":35,"layer":"L","from":"225 St","to":"233 St"},"geometry":{"type":"LineString","coordinates":[[-73.860341,40.888022],[-73.857473,40.893193]]}},{"type":"Feature","properties":{"shape_id":"{\"2..S01R\": 102, \"2..S08R\": 16}","direction_id":"{\"1\": 118}","headsign":"{\"Flatbush Av-Brooklyn College\": 118}","duration_avg":114.15254237288136,"n_vehicles":118,"d":738,"route_I_counts":"{\"2\": 118}","source":37,"target":38,"layer":"L","from":"219 St","to":"Gun Hill Rd"},"geometry":{"type":"LineString","coordinates":[[-73.862633,40.883895],[-73.866256,40.87785]]}},{"type":"Feature","properties":{"duration_avg":74.89795918367346,"n_vehicles":147,"d":498,"route_I_counts":"{\"2\": 135, \"5\": 12}","shape_id":"{\"2..N01R\": 120, \"2..N03R\": 5, \"2..N08R\": 10, \"5..N31R\": 1}","direction_id":"{\"0\": 147}","headsign":"{\"Nereid Av\": 12, \"Wakefield-241 St\": 135}","source":37,"target":36,"layer":"L","from":"219 St","to":"225 St"},"geometry":{"type":"LineString","coordinates":[[-73.862633,40.883895],[-73.860341,40.888022]]}},{"type":"Feature","properties":{"shape_id":"{\"2..S01R\": 101, \"2..S08R\": 16}","direction_id":"{\"1\": 117}","headsign":"{\"Flatbush Av-Brooklyn College\": 117}","duration_avg":95.64102564102564,"n_vehicles":117,"d":726,"route_I_counts":"{\"2\": 117}","source":38,"target":39,"layer":"L","from":"Gun Hill Rd","to":"Burke Av"},"geometry":{"type":"LineString","coordinates":[[-73.866256,40.87785],[-73.867164,40.871356]]}},{"type":"Feature","properties":{"duration_avg":106.53061224489795,"n_vehicles":147,"d":738,"route_I_counts":"{\"2\": 135, \"5\": 12}","shape_id":"{\"2..N01R\": 120, \"2..N03R\": 5, \"2..N08R\": 10, \"5..N31R\": 1}","direction_id":"{\"0\": 147}","headsign":"{\"Nereid Av\": 12, \"Wakefield-241 St\": 135}","source":38,"target":37,"layer":"L","from":"Gun Hill Rd","to":"219 St"},"geometry":{"type":"LineString","coordinates":[[-73.866256,40.87785],[-73.862633,40.883895]]}},{"type":"Feature","properties":{"shape_id":"{\"2..S01R\": 101, \"2..S08R\": 16}","direction_id":"{\"1\": 117}","headsign":"{\"Flatbush Av-Brooklyn College\": 117}","duration_avg":90.0,"n_vehicles":117,"d":656,"route_I_counts":"{\"2\": 117}","source":39,"target":40,"layer":"L","from":"Burke Av","to":"Allerton Av"},"geometry":{"type":"LineString","coordinates":[[-73.867164,40.871356],[-73.867352,40.865462]]}},{"type":"Feature","properties":{"duration_avg":101.0958904109589,"n_vehicles":146,"d":726,"route_I_counts":"{\"2\": 134, \"5\": 12}","shape_id":"{\"2..N01R\": 119, \"2..N03R\": 5, \"2..N08R\": 10, \"5..N31R\": 1}","direction_id":"{\"0\": 146}","headsign":"{\"Nereid Av\": 12, \"Wakefield-241 St\": 134}","source":39,"target":38,"layer":"L","from":"Burke Av","to":"Gun Hill Rd"},"geometry":{"type":"LineString","coordinates":[[-73.867164,40.871356],[-73.866256,40.87785]]}},{"type":"Feature","properties":{"shape_id":"{\"2..S01R\": 101, \"2..S08R\": 16}","direction_id":"{\"1\": 117}","headsign":"{\"Flatbush Av-Brooklyn College\": 117}","duration_avg":120.0,"n_vehicles":117,"d":920,"route_I_counts":"{\"2\": 117}","source":40,"target":41,"layer":"L","from":"Allerton Av","to":"Pelham Pkwy"},"geometry":{"type":"LineString","coordinates":[[-73.867352,40.865462],[-73.867615,40.857192]]}},{"type":"Feature","properties":{"duration_avg":90.0,"n_vehicles":146,"d":656,"route_I_counts":"{\"2\": 134, \"5\": 12}","shape_id":"{\"2..N01R\": 119, \"2..N03R\": 5, \"2..N08R\": 10, \"5..N31R\": 1}","direction_id":"{\"0\": 146}","headsign":"{\"Nereid Av\": 12, \"Wakefield-241 St\": 134}","source":40,"target":39,"layer":"L","from":"Allerton Av","to":"Burke Av"},"geometry":{"type":"LineString","coordinates":[[-73.867352,40.865462],[-73.867164,40.871356]]}},{"type":"Feature","properties":{"shape_id":"{\"2..S01R\": 101, \"2..S08R\": 16}","direction_id":"{\"1\": 117}","headsign":"{\"Flatbush Av-Brooklyn College\": 117}","duration_avg":144.35897435897436,"n_vehicles":117,"d":933,"route_I_counts":"{\"2\": 117}","source":41,"target":42,"layer":"L","from":"Pelham Pkwy","to":"Bronx Park East"},"geometry":{"type":"LineString","coordinates":[[-73.867615,40.857192],[-73.868457,40.848828]]}},{"type":"Feature","properties":{"duration_avg":125.34246575342466,"n_vehicles":146,"d":920,"route_I_counts":"{\"2\": 134, \"5\": 12}","shape_id":"{\"2..N01R\": 119, \"2..N03R\": 5, \"2..N08R\": 10, \"5..N31R\": 1}","direction_id":"{\"0\": 146}","headsign":"{\"Nereid Av\": 12, \"Wakefield-241 St\": 134}","source":41,"target":40,"layer":"L","from":"Pelham Pkwy","to":"Allerton Av"},"geometry":{"type":"LineString","coordinates":[[-73.867615,40.857192],[-73.867352,40.865462]]}},{"type":"Feature","properties":{"shape_id":"{\"2..S01R\": 102, \"2..S08R\": 16}","direction_id":"{\"1\": 118}","headsign":"{\"Flatbush Av-Brooklyn College\": 118}","duration_avg":120.0,"n_vehicles":118,"d":880,"route_I_counts":"{\"2\": 118}","source":42,"target":43,"layer":"L","from":"Bronx Park East","to":"E 180 St"},"geometry":{"type":"LineString","coordinates":[[-73.868457,40.848828],[-73.873488,40.841894]]}},{"type":"Feature","properties":{"duration_avg":145.24137931034483,"n_vehicles":145,"d":933,"route_I_counts":"{\"2\": 133, \"5\": 12}","shape_id":"{\"2..N01R\": 118, \"2..N03R\": 5, \"2..N08R\": 10, \"5..N31R\": 1}","direction_id":"{\"0\": 145}","headsign":"{\"Nereid Av\": 12, \"Wakefield-241 St\": 133}","source":42,"target":41,"layer":"L","from":"Bronx Park East","to":"Pelham Pkwy"},"geometry":{"type":"LineString","coordinates":[[-73.868457,40.848828],[-73.867615,40.857192]]}},{"type":"Feature","properties":{"shape_id":"{\"2..S01R\": 102, \"2..S08R\": 16, \"5..S02R\": 2, \"5..S03R\": 68, \"5..S07R\": 8, \"5..S08R\": 9, \"5..S12R\": 2, \"5..S21R\": 2}","direction_id":"{\"1\": 209}","headsign":"{\"Bowling Green\": 11, \"Crown Hts-Utica Av\": 10, \"Flatbush Av-Brooklyn College\": 188}","duration_avg":115.11961722488039,"n_vehicles":209,"d":580,"route_I_counts":"{\"2\": 118, \"5\": 91}","source":43,"target":44,"layer":"L","from":"E 180 St","to":"West Farms Sq-E Tremont Av"},"geometry":{"type":"LineString","coordinates":[[-73.873488,40.841894],[-73.880049,40.840295]]}},{"type":"Feature","properties":{"duration_avg":121.24137931034483,"n_vehicles":145,"d":880,"route_I_counts":"{\"2\": 133, \"5\": 12}","shape_id":"{\"2..N01R\": 118, \"2..N03R\": 5, \"2..N08R\": 10, \"5..N31R\": 1}","direction_id":"{\"0\": 145}","headsign":"{\"Nereid Av\": 12, \"Wakefield-241 St\": 133}","source":43,"target":42,"layer":"L","from":"E 180 St","to":"Bronx Park East"},"geometry":{"type":"LineString","coordinates":[[-73.873488,40.841894],[-73.868457,40.848828]]}},{"type":"Feature","properties":{"duration_avg":210.0,"n_vehicles":118,"d":1767,"route_I_counts":"{\"5\": 118}","shape_id":"{\"5..N01R\": 5, \"5..N06R\": 1, \"5..N32R\": 15}","direction_id":"{\"0\": 118}","headsign":"{\"Eastchester-Dyre Av\": 118}","source":43,"target":120,"layer":"L","from":"E 180 St","to":"Morris Park"},"geometry":{"type":"LineString","coordinates":[[-73.873488,40.841894],[-73.860495,40.854364]]}},{"type":"Feature","properties":{"shape_id":"{\"2..S01R\": 102, \"2..S08R\": 16, \"5..S02R\": 2, \"5..S03R\": 68, \"5..S07R\": 8, \"5..S08R\": 9, \"5..S12R\": 2, \"5..S21R\": 2}","direction_id":"{\"1\": 209}","headsign":"{\"Bowling Green\": 11, \"Crown Hts-Utica Av\": 10, \"Flatbush Av-Brooklyn College\": 188}","duration_avg":120.0,"n_vehicles":209,"d":728,"route_I_counts":"{\"2\": 118, \"5\": 91}","source":44,"target":45,"layer":"L","from":"West Farms Sq-E Tremont Av","to":"174 St"},"geometry":{"type":"LineString","coordinates":[[-73.880049,40.840295],[-73.887734,40.837288]]}},{"type":"Feature","properties":{"duration_avg":114.90291262135922,"n_vehicles":206,"d":580,"route_I_counts":"{\"2\": 134, \"5\": 72}","shape_id":"{\"2..N01R\": 118, \"2..N03R\": 5, \"2..N08R\": 11}","direction_id":"{\"0\": 206}","headsign":"{\"Eastchester-Dyre Av\": 72, \"Wakefield-241 St\": 134}","source":44,"target":43,"layer":"L","from":"West Farms Sq-E Tremont Av","to":"E 180 St"},"geometry":{"type":"LineString","coordinates":[[-73.880049,40.840295],[-73.873488,40.841894]]}},{"type":"Feature","properties":{"shape_id":"{\"2..S01R\": 102, \"2..S08R\": 16, \"5..S02R\": 2, \"5..S03R\": 68, \"5..S07R\": 8, \"5..S08R\": 9, \"5..S12R\": 2, \"5..S21R\": 2}","direction_id":"{\"1\": 209}","headsign":"{\"Bowling Green\": 11, \"Crown Hts-Utica Av\": 10, \"Flatbush Av-Brooklyn College\": 188}","duration_avg":150.0,"n_vehicles":209,"d":883,"route_I_counts":"{\"2\": 118, \"5\": 91}","source":45,"target":46,"layer":"L","from":"174 St","to":"Freeman St"},"geometry":{"type":"LineString","coordinates":[[-73.887734,40.837288],[-73.891865,40.829993]]}},{"type":"Feature","properties":{"duration_avg":120.0,"n_vehicles":206,"d":728,"route_I_counts":"{\"2\": 134, \"5\": 72}","shape_id":"{\"2..N01R\": 118, \"2..N03R\": 5, \"2..N08R\": 11}","direction_id":"{\"0\": 206}","headsign":"{\"Eastchester-Dyre Av\": 72, \"Wakefield-241 St\": 134}","source":45,"target":44,"layer":"L","from":"174 St","to":"West Farms Sq-E Tremont Av"},"geometry":{"type":"LineString","coordinates":[[-73.887734,40.837288],[-73.880049,40.840295]]}},{"type":"Feature","properties":{"shape_id":"{\"2..S01R\": 102, \"2..S08R\": 16, \"5..S02R\": 2, \"5..S03R\": 68, \"5..S07R\": 8, \"5..S08R\": 9, \"5..S12R\": 2, \"5..S21R\": 2}","direction_id":"{\"1\": 209}","headsign":"{\"Bowling Green\": 11, \"Crown Hts-Utica Av\": 10, \"Flatbush Av-Brooklyn College\": 188}","duration_avg":90.0,"n_vehicles":209,"d":666,"route_I_counts":"{\"2\": 118, \"5\": 91}","source":46,"target":47,"layer":"L","from":"Freeman St","to":"Simpson St"},"geometry":{"type":"LineString","coordinates":[[-73.891865,40.829993],[-73.893064,40.824073]]}},{"type":"Feature","properties":{"duration_avg":145.88235294117646,"n_vehicles":204,"d":883,"route_I_counts":"{\"2\": 133, \"5\": 71}","shape_id":"{\"2..N01R\": 117, \"2..N03R\": 5, \"2..N08R\": 11}","direction_id":"{\"0\": 204}","headsign":"{\"Eastchester-Dyre Av\": 71, \"Wakefield-241 St\": 133}","source":46,"target":45,"layer":"L","from":"Freeman St","to":"174 St"},"geometry":{"type":"LineString","coordinates":[[-73.891865,40.829993],[-73.887734,40.837288]]}},{"type":"Feature","properties":{"shape_id":"{\"2..S01R\": 102, \"2..S08R\": 16, \"5..S02R\": 2, \"5..S03R\": 69, \"5..S07R\": 8, \"5..S08R\": 9, \"5..S12R\": 2, \"5..S21R\": 2}","direction_id":"{\"1\": 210}","headsign":"{\"Bowling Green\": 11, \"Crown Hts-Utica Av\": 10, \"Flatbush Av-Brooklyn College\": 189}","duration_avg":61.57142857142857,"n_vehicles":210,"d":374,"route_I_counts":"{\"2\": 118, \"5\": 92}","source":47,"target":48,"layer":"L","from":"Simpson St","to":"Intervale Av"},"geometry":{"type":"LineString","coordinates":[[-73.893064,40.824073],[-73.896736,40.822181]]}},{"type":"Feature","properties":{"duration_avg":94.11764705882354,"n_vehicles":204,"d":666,"route_I_counts":"{\"2\": 133, \"5\": 71}","shape_id":"{\"2..N01R\": 117, \"2..N03R\": 5, \"2..N08R\": 11}","direction_id":"{\"0\": 204}","headsign":"{\"Eastchester-Dyre Av\": 71, \"Wakefield-241 St\": 133}","source":47,"target":46,"layer":"L","from":"Simpson St","to":"Freeman St"},"geometry":{"type":"LineString","coordinates":[[-73.893064,40.824073],[-73.891865,40.829993]]}},{"type":"Feature","properties":{"shape_id":"{\"2..S01R\": 102, \"2..S08R\": 16, \"5..S02R\": 2, \"5..S03R\": 69, \"5..S07R\": 8, \"5..S08R\": 9, \"5..S12R\": 2, \"5..S21R\": 2}","direction_id":"{\"1\": 210}","headsign":"{\"Bowling Green\": 11, \"Crown Hts-Utica Av\": 10, \"Flatbush Av-Brooklyn College\": 189}","duration_avg":90.0,"n_vehicles":210,"d":513,"route_I_counts":"{\"2\": 118, \"5\": 92}","source":48,"target":49,"layer":"L","from":"Intervale Av","to":"Prospect Av"},"geometry":{"type":"LineString","coordinates":[[-73.896736,40.822181],[-73.90177,40.819585]]}},{"type":"Feature","properties":{"duration_avg":72.41379310344827,"n_vehicles":203,"d":374,"route_I_counts":"{\"2\": 132, \"5\": 71}","shape_id":"{\"2..N01R\": 116, \"2..N03R\": 5, \"2..N08R\": 11}","direction_id":"{\"0\": 203}","headsign":"{\"Eastchester-Dyre Av\": 71, \"Wakefield-241 St\": 132}","source":48,"target":47,"layer":"L","from":"Intervale Av","to":"Simpson St"},"geometry":{"type":"LineString","coordinates":[[-73.896736,40.822181],[-73.893064,40.824073]]}},{"type":"Feature","properties":{"shape_id":"{\"2..S01R\": 103, \"2..S08R\": 16, \"5..S02R\": 2, \"5..S03R\": 69, \"5..S07R\": 8, \"5..S08R\": 9, \"5..S12R\": 2, \"5..S21R\": 2}","direction_id":"{\"1\": 211}","headsign":"{\"Bowling Green\": 11, \"Crown Hts-Utica Av\": 10, \"Flatbush Av-Brooklyn College\": 190}","duration_avg":115.30805687203791,"n_vehicles":211,"d":614,"route_I_counts":"{\"2\": 119, \"5\": 92}","source":49,"target":50,"layer":"L","from":"Prospect Av","to":"Jackson Av"},"geometry":{"type":"LineString","coordinates":[[-73.90177,40.819585],[-73.907807,40.81649]]}},{"type":"Feature","properties":{"duration_avg":85.86206896551724,"n_vehicles":203,"d":513,"route_I_counts":"{\"2\": 132, \"5\": 71}","shape_id":"{\"2..N01R\": 116, \"2..N03R\": 5, \"2..N08R\": 11}","direction_id":"{\"0\": 203}","headsign":"{\"Eastchester-Dyre Av\": 71, \"Wakefield-241 St\": 132}","source":49,"target":48,"layer":"L","from":"Prospect Av","to":"Intervale Av"},"geometry":{"type":"LineString","coordinates":[[-73.90177,40.819585],[-73.896736,40.822181]]}},{"type":"Feature","properties":{"shape_id":"{\"2..S01R\": 103, \"2..S08R\": 16, \"5..S02R\": 2, \"5..S03R\": 69, \"5..S07R\": 8, \"5..S08R\": 9, \"5..S12R\": 2, \"5..S21R\": 2}","direction_id":"{\"1\": 211}","headsign":"{\"Bowling Green\": 11, \"Crown Hts-Utica Av\": 10, \"Flatbush Av-Brooklyn College\": 190}","duration_avg":124.69194312796209,"n_vehicles":211,"d":839,"route_I_counts":"{\"2\": 119, \"5\": 92}","source":50,"target":51,"layer":"L","from":"Jackson Av","to":"3 Av-149 St"},"geometry":{"type":"LineString","coordinates":[[-73.907807,40.81649],[-73.917757,40.816109]]}},{"type":"Feature","properties":{"duration_avg":103.44827586206897,"n_vehicles":203,"d":614,"route_I_counts":"{\"2\": 132, \"5\": 71}","shape_id":"{\"2..N01R\": 116, \"2..N03R\": 5, \"2..N08R\": 11}","direction_id":"{\"0\": 203}","headsign":"{\"Eastchester-Dyre Av\": 71, \"Wakefield-241 St\": 132}","source":50,"target":49,"layer":"L","from":"Jackson Av","to":"Prospect Av"},"geometry":{"type":"LineString","coordinates":[[-73.907807,40.81649],[-73.90177,40.819585]]}},{"type":"Feature","properties":{"duration_avg":697.3170731707318,"n_vehicles":41,"d":4705,"route_I_counts":"{\"5\": 41}","shape_id":"{\"5..N06R\": 1, \"5..N31R\": 1}","direction_id":"{\"0\": 41}","headsign":"{\"E 180 St\": 1, \"Eastchester-Dyre Av\": 26, \"Gun Hill Rd\": 2, \"Nereid Av\": 12}","source":51,"target":43,"layer":"L","from":"3 Av-149 St","to":"E 180 St"},"geometry":{"type":"LineString","coordinates":[[-73.917757,40.816109],[-73.873488,40.841894]]}},{"type":"Feature","properties":{"duration_avg":136.4179104477612,"n_vehicles":201,"d":839,"route_I_counts":"{\"2\": 131, \"5\": 70}","shape_id":"{\"2..N01R\": 115, \"2..N03R\": 5, \"2..N08R\": 11}","direction_id":"{\"0\": 201}","headsign":"{\"Eastchester-Dyre Av\": 70, \"Wakefield-241 St\": 131}","source":51,"target":50,"layer":"L","from":"3 Av-149 St","to":"Jackson Av"},"geometry":{"type":"LineString","coordinates":[[-73.917757,40.816109],[-73.907807,40.81649]]}},{"type":"Feature","properties":{"duration_avg":145.33018867924528,"n_vehicles":212,"d":797,"route_I_counts":"{\"2\": 119, \"5\": 93}","shape_id":"{\"2..S01R\": 103, \"2..S08R\": 16, \"5..S02R\": 2, \"5..S03R\": 70, \"5..S07R\": 8, \"5..S08R\": 9, \"5..S12R\": 2, \"5..S21R\": 2}","direction_id":"{\"1\": 212}","headsign":"{\"Bowling Green\": 11, \"Crown Hts-Utica Av\": 10, \"Flatbush Av-Brooklyn College\": 191}","source":51,"target":95,"layer":"L","from":"3 Av-149 St","to":"149 St-Grand Concourse"},"geometry":{"type":"LineString","coordinates":[[-73.917757,40.816109],[-73.927351,40.818375]]}},{"type":"Feature","properties":{"shape_id":"{\"2..S01R\": 104, \"2..S08R\": 15, \"3..S01R\": 89, \"3..S03R\": 1, \"3..S42R\": 21}","direction_id":"{\"1\": 230}","headsign":"{\"Flatbush Av-Brooklyn College\": 119, \"New Lots Av\": 90, \"Times Sq-42 St\": 21}","duration_avg":113.8695652173913,"n_vehicles":230,"d":823,"route_I_counts":"{\"2\": 119, \"3\": 111}","source":52,"target":53,"layer":"L","from":"135 St","to":"125 St"},"geometry":{"type":"LineString","coordinates":[[-73.94077,40.814229],[-73.945495,40.807754]]}},{"type":"Feature","properties":{"duration_avg":126.0,"n_vehicles":125,"d":787,"route_I_counts":"{\"3\": 125}","shape_id":"{\"3..N01R\": 107, \"3..N42R\": 18}","direction_id":"{\"0\": 125}","headsign":"{\"Harlem-148 St\": 125}","source":52,"target":83,"layer":"L","from":"135 St","to":"145 St"},"geometry":{"type":"LineString","coordinates":[[-73.94077,40.814229],[-73.936245,40.820421]]}},{"type":"Feature","properties":{"duration_avg":231.5267175572519,"n_vehicles":131,"d":1272,"route_I_counts":"{\"2\": 131}","shape_id":"{\"2..N01R\": 115, \"2..N03R\": 5, \"2..N08R\": 11}","direction_id":"{\"0\": 131}","headsign":"{\"Wakefield-241 St\": 131}","source":52,"target":95,"layer":"L","from":"135 St","to":"149 St-Grand Concourse"},"geometry":{"type":"LineString","coordinates":[[-73.94077,40.814229],[-73.927351,40.818375]]}},{"type":"Feature","properties":{"shape_id":"{\"2..S01R\": 105, \"2..S08R\": 15, \"3..S01R\": 89, \"3..S03R\": 1, \"3..S42R\": 21}","direction_id":"{\"1\": 231}","headsign":"{\"Flatbush Av-Brooklyn College\": 120, \"New Lots Av\": 90, \"Times Sq-42 St\": 21}","duration_avg":90.0,"n_vehicles":231,"d":719,"route_I_counts":"{\"2\": 120, \"3\": 111}","source":53,"target":54,"layer":"L","from":"125 St","to":"116 St"},"geometry":{"type":"LineString","coordinates":[[-73.945495,40.807754],[-73.949625,40.802098]]}},{"type":"Feature","properties":{"duration_avg":113.5546875,"n_vehicles":256,"d":823,"route_I_counts":"{\"2\": 131, \"3\": 125}","shape_id":"{\"2..N01R\": 114, \"2..N03R\": 5, \"2..N08R\": 12, \"3..N01R\": 107, \"3..N42R\": 18}","direction_id":"{\"0\": 256}","headsign":"{\"Harlem-148 St\": 125, \"Wakefield-241 St\": 131}","source":53,"target":52,"layer":"L","from":"125 St","to":"135 St"},"geometry":{"type":"LineString","coordinates":[[-73.945495,40.807754],[-73.94077,40.814229]]}},{"type":"Feature","properties":{"shape_id":"{\"2..S01R\": 105, \"2..S08R\": 15, \"3..S01R\": 89, \"3..S03R\": 1, \"3..S42R\": 21}","direction_id":"{\"1\": 231}","headsign":"{\"Flatbush Av-Brooklyn College\": 120, \"New Lots Av\": 90, \"Times Sq-42 St\": 21}","duration_avg":60.0,"n_vehicles":231,"d":384,"route_I_counts":"{\"2\": 120, \"3\": 111}","source":54,"target":55,"layer":"L","from":"116 St","to":"Central Park North (110 St)"},"geometry":{"type":"LineString","coordinates":[[-73.949625,40.802098],[-73.951822,40.799075]]}},{"type":"Feature","properties":{"duration_avg":90.0,"n_vehicles":256,"d":719,"route_I_counts":"{\"2\": 131, \"3\": 125}","shape_id":"{\"2..N01R\": 114, \"2..N03R\": 5, \"2..N08R\": 12, \"3..N01R\": 107, \"3..N42R\": 18}","direction_id":"{\"0\": 256}","headsign":"{\"Harlem-148 St\": 125, \"Wakefield-241 St\": 131}","source":54,"target":53,"layer":"L","from":"116 St","to":"125 St"},"geometry":{"type":"LineString","coordinates":[[-73.949625,40.802098],[-73.945495,40.807754]]}},{"type":"Feature","properties":{"shape_id":"{\"2..S01R\": 105, \"2..S08R\": 15, \"3..S01R\": 89, \"3..S03R\": 1, \"3..S42R\": 21}","direction_id":"{\"1\": 231}","headsign":"{\"Flatbush Av-Brooklyn College\": 120, \"New Lots Av\": 90, \"Times Sq-42 St\": 21}","duration_avg":271.68831168831167,"n_vehicles":231,"d":1820,"route_I_counts":"{\"2\": 120, \"3\": 111}","source":55,"target":16,"layer":"L","from":"Central Park North (110 St)","to":"96 St"},"geometry":{"type":"LineString","coordinates":[[-73.951822,40.799075],[-73.972323,40.793919]]}},{"type":"Feature","properties":{"duration_avg":60.0,"n_vehicles":256,"d":384,"route_I_counts":"{\"2\": 131, \"3\": 125}","shape_id":"{\"2..N01R\": 114, \"2..N03R\": 5, \"2..N08R\": 12, \"3..N01R\": 106, \"3..N42R\": 19}","direction_id":"{\"0\": 256}","headsign":"{\"Harlem-148 St\": 125, \"Wakefield-241 St\": 131}","source":55,"target":54,"layer":"L","from":"Central Park North (110 St)","to":"116 St"},"geometry":{"type":"LineString","coordinates":[[-73.951822,40.799075],[-73.949625,40.802098]]}},{"type":"Feature","properties":{"duration_avg":71.08695652173913,"n_vehicles":230,"d":272,"route_I_counts":"{\"2\": 128, \"3\": 102}","shape_id":"{\"2..N01R\": 110, \"2..N03R\": 5, \"2..N08R\": 13, \"3..N01R\": 102}","direction_id":"{\"0\": 230}","headsign":"{\"Harlem-148 St\": 102, \"Wakefield-241 St\": 128}","source":56,"target":30,"layer":"L","from":"Park Place","to":"Chambers St"},"geometry":{"type":"LineString","coordinates":[[-74.008811,40.713051],[-74.009266,40.715478]]}},{"type":"Feature","properties":{"duration_avg":145.88372093023256,"n_vehicles":426,"d":442,"route_I_counts":"{\"12\": 135, \"14\": 76, \"2\": 121, \"3\": 94}","shape_id":"{\"A..S87R\": 4, \"C..S04R\": 76, \"2..S01R\": 107, \"2..S03R\": 1, \"2..S08R\": 13, \"3..S01R\": 93, \"3..S03R\": 1}","direction_id":"{\"1\": 426}","headsign":"{\"Euclid Av\": 76, \"Far Rockaway-Mott Av\": 71, \"Ozone Park-Lefferts Blvd\": 59, \"Rockaway Park-Beach 116 St\": 5, \"Flatbush Av-Brooklyn College\": 120, \"New Lots Av\": 95}","source":56,"target":182,"layer":"L","from":"Park Place","to":"Fulton St"},"geometry":{"type":"LineString","coordinates":[[-74.008811,40.713051],[-74.007691,40.710197]]}},{"type":"Feature","properties":{"duration_avg":105.0,"n_vehicles":355,"d":799,"route_I_counts":"{\"12\": 122, \"14\": 76, \"16\": 157}","shape_id":"{\"A..N04R\": 5, \"A..N09R\": 16, \"A..N54R\": 52, \"A..N55R\": 49, \"C..N04R\": 76, \"E..N05R\": 18, \"E..N55R\": 2, \"E..N66R\": 94, \"E..N72R\": 41}","direction_id":"{\"0\": 355}","headsign":"{\"168 St\": 76, \"Inwood-207 St\": 122, \"Jamaica Center-Parsons/Archer\": 153, \"Jamaica-179 St\": 4}","source":56,"target":181,"layer":"L","from":"Park Place","to":"Canal St"},"geometry":{"type":"LineString","coordinates":[[-74.008811,40.713051],[-74.005229,40.720824]]}},{"type":"Feature","properties":{"duration_avg":95.13812154696133,"n_vehicles":181,"d":430,"route_I_counts":"{\"24\": 18, \"26\": 89, \"28\": 74}","shape_id":"{\"N..S20R\": 18}","direction_id":"{\"1\": 181}","headsign":"{\"86 St\": 1, \"Bay Ridge-95 St\": 89, \"Coney Island-Stillwell Av\": 18, \"Whitehall St-South Ferry\": 73}","source":56,"target":391,"layer":"L","from":"Park Place","to":"Rector St"},"geometry":{"type":"LineString","coordinates":[[-74.008811,40.713051],[-74.013342,40.70722]]}},{"type":"Feature","properties":{"duration_avg":117.56756756756756,"n_vehicles":185,"d":448,"route_I_counts":"{\"24\": 19, \"26\": 91, \"28\": 75}","shape_id":"{\"N..N20R\": 19, \"R..N93R\": 87, \"R..N96R\": 4}","direction_id":"{\"0\": 185}","headsign":"{\"Astoria-Ditmars Blvd\": 94, \"Forest Hills-71 Av\": 91}","source":56,"target":390,"layer":"L","from":"Park Place","to":"City Hall"},"geometry":{"type":"LineString","coordinates":[[-74.008811,40.713051],[-74.006978,40.713282]]}},{"type":"Feature","properties":{"shape_id":"{\"2..S01R\": 108, \"2..S03R\": 1, \"2..S08R\": 13, \"3..S01R\": 93, \"3..S03R\": 1}","direction_id":"{\"1\": 216}","headsign":"{\"Flatbush Av-Brooklyn College\": 121, \"New Lots Av\": 95}","duration_avg":271.25,"n_vehicles":216,"d":1706,"route_I_counts":"{\"2\": 122, \"3\": 94}","source":57,"target":58,"layer":"L","from":"Wall St","to":"Clark St"},"geometry":{"type":"LineString","coordinates":[[-74.0091,40.706821],[-73.993086,40.697466]]}},{"type":"Feature","properties":{"duration_avg":71.08695652173913,"n_vehicles":230,"d":359,"route_I_counts":"{\"2\": 128, \"3\": 102}","shape_id":"{\"2..N01R\": 110, \"2..N03R\": 5, \"2..N08R\": 13, \"3..N01R\": 102}","direction_id":"{\"0\": 230}","headsign":"{\"Harlem-148 St\": 102, \"Wakefield-241 St\": 128}","source":57,"target":182,"layer":"L","from":"Wall St","to":"Fulton St"},"geometry":{"type":"LineString","coordinates":[[-74.0091,40.706821],[-74.007691,40.710197]]}},{"type":"Feature","properties":{"duration_avg":260.5263157894737,"n_vehicles":228,"d":1706,"route_I_counts":"{\"2\": 127, \"3\": 101}","shape_id":"{\"2..N01R\": 109, \"2..N03R\": 5, \"2..N08R\": 13, \"3..N01R\": 101}","direction_id":"{\"0\": 228}","headsign":"{\"Harlem-148 St\": 101, \"Wakefield-241 St\": 127}","source":58,"target":57,"layer":"L","from":"Clark St","to":"Wall St"},"geometry":{"type":"LineString","coordinates":[[-73.993086,40.697466],[-74.0091,40.706821]]}},{"type":"Feature","properties":{"duration_avg":80.5045871559633,"n_vehicles":218,"d":539,"route_I_counts":"{\"2\": 123, \"3\": 95}","shape_id":"{\"2..S01R\": 108, \"2..S03R\": 1, \"2..S08R\": 13, \"3..S01R\": 94, \"3..S03R\": 1}","direction_id":"{\"1\": 218}","headsign":"{\"Flatbush Av-Brooklyn College\": 122, \"New Lots Av\": 96}","source":58,"target":103,"layer":"L","from":"Clark St","to":"Borough Hall"},"geometry":{"type":"LineString","coordinates":[[-73.993086,40.697466],[-73.990151,40.692404]]}},{"type":"Feature","properties":{"shape_id":"{\"2..S01R\": 108, \"2..S03R\": 1, \"2..S08R\": 12, \"3..S01R\": 95, \"3..S03R\": 1}","direction_id":"{\"1\": 218}","headsign":"{\"Flatbush Av-Brooklyn College\": 121, \"New Lots Av\": 97}","duration_avg":61.23853211009175,"n_vehicles":218,"d":463,"route_I_counts":"{\"2\": 122, \"3\": 96}","source":59,"target":60,"layer":"L","from":"Hoyt St","to":"Nevins St"},"geometry":{"type":"LineString","coordinates":[[-73.985065,40.690545],[-73.980492,40.688246]]}},{"type":"Feature","properties":{"duration_avg":90.0,"n_vehicles":228,"d":511,"route_I_counts":"{\"2\": 127, \"3\": 101}","shape_id":"{\"2..N01R\": 108, \"2..N03R\": 5, \"2..N08R\": 14, \"3..N01R\": 101}","direction_id":"{\"0\": 228}","headsign":"{\"Harlem-148 St\": 101, \"Wakefield-241 St\": 127}","source":59,"target":103,"layer":"L","from":"Hoyt St","to":"Borough Hall"},"geometry":{"type":"LineString","coordinates":[[-73.985065,40.690545],[-73.990151,40.692404]]}},{"type":"Feature","properties":{"shape_id":"{\"2..S01R\": 108, \"2..S03R\": 1, \"2..S08R\": 12, \"3..S01R\": 95, \"3..S03R\": 1, \"4..S01R\": 16, \"4..S03R\": 2, \"4..S05R\": 2, \"4..S06R\": 98, \"4..S13R\": 11, \"4..S28R\": 9, \"5..S02R\": 2, \"5..S03R\": 74, \"5..S07R\": 8, \"5..S21R\": 2}","direction_id":"{\"1\": 443}","headsign":"{\"Crown Hts-Utica Av\": 119, \"Flatbush Av-Brooklyn College\": 198, \"New Lots Av\": 126}","duration_avg":90.0,"n_vehicles":443,"d":494,"route_I_counts":"{\"2\": 122, \"3\": 96, \"4\": 138, \"5\": 87}","source":60,"target":61,"layer":"L","from":"Nevins St","to":"Atlantic Av-Barclays Ctr"},"geometry":{"type":"LineString","coordinates":[[-73.980492,40.688246],[-73.977666,40.684359]]}},{"type":"Feature","properties":{"duration_avg":90.0,"n_vehicles":228,"d":463,"route_I_counts":"{\"2\": 127, \"3\": 101}","shape_id":"{\"2..N01R\": 108, \"2..N03R\": 5, \"2..N08R\": 14, \"3..N01R\": 101}","direction_id":"{\"0\": 228}","headsign":"{\"Harlem-148 St\": 101, \"Wakefield-241 St\": 127}","source":60,"target":59,"layer":"L","from":"Nevins St","to":"Hoyt St"},"geometry":{"type":"LineString","coordinates":[[-73.980492,40.688246],[-73.985065,40.690545]]}},{"type":"Feature","properties":{"duration_avg":116.75324675324676,"n_vehicles":231,"d":937,"route_I_counts":"{\"4\": 140, \"5\": 91}","shape_id":"{\"4..N01R\": 11, \"4..N06R\": 90, \"4..N13R\": 12, \"4..N34R\": 15, \"4..N43R\": 8, \"4..N64R\": 3, \"5..N06R\": 1}","direction_id":"{\"0\": 231}","headsign":"{\"Bedford Park Blvd-Lehman College\": 4, \"Burnside Av\": 8, \"Eastchester-Dyre Av\": 81, \"Nereid Av\": 10, \"Woodlawn\": 128}","source":60,"target":103,"layer":"L","from":"Nevins St","to":"Borough Hall"},"geometry":{"type":"LineString","coordinates":[[-73.980492,40.688246],[-73.990151,40.692404]]}},{"type":"Feature","properties":{"shape_id":"{\"2..S01R\": 108, \"2..S03R\": 1, \"2..S08R\": 12, \"3..S01R\": 95, \"3..S03R\": 1, \"4..S01R\": 16, \"4..S05R\": 2, \"4..S13R\": 11}","direction_id":"{\"1\": 248}","headsign":"{\"Crown Hts-Utica Av\": 2, \"Flatbush Av-Brooklyn College\": 122, \"New Lots Av\": 124}","duration_avg":71.37096774193549,"n_vehicles":248,"d":448,"route_I_counts":"{\"2\": 123, \"3\": 96, \"4\": 29}","source":61,"target":62,"layer":"L","from":"Atlantic Av-Barclays Ctr","to":"Bergen St"},"geometry":{"type":"LineString","coordinates":[[-73.977666,40.684359],[-73.975098,40.680829]]}},{"type":"Feature","properties":{"shape_id":"{\"4..S03R\": 2, \"4..S06R\": 98, \"4..S28R\": 9, \"5..S02R\": 2, \"5..S03R\": 74, \"5..S07R\": 8, \"5..S21R\": 2}","direction_id":"{\"1\": 197}","headsign":"{\"Crown Hts-Utica Av\": 117, \"Flatbush Av-Brooklyn College\": 78, \"New Lots Av\": 2}","duration_avg":245.1776649746193,"n_vehicles":197,"d":2244,"route_I_counts":"{\"4\": 109, \"5\": 88}","source":61,"target":65,"layer":"L","from":"Atlantic Av-Barclays Ctr","to":"Franklin Av-Medgar Evers College"},"geometry":{"type":"LineString","coordinates":[[-73.977666,40.684359],[-73.958131,40.670682]]}},{"type":"Feature","properties":{"duration_avg":90.0,"n_vehicles":457,"d":494,"route_I_counts":"{\"2\": 127, \"3\": 100, \"4\": 139, \"5\": 91}","shape_id":"{\"2..N01R\": 108, \"2..N03R\": 5, \"2..N08R\": 14, \"3..N01R\": 100, \"4..N01R\": 11, \"4..N06R\": 89, \"4..N13R\": 12, \"4..N34R\": 15, \"4..N43R\": 8, \"4..N64R\": 3, \"5..N06R\": 1}","direction_id":"{\"0\": 457}","headsign":"{\"Bedford Park Blvd-Lehman College\": 4, \"Burnside Av\": 8, \"Eastchester-Dyre Av\": 81, \"Harlem-148 St\": 100, \"Nereid Av\": 10, \"Wakefield-241 St\": 127, \"Woodlawn\": 127}","source":61,"target":60,"layer":"L","from":"Atlantic Av-Barclays Ctr","to":"Nevins St"},"geometry":{"type":"LineString","coordinates":[[-73.977666,40.684359],[-73.980492,40.688246]]}},{"type":"Feature","properties":{"duration_avg":144.65346534653466,"n_vehicles":202,"d":908,"route_I_counts":"{\"13\": 77, \"25\": 125}","shape_id":"{\"B..S45R\": 21, \"B..S46R\": 56}","direction_id":"{\"1\": 202}","headsign":"{\"Brighton Beach\": 77, \"Coney Island-Stillwell Av\": 125}","source":61,"target":237,"layer":"L","from":"Atlantic Av-Barclays Ctr","to":"7 Av"},"geometry":{"type":"LineString","coordinates":[[-73.977666,40.684359],[-73.972367,40.67705]]}},{"type":"Feature","properties":{"duration_avg":138.4736842105263,"n_vehicles":380,"d":803,"route_I_counts":"{\"13\": 69, \"25\": 121, \"15\": 42, \"24\": 40, \"26\": 107, \"28\": 1}","shape_id":"{\"B..N45R\": 17, \"B..N46R\": 52, \"D..N05R\": 42, \"N..N20R\": 20, \"N..N23R\": 1, \"R..N93R\": 85, \"R..N96R\": 4}","direction_id":"{\"0\": 380}","headsign":"{\"145 St\": 52, \"96 St\": 121, \"Bedford Park Blvd\": 17, \"Astoria-Ditmars Blvd\": 41, \"Forest Hills-71 Av\": 89, \"Norwood-205 St\": 42, \"Whitehall St-South Ferry\": 18}","source":61,"target":236,"layer":"L","from":"Atlantic Av-Barclays Ctr","to":"DeKalb Av"},"geometry":{"type":"LineString","coordinates":[[-73.977666,40.684359],[-73.981824,40.690635]]}},{"type":"Feature","properties":{"duration_avg":120.0,"n_vehicles":148,"d":794,"route_I_counts":"{\"15\": 22, \"24\": 17, \"26\": 107, \"28\": 2}","shape_id":"{\"D..S05R\": 22, \"N..S20R\": 17}","direction_id":"{\"1\": 148}","headsign":"{\"86 St\": 2, \"Bay Ridge-95 St\": 107, \"Coney Island-Stillwell Av\": 39}","source":61,"target":245,"layer":"L","from":"Atlantic Av-Barclays Ctr","to":"Union St"},"geometry":{"type":"LineString","coordinates":[[-73.977666,40.684359],[-73.98311,40.677316]]}},{"type":"Feature","properties":{"duration_avg":330.0,"n_vehicles":173,"d":3800,"route_I_counts":"{\"15\": 85, \"24\": 88}","shape_id":"{\"D..S07R\": 85}","direction_id":"{\"1\": 173}","headsign":"{\"Coney Island-Stillwell Av\": 173}","source":61,"target":248,"layer":"L","from":"Atlantic Av-Barclays Ctr","to":"36 St"},"geometry":{"type":"LineString","coordinates":[[-73.977666,40.684359],[-74.003549,40.655144]]}},{"type":"Feature","properties":{"duration_avg":636.6101694915254,"n_vehicles":59,"d":4052,"route_I_counts":"{\"15\": 59}","shape_id":"{\"D..N07R\": 41, \"D..N14R\": 18}","direction_id":"{\"0\": 59}","headsign":"{\"Norwood-205 St\": 59}","source":61,"target":235,"layer":"L","from":"Atlantic Av-Barclays Ctr","to":"Grand St"},"geometry":{"type":"LineString","coordinates":[[-73.977666,40.684359],[-73.993753,40.718267]]}},{"type":"Feature","properties":{"duration_avg":652.5,"n_vehicles":60,"d":4274,"route_I_counts":"{\"24\": 56, \"25\": 4}","shape_id":"{}","direction_id":"{\"0\": 60}","headsign":"{\"96 St\": 4, \"Astoria-Ditmars Blvd\": 56}","source":61,"target":115,"layer":"L","from":"Atlantic Av-Barclays Ctr","to":"Canal St"},"geometry":{"type":"LineString","coordinates":[[-73.977666,40.684359],[-74.000193,40.718803]]}},{"type":"Feature","properties":{"shape_id":"{\"2..S01R\": 108, \"2..S03R\": 1, \"2..S08R\": 12, \"3..S01R\": 95, \"3..S03R\": 1, \"4..S01R\": 16, \"4..S05R\": 2, \"4..S13R\": 11}","direction_id":"{\"1\": 248}","headsign":"{\"Crown Hts-Utica Av\": 2, \"Flatbush Av-Brooklyn College\": 122, \"New Lots Av\": 124}","duration_avg":120.0,"n_vehicles":248,"d":710,"route_I_counts":"{\"2\": 123, \"3\": 96, \"4\": 29}","source":62,"target":63,"layer":"L","from":"Bergen St","to":"Grand Army Plaza"},"geometry":{"type":"LineString","coordinates":[[-73.975098,40.680829],[-73.971046,40.675235]]}},{"type":"Feature","properties":{"duration_avg":90.0,"n_vehicles":250,"d":448,"route_I_counts":"{\"2\": 127, \"3\": 100, \"4\": 23}","shape_id":"{\"2..N01R\": 108, \"2..N03R\": 5, \"2..N08R\": 14, \"3..N01R\": 100, \"4..N01R\": 11, \"4..N13R\": 12}","direction_id":"{\"0\": 250}","headsign":"{\"Harlem-148 St\": 100, \"Wakefield-241 St\": 127, \"Woodlawn\": 23}","source":62,"target":61,"layer":"L","from":"Bergen St","to":"Atlantic Av-Barclays Ctr"},"geometry":{"type":"LineString","coordinates":[[-73.975098,40.680829],[-73.977666,40.684359]]}},{"type":"Feature","properties":{"shape_id":"{\"2..S01R\": 108, \"2..S03R\": 1, \"2..S08R\": 12, \"3..S01R\": 95, \"3..S03R\": 1, \"4..S01R\": 16, \"4..S05R\": 2, \"4..S13R\": 11}","direction_id":"{\"1\": 248}","headsign":"{\"Crown Hts-Utica Av\": 2, \"Flatbush Av-Brooklyn College\": 122, \"New Lots Av\": 124}","duration_avg":108.62903225806451,"n_vehicles":248,"d":669,"route_I_counts":"{\"2\": 123, \"3\": 96, \"4\": 29}","source":63,"target":64,"layer":"L","from":"Grand Army Plaza","to":"Eastern Pkwy-Brooklyn Museum"},"geometry":{"type":"LineString","coordinates":[[-73.971046,40.675235],[-73.964375,40.671987]]}},{"type":"Feature","properties":{"duration_avg":122.53012048192771,"n_vehicles":249,"d":710,"route_I_counts":"{\"2\": 126, \"3\": 100, \"4\": 23}","shape_id":"{\"2..N01R\": 107, \"2..N03R\": 5, \"2..N08R\": 14, \"3..N01R\": 100, \"4..N01R\": 11, \"4..N13R\": 12}","direction_id":"{\"0\": 249}","headsign":"{\"Harlem-148 St\": 100, \"Wakefield-241 St\": 126, \"Woodlawn\": 23}","source":63,"target":62,"layer":"L","from":"Grand Army Plaza","to":"Bergen St"},"geometry":{"type":"LineString","coordinates":[[-73.971046,40.675235],[-73.975098,40.680829]]}},{"type":"Feature","properties":{"shape_id":"{\"2..S01R\": 108, \"2..S03R\": 1, \"2..S08R\": 12, \"3..S01R\": 96, \"3..S03R\": 1, \"4..S01R\": 16, \"4..S05R\": 2, \"4..S13R\": 11}","direction_id":"{\"1\": 249}","headsign":"{\"Crown Hts-Utica Av\": 2, \"Flatbush Av-Brooklyn College\": 122, \"New Lots Av\": 125}","duration_avg":101.44578313253012,"n_vehicles":249,"d":546,"route_I_counts":"{\"2\": 123, \"3\": 97, \"4\": 29}","source":64,"target":65,"layer":"L","from":"Eastern Pkwy-Brooklyn Museum","to":"Franklin Av-Medgar Evers College"},"geometry":{"type":"LineString","coordinates":[[-73.964375,40.671987],[-73.958131,40.670682]]}},{"type":"Feature","properties":{"duration_avg":120.0,"n_vehicles":249,"d":669,"route_I_counts":"{\"2\": 126, \"3\": 100, \"4\": 23}","shape_id":"{\"2..N01R\": 107, \"2..N03R\": 5, \"2..N08R\": 14, \"3..N01R\": 100, \"4..N01R\": 11, \"4..N13R\": 12}","direction_id":"{\"0\": 249}","headsign":"{\"Harlem-148 St\": 100, \"Wakefield-241 St\": 126, \"Woodlawn\": 23}","source":64,"target":63,"layer":"L","from":"Eastern Pkwy-Brooklyn Museum","to":"Grand Army Plaza"},"geometry":{"type":"LineString","coordinates":[[-73.964375,40.671987],[-73.971046,40.675235]]}},{"type":"Feature","properties":{"shape_id":"{\"2..S01R\": 108, \"2..S08R\": 12, \"5..S02R\": 2, \"5..S03R\": 74}","direction_id":"{\"1\": 201}","headsign":"{\"Flatbush Av-Brooklyn College\": 201}","duration_avg":170.8955223880597,"n_vehicles":201,"d":701,"route_I_counts":"{\"2\": 123, \"5\": 78}","source":65,"target":66,"layer":"L","from":"Franklin Av-Medgar Evers College","to":"President St-Medgar Evers College"},"geometry":{"type":"LineString","coordinates":[[-73.958131,40.670682],[-73.950683,40.667883]]}},{"type":"Feature","properties":{"duration_avg":266.25,"n_vehicles":120,"d":2136,"route_I_counts":"{\"4\": 110, \"5\": 10}","shape_id":"{\"4..S03R\": 2, \"4..S06R\": 99, \"4..S28R\": 9, \"5..S07R\": 8, \"5..S21R\": 2}","direction_id":"{\"1\": 120}","headsign":"{\"Crown Hts-Utica Av\": 118, \"New Lots Av\": 2}","source":65,"target":79,"layer":"L","from":"Franklin Av-Medgar Evers College","to":"Crown Hts-Utica Av"},"geometry":{"type":"LineString","coordinates":[[-73.958131,40.670682],[-73.932942,40.668897]]}},{"type":"Feature","properties":{"duration_avg":316.9756097560976,"n_vehicles":205,"d":2244,"route_I_counts":"{\"4\": 115, \"5\": 90}","shape_id":"{\"4..N06R\": 89, \"4..N34R\": 15, \"4..N43R\": 7, \"4..N64R\": 3, \"5..N06R\": 1}","direction_id":"{\"0\": 205}","headsign":"{\"Bedford Park Blvd-Lehman College\": 4, \"Burnside Av\": 7, \"Eastchester-Dyre Av\": 80, \"Nereid Av\": 10, \"Woodlawn\": 104}","source":65,"target":61,"layer":"L","from":"Franklin Av-Medgar Evers College","to":"Atlantic Av-Barclays Ctr"},"geometry":{"type":"LineString","coordinates":[[-73.958131,40.670682],[-73.977666,40.684359]]}},{"type":"Feature","properties":{"duration_avg":120.0,"n_vehicles":248,"d":546,"route_I_counts":"{\"2\": 126, \"3\": 99, \"4\": 23}","shape_id":"{\"2..N01R\": 107, \"2..N03R\": 5, \"2..N08R\": 14, \"3..N01R\": 99, \"4..N01R\": 11, \"4..N13R\": 12}","direction_id":"{\"0\": 248}","headsign":"{\"Harlem-148 St\": 99, \"Wakefield-241 St\": 126, \"Woodlawn\": 23}","source":65,"target":64,"layer":"L","from":"Franklin Av-Medgar Evers College","to":"Eastern Pkwy-Brooklyn Museum"},"geometry":{"type":"LineString","coordinates":[[-73.958131,40.670682],[-73.964375,40.671987]]}},{"type":"Feature","properties":{"duration_avg":90.0,"n_vehicles":127,"d":653,"route_I_counts":"{\"2\": 1, \"3\": 97, \"4\": 29}","shape_id":"{\"2..S03R\": 1, \"3..S01R\": 96, \"3..S03R\": 1, \"4..S01R\": 16, \"4..S05R\": 2, \"4..S13R\": 11}","direction_id":"{\"1\": 127}","headsign":"{\"Crown Hts-Utica Av\": 2, \"New Lots Av\": 125}","source":65,"target":81,"layer":"L","from":"Franklin Av-Medgar Evers College","to":"Nostrand Av"},"geometry":{"type":"LineString","coordinates":[[-73.958131,40.670682],[-73.950466,40.669847]]}},{"type":"Feature","properties":{"duration_avg":180.0,"n_vehicles":92,"d":1004,"route_I_counts":"{\"19\": 92}","shape_id":"{\"FS.S01R\": 92}","direction_id":"{\"1\": 92}","headsign":"{\"Prospect Park\": 92}","source":65,"target":238,"layer":"L","from":"Franklin Av-Medgar Evers College","to":"Prospect Park"},"geometry":{"type":"LineString","coordinates":[[-73.958131,40.670682],[-73.962246,40.661614]]}},{"type":"Feature","properties":{"duration_avg":120.0,"n_vehicles":92,"d":511,"route_I_counts":"{\"19\": 92}","shape_id":"{\"FS.N01R\": 92}","direction_id":"{\"0\": 92}","headsign":"{\"Franklin Av\": 92}","source":65,"target":313,"layer":"L","from":"Franklin Av-Medgar Evers College","to":"Park Pl"},"geometry":{"type":"LineString","coordinates":[[-73.958131,40.670682],[-73.957624,40.674772]]}},{"type":"Feature","properties":{"shape_id":"{\"2..S01R\": 108, \"2..S08R\": 12, \"5..S02R\": 2, \"5..S03R\": 74}","direction_id":"{\"1\": 202}","headsign":"{\"Flatbush Av-Brooklyn College\": 202}","duration_avg":90.0,"n_vehicles":202,"d":572,"route_I_counts":"{\"2\": 123, \"5\": 79}","source":66,"target":67,"layer":"L","from":"President St-Medgar Evers College","to":"Sterling St"},"geometry":{"type":"LineString","coordinates":[[-73.950683,40.667883],[-73.95085,40.662742]]}},{"type":"Feature","properties":{"duration_avg":151.33004926108376,"n_vehicles":203,"d":701,"route_I_counts":"{\"2\": 121, \"5\": 82}","shape_id":"{\"2..N01R\": 107, \"2..N08R\": 14}","direction_id":"{\"0\": 203}","headsign":"{\"Eastchester-Dyre Av\": 75, \"Nereid Av\": 7, \"Wakefield-241 St\": 121}","source":66,"target":65,"layer":"L","from":"President St-Medgar Evers College","to":"Franklin Av-Medgar Evers College"},"geometry":{"type":"LineString","coordinates":[[-73.950683,40.667883],[-73.958131,40.670682]]}},{"type":"Feature","properties":{"shape_id":"{\"2..S01R\": 108, \"2..S08R\": 12, \"5..S02R\": 2, \"5..S03R\": 74}","direction_id":"{\"1\": 202}","headsign":"{\"Flatbush Av-Brooklyn College\": 202}","duration_avg":90.0,"n_vehicles":202,"d":680,"route_I_counts":"{\"2\": 123, \"5\": 79}","source":67,"target":68,"layer":"L","from":"Sterling St","to":"Winthrop St"},"geometry":{"type":"LineString","coordinates":[[-73.95085,40.662742],[-73.9502,40.656652]]}},{"type":"Feature","properties":{"duration_avg":88.36633663366337,"n_vehicles":202,"d":572,"route_I_counts":"{\"2\": 120, \"5\": 82}","shape_id":"{\"2..N01R\": 106, \"2..N08R\": 14}","direction_id":"{\"0\": 202}","headsign":"{\"Eastchester-Dyre Av\": 75, \"Nereid Av\": 7, \"Wakefield-241 St\": 120}","source":67,"target":66,"layer":"L","from":"Sterling St","to":"President St-Medgar Evers College"},"geometry":{"type":"LineString","coordinates":[[-73.95085,40.662742],[-73.950683,40.667883]]}},{"type":"Feature","properties":{"shape_id":"{\"2..S01R\": 108, \"2..S08R\": 11, \"5..S02R\": 2, \"5..S03R\": 74}","direction_id":"{\"1\": 201}","headsign":"{\"Flatbush Av-Brooklyn College\": 201}","duration_avg":90.0,"n_vehicles":201,"d":648,"route_I_counts":"{\"2\": 122, \"5\": 79}","source":68,"target":69,"layer":"L","from":"Winthrop St","to":"Church Av"},"geometry":{"type":"LineString","coordinates":[[-73.9502,40.656652],[-73.949575,40.650843]]}},{"type":"Feature","properties":{"duration_avg":96.41791044776119,"n_vehicles":201,"d":680,"route_I_counts":"{\"2\": 120, \"5\": 81}","shape_id":"{\"2..N01R\": 106, \"2..N08R\": 14}","direction_id":"{\"0\": 201}","headsign":"{\"Eastchester-Dyre Av\": 74, \"Nereid Av\": 7, \"Wakefield-241 St\": 120}","source":68,"target":67,"layer":"L","from":"Winthrop St","to":"Sterling St"},"geometry":{"type":"LineString","coordinates":[[-73.9502,40.656652],[-73.95085,40.662742]]}},{"type":"Feature","properties":{"shape_id":"{\"2..S01R\": 108, \"2..S08R\": 11, \"5..S02R\": 2, \"5..S03R\": 74, \"5..S04R\": 1}","direction_id":"{\"1\": 202}","headsign":"{\"Flatbush Av-Brooklyn College\": 202}","duration_avg":92.07920792079207,"n_vehicles":202,"d":641,"route_I_counts":"{\"2\": 122, \"5\": 80}","source":69,"target":70,"layer":"L","from":"Church Av","to":"Beverly Rd"},"geometry":{"type":"LineString","coordinates":[[-73.949575,40.650843],[-73.948959,40.645098]]}},{"type":"Feature","properties":{"duration_avg":91.7910447761194,"n_vehicles":201,"d":648,"route_I_counts":"{\"2\": 120, \"5\": 81}","shape_id":"{\"2..N01R\": 106, \"2..N08R\": 14}","direction_id":"{\"0\": 201}","headsign":"{\"Eastchester-Dyre Av\": 74, \"Nereid Av\": 7, \"Wakefield-241 St\": 120}","source":69,"target":68,"layer":"L","from":"Church Av","to":"Winthrop St"},"geometry":{"type":"LineString","coordinates":[[-73.949575,40.650843],[-73.9502,40.656652]]}},{"type":"Feature","properties":{"shape_id":"{\"2..S01R\": 108, \"2..S08R\": 11, \"5..S02R\": 2, \"5..S03R\": 74, \"5..S04R\": 1}","direction_id":"{\"1\": 202}","headsign":"{\"Flatbush Av-Brooklyn College\": 202}","duration_avg":90.0,"n_vehicles":202,"d":573,"route_I_counts":"{\"2\": 122, \"5\": 80}","source":70,"target":71,"layer":"L","from":"Beverly Rd","to":"Newkirk Av-Little Haiti"},"geometry":{"type":"LineString","coordinates":[[-73.948959,40.645098],[-73.948411,40.639967]]}},{"type":"Feature","properties":{"duration_avg":90.0,"n_vehicles":202,"d":641,"route_I_counts":"{\"2\": 121, \"5\": 81}","shape_id":"{\"2..N01R\": 106, \"2..N08R\": 15}","direction_id":"{\"0\": 202}","headsign":"{\"Eastchester-Dyre Av\": 74, \"Nereid Av\": 7, \"Wakefield-241 St\": 121}","source":70,"target":69,"layer":"L","from":"Beverly Rd","to":"Church Av"},"geometry":{"type":"LineString","coordinates":[[-73.948959,40.645098],[-73.949575,40.650843]]}},{"type":"Feature","properties":{"shape_id":"{\"2..S01R\": 108, \"2..S08R\": 11, \"5..S02R\": 2, \"5..S03R\": 74, \"5..S04R\": 1}","direction_id":"{\"1\": 203}","headsign":"{\"Flatbush Av-Brooklyn College\": 203}","duration_avg":143.9408866995074,"n_vehicles":203,"d":796,"route_I_counts":"{\"2\": 123, \"5\": 80}","source":71,"target":72,"layer":"L","from":"Newkirk Av-Little Haiti","to":"Flatbush Av-Brooklyn College"},"geometry":{"type":"LineString","coordinates":[[-73.948411,40.639967],[-73.947642,40.632836]]}},{"type":"Feature","properties":{"duration_avg":85.6930693069307,"n_vehicles":202,"d":573,"route_I_counts":"{\"2\": 121, \"5\": 81}","shape_id":"{\"2..N01R\": 106, \"2..N08R\": 15}","direction_id":"{\"0\": 202}","headsign":"{\"Eastchester-Dyre Av\": 74, \"Nereid Av\": 7, \"Wakefield-241 St\": 121}","source":71,"target":70,"layer":"L","from":"Newkirk Av-Little Haiti","to":"Beverly Rd"},"geometry":{"type":"LineString","coordinates":[[-73.948411,40.639967],[-73.948959,40.645098]]}},{"type":"Feature","properties":{"duration_avg":142.23880597014926,"n_vehicles":201,"d":796,"route_I_counts":"{\"2\": 120, \"5\": 81}","shape_id":"{\"2..N01R\": 105, \"2..N08R\": 15}","direction_id":"{\"0\": 201}","headsign":"{\"Eastchester-Dyre Av\": 74, \"Nereid Av\": 7, \"Wakefield-241 St\": 120}","source":72,"target":71,"layer":"L","from":"Flatbush Av-Brooklyn College","to":"Newkirk Av-Little Haiti"},"geometry":{"type":"LineString","coordinates":[[-73.947642,40.632836],[-73.948411,40.639967]]}},{"type":"Feature","properties":{"shape_id":"{\"2..N03R\": 5, \"3..N01R\": 97, \"4..N01R\": 11, \"4..N13R\": 13}","direction_id":"{\"0\": 126}","headsign":"{\"Harlem-148 St\": 97, \"Wakefield-241 St\": 5, \"Woodlawn\": 24}","duration_avg":90.0,"n_vehicles":126,"d":457,"route_I_counts":"{\"2\": 5, \"3\": 97, \"4\": 24}","source":73,"target":74,"layer":"L","from":"New Lots Av","to":"Van Siclen Av"},"geometry":{"type":"LineString","coordinates":[[-73.884079,40.666235],[-73.889395,40.665449]]}},{"type":"Feature","properties":{"shape_id":"{\"2..N03R\": 5, \"3..N01R\": 97, \"4..N01R\": 11, \"4..N13R\": 13}","direction_id":"{\"0\": 126}","headsign":"{\"Harlem-148 St\": 97, \"Wakefield-241 St\": 5, \"Woodlawn\": 24}","duration_avg":60.0,"n_vehicles":126,"d":473,"route_I_counts":"{\"2\": 5, \"3\": 97, \"4\": 24}","source":74,"target":75,"layer":"L","from":"Van Siclen Av","to":"Pennsylvania Av"},"geometry":{"type":"LineString","coordinates":[[-73.889395,40.665449],[-73.894895,40.664635]]}},{"type":"Feature","properties":{"duration_avg":90.0,"n_vehicles":130,"d":457,"route_I_counts":"{\"2\": 2, \"3\": 100, \"4\": 28}","shape_id":"{\"2..S03R\": 1, \"3..S01R\": 99, \"3..S03R\": 1, \"4..S01R\": 16, \"4..S03R\": 2, \"4..S13R\": 10}","direction_id":"{\"1\": 130}","headsign":"{\"New Lots Av\": 130}","source":74,"target":73,"layer":"L","from":"Van Siclen Av","to":"New Lots Av"},"geometry":{"type":"LineString","coordinates":[[-73.889395,40.665449],[-73.884079,40.666235]]}},{"type":"Feature","properties":{"duration_avg":63.25581395348837,"n_vehicles":129,"d":473,"route_I_counts":"{\"2\": 2, \"3\": 99, \"4\": 28}","shape_id":"{\"2..S03R\": 1, \"3..S01R\": 98, \"3..S03R\": 1, \"4..S01R\": 16, \"4..S03R\": 2, \"4..S13R\": 10}","direction_id":"{\"1\": 129}","headsign":"{\"New Lots Av\": 129}","source":75,"target":74,"layer":"L","from":"Pennsylvania Av","to":"Van Siclen Av"},"geometry":{"type":"LineString","coordinates":[[-73.894895,40.664635],[-73.889395,40.665449]]}},{"type":"Feature","properties":{"duration_avg":107.71653543307086,"n_vehicles":127,"d":649,"route_I_counts":"{\"2\": 5, \"3\": 98, \"4\": 24}","shape_id":"{\"2..N03R\": 5, \"3..N01R\": 98, \"4..N01R\": 11, \"4..N13R\": 13}","direction_id":"{\"0\": 127}","headsign":"{\"Harlem-148 St\": 98, \"Wakefield-241 St\": 5, \"Woodlawn\": 24}","source":75,"target":350,"layer":"L","from":"Pennsylvania Av","to":"Livonia Av"},"geometry":{"type":"LineString","coordinates":[[-73.894895,40.664635],[-73.900571,40.664038]]}},{"type":"Feature","properties":{"shape_id":"{\"2..N03R\": 5, \"3..N01R\": 98, \"4..N01R\": 11, \"4..N13R\": 13}","direction_id":"{\"0\": 127}","headsign":"{\"Harlem-148 St\": 98, \"Wakefield-241 St\": 5, \"Woodlawn\": 24}","duration_avg":112.44094488188976,"n_vehicles":127,"d":635,"route_I_counts":"{\"2\": 5, \"3\": 98, \"4\": 24}","source":76,"target":77,"layer":"L","from":"Rockaway Av","to":"Saratoga Av"},"geometry":{"type":"LineString","coordinates":[[-73.908946,40.662549],[-73.916327,40.661453]]}},{"type":"Feature","properties":{"duration_avg":63.25581395348837,"n_vehicles":129,"d":559,"route_I_counts":"{\"2\": 2, \"3\": 99, \"4\": 28}","shape_id":"{\"2..S03R\": 1, \"3..S01R\": 98, \"3..S03R\": 1, \"4..S01R\": 16, \"4..S03R\": 2, \"4..S13R\": 10}","direction_id":"{\"1\": 129}","headsign":"{\"New Lots Av\": 129}","source":76,"target":350,"layer":"L","from":"Rockaway Av","to":"Livonia Av"},"geometry":{"type":"LineString","coordinates":[[-73.908946,40.662549],[-73.900571,40.664038]]}},{"type":"Feature","properties":{"shape_id":"{\"2..N03R\": 5, \"3..N01R\": 98, \"4..N01R\": 11, \"4..N13R\": 13}","direction_id":"{\"0\": 127}","headsign":"{\"Harlem-148 St\": 98, \"Wakefield-241 St\": 5, \"Woodlawn\": 24}","duration_avg":97.55905511811024,"n_vehicles":127,"d":643,"route_I_counts":"{\"2\": 5, \"3\": 98, \"4\": 24}","source":77,"target":78,"layer":"L","from":"Saratoga Av","to":"Sutter Av-Rutland Rd"},"geometry":{"type":"LineString","coordinates":[[-73.916327,40.661453],[-73.92261,40.664717]]}},{"type":"Feature","properties":{"duration_avg":116.74418604651163,"n_vehicles":129,"d":635,"route_I_counts":"{\"2\": 2, \"3\": 99, \"4\": 28}","shape_id":"{\"2..S03R\": 1, \"3..S01R\": 98, \"3..S03R\": 1, \"4..S01R\": 16, \"4..S03R\": 2, \"4..S13R\": 10}","direction_id":"{\"1\": 129}","headsign":"{\"New Lots Av\": 129}","source":77,"target":76,"layer":"L","from":"Saratoga Av","to":"Rockaway Av"},"geometry":{"type":"LineString","coordinates":[[-73.916327,40.661453],[-73.908946,40.662549]]}},{"type":"Feature","properties":{"shape_id":"{\"2..N03R\": 5, \"3..N01R\": 98, \"4..N01R\": 11, \"4..N13R\": 13}","direction_id":"{\"0\": 127}","headsign":"{\"Harlem-148 St\": 98, \"Wakefield-241 St\": 5, \"Woodlawn\": 24}","duration_avg":167.71653543307087,"n_vehicles":127,"d":988,"route_I_counts":"{\"2\": 5, \"3\": 98, \"4\": 24}","source":78,"target":79,"layer":"L","from":"Sutter Av-Rutland Rd","to":"Crown Hts-Utica Av"},"geometry":{"type":"LineString","coordinates":[[-73.92261,40.664717],[-73.932942,40.668897]]}},{"type":"Feature","properties":{"duration_avg":93.25581395348837,"n_vehicles":129,"d":643,"route_I_counts":"{\"2\": 2, \"3\": 99, \"4\": 28}","shape_id":"{\"2..S03R\": 1, \"3..S01R\": 98, \"3..S03R\": 1, \"4..S01R\": 16, \"4..S03R\": 2, \"4..S13R\": 10}","direction_id":"{\"1\": 129}","headsign":"{\"New Lots Av\": 129}","source":78,"target":77,"layer":"L","from":"Sutter Av-Rutland Rd","to":"Saratoga Av"},"geometry":{"type":"LineString","coordinates":[[-73.92261,40.664717],[-73.916327,40.661453]]}},{"type":"Feature","properties":{"shape_id":"{\"2..N03R\": 5, \"3..N01R\": 98, \"4..N01R\": 11, \"4..N13R\": 13}","direction_id":"{\"0\": 127}","headsign":"{\"Harlem-148 St\": 98, \"Wakefield-241 St\": 5, \"Woodlawn\": 24}","duration_avg":132.28346456692913,"n_vehicles":127,"d":780,"route_I_counts":"{\"2\": 5, \"3\": 98, \"4\": 24}","source":79,"target":80,"layer":"L","from":"Crown Hts-Utica Av","to":"Kingston Av"},"geometry":{"type":"LineString","coordinates":[[-73.932942,40.668897],[-73.942161,40.669399]]}},{"type":"Feature","properties":{"duration_avg":228.44262295081967,"n_vehicles":122,"d":2136,"route_I_counts":"{\"4\": 114, \"5\": 8}","shape_id":"{\"4..N06R\": 88, \"4..N34R\": 15, \"4..N43R\": 7, \"4..N64R\": 3, \"5..N06R\": 1}","direction_id":"{\"0\": 122}","headsign":"{\"Bedford Park Blvd-Lehman College\": 4, \"Burnside Av\": 7, \"Eastchester-Dyre Av\": 5, \"Nereid Av\": 3, \"Woodlawn\": 103}","source":79,"target":65,"layer":"L","from":"Crown Hts-Utica Av","to":"Franklin Av-Medgar Evers College"},"geometry":{"type":"LineString","coordinates":[[-73.932942,40.668897],[-73.958131,40.670682]]}},{"type":"Feature","properties":{"duration_avg":173.671875,"n_vehicles":128,"d":988,"route_I_counts":"{\"2\": 2, \"3\": 98, \"4\": 28}","shape_id":"{\"2..S03R\": 1, \"3..S01R\": 97, \"3..S03R\": 1, \"4..S01R\": 16, \"4..S03R\": 2, \"4..S13R\": 10}","direction_id":"{\"1\": 128}","headsign":"{\"New Lots Av\": 128}","source":79,"target":78,"layer":"L","from":"Crown Hts-Utica Av","to":"Sutter Av-Rutland Rd"},"geometry":{"type":"LineString","coordinates":[[-73.932942,40.668897],[-73.92261,40.664717]]}},{"type":"Feature","properties":{"shape_id":"{\"2..N03R\": 5, \"3..N01R\": 99, \"4..N01R\": 11, \"4..N13R\": 12}","direction_id":"{\"0\": 127}","headsign":"{\"Harlem-148 St\": 99, \"Wakefield-241 St\": 5, \"Woodlawn\": 23}","duration_avg":127.08661417322834,"n_vehicles":127,"d":702,"route_I_counts":"{\"2\": 5, \"3\": 99, \"4\": 23}","source":80,"target":81,"layer":"L","from":"Kingston Av","to":"Nostrand Av"},"geometry":{"type":"LineString","coordinates":[[-73.942161,40.669399],[-73.950466,40.669847]]}},{"type":"Feature","properties":{"duration_avg":131.953125,"n_vehicles":128,"d":780,"route_I_counts":"{\"2\": 1, \"3\": 98, \"4\": 29}","shape_id":"{\"2..S03R\": 1, \"3..S01R\": 97, \"3..S03R\": 1, \"4..S01R\": 16, \"4..S05R\": 2, \"4..S13R\": 11}","direction_id":"{\"1\": 128}","headsign":"{\"Crown Hts-Utica Av\": 2, \"New Lots Av\": 126}","source":80,"target":79,"layer":"L","from":"Kingston Av","to":"Crown Hts-Utica Av"},"geometry":{"type":"LineString","coordinates":[[-73.942161,40.669399],[-73.932942,40.668897]]}},{"type":"Feature","properties":{"duration_avg":90.4724409448819,"n_vehicles":127,"d":653,"route_I_counts":"{\"2\": 5, \"3\": 99, \"4\": 23}","shape_id":"{\"2..N03R\": 5, \"3..N01R\": 99, \"4..N01R\": 11, \"4..N13R\": 12}","direction_id":"{\"0\": 127}","headsign":"{\"Harlem-148 St\": 99, \"Wakefield-241 St\": 5, \"Woodlawn\": 23}","source":81,"target":65,"layer":"L","from":"Nostrand Av","to":"Franklin Av-Medgar Evers College"},"geometry":{"type":"LineString","coordinates":[[-73.950466,40.669847],[-73.958131,40.670682]]}},{"type":"Feature","properties":{"duration_avg":102.04724409448819,"n_vehicles":127,"d":702,"route_I_counts":"{\"2\": 1, \"3\": 97, \"4\": 29}","shape_id":"{\"2..S03R\": 1, \"3..S01R\": 96, \"3..S03R\": 1, \"4..S01R\": 16, \"4..S05R\": 2, \"4..S13R\": 11}","direction_id":"{\"1\": 127}","headsign":"{\"Crown Hts-Utica Av\": 2, \"New Lots Av\": 125}","source":81,"target":80,"layer":"L","from":"Nostrand Av","to":"Kingston Av"},"geometry":{"type":"LineString","coordinates":[[-73.950466,40.669847],[-73.942161,40.669399]]}},{"type":"Feature","properties":{"shape_id":"{\"3..S01R\": 88, \"3..S42R\": 21}","direction_id":"{\"1\": 109}","headsign":"{\"New Lots Av\": 88, \"Times Sq-42 St\": 21}","duration_avg":120.0,"n_vehicles":109,"d":385,"route_I_counts":"{\"3\": 109}","source":82,"target":83,"layer":"L","from":"Harlem-148 St","to":"145 St"},"geometry":{"type":"LineString","coordinates":[[-73.93647,40.82388],[-73.936245,40.820421]]}},{"type":"Feature","properties":{"shape_id":"{\"3..S01R\": 89, \"3..S03R\": 1, \"3..S42R\": 21}","direction_id":"{\"1\": 111}","headsign":"{\"New Lots Av\": 90, \"Times Sq-42 St\": 21}","duration_avg":123.24324324324324,"n_vehicles":111,"d":787,"route_I_counts":"{\"3\": 111}","source":83,"target":52,"layer":"L","from":"145 St","to":"135 St"},"geometry":{"type":"LineString","coordinates":[[-73.936245,40.820421],[-73.94077,40.814229]]}},{"type":"Feature","properties":{"duration_avg":120.0,"n_vehicles":126,"d":385,"route_I_counts":"{\"3\": 126}","shape_id":"{\"3..N01R\": 108, \"3..N42R\": 18}","direction_id":"{\"0\": 126}","headsign":"{\"Harlem-148 St\": 126}","source":83,"target":82,"layer":"L","from":"145 St","to":"Harlem-148 St"},"geometry":{"type":"LineString","coordinates":[[-73.936245,40.820421],[-73.93647,40.82388]]}},{"type":"Feature","properties":{"shape_id":"{\"4..S01R\": 18, \"4..S03R\": 2, \"4..S05R\": 2, \"4..S06R\": 87, \"4..S13R\": 14}","direction_id":"{\"1\": 123}","headsign":"{\"Crown Hts-Utica Av\": 89, \"New Lots Av\": 34}","duration_avg":120.0,"n_vehicles":123,"d":858,"route_I_counts":"{\"4\": 123}","source":84,"target":85,"layer":"L","from":"Woodlawn","to":"Mosholu Pkwy"},"geometry":{"type":"LineString","coordinates":[[-73.878751,40.886037],[-73.884655,40.87975]]}},{"type":"Feature","properties":{"shape_id":"{\"4..S01R\": 18, \"4..S03R\": 2, \"4..S05R\": 2, \"4..S06R\": 87, \"4..S13R\": 14}","direction_id":"{\"1\": 123}","headsign":"{\"Crown Hts-Utica Av\": 89, \"New Lots Av\": 34}","duration_avg":120.0,"n_vehicles":123,"d":839,"route_I_counts":"{\"4\": 123}","source":85,"target":86,"layer":"L","from":"Mosholu Pkwy","to":"Bedford Park Blvd-Lehman College"},"geometry":{"type":"LineString","coordinates":[[-73.884655,40.87975],[-73.890064,40.873412]]}},{"type":"Feature","properties":{"duration_avg":120.0,"n_vehicles":133,"d":858,"route_I_counts":"{\"4\": 133}","shape_id":"{\"4..N01R\": 11, \"4..N06R\": 99, \"4..N13R\": 8, \"4..N34R\": 15}","direction_id":"{\"0\": 133}","headsign":"{\"Woodlawn\": 133}","source":85,"target":84,"layer":"L","from":"Mosholu Pkwy","to":"Woodlawn"},"geometry":{"type":"LineString","coordinates":[[-73.884655,40.87975],[-73.878751,40.886037]]}},{"type":"Feature","properties":{"shape_id":"{\"4..S01R\": 18, \"4..S03R\": 2, \"4..S05R\": 2, \"4..S06R\": 87, \"4..S13R\": 14, \"4..S28R\": 9}","direction_id":"{\"1\": 132}","headsign":"{\"Crown Hts-Utica Av\": 98, \"New Lots Av\": 34}","duration_avg":142.5,"n_vehicles":132,"d":868,"route_I_counts":"{\"4\": 132}","source":86,"target":87,"layer":"L","from":"Bedford Park Blvd-Lehman College","to":"Kingsbridge Rd"},"geometry":{"type":"LineString","coordinates":[[-73.890064,40.873412],[-73.897174,40.86776]]}},{"type":"Feature","properties":{"duration_avg":120.0,"n_vehicles":133,"d":839,"route_I_counts":"{\"4\": 133}","shape_id":"{\"4..N01R\": 11, \"4..N06R\": 99, \"4..N13R\": 8, \"4..N34R\": 15}","direction_id":"{\"0\": 133}","headsign":"{\"Woodlawn\": 133}","source":86,"target":85,"layer":"L","from":"Bedford Park Blvd-Lehman College","to":"Mosholu Pkwy"},"geometry":{"type":"LineString","coordinates":[[-73.890064,40.873412],[-73.884655,40.87975]]}},{"type":"Feature","properties":{"shape_id":"{\"4..S01R\": 18, \"4..S03R\": 2, \"4..S05R\": 2, \"4..S06R\": 88, \"4..S13R\": 14, \"4..S28R\": 9}","direction_id":"{\"1\": 133}","headsign":"{\"Crown Hts-Utica Av\": 99, \"New Lots Av\": 34}","duration_avg":85.0375939849624,"n_vehicles":133,"d":640,"route_I_counts":"{\"4\": 133}","source":87,"target":88,"layer":"L","from":"Kingsbridge Rd","to":"Fordham Rd"},"geometry":{"type":"LineString","coordinates":[[-73.897174,40.86776],[-73.901034,40.862803]]}},{"type":"Feature","properties":{"duration_avg":127.27941176470588,"n_vehicles":136,"d":868,"route_I_counts":"{\"4\": 136}","shape_id":"{\"4..N01R\": 11, \"4..N06R\": 98, \"4..N13R\": 8, \"4..N34R\": 15, \"4..N64R\": 3}","direction_id":"{\"0\": 136}","headsign":"{\"Bedford Park Blvd-Lehman College\": 4, \"Woodlawn\": 132}","source":87,"target":86,"layer":"L","from":"Kingsbridge Rd","to":"Bedford Park Blvd-Lehman College"},"geometry":{"type":"LineString","coordinates":[[-73.897174,40.86776],[-73.890064,40.873412]]}},{"type":"Feature","properties":{"shape_id":"{\"4..S01R\": 18, \"4..S03R\": 2, \"4..S05R\": 2, \"4..S06R\": 88, \"4..S13R\": 14, \"4..S28R\": 9}","direction_id":"{\"1\": 133}","headsign":"{\"Crown Hts-Utica Av\": 99, \"New Lots Av\": 34}","duration_avg":82.55639097744361,"n_vehicles":133,"d":544,"route_I_counts":"{\"4\": 133}","source":88,"target":89,"layer":"L","from":"Fordham Rd","to":"183 St"},"geometry":{"type":"LineString","coordinates":[[-73.901034,40.862803],[-73.903879,40.858407]]}},{"type":"Feature","properties":{"duration_avg":90.0,"n_vehicles":136,"d":640,"route_I_counts":"{\"4\": 136}","shape_id":"{\"4..N01R\": 11, \"4..N06R\": 98, \"4..N13R\": 8, \"4..N34R\": 15, \"4..N64R\": 3}","direction_id":"{\"0\": 136}","headsign":"{\"Bedford Park Blvd-Lehman College\": 4, \"Woodlawn\": 132}","source":88,"target":87,"layer":"L","from":"Fordham Rd","to":"Kingsbridge Rd"},"geometry":{"type":"LineString","coordinates":[[-73.901034,40.862803],[-73.897174,40.86776]]}},{"type":"Feature","properties":{"shape_id":"{\"4..S01R\": 17, \"4..S03R\": 2, \"4..S05R\": 2, \"4..S06R\": 88, \"4..S13R\": 14, \"4..S28R\": 9}","direction_id":"{\"1\": 132}","headsign":"{\"Crown Hts-Utica Av\": 99, \"New Lots Av\": 33}","duration_avg":90.0,"n_vehicles":132,"d":637,"route_I_counts":"{\"4\": 132}","source":89,"target":90,"layer":"L","from":"183 St","to":"Burnside Av"},"geometry":{"type":"LineString","coordinates":[[-73.903879,40.858407],[-73.907684,40.853453]]}},{"type":"Feature","properties":{"duration_avg":84.96350364963503,"n_vehicles":137,"d":544,"route_I_counts":"{\"4\": 137}","shape_id":"{\"4..N01R\": 11, \"4..N06R\": 98, \"4..N13R\": 9, \"4..N34R\": 15, \"4..N64R\": 3}","direction_id":"{\"0\": 137}","headsign":"{\"Bedford Park Blvd-Lehman College\": 4, \"Woodlawn\": 133}","source":89,"target":88,"layer":"L","from":"183 St","to":"Fordham Rd"},"geometry":{"type":"LineString","coordinates":[[-73.903879,40.858407],[-73.901034,40.862803]]}},{"type":"Feature","properties":{"shape_id":"{\"4..S01R\": 17, \"4..S03R\": 2, \"4..S05R\": 2, \"4..S06R\": 88, \"4..S13R\": 14, \"4..S28R\": 9}","direction_id":"{\"1\": 132}","headsign":"{\"Crown Hts-Utica Av\": 99, \"New Lots Av\": 33}","duration_avg":90.0,"n_vehicles":132,"d":652,"route_I_counts":"{\"4\": 132}","source":90,"target":91,"layer":"L","from":"Burnside Av","to":"176 St"},"geometry":{"type":"LineString","coordinates":[[-73.907684,40.853453],[-73.911794,40.84848]]}},{"type":"Feature","properties":{"duration_avg":90.0,"n_vehicles":136,"d":637,"route_I_counts":"{\"4\": 136}","shape_id":"{\"4..N01R\": 11, \"4..N06R\": 97, \"4..N13R\": 9, \"4..N34R\": 15, \"4..N64R\": 3}","direction_id":"{\"0\": 136}","headsign":"{\"Bedford Park Blvd-Lehman College\": 4, \"Woodlawn\": 132}","source":90,"target":89,"layer":"L","from":"Burnside Av","to":"183 St"},"geometry":{"type":"LineString","coordinates":[[-73.907684,40.853453],[-73.903879,40.858407]]}},{"type":"Feature","properties":{"shape_id":"{\"4..S01R\": 17, \"4..S03R\": 2, \"4..S05R\": 2, \"4..S06R\": 88, \"4..S13R\": 14, \"4..S28R\": 9}","direction_id":"{\"1\": 132}","headsign":"{\"Crown Hts-Utica Av\": 99, \"New Lots Av\": 33}","duration_avg":90.0,"n_vehicles":132,"d":511,"route_I_counts":"{\"4\": 132}","source":91,"target":92,"layer":"L","from":"176 St","to":"Mt Eden Av"},"geometry":{"type":"LineString","coordinates":[[-73.911794,40.84848],[-73.914685,40.844434]]}},{"type":"Feature","properties":{"duration_avg":90.0,"n_vehicles":136,"d":652,"route_I_counts":"{\"4\": 136}","shape_id":"{\"4..N01R\": 11, \"4..N06R\": 97, \"4..N13R\": 9, \"4..N34R\": 15, \"4..N64R\": 3}","direction_id":"{\"0\": 136}","headsign":"{\"Bedford Park Blvd-Lehman College\": 4, \"Woodlawn\": 132}","source":91,"target":90,"layer":"L","from":"176 St","to":"Burnside Av"},"geometry":{"type":"LineString","coordinates":[[-73.911794,40.84848],[-73.907684,40.853453]]}},{"type":"Feature","properties":{"shape_id":"{\"4..S01R\": 17, \"4..S03R\": 2, \"4..S05R\": 2, \"4..S06R\": 89, \"4..S13R\": 14, \"4..S28R\": 9}","direction_id":"{\"1\": 133}","headsign":"{\"Crown Hts-Utica Av\": 100, \"New Lots Av\": 33}","duration_avg":74.88721804511279,"n_vehicles":133,"d":551,"route_I_counts":"{\"4\": 133}","source":92,"target":93,"layer":"L","from":"Mt Eden Av","to":"170 St"},"geometry":{"type":"LineString","coordinates":[[-73.914685,40.844434],[-73.917791,40.840075]]}},{"type":"Feature","properties":{"duration_avg":63.529411764705884,"n_vehicles":136,"d":511,"route_I_counts":"{\"4\": 136}","shape_id":"{\"4..N01R\": 11, \"4..N06R\": 97, \"4..N13R\": 9, \"4..N34R\": 15, \"4..N64R\": 3}","direction_id":"{\"0\": 136}","headsign":"{\"Bedford Park Blvd-Lehman College\": 4, \"Woodlawn\": 132}","source":92,"target":91,"layer":"L","from":"Mt Eden Av","to":"176 St"},"geometry":{"type":"LineString","coordinates":[[-73.914685,40.844434],[-73.911794,40.84848]]}},{"type":"Feature","properties":{"shape_id":"{\"4..S01R\": 17, \"4..S03R\": 2, \"4..S05R\": 2, \"4..S06R\": 89, \"4..S13R\": 14, \"4..S28R\": 9}","direction_id":"{\"1\": 133}","headsign":"{\"Crown Hts-Utica Av\": 100, \"New Lots Av\": 33}","duration_avg":90.0,"n_vehicles":133,"d":589,"route_I_counts":"{\"4\": 133}","source":93,"target":94,"layer":"L","from":"170 St","to":"167 St"},"geometry":{"type":"LineString","coordinates":[[-73.917791,40.840075],[-73.9214,40.835537]]}},{"type":"Feature","properties":{"duration_avg":67.27941176470588,"n_vehicles":136,"d":551,"route_I_counts":"{\"4\": 136}","shape_id":"{\"4..N01R\": 11, \"4..N06R\": 97, \"4..N13R\": 9, \"4..N34R\": 15, \"4..N64R\": 3}","direction_id":"{\"0\": 136}","headsign":"{\"Bedford Park Blvd-Lehman College\": 4, \"Woodlawn\": 132}","source":93,"target":92,"layer":"L","from":"170 St","to":"Mt Eden Av"},"geometry":{"type":"LineString","coordinates":[[-73.917791,40.840075],[-73.914685,40.844434]]}},{"type":"Feature","properties":{"duration_avg":90.0,"n_vehicles":135,"d":589,"route_I_counts":"{\"4\": 135}","shape_id":"{\"4..N01R\": 11, \"4..N06R\": 96, \"4..N13R\": 9, \"4..N34R\": 15, \"4..N64R\": 3}","direction_id":"{\"0\": 135}","headsign":"{\"Bedford Park Blvd-Lehman College\": 4, \"Woodlawn\": 131}","source":94,"target":93,"layer":"L","from":"167 St","to":"170 St"},"geometry":{"type":"LineString","coordinates":[[-73.9214,40.835537],[-73.917791,40.840075]]}},{"type":"Feature","properties":{"duration_avg":123.15789473684211,"n_vehicles":133,"d":918,"route_I_counts":"{\"4\": 133}","shape_id":"{\"4..S01R\": 17, \"4..S03R\": 2, \"4..S05R\": 2, \"4..S06R\": 89, \"4..S13R\": 14, \"4..S28R\": 9}","direction_id":"{\"1\": 133}","headsign":"{\"Crown Hts-Utica Av\": 100, \"New Lots Av\": 33}","source":94,"target":228,"layer":"L","from":"167 St","to":"161 St-Yankee Stadium"},"geometry":{"type":"LineString","coordinates":[[-73.9214,40.835537],[-73.925651,40.827905]]}},{"type":"Feature","properties":{"shape_id":"{\"4..S01R\": 16, \"4..S03R\": 2, \"4..S05R\": 2, \"4..S06R\": 90, \"4..S13R\": 14, \"4..S28R\": 9, \"5..S02R\": 2, \"5..S03R\": 70, \"5..S07R\": 8, \"5..S08R\": 9, \"5..S12R\": 2, \"5..S21R\": 2}","direction_id":"{\"1\": 226}","headsign":"{\"Crown Hts-Utica Av\": 111, \"New Lots Av\": 32, \"Bowling Green\": 11, \"Flatbush Av-Brooklyn College\": 72}","duration_avg":161.93548387096774,"n_vehicles":226,"d":610,"route_I_counts":"{\"4\": 133, \"5\": 93}","source":95,"target":96,"layer":"L","from":"149 St-Grand Concourse","to":"138 St-Grand Concourse"},"geometry":{"type":"LineString","coordinates":[[-73.927351,40.818375],[-73.929849,40.813224]]}},{"type":"Feature","properties":{"duration_avg":205.25,"n_vehicles":120,"d":1272,"route_I_counts":"{\"2\": 120}","shape_id":"{\"2..S01R\": 104, \"2..S08R\": 16}","direction_id":"{\"1\": 120}","headsign":"{\"Flatbush Av-Brooklyn College\": 120}","source":95,"target":52,"layer":"L","from":"149 St-Grand Concourse","to":"135 St"},"geometry":{"type":"LineString","coordinates":[[-73.927351,40.818375],[-73.94077,40.814229]]}},{"type":"Feature","properties":{"duration_avg":140.20661157024793,"n_vehicles":242,"d":797,"route_I_counts":"{\"2\": 131, \"5\": 111}","shape_id":"{\"2..N01R\": 115, \"2..N03R\": 5, \"2..N08R\": 11, \"5..N06R\": 1, \"5..N31R\": 1}","direction_id":"{\"0\": 242}","headsign":"{\"E 180 St\": 1, \"Eastchester-Dyre Av\": 96, \"Gun Hill Rd\": 2, \"Nereid Av\": 12, \"Wakefield-241 St\": 131}","source":95,"target":51,"layer":"L","from":"149 St-Grand Concourse","to":"3 Av-149 St"},"geometry":{"type":"LineString","coordinates":[[-73.927351,40.818375],[-73.917757,40.816109]]}},{"type":"Feature","properties":{"duration_avg":149.17808219178082,"n_vehicles":146,"d":1078,"route_I_counts":"{\"4\": 146}","shape_id":"{\"4..N01R\": 11, \"4..N06R\": 96, \"4..N13R\": 10, \"4..N34R\": 15, \"4..N43R\": 10, \"4..N64R\": 3}","direction_id":"{\"0\": 146}","headsign":"{\"Bedford Park Blvd-Lehman College\": 4, \"Burnside Av\": 10, \"Woodlawn\": 132}","source":95,"target":228,"layer":"L","from":"149 St-Grand Concourse","to":"161 St-Yankee Stadium"},"geometry":{"type":"LineString","coordinates":[[-73.927351,40.818375],[-73.925651,40.827905]]}},{"type":"Feature","properties":{"shape_id":"{\"4..S01R\": 16, \"4..S03R\": 2, \"4..S05R\": 2, \"4..S06R\": 90, \"4..S13R\": 14, \"4..S28R\": 9, \"5..S02R\": 2, \"5..S03R\": 70, \"5..S07R\": 8, \"5..S08R\": 9, \"5..S12R\": 2, \"5..S21R\": 2}","direction_id":"{\"1\": 226}","headsign":"{\"Bowling Green\": 11, \"Crown Hts-Utica Av\": 111, \"Flatbush Av-Brooklyn College\": 72, \"New Lots Av\": 32}","duration_avg":161.81415929203538,"n_vehicles":226,"d":1203,"route_I_counts":"{\"4\": 133, \"5\": 93}","source":96,"target":97,"layer":"L","from":"138 St-Grand Concourse","to":"125 St"},"geometry":{"type":"LineString","coordinates":[[-73.929849,40.813224],[-73.937594,40.804138]]}},{"type":"Feature","properties":{"duration_avg":174.13954988532112,"n_vehicles":237,"d":610,"route_I_counts":"{\"4\": 128, \"5\": 109}","shape_id":"{\"4..N01R\": 11, \"4..N06R\": 96, \"4..N13R\": 10, \"4..N43R\": 10, \"5..N06R\": 1, \"5..N31R\": 1}","direction_id":"{\"0\": 237}","headsign":"{\"Bedford Park Blvd-Lehman College\": 1, \"Burnside Av\": 10, \"Woodlawn\": 117, \"E 180 St\": 1, \"Eastchester-Dyre Av\": 95, \"Gun Hill Rd\": 1, \"Nereid Av\": 12}","source":96,"target":95,"layer":"L","from":"138 St-Grand Concourse","to":"149 St-Grand Concourse"},"geometry":{"type":"LineString","coordinates":[[-73.929849,40.813224],[-73.927351,40.818375]]}},{"type":"Feature","properties":{"shape_id":"{\"4..S01R\": 16, \"4..S03R\": 2, \"4..S05R\": 2, \"4..S06R\": 90, \"4..S28R\": 9, \"5..S02R\": 2, \"5..S03R\": 71, \"5..S07R\": 8, \"5..S08R\": 9, \"5..S12R\": 2, \"5..S21R\": 2}","direction_id":"{\"1\": 213}","headsign":"{\"Bowling Green\": 11, \"Crown Hts-Utica Av\": 111, \"Flatbush Av-Brooklyn College\": 73, \"New Lots Av\": 18}","duration_avg":293.6619718309859,"n_vehicles":213,"d":3134,"route_I_counts":"{\"4\": 119, \"5\": 94}","source":97,"target":98,"layer":"L","from":"125 St","to":"86 St"},"geometry":{"type":"LineString","coordinates":[[-73.937594,40.804138],[-73.955589,40.779492]]}},{"type":"Feature","properties":{"shape_id":"{\"4..S13R\": 14, \"6..S01R\": 112, \"6..S02R\": 11, \"6..S03R\": 73}","direction_id":"{\"1\": 220}","headsign":"{\"Brooklyn Bridge-City Hall\": 206, \"New Lots Av\": 14}","duration_avg":92.18181818181819,"n_vehicles":220,"d":700,"route_I_counts":"{\"4\": 14, \"7\": 185, \"8\": 21}","source":97,"target":104,"layer":"L","from":"125 St","to":"116 St"},"geometry":{"type":"LineString","coordinates":[[-73.937594,40.804138],[-73.941617,40.798629]]}},{"type":"Feature","properties":{"duration_avg":150.0,"n_vehicles":236,"d":1203,"route_I_counts":"{\"4\": 127, \"5\": 109}","shape_id":"{\"4..N01R\": 11, \"4..N06R\": 95, \"4..N13R\": 10, \"4..N43R\": 10, \"5..N06R\": 1, \"5..N31R\": 1}","direction_id":"{\"0\": 236}","headsign":"{\"Bedford Park Blvd-Lehman College\": 1, \"Burnside Av\": 10, \"E 180 St\": 1, \"Eastchester-Dyre Av\": 95, \"Gun Hill Rd\": 1, \"Nereid Av\": 12, \"Woodlawn\": 116}","source":97,"target":96,"layer":"L","from":"125 St","to":"138 St-Grand Concourse"},"geometry":{"type":"LineString","coordinates":[[-73.937594,40.804138],[-73.929849,40.813224]]}},{"type":"Feature","properties":{"duration_avg":182.3181818181818,"n_vehicles":220,"d":1195,"route_I_counts":"{\"7\": 157, \"8\": 63}","shape_id":"{\"6..N01R\": 78, \"6..N02R\": 63, \"6..N03R\": 74}","direction_id":"{\"0\": 220}","headsign":"{\"Parkchester\": 79, \"Pelham Bay Park\": 141}","source":97,"target":138,"layer":"L","from":"125 St","to":"3 Av-138 St"},"geometry":{"type":"LineString","coordinates":[[-73.937594,40.804138],[-73.926138,40.810476]]}},{"type":"Feature","properties":{"duration_avg":270.0,"n_vehicles":18,"d":1804,"route_I_counts":"{\"4\": 18}","shape_id":"{\"4..N34R\": 15, \"4..N64R\": 3}","direction_id":"{\"0\": 18}","headsign":"{\"Bedford Park Blvd-Lehman College\": 3, \"Woodlawn\": 15}","source":97,"target":95,"layer":"L","from":"125 St","to":"149 St-Grand Concourse"},"geometry":{"type":"LineString","coordinates":[[-73.937594,40.804138],[-73.927351,40.818375]]}},{"type":"Feature","properties":{"shape_id":"{\"4..S13R\": 14, \"6..S01R\": 112, \"6..S02R\": 11, \"6..S03R\": 74}","direction_id":"{\"1\": 221}","headsign":"{\"Brooklyn Bridge-City Hall\": 207, \"New Lots Av\": 14}","duration_avg":109.14027149321267,"n_vehicles":221,"d":746,"route_I_counts":"{\"4\": 14, \"7\": 186, \"8\": 21}","source":98,"target":108,"layer":"L","from":"86 St","to":"77 St"},"geometry":{"type":"LineString","coordinates":[[-73.955589,40.779492],[-73.959874,40.77362]]}},{"type":"Feature","properties":{"duration_avg":325.26970954356847,"n_vehicles":241,"d":3134,"route_I_counts":"{\"4\": 133, \"5\": 108}","shape_id":"{\"4..N01R\": 11, \"4..N06R\": 93, \"4..N34R\": 15, \"4..N43R\": 10, \"4..N64R\": 3, \"5..N06R\": 1, \"5..N31R\": 1}","direction_id":"{\"0\": 241}","headsign":"{\"Bedford Park Blvd-Lehman College\": 4, \"Burnside Av\": 10, \"E 180 St\": 1, \"Eastchester-Dyre Av\": 94, \"Gun Hill Rd\": 1, \"Nereid Av\": 12, \"Woodlawn\": 119}","source":98,"target":97,"layer":"L","from":"86 St","to":"125 St"},"geometry":{"type":"LineString","coordinates":[[-73.955589,40.779492],[-73.937594,40.804138]]}},{"type":"Feature","properties":{"duration_avg":115.39473684210526,"n_vehicles":228,"d":786,"route_I_counts":"{\"4\": 10, \"7\": 155, \"8\": 63}","shape_id":"{\"4..N13R\": 10, \"6..N01R\": 78, \"6..N02R\": 63, \"6..N03R\": 74}","direction_id":"{\"0\": 228}","headsign":"{\"Parkchester\": 77, \"Pelham Bay Park\": 141, \"Woodlawn\": 10}","source":98,"target":107,"layer":"L","from":"86 St","to":"96 St"},"geometry":{"type":"LineString","coordinates":[[-73.955589,40.779492],[-73.95107,40.785672]]}},{"type":"Feature","properties":{"duration_avg":242.2429906542056,"n_vehicles":214,"d":2157,"route_I_counts":"{\"4\": 120, \"5\": 94}","shape_id":"{\"4..S01R\": 16, \"4..S03R\": 2, \"4..S05R\": 2, \"4..S06R\": 91, \"4..S28R\": 9, \"5..S02R\": 2, \"5..S03R\": 71, \"5..S07R\": 8, \"5..S08R\": 9, \"5..S12R\": 2, \"5..S21R\": 2}","direction_id":"{\"1\": 214}","headsign":"{\"Bowling Green\": 11, \"Crown Hts-Utica Av\": 112, \"Flatbush Av-Brooklyn College\": 73, \"New Lots Av\": 18}","source":98,"target":382,"layer":"L","from":"86 St","to":"Lexington Av/59 St"},"geometry":{"type":"LineString","coordinates":[[-73.955589,40.779492],[-73.967258,40.76266]]}},{"type":"Feature","properties":{"shape_id":"{\"4..S13R\": 13, \"6..S01R\": 111, \"6..S02R\": 12, \"6..S03R\": 75}","direction_id":"{\"1\": 222}","headsign":"{\"Brooklyn Bridge-City Hall\": 209, \"New Lots Av\": 13}","duration_avg":120.0,"n_vehicles":222,"d":772,"route_I_counts":"{\"4\": 13, \"7\": 186, \"8\": 23}","source":99,"target":110,"layer":"L","from":"Grand Central-42 St","to":"33 St"},"geometry":{"type":"LineString","coordinates":[[-73.976848,40.751776],[-73.982076,40.746081]]}},{"type":"Feature","properties":{"duration_avg":97.79735682819383,"n_vehicles":227,"d":724,"route_I_counts":"{\"4\": 11, \"7\": 153, \"8\": 63}","shape_id":"{\"4..N13R\": 11, \"6..N01R\": 77, \"6..N02R\": 63, \"6..N03R\": 74}","direction_id":"{\"0\": 227}","headsign":"{\"Parkchester\": 76, \"Pelham Bay Park\": 140, \"Woodlawn\": 11}","source":99,"target":280,"layer":"L","from":"Grand Central-42 St","to":"Lexington Av/53 St"},"geometry":{"type":"LineString","coordinates":[[-73.976848,40.751776],[-73.969055,40.757552]]}},{"type":"Feature","properties":{"duration_avg":148.5,"n_vehicles":240,"d":1411,"route_I_counts":"{\"4\": 133, \"5\": 107}","shape_id":"{\"4..N01R\": 11, \"4..N06R\": 93, \"4..N34R\": 15, \"4..N43R\": 10, \"4..N64R\": 3, \"5..N06R\": 1, \"5..N31R\": 1}","direction_id":"{\"0\": 240}","headsign":"{\"Bedford Park Blvd-Lehman College\": 4, \"Burnside Av\": 10, \"E 180 St\": 1, \"Eastchester-Dyre Av\": 93, \"Gun Hill Rd\": 1, \"Nereid Av\": 12, \"Woodlawn\": 119}","source":99,"target":382,"layer":"L","from":"Grand Central-42 St","to":"Lexington Av/59 St"},"geometry":{"type":"LineString","coordinates":[[-73.976848,40.751776],[-73.967258,40.76266]]}},{"type":"Feature","properties":{"duration_avg":290.2173913043478,"n_vehicles":230,"d":2132,"route_I_counts":"{\"9\": 165, \"10\": 65}","shape_id":"{\"7..N95R\": 65, \"7..N97R\": 157, \"7..N98R\": 8}","direction_id":"{\"0\": 230}","headsign":"{\"Flushing-Main St\": 222, \"Mets-Willets Point\": 8}","source":99,"target":155,"layer":"L","from":"Grand Central-42 St","to":"Vernon Blvd-Jackson Av"},"geometry":{"type":"LineString","coordinates":[[-73.976848,40.751776],[-73.953581,40.742626]]}},{"type":"Feature","properties":{"duration_avg":90.0,"n_vehicles":418,"d":565,"route_I_counts":"{\"9\": 225, \"10\": 3, \"11\": 190}","shape_id":"{\"7..S97R\": 213, \"7..S98R\": 3, \"7..S99R\": 12, \"GS.N01R\": 95, \"GS.N04R\": 95}","direction_id":"{\"1\": 228, \"0\": 190}","headsign":"{\"34 St-Hudson Yards\": 228, \"Times Sq-42 St\": 190}","source":99,"target":232,"layer":"L","from":"Grand Central-42 St","to":"42 St-Bryant Pk"},"geometry":{"type":"LineString","coordinates":[[-73.976848,40.751776],[-73.984569,40.754222]]}},{"type":"Feature","properties":{"duration_avg":249.58333333333334,"n_vehicles":216,"d":2201,"route_I_counts":"{\"4\": 121, \"5\": 95}","shape_id":"{\"4..S01R\": 16, \"4..S03R\": 2, \"4..S05R\": 2, \"4..S06R\": 92, \"4..S28R\": 9, \"5..S02R\": 2, \"5..S03R\": 72, \"5..S07R\": 8, \"5..S08R\": 9, \"5..S12R\": 2, \"5..S21R\": 2}","direction_id":"{\"1\": 216}","headsign":"{\"Bowling Green\": 11, \"Crown Hts-Utica Av\": 113, \"Flatbush Av-Brooklyn College\": 74, \"New Lots Av\": 18}","source":99,"target":367,"layer":"L","from":"Grand Central-42 St","to":"14 St-Union Sq"},"geometry":{"type":"LineString","coordinates":[[-73.976848,40.751776],[-73.99073,40.734789]]}},{"type":"Feature","properties":{"duration_avg":120.0,"n_vehicles":328,"d":720,"route_I_counts":"{\"4\": 11, \"7\": 150, \"8\": 63, \"21\": 98, \"29\": 6}","shape_id":"{\"4..N13R\": 11, \"6..N01R\": 76, \"6..N02R\": 63, \"6..N03R\": 74}","direction_id":"{\"0\": 328}","headsign":"{\"Parkchester\": 74, \"Pelham Bay Park\": 139, \"Woodlawn\": 11, \"Jamaica Center-Parsons/Archer\": 104}","source":100,"target":115,"layer":"L","from":"Brooklyn Bridge-City Hall","to":"Canal St"},"geometry":{"type":"LineString","coordinates":[[-74.004131,40.713065],[-74.000193,40.718803]]}},{"type":"Feature","properties":{"duration_avg":92.53260552523022,"n_vehicles":336,"d":544,"route_I_counts":"{\"4\": 136, \"5\": 97, \"21\": 103}","shape_id":"{\"4..S01R\": 16, \"4..S03R\": 2, \"4..S05R\": 2, \"4..S06R\": 95, \"4..S13R\": 12, \"4..S28R\": 9, \"5..S02R\": 2, \"5..S03R\": 73, \"5..S07R\": 8, \"5..S08R\": 9, \"5..S12R\": 2, \"5..S21R\": 2, \"J..S12R\": 78, \"J..S13R\": 20, \"J..S54R\": 5}","direction_id":"{\"1\": 336}","headsign":"{\"Bowling Green\": 12, \"Crown Hts-Utica Av\": 116, \"Flatbush Av-Brooklyn College\": 75, \"New Lots Av\": 30, \"Broad St\": 103}","source":100,"target":182,"layer":"L","from":"Brooklyn Bridge-City Hall","to":"Fulton St"},"geometry":{"type":"LineString","coordinates":[[-74.004131,40.713065],[-74.007691,40.710197]]}},{"type":"Feature","properties":{"duration_avg":300.63829787234044,"n_vehicles":235,"d":2686,"route_I_counts":"{\"4\": 130, \"5\": 105}","shape_id":"{\"4..N01R\": 11, \"4..N06R\": 91, \"4..N34R\": 15, \"4..N43R\": 9, \"4..N64R\": 3, \"5..N06R\": 1, \"5..N31R\": 1}","direction_id":"{\"0\": 235}","headsign":"{\"Bedford Park Blvd-Lehman College\": 4, \"Burnside Av\": 9, \"E 180 St\": 1, \"Eastchester-Dyre Av\": 92, \"Nereid Av\": 12, \"Woodlawn\": 117}","source":100,"target":367,"layer":"L","from":"Brooklyn Bridge-City Hall","to":"14 St-Union Sq"},"geometry":{"type":"LineString","coordinates":[[-74.004131,40.713065],[-73.99073,40.734789]]}},{"type":"Feature","properties":{"shape_id":"{\"4..S01R\": 16, \"4..S03R\": 2, \"4..S05R\": 2, \"4..S06R\": 96, \"4..S13R\": 12, \"4..S28R\": 9, \"5..S02R\": 2, \"5..S03R\": 74, \"5..S07R\": 8, \"5..S08R\": 9, \"5..S12R\": 2, \"5..S21R\": 2}","direction_id":"{\"1\": 235}","headsign":"{\"Bowling Green\": 12, \"Crown Hts-Utica Av\": 117, \"Flatbush Av-Brooklyn College\": 76, \"New Lots Av\": 30}","duration_avg":86.93617021276596,"n_vehicles":235,"d":357,"route_I_counts":"{\"4\": 137, \"5\": 98}","source":101,"target":102,"layer":"L","from":"Wall St","to":"Bowling Green"},"geometry":{"type":"LineString","coordinates":[[-74.011862,40.707557],[-74.014065,40.704817]]}},{"type":"Feature","properties":{"duration_avg":79.71428571428571,"n_vehicles":245,"d":370,"route_I_counts":"{\"4\": 141, \"5\": 104}","shape_id":"{\"4..N01R\": 11, \"4..N06R\": 91, \"4..N13R\": 11, \"4..N34R\": 15, \"4..N43R\": 9, \"4..N64R\": 3, \"5..N06R\": 1, \"5..N31R\": 1}","direction_id":"{\"0\": 245}","headsign":"{\"Bedford Park Blvd-Lehman College\": 4, \"Burnside Av\": 9, \"E 180 St\": 1, \"Eastchester-Dyre Av\": 91, \"Nereid Av\": 12, \"Woodlawn\": 128}","source":101,"target":182,"layer":"L","from":"Wall St","to":"Fulton St"},"geometry":{"type":"LineString","coordinates":[[-74.011862,40.707557],[-74.007691,40.710197]]}},{"type":"Feature","properties":{"shape_id":"{\"4..S01R\": 16, \"4..S03R\": 2, \"4..S05R\": 2, \"4..S06R\": 97, \"4..S13R\": 12, \"4..S28R\": 9, \"5..S02R\": 2, \"5..S03R\": 74, \"5..S07R\": 8, \"5..S21R\": 2}","direction_id":"{\"1\": 224}","headsign":"{\"Crown Hts-Utica Av\": 118, \"Flatbush Av-Brooklyn College\": 76, \"New Lots Av\": 30}","duration_avg":333.3482142857143,"n_vehicles":224,"d":2445,"route_I_counts":"{\"4\": 138, \"5\": 86}","source":102,"target":103,"layer":"L","from":"Bowling Green","to":"Borough Hall"},"geometry":{"type":"LineString","coordinates":[[-74.014065,40.704817],[-73.990151,40.692404]]}},{"type":"Feature","properties":{"duration_avg":90.0,"n_vehicles":244,"d":357,"route_I_counts":"{\"4\": 140, \"5\": 104}","shape_id":"{\"4..N01R\": 11, \"4..N06R\": 90, \"4..N13R\": 11, \"4..N34R\": 15, \"4..N43R\": 9, \"4..N64R\": 3, \"5..N06R\": 1, \"5..N31R\": 1}","direction_id":"{\"0\": 244}","headsign":"{\"Bedford Park Blvd-Lehman College\": 4, \"Burnside Av\": 9, \"E 180 St\": 1, \"Eastchester-Dyre Av\": 91, \"Nereid Av\": 12, \"Woodlawn\": 127}","source":102,"target":101,"layer":"L","from":"Bowling Green","to":"Wall St"},"geometry":{"type":"LineString","coordinates":[[-74.014065,40.704817],[-74.011862,40.707557]]}},{"type":"Feature","properties":{"shape_id":"{\"4..S01R\": 16, \"4..S03R\": 2, \"4..S05R\": 2, \"4..S06R\": 98, \"4..S13R\": 12, \"4..S28R\": 9, \"5..S02R\": 2, \"5..S03R\": 74, \"5..S07R\": 8, \"5..S21R\": 2}","direction_id":"{\"1\": 226}","headsign":"{\"Crown Hts-Utica Av\": 119, \"Flatbush Av-Brooklyn College\": 77, \"New Lots Av\": 30}","duration_avg":116.8141592920354,"n_vehicles":226,"d":937,"route_I_counts":"{\"4\": 139, \"5\": 87}","source":103,"target":60,"layer":"L","from":"Borough Hall","to":"Nevins St"},"geometry":{"type":"LineString","coordinates":[[-73.990151,40.692404],[-73.980492,40.688246]]}},{"type":"Feature","properties":{"duration_avg":312.5431034482759,"n_vehicles":232,"d":2445,"route_I_counts":"{\"4\": 140, \"5\": 92}","shape_id":"{\"4..N01R\": 11, \"4..N06R\": 90, \"4..N13R\": 12, \"4..N34R\": 15, \"4..N43R\": 8, \"4..N64R\": 3, \"5..N06R\": 1}","direction_id":"{\"0\": 232}","headsign":"{\"Bedford Park Blvd-Lehman College\": 4, \"Burnside Av\": 8, \"Eastchester-Dyre Av\": 82, \"Nereid Av\": 10, \"Woodlawn\": 128}","source":103,"target":102,"layer":"L","from":"Borough Hall","to":"Bowling Green"},"geometry":{"type":"LineString","coordinates":[[-73.990151,40.692404],[-74.014065,40.704817]]}},{"type":"Feature","properties":{"duration_avg":88.76146788990826,"n_vehicles":218,"d":511,"route_I_counts":"{\"2\": 123, \"3\": 95}","shape_id":"{\"2..S01R\": 108, \"2..S03R\": 1, \"2..S08R\": 13, \"3..S01R\": 94, \"3..S03R\": 1}","direction_id":"{\"1\": 218}","headsign":"{\"Flatbush Av-Brooklyn College\": 122, \"New Lots Av\": 96}","source":103,"target":59,"layer":"L","from":"Borough Hall","to":"Hoyt St"},"geometry":{"type":"LineString","coordinates":[[-73.990151,40.692404],[-73.985065,40.690545]]}},{"type":"Feature","properties":{"duration_avg":111.87772925764192,"n_vehicles":229,"d":539,"route_I_counts":"{\"2\": 128, \"3\": 101}","shape_id":"{\"2..N01R\": 109, \"2..N03R\": 5, \"2..N08R\": 14, \"3..N01R\": 101}","direction_id":"{\"0\": 229}","headsign":"{\"Harlem-148 St\": 101, \"Wakefield-241 St\": 128}","source":103,"target":58,"layer":"L","from":"Borough Hall","to":"Clark St"},"geometry":{"type":"LineString","coordinates":[[-73.990151,40.692404],[-73.993086,40.697466]]}},{"type":"Feature","properties":{"duration_avg":231.09375,"n_vehicles":128,"d":2051,"route_I_counts":"{\"24\": 19, \"26\": 108, \"28\": 1}","shape_id":"{\"N..N20R\": 19, \"R..N93R\": 86, \"R..N96R\": 4}","direction_id":"{\"0\": 128}","headsign":"{\"Astoria-Ditmars Blvd\": 20, \"Forest Hills-71 Av\": 90, \"Whitehall St-South Ferry\": 18}","source":103,"target":392,"layer":"L","from":"Borough Hall","to":"Whitehall St-South Ferry"},"geometry":{"type":"LineString","coordinates":[[-73.990151,40.692404],[-74.012994,40.703087]]}},{"type":"Feature","properties":{"duration_avg":123.0952380952381,"n_vehicles":126,"d":536,"route_I_counts":"{\"24\": 18, \"26\": 106, \"28\": 2}","shape_id":"{\"N..S20R\": 18}","direction_id":"{\"1\": 126}","headsign":"{\"86 St\": 2, \"Bay Ridge-95 St\": 106, \"Coney Island-Stillwell Av\": 18}","source":103,"target":184,"layer":"L","from":"Borough Hall","to":"Jay St-MetroTech"},"geometry":{"type":"LineString","coordinates":[[-73.990151,40.692404],[-73.987342,40.692338]]}},{"type":"Feature","properties":{"shape_id":"{\"4..S13R\": 14, \"6..S01R\": 112, \"6..S02R\": 11, \"6..S03R\": 73}","direction_id":"{\"1\": 220}","headsign":"{\"Brooklyn Bridge-City Hall\": 206, \"New Lots Av\": 14}","duration_avg":87.81818181818181,"n_vehicles":220,"d":458,"route_I_counts":"{\"4\": 14, \"7\": 185, \"8\": 21}","source":104,"target":105,"layer":"L","from":"116 St","to":"110 St"},"geometry":{"type":"LineString","coordinates":[[-73.941617,40.798629],[-73.94425,40.79502]]}},{"type":"Feature","properties":{"duration_avg":96.02620087336244,"n_vehicles":229,"d":700,"route_I_counts":"{\"4\": 10, \"7\": 156, \"8\": 63}","shape_id":"{\"4..N13R\": 10, \"6..N01R\": 78, \"6..N02R\": 63, \"6..N03R\": 74}","direction_id":"{\"0\": 229}","headsign":"{\"Parkchester\": 78, \"Pelham Bay Park\": 141, \"Woodlawn\": 10}","source":104,"target":97,"layer":"L","from":"116 St","to":"125 St"},"geometry":{"type":"LineString","coordinates":[[-73.941617,40.798629],[-73.937594,40.804138]]}},{"type":"Feature","properties":{"shape_id":"{\"4..S13R\": 14, \"6..S01R\": 112, \"6..S02R\": 11, \"6..S03R\": 73}","direction_id":"{\"1\": 220}","headsign":"{\"Brooklyn Bridge-City Hall\": 206, \"New Lots Av\": 14}","duration_avg":62.18181818181818,"n_vehicles":220,"d":562,"route_I_counts":"{\"4\": 14, \"7\": 185, \"8\": 21}","source":105,"target":106,"layer":"L","from":"110 St","to":"103 St"},"geometry":{"type":"LineString","coordinates":[[-73.94425,40.79502],[-73.947478,40.7906]]}},{"type":"Feature","properties":{"duration_avg":79.38864628820961,"n_vehicles":229,"d":458,"route_I_counts":"{\"4\": 10, \"7\": 156, \"8\": 63}","shape_id":"{\"4..N13R\": 10, \"6..N01R\": 78, \"6..N02R\": 63, \"6..N03R\": 74}","direction_id":"{\"0\": 229}","headsign":"{\"Parkchester\": 78, \"Pelham Bay Park\": 141, \"Woodlawn\": 10}","source":105,"target":104,"layer":"L","from":"110 St","to":"116 St"},"geometry":{"type":"LineString","coordinates":[[-73.94425,40.79502],[-73.941617,40.798629]]}},{"type":"Feature","properties":{"shape_id":"{\"4..S13R\": 14, \"6..S01R\": 112, \"6..S02R\": 11, \"6..S03R\": 74}","direction_id":"{\"1\": 221}","headsign":"{\"Brooklyn Bridge-City Hall\": 207, \"New Lots Av\": 14}","duration_avg":90.0,"n_vehicles":221,"d":626,"route_I_counts":"{\"4\": 14, \"7\": 186, \"8\": 21}","source":106,"target":107,"layer":"L","from":"103 St","to":"96 St"},"geometry":{"type":"LineString","coordinates":[[-73.947478,40.7906],[-73.95107,40.785672]]}},{"type":"Feature","properties":{"duration_avg":70.65789473684211,"n_vehicles":228,"d":562,"route_I_counts":"{\"4\": 10, \"7\": 155, \"8\": 63}","shape_id":"{\"4..N13R\": 10, \"6..N01R\": 77, \"6..N02R\": 63, \"6..N03R\": 74}","direction_id":"{\"0\": 228}","headsign":"{\"Parkchester\": 78, \"Pelham Bay Park\": 140, \"Woodlawn\": 10}","source":106,"target":105,"layer":"L","from":"103 St","to":"110 St"},"geometry":{"type":"LineString","coordinates":[[-73.947478,40.7906],[-73.94425,40.79502]]}},{"type":"Feature","properties":{"shape_id":"{\"4..S13R\": 14, \"6..S01R\": 112, \"6..S02R\": 11, \"6..S03R\": 74}","direction_id":"{\"1\": 221}","headsign":"{\"Brooklyn Bridge-City Hall\": 207, \"New Lots Av\": 14}","duration_avg":120.0,"n_vehicles":221,"d":786,"route_I_counts":"{\"4\": 14, \"7\": 186, \"8\": 21}","source":107,"target":98,"layer":"L","from":"96 St","to":"86 St"},"geometry":{"type":"LineString","coordinates":[[-73.95107,40.785672],[-73.955589,40.779492]]}},{"type":"Feature","properties":{"duration_avg":90.0,"n_vehicles":229,"d":626,"route_I_counts":"{\"4\": 10, \"7\": 156, \"8\": 63}","shape_id":"{\"4..N13R\": 10, \"6..N01R\": 78, \"6..N02R\": 63, \"6..N03R\": 74}","direction_id":"{\"0\": 229}","headsign":"{\"Parkchester\": 78, \"Pelham Bay Park\": 141, \"Woodlawn\": 10}","source":107,"target":106,"layer":"L","from":"96 St","to":"103 St"},"geometry":{"type":"LineString","coordinates":[[-73.95107,40.785672],[-73.947478,40.7906]]}},{"type":"Feature","properties":{"shape_id":"{\"4..S13R\": 14, \"6..S01R\": 112, \"6..S02R\": 11, \"6..S03R\": 74}","direction_id":"{\"1\": 222}","headsign":"{\"Brooklyn Bridge-City Hall\": 208, \"New Lots Av\": 14}","duration_avg":117.16216216216216,"n_vehicles":222,"d":696,"route_I_counts":"{\"4\": 14, \"7\": 186, \"8\": 22}","source":108,"target":109,"layer":"L","from":"77 St","to":"68 St-Hunter College"},"geometry":{"type":"LineString","coordinates":[[-73.959874,40.77362],[-73.96387,40.768141]]}},{"type":"Feature","properties":{"duration_avg":90.0,"n_vehicles":228,"d":746,"route_I_counts":"{\"4\": 10, \"7\": 155, \"8\": 63}","shape_id":"{\"4..N13R\": 10, \"6..N01R\": 78, \"6..N02R\": 63, \"6..N03R\": 74}","direction_id":"{\"0\": 228}","headsign":"{\"Parkchester\": 77, \"Pelham Bay Park\": 141, \"Woodlawn\": 10}","source":108,"target":98,"layer":"L","from":"77 St","to":"86 St"},"geometry":{"type":"LineString","coordinates":[[-73.959874,40.77362],[-73.955589,40.779492]]}},{"type":"Feature","properties":{"duration_avg":97.79735682819383,"n_vehicles":227,"d":696,"route_I_counts":"{\"4\": 10, \"7\": 154, \"8\": 63}","shape_id":"{\"4..N13R\": 10, \"6..N01R\": 78, \"6..N02R\": 63, \"6..N03R\": 74}","direction_id":"{\"0\": 227}","headsign":"{\"Parkchester\": 76, \"Pelham Bay Park\": 141, \"Woodlawn\": 10}","source":109,"target":108,"layer":"L","from":"68 St-Hunter College","to":"77 St"},"geometry":{"type":"LineString","coordinates":[[-73.96387,40.768141],[-73.959874,40.77362]]}},{"type":"Feature","properties":{"duration_avg":92.83783783783784,"n_vehicles":222,"d":714,"route_I_counts":"{\"4\": 14, \"7\": 186, \"8\": 22}","shape_id":"{\"4..S13R\": 14, \"6..S01R\": 112, \"6..S02R\": 11, \"6..S03R\": 74}","direction_id":"{\"1\": 222}","headsign":"{\"Brooklyn Bridge-City Hall\": 208, \"New Lots Av\": 14}","source":109,"target":382,"layer":"L","from":"68 St-Hunter College","to":"Lexington Av/59 St"},"geometry":{"type":"LineString","coordinates":[[-73.96387,40.768141],[-73.967258,40.76266]]}},{"type":"Feature","properties":{"shape_id":"{\"4..S13R\": 13, \"6..S01R\": 111, \"6..S02R\": 12, \"6..S03R\": 75}","direction_id":"{\"1\": 222}","headsign":"{\"Brooklyn Bridge-City Hall\": 209, \"New Lots Av\": 13}","duration_avg":60.0,"n_vehicles":222,"d":382,"route_I_counts":"{\"4\": 13, \"7\": 186, \"8\": 23}","source":110,"target":111,"layer":"L","from":"33 St","to":"28 St"},"geometry":{"type":"LineString","coordinates":[[-73.982076,40.746081],[-73.984264,40.74307]]}},{"type":"Feature","properties":{"duration_avg":120.0,"n_vehicles":226,"d":772,"route_I_counts":"{\"4\": 11, \"7\": 152, \"8\": 63}","shape_id":"{\"4..N13R\": 11, \"6..N01R\": 76, \"6..N02R\": 63, \"6..N03R\": 74}","direction_id":"{\"0\": 226}","headsign":"{\"Parkchester\": 76, \"Pelham Bay Park\": 139, \"Woodlawn\": 11}","source":110,"target":99,"layer":"L","from":"33 St","to":"Grand Central-42 St"},"geometry":{"type":"LineString","coordinates":[[-73.982076,40.746081],[-73.976848,40.751776]]}},{"type":"Feature","properties":{"shape_id":"{\"4..S13R\": 13, \"6..S01R\": 111, \"6..S02R\": 12, \"6..S03R\": 75, \"6..S06R\": 1}","direction_id":"{\"1\": 223}","headsign":"{\"Brooklyn Bridge-City Hall\": 210, \"New Lots Av\": 13}","duration_avg":81.12107623318386,"n_vehicles":223,"d":407,"route_I_counts":"{\"4\": 13, \"7\": 187, \"8\": 23}","source":111,"target":112,"layer":"L","from":"28 St","to":"23 St"},"geometry":{"type":"LineString","coordinates":[[-73.984264,40.74307],[-73.986599,40.739864]]}},{"type":"Feature","properties":{"duration_avg":60.0,"n_vehicles":226,"d":382,"route_I_counts":"{\"4\": 11, \"7\": 152, \"8\": 63}","shape_id":"{\"4..N13R\": 11, \"6..N01R\": 76, \"6..N02R\": 63, \"6..N03R\": 74}","direction_id":"{\"0\": 226}","headsign":"{\"Parkchester\": 76, \"Pelham Bay Park\": 139, \"Woodlawn\": 11}","source":111,"target":110,"layer":"L","from":"28 St","to":"33 St"},"geometry":{"type":"LineString","coordinates":[[-73.984264,40.74307],[-73.982076,40.746081]]}},{"type":"Feature","properties":{"duration_avg":67.16814159292035,"n_vehicles":226,"d":407,"route_I_counts":"{\"4\": 11, \"7\": 152, \"8\": 63}","shape_id":"{\"4..N13R\": 11, \"6..N01R\": 76, \"6..N02R\": 63, \"6..N03R\": 74}","direction_id":"{\"0\": 226}","headsign":"{\"Parkchester\": 76, \"Pelham Bay Park\": 139, \"Woodlawn\": 11}","source":112,"target":111,"layer":"L","from":"23 St","to":"28 St"},"geometry":{"type":"LineString","coordinates":[[-73.986599,40.739864],[-73.984264,40.74307]]}},{"type":"Feature","properties":{"duration_avg":95.38116591928251,"n_vehicles":223,"d":643,"route_I_counts":"{\"4\": 13, \"7\": 187, \"8\": 23}","shape_id":"{\"4..S13R\": 13, \"6..S01R\": 111, \"6..S02R\": 12, \"6..S03R\": 75, \"6..S06R\": 1}","direction_id":"{\"1\": 223}","headsign":"{\"Brooklyn Bridge-City Hall\": 210, \"New Lots Av\": 13}","source":112,"target":367,"layer":"L","from":"23 St","to":"14 St-Union Sq"},"geometry":{"type":"LineString","coordinates":[[-73.986599,40.739864],[-73.99073,40.734789]]}},{"type":"Feature","properties":{"duration_avg":111.16071428571429,"n_vehicles":224,"d":551,"route_I_counts":"{\"4\": 13, \"7\": 188, \"8\": 23}","shape_id":"{\"4..S13R\": 13, \"6..S01R\": 111, \"6..S02R\": 12, \"6..S03R\": 76, \"6..S06R\": 1}","direction_id":"{\"1\": 224}","headsign":"{\"Brooklyn Bridge-City Hall\": 211, \"New Lots Av\": 13}","source":113,"target":234,"layer":"L","from":"Astor Pl","to":"Broadway-Lafayette St"},"geometry":{"type":"LineString","coordinates":[[-73.99107,40.730054],[-73.996204,40.725297]]}},{"type":"Feature","properties":{"duration_avg":84.66666666666667,"n_vehicles":225,"d":522,"route_I_counts":"{\"4\": 11, \"7\": 151, \"8\": 63}","shape_id":"{\"4..N13R\": 11, \"6..N01R\": 76, \"6..N02R\": 63, \"6..N03R\": 74}","direction_id":"{\"0\": 225}","headsign":"{\"Parkchester\": 75, \"Pelham Bay Park\": 139, \"Woodlawn\": 11}","source":113,"target":367,"layer":"L","from":"Astor Pl","to":"14 St-Union Sq"},"geometry":{"type":"LineString","coordinates":[[-73.99107,40.730054],[-73.99073,40.734789]]}},{"type":"Feature","properties":{"shape_id":"{\"4..S13R\": 12, \"6..S01R\": 110, \"6..S02R\": 12, \"6..S03R\": 76, \"6..S06R\": 1}","direction_id":"{\"1\": 223}","headsign":"{\"Brooklyn Bridge-City Hall\": 211, \"New Lots Av\": 12}","duration_avg":90.0,"n_vehicles":223,"d":466,"route_I_counts":"{\"4\": 12, \"7\": 187, \"8\": 24}","source":114,"target":115,"layer":"L","from":"Spring St","to":"Canal St"},"geometry":{"type":"LineString","coordinates":[[-73.997141,40.722301],[-74.000193,40.718803]]}},{"type":"Feature","properties":{"duration_avg":67.2,"n_vehicles":225,"d":453,"route_I_counts":"{\"4\": 11, \"7\": 151, \"8\": 63}","shape_id":"{\"4..N13R\": 11, \"6..N01R\": 77, \"6..N02R\": 63, \"6..N03R\": 74}","direction_id":"{\"0\": 225}","headsign":"{\"Parkchester\": 74, \"Pelham Bay Park\": 140, \"Woodlawn\": 11}","source":114,"target":234,"layer":"L","from":"Spring St","to":"Broadway-Lafayette St"},"geometry":{"type":"LineString","coordinates":[[-73.997141,40.722301],[-73.996204,40.725297]]}},{"type":"Feature","properties":{"shape_id":"{\"4..S13R\": 12, \"6..S01R\": 110, \"6..S02R\": 12, \"6..S03R\": 76, \"6..S06R\": 1, \"J..S12R\": 79, \"J..S13R\": 20, \"J..S54R\": 5}","direction_id":"{\"1\": 327}","headsign":"{\"Brooklyn Bridge-City Hall\": 211, \"New Lots Av\": 12, \"Broad St\": 104}","duration_avg":89.86547085201794,"n_vehicles":327,"d":720,"route_I_counts":"{\"4\": 12, \"7\": 187, \"8\": 24, \"21\": 104}","source":115,"target":100,"layer":"L","from":"Canal St","to":"Brooklyn Bridge-City Hall"},"geometry":{"type":"LineString","coordinates":[[-74.000193,40.718803],[-74.004131,40.713065]]}},{"type":"Feature","properties":{"duration_avg":90.0,"n_vehicles":225,"d":466,"route_I_counts":"{\"4\": 11, \"7\": 151, \"8\": 63}","shape_id":"{\"4..N13R\": 11, \"6..N01R\": 77, \"6..N02R\": 63, \"6..N03R\": 74}","direction_id":"{\"0\": 225}","headsign":"{\"Parkchester\": 74, \"Pelham Bay Park\": 140, \"Woodlawn\": 11}","source":115,"target":114,"layer":"L","from":"Canal St","to":"Spring St"},"geometry":{"type":"LineString","coordinates":[[-74.000193,40.718803],[-73.997141,40.722301]]}},{"type":"Feature","properties":{"duration_avg":105.0,"n_vehicles":203,"d":701,"route_I_counts":"{\"24\": 20, \"25\": 17, \"26\": 91, \"28\": 75}","shape_id":"{\"N..N23R\": 1, \"N..N20R\": 19, \"R..N93R\": 87, \"R..N96R\": 4}","direction_id":"{\"0\": 203}","headsign":"{\"96 St\": 17, \"Astoria-Ditmars Blvd\": 95, \"Forest Hills-71 Av\": 91}","source":115,"target":389,"layer":"L","from":"Canal St","to":"Prince St"},"geometry":{"type":"LineString","coordinates":[[-74.000193,40.718803],[-73.997702,40.724329]]}},{"type":"Feature","properties":{"duration_avg":495.48387096774195,"n_vehicles":124,"d":3466,"route_I_counts":"{\"25\": 124}","shape_id":"{}","direction_id":"{\"1\": 124}","headsign":"{\"Coney Island-Stillwell Av\": 124}","source":115,"target":236,"layer":"L","from":"Canal St","to":"DeKalb Av"},"geometry":{"type":"LineString","coordinates":[[-74.000193,40.718803],[-73.981824,40.690635]]}},{"type":"Feature","properties":{"duration_avg":724.9411764705883,"n_vehicles":85,"d":4274,"route_I_counts":"{\"24\": 85}","shape_id":"{}","direction_id":"{\"1\": 85}","headsign":"{\"Coney Island-Stillwell Av\": 85}","source":115,"target":61,"layer":"L","from":"Canal St","to":"Atlantic Av-Barclays Ctr"},"geometry":{"type":"LineString","coordinates":[[-74.000193,40.718803],[-73.977666,40.684359]]}},{"type":"Feature","properties":{"duration_avg":265.6216216216216,"n_vehicles":185,"d":2104,"route_I_counts":"{\"24\": 77, \"25\": 108}","shape_id":"{}","direction_id":"{\"0\": 185}","headsign":"{\"96 St\": 108, \"Astoria-Ditmars Blvd\": 77}","source":115,"target":367,"layer":"L","from":"Canal St","to":"14 St-Union Sq"},"geometry":{"type":"LineString","coordinates":[[-74.000193,40.718803],[-73.99073,40.734789]]}},{"type":"Feature","properties":{"duration_avg":122.88461538461539,"n_vehicles":104,"d":560,"route_I_counts":"{\"21\": 98, \"29\": 6}","shape_id":"{}","direction_id":"{\"0\": 104}","headsign":"{\"Jamaica Center-Parsons/Archer\": 104}","source":115,"target":345,"layer":"L","from":"Canal St","to":"Bowery"},"geometry":{"type":"LineString","coordinates":[[-74.000193,40.718803],[-73.993915,40.72028]]}},{"type":"Feature","properties":{"duration_avg":150.0,"n_vehicles":180,"d":822,"route_I_counts":"{\"24\": 18, \"26\": 89, \"28\": 73}","shape_id":"{\"N..S20R\": 18}","direction_id":"{\"1\": 180}","headsign":"{\"86 St\": 1, \"Bay Ridge-95 St\": 89, \"Coney Island-Stillwell Av\": 18, \"Whitehall St-South Ferry\": 72}","source":115,"target":390,"layer":"L","from":"Canal St","to":"City Hall"},"geometry":{"type":"LineString","coordinates":[[-74.000193,40.718803],[-74.006978,40.713282]]}},{"type":"Feature","properties":{"shape_id":"{\"5..S01R\": 10, \"5..S03R\": 65, \"5..S07R\": 8, \"5..S08R\": 9, \"5..S32R\": 16}","direction_id":"{\"1\": 108}","headsign":"{\"Bowling Green\": 9, \"Crown Hts-Utica Av\": 8, \"E 180 St\": 26, \"Flatbush Av-Brooklyn College\": 65}","duration_avg":143.88888888888889,"n_vehicles":108,"d":1255,"route_I_counts":"{\"5\": 108}","source":116,"target":117,"layer":"L","from":"Eastchester-Dyre Av","to":"Baychester Av"},"geometry":{"type":"LineString","coordinates":[[-73.830834,40.8883],[-73.838591,40.878663]]}},{"type":"Feature","properties":{"shape_id":"{\"5..S01R\": 10, \"5..S03R\": 66, \"5..S07R\": 8, \"5..S08R\": 9, \"5..S32R\": 16}","direction_id":"{\"1\": 109}","headsign":"{\"Bowling Green\": 9, \"Crown Hts-Utica Av\": 8, \"E 180 St\": 26, \"Flatbush Av-Brooklyn College\": 66}","duration_avg":143.94495412844037,"n_vehicles":109,"d":1210,"route_I_counts":"{\"5\": 109}","source":117,"target":118,"layer":"L","from":"Baychester Av","to":"Gun Hill Rd"},"geometry":{"type":"LineString","coordinates":[[-73.838591,40.878663],[-73.846384,40.869526]]}},{"type":"Feature","properties":{"duration_avg":137.14285714285714,"n_vehicles":119,"d":1255,"route_I_counts":"{\"5\": 119}","shape_id":"{\"5..N01R\": 5, \"5..N06R\": 1, \"5..N32R\": 15}","direction_id":"{\"0\": 119}","headsign":"{\"Eastchester-Dyre Av\": 119}","source":117,"target":116,"layer":"L","from":"Baychester Av","to":"Eastchester-Dyre Av"},"geometry":{"type":"LineString","coordinates":[[-73.838591,40.878663],[-73.830834,40.8883]]}},{"type":"Feature","properties":{"shape_id":"{\"5..S01R\": 10, \"5..S03R\": 66, \"5..S07R\": 8, \"5..S08R\": 9, \"5..S32R\": 16}","direction_id":"{\"1\": 109}","headsign":"{\"Bowling Green\": 9, \"Crown Hts-Utica Av\": 8, \"E 180 St\": 26, \"Flatbush Av-Brooklyn College\": 66}","duration_avg":173.94495412844037,"n_vehicles":109,"d":1395,"route_I_counts":"{\"5\": 109}","source":118,"target":119,"layer":"L","from":"Gun Hill Rd","to":"Pelham Pkwy"},"geometry":{"type":"LineString","coordinates":[[-73.846384,40.869526],[-73.855359,40.858985]]}},{"type":"Feature","properties":{"duration_avg":143.94957983193277,"n_vehicles":119,"d":1210,"route_I_counts":"{\"5\": 119}","shape_id":"{\"5..N01R\": 5, \"5..N06R\": 1, \"5..N32R\": 15}","direction_id":"{\"0\": 119}","headsign":"{\"Eastchester-Dyre Av\": 119}","source":118,"target":117,"layer":"L","from":"Gun Hill Rd","to":"Baychester Av"},"geometry":{"type":"LineString","coordinates":[[-73.846384,40.869526],[-73.838591,40.878663]]}},{"type":"Feature","properties":{"shape_id":"{\"5..S01R\": 10, \"5..S03R\": 67, \"5..S07R\": 8, \"5..S08R\": 9, \"5..S32R\": 16}","direction_id":"{\"1\": 110}","headsign":"{\"Bowling Green\": 9, \"Crown Hts-Utica Av\": 8, \"E 180 St\": 26, \"Flatbush Av-Brooklyn College\": 67}","duration_avg":69.81818181818181,"n_vehicles":110,"d":672,"route_I_counts":"{\"5\": 110}","source":119,"target":120,"layer":"L","from":"Pelham Pkwy","to":"Morris Park"},"geometry":{"type":"LineString","coordinates":[[-73.855359,40.858985],[-73.860495,40.854364]]}},{"type":"Feature","properties":{"duration_avg":156.05042016806723,"n_vehicles":119,"d":1395,"route_I_counts":"{\"5\": 119}","shape_id":"{\"5..N01R\": 5, \"5..N06R\": 1, \"5..N32R\": 15}","direction_id":"{\"0\": 119}","headsign":"{\"Eastchester-Dyre Av\": 119}","source":119,"target":118,"layer":"L","from":"Pelham Pkwy","to":"Gun Hill Rd"},"geometry":{"type":"LineString","coordinates":[[-73.855359,40.858985],[-73.846384,40.869526]]}},{"type":"Feature","properties":{"shape_id":"{\"5..S01R\": 10, \"5..S03R\": 67, \"5..S07R\": 8, \"5..S08R\": 9, \"5..S32R\": 16}","direction_id":"{\"1\": 110}","headsign":"{\"Bowling Green\": 9, \"Crown Hts-Utica Av\": 8, \"E 180 St\": 26, \"Flatbush Av-Brooklyn College\": 67}","duration_avg":212.45454545454547,"n_vehicles":110,"d":1767,"route_I_counts":"{\"5\": 110}","source":120,"target":43,"layer":"L","from":"Morris Park","to":"E 180 St"},"geometry":{"type":"LineString","coordinates":[[-73.860495,40.854364],[-73.873488,40.841894]]}},{"type":"Feature","properties":{"duration_avg":83.94957983193277,"n_vehicles":119,"d":672,"route_I_counts":"{\"5\": 119}","shape_id":"{\"5..N01R\": 5, \"5..N06R\": 1, \"5..N32R\": 15}","direction_id":"{\"0\": 119}","headsign":"{\"Eastchester-Dyre Av\": 119}","source":120,"target":119,"layer":"L","from":"Morris Park","to":"Pelham Pkwy"},"geometry":{"type":"LineString","coordinates":[[-73.860495,40.854364],[-73.855359,40.858985]]}},{"type":"Feature","properties":{"shape_id":"{\"6..S01R\": 115, \"6..S02R\": 11}","direction_id":"{\"1\": 132}","headsign":"{\"Brooklyn Bridge-City Hall\": 132}","duration_avg":148.4090909090909,"n_vehicles":132,"d":732,"route_I_counts":"{\"7\": 115, \"8\": 17}","source":121,"target":122,"layer":"L","from":"Pelham Bay Park","to":"Buhre Av"},"geometry":{"type":"LineString","coordinates":[[-73.828121,40.852462],[-73.832569,40.84681]]}},{"type":"Feature","properties":{"shape_id":"{\"6..S01R\": 115, \"6..S02R\": 11}","direction_id":"{\"1\": 132}","headsign":"{\"Brooklyn Bridge-City Hall\": 132}","duration_avg":60.0,"n_vehicles":132,"d":455,"route_I_counts":"{\"7\": 115, \"8\": 17}","source":122,"target":123,"layer":"L","from":"Buhre Av","to":"Middletown Rd"},"geometry":{"type":"LineString","coordinates":[[-73.832569,40.84681],[-73.836322,40.843863]]}},{"type":"Feature","properties":{"duration_avg":150.0,"n_vehicles":144,"d":732,"route_I_counts":"{\"7\": 81, \"8\": 63}","shape_id":"{\"6..N01R\": 81, \"6..N02R\": 63}","direction_id":"{\"0\": 144}","headsign":"{\"Pelham Bay Park\": 144}","source":122,"target":121,"layer":"L","from":"Buhre Av","to":"Pelham Bay Park"},"geometry":{"type":"LineString","coordinates":[[-73.832569,40.84681],[-73.828121,40.852462]]}},{"type":"Feature","properties":{"shape_id":"{\"6..S01R\": 115, \"6..S02R\": 11}","direction_id":"{\"1\": 132}","headsign":"{\"Brooklyn Bridge-City Hall\": 132}","duration_avg":108.86363636363636,"n_vehicles":132,"d":712,"route_I_counts":"{\"7\": 115, \"8\": 17}","source":123,"target":124,"layer":"L","from":"Middletown Rd","to":"Westchester Sq-E Tremont Av"},"geometry":{"type":"LineString","coordinates":[[-73.836322,40.843863],[-73.842952,40.839892]]}},{"type":"Feature","properties":{"duration_avg":61.458333333333336,"n_vehicles":144,"d":455,"route_I_counts":"{\"7\": 81, \"8\": 63}","shape_id":"{\"6..N01R\": 81, \"6..N02R\": 63}","direction_id":"{\"0\": 144}","headsign":"{\"Pelham Bay Park\": 144}","source":123,"target":122,"layer":"L","from":"Middletown Rd","to":"Buhre Av"},"geometry":{"type":"LineString","coordinates":[[-73.836322,40.843863],[-73.832569,40.84681]]}},{"type":"Feature","properties":{"shape_id":"{\"6..S01R\": 114, \"6..S02R\": 11}","direction_id":"{\"1\": 131}","headsign":"{\"Brooklyn Bridge-City Hall\": 131}","duration_avg":73.5114503816794,"n_vehicles":131,"d":511,"route_I_counts":"{\"7\": 114, \"8\": 17}","source":124,"target":125,"layer":"L","from":"Westchester Sq-E Tremont Av","to":"Zerega Av"},"geometry":{"type":"LineString","coordinates":[[-73.842952,40.839892],[-73.847036,40.836488]]}},{"type":"Feature","properties":{"duration_avg":102.29166666666667,"n_vehicles":144,"d":712,"route_I_counts":"{\"7\": 81, \"8\": 63}","shape_id":"{\"6..N01R\": 81, \"6..N02R\": 63}","direction_id":"{\"0\": 144}","headsign":"{\"Pelham Bay Park\": 144}","source":124,"target":123,"layer":"L","from":"Westchester Sq-E Tremont Av","to":"Middletown Rd"},"geometry":{"type":"LineString","coordinates":[[-73.842952,40.839892],[-73.836322,40.843863]]}},{"type":"Feature","properties":{"shape_id":"{\"6..S01R\": 114, \"6..S02R\": 11}","direction_id":"{\"1\": 132}","headsign":"{\"Brooklyn Bridge-City Hall\": 132}","duration_avg":76.5909090909091,"n_vehicles":132,"d":431,"route_I_counts":"{\"7\": 114, \"8\": 18}","source":125,"target":126,"layer":"L","from":"Zerega Av","to":"Castle Hill Av"},"geometry":{"type":"LineString","coordinates":[[-73.847036,40.836488],[-73.851222,40.834255]]}},{"type":"Feature","properties":{"duration_avg":67.5,"n_vehicles":144,"d":511,"route_I_counts":"{\"7\": 81, \"8\": 63}","shape_id":"{\"6..N01R\": 81, \"6..N02R\": 63}","direction_id":"{\"0\": 144}","headsign":"{\"Pelham Bay Park\": 144}","source":125,"target":124,"layer":"L","from":"Zerega Av","to":"Westchester Sq-E Tremont Av"},"geometry":{"type":"LineString","coordinates":[[-73.847036,40.836488],[-73.842952,40.839892]]}},{"type":"Feature","properties":{"shape_id":"{\"6..S01R\": 114, \"6..S02R\": 11}","direction_id":"{\"1\": 132}","headsign":"{\"Brooklyn Bridge-City Hall\": 132}","duration_avg":122.5,"n_vehicles":132,"d":816,"route_I_counts":"{\"7\": 114, \"8\": 18}","source":126,"target":127,"layer":"L","from":"Castle Hill Av","to":"Parkchester"},"geometry":{"type":"LineString","coordinates":[[-73.851222,40.834255],[-73.860816,40.833226]]}},{"type":"Feature","properties":{"duration_avg":72.37762237762237,"n_vehicles":143,"d":431,"route_I_counts":"{\"7\": 80, \"8\": 63}","shape_id":"{\"6..N01R\": 80, \"6..N02R\": 63}","direction_id":"{\"0\": 143}","headsign":"{\"Pelham Bay Park\": 143}","source":126,"target":125,"layer":"L","from":"Castle Hill Av","to":"Zerega Av"},"geometry":{"type":"LineString","coordinates":[[-73.851222,40.834255],[-73.847036,40.836488]]}},{"type":"Feature","properties":{"shape_id":"{\"6..S01R\": 114, \"6..S03R\": 70}","direction_id":"{\"1\": 191}","headsign":"{\"Brooklyn Bridge-City Hall\": 191}","duration_avg":90.0,"n_vehicles":191,"d":603,"route_I_counts":"{\"7\": 184, \"8\": 7}","source":127,"target":128,"layer":"L","from":"Parkchester","to":"St Lawrence Av"},"geometry":{"type":"LineString","coordinates":[[-73.860816,40.833226],[-73.867618,40.831509]]}},{"type":"Feature","properties":{"shape_id":"{\"6..S02R\": 11}","direction_id":"{\"1\": 11}","headsign":"{\"Brooklyn Bridge-City Hall\": 11}","duration_avg":330.0,"n_vehicles":11,"d":2853,"route_I_counts":"{\"8\": 11}","source":127,"target":132,"layer":"L","from":"Parkchester","to":"Hunts Point Av"},"geometry":{"type":"LineString","coordinates":[[-73.860816,40.833226],[-73.890549,40.820948]]}},{"type":"Feature","properties":{"duration_avg":120.0,"n_vehicles":143,"d":816,"route_I_counts":"{\"7\": 80, \"8\": 63}","shape_id":"{\"6..N01R\": 80, \"6..N02R\": 63}","direction_id":"{\"0\": 143}","headsign":"{\"Pelham Bay Park\": 143}","source":127,"target":126,"layer":"L","from":"Parkchester","to":"Castle Hill Av"},"geometry":{"type":"LineString","coordinates":[[-73.860816,40.833226],[-73.851222,40.834255]]}},{"type":"Feature","properties":{"shape_id":"{\"6..S01R\": 114, \"6..S03R\": 70}","direction_id":"{\"1\": 191}","headsign":"{\"Brooklyn Bridge-City Hall\": 191}","duration_avg":90.0,"n_vehicles":191,"d":621,"route_I_counts":"{\"7\": 184, \"8\": 7}","source":128,"target":129,"layer":"L","from":"St Lawrence Av","to":"Morrison Av-Soundview"},"geometry":{"type":"LineString","coordinates":[[-73.867618,40.831509],[-73.874516,40.829521]]}},{"type":"Feature","properties":{"duration_avg":82.40259740259741,"n_vehicles":154,"d":603,"route_I_counts":"{\"7\": 154}","shape_id":"{\"6..N01R\": 80, \"6..N03R\": 74}","direction_id":"{\"0\": 154}","headsign":"{\"Parkchester\": 74, \"Pelham Bay Park\": 80}","source":128,"target":127,"layer":"L","from":"St Lawrence Av","to":"Parkchester"},"geometry":{"type":"LineString","coordinates":[[-73.867618,40.831509],[-73.860816,40.833226]]}},{"type":"Feature","properties":{"shape_id":"{\"6..S01R\": 114, \"6..S03R\": 71}","direction_id":"{\"1\": 192}","headsign":"{\"Brooklyn Bridge-City Hall\": 192}","duration_avg":60.0,"n_vehicles":192,"d":404,"route_I_counts":"{\"7\": 185, \"8\": 7}","source":129,"target":130,"layer":"L","from":"Morrison Av-Soundview","to":"Elder Av"},"geometry":{"type":"LineString","coordinates":[[-73.874516,40.829521],[-73.879159,40.828584]]}},{"type":"Feature","properties":{"duration_avg":67.59740259740259,"n_vehicles":154,"d":621,"route_I_counts":"{\"7\": 154}","shape_id":"{\"6..N01R\": 80, \"6..N03R\": 74}","direction_id":"{\"0\": 154}","headsign":"{\"Parkchester\": 74, \"Pelham Bay Park\": 80}","source":129,"target":128,"layer":"L","from":"Morrison Av-Soundview","to":"St Lawrence Av"},"geometry":{"type":"LineString","coordinates":[[-73.874516,40.829521],[-73.867618,40.831509]]}},{"type":"Feature","properties":{"shape_id":"{\"6..S01R\": 114, \"6..S03R\": 71}","direction_id":"{\"1\": 193}","headsign":"{\"Brooklyn Bridge-City Hall\": 193}","duration_avg":90.0,"n_vehicles":193,"d":642,"route_I_counts":"{\"7\": 185, \"8\": 8}","source":130,"target":131,"layer":"L","from":"Elder Av","to":"Whitlock Av"},"geometry":{"type":"LineString","coordinates":[[-73.879159,40.828584],[-73.886283,40.826525]]}},{"type":"Feature","properties":{"duration_avg":54.15584415584416,"n_vehicles":154,"d":404,"route_I_counts":"{\"7\": 154}","shape_id":"{\"6..N01R\": 80, \"6..N03R\": 74}","direction_id":"{\"0\": 154}","headsign":"{\"Parkchester\": 74, \"Pelham Bay Park\": 80}","source":130,"target":129,"layer":"L","from":"Elder Av","to":"Morrison Av-Soundview"},"geometry":{"type":"LineString","coordinates":[[-73.879159,40.828584],[-73.874516,40.829521]]}},{"type":"Feature","properties":{"shape_id":"{\"6..S01R\": 114, \"6..S03R\": 71}","direction_id":"{\"1\": 193}","headsign":"{\"Brooklyn Bridge-City Hall\": 193}","duration_avg":120.0,"n_vehicles":193,"d":717,"route_I_counts":"{\"7\": 185, \"8\": 8}","source":131,"target":132,"layer":"L","from":"Whitlock Av","to":"Hunts Point Av"},"geometry":{"type":"LineString","coordinates":[[-73.886283,40.826525],[-73.890549,40.820948]]}},{"type":"Feature","properties":{"duration_avg":112.3529411764706,"n_vehicles":153,"d":642,"route_I_counts":"{\"7\": 153}","shape_id":"{\"6..N01R\": 79, \"6..N03R\": 74}","direction_id":"{\"0\": 153}","headsign":"{\"Parkchester\": 74, \"Pelham Bay Park\": 79}","source":131,"target":130,"layer":"L","from":"Whitlock Av","to":"Elder Av"},"geometry":{"type":"LineString","coordinates":[[-73.886283,40.826525],[-73.879159,40.828584]]}},{"type":"Feature","properties":{"shape_id":"{\"6..S01R\": 113, \"6..S03R\": 71}","direction_id":"{\"1\": 184}","headsign":"{\"Brooklyn Bridge-City Hall\": 184}","duration_avg":90.0,"n_vehicles":184,"d":732,"route_I_counts":"{\"7\": 184}","source":132,"target":133,"layer":"L","from":"Hunts Point Av","to":"Longwood Av"},"geometry":{"type":"LineString","coordinates":[[-73.890549,40.820948],[-73.896435,40.816104]]}},{"type":"Feature","properties":{"shape_id":"{\"6..S02R\": 11}","direction_id":"{\"1\": 19}","headsign":"{\"Brooklyn Bridge-City Hall\": 19}","duration_avg":420.0,"n_vehicles":19,"d":3216,"route_I_counts":"{\"8\": 19}","source":132,"target":138,"layer":"L","from":"Hunts Point Av","to":"3 Av-138 St"},"geometry":{"type":"LineString","coordinates":[[-73.890549,40.820948],[-73.926138,40.810476]]}},{"type":"Feature","properties":{"duration_avg":319.1304347826087,"n_vehicles":69,"d":2853,"route_I_counts":"{\"7\": 6, \"8\": 63}","shape_id":"{\"6..N02R\": 63}","direction_id":"{\"0\": 69}","headsign":"{\"Parkchester\": 6, \"Pelham Bay Park\": 63}","source":132,"target":127,"layer":"L","from":"Hunts Point Av","to":"Parkchester"},"geometry":{"type":"LineString","coordinates":[[-73.890549,40.820948],[-73.860816,40.833226]]}},{"type":"Feature","properties":{"duration_avg":90.0,"n_vehicles":153,"d":717,"route_I_counts":"{\"7\": 153}","shape_id":"{\"6..N01R\": 79, \"6..N03R\": 74}","direction_id":"{\"0\": 153}","headsign":"{\"Parkchester\": 74, \"Pelham Bay Park\": 79}","source":132,"target":131,"layer":"L","from":"Hunts Point Av","to":"Whitlock Av"},"geometry":{"type":"LineString","coordinates":[[-73.890549,40.820948],[-73.886283,40.826525]]}},{"type":"Feature","properties":{"shape_id":"{\"6..S01R\": 113, \"6..S03R\": 72}","direction_id":"{\"1\": 185}","headsign":"{\"Brooklyn Bridge-City Hall\": 185}","duration_avg":120.0,"n_vehicles":185,"d":783,"route_I_counts":"{\"7\": 185}","source":133,"target":134,"layer":"L","from":"Longwood Av","to":"E 149 St"},"geometry":{"type":"LineString","coordinates":[[-73.896435,40.816104],[-73.904098,40.812118]]}},{"type":"Feature","properties":{"duration_avg":106.22641509433963,"n_vehicles":159,"d":732,"route_I_counts":"{\"7\": 159}","shape_id":"{\"6..N01R\": 79, \"6..N03R\": 74}","direction_id":"{\"0\": 159}","headsign":"{\"Parkchester\": 80, \"Pelham Bay Park\": 79}","source":133,"target":132,"layer":"L","from":"Longwood Av","to":"Hunts Point Av"},"geometry":{"type":"LineString","coordinates":[[-73.896435,40.816104],[-73.890549,40.820948]]}},{"type":"Feature","properties":{"shape_id":"{\"6..S01R\": 113, \"6..S03R\": 72}","direction_id":"{\"1\": 185}","headsign":"{\"Brooklyn Bridge-City Hall\": 185}","duration_avg":60.0,"n_vehicles":185,"d":482,"route_I_counts":"{\"7\": 185}","source":134,"target":135,"layer":"L","from":"E 149 St","to":"E 143 St-St Mary's St"},"geometry":{"type":"LineString","coordinates":[[-73.904098,40.812118],[-73.907657,40.808719]]}},{"type":"Feature","properties":{"duration_avg":100.18867924528301,"n_vehicles":159,"d":783,"route_I_counts":"{\"7\": 159}","shape_id":"{\"6..N01R\": 79, \"6..N03R\": 74}","direction_id":"{\"0\": 159}","headsign":"{\"Parkchester\": 80, \"Pelham Bay Park\": 79}","source":134,"target":133,"layer":"L","from":"E 149 St","to":"Longwood Av"},"geometry":{"type":"LineString","coordinates":[[-73.904098,40.812118],[-73.896435,40.816104]]}},{"type":"Feature","properties":{"shape_id":"{\"6..S01R\": 113, \"6..S03R\": 72}","direction_id":"{\"1\": 185}","headsign":"{\"Brooklyn Bridge-City Hall\": 185}","duration_avg":120.0,"n_vehicles":185,"d":654,"route_I_counts":"{\"7\": 185}","source":135,"target":136,"layer":"L","from":"E 143 St-St Mary's St","to":"Cypress Av"},"geometry":{"type":"LineString","coordinates":[[-73.907657,40.808719],[-73.914042,40.805368]]}},{"type":"Feature","properties":{"duration_avg":76.22641509433963,"n_vehicles":159,"d":482,"route_I_counts":"{\"7\": 159}","shape_id":"{\"6..N01R\": 79, \"6..N03R\": 74}","direction_id":"{\"0\": 159}","headsign":"{\"Parkchester\": 80, \"Pelham Bay Park\": 79}","source":135,"target":134,"layer":"L","from":"E 143 St-St Mary's St","to":"E 149 St"},"geometry":{"type":"LineString","coordinates":[[-73.907657,40.808719],[-73.904098,40.812118]]}},{"type":"Feature","properties":{"shape_id":"{\"6..S01R\": 113, \"6..S03R\": 72}","direction_id":"{\"1\": 185}","headsign":"{\"Brooklyn Bridge-City Hall\": 185}","duration_avg":60.0,"n_vehicles":185,"d":501,"route_I_counts":"{\"7\": 185}","source":136,"target":137,"layer":"L","from":"Cypress Av","to":"Brook Av"},"geometry":{"type":"LineString","coordinates":[[-73.914042,40.805368],[-73.91924,40.807566]]}},{"type":"Feature","properties":{"duration_avg":112.40506329113924,"n_vehicles":158,"d":654,"route_I_counts":"{\"7\": 158}","shape_id":"{\"6..N01R\": 79, \"6..N03R\": 74}","direction_id":"{\"0\": 158}","headsign":"{\"Parkchester\": 79, \"Pelham Bay Park\": 79}","source":136,"target":135,"layer":"L","from":"Cypress Av","to":"E 143 St-St Mary's St"},"geometry":{"type":"LineString","coordinates":[[-73.914042,40.805368],[-73.907657,40.808719]]}},{"type":"Feature","properties":{"shape_id":"{\"6..S01R\": 113, \"6..S03R\": 72}","direction_id":"{\"1\": 185}","headsign":"{\"Brooklyn Bridge-City Hall\": 185}","duration_avg":90.0,"n_vehicles":185,"d":665,"route_I_counts":"{\"7\": 185}","source":137,"target":138,"layer":"L","from":"Brook Av","to":"3 Av-138 St"},"geometry":{"type":"LineString","coordinates":[[-73.91924,40.807566],[-73.926138,40.810476]]}},{"type":"Feature","properties":{"duration_avg":60.0,"n_vehicles":158,"d":501,"route_I_counts":"{\"7\": 158}","shape_id":"{\"6..N01R\": 79, \"6..N03R\": 74}","direction_id":"{\"0\": 158}","headsign":"{\"Parkchester\": 79, \"Pelham Bay Park\": 79}","source":137,"target":136,"layer":"L","from":"Brook Av","to":"Cypress Av"},"geometry":{"type":"LineString","coordinates":[[-73.91924,40.807566],[-73.914042,40.805368]]}},{"type":"Feature","properties":{"shape_id":"{\"6..S01R\": 113, \"6..S02R\": 11, \"6..S03R\": 73}","direction_id":"{\"1\": 206}","headsign":"{\"Brooklyn Bridge-City Hall\": 206}","duration_avg":180.0,"n_vehicles":206,"d":1195,"route_I_counts":"{\"7\": 186, \"8\": 20}","source":138,"target":97,"layer":"L","from":"3 Av-138 St","to":"125 St"},"geometry":{"type":"LineString","coordinates":[[-73.926138,40.810476],[-73.937594,40.804138]]}},{"type":"Feature","properties":{"duration_avg":90.0,"n_vehicles":158,"d":665,"route_I_counts":"{\"7\": 158}","shape_id":"{\"6..N01R\": 79, \"6..N03R\": 74}","direction_id":"{\"0\": 158}","headsign":"{\"Parkchester\": 79, \"Pelham Bay Park\": 79}","source":138,"target":137,"layer":"L","from":"3 Av-138 St","to":"Brook Av"},"geometry":{"type":"LineString","coordinates":[[-73.926138,40.810476],[-73.91924,40.807566]]}},{"type":"Feature","properties":{"duration_avg":420.0,"n_vehicles":63,"d":3216,"route_I_counts":"{\"8\": 63}","shape_id":"{\"6..N02R\": 63}","direction_id":"{\"0\": 63}","headsign":"{\"Pelham Bay Park\": 63}","source":138,"target":132,"layer":"L","from":"3 Av-138 St","to":"Hunts Point Av"},"geometry":{"type":"LineString","coordinates":[[-73.926138,40.810476],[-73.890549,40.820948]]}},{"type":"Feature","properties":{"shape_id":"{\"7..S97R\": 210}","direction_id":"{\"1\": 210}","headsign":"{\"34 St-Hudson Yards\": 210}","duration_avg":150.0,"n_vehicles":210,"d":1427,"route_I_counts":"{\"9\": 210}","source":139,"target":140,"layer":"L","from":"Flushing-Main St","to":"Mets-Willets Point"},"geometry":{"type":"LineString","coordinates":[[-73.83003,40.7596],[-73.845625,40.754622]]}},{"type":"Feature","properties":{"shape_id":"{\"7..S97R\": 210}","direction_id":"{\"1\": 210}","headsign":"{\"34 St-Hudson Yards\": 210}","duration_avg":90.0,"n_vehicles":210,"d":879,"route_I_counts":"{\"9\": 210}","source":140,"target":141,"layer":"L","from":"Mets-Willets Point","to":"111 St"},"geometry":{"type":"LineString","coordinates":[[-73.845625,40.754622],[-73.855334,40.75173]]}},{"type":"Feature","properties":{"duration_avg":210.0,"n_vehicles":228,"d":1427,"route_I_counts":"{\"9\": 163, \"10\": 65}","shape_id":"{\"7..N95R\": 65, \"7..N97R\": 163}","direction_id":"{\"0\": 228}","headsign":"{\"Flushing-Main St\": 228}","source":140,"target":139,"layer":"L","from":"Mets-Willets Point","to":"Flushing-Main St"},"geometry":{"type":"LineString","coordinates":[[-73.845625,40.754622],[-73.83003,40.7596]]}},{"type":"Feature","properties":{"shape_id":"{\"7..S97R\": 211, \"7..S99R\": 12}","direction_id":"{\"1\": 223}","headsign":"{\"34 St-Hudson Yards\": 223}","duration_avg":60.0,"n_vehicles":223,"d":654,"route_I_counts":"{\"9\": 223}","source":141,"target":142,"layer":"L","from":"111 St","to":"103 St-Corona Plaza"},"geometry":{"type":"LineString","coordinates":[[-73.855334,40.75173],[-73.8627,40.749865]]}},{"type":"Feature","properties":{"duration_avg":143.859649122807,"n_vehicles":171,"d":879,"route_I_counts":"{\"9\": 171}","shape_id":"{\"7..N97R\": 162, \"7..N98R\": 9}","direction_id":"{\"0\": 171}","headsign":"{\"Flushing-Main St\": 162, \"Mets-Willets Point\": 9}","source":141,"target":140,"layer":"L","from":"111 St","to":"Mets-Willets Point"},"geometry":{"type":"LineString","coordinates":[[-73.855334,40.75173],[-73.845625,40.754622]]}},{"type":"Feature","properties":{"shape_id":"{\"7..S97R\": 211, \"7..S99R\": 12}","direction_id":"{\"1\": 223}","headsign":"{\"34 St-Hudson Yards\": 223}","duration_avg":60.0,"n_vehicles":223,"d":581,"route_I_counts":"{\"9\": 223}","source":142,"target":143,"layer":"L","from":"103 St-Corona Plaza","to":"Junction Blvd"},"geometry":{"type":"LineString","coordinates":[[-73.8627,40.749865],[-73.869527,40.749145]]}},{"type":"Feature","properties":{"duration_avg":60.0,"n_vehicles":171,"d":654,"route_I_counts":"{\"9\": 171}","shape_id":"{\"7..N97R\": 162, \"7..N98R\": 9}","direction_id":"{\"0\": 171}","headsign":"{\"Flushing-Main St\": 162, \"Mets-Willets Point\": 9}","source":142,"target":141,"layer":"L","from":"103 St-Corona Plaza","to":"111 St"},"geometry":{"type":"LineString","coordinates":[[-73.8627,40.749865],[-73.855334,40.75173]]}},{"type":"Feature","properties":{"shape_id":"{\"7..S97R\": 211, \"7..S99R\": 12}","direction_id":"{\"1\": 223}","headsign":"{\"34 St-Hudson Yards\": 223}","duration_avg":90.0,"n_vehicles":223,"d":603,"route_I_counts":"{\"9\": 223}","source":143,"target":144,"layer":"L","from":"Junction Blvd","to":"90 St-Elmhurst Av"},"geometry":{"type":"LineString","coordinates":[[-73.869527,40.749145],[-73.876613,40.748408]]}},{"type":"Feature","properties":{"duration_avg":68.42105263157895,"n_vehicles":171,"d":581,"route_I_counts":"{\"9\": 171}","shape_id":"{\"7..N97R\": 162, \"7..N98R\": 9}","direction_id":"{\"0\": 171}","headsign":"{\"Flushing-Main St\": 162, \"Mets-Willets Point\": 9}","source":143,"target":142,"layer":"L","from":"Junction Blvd","to":"103 St-Corona Plaza"},"geometry":{"type":"LineString","coordinates":[[-73.869527,40.749145],[-73.8627,40.749865]]}},{"type":"Feature","properties":{"duration_avg":210.0,"n_vehicles":65,"d":2105,"route_I_counts":"{\"10\": 65}","shape_id":"{\"7..N95R\": 65}","direction_id":"{\"0\": 65}","headsign":"{\"Flushing-Main St\": 65}","source":143,"target":140,"layer":"L","from":"Junction Blvd","to":"Mets-Willets Point"},"geometry":{"type":"LineString","coordinates":[[-73.869527,40.749145],[-73.845625,40.754622]]}},{"type":"Feature","properties":{"shape_id":"{\"7..S97R\": 211, \"7..S99R\": 12}","direction_id":"{\"1\": 223}","headsign":"{\"34 St-Hudson Yards\": 223}","duration_avg":60.0,"n_vehicles":223,"d":603,"route_I_counts":"{\"9\": 223}","source":144,"target":145,"layer":"L","from":"90 St-Elmhurst Av","to":"82 St-Jackson Hts"},"geometry":{"type":"LineString","coordinates":[[-73.876613,40.748408],[-73.883697,40.747659]]}},{"type":"Feature","properties":{"duration_avg":78.70588235294117,"n_vehicles":170,"d":603,"route_I_counts":"{\"9\": 170}","shape_id":"{\"7..N97R\": 162, \"7..N98R\": 8}","direction_id":"{\"0\": 170}","headsign":"{\"Flushing-Main St\": 162, \"Mets-Willets Point\": 8}","source":144,"target":143,"layer":"L","from":"90 St-Elmhurst Av","to":"Junction Blvd"},"geometry":{"type":"LineString","coordinates":[[-73.876613,40.748408],[-73.869527,40.749145]]}},{"type":"Feature","properties":{"duration_avg":68.47058823529412,"n_vehicles":170,"d":603,"route_I_counts":"{\"9\": 170}","shape_id":"{\"7..N97R\": 162, \"7..N98R\": 8}","direction_id":"{\"0\": 170}","headsign":"{\"Flushing-Main St\": 162, \"Mets-Willets Point\": 8}","source":145,"target":144,"layer":"L","from":"82 St-Jackson Hts","to":"90 St-Elmhurst Av"},"geometry":{"type":"LineString","coordinates":[[-73.883697,40.747659],[-73.876613,40.748408]]}},{"type":"Feature","properties":{"duration_avg":60.0,"n_vehicles":223,"d":655,"route_I_counts":"{\"9\": 223}","shape_id":"{\"7..S97R\": 211, \"7..S99R\": 12}","direction_id":"{\"1\": 223}","headsign":"{\"34 St-Hudson Yards\": 223}","source":145,"target":273,"layer":"L","from":"82 St-Jackson Hts","to":"Jackson Hts-Roosevelt Av"},"geometry":{"type":"LineString","coordinates":[[-73.883697,40.747659],[-73.891338,40.746644]]}},{"type":"Feature","properties":{"shape_id":"{\"7..S97R\": 212, \"7..S99R\": 12}","direction_id":"{\"1\": 224}","headsign":"{\"34 St-Hudson Yards\": 224}","duration_avg":120.0,"n_vehicles":224,"d":560,"route_I_counts":"{\"9\": 224}","source":146,"target":147,"layer":"L","from":"69 St","to":"61 St-Woodside"},"geometry":{"type":"LineString","coordinates":[[-73.896403,40.746325],[-73.902984,40.74563]]}},{"type":"Feature","properties":{"duration_avg":90.0,"n_vehicles":169,"d":426,"route_I_counts":"{\"9\": 169}","shape_id":"{\"7..N97R\": 161, \"7..N98R\": 8}","direction_id":"{\"0\": 169}","headsign":"{\"Flushing-Main St\": 161, \"Mets-Willets Point\": 8}","source":146,"target":273,"layer":"L","from":"69 St","to":"Jackson Hts-Roosevelt Av"},"geometry":{"type":"LineString","coordinates":[[-73.896403,40.746325],[-73.891338,40.746644]]}},{"type":"Feature","properties":{"shape_id":"{\"7..S97R\": 211, \"7..S99R\": 12}","direction_id":"{\"1\": 223}","headsign":"{\"34 St-Hudson Yards\": 223}","duration_avg":117.71300448430493,"n_vehicles":223,"d":823,"route_I_counts":"{\"9\": 223}","source":147,"target":148,"layer":"L","from":"61 St-Woodside","to":"52 St"},"geometry":{"type":"LineString","coordinates":[[-73.902984,40.74563],[-73.912549,40.744149]]}},{"type":"Feature","properties":{"shape_id":"{\"7..S98R\": 1}","direction_id":"{\"1\": 1}","headsign":"{\"34 St-Hudson Yards\": 1}","duration_avg":330.0,"n_vehicles":1,"d":3186,"route_I_counts":"{\"10\": 1}","source":147,"target":152,"layer":"L","from":"61 St-Woodside","to":"Queensboro Plaza"},"geometry":{"type":"LineString","coordinates":[[-73.902984,40.74563],[-73.940202,40.750582]]}},{"type":"Feature","properties":{"duration_avg":120.0,"n_vehicles":168,"d":560,"route_I_counts":"{\"9\": 168}","shape_id":"{\"7..N97R\": 160, \"7..N98R\": 8}","direction_id":"{\"0\": 168}","headsign":"{\"Flushing-Main St\": 160, \"Mets-Willets Point\": 8}","source":147,"target":146,"layer":"L","from":"61 St-Woodside","to":"69 St"},"geometry":{"type":"LineString","coordinates":[[-73.902984,40.74563],[-73.896403,40.746325]]}},{"type":"Feature","properties":{"duration_avg":240.0,"n_vehicles":65,"d":2848,"route_I_counts":"{\"10\": 65}","shape_id":"{\"7..N95R\": 65}","direction_id":"{\"0\": 65}","headsign":"{\"Flushing-Main St\": 65}","source":147,"target":143,"layer":"L","from":"61 St-Woodside","to":"Junction Blvd"},"geometry":{"type":"LineString","coordinates":[[-73.902984,40.74563],[-73.869527,40.749145]]}},{"type":"Feature","properties":{"shape_id":"{\"7..S97R\": 211, \"7..S99R\": 12}","direction_id":"{\"1\": 223}","headsign":"{\"34 St-Hudson Yards\": 223}","duration_avg":60.0,"n_vehicles":223,"d":509,"route_I_counts":"{\"9\": 223}","source":148,"target":149,"layer":"L","from":"52 St","to":"46 St-Bliss St"},"geometry":{"type":"LineString","coordinates":[[-73.912549,40.744149],[-73.918435,40.743132]]}},{"type":"Feature","properties":{"duration_avg":116.98224852071006,"n_vehicles":169,"d":823,"route_I_counts":"{\"9\": 169}","shape_id":"{\"7..N97R\": 161, \"7..N98R\": 8}","direction_id":"{\"0\": 169}","headsign":"{\"Flushing-Main St\": 161, \"Mets-Willets Point\": 8}","source":148,"target":147,"layer":"L","from":"52 St","to":"61 St-Woodside"},"geometry":{"type":"LineString","coordinates":[[-73.912549,40.744149],[-73.902984,40.74563]]}},{"type":"Feature","properties":{"shape_id":"{\"7..S97R\": 212, \"7..S99R\": 12}","direction_id":"{\"1\": 224}","headsign":"{\"34 St-Hudson Yards\": 224}","duration_avg":60.0,"n_vehicles":224,"d":476,"route_I_counts":"{\"9\": 224}","source":149,"target":150,"layer":"L","from":"46 St-Bliss St","to":"40 St-Lowery St"},"geometry":{"type":"LineString","coordinates":[[-73.918435,40.743132],[-73.924016,40.743781]]}},{"type":"Feature","properties":{"duration_avg":60.0,"n_vehicles":168,"d":509,"route_I_counts":"{\"9\": 168}","shape_id":"{\"7..N97R\": 160, \"7..N98R\": 8}","direction_id":"{\"0\": 168}","headsign":"{\"Flushing-Main St\": 160, \"Mets-Willets Point\": 8}","source":149,"target":148,"layer":"L","from":"46 St-Bliss St","to":"52 St"},"geometry":{"type":"LineString","coordinates":[[-73.918435,40.743132],[-73.912549,40.744149]]}},{"type":"Feature","properties":{"shape_id":"{\"7..S97R\": 212, \"7..S99R\": 12}","direction_id":"{\"1\": 224}","headsign":"{\"34 St-Hudson Yards\": 224}","duration_avg":89.73214285714286,"n_vehicles":224,"d":595,"route_I_counts":"{\"9\": 224}","source":150,"target":151,"layer":"L","from":"40 St-Lowery St","to":"33 St-Rawson St"},"geometry":{"type":"LineString","coordinates":[[-73.924016,40.743781],[-73.930997,40.744587]]}},{"type":"Feature","properties":{"duration_avg":60.0,"n_vehicles":168,"d":476,"route_I_counts":"{\"9\": 168}","shape_id":"{\"7..N97R\": 160, \"7..N98R\": 8}","direction_id":"{\"0\": 168}","headsign":"{\"Flushing-Main St\": 160, \"Mets-Willets Point\": 8}","source":150,"target":149,"layer":"L","from":"40 St-Lowery St","to":"46 St-Bliss St"},"geometry":{"type":"LineString","coordinates":[[-73.924016,40.743781],[-73.918435,40.743132]]}},{"type":"Feature","properties":{"shape_id":"{\"7..S97R\": 212, \"7..S99R\": 12}","direction_id":"{\"1\": 224}","headsign":"{\"34 St-Hudson Yards\": 224}","duration_avg":147.72321428571428,"n_vehicles":224,"d":1023,"route_I_counts":"{\"9\": 224}","source":151,"target":152,"layer":"L","from":"33 St-Rawson St","to":"Queensboro Plaza"},"geometry":{"type":"LineString","coordinates":[[-73.930997,40.744587],[-73.940202,40.750582]]}},{"type":"Feature","properties":{"duration_avg":68.57142857142857,"n_vehicles":168,"d":595,"route_I_counts":"{\"9\": 168}","shape_id":"{\"7..N97R\": 160, \"7..N98R\": 8}","direction_id":"{\"0\": 168}","headsign":"{\"Flushing-Main St\": 160, \"Mets-Willets Point\": 8}","source":151,"target":150,"layer":"L","from":"33 St-Rawson St","to":"40 St-Lowery St"},"geometry":{"type":"LineString","coordinates":[[-73.930997,40.744587],[-73.924016,40.743781]]}},{"type":"Feature","properties":{"shape_id":"{\"7..S97R\": 212, \"7..S98R\": 2, \"7..S99R\": 12}","direction_id":"{\"1\": 226}","headsign":"{\"34 St-Hudson Yards\": 226}","duration_avg":90.0,"n_vehicles":226,"d":582,"route_I_counts":"{\"9\": 224, \"10\": 2}","source":152,"target":153,"layer":"L","from":"Queensboro Plaza","to":"Court Sq"},"geometry":{"type":"LineString","coordinates":[[-73.940202,40.750582],[-73.945264,40.747023]]}},{"type":"Feature","properties":{"duration_avg":146.94610778443115,"n_vehicles":167,"d":1023,"route_I_counts":"{\"9\": 167}","shape_id":"{\"7..N97R\": 159, \"7..N98R\": 8}","direction_id":"{\"0\": 167}","headsign":"{\"Flushing-Main St\": 159, \"Mets-Willets Point\": 8}","source":152,"target":151,"layer":"L","from":"Queensboro Plaza","to":"33 St-Rawson St"},"geometry":{"type":"LineString","coordinates":[[-73.940202,40.750582],[-73.930997,40.744587]]}},{"type":"Feature","properties":{"duration_avg":330.0,"n_vehicles":65,"d":3186,"route_I_counts":"{\"10\": 65}","shape_id":"{\"7..N95R\": 65}","direction_id":"{\"0\": 65}","headsign":"{\"Flushing-Main St\": 65}","source":152,"target":147,"layer":"L","from":"Queensboro Plaza","to":"61 St-Woodside"},"geometry":{"type":"LineString","coordinates":[[-73.940202,40.750582],[-73.902984,40.74563]]}},{"type":"Feature","properties":{"duration_avg":270.89285714285717,"n_vehicles":168,"d":2648,"route_I_counts":"{\"24\": 98, \"28\": 70}","shape_id":"{\"N..S20R\": 19}","direction_id":"{\"1\": 168}","headsign":"{\"86 St\": 1, \"Coney Island-Stillwell Av\": 98, \"Whitehall St-South Ferry\": 69}","source":152,"target":382,"layer":"L","from":"Queensboro Plaza","to":"Lexington Av/59 St"},"geometry":{"type":"LineString","coordinates":[[-73.940202,40.750582],[-73.967258,40.76266]]}},{"type":"Feature","properties":{"duration_avg":120.0,"n_vehicles":176,"d":678,"route_I_counts":"{\"24\": 98, \"28\": 78}","shape_id":"{\"N..N20R\": 18, \"N..N23R\": 1}","direction_id":"{\"0\": 176}","headsign":"{\"Astoria-Ditmars Blvd\": 176}","source":152,"target":381,"layer":"L","from":"Queensboro Plaza","to":"39 Av-Dutch Kills"},"geometry":{"type":"LineString","coordinates":[[-73.940202,40.750582],[-73.932755,40.752882]]}},{"type":"Feature","properties":{"shape_id":"{\"7..S97R\": 213, \"7..S98R\": 2, \"7..S99R\": 12}","direction_id":"{\"1\": 227}","headsign":"{\"34 St-Hudson Yards\": 227}","duration_avg":120.0,"n_vehicles":227,"d":617,"route_I_counts":"{\"9\": 225, \"10\": 2}","source":153,"target":154,"layer":"L","from":"Court Sq","to":"Hunters Point Av"},"geometry":{"type":"LineString","coordinates":[[-73.945264,40.747023],[-73.948916,40.742216]]}},{"type":"Feature","properties":{"duration_avg":97.37068965517241,"n_vehicles":232,"d":582,"route_I_counts":"{\"9\": 167, \"10\": 65}","shape_id":"{\"7..N95R\": 65, \"7..N97R\": 159, \"7..N98R\": 8}","direction_id":"{\"0\": 232}","headsign":"{\"Flushing-Main St\": 224, \"Mets-Willets Point\": 8}","source":153,"target":152,"layer":"L","from":"Court Sq","to":"Queensboro Plaza"},"geometry":{"type":"LineString","coordinates":[[-73.945264,40.747023],[-73.940202,40.750582]]}},{"type":"Feature","properties":{"duration_avg":60.0,"n_vehicles":107,"d":568,"route_I_counts":"{\"20\": 107}","shape_id":"{}","direction_id":"{\"1\": 107}","headsign":"{\"Church Av\": 107}","source":153,"target":314,"layer":"L","from":"Court Sq","to":"21 St"},"geometry":{"type":"LineString","coordinates":[[-73.945264,40.747023],[-73.949724,40.744065]]}},{"type":"Feature","properties":{"duration_avg":199.77578475336324,"n_vehicles":223,"d":2224,"route_I_counts":"{\"16\": 153, \"23\": 70}","shape_id":"{\"E..S04R\": 21, \"E..S56R\": 3, \"E..S69R\": 42, \"E..S71R\": 87, \"M..S20R\": 70}","direction_id":"{\"1\": 223}","headsign":"{\"Middle Village-Metropolitan Av\": 70, \"World Trade Center\": 153}","source":153,"target":280,"layer":"L","from":"Court Sq","to":"Lexington Av/53 St"},"geometry":{"type":"LineString","coordinates":[[-73.945264,40.747023],[-73.969055,40.757552]]}},{"type":"Feature","properties":{"duration_avg":101.66666666666667,"n_vehicles":234,"d":749,"route_I_counts":"{\"16\": 161, \"23\": 73}","shape_id":"{\"E..N05R\": 17, \"E..N55R\": 2, \"E..N66R\": 99, \"E..N72R\": 41, \"M..N20R\": 73}","direction_id":"{\"0\": 234}","headsign":"{\"Forest Hills-71 Av\": 73, \"Jamaica Center-Parsons/Archer\": 157, \"Jamaica-179 St\": 4}","source":153,"target":279,"layer":"L","from":"Court Sq","to":"Queens Plaza"},"geometry":{"type":"LineString","coordinates":[[-73.945264,40.747023],[-73.937243,40.748973]]}},{"type":"Feature","properties":{"shape_id":"{\"7..S97R\": 213, \"7..S98R\": 2, \"7..S99R\": 12}","direction_id":"{\"1\": 227}","headsign":"{\"34 St-Hudson Yards\": 227}","duration_avg":60.0,"n_vehicles":227,"d":396,"route_I_counts":"{\"9\": 225, \"10\": 2}","source":154,"target":155,"layer":"L","from":"Hunters Point Av","to":"Vernon Blvd-Jackson Av"},"geometry":{"type":"LineString","coordinates":[[-73.948916,40.742216],[-73.953581,40.742626]]}},{"type":"Feature","properties":{"duration_avg":117.53246753246754,"n_vehicles":231,"d":617,"route_I_counts":"{\"9\": 166, \"10\": 65}","shape_id":"{\"7..N95R\": 65, \"7..N97R\": 158, \"7..N98R\": 8}","direction_id":"{\"0\": 231}","headsign":"{\"Flushing-Main St\": 223, \"Mets-Willets Point\": 8}","source":154,"target":153,"layer":"L","from":"Hunters Point Av","to":"Court Sq"},"geometry":{"type":"LineString","coordinates":[[-73.948916,40.742216],[-73.945264,40.747023]]}},{"type":"Feature","properties":{"duration_avg":58.05194805194805,"n_vehicles":231,"d":396,"route_I_counts":"{\"9\": 166, \"10\": 65}","shape_id":"{\"7..N95R\": 65, \"7..N97R\": 158, \"7..N98R\": 8}","direction_id":"{\"0\": 231}","headsign":"{\"Flushing-Main St\": 223, \"Mets-Willets Point\": 8}","source":155,"target":154,"layer":"L","from":"Vernon Blvd-Jackson Av","to":"Hunters Point Av"},"geometry":{"type":"LineString","coordinates":[[-73.953581,40.742626],[-73.948916,40.742216]]}},{"type":"Feature","properties":{"duration_avg":289.8237885462555,"n_vehicles":227,"d":2132,"route_I_counts":"{\"9\": 224, \"10\": 3}","shape_id":"{\"7..S97R\": 212, \"7..S98R\": 3, \"7..S99R\": 12}","direction_id":"{\"1\": 227}","headsign":"{\"34 St-Hudson Yards\": 227}","source":155,"target":99,"layer":"L","from":"Vernon Blvd-Jackson Av","to":"Grand Central-42 St"},"geometry":{"type":"LineString","coordinates":[[-73.953581,40.742626],[-73.976848,40.751776]]}},{"type":"Feature","properties":{"duration_avg":187.2052401746725,"n_vehicles":229,"d":1199,"route_I_counts":"{\"9\": 164, \"10\": 65}","shape_id":"{\"7..N95R\": 65, \"7..N97R\": 156, \"7..N98R\": 8}","direction_id":"{\"0\": 229}","headsign":"{\"Flushing-Main St\": 221, \"Mets-Willets Point\": 8}","source":156,"target":232,"layer":"L","from":"34 St-Hudson Yards","to":"42 St-Bryant Pk"},"geometry":{"type":"LineString","coordinates":[[-74.00191,40.755882],[-73.984569,40.754222]]}},{"type":"Feature","properties":{"shape_id":"{}","direction_id":"{\"1\": 121}","headsign":"{\"Far Rockaway-Mott Av\": 68, \"Ozone Park-Lefferts Blvd\": 53}","duration_avg":90.0,"n_vehicles":121,"d":683,"route_I_counts":"{\"12\": 121}","source":157,"target":158,"layer":"L","from":"Inwood-207 St","to":"Dyckman St"},"geometry":{"type":"LineString","coordinates":[[-73.919899,40.868072],[-73.927271,40.865491]]}},{"type":"Feature","properties":{"shape_id":"{}","direction_id":"{\"1\": 127}","headsign":"{\"Far Rockaway-Mott Av\": 70, \"Ozone Park-Lefferts Blvd\": 56, \"Rockaway Park-Beach 116 St\": 1}","duration_avg":137.95275590551182,"n_vehicles":127,"d":925,"route_I_counts":"{\"12\": 127}","source":158,"target":159,"layer":"L","from":"Dyckman St","to":"190 St"},"geometry":{"type":"LineString","coordinates":[[-73.927271,40.865491],[-73.93418,40.859022]]}},{"type":"Feature","properties":{"duration_avg":108.0952380952381,"n_vehicles":126,"d":683,"route_I_counts":"{\"12\": 126}","shape_id":"{\"A..N04R\": 5, \"A..N09R\": 14, \"A..N54R\": 56, \"A..N55R\": 51}","direction_id":"{\"0\": 126}","headsign":"{\"Inwood-207 St\": 126}","source":158,"target":157,"layer":"L","from":"Dyckman St","to":"Inwood-207 St"},"geometry":{"type":"LineString","coordinates":[[-73.927271,40.865491],[-73.919899,40.868072]]}},{"type":"Feature","properties":{"shape_id":"{}","direction_id":"{\"1\": 127}","headsign":"{\"Far Rockaway-Mott Av\": 70, \"Ozone Park-Lefferts Blvd\": 56, \"Rockaway Park-Beach 116 St\": 1}","duration_avg":120.0,"n_vehicles":127,"d":875,"route_I_counts":"{\"12\": 127}","source":159,"target":160,"layer":"L","from":"190 St","to":"181 St"},"geometry":{"type":"LineString","coordinates":[[-73.93418,40.859022],[-73.937969,40.851695]]}},{"type":"Feature","properties":{"duration_avg":150.0,"n_vehicles":126,"d":925,"route_I_counts":"{\"12\": 126}","shape_id":"{\"A..N04R\": 5, \"A..N09R\": 14, \"A..N54R\": 56, \"A..N55R\": 51}","direction_id":"{\"0\": 126}","headsign":"{\"Inwood-207 St\": 126}","source":159,"target":158,"layer":"L","from":"190 St","to":"Dyckman St"},"geometry":{"type":"LineString","coordinates":[[-73.93418,40.859022],[-73.927271,40.865491]]}},{"type":"Feature","properties":{"shape_id":"{}","direction_id":"{\"1\": 127}","headsign":"{\"Far Rockaway-Mott Av\": 70, \"Ozone Park-Lefferts Blvd\": 56, \"Rockaway Park-Beach 116 St\": 1}","duration_avg":60.0,"n_vehicles":127,"d":500,"route_I_counts":"{\"12\": 127}","source":160,"target":161,"layer":"L","from":"181 St","to":"175 St"},"geometry":{"type":"LineString","coordinates":[[-73.937969,40.851695],[-73.939704,40.847391]]}},{"type":"Feature","properties":{"duration_avg":120.0,"n_vehicles":125,"d":875,"route_I_counts":"{\"12\": 125}","shape_id":"{\"A..N04R\": 5, \"A..N09R\": 14, \"A..N54R\": 56, \"A..N55R\": 50}","direction_id":"{\"0\": 125}","headsign":"{\"Inwood-207 St\": 125}","source":160,"target":159,"layer":"L","from":"181 St","to":"190 St"},"geometry":{"type":"LineString","coordinates":[[-73.937969,40.851695],[-73.93418,40.859022]]}},{"type":"Feature","properties":{"shape_id":"{}","direction_id":"{\"1\": 127}","headsign":"{\"Far Rockaway-Mott Av\": 70, \"Ozone Park-Lefferts Blvd\": 56, \"Rockaway Park-Beach 116 St\": 1}","duration_avg":120.0,"n_vehicles":127,"d":742,"route_I_counts":"{\"12\": 127}","source":161,"target":162,"layer":"L","from":"175 St","to":"168 St"},"geometry":{"type":"LineString","coordinates":[[-73.939704,40.847391],[-73.939561,40.840719]]}},{"type":"Feature","properties":{"duration_avg":62.64,"n_vehicles":125,"d":500,"route_I_counts":"{\"12\": 125}","shape_id":"{\"A..N04R\": 5, \"A..N09R\": 14, \"A..N54R\": 56, \"A..N55R\": 50}","direction_id":"{\"0\": 125}","headsign":"{\"Inwood-207 St\": 125}","source":161,"target":160,"layer":"L","from":"175 St","to":"181 St"},"geometry":{"type":"LineString","coordinates":[[-73.939704,40.847391],[-73.937969,40.851695]]}},{"type":"Feature","properties":{"shape_id":"{\"C..S04R\": 72}","direction_id":"{\"1\": 98}","headsign":"{\"Euclid Av\": 72, \"Far Rockaway-Mott Av\": 20, \"Ozone Park-Lefferts Blvd\": 6}","duration_avg":67.95918367346938,"n_vehicles":98,"d":524,"route_I_counts":"{\"12\": 26, \"14\": 72}","source":162,"target":163,"layer":"L","from":"168 St","to":"163 St-Amsterdam Av"},"geometry":{"type":"LineString","coordinates":[[-73.939561,40.840719],[-73.939892,40.836013]]}},{"type":"Feature","properties":{"shape_id":"{\"A..S87R\": 4}","direction_id":"{\"1\": 106}","headsign":"{\"Far Rockaway-Mott Av\": 51, \"Ozone Park-Lefferts Blvd\": 50, \"Rockaway Park-Beach 116 St\": 5}","duration_avg":210.0,"n_vehicles":106,"d":1816,"route_I_counts":"{\"12\": 106}","source":162,"target":165,"layer":"L","from":"168 St","to":"145 St"},"geometry":{"type":"LineString","coordinates":[[-73.939561,40.840719],[-73.944216,40.824783]]}},{"type":"Feature","properties":{"duration_avg":120.0,"n_vehicles":125,"d":742,"route_I_counts":"{\"12\": 125}","shape_id":"{\"A..N04R\": 5, \"A..N09R\": 15, \"A..N54R\": 55, \"A..N55R\": 50}","direction_id":"{\"0\": 125}","headsign":"{\"Inwood-207 St\": 125}","source":162,"target":161,"layer":"L","from":"168 St","to":"175 St"},"geometry":{"type":"LineString","coordinates":[[-73.939561,40.840719],[-73.939704,40.847391]]}},{"type":"Feature","properties":{"duration_avg":90.0,"n_vehicles":173,"d":828,"route_I_counts":"{\"1\": 173}","shape_id":"{\"1..S03R\": 166, \"1..S04R\": 7}","direction_id":"{\"1\": 173}","headsign":"{\"South Ferry\": 173}","source":162,"target":9,"layer":"L","from":"168 St","to":"157 St"},"geometry":{"type":"LineString","coordinates":[[-73.939561,40.840719],[-73.94489,40.834041]]}},{"type":"Feature","properties":{"duration_avg":120.0,"n_vehicles":188,"d":1138,"route_I_counts":"{\"1\": 188}","shape_id":"{\"1..N03R\": 187}","direction_id":"{\"0\": 188}","headsign":"{\"215 St\": 1, \"Van Cortlandt Park-242 St\": 187}","source":162,"target":8,"layer":"L","from":"168 St","to":"181 St"},"geometry":{"type":"LineString","coordinates":[[-73.939561,40.840719],[-73.933596,40.849505]]}},{"type":"Feature","properties":{"shape_id":"{\"C..S04R\": 72}","direction_id":"{\"1\": 97}","headsign":"{\"Euclid Av\": 72, \"Far Rockaway-Mott Av\": 19, \"Ozone Park-Lefferts Blvd\": 6}","duration_avg":67.73195876288659,"n_vehicles":97,"d":626,"route_I_counts":"{\"12\": 25, \"14\": 72}","source":163,"target":164,"layer":"L","from":"163 St-Amsterdam Av","to":"155 St"},"geometry":{"type":"LineString","coordinates":[[-73.939892,40.836013],[-73.941514,40.830518]]}},{"type":"Feature","properties":{"duration_avg":90.0,"n_vehicles":100,"d":524,"route_I_counts":"{\"12\": 20, \"14\": 80}","shape_id":"{\"A..N04R\": 5, \"A..N09R\": 15, \"C..N04R\": 80}","direction_id":"{\"0\": 100}","headsign":"{\"168 St\": 80, \"Inwood-207 St\": 20}","source":163,"target":162,"layer":"L","from":"163 St-Amsterdam Av","to":"168 St"},"geometry":{"type":"LineString","coordinates":[[-73.939892,40.836013],[-73.939561,40.840719]]}},{"type":"Feature","properties":{"shape_id":"{\"C..S04R\": 72}","direction_id":"{\"1\": 97}","headsign":"{\"Euclid Av\": 72, \"Far Rockaway-Mott Av\": 19, \"Ozone Park-Lefferts Blvd\": 6}","duration_avg":90.0,"n_vehicles":97,"d":677,"route_I_counts":"{\"12\": 25, \"14\": 72}","source":164,"target":165,"layer":"L","from":"155 St","to":"145 St"},"geometry":{"type":"LineString","coordinates":[[-73.941514,40.830518],[-73.944216,40.824783]]}},{"type":"Feature","properties":{"duration_avg":90.0,"n_vehicles":100,"d":626,"route_I_counts":"{\"12\": 20, \"14\": 80}","shape_id":"{\"A..N04R\": 5, \"A..N09R\": 15, \"C..N04R\": 80}","direction_id":"{\"0\": 100}","headsign":"{\"168 St\": 80, \"Inwood-207 St\": 20}","source":164,"target":163,"layer":"L","from":"155 St","to":"163 St-Amsterdam Av"},"geometry":{"type":"LineString","coordinates":[[-73.941514,40.830518],[-73.939892,40.836013]]}},{"type":"Feature","properties":{"shape_id":"{\"A..S87R\": 4, \"C..S04R\": 72, \"B..S45R\": 21, \"B..S46R\": 52}","direction_id":"{\"1\": 175}","headsign":"{\"Euclid Av\": 72, \"Far Rockaway-Mott Av\": 19, \"Ozone Park-Lefferts Blvd\": 6, \"Rockaway Park-Beach 116 St\": 5, \"Brighton Beach\": 73}","duration_avg":129.94963738920225,"n_vehicles":175,"d":819,"route_I_counts":"{\"12\": 30, \"14\": 72, \"13\": 73}","source":165,"target":166,"layer":"L","from":"145 St","to":"135 St"},"geometry":{"type":"LineString","coordinates":[[-73.944216,40.824783],[-73.947649,40.817894]]}},{"type":"Feature","properties":{"shape_id":"{\"D..S05R\": 24, \"D..S07R\": 82}","direction_id":"{\"1\": 207}","headsign":"{\"Far Rockaway-Mott Av\": 51, \"Ozone Park-Lefferts Blvd\": 50, \"Coney Island-Stillwell Av\": 106}","duration_avg":210.0,"n_vehicles":207,"d":1669,"route_I_counts":"{\"12\": 101, \"15\": 106}","source":165,"target":167,"layer":"L","from":"145 St","to":"125 St"},"geometry":{"type":"LineString","coordinates":[[-73.944216,40.824783],[-73.952343,40.811109]]}},{"type":"Feature","properties":{"duration_avg":90.0,"n_vehicles":100,"d":677,"route_I_counts":"{\"12\": 20, \"14\": 80}","shape_id":"{\"A..N04R\": 5, \"A..N09R\": 15, \"C..N04R\": 80}","direction_id":"{\"0\": 100}","headsign":"{\"168 St\": 80, \"Inwood-207 St\": 20}","source":165,"target":164,"layer":"L","from":"145 St","to":"155 St"},"geometry":{"type":"LineString","coordinates":[[-73.944216,40.824783],[-73.941514,40.830518]]}},{"type":"Feature","properties":{"duration_avg":180.0,"n_vehicles":104,"d":1816,"route_I_counts":"{\"12\": 104}","shape_id":"{\"A..N54R\": 54, \"A..N55R\": 50}","direction_id":"{\"0\": 104}","headsign":"{\"Inwood-207 St\": 104}","source":165,"target":162,"layer":"L","from":"145 St","to":"168 St"},"geometry":{"type":"LineString","coordinates":[[-73.944216,40.824783],[-73.939561,40.840719]]}},{"type":"Feature","properties":{"duration_avg":480.0,"n_vehicles":18,"d":4349,"route_I_counts":"{\"15\": 18}","shape_id":"{\"D..N14R\": 18}","direction_id":"{\"0\": 18}","headsign":"{\"Norwood-205 St\": 18}","source":165,"target":224,"layer":"L","from":"145 St","to":"Tremont Av"},"geometry":{"type":"LineString","coordinates":[[-73.944216,40.824783],[-73.905227,40.85041]]}},{"type":"Feature","properties":{"duration_avg":90.0,"n_vehicles":104,"d":781,"route_I_counts":"{\"13\": 17, \"15\": 87}","shape_id":"{\"B..N45R\": 17, \"D..N05R\": 40, \"D..N07R\": 45, \"D..N16R\": 2}","direction_id":"{\"0\": 104}","headsign":"{\"Bedford Park Blvd\": 17, \"Norwood-205 St\": 87}","source":165,"target":229,"layer":"L","from":"145 St","to":"155 St"},"geometry":{"type":"LineString","coordinates":[[-73.944216,40.824783],[-73.938209,40.830135]]}},{"type":"Feature","properties":{"shape_id":"{\"A..S87R\": 4, \"B..S45R\": 21, \"B..S46R\": 52, \"C..S04R\": 73}","direction_id":"{\"1\": 176}","headsign":"{\"Brighton Beach\": 73, \"Euclid Av\": 73, \"Far Rockaway-Mott Av\": 19, \"Ozone Park-Lefferts Blvd\": 6, \"Rockaway Park-Beach 116 St\": 5}","duration_avg":90.85227272727273,"n_vehicles":176,"d":852,"route_I_counts":"{\"12\": 30, \"13\": 73, \"14\": 73}","source":166,"target":167,"layer":"L","from":"135 St","to":"125 St"},"geometry":{"type":"LineString","coordinates":[[-73.947649,40.817894],[-73.952343,40.811109]]}},{"type":"Feature","properties":{"duration_avg":104.79452054794521,"n_vehicles":172,"d":819,"route_I_counts":"{\"12\": 20, \"14\": 79, \"13\": 73}","shape_id":"{\"A..N04R\": 5, \"A..N09R\": 15, \"C..N04R\": 79, \"B..N45R\": 17, \"B..N46R\": 56}","direction_id":"{\"0\": 172}","headsign":"{\"168 St\": 79, \"Inwood-207 St\": 20, \"145 St\": 56, \"Bedford Park Blvd\": 17}","source":166,"target":165,"layer":"L","from":"135 St","to":"145 St"},"geometry":{"type":"LineString","coordinates":[[-73.947649,40.817894],[-73.944216,40.824783]]}},{"type":"Feature","properties":{"shape_id":"{\"B..S45R\": 21, \"B..S46R\": 52, \"C..S04R\": 73}","direction_id":"{\"1\": 171}","headsign":"{\"Brighton Beach\": 73, \"Euclid Av\": 73, \"Far Rockaway-Mott Av\": 19, \"Ozone Park-Lefferts Blvd\": 6}","duration_avg":90.0,"n_vehicles":171,"d":703,"route_I_counts":"{\"12\": 25, \"13\": 73, \"14\": 73}","source":167,"target":168,"layer":"L","from":"125 St","to":"116 St"},"geometry":{"type":"LineString","coordinates":[[-73.952343,40.811109],[-73.954882,40.805085]]}},{"type":"Feature","properties":{"shape_id":"{\"A..S87R\": 4, \"D..S05R\": 24, \"D..S07R\": 82}","direction_id":"{\"1\": 213}","headsign":"{\"Coney Island-Stillwell Av\": 106, \"Far Rockaway-Mott Av\": 51, \"Ozone Park-Lefferts Blvd\": 51, \"Rockaway Park-Beach 116 St\": 5}","duration_avg":480.0,"n_vehicles":213,"d":5371,"route_I_counts":"{\"12\": 107, \"15\": 106}","source":167,"target":175,"layer":"L","from":"125 St","to":"59 St-Columbus Circle"},"geometry":{"type":"LineString","coordinates":[[-73.952343,40.811109],[-73.981736,40.768296]]}},{"type":"Feature","properties":{"duration_avg":198.31730769230768,"n_vehicles":208,"d":1669,"route_I_counts":"{\"12\": 104, \"15\": 104}","shape_id":"{\"A..N54R\": 54, \"A..N55R\": 50, \"D..N05R\": 40, \"D..N07R\": 44, \"D..N14R\": 18, \"D..N16R\": 2}","direction_id":"{\"0\": 208}","headsign":"{\"Inwood-207 St\": 104, \"Norwood-205 St\": 104}","source":167,"target":165,"layer":"L","from":"125 St","to":"145 St"},"geometry":{"type":"LineString","coordinates":[[-73.952343,40.811109],[-73.944216,40.824783]]}},{"type":"Feature","properties":{"duration_avg":109.18604651162791,"n_vehicles":172,"d":852,"route_I_counts":"{\"12\": 20, \"13\": 73, \"14\": 79}","shape_id":"{\"A..N04R\": 5, \"A..N09R\": 15, \"B..N45R\": 17, \"B..N46R\": 56, \"C..N04R\": 79}","direction_id":"{\"0\": 172}","headsign":"{\"145 St\": 56, \"168 St\": 79, \"Bedford Park Blvd\": 17, \"Inwood-207 St\": 20}","source":167,"target":166,"layer":"L","from":"125 St","to":"135 St"},"geometry":{"type":"LineString","coordinates":[[-73.952343,40.811109],[-73.947649,40.817894]]}},{"type":"Feature","properties":{"shape_id":"{\"B..S45R\": 21, \"B..S46R\": 53, \"C..S04R\": 73}","direction_id":"{\"1\": 172}","headsign":"{\"Brighton Beach\": 74, \"Euclid Av\": 73, \"Far Rockaway-Mott Av\": 19, \"Ozone Park-Lefferts Blvd\": 6}","duration_avg":90.0,"n_vehicles":172,"d":570,"route_I_counts":"{\"12\": 25, \"13\": 74, \"14\": 73}","source":168,"target":169,"layer":"L","from":"116 St","to":"Cathedral Pkwy (110 St)"},"geometry":{"type":"LineString","coordinates":[[-73.954882,40.805085],[-73.958161,40.800603]]}},{"type":"Feature","properties":{"duration_avg":90.0,"n_vehicles":171,"d":703,"route_I_counts":"{\"12\": 20, \"13\": 72, \"14\": 79}","shape_id":"{\"A..N04R\": 5, \"A..N09R\": 15, \"B..N45R\": 17, \"B..N46R\": 55, \"C..N04R\": 79}","direction_id":"{\"0\": 171}","headsign":"{\"145 St\": 55, \"168 St\": 79, \"Bedford Park Blvd\": 17, \"Inwood-207 St\": 20}","source":168,"target":167,"layer":"L","from":"116 St","to":"125 St"},"geometry":{"type":"LineString","coordinates":[[-73.954882,40.805085],[-73.952343,40.811109]]}},{"type":"Feature","properties":{"shape_id":"{\"B..S45R\": 21, \"B..S46R\": 53, \"C..S04R\": 73}","direction_id":"{\"1\": 172}","headsign":"{\"Brighton Beach\": 74, \"Euclid Av\": 73, \"Far Rockaway-Mott Av\": 19, \"Ozone Park-Lefferts Blvd\": 6}","duration_avg":60.0,"n_vehicles":172,"d":573,"route_I_counts":"{\"12\": 25, \"13\": 74, \"14\": 73}","source":169,"target":170,"layer":"L","from":"Cathedral Pkwy (110 St)","to":"103 St"},"geometry":{"type":"LineString","coordinates":[[-73.958161,40.800603],[-73.961454,40.796092]]}},{"type":"Feature","properties":{"duration_avg":90.0,"n_vehicles":171,"d":570,"route_I_counts":"{\"12\": 20, \"13\": 72, \"14\": 79}","shape_id":"{\"A..N04R\": 5, \"A..N09R\": 15, \"B..N45R\": 17, \"B..N46R\": 55, \"C..N04R\": 79}","direction_id":"{\"0\": 171}","headsign":"{\"145 St\": 55, \"168 St\": 79, \"Bedford Park Blvd\": 17, \"Inwood-207 St\": 20}","source":169,"target":168,"layer":"L","from":"Cathedral Pkwy (110 St)","to":"116 St"},"geometry":{"type":"LineString","coordinates":[[-73.958161,40.800603],[-73.954882,40.805085]]}},{"type":"Feature","properties":{"shape_id":"{\"B..S45R\": 21, \"B..S46R\": 53, \"C..S04R\": 73}","direction_id":"{\"1\": 172}","headsign":"{\"Brighton Beach\": 74, \"Euclid Av\": 73, \"Far Rockaway-Mott Av\": 19, \"Ozone Park-Lefferts Blvd\": 6}","duration_avg":90.0,"n_vehicles":172,"d":565,"route_I_counts":"{\"12\": 25, \"13\": 74, \"14\": 73}","source":170,"target":171,"layer":"L","from":"103 St","to":"96 St"},"geometry":{"type":"LineString","coordinates":[[-73.961454,40.796092],[-73.964696,40.791642]]}},{"type":"Feature","properties":{"duration_avg":60.0,"n_vehicles":171,"d":573,"route_I_counts":"{\"12\": 20, \"13\": 72, \"14\": 79}","shape_id":"{\"A..N04R\": 5, \"A..N09R\": 15, \"B..N45R\": 17, \"B..N46R\": 55, \"C..N04R\": 79}","direction_id":"{\"0\": 171}","headsign":"{\"145 St\": 55, \"168 St\": 79, \"Bedford Park Blvd\": 17, \"Inwood-207 St\": 20}","source":170,"target":169,"layer":"L","from":"103 St","to":"Cathedral Pkwy (110 St)"},"geometry":{"type":"LineString","coordinates":[[-73.961454,40.796092],[-73.958161,40.800603]]}},{"type":"Feature","properties":{"shape_id":"{\"B..S45R\": 21, \"B..S46R\": 53, \"C..S04R\": 73}","direction_id":"{\"1\": 172}","headsign":"{\"Brighton Beach\": 74, \"Euclid Av\": 73, \"Far Rockaway-Mott Av\": 19, \"Ozone Park-Lefferts Blvd\": 6}","duration_avg":90.0,"n_vehicles":172,"d":734,"route_I_counts":"{\"12\": 25, \"13\": 74, \"14\": 73}","source":171,"target":172,"layer":"L","from":"96 St","to":"86 St"},"geometry":{"type":"LineString","coordinates":[[-73.964696,40.791642],[-73.968916,40.785868]]}},{"type":"Feature","properties":{"duration_avg":90.0,"n_vehicles":170,"d":565,"route_I_counts":"{\"12\": 20, \"13\": 72, \"14\": 78}","shape_id":"{\"A..N04R\": 5, \"A..N09R\": 15, \"B..N45R\": 17, \"B..N46R\": 55, \"C..N04R\": 78}","direction_id":"{\"0\": 170}","headsign":"{\"145 St\": 55, \"168 St\": 78, \"Bedford Park Blvd\": 17, \"Inwood-207 St\": 20}","source":171,"target":170,"layer":"L","from":"96 St","to":"103 St"},"geometry":{"type":"LineString","coordinates":[[-73.964696,40.791642],[-73.961454,40.796092]]}},{"type":"Feature","properties":{"shape_id":"{\"B..S45R\": 21, \"B..S46R\": 53, \"C..S04R\": 74}","direction_id":"{\"1\": 173}","headsign":"{\"Brighton Beach\": 74, \"Euclid Av\": 74, \"Far Rockaway-Mott Av\": 19, \"Ozone Park-Lefferts Blvd\": 6}","duration_avg":90.0,"n_vehicles":173,"d":563,"route_I_counts":"{\"12\": 25, \"13\": 74, \"14\": 74}","source":172,"target":173,"layer":"L","from":"86 St","to":"81 St-Museum of Natural History"},"geometry":{"type":"LineString","coordinates":[[-73.968916,40.785868],[-73.972143,40.781433]]}},{"type":"Feature","properties":{"duration_avg":90.0,"n_vehicles":169,"d":734,"route_I_counts":"{\"12\": 20, \"13\": 71, \"14\": 78}","shape_id":"{\"A..N04R\": 5, \"A..N09R\": 15, \"B..N45R\": 17, \"B..N46R\": 54, \"C..N04R\": 78}","direction_id":"{\"0\": 169}","headsign":"{\"145 St\": 54, \"168 St\": 78, \"Bedford Park Blvd\": 17, \"Inwood-207 St\": 20}","source":172,"target":171,"layer":"L","from":"86 St","to":"96 St"},"geometry":{"type":"LineString","coordinates":[[-73.968916,40.785868],[-73.964696,40.791642]]}},{"type":"Feature","properties":{"shape_id":"{\"B..S45R\": 21, \"B..S46R\": 53, \"C..S04R\": 74}","direction_id":"{\"1\": 173}","headsign":"{\"Brighton Beach\": 74, \"Euclid Av\": 74, \"Far Rockaway-Mott Av\": 19, \"Ozone Park-Lefferts Blvd\": 6}","duration_avg":90.0,"n_vehicles":173,"d":742,"route_I_counts":"{\"12\": 25, \"13\": 74, \"14\": 74}","source":173,"target":174,"layer":"L","from":"81 St-Museum of Natural History","to":"72 St"},"geometry":{"type":"LineString","coordinates":[[-73.972143,40.781433],[-73.97641,40.775594]]}},{"type":"Feature","properties":{"duration_avg":90.0,"n_vehicles":169,"d":563,"route_I_counts":"{\"12\": 20, \"13\": 71, \"14\": 78}","shape_id":"{\"A..N04R\": 5, \"A..N09R\": 15, \"B..N45R\": 17, \"B..N46R\": 54, \"C..N04R\": 78}","direction_id":"{\"0\": 169}","headsign":"{\"145 St\": 54, \"168 St\": 78, \"Bedford Park Blvd\": 17, \"Inwood-207 St\": 20}","source":173,"target":172,"layer":"L","from":"81 St-Museum of Natural History","to":"86 St"},"geometry":{"type":"LineString","coordinates":[[-73.972143,40.781433],[-73.968916,40.785868]]}},{"type":"Feature","properties":{"shape_id":"{\"B..S45R\": 21, \"B..S46R\": 53, \"C..S04R\": 74}","direction_id":"{\"1\": 173}","headsign":"{\"Brighton Beach\": 74, \"Euclid Av\": 74, \"Far Rockaway-Mott Av\": 19, \"Ozone Park-Lefferts Blvd\": 6}","duration_avg":90.0,"n_vehicles":173,"d":928,"route_I_counts":"{\"12\": 25, \"13\": 74, \"14\": 74}","source":174,"target":175,"layer":"L","from":"72 St","to":"59 St-Columbus Circle"},"geometry":{"type":"LineString","coordinates":[[-73.97641,40.775594],[-73.981736,40.768296]]}},{"type":"Feature","properties":{"duration_avg":90.0,"n_vehicles":170,"d":742,"route_I_counts":"{\"12\": 21, \"13\": 71, \"14\": 78}","shape_id":"{\"A..N04R\": 5, \"A..N09R\": 16, \"B..N45R\": 17, \"B..N46R\": 54, \"C..N04R\": 78}","direction_id":"{\"0\": 170}","headsign":"{\"145 St\": 54, \"168 St\": 78, \"Bedford Park Blvd\": 17, \"Inwood-207 St\": 21}","source":174,"target":173,"layer":"L","from":"72 St","to":"81 St-Museum of Natural History"},"geometry":{"type":"LineString","coordinates":[[-73.97641,40.775594],[-73.972143,40.781433]]}},{"type":"Feature","properties":{"shape_id":"{\"C..S04R\": 74}","direction_id":"{\"1\": 98}","headsign":"{\"Euclid Av\": 74, \"Far Rockaway-Mott Av\": 18, \"Ozone Park-Lefferts Blvd\": 6}","duration_avg":91.83673469387755,"n_vehicles":98,"d":742,"route_I_counts":"{\"12\": 24, \"14\": 74}","source":175,"target":176,"layer":"L","from":"59 St-Columbus Circle","to":"50 St"},"geometry":{"type":"LineString","coordinates":[[-73.981736,40.768296],[-73.985984,40.762456]]}},{"type":"Feature","properties":{"shape_id":"{\"B..S45R\": 21, \"B..S46R\": 54, \"D..S05R\": 24, \"D..S07R\": 83}","direction_id":"{\"1\": 182}","headsign":"{\"Brighton Beach\": 75, \"Coney Island-Stillwell Av\": 107}","duration_avg":117.36263736263736,"n_vehicles":182,"d":604,"route_I_counts":"{\"13\": 75, \"15\": 107}","source":175,"target":230,"layer":"L","from":"59 St-Columbus Circle","to":"7 Av"},"geometry":{"type":"LineString","coordinates":[[-73.981736,40.768296],[-73.981637,40.762862]]}},{"type":"Feature","properties":{"duration_avg":482.9126213592233,"n_vehicles":206,"d":5371,"route_I_counts":"{\"12\": 103, \"15\": 103}","shape_id":"{\"A..N54R\": 54, \"A..N55R\": 49, \"D..N05R\": 40, \"D..N07R\": 43, \"D..N14R\": 18, \"D..N16R\": 2}","direction_id":"{\"0\": 206}","headsign":"{\"Inwood-207 St\": 103, \"Norwood-205 St\": 103}","source":175,"target":167,"layer":"L","from":"59 St-Columbus Circle","to":"125 St"},"geometry":{"type":"LineString","coordinates":[[-73.981736,40.768296],[-73.952343,40.811109]]}},{"type":"Feature","properties":{"duration_avg":90.0,"n_vehicles":170,"d":928,"route_I_counts":"{\"12\": 21, \"13\": 71, \"14\": 78}","shape_id":"{\"A..N04R\": 5, \"A..N09R\": 16, \"B..N45R\": 17, \"B..N46R\": 54, \"C..N04R\": 78}","direction_id":"{\"0\": 170}","headsign":"{\"145 St\": 54, \"168 St\": 78, \"Bedford Park Blvd\": 17, \"Inwood-207 St\": 21}","source":175,"target":174,"layer":"L","from":"59 St-Columbus Circle","to":"72 St"},"geometry":{"type":"LineString","coordinates":[[-73.981736,40.768296],[-73.97641,40.775594]]}},{"type":"Feature","properties":{"duration_avg":120.0,"n_vehicles":189,"d":743,"route_I_counts":"{\"1\": 175, \"2\": 14}","shape_id":"{\"1..S03R\": 168, \"1..S04R\": 7, \"2..S08R\": 14}","direction_id":"{\"1\": 189}","headsign":"{\"Flatbush Av-Brooklyn College\": 14, \"South Ferry\": 175}","source":175,"target":21,"layer":"L","from":"59 St-Columbus Circle","to":"50 St"},"geometry":{"type":"LineString","coordinates":[[-73.981736,40.768296],[-73.983849,40.761728]]}},{"type":"Feature","properties":{"duration_avg":90.0,"n_vehicles":196,"d":578,"route_I_counts":"{\"1\": 184, \"2\": 12}","shape_id":"{\"1..N03R\": 183, \"2..N08R\": 12}","direction_id":"{\"0\": 196}","headsign":"{\"215 St\": 1, \"Van Cortlandt Park-242 St\": 183, \"Wakefield-241 St\": 12}","source":175,"target":20,"layer":"L","from":"59 St-Columbus Circle","to":"66 St-Lincoln Center"},"geometry":{"type":"LineString","coordinates":[[-73.981736,40.768296],[-73.982209,40.77344]]}},{"type":"Feature","properties":{"duration_avg":155.83333333333334,"n_vehicles":108,"d":1396,"route_I_counts":"{\"12\": 108}","shape_id":"{\"A..S87R\": 4}","direction_id":"{\"1\": 108}","headsign":"{\"Far Rockaway-Mott Av\": 52, \"Ozone Park-Lefferts Blvd\": 51, \"Rockaway Park-Beach 116 St\": 5}","source":175,"target":232,"layer":"L","from":"59 St-Columbus Circle","to":"42 St-Bryant Pk"},"geometry":{"type":"LineString","coordinates":[[-73.981736,40.768296],[-73.984569,40.754222]]}},{"type":"Feature","properties":{"duration_avg":90.0,"n_vehicles":159,"d":369,"route_I_counts":"{\"16\": 159}","shape_id":"{\"E..N05R\": 17, \"E..N55R\": 2, \"E..N66R\": 97, \"E..N72R\": 41}","direction_id":"{\"0\": 159}","headsign":"{\"Jamaica Center-Parsons/Archer\": 155, \"Jamaica-179 St\": 4}","source":176,"target":230,"layer":"L","from":"50 St","to":"7 Av"},"geometry":{"type":"LineString","coordinates":[[-73.985984,40.762456],[-73.981637,40.762862]]}},{"type":"Feature","properties":{"duration_avg":124.59183673469387,"n_vehicles":98,"d":742,"route_I_counts":"{\"12\": 21, \"14\": 77}","shape_id":"{\"A..N04R\": 5, \"A..N09R\": 16, \"C..N04R\": 77}","direction_id":"{\"0\": 98}","headsign":"{\"168 St\": 77, \"Inwood-207 St\": 21}","source":176,"target":175,"layer":"L","from":"50 St","to":"59 St-Columbus Circle"},"geometry":{"type":"LineString","coordinates":[[-73.985984,40.762456],[-73.981736,40.768296]]}},{"type":"Feature","properties":{"duration_avg":120.0,"n_vehicles":253,"d":654,"route_I_counts":"{\"12\": 24, \"14\": 74, \"16\": 155}","shape_id":"{\"C..S04R\": 74, \"E..S04R\": 21, \"E..S56R\": 3, \"E..S69R\": 42, \"E..S71R\": 89}","direction_id":"{\"1\": 253}","headsign":"{\"Euclid Av\": 74, \"Far Rockaway-Mott Av\": 18, \"Ozone Park-Lefferts Blvd\": 6, \"World Trade Center\": 155}","source":176,"target":232,"layer":"L","from":"50 St","to":"42 St-Bryant Pk"},"geometry":{"type":"LineString","coordinates":[[-73.985984,40.762456],[-73.984569,40.754222]]}},{"type":"Feature","properties":{"shape_id":"{\"C..S04R\": 75, \"E..S04R\": 21, \"E..S56R\": 3, \"E..S69R\": 42, \"E..S71R\": 89}","direction_id":"{\"1\": 254}","headsign":"{\"Euclid Av\": 75, \"Far Rockaway-Mott Av\": 18, \"Ozone Park-Lefferts Blvd\": 6, \"World Trade Center\": 155}","duration_avg":107.1259842519685,"n_vehicles":254,"d":811,"route_I_counts":"{\"12\": 24, \"14\": 75, \"16\": 155}","source":177,"target":178,"layer":"L","from":"34 St-Penn Station","to":"23 St"},"geometry":{"type":"LineString","coordinates":[[-73.993391,40.752287],[-73.998041,40.745906]]}},{"type":"Feature","properties":{"duration_avg":167.61467889908258,"n_vehicles":109,"d":1448,"route_I_counts":"{\"12\": 109}","shape_id":"{\"A..S87R\": 4}","direction_id":"{\"1\": 109}","headsign":"{\"Far Rockaway-Mott Av\": 52, \"Ozone Park-Lefferts Blvd\": 52, \"Rockaway Park-Beach 116 St\": 5}","source":177,"target":369,"layer":"L","from":"34 St-Penn Station","to":"8 Av"},"geometry":{"type":"LineString","coordinates":[[-73.993391,40.752287],[-74.002578,40.739777]]}},{"type":"Feature","properties":{"duration_avg":81.53631284916202,"n_vehicles":358,"d":638,"route_I_counts":"{\"12\": 123, \"14\": 77, \"16\": 158}","shape_id":"{\"A..N04R\": 5, \"A..N09R\": 16, \"A..N54R\": 53, \"A..N55R\": 49, \"C..N04R\": 77, \"E..N05R\": 17, \"E..N55R\": 2, \"E..N66R\": 96, \"E..N72R\": 41}","direction_id":"{\"0\": 358}","headsign":"{\"168 St\": 77, \"Inwood-207 St\": 123, \"Jamaica Center-Parsons/Archer\": 154, \"Jamaica-179 St\": 4}","source":177,"target":232,"layer":"L","from":"34 St-Penn Station","to":"42 St-Bryant Pk"},"geometry":{"type":"LineString","coordinates":[[-73.993391,40.752287],[-73.984569,40.754222]]}},{"type":"Feature","properties":{"duration_avg":118.59922178988327,"n_vehicles":257,"d":811,"route_I_counts":"{\"12\": 21, \"14\": 77, \"16\": 159}","shape_id":"{\"A..N04R\": 5, \"A..N09R\": 16, \"C..N04R\": 77, \"E..N05R\": 18, \"E..N55R\": 2, \"E..N66R\": 96, \"E..N72R\": 41}","direction_id":"{\"0\": 257}","headsign":"{\"168 St\": 77, \"Inwood-207 St\": 21, \"Jamaica Center-Parsons/Archer\": 155, \"Jamaica-179 St\": 4}","source":178,"target":177,"layer":"L","from":"23 St","to":"34 St-Penn Station"},"geometry":{"type":"LineString","coordinates":[[-73.998041,40.745906],[-73.993391,40.752287]]}},{"type":"Feature","properties":{"duration_avg":90.0,"n_vehicles":255,"d":637,"route_I_counts":"{\"12\": 24, \"14\": 75, \"16\": 156}","shape_id":"{\"C..S04R\": 75, \"E..S04R\": 21, \"E..S56R\": 3, \"E..S69R\": 42, \"E..S71R\": 90}","direction_id":"{\"1\": 255}","headsign":"{\"Euclid Av\": 75, \"Far Rockaway-Mott Av\": 18, \"Ozone Park-Lefferts Blvd\": 6, \"World Trade Center\": 156}","source":178,"target":369,"layer":"L","from":"23 St","to":"8 Av"},"geometry":{"type":"LineString","coordinates":[[-73.998041,40.745906],[-74.002578,40.739777]]}},{"type":"Feature","properties":{"shape_id":"{\"C..S04R\": 75, \"E..S04R\": 20, \"E..S56R\": 3, \"E..S69R\": 42, \"E..S71R\": 90}","direction_id":"{\"1\": 254}","headsign":"{\"Euclid Av\": 75, \"Far Rockaway-Mott Av\": 18, \"Ozone Park-Lefferts Blvd\": 6, \"World Trade Center\": 155}","duration_avg":90.0,"n_vehicles":254,"d":733,"route_I_counts":"{\"12\": 24, \"14\": 75, \"16\": 155}","source":179,"target":180,"layer":"L","from":"W 4 St-Wash Sq","to":"Spring St"},"geometry":{"type":"LineString","coordinates":[[-74.000495,40.732338],[-74.003739,40.726227]]}},{"type":"Feature","properties":{"shape_id":"{\"A..S87R\": 4}","direction_id":"{\"1\": 110}","headsign":"{\"Far Rockaway-Mott Av\": 53, \"Ozone Park-Lefferts Blvd\": 52, \"Rockaway Park-Beach 116 St\": 5}","duration_avg":150.0,"n_vehicles":110,"d":1342,"route_I_counts":"{\"12\": 110}","source":179,"target":181,"layer":"L","from":"W 4 St-Wash Sq","to":"Canal St"},"geometry":{"type":"LineString","coordinates":[[-74.000495,40.732338],[-74.005229,40.720824]]}},{"type":"Feature","properties":{"duration_avg":142.2942643391521,"n_vehicles":401,"d":863,"route_I_counts":"{\"13\": 76, \"15\": 107, \"17\": 144, \"18\": 2, \"23\": 72}","shape_id":"{\"B..S45R\": 21, \"B..S46R\": 55, \"D..S05R\": 23, \"D..S07R\": 84, \"F..S68R\": 23, \"F..S69R\": 121, \"F..S72R\": 2, \"M..S20R\": 72}","direction_id":"{\"1\": 401}","headsign":"{\"Brighton Beach\": 76, \"Coney Island-Stillwell Av\": 230, \"Kings Hwy\": 23, \"Middle Village-Metropolitan Av\": 72}","source":179,"target":234,"layer":"L","from":"W 4 St-Wash Sq","to":"Broadway-Lafayette St"},"geometry":{"type":"LineString","coordinates":[[-74.000495,40.732338],[-73.996204,40.725297]]}},{"type":"Feature","properties":{"duration_avg":180.0,"n_vehicles":173,"d":2210,"route_I_counts":"{\"13\": 70, \"15\": 103}","shape_id":"{\"B..N45R\": 17, \"B..N46R\": 53, \"D..N05R\": 41, \"D..N07R\": 42, \"D..N14R\": 18, \"D..N16R\": 2}","direction_id":"{\"0\": 173}","headsign":"{\"145 St\": 53, \"Bedford Park Blvd\": 17, \"Norwood-205 St\": 103}","source":179,"target":233,"layer":"L","from":"W 4 St-Wash Sq","to":"34 St-Herald Sq"},"geometry":{"type":"LineString","coordinates":[[-74.000495,40.732338],[-73.987823,40.749719]]}},{"type":"Feature","properties":{"duration_avg":144.77528089887642,"n_vehicles":356,"d":957,"route_I_counts":"{\"12\": 122, \"14\": 76, \"16\": 158}","shape_id":"{\"A..N04R\": 5, \"A..N09R\": 16, \"A..N54R\": 52, \"A..N55R\": 49, \"C..N04R\": 76, \"E..N05R\": 18, \"E..N55R\": 2, \"E..N66R\": 95, \"E..N72R\": 41}","direction_id":"{\"0\": 356}","headsign":"{\"168 St\": 76, \"Inwood-207 St\": 122, \"Jamaica Center-Parsons/Archer\": 154, \"Jamaica-179 St\": 4}","source":179,"target":369,"layer":"L","from":"W 4 St-Wash Sq","to":"8 Av"},"geometry":{"type":"LineString","coordinates":[[-74.000495,40.732338],[-74.002578,40.739777]]}},{"type":"Feature","properties":{"duration_avg":117.73333333333333,"n_vehicles":225,"d":748,"route_I_counts":"{\"17\": 154, \"23\": 71}","shape_id":"{\"F..N68R\": 27, \"F..N69R\": 127, \"M..N20R\": 71}","direction_id":"{\"0\": 225}","headsign":"{\"Forest Hills-71 Av\": 71, \"Jamaica-179 St\": 154}","source":179,"target":368,"layer":"L","from":"W 4 St-Wash Sq","to":"6 Av"},"geometry":{"type":"LineString","coordinates":[[-74.000495,40.732338],[-73.996786,40.737335]]}},{"type":"Feature","properties":{"shape_id":"{\"C..S04R\": 75, \"E..S04R\": 20, \"E..S56R\": 3, \"E..S69R\": 42, \"E..S71R\": 91}","direction_id":"{\"1\": 255}","headsign":"{\"Euclid Av\": 75, \"Far Rockaway-Mott Av\": 18, \"Ozone Park-Lefferts Blvd\": 6, \"World Trade Center\": 156}","duration_avg":90.0,"n_vehicles":255,"d":614,"route_I_counts":"{\"12\": 24, \"14\": 75, \"16\": 156}","source":180,"target":181,"layer":"L","from":"Spring St","to":"Canal St"},"geometry":{"type":"LineString","coordinates":[[-74.003739,40.726227],[-74.005229,40.720824]]}},{"type":"Feature","properties":{"duration_avg":120.0,"n_vehicles":255,"d":733,"route_I_counts":"{\"12\": 21, \"14\": 76, \"16\": 158}","shape_id":"{\"A..N04R\": 5, \"A..N09R\": 16, \"C..N04R\": 76, \"E..N05R\": 18, \"E..N55R\": 2, \"E..N66R\": 95, \"E..N72R\": 41}","direction_id":"{\"0\": 255}","headsign":"{\"168 St\": 76, \"Inwood-207 St\": 21, \"Jamaica Center-Parsons/Archer\": 154, \"Jamaica-179 St\": 4}","source":180,"target":179,"layer":"L","from":"Spring St","to":"W 4 St-Wash Sq"},"geometry":{"type":"LineString","coordinates":[[-74.003739,40.726227],[-74.000495,40.732338]]}},{"type":"Feature","properties":{"duration_avg":150.0,"n_vehicles":101,"d":1342,"route_I_counts":"{\"12\": 101}","shape_id":"{\"A..N54R\": 52, \"A..N55R\": 49}","direction_id":"{\"0\": 101}","headsign":"{\"Inwood-207 St\": 101}","source":181,"target":179,"layer":"L","from":"Canal St","to":"W 4 St-Wash Sq"},"geometry":{"type":"LineString","coordinates":[[-74.005229,40.720824],[-74.000495,40.732338]]}},{"type":"Feature","properties":{"duration_avg":90.0,"n_vehicles":254,"d":614,"route_I_counts":"{\"12\": 21, \"14\": 76, \"16\": 157}","shape_id":"{\"A..N04R\": 5, \"A..N09R\": 16, \"C..N04R\": 76, \"E..N05R\": 18, \"E..N55R\": 2, \"E..N66R\": 94, \"E..N72R\": 41}","direction_id":"{\"0\": 254}","headsign":"{\"168 St\": 76, \"Inwood-207 St\": 21, \"Jamaica Center-Parsons/Archer\": 153, \"Jamaica-179 St\": 4}","source":181,"target":180,"layer":"L","from":"Canal St","to":"Spring St"},"geometry":{"type":"LineString","coordinates":[[-74.005229,40.720824],[-74.003739,40.726227]]}},{"type":"Feature","properties":{"duration_avg":120.0,"n_vehicles":366,"d":799,"route_I_counts":"{\"12\": 135, \"14\": 75, \"16\": 156}","shape_id":"{\"A..S87R\": 4, \"C..S04R\": 75, \"E..S04R\": 20, \"E..S56R\": 3, \"E..S69R\": 42, \"E..S71R\": 91}","direction_id":"{\"1\": 366}","headsign":"{\"Euclid Av\": 75, \"Far Rockaway-Mott Av\": 71, \"Ozone Park-Lefferts Blvd\": 59, \"Rockaway Park-Beach 116 St\": 5, \"World Trade Center\": 156}","source":181,"target":56,"layer":"L","from":"Canal St","to":"Park Place"},"geometry":{"type":"LineString","coordinates":[[-74.005229,40.720824],[-74.008811,40.713051]]}},{"type":"Feature","properties":{"shape_id":"{\"A..S87R\": 4, \"C..S04R\": 76}","direction_id":"{\"1\": 211}","headsign":"{\"Euclid Av\": 76, \"Far Rockaway-Mott Av\": 71, \"Ozone Park-Lefferts Blvd\": 59, \"Rockaway Park-Beach 116 St\": 5}","duration_avg":188.1042654028436,"n_vehicles":211,"d":1886,"route_I_counts":"{\"12\": 135, \"14\": 76}","source":182,"target":183,"layer":"L","from":"Fulton St","to":"High St"},"geometry":{"type":"LineString","coordinates":[[-74.007691,40.710197],[-73.990531,40.699337]]}},{"type":"Feature","properties":{"duration_avg":131.2826086956522,"n_vehicles":427,"d":442,"route_I_counts":"{\"12\": 121, \"14\": 76, \"2\": 128, \"3\": 102}","shape_id":"{\"A..N04R\": 5, \"A..N09R\": 16, \"A..N54R\": 52, \"A..N55R\": 48, \"C..N04R\": 76, \"2..N01R\": 110, \"2..N03R\": 5, \"2..N08R\": 13, \"3..N01R\": 102}","direction_id":"{\"0\": 427}","headsign":"{\"168 St\": 76, \"Inwood-207 St\": 121, \"Harlem-148 St\": 102, \"Wakefield-241 St\": 128}","source":182,"target":56,"layer":"L","from":"Fulton St","to":"Park Place"},"geometry":{"type":"LineString","coordinates":[[-74.007691,40.710197],[-74.008811,40.713051]]}},{"type":"Feature","properties":{"duration_avg":93.20388349514563,"n_vehicles":103,"d":523,"route_I_counts":"{\"21\": 103}","shape_id":"{\"J..S12R\": 78, \"J..S13R\": 20, \"J..S54R\": 5}","direction_id":"{\"1\": 103}","headsign":"{\"Broad St\": 103}","source":182,"target":346,"layer":"L","from":"Fulton St","to":"Broad St"},"geometry":{"type":"LineString","coordinates":[[-74.007691,40.710197],[-74.011056,40.706476]]}},{"type":"Feature","properties":{"duration_avg":93.84615384615384,"n_vehicles":234,"d":370,"route_I_counts":"{\"4\": 136, \"5\": 98}","shape_id":"{\"4..S01R\": 16, \"4..S03R\": 2, \"4..S05R\": 2, \"4..S06R\": 95, \"4..S13R\": 12, \"4..S28R\": 9, \"5..S02R\": 2, \"5..S03R\": 74, \"5..S07R\": 8, \"5..S08R\": 9, \"5..S12R\": 2, \"5..S21R\": 2}","direction_id":"{\"1\": 234}","headsign":"{\"Bowling Green\": 12, \"Crown Hts-Utica Av\": 116, \"Flatbush Av-Brooklyn College\": 76, \"New Lots Av\": 30}","source":182,"target":101,"layer":"L","from":"Fulton St","to":"Wall St"},"geometry":{"type":"LineString","coordinates":[[-74.007691,40.710197],[-74.011862,40.707557]]}},{"type":"Feature","properties":{"duration_avg":106.57142857142857,"n_vehicles":351,"d":544,"route_I_counts":"{\"4\": 141, \"5\": 105, \"21\": 99, \"29\": 6}","shape_id":"{\"4..N01R\": 11, \"4..N06R\": 91, \"4..N13R\": 11, \"4..N34R\": 15, \"4..N43R\": 9, \"4..N64R\": 3, \"5..N06R\": 1, \"5..N31R\": 1}","direction_id":"{\"0\": 351}","headsign":"{\"Bedford Park Blvd-Lehman College\": 4, \"Burnside Av\": 9, \"E 180 St\": 1, \"Eastchester-Dyre Av\": 92, \"Nereid Av\": 12, \"Woodlawn\": 128, \"Jamaica Center-Parsons/Archer\": 105}","source":182,"target":100,"layer":"L","from":"Fulton St","to":"Brooklyn Bridge-City Hall"},"geometry":{"type":"LineString","coordinates":[[-74.007691,40.710197],[-74.004131,40.713065]]}},{"type":"Feature","properties":{"duration_avg":90.13888888888889,"n_vehicles":216,"d":359,"route_I_counts":"{\"2\": 122, \"3\": 94}","shape_id":"{\"2..S01R\": 108, \"2..S03R\": 1, \"2..S08R\": 13, \"3..S01R\": 93, \"3..S03R\": 1}","direction_id":"{\"1\": 216}","headsign":"{\"Flatbush Av-Brooklyn College\": 121, \"New Lots Av\": 95}","source":182,"target":57,"layer":"L","from":"Fulton St","to":"Wall St"},"geometry":{"type":"LineString","coordinates":[[-74.007691,40.710197],[-74.0091,40.706821]]}},{"type":"Feature","properties":{"shape_id":"{\"A..S87R\": 4, \"C..S04R\": 76}","direction_id":"{\"1\": 210}","headsign":"{\"Euclid Av\": 76, \"Far Rockaway-Mott Av\": 70, \"Ozone Park-Lefferts Blvd\": 59, \"Rockaway Park-Beach 116 St\": 5}","duration_avg":120.0,"n_vehicles":210,"d":824,"route_I_counts":"{\"12\": 134, \"14\": 76}","source":183,"target":184,"layer":"L","from":"High St","to":"Jay St-MetroTech"},"geometry":{"type":"LineString","coordinates":[[-73.990531,40.699337],[-73.987342,40.692338]]}},{"type":"Feature","properties":{"duration_avg":183.6548223350254,"n_vehicles":197,"d":1886,"route_I_counts":"{\"12\": 122, \"14\": 75}","shape_id":"{\"A..N04R\": 5, \"A..N09R\": 17, \"A..N54R\": 52, \"A..N55R\": 48, \"C..N04R\": 75}","direction_id":"{\"0\": 197}","headsign":"{\"168 St\": 75, \"Inwood-207 St\": 122}","source":183,"target":182,"layer":"L","from":"High St","to":"Fulton St"},"geometry":{"type":"LineString","coordinates":[[-73.990531,40.699337],[-74.007691,40.710197]]}},{"type":"Feature","properties":{"shape_id":"{\"A..S87R\": 4, \"C..S04R\": 76}","direction_id":"{\"1\": 211}","headsign":"{\"Euclid Av\": 76, \"Far Rockaway-Mott Av\": 71, \"Ozone Park-Lefferts Blvd\": 59, \"Rockaway Park-Beach 116 St\": 5}","duration_avg":94.54976303317535,"n_vehicles":211,"d":472,"route_I_counts":"{\"12\": 135, \"14\": 76}","source":184,"target":185,"layer":"L","from":"Jay St-MetroTech","to":"Hoyt-Schermerhorn Sts"},"geometry":{"type":"LineString","coordinates":[[-73.987342,40.692338],[-73.985001,40.688484]]}},{"type":"Feature","properties":{"shape_id":"{\"F..S68R\": 24, \"F..S69R\": 122}","direction_id":"{\"1\": 146}","headsign":"{\"Coney Island-Stillwell Av\": 122, \"Kings Hwy\": 24}","duration_avg":177.53424657534248,"n_vehicles":146,"d":750,"route_I_counts":"{\"17\": 146}","source":184,"target":294,"layer":"L","from":"Jay St-MetroTech","to":"Bergen St"},"geometry":{"type":"LineString","coordinates":[[-73.987342,40.692338],[-73.990862,40.686145]]}},{"type":"Feature","properties":{"duration_avg":120.0,"n_vehicles":197,"d":824,"route_I_counts":"{\"12\": 122, \"14\": 75}","shape_id":"{\"A..N04R\": 5, \"A..N09R\": 17, \"A..N54R\": 52, \"A..N55R\": 48, \"C..N04R\": 75}","direction_id":"{\"0\": 197}","headsign":"{\"168 St\": 75, \"Inwood-207 St\": 122}","source":184,"target":183,"layer":"L","from":"Jay St-MetroTech","to":"High St"},"geometry":{"type":"LineString","coordinates":[[-73.987342,40.692338],[-73.990531,40.699337]]}},{"type":"Feature","properties":{"duration_avg":90.0,"n_vehicles":153,"d":1009,"route_I_counts":"{\"17\": 153}","shape_id":"{\"F..N68R\": 27, \"F..N69R\": 126}","direction_id":"{\"0\": 153}","headsign":"{\"Jamaica-179 St\": 153}","source":184,"target":293,"layer":"L","from":"Jay St-MetroTech","to":"York St"},"geometry":{"type":"LineString","coordinates":[[-73.987342,40.692338],[-73.986751,40.701397]]}},{"type":"Feature","properties":{"duration_avg":111.19047619047619,"n_vehicles":126,"d":387,"route_I_counts":"{\"24\": 18, \"26\": 106, \"28\": 2}","shape_id":"{\"N..S20R\": 18}","direction_id":"{\"1\": 126}","headsign":"{\"86 St\": 2, \"Bay Ridge-95 St\": 106, \"Coney Island-Stillwell Av\": 18}","source":184,"target":236,"layer":"L","from":"Jay St-MetroTech","to":"DeKalb Av"},"geometry":{"type":"LineString","coordinates":[[-73.987342,40.692338],[-73.981824,40.690635]]}},{"type":"Feature","properties":{"duration_avg":110.69767441860465,"n_vehicles":129,"d":536,"route_I_counts":"{\"24\": 20, \"26\": 108, \"28\": 1}","shape_id":"{\"N..N20R\": 20, \"R..N93R\": 86, \"R..N96R\": 4}","direction_id":"{\"0\": 129}","headsign":"{\"Astoria-Ditmars Blvd\": 21, \"Forest Hills-71 Av\": 90, \"Whitehall St-South Ferry\": 18}","source":184,"target":103,"layer":"L","from":"Jay St-MetroTech","to":"Borough Hall"},"geometry":{"type":"LineString","coordinates":[[-73.987342,40.692338],[-73.990151,40.692404]]}},{"type":"Feature","properties":{"shape_id":"{\"C..S04R\": 77}","direction_id":"{\"1\": 100}","headsign":"{\"Euclid Av\": 77, \"Far Rockaway-Mott Av\": 17, \"Ozone Park-Lefferts Blvd\": 6}","duration_avg":120.0,"n_vehicles":100,"d":969,"route_I_counts":"{\"12\": 23, \"14\": 77}","source":185,"target":186,"layer":"L","from":"Hoyt-Schermerhorn Sts","to":"Lafayette Av"},"geometry":{"type":"LineString","coordinates":[[-73.985001,40.688484],[-73.973946,40.686113]]}},{"type":"Feature","properties":{"shape_id":"{\"A..S87R\": 4}","direction_id":"{\"1\": 112}","headsign":"{\"Far Rockaway-Mott Av\": 54, \"Ozone Park-Lefferts Blvd\": 53, \"Rockaway Park-Beach 116 St\": 5}","duration_avg":293.0357142857143,"n_vehicles":112,"d":3052,"route_I_counts":"{\"12\": 112}","source":185,"target":189,"layer":"L","from":"Hoyt-Schermerhorn Sts","to":"Nostrand Av"},"geometry":{"type":"LineString","coordinates":[[-73.985001,40.688484],[-73.950426,40.680438]]}},{"type":"Feature","properties":{"shape_id":"{}","direction_id":"{\"1\": 108}","headsign":"{\"Church Av\": 108}","duration_avg":95.83333333333333,"n_vehicles":108,"d":559,"route_I_counts":"{\"20\": 108}","source":185,"target":294,"layer":"L","from":"Hoyt-Schermerhorn Sts","to":"Bergen St"},"geometry":{"type":"LineString","coordinates":[[-73.985001,40.688484],[-73.990862,40.686145]]}},{"type":"Feature","properties":{"duration_avg":90.0,"n_vehicles":197,"d":472,"route_I_counts":"{\"12\": 122, \"14\": 75}","shape_id":"{\"A..N04R\": 5, \"A..N09R\": 17, \"A..N54R\": 52, \"A..N55R\": 48, \"C..N04R\": 75}","direction_id":"{\"0\": 197}","headsign":"{\"168 St\": 75, \"Inwood-207 St\": 122}","source":185,"target":184,"layer":"L","from":"Hoyt-Schermerhorn Sts","to":"Jay St-MetroTech"},"geometry":{"type":"LineString","coordinates":[[-73.985001,40.688484],[-73.987342,40.692338]]}},{"type":"Feature","properties":{"duration_avg":98.85714285714286,"n_vehicles":105,"d":826,"route_I_counts":"{\"20\": 105}","shape_id":"{}","direction_id":"{\"0\": 105}","headsign":"{\"Court Sq\": 105}","source":185,"target":323,"layer":"L","from":"Hoyt-Schermerhorn Sts","to":"Fulton St"},"geometry":{"type":"LineString","coordinates":[[-73.985001,40.688484],[-73.975375,40.687119]]}},{"type":"Feature","properties":{"shape_id":"{\"C..S04R\": 77}","direction_id":"{\"1\": 100}","headsign":"{\"Euclid Av\": 77, \"Far Rockaway-Mott Av\": 17, \"Ozone Park-Lefferts Blvd\": 6}","duration_avg":100.8,"n_vehicles":100,"d":754,"route_I_counts":"{\"12\": 23, \"14\": 77}","source":186,"target":187,"layer":"L","from":"Lafayette Av","to":"Clinton-Washington Avs"},"geometry":{"type":"LineString","coordinates":[[-73.973946,40.686113],[-73.965838,40.683263]]}},{"type":"Feature","properties":{"duration_avg":111.34020618556701,"n_vehicles":97,"d":969,"route_I_counts":"{\"12\": 22, \"14\": 75}","shape_id":"{\"A..N04R\": 5, \"A..N09R\": 17, \"C..N04R\": 75}","direction_id":"{\"0\": 97}","headsign":"{\"168 St\": 75, \"Inwood-207 St\": 22}","source":186,"target":185,"layer":"L","from":"Lafayette Av","to":"Hoyt-Schermerhorn Sts"},"geometry":{"type":"LineString","coordinates":[[-73.973946,40.686113],[-73.985001,40.688484]]}},{"type":"Feature","properties":{"shape_id":"{\"C..S04R\": 77}","direction_id":"{\"1\": 100}","headsign":"{\"Euclid Av\": 77, \"Far Rockaway-Mott Av\": 17, \"Ozone Park-Lefferts Blvd\": 6}","duration_avg":90.0,"n_vehicles":100,"d":787,"route_I_counts":"{\"12\": 23, \"14\": 77}","source":187,"target":188,"layer":"L","from":"Clinton-Washington Avs","to":"Franklin Av"},"geometry":{"type":"LineString","coordinates":[[-73.965838,40.683263],[-73.956848,40.68138]]}},{"type":"Feature","properties":{"duration_avg":90.0,"n_vehicles":97,"d":754,"route_I_counts":"{\"12\": 22, \"14\": 75}","shape_id":"{\"A..N04R\": 5, \"A..N09R\": 17, \"C..N04R\": 75}","direction_id":"{\"0\": 97}","headsign":"{\"168 St\": 75, \"Inwood-207 St\": 22}","source":187,"target":186,"layer":"L","from":"Clinton-Washington Avs","to":"Lafayette Av"},"geometry":{"type":"LineString","coordinates":[[-73.965838,40.683263],[-73.973946,40.686113]]}},{"type":"Feature","properties":{"shape_id":"{\"C..S04R\": 77}","direction_id":"{\"1\": 100}","headsign":"{\"Euclid Av\": 77, \"Far Rockaway-Mott Av\": 17, \"Ozone Park-Lefferts Blvd\": 6}","duration_avg":70.8,"n_vehicles":100,"d":552,"route_I_counts":"{\"12\": 23, \"14\": 77}","source":188,"target":189,"layer":"L","from":"Franklin Av","to":"Nostrand Av"},"geometry":{"type":"LineString","coordinates":[[-73.956848,40.68138],[-73.950426,40.680438]]}},{"type":"Feature","properties":{"duration_avg":90.0,"n_vehicles":96,"d":787,"route_I_counts":"{\"12\": 22, \"14\": 74}","shape_id":"{\"A..N04R\": 5, \"A..N09R\": 17, \"C..N04R\": 74}","direction_id":"{\"0\": 96}","headsign":"{\"168 St\": 74, \"Inwood-207 St\": 22}","source":188,"target":187,"layer":"L","from":"Franklin Av","to":"Clinton-Washington Avs"},"geometry":{"type":"LineString","coordinates":[[-73.956848,40.68138],[-73.965838,40.683263]]}},{"type":"Feature","properties":{"duration_avg":120.0,"n_vehicles":92,"d":665,"route_I_counts":"{\"19\": 92}","shape_id":"{\"FS.S01R\": 92}","direction_id":"{\"1\": 92}","headsign":"{\"Prospect Park\": 92}","source":188,"target":313,"layer":"L","from":"Franklin Av","to":"Park Pl"},"geometry":{"type":"LineString","coordinates":[[-73.956848,40.68138],[-73.957624,40.674772]]}},{"type":"Feature","properties":{"shape_id":"{\"C..S04R\": 77}","direction_id":"{\"1\": 100}","headsign":"{\"Euclid Av\": 77, \"Far Rockaway-Mott Av\": 17, \"Ozone Park-Lefferts Blvd\": 6}","duration_avg":109.2,"n_vehicles":100,"d":809,"route_I_counts":"{\"12\": 23, \"14\": 77}","source":189,"target":190,"layer":"L","from":"Nostrand Av","to":"Kingston-Throop Avs"},"geometry":{"type":"LineString","coordinates":[[-73.950426,40.680438],[-73.940858,40.679921]]}},{"type":"Feature","properties":{"shape_id":"{\"A..S87R\": 4}","direction_id":"{\"1\": 113}","headsign":"{\"Far Rockaway-Mott Av\": 54, \"Ozone Park-Lefferts Blvd\": 54, \"Rockaway Park-Beach 116 St\": 5}","duration_avg":143.09734513274336,"n_vehicles":113,"d":1667,"route_I_counts":"{\"12\": 113}","source":189,"target":191,"layer":"L","from":"Nostrand Av","to":"Utica Av"},"geometry":{"type":"LineString","coordinates":[[-73.950426,40.680438],[-73.930729,40.679364]]}},{"type":"Feature","properties":{"duration_avg":60.0,"n_vehicles":96,"d":552,"route_I_counts":"{\"12\": 22, \"14\": 74}","shape_id":"{\"A..N04R\": 5, \"A..N09R\": 17, \"C..N04R\": 74}","direction_id":"{\"0\": 96}","headsign":"{\"168 St\": 74, \"Inwood-207 St\": 22}","source":189,"target":188,"layer":"L","from":"Nostrand Av","to":"Franklin Av"},"geometry":{"type":"LineString","coordinates":[[-73.950426,40.680438],[-73.956848,40.68138]]}},{"type":"Feature","properties":{"duration_avg":300.0,"n_vehicles":99,"d":3052,"route_I_counts":"{\"12\": 99}","shape_id":"{\"A..N54R\": 51, \"A..N55R\": 48}","direction_id":"{\"0\": 99}","headsign":"{\"Inwood-207 St\": 99}","source":189,"target":185,"layer":"L","from":"Nostrand Av","to":"Hoyt-Schermerhorn Sts"},"geometry":{"type":"LineString","coordinates":[[-73.950426,40.680438],[-73.985001,40.688484]]}},{"type":"Feature","properties":{"shape_id":"{\"C..S04R\": 78}","direction_id":"{\"1\": 101}","headsign":"{\"Euclid Av\": 78, \"Far Rockaway-Mott Av\": 17, \"Ozone Park-Lefferts Blvd\": 6}","duration_avg":100.99009900990099,"n_vehicles":101,"d":857,"route_I_counts":"{\"12\": 23, \"14\": 78}","source":190,"target":191,"layer":"L","from":"Kingston-Throop Avs","to":"Utica Av"},"geometry":{"type":"LineString","coordinates":[[-73.940858,40.679921],[-73.930729,40.679364]]}},{"type":"Feature","properties":{"duration_avg":111.25,"n_vehicles":96,"d":809,"route_I_counts":"{\"12\": 22, \"14\": 74}","shape_id":"{\"A..N04R\": 5, \"A..N09R\": 17, \"C..N04R\": 74}","direction_id":"{\"0\": 96}","headsign":"{\"168 St\": 74, \"Inwood-207 St\": 22}","source":190,"target":189,"layer":"L","from":"Kingston-Throop Avs","to":"Nostrand Av"},"geometry":{"type":"LineString","coordinates":[[-73.940858,40.679921],[-73.950426,40.680438]]}},{"type":"Feature","properties":{"shape_id":"{\"C..S04R\": 78}","direction_id":"{\"1\": 101}","headsign":"{\"Euclid Av\": 78, \"Far Rockaway-Mott Av\": 17, \"Ozone Park-Lefferts Blvd\": 6}","duration_avg":120.0,"n_vehicles":101,"d":841,"route_I_counts":"{\"12\": 23, \"14\": 78}","source":191,"target":192,"layer":"L","from":"Utica Av","to":"Ralph Av"},"geometry":{"type":"LineString","coordinates":[[-73.930729,40.679364],[-73.920786,40.678822]]}},{"type":"Feature","properties":{"shape_id":"{\"A..S87R\": 4}","direction_id":"{\"1\": 113}","headsign":"{\"Far Rockaway-Mott Av\": 54, \"Ozone Park-Lefferts Blvd\": 54, \"Rockaway Park-Beach 116 St\": 5}","duration_avg":213.71681415929203,"n_vehicles":113,"d":2148,"route_I_counts":"{\"12\": 113}","source":191,"target":194,"layer":"L","from":"Utica Av","to":"Broadway Junction"},"geometry":{"type":"LineString","coordinates":[[-73.930729,40.679364],[-73.905316,40.678334]]}},{"type":"Feature","properties":{"duration_avg":90.0,"n_vehicles":96,"d":857,"route_I_counts":"{\"12\": 22, \"14\": 74}","shape_id":"{\"A..N04R\": 5, \"A..N09R\": 17, \"C..N04R\": 74}","direction_id":"{\"0\": 96}","headsign":"{\"168 St\": 74, \"Inwood-207 St\": 22}","source":191,"target":190,"layer":"L","from":"Utica Av","to":"Kingston-Throop Avs"},"geometry":{"type":"LineString","coordinates":[[-73.930729,40.679364],[-73.940858,40.679921]]}},{"type":"Feature","properties":{"duration_avg":180.0,"n_vehicles":98,"d":1667,"route_I_counts":"{\"12\": 98}","shape_id":"{\"A..N54R\": 50, \"A..N55R\": 48}","direction_id":"{\"0\": 98}","headsign":"{\"Inwood-207 St\": 98}","source":191,"target":189,"layer":"L","from":"Utica Av","to":"Nostrand Av"},"geometry":{"type":"LineString","coordinates":[[-73.930729,40.679364],[-73.950426,40.680438]]}},{"type":"Feature","properties":{"shape_id":"{\"C..S04R\": 78}","direction_id":"{\"1\": 101}","headsign":"{\"Euclid Av\": 78, \"Far Rockaway-Mott Av\": 17, \"Ozone Park-Lefferts Blvd\": 6}","duration_avg":90.0,"n_vehicles":101,"d":748,"route_I_counts":"{\"12\": 23, \"14\": 78}","source":192,"target":193,"layer":"L","from":"Ralph Av","to":"Rockaway Av"},"geometry":{"type":"LineString","coordinates":[[-73.920786,40.678822],[-73.911946,40.67834]]}},{"type":"Feature","properties":{"duration_avg":90.0,"n_vehicles":96,"d":841,"route_I_counts":"{\"12\": 22, \"14\": 74}","shape_id":"{\"A..N04R\": 5, \"A..N09R\": 17, \"C..N04R\": 74}","direction_id":"{\"0\": 96}","headsign":"{\"168 St\": 74, \"Inwood-207 St\": 22}","source":192,"target":191,"layer":"L","from":"Ralph Av","to":"Utica Av"},"geometry":{"type":"LineString","coordinates":[[-73.920786,40.678822],[-73.930729,40.679364]]}},{"type":"Feature","properties":{"shape_id":"{\"C..S04R\": 78}","direction_id":"{\"1\": 101}","headsign":"{\"Euclid Av\": 78, \"Far Rockaway-Mott Av\": 17, \"Ozone Park-Lefferts Blvd\": 6}","duration_avg":90.0,"n_vehicles":101,"d":559,"route_I_counts":"{\"12\": 23, \"14\": 78}","source":193,"target":194,"layer":"L","from":"Rockaway Av","to":"Broadway Junction"},"geometry":{"type":"LineString","coordinates":[[-73.911946,40.67834],[-73.905316,40.678334]]}},{"type":"Feature","properties":{"duration_avg":120.0,"n_vehicles":96,"d":748,"route_I_counts":"{\"12\": 22, \"14\": 74}","shape_id":"{\"A..N04R\": 5, \"A..N09R\": 17, \"C..N04R\": 74}","direction_id":"{\"0\": 96}","headsign":"{\"168 St\": 74, \"Inwood-207 St\": 22}","source":193,"target":192,"layer":"L","from":"Rockaway Av","to":"Ralph Av"},"geometry":{"type":"LineString","coordinates":[[-73.911946,40.67834],[-73.920786,40.678822]]}},{"type":"Feature","properties":{"shape_id":"{\"C..S04R\": 79}","direction_id":"{\"1\": 102}","headsign":"{\"Euclid Av\": 79, \"Far Rockaway-Mott Av\": 17, \"Ozone Park-Lefferts Blvd\": 6}","duration_avg":120.0,"n_vehicles":102,"d":852,"route_I_counts":"{\"12\": 23, \"14\": 79}","source":194,"target":195,"layer":"L","from":"Broadway Junction","to":"Liberty Av"},"geometry":{"type":"LineString","coordinates":[[-73.905316,40.678334],[-73.896548,40.674542]]}},{"type":"Feature","properties":{"shape_id":"{\"A..S87R\": 4}","direction_id":"{\"1\": 114}","headsign":"{\"Far Rockaway-Mott Av\": 55, \"Ozone Park-Lefferts Blvd\": 54, \"Rockaway Park-Beach 116 St\": 5}","duration_avg":252.6315789473684,"n_vehicles":114,"d":2822,"route_I_counts":"{\"12\": 114}","source":194,"target":198,"layer":"L","from":"Broadway Junction","to":"Euclid Av"},"geometry":{"type":"LineString","coordinates":[[-73.905316,40.678334],[-73.872106,40.675377]]}},{"type":"Feature","properties":{"duration_avg":206.3265306122449,"n_vehicles":98,"d":2148,"route_I_counts":"{\"12\": 98}","shape_id":"{\"A..N54R\": 50, \"A..N55R\": 48}","direction_id":"{\"0\": 98}","headsign":"{\"Inwood-207 St\": 98}","source":194,"target":191,"layer":"L","from":"Broadway Junction","to":"Utica Av"},"geometry":{"type":"LineString","coordinates":[[-73.905316,40.678334],[-73.930729,40.679364]]}},{"type":"Feature","properties":{"duration_avg":60.0,"n_vehicles":96,"d":559,"route_I_counts":"{\"12\": 22, \"14\": 74}","shape_id":"{\"A..N04R\": 5, \"A..N09R\": 17, \"C..N04R\": 74}","direction_id":"{\"0\": 96}","headsign":"{\"168 St\": 74, \"Inwood-207 St\": 22}","source":194,"target":193,"layer":"L","from":"Broadway Junction","to":"Rockaway Av"},"geometry":{"type":"LineString","coordinates":[[-73.905316,40.678334],[-73.911946,40.67834]]}},{"type":"Feature","properties":{"duration_avg":90.0,"n_vehicles":102,"d":628,"route_I_counts":"{\"21\": 102}","shape_id":"{\"J..S12R\": 80, \"J..S13R\": 17, \"J..S54R\": 5}","direction_id":"{\"1\": 102}","headsign":"{\"Broad St\": 102}","source":194,"target":336,"layer":"L","from":"Broadway Junction","to":"Chauncey St"},"geometry":{"type":"LineString","coordinates":[[-73.905316,40.678334],[-73.910456,40.682893]]}},{"type":"Feature","properties":{"duration_avg":116.88679245283019,"n_vehicles":106,"d":567,"route_I_counts":"{\"21\": 100, \"29\": 6}","shape_id":"{}","direction_id":"{\"0\": 106}","headsign":"{\"Jamaica Center-Parsons/Archer\": 106}","source":194,"target":335,"layer":"L","from":"Broadway Junction","to":"Alabama Av"},"geometry":{"type":"LineString","coordinates":[[-73.905316,40.678334],[-73.898654,40.676992]]}},{"type":"Feature","properties":{"duration_avg":60.0,"n_vehicles":202,"d":473,"route_I_counts":"{\"22\": 202}","shape_id":"{\"L..N01R\": 196, \"L..N02R\": 6}","direction_id":"{\"0\": 202}","headsign":"{\"8 Av\": 202}","source":194,"target":353,"layer":"L","from":"Broadway Junction","to":"Bushwick Av-Aberdeen St"},"geometry":{"type":"LineString","coordinates":[[-73.905316,40.678334],[-73.905249,40.682829]]}},{"type":"Feature","properties":{"duration_avg":77.38317757009345,"n_vehicles":214,"d":391,"route_I_counts":"{\"22\": 214}","shape_id":"{\"L..S01R\": 214}","direction_id":"{\"1\": 214}","headsign":"{\"Canarsie-Rockaway Pkwy\": 214}","source":194,"target":352,"layer":"L","from":"Broadway Junction","to":"Atlantic Av"},"geometry":{"type":"LineString","coordinates":[[-73.905316,40.678334],[-73.903097,40.675345]]}},{"type":"Feature","properties":{"shape_id":"{\"C..S04R\": 79}","direction_id":"{\"1\": 101}","headsign":"{\"Euclid Av\": 79, \"Far Rockaway-Mott Av\": 16, \"Ozone Park-Lefferts Blvd\": 6}","duration_avg":90.0,"n_vehicles":101,"d":560,"route_I_counts":"{\"12\": 22, \"14\": 79}","source":195,"target":196,"layer":"L","from":"Liberty Av","to":"Van Siclen Av"},"geometry":{"type":"LineString","coordinates":[[-73.896548,40.674542],[-73.890358,40.67271]]}},{"type":"Feature","properties":{"duration_avg":120.0,"n_vehicles":96,"d":852,"route_I_counts":"{\"12\": 23, \"14\": 73}","shape_id":"{\"A..N04R\": 5, \"A..N09R\": 18, \"C..N04R\": 73}","direction_id":"{\"0\": 96}","headsign":"{\"168 St\": 73, \"Inwood-207 St\": 23}","source":195,"target":194,"layer":"L","from":"Liberty Av","to":"Broadway Junction"},"geometry":{"type":"LineString","coordinates":[[-73.896548,40.674542],[-73.905316,40.678334]]}},{"type":"Feature","properties":{"shape_id":"{\"C..S04R\": 79}","direction_id":"{\"1\": 101}","headsign":"{\"Euclid Av\": 79, \"Far Rockaway-Mott Av\": 16, \"Ozone Park-Lefferts Blvd\": 6}","duration_avg":90.0,"n_vehicles":101,"d":826,"route_I_counts":"{\"12\": 22, \"14\": 79}","source":196,"target":197,"layer":"L","from":"Van Siclen Av","to":"Shepherd Av"},"geometry":{"type":"LineString","coordinates":[[-73.890358,40.67271],[-73.88075,40.67413]]}},{"type":"Feature","properties":{"duration_avg":90.0,"n_vehicles":96,"d":560,"route_I_counts":"{\"12\": 23, \"14\": 73}","shape_id":"{\"A..N04R\": 5, \"A..N09R\": 18, \"C..N04R\": 73}","direction_id":"{\"0\": 96}","headsign":"{\"168 St\": 73, \"Inwood-207 St\": 23}","source":196,"target":195,"layer":"L","from":"Van Siclen Av","to":"Liberty Av"},"geometry":{"type":"LineString","coordinates":[[-73.890358,40.67271],[-73.896548,40.674542]]}},{"type":"Feature","properties":{"shape_id":"{\"C..S04R\": 79}","direction_id":"{\"1\": 101}","headsign":"{\"Euclid Av\": 79, \"Far Rockaway-Mott Av\": 16, \"Ozone Park-Lefferts Blvd\": 6}","duration_avg":90.0,"n_vehicles":101,"d":742,"route_I_counts":"{\"12\": 22, \"14\": 79}","source":197,"target":198,"layer":"L","from":"Shepherd Av","to":"Euclid Av"},"geometry":{"type":"LineString","coordinates":[[-73.88075,40.67413],[-73.872106,40.675377]]}},{"type":"Feature","properties":{"duration_avg":110.0,"n_vehicles":96,"d":826,"route_I_counts":"{\"12\": 23, \"14\": 73}","shape_id":"{\"A..N04R\": 5, \"A..N09R\": 18, \"C..N04R\": 73}","direction_id":"{\"0\": 96}","headsign":"{\"168 St\": 73, \"Inwood-207 St\": 23}","source":197,"target":196,"layer":"L","from":"Shepherd Av","to":"Van Siclen Av"},"geometry":{"type":"LineString","coordinates":[[-73.88075,40.67413],[-73.890358,40.67271]]}},{"type":"Feature","properties":{"shape_id":"{\"A..S43R\": 12, \"A..S87R\": 4}","direction_id":"{\"1\": 149}","headsign":"{\"Far Rockaway-Mott Av\": 71, \"Ozone Park-Lefferts Blvd\": 73, \"Rockaway Park-Beach 116 St\": 5}","duration_avg":97.24832214765101,"n_vehicles":149,"d":623,"route_I_counts":"{\"12\": 149}","source":198,"target":199,"layer":"L","from":"Euclid Av","to":"Grant Av"},"geometry":{"type":"LineString","coordinates":[[-73.872106,40.675377],[-73.86505,40.677044]]}},{"type":"Feature","properties":{"duration_avg":240.0,"n_vehicles":97,"d":2822,"route_I_counts":"{\"12\": 97}","shape_id":"{\"A..N54R\": 50, \"A..N55R\": 47}","direction_id":"{\"0\": 97}","headsign":"{\"Inwood-207 St\": 97}","source":198,"target":194,"layer":"L","from":"Euclid Av","to":"Broadway Junction"},"geometry":{"type":"LineString","coordinates":[[-73.872106,40.675377],[-73.905316,40.678334]]}},{"type":"Feature","properties":{"duration_avg":90.0,"n_vehicles":96,"d":742,"route_I_counts":"{\"12\": 23, \"14\": 73}","shape_id":"{\"A..N04R\": 5, \"A..N09R\": 18, \"C..N04R\": 73}","direction_id":"{\"0\": 96}","headsign":"{\"168 St\": 73, \"Inwood-207 St\": 23}","source":198,"target":197,"layer":"L","from":"Euclid Av","to":"Shepherd Av"},"geometry":{"type":"LineString","coordinates":[[-73.872106,40.675377],[-73.88075,40.67413]]}},{"type":"Feature","properties":{"shape_id":"{\"A..S43R\": 12, \"A..S87R\": 4}","direction_id":"{\"1\": 149}","headsign":"{\"Far Rockaway-Mott Av\": 71, \"Ozone Park-Lefferts Blvd\": 73, \"Rockaway Park-Beach 116 St\": 5}","duration_avg":90.0,"n_vehicles":149,"d":573,"route_I_counts":"{\"12\": 149}","source":199,"target":200,"layer":"L","from":"Grant Av","to":"80 St"},"geometry":{"type":"LineString","coordinates":[[-73.86505,40.677044],[-73.858992,40.679371]]}},{"type":"Feature","properties":{"duration_avg":98.66666666666667,"n_vehicles":135,"d":623,"route_I_counts":"{\"12\": 135}","shape_id":"{\"A..N04R\": 5, \"A..N09R\": 18, \"A..N37R\": 1, \"A..N43R\": 13, \"A..N54R\": 50, \"A..N55R\": 47, \"A..N58R\": 1}","direction_id":"{\"0\": 135}","headsign":"{\"Euclid Av\": 15, \"Inwood-207 St\": 120}","source":199,"target":198,"layer":"L","from":"Grant Av","to":"Euclid Av"},"geometry":{"type":"LineString","coordinates":[[-73.86505,40.677044],[-73.872106,40.675377]]}},{"type":"Feature","properties":{"shape_id":"{\"A..S43R\": 12, \"A..S87R\": 4}","direction_id":"{\"1\": 149}","headsign":"{\"Far Rockaway-Mott Av\": 71, \"Ozone Park-Lefferts Blvd\": 73, \"Rockaway Park-Beach 116 St\": 5}","duration_avg":87.58389261744966,"n_vehicles":149,"d":637,"route_I_counts":"{\"12\": 149}","source":200,"target":201,"layer":"L","from":"80 St","to":"88 St"},"geometry":{"type":"LineString","coordinates":[[-73.858992,40.679371],[-73.85147,40.679843]]}},{"type":"Feature","properties":{"duration_avg":90.0,"n_vehicles":135,"d":573,"route_I_counts":"{\"12\": 135}","shape_id":"{\"A..N04R\": 5, \"A..N09R\": 18, \"A..N37R\": 1, \"A..N43R\": 13, \"A..N54R\": 50, \"A..N55R\": 47, \"A..N58R\": 1}","direction_id":"{\"0\": 135}","headsign":"{\"Euclid Av\": 15, \"Inwood-207 St\": 120}","source":200,"target":199,"layer":"L","from":"80 St","to":"Grant Av"},"geometry":{"type":"LineString","coordinates":[[-73.858992,40.679371],[-73.86505,40.677044]]}},{"type":"Feature","properties":{"shape_id":"{\"A..S43R\": 12, \"A..S87R\": 4}","direction_id":"{\"1\": 149}","headsign":"{\"Far Rockaway-Mott Av\": 71, \"Ozone Park-Lefferts Blvd\": 73, \"Rockaway Park-Beach 116 St\": 5}","duration_avg":87.58389261744966,"n_vehicles":149,"d":646,"route_I_counts":"{\"12\": 149}","source":201,"target":202,"layer":"L","from":"88 St","to":"Rockaway Blvd"},"geometry":{"type":"LineString","coordinates":[[-73.85147,40.679843],[-73.843853,40.680429]]}},{"type":"Feature","properties":{"duration_avg":87.11111111111111,"n_vehicles":135,"d":637,"route_I_counts":"{\"12\": 135}","shape_id":"{\"A..N04R\": 5, \"A..N09R\": 18, \"A..N37R\": 1, \"A..N43R\": 13, \"A..N54R\": 50, \"A..N55R\": 47, \"A..N58R\": 1}","direction_id":"{\"0\": 135}","headsign":"{\"Euclid Av\": 15, \"Inwood-207 St\": 120}","source":201,"target":200,"layer":"L","from":"88 St","to":"80 St"},"geometry":{"type":"LineString","coordinates":[[-73.85147,40.679843],[-73.858992,40.679371]]}},{"type":"Feature","properties":{"shape_id":"{\"A..S87R\": 4}","direction_id":"{\"1\": 77}","headsign":"{\"Far Rockaway-Mott Av\": 72, \"Rockaway Park-Beach 116 St\": 5}","duration_avg":247.01298701298703,"n_vehicles":77,"d":1589,"route_I_counts":"{\"12\": 77}","source":202,"target":203,"layer":"L","from":"Rockaway Blvd","to":"Aqueduct-N Conduit Av"},"geometry":{"type":"LineString","coordinates":[[-73.843853,40.680429],[-73.834058,40.668234]]}},{"type":"Feature","properties":{"duration_avg":120.0,"n_vehicles":73,"d":540,"route_I_counts":"{\"12\": 73}","shape_id":"{\"A..S43R\": 12}","direction_id":"{\"1\": 73}","headsign":"{\"Ozone Park-Lefferts Blvd\": 73}","source":202,"target":214,"layer":"L","from":"Rockaway Blvd","to":"104 St"},"geometry":{"type":"LineString","coordinates":[[-73.843853,40.680429],[-73.837683,40.681711]]}},{"type":"Feature","properties":{"duration_avg":87.11111111111111,"n_vehicles":135,"d":646,"route_I_counts":"{\"12\": 135}","shape_id":"{\"A..N04R\": 5, \"A..N09R\": 18, \"A..N37R\": 1, \"A..N43R\": 13, \"A..N54R\": 50, \"A..N55R\": 47, \"A..N58R\": 1}","direction_id":"{\"0\": 135}","headsign":"{\"Euclid Av\": 15, \"Inwood-207 St\": 120}","source":202,"target":201,"layer":"L","from":"Rockaway Blvd","to":"88 St"},"geometry":{"type":"LineString","coordinates":[[-73.843853,40.680429],[-73.85147,40.679843]]}},{"type":"Feature","properties":{"shape_id":"{\"A..S87R\": 4}","direction_id":"{\"1\": 77}","headsign":"{\"Far Rockaway-Mott Av\": 72, \"Rockaway Park-Beach 116 St\": 5}","duration_avg":127.01298701298701,"n_vehicles":77,"d":920,"route_I_counts":"{\"12\": 77}","source":203,"target":204,"layer":"L","from":"Aqueduct-N Conduit Av","to":"Howard Beach-JFK Airport"},"geometry":{"type":"LineString","coordinates":[[-73.834058,40.668234],[-73.830301,40.660476]]}},{"type":"Feature","properties":{"duration_avg":60.0,"n_vehicles":67,"d":0,"route_I_counts":"{\"12\": 67}","shape_id":"{\"A..N09R\": 19, \"A..N55R\": 47, \"A..N58R\": 1}","direction_id":"{\"0\": 67}","headsign":"{\"Euclid Av\": 1, \"Inwood-207 St\": 66}","source":203,"target":215,"layer":"L","from":"Aqueduct-N Conduit Av","to":"Aqueduct Racetrack"},"geometry":{"type":"LineString","coordinates":[[-73.834058,40.668234],[-73.834058,40.668234]]}},{"type":"Feature","properties":{"shape_id":"{\"A..S87R\": 4}","direction_id":"{\"1\": 76}","headsign":"{\"Far Rockaway-Mott Av\": 71, \"Rockaway Park-Beach 116 St\": 5}","duration_avg":390.0,"n_vehicles":76,"d":5924,"route_I_counts":"{\"12\": 76}","source":204,"target":205,"layer":"L","from":"Howard Beach-JFK Airport","to":"Broad Channel"},"geometry":{"type":"LineString","coordinates":[[-73.830301,40.660476],[-73.815925,40.608382]]}},{"type":"Feature","properties":{"duration_avg":120.0,"n_vehicles":67,"d":920,"route_I_counts":"{\"12\": 67}","shape_id":"{\"A..N09R\": 19, \"A..N55R\": 47, \"A..N58R\": 1}","direction_id":"{\"0\": 67}","headsign":"{\"Euclid Av\": 1, \"Inwood-207 St\": 66}","source":204,"target":203,"layer":"L","from":"Howard Beach-JFK Airport","to":"Aqueduct-N Conduit Av"},"geometry":{"type":"LineString","coordinates":[[-73.830301,40.660476],[-73.834058,40.668234]]}},{"type":"Feature","properties":{"shape_id":"{}","direction_id":"{\"1\": 72}","headsign":"{\"Far Rockaway-Mott Av\": 72}","duration_avg":240.0,"n_vehicles":72,"d":2520,"route_I_counts":"{\"12\": 72}","source":205,"target":206,"layer":"L","from":"Broad Channel","to":"Beach 67 St"},"geometry":{"type":"LineString","coordinates":[[-73.815925,40.608382],[-73.796924,40.590927]]}},{"type":"Feature","properties":{"duration_avg":240.0,"n_vehicles":73,"d":2273,"route_I_counts":"{\"12\": 5, \"27\": 68}","shape_id":"{\"A..S87R\": 4, \"H..S21R\": 68}","direction_id":"{\"1\": 73}","headsign":"{\"Rockaway Park-Beach 116 St\": 73}","source":205,"target":219,"layer":"L","from":"Broad Channel","to":"Beach 90 St"},"geometry":{"type":"LineString","coordinates":[[-73.815925,40.608382],[-73.813641,40.588034]]}},{"type":"Feature","properties":{"duration_avg":390.0,"n_vehicles":66,"d":5924,"route_I_counts":"{\"12\": 66}","shape_id":"{\"A..N09R\": 19, \"A..N55R\": 46, \"A..N58R\": 1}","direction_id":"{\"0\": 66}","headsign":"{\"Euclid Av\": 1, \"Inwood-207 St\": 65}","source":205,"target":204,"layer":"L","from":"Broad Channel","to":"Howard Beach-JFK Airport"},"geometry":{"type":"LineString","coordinates":[[-73.815925,40.608382],[-73.830301,40.660476]]}},{"type":"Feature","properties":{"shape_id":"{}","direction_id":"{\"1\": 72}","headsign":"{\"Far Rockaway-Mott Av\": 72}","duration_avg":90.0,"n_vehicles":72,"d":728,"route_I_counts":"{\"12\": 72}","source":206,"target":207,"layer":"L","from":"Beach 67 St","to":"Beach 60 St"},"geometry":{"type":"LineString","coordinates":[[-73.796924,40.590927],[-73.788522,40.592374]]}},{"type":"Feature","properties":{"duration_avg":240.0,"n_vehicles":66,"d":2520,"route_I_counts":"{\"12\": 66}","shape_id":"{\"A..N09R\": 19, \"A..N55R\": 46, \"A..N58R\": 1}","direction_id":"{\"0\": 66}","headsign":"{\"Euclid Av\": 1, \"Inwood-207 St\": 65}","source":206,"target":205,"layer":"L","from":"Beach 67 St","to":"Broad Channel"},"geometry":{"type":"LineString","coordinates":[[-73.796924,40.590927],[-73.815925,40.608382]]}},{"type":"Feature","properties":{"shape_id":"{}","direction_id":"{\"1\": 72}","headsign":"{\"Far Rockaway-Mott Av\": 72}","duration_avg":120.0,"n_vehicles":72,"d":1059,"route_I_counts":"{\"12\": 72}","source":207,"target":208,"layer":"L","from":"Beach 60 St","to":"Beach 44 St"},"geometry":{"type":"LineString","coordinates":[[-73.788522,40.592374],[-73.776013,40.592943]]}},{"type":"Feature","properties":{"duration_avg":90.0,"n_vehicles":67,"d":728,"route_I_counts":"{\"12\": 67}","shape_id":"{\"A..N09R\": 20, \"A..N55R\": 46, \"A..N58R\": 1}","direction_id":"{\"0\": 67}","headsign":"{\"Euclid Av\": 1, \"Inwood-207 St\": 66}","source":207,"target":206,"layer":"L","from":"Beach 60 St","to":"Beach 67 St"},"geometry":{"type":"LineString","coordinates":[[-73.788522,40.592374],[-73.796924,40.590927]]}},{"type":"Feature","properties":{"shape_id":"{}","direction_id":"{\"1\": 72}","headsign":"{\"Far Rockaway-Mott Av\": 72}","duration_avg":90.0,"n_vehicles":72,"d":716,"route_I_counts":"{\"12\": 72}","source":208,"target":209,"layer":"L","from":"Beach 44 St","to":"Beach 36 St"},"geometry":{"type":"LineString","coordinates":[[-73.776013,40.592943],[-73.768175,40.595398]]}},{"type":"Feature","properties":{"duration_avg":120.0,"n_vehicles":67,"d":1059,"route_I_counts":"{\"12\": 67}","shape_id":"{\"A..N09R\": 20, \"A..N55R\": 46, \"A..N58R\": 1}","direction_id":"{\"0\": 67}","headsign":"{\"Euclid Av\": 1, \"Inwood-207 St\": 66}","source":208,"target":207,"layer":"L","from":"Beach 44 St","to":"Beach 60 St"},"geometry":{"type":"LineString","coordinates":[[-73.776013,40.592943],[-73.788522,40.592374]]}},{"type":"Feature","properties":{"shape_id":"{}","direction_id":"{\"1\": 72}","headsign":"{\"Far Rockaway-Mott Av\": 72}","duration_avg":120.0,"n_vehicles":72,"d":776,"route_I_counts":"{\"12\": 72}","source":209,"target":210,"layer":"L","from":"Beach 36 St","to":"Beach 25 St"},"geometry":{"type":"LineString","coordinates":[[-73.768175,40.595398],[-73.761353,40.600066]]}},{"type":"Feature","properties":{"duration_avg":90.0,"n_vehicles":67,"d":716,"route_I_counts":"{\"12\": 67}","shape_id":"{\"A..N09R\": 20, \"A..N55R\": 46, \"A..N58R\": 1}","direction_id":"{\"0\": 67}","headsign":"{\"Euclid Av\": 1, \"Inwood-207 St\": 66}","source":209,"target":208,"layer":"L","from":"Beach 36 St","to":"Beach 44 St"},"geometry":{"type":"LineString","coordinates":[[-73.768175,40.595398],[-73.776013,40.592943]]}},{"type":"Feature","properties":{"shape_id":"{}","direction_id":"{\"1\": 72}","headsign":"{\"Far Rockaway-Mott Av\": 72}","duration_avg":90.0,"n_vehicles":72,"d":666,"route_I_counts":"{\"12\": 72}","source":210,"target":211,"layer":"L","from":"Beach 25 St","to":"Far Rockaway-Mott Av"},"geometry":{"type":"LineString","coordinates":[[-73.761353,40.600066],[-73.755405,40.603995]]}},{"type":"Feature","properties":{"duration_avg":120.0,"n_vehicles":67,"d":776,"route_I_counts":"{\"12\": 67}","shape_id":"{\"A..N09R\": 20, \"A..N55R\": 46, \"A..N58R\": 1}","direction_id":"{\"0\": 67}","headsign":"{\"Euclid Av\": 1, \"Inwood-207 St\": 66}","source":210,"target":209,"layer":"L","from":"Beach 25 St","to":"Beach 36 St"},"geometry":{"type":"LineString","coordinates":[[-73.761353,40.600066],[-73.768175,40.595398]]}},{"type":"Feature","properties":{"duration_avg":90.0,"n_vehicles":67,"d":666,"route_I_counts":"{\"12\": 67}","shape_id":"{\"A..N09R\": 20, \"A..N55R\": 46, \"A..N58R\": 1}","direction_id":"{\"0\": 67}","headsign":"{\"Euclid Av\": 1, \"Inwood-207 St\": 66}","source":211,"target":210,"layer":"L","from":"Far Rockaway-Mott Av","to":"Beach 25 St"},"geometry":{"type":"LineString","coordinates":[[-73.755405,40.603995],[-73.761353,40.600066]]}},{"type":"Feature","properties":{"shape_id":"{\"A..N04R\": 5, \"A..N37R\": 1, \"A..N43R\": 13, \"A..N54R\": 49}","direction_id":"{\"0\": 68}","headsign":"{\"Euclid Av\": 14, \"Inwood-207 St\": 54}","duration_avg":84.26470588235294,"n_vehicles":68,"d":566,"route_I_counts":"{\"12\": 68}","source":212,"target":213,"layer":"L","from":"Ozone Park-Lefferts Blvd","to":"111 St"},"geometry":{"type":"LineString","coordinates":[[-73.825798,40.685951],[-73.832163,40.684331]]}},{"type":"Feature","properties":{"shape_id":"{\"A..N04R\": 5, \"A..N37R\": 1, \"A..N43R\": 13, \"A..N54R\": 49}","direction_id":"{\"0\": 68}","headsign":"{\"Euclid Av\": 14, \"Inwood-207 St\": 54}","duration_avg":65.73529411764706,"n_vehicles":68,"d":549,"route_I_counts":"{\"12\": 68}","source":213,"target":214,"layer":"L","from":"111 St","to":"104 St"},"geometry":{"type":"LineString","coordinates":[[-73.832163,40.684331],[-73.837683,40.681711]]}},{"type":"Feature","properties":{"duration_avg":64.10958904109589,"n_vehicles":73,"d":566,"route_I_counts":"{\"12\": 73}","shape_id":"{\"A..S43R\": 12}","direction_id":"{\"1\": 73}","headsign":"{\"Ozone Park-Lefferts Blvd\": 73}","source":213,"target":212,"layer":"L","from":"111 St","to":"Ozone Park-Lefferts Blvd"},"geometry":{"type":"LineString","coordinates":[[-73.832163,40.684331],[-73.825798,40.685951]]}},{"type":"Feature","properties":{"duration_avg":95.73529411764706,"n_vehicles":68,"d":540,"route_I_counts":"{\"12\": 68}","shape_id":"{\"A..N04R\": 5, \"A..N37R\": 1, \"A..N43R\": 13, \"A..N54R\": 49}","direction_id":"{\"0\": 68}","headsign":"{\"Euclid Av\": 14, \"Inwood-207 St\": 54}","source":214,"target":202,"layer":"L","from":"104 St","to":"Rockaway Blvd"},"geometry":{"type":"LineString","coordinates":[[-73.837683,40.681711],[-73.843853,40.680429]]}},{"type":"Feature","properties":{"duration_avg":93.6986301369863,"n_vehicles":73,"d":549,"route_I_counts":"{\"12\": 73}","shape_id":"{\"A..S43R\": 12}","direction_id":"{\"1\": 73}","headsign":"{\"Ozone Park-Lefferts Blvd\": 73}","source":214,"target":213,"layer":"L","from":"104 St","to":"111 St"},"geometry":{"type":"LineString","coordinates":[[-73.837683,40.681711],[-73.832163,40.684331]]}},{"type":"Feature","properties":{"duration_avg":180.0,"n_vehicles":66,"d":1589,"route_I_counts":"{\"12\": 66}","shape_id":"{\"A..N09R\": 18, \"A..N55R\": 47, \"A..N58R\": 1}","direction_id":"{\"0\": 66}","headsign":"{\"Euclid Av\": 1, \"Inwood-207 St\": 65}","source":215,"target":202,"layer":"L","from":"Aqueduct Racetrack","to":"Rockaway Blvd"},"geometry":{"type":"LineString","coordinates":[[-73.834058,40.668234],[-73.843853,40.680429]]}},{"type":"Feature","properties":{"shape_id":"{\"H..N21R\": 68}","direction_id":"{\"0\": 68}","headsign":"{\"Broad Channel\": 68}","duration_avg":120.0,"n_vehicles":68,"d":726,"route_I_counts":"{\"27\": 68}","source":216,"target":217,"layer":"L","from":"Rockaway Park-Beach 116 St","to":"Beach 105 St"},"geometry":{"type":"LineString","coordinates":[[-73.835592,40.580903],[-73.827559,40.583209]]}},{"type":"Feature","properties":{"shape_id":"{\"H..N21R\": 68}","direction_id":"{\"0\": 68}","headsign":"{\"Broad Channel\": 68}","duration_avg":120.0,"n_vehicles":68,"d":636,"route_I_counts":"{\"27\": 68}","source":217,"target":218,"layer":"L","from":"Beach 105 St","to":"Beach 98 St"},"geometry":{"type":"LineString","coordinates":[[-73.827559,40.583209],[-73.820558,40.585307]]}},{"type":"Feature","properties":{"duration_avg":93.6986301369863,"n_vehicles":73,"d":726,"route_I_counts":"{\"12\": 5, \"27\": 68}","shape_id":"{\"A..S87R\": 4, \"H..S21R\": 68}","direction_id":"{\"1\": 73}","headsign":"{\"Rockaway Park-Beach 116 St\": 73}","source":217,"target":216,"layer":"L","from":"Beach 105 St","to":"Rockaway Park-Beach 116 St"},"geometry":{"type":"LineString","coordinates":[[-73.827559,40.583209],[-73.835592,40.580903]]}},{"type":"Feature","properties":{"shape_id":"{\"H..N21R\": 68}","direction_id":"{\"0\": 68}","headsign":"{\"Broad Channel\": 68}","duration_avg":90.0,"n_vehicles":68,"d":658,"route_I_counts":"{\"27\": 68}","source":218,"target":219,"layer":"L","from":"Beach 98 St","to":"Beach 90 St"},"geometry":{"type":"LineString","coordinates":[[-73.820558,40.585307],[-73.813641,40.588034]]}},{"type":"Feature","properties":{"duration_avg":61.64383561643836,"n_vehicles":73,"d":636,"route_I_counts":"{\"12\": 5, \"27\": 68}","shape_id":"{\"A..S87R\": 4, \"H..S21R\": 68}","direction_id":"{\"1\": 73}","headsign":"{\"Rockaway Park-Beach 116 St\": 73}","source":218,"target":217,"layer":"L","from":"Beach 98 St","to":"Beach 105 St"},"geometry":{"type":"LineString","coordinates":[[-73.820558,40.585307],[-73.827559,40.583209]]}},{"type":"Feature","properties":{"duration_avg":90.0,"n_vehicles":73,"d":658,"route_I_counts":"{\"12\": 5, \"27\": 68}","shape_id":"{\"A..S87R\": 4, \"H..S21R\": 68}","direction_id":"{\"1\": 73}","headsign":"{\"Rockaway Park-Beach 116 St\": 73}","source":219,"target":218,"layer":"L","from":"Beach 90 St","to":"Beach 98 St"},"geometry":{"type":"LineString","coordinates":[[-73.813641,40.588034],[-73.820558,40.585307]]}},{"type":"Feature","properties":{"duration_avg":210.0,"n_vehicles":67,"d":2273,"route_I_counts":"{\"27\": 67}","shape_id":"{\"H..N21R\": 67}","direction_id":"{\"0\": 67}","headsign":"{\"Broad Channel\": 67}","source":219,"target":205,"layer":"L","from":"Beach 90 St","to":"Broad Channel"},"geometry":{"type":"LineString","coordinates":[[-73.813641,40.588034],[-73.815925,40.608382]]}},{"type":"Feature","properties":{"shape_id":"{\"B..S45R\": 21, \"D..S05R\": 25, \"D..S07R\": 80}","direction_id":"{\"1\": 126}","headsign":"{\"Brighton Beach\": 21, \"Coney Island-Stillwell Av\": 105}","duration_avg":120.0,"n_vehicles":126,"d":879,"route_I_counts":"{\"13\": 21, \"15\": 105}","source":220,"target":221,"layer":"L","from":"Bedford Park Blvd","to":"Kingsbridge Rd"},"geometry":{"type":"LineString","coordinates":[[-73.887138,40.873244],[-73.893509,40.866978]]}},{"type":"Feature","properties":{"duration_avg":150.0,"n_vehicles":107,"d":718,"route_I_counts":"{\"15\": 107}","shape_id":"{\"D..N05R\": 39, \"D..N07R\": 48, \"D..N14R\": 18, \"D..N16R\": 2}","direction_id":"{\"0\": 107}","headsign":"{\"Norwood-205 St\": 107}","source":220,"target":244,"layer":"L","from":"Bedford Park Blvd","to":"Norwood-205 St"},"geometry":{"type":"LineString","coordinates":[[-73.887138,40.873244],[-73.878855,40.874811]]}},{"type":"Feature","properties":{"shape_id":"{\"B..S45R\": 21, \"D..S05R\": 25, \"D..S07R\": 80}","direction_id":"{\"1\": 126}","headsign":"{\"Brighton Beach\": 21, \"Coney Island-Stillwell Av\": 105}","duration_avg":95.0,"n_vehicles":126,"d":726,"route_I_counts":"{\"13\": 21, \"15\": 105}","source":221,"target":222,"layer":"L","from":"Kingsbridge Rd","to":"Fordham Rd"},"geometry":{"type":"LineString","coordinates":[[-73.893509,40.866978],[-73.897749,40.861296]]}},{"type":"Feature","properties":{"duration_avg":120.0,"n_vehicles":123,"d":879,"route_I_counts":"{\"13\": 17, \"15\": 106}","shape_id":"{\"B..N45R\": 17, \"D..N05R\": 39, \"D..N07R\": 47, \"D..N14R\": 18, \"D..N16R\": 2}","direction_id":"{\"0\": 123}","headsign":"{\"Bedford Park Blvd\": 17, \"Norwood-205 St\": 106}","source":221,"target":220,"layer":"L","from":"Kingsbridge Rd","to":"Bedford Park Blvd"},"geometry":{"type":"LineString","coordinates":[[-73.893509,40.866978],[-73.887138,40.873244]]}},{"type":"Feature","properties":{"shape_id":"{\"B..S45R\": 21, \"D..S05R\": 25, \"D..S07R\": 80}","direction_id":"{\"1\": 126}","headsign":"{\"Brighton Beach\": 21, \"Coney Island-Stillwell Av\": 105}","duration_avg":90.0,"n_vehicles":126,"d":631,"route_I_counts":"{\"13\": 21, \"15\": 105}","source":222,"target":223,"layer":"L","from":"Fordham Rd","to":"182-183 Sts"},"geometry":{"type":"LineString","coordinates":[[-73.897749,40.861296],[-73.900741,40.856093]]}},{"type":"Feature","properties":{"duration_avg":90.0,"n_vehicles":123,"d":726,"route_I_counts":"{\"13\": 17, \"15\": 106}","shape_id":"{\"B..N45R\": 17, \"D..N05R\": 39, \"D..N07R\": 47, \"D..N14R\": 18, \"D..N16R\": 2}","direction_id":"{\"0\": 123}","headsign":"{\"Bedford Park Blvd\": 17, \"Norwood-205 St\": 106}","source":222,"target":221,"layer":"L","from":"Fordham Rd","to":"Kingsbridge Rd"},"geometry":{"type":"LineString","coordinates":[[-73.897749,40.861296],[-73.893509,40.866978]]}},{"type":"Feature","properties":{"shape_id":"{\"B..S45R\": 21, \"D..S05R\": 25, \"D..S07R\": 81}","direction_id":"{\"1\": 127}","headsign":"{\"Brighton Beach\": 21, \"Coney Island-Stillwell Av\": 106}","duration_avg":90.0,"n_vehicles":127,"d":736,"route_I_counts":"{\"13\": 21, \"15\": 106}","source":223,"target":224,"layer":"L","from":"182-183 Sts","to":"Tremont Av"},"geometry":{"type":"LineString","coordinates":[[-73.900741,40.856093],[-73.905227,40.85041]]}},{"type":"Feature","properties":{"duration_avg":90.0,"n_vehicles":105,"d":631,"route_I_counts":"{\"13\": 17, \"15\": 88}","shape_id":"{\"B..N45R\": 17, \"D..N05R\": 39, \"D..N07R\": 47, \"D..N16R\": 2}","direction_id":"{\"0\": 105}","headsign":"{\"Bedford Park Blvd\": 17, \"Norwood-205 St\": 88}","source":223,"target":222,"layer":"L","from":"182-183 Sts","to":"Fordham Rd"},"geometry":{"type":"LineString","coordinates":[[-73.900741,40.856093],[-73.897749,40.861296]]}},{"type":"Feature","properties":{"shape_id":"{\"B..S45R\": 21, \"D..S05R\": 25, \"D..S07R\": 81}","direction_id":"{\"1\": 127}","headsign":"{\"Brighton Beach\": 21, \"Coney Island-Stillwell Av\": 106}","duration_avg":90.0,"n_vehicles":127,"d":650,"route_I_counts":"{\"13\": 21, \"15\": 106}","source":224,"target":225,"layer":"L","from":"Tremont Av","to":"174-175 Sts"},"geometry":{"type":"LineString","coordinates":[[-73.905227,40.85041],[-73.910136,40.8459]]}},{"type":"Feature","properties":{"duration_avg":90.0,"n_vehicles":104,"d":736,"route_I_counts":"{\"13\": 17, \"15\": 87}","shape_id":"{\"B..N45R\": 17, \"D..N05R\": 39, \"D..N07R\": 46, \"D..N16R\": 2}","direction_id":"{\"0\": 104}","headsign":"{\"Bedford Park Blvd\": 17, \"Norwood-205 St\": 87}","source":224,"target":223,"layer":"L","from":"Tremont Av","to":"182-183 Sts"},"geometry":{"type":"LineString","coordinates":[[-73.905227,40.85041],[-73.900741,40.856093]]}},{"type":"Feature","properties":{"duration_avg":150.0,"n_vehicles":18,"d":1365,"route_I_counts":"{\"15\": 18}","shape_id":"{\"D..N14R\": 18}","direction_id":"{\"0\": 18}","headsign":"{\"Norwood-205 St\": 18}","source":224,"target":222,"layer":"L","from":"Tremont Av","to":"Fordham Rd"},"geometry":{"type":"LineString","coordinates":[[-73.905227,40.85041],[-73.897749,40.861296]]}},{"type":"Feature","properties":{"shape_id":"{\"B..S45R\": 21, \"D..S05R\": 25, \"D..S07R\": 81}","direction_id":"{\"1\": 127}","headsign":"{\"Brighton Beach\": 21, \"Coney Island-Stillwell Av\": 106}","duration_avg":150.0,"n_vehicles":127,"d":783,"route_I_counts":"{\"13\": 21, \"15\": 106}","source":225,"target":226,"layer":"L","from":"174-175 Sts","to":"170 St"},"geometry":{"type":"LineString","coordinates":[[-73.910136,40.8459],[-73.9134,40.839306]]}},{"type":"Feature","properties":{"duration_avg":90.0,"n_vehicles":104,"d":650,"route_I_counts":"{\"13\": 17, \"15\": 87}","shape_id":"{\"B..N45R\": 17, \"D..N05R\": 39, \"D..N07R\": 46, \"D..N16R\": 2}","direction_id":"{\"0\": 104}","headsign":"{\"Bedford Park Blvd\": 17, \"Norwood-205 St\": 87}","source":225,"target":224,"layer":"L","from":"174-175 Sts","to":"Tremont Av"},"geometry":{"type":"LineString","coordinates":[[-73.910136,40.8459],[-73.905227,40.85041]]}},{"type":"Feature","properties":{"shape_id":"{\"B..S45R\": 21, \"D..S05R\": 24, \"D..S07R\": 81}","direction_id":"{\"1\": 126}","headsign":"{\"Brighton Beach\": 21, \"Coney Island-Stillwell Av\": 105}","duration_avg":120.0,"n_vehicles":126,"d":748,"route_I_counts":"{\"13\": 21, \"15\": 105}","source":226,"target":227,"layer":"L","from":"170 St","to":"167 St"},"geometry":{"type":"LineString","coordinates":[[-73.9134,40.839306],[-73.91844,40.833771]]}},{"type":"Feature","properties":{"duration_avg":120.0,"n_vehicles":105,"d":783,"route_I_counts":"{\"13\": 17, \"15\": 88}","shape_id":"{\"B..N45R\": 17, \"D..N05R\": 40, \"D..N07R\": 46, \"D..N16R\": 2}","direction_id":"{\"0\": 105}","headsign":"{\"Bedford Park Blvd\": 17, \"Norwood-205 St\": 88}","source":226,"target":225,"layer":"L","from":"170 St","to":"174-175 Sts"},"geometry":{"type":"LineString","coordinates":[[-73.9134,40.839306],[-73.910136,40.8459]]}},{"type":"Feature","properties":{"shape_id":"{\"B..S45R\": 21, \"D..S05R\": 24, \"D..S07R\": 81}","direction_id":"{\"1\": 126}","headsign":"{\"Brighton Beach\": 21, \"Coney Island-Stillwell Av\": 105}","duration_avg":150.0,"n_vehicles":126,"d":891,"route_I_counts":"{\"13\": 21, \"15\": 105}","source":227,"target":228,"layer":"L","from":"167 St","to":"161 St-Yankee Stadium"},"geometry":{"type":"LineString","coordinates":[[-73.91844,40.833771],[-73.925651,40.827905]]}},{"type":"Feature","properties":{"duration_avg":120.0,"n_vehicles":105,"d":748,"route_I_counts":"{\"13\": 17, \"15\": 88}","shape_id":"{\"B..N45R\": 17, \"D..N05R\": 40, \"D..N07R\": 46, \"D..N16R\": 2}","direction_id":"{\"0\": 105}","headsign":"{\"Bedford Park Blvd\": 17, \"Norwood-205 St\": 88}","source":227,"target":226,"layer":"L","from":"167 St","to":"170 St"},"geometry":{"type":"LineString","coordinates":[[-73.91844,40.833771],[-73.9134,40.839306]]}},{"type":"Feature","properties":{"shape_id":"{\"B..S45R\": 21, \"D..S05R\": 24, \"D..S07R\": 82}","direction_id":"{\"1\": 127}","headsign":"{\"Brighton Beach\": 21, \"Coney Island-Stillwell Av\": 106}","duration_avg":90.0,"n_vehicles":127,"d":1086,"route_I_counts":"{\"13\": 21, \"15\": 106}","source":228,"target":229,"layer":"L","from":"161 St-Yankee Stadium","to":"155 St"},"geometry":{"type":"LineString","coordinates":[[-73.925651,40.827905],[-73.938209,40.830135]]}},{"type":"Feature","properties":{"duration_avg":150.0,"n_vehicles":104,"d":891,"route_I_counts":"{\"13\": 17, \"15\": 87}","shape_id":"{\"B..N45R\": 17, \"D..N05R\": 40, \"D..N07R\": 45, \"D..N16R\": 2}","direction_id":"{\"0\": 104}","headsign":"{\"Bedford Park Blvd\": 17, \"Norwood-205 St\": 87}","source":228,"target":227,"layer":"L","from":"161 St-Yankee Stadium","to":"167 St"},"geometry":{"type":"LineString","coordinates":[[-73.925651,40.827905],[-73.91844,40.833771]]}},{"type":"Feature","properties":{"duration_avg":180.0,"n_vehicles":133,"d":1078,"route_I_counts":"{\"4\": 133}","shape_id":"{\"4..S01R\": 17, \"4..S03R\": 2, \"4..S05R\": 2, \"4..S06R\": 89, \"4..S13R\": 14, \"4..S28R\": 9}","direction_id":"{\"1\": 133}","headsign":"{\"Crown Hts-Utica Av\": 100, \"New Lots Av\": 33}","source":228,"target":95,"layer":"L","from":"161 St-Yankee Stadium","to":"149 St-Grand Concourse"},"geometry":{"type":"LineString","coordinates":[[-73.925651,40.827905],[-73.927351,40.818375]]}},{"type":"Feature","properties":{"duration_avg":96.82758620689656,"n_vehicles":145,"d":918,"route_I_counts":"{\"4\": 145}","shape_id":"{\"4..N01R\": 11, \"4..N06R\": 96, \"4..N13R\": 9, \"4..N34R\": 15, \"4..N43R\": 10, \"4..N64R\": 3}","direction_id":"{\"0\": 145}","headsign":"{\"Bedford Park Blvd-Lehman College\": 4, \"Burnside Av\": 10, \"Woodlawn\": 131}","source":228,"target":94,"layer":"L","from":"161 St-Yankee Stadium","to":"167 St"},"geometry":{"type":"LineString","coordinates":[[-73.925651,40.827905],[-73.9214,40.835537]]}},{"type":"Feature","properties":{"duration_avg":90.0,"n_vehicles":127,"d":781,"route_I_counts":"{\"13\": 21, \"15\": 106}","shape_id":"{\"B..S45R\": 21, \"D..S05R\": 24, \"D..S07R\": 82}","direction_id":"{\"1\": 127}","headsign":"{\"Brighton Beach\": 21, \"Coney Island-Stillwell Av\": 106}","source":229,"target":165,"layer":"L","from":"155 St","to":"145 St"},"geometry":{"type":"LineString","coordinates":[[-73.938209,40.830135],[-73.944216,40.824783]]}},{"type":"Feature","properties":{"duration_avg":92.01923076923077,"n_vehicles":104,"d":1086,"route_I_counts":"{\"13\": 17, \"15\": 87}","shape_id":"{\"B..N45R\": 17, \"D..N05R\": 40, \"D..N07R\": 45, \"D..N16R\": 2}","direction_id":"{\"0\": 104}","headsign":"{\"Bedford Park Blvd\": 17, \"Norwood-205 St\": 87}","source":229,"target":228,"layer":"L","from":"155 St","to":"161 St-Yankee Stadium"},"geometry":{"type":"LineString","coordinates":[[-73.938209,40.830135],[-73.925651,40.827905]]}},{"type":"Feature","properties":{"shape_id":"{\"B..S45R\": 21, \"B..S46R\": 54, \"D..S05R\": 23, \"D..S07R\": 83}","direction_id":"{\"1\": 181}","headsign":"{\"Brighton Beach\": 75, \"Coney Island-Stillwell Av\": 106}","duration_avg":99.11602209944752,"n_vehicles":181,"d":468,"route_I_counts":"{\"13\": 75, \"15\": 106}","source":230,"target":231,"layer":"L","from":"7 Av","to":"47-50 Sts-Rockefeller Ctr"},"geometry":{"type":"LineString","coordinates":[[-73.981637,40.762862],[-73.981329,40.758663]]}},{"type":"Feature","properties":{"shape_id":"{\"E..S04R\": 21, \"E..S56R\": 3, \"E..S69R\": 42, \"E..S71R\": 88}","direction_id":"{\"1\": 154}","headsign":"{\"World Trade Center\": 154}","duration_avg":90.0,"n_vehicles":154,"d":369,"route_I_counts":"{\"16\": 154}","source":230,"target":176,"layer":"L","from":"7 Av","to":"50 St"},"geometry":{"type":"LineString","coordinates":[[-73.981637,40.762862],[-73.985984,40.762456]]}},{"type":"Feature","properties":{"duration_avg":75.84905660377359,"n_vehicles":159,"d":618,"route_I_counts":"{\"16\": 159}","shape_id":"{\"E..N05R\": 17, \"E..N55R\": 2, \"E..N66R\": 97, \"E..N72R\": 41}","direction_id":"{\"0\": 159}","headsign":"{\"Jamaica Center-Parsons/Archer\": 155, \"Jamaica-179 St\": 4}","source":230,"target":281,"layer":"L","from":"7 Av","to":"5 Av/53 St"},"geometry":{"type":"LineString","coordinates":[[-73.981637,40.762862],[-73.975224,40.760167]]}},{"type":"Feature","properties":{"duration_avg":127.71428571428571,"n_vehicles":175,"d":604,"route_I_counts":"{\"13\": 71, \"15\": 104}","shape_id":"{\"B..N45R\": 17, \"B..N46R\": 54, \"D..N05R\": 41, \"D..N07R\": 43, \"D..N14R\": 18, \"D..N16R\": 2}","direction_id":"{\"0\": 175}","headsign":"{\"145 St\": 54, \"Bedford Park Blvd\": 17, \"Norwood-205 St\": 104}","source":230,"target":175,"layer":"L","from":"7 Av","to":"59 St-Columbus Circle"},"geometry":{"type":"LineString","coordinates":[[-73.981637,40.762862],[-73.981736,40.768296]]}},{"type":"Feature","properties":{"shape_id":"{\"B..S45R\": 21, \"B..S46R\": 54, \"D..S05R\": 23, \"D..S07R\": 83, \"F..S68R\": 23, \"F..S69R\": 120, \"F..S72R\": 2, \"M..S20R\": 71}","direction_id":"{\"1\": 397}","headsign":"{\"Brighton Beach\": 75, \"Coney Island-Stillwell Av\": 228, \"Kings Hwy\": 23, \"Middle Village-Metropolitan Av\": 71}","duration_avg":90.0,"n_vehicles":397,"d":564,"route_I_counts":"{\"13\": 75, \"15\": 106, \"17\": 143, \"18\": 2, \"23\": 71}","source":231,"target":232,"layer":"L","from":"47-50 Sts-Rockefeller Ctr","to":"42 St-Bryant Pk"},"geometry":{"type":"LineString","coordinates":[[-73.981329,40.758663],[-73.984569,40.754222]]}},{"type":"Feature","properties":{"duration_avg":121.66666666666667,"n_vehicles":72,"d":541,"route_I_counts":"{\"23\": 72}","shape_id":"{\"M..N20R\": 72}","direction_id":"{\"0\": 72}","headsign":"{\"Forest Hills-71 Av\": 72}","source":231,"target":281,"layer":"L","from":"47-50 Sts-Rockefeller Ctr","to":"5 Av/53 St"},"geometry":{"type":"LineString","coordinates":[[-73.981329,40.758663],[-73.975224,40.760167]]}},{"type":"Feature","properties":{"duration_avg":125.2258064516129,"n_vehicles":155,"d":675,"route_I_counts":"{\"17\": 155}","shape_id":"{\"F..N68R\": 27, \"F..N69R\": 128}","direction_id":"{\"0\": 155}","headsign":"{\"Jamaica-179 St\": 155}","source":231,"target":288,"layer":"L","from":"47-50 Sts-Rockefeller Ctr","to":"57 St"},"geometry":{"type":"LineString","coordinates":[[-73.981329,40.758663],[-73.97745,40.763972]]}},{"type":"Feature","properties":{"duration_avg":90.0,"n_vehicles":174,"d":468,"route_I_counts":"{\"13\": 70, \"15\": 104}","shape_id":"{\"B..N45R\": 17, \"B..N46R\": 53, \"D..N05R\": 41, \"D..N07R\": 43, \"D..N14R\": 18, \"D..N16R\": 2}","direction_id":"{\"0\": 174}","headsign":"{\"145 St\": 53, \"Bedford Park Blvd\": 17, \"Norwood-205 St\": 104}","source":231,"target":230,"layer":"L","from":"47-50 Sts-Rockefeller Ctr","to":"7 Av"},"geometry":{"type":"LineString","coordinates":[[-73.981329,40.758663],[-73.981637,40.762862]]}},{"type":"Feature","properties":{"shape_id":"{\"B..S45R\": 21, \"B..S46R\": 54, \"D..S05R\": 23, \"D..S07R\": 83, \"F..S68R\": 23, \"F..S69R\": 120, \"F..S72R\": 2, \"M..S20R\": 71, \"N..S20R\": 19}","direction_id":"{\"1\": 784}","headsign":"{\"Brighton Beach\": 75, \"Coney Island-Stillwell Av\": 455, \"Kings Hwy\": 23, \"Middle Village-Metropolitan Av\": 71, \"86 St\": 1, \"Bay Ridge-95 St\": 88, \"Whitehall St-South Ferry\": 71}","duration_avg":104.29910374319022,"n_vehicles":784,"d":571,"route_I_counts":"{\"13\": 75, \"15\": 106, \"17\": 143, \"18\": 2, \"23\": 71, \"24\": 103, \"25\": 124, \"26\": 88, \"28\": 72}","source":232,"target":233,"layer":"L","from":"42 St-Bryant Pk","to":"34 St-Herald Sq"},"geometry":{"type":"LineString","coordinates":[[-73.984569,40.754222],[-73.987823,40.749719]]}},{"type":"Feature","properties":{"duration_avg":106.98254364089776,"n_vehicles":401,"d":564,"route_I_counts":"{\"13\": 70, \"15\": 104, \"17\": 155, \"23\": 72}","shape_id":"{\"B..N45R\": 17, \"B..N46R\": 53, \"D..N05R\": 41, \"D..N07R\": 43, \"D..N14R\": 18, \"D..N16R\": 2, \"F..N68R\": 27, \"F..N69R\": 128, \"M..N20R\": 72}","direction_id":"{\"0\": 401}","headsign":"{\"145 St\": 53, \"Bedford Park Blvd\": 17, \"Forest Hills-71 Av\": 72, \"Jamaica-179 St\": 155, \"Norwood-205 St\": 104}","source":232,"target":231,"layer":"L","from":"42 St-Bryant Pk","to":"47-50 Sts-Rockefeller Ctr"},"geometry":{"type":"LineString","coordinates":[[-73.984569,40.754222],[-73.981329,40.758663]]}},{"type":"Feature","properties":{"duration_avg":74.65295629820051,"n_vehicles":389,"d":624,"route_I_counts":"{\"1\": 176, \"2\": 121, \"3\": 92}","shape_id":"{\"1..S03R\": 169, \"1..S04R\": 7, \"2..S01R\": 106, \"2..S03R\": 1, \"2..S08R\": 14, \"3..S01R\": 91, \"3..S03R\": 1}","direction_id":"{\"1\": 389}","headsign":"{\"Flatbush Av-Brooklyn College\": 120, \"New Lots Av\": 93, \"South Ferry\": 176}","source":232,"target":22,"layer":"L","from":"42 St-Bryant Pk","to":"34 St-Penn Station"},"geometry":{"type":"LineString","coordinates":[[-73.984569,40.754222],[-73.991057,40.750373]]}},{"type":"Feature","properties":{"duration_avg":99.07692307692308,"n_vehicles":195,"d":779,"route_I_counts":"{\"1\": 183, \"2\": 12}","shape_id":"{\"1..N03R\": 183, \"2..N08R\": 12}","direction_id":"{\"0\": 195}","headsign":"{\"Van Cortlandt Park-242 St\": 183, \"Wakefield-241 St\": 12}","source":232,"target":21,"layer":"L","from":"42 St-Bryant Pk","to":"50 St"},"geometry":{"type":"LineString","coordinates":[[-73.984569,40.754222],[-73.983849,40.761728]]}},{"type":"Feature","properties":{"duration_avg":261.875,"n_vehicles":240,"d":2620,"route_I_counts":"{\"2\": 117, \"3\": 123}","shape_id":"{\"2..N01R\": 112, \"2..N03R\": 5, \"3..N01R\": 104, \"3..N42R\": 19}","direction_id":"{\"0\": 240}","headsign":"{\"Harlem-148 St\": 123, \"Wakefield-241 St\": 117}","source":232,"target":19,"layer":"L","from":"42 St-Bryant Pk","to":"72 St"},"geometry":{"type":"LineString","coordinates":[[-73.984569,40.754222],[-73.98197,40.778453]]}},{"type":"Feature","properties":{"duration_avg":217.46724890829694,"n_vehicles":229,"d":1199,"route_I_counts":"{\"9\": 225, \"10\": 4}","shape_id":"{\"7..S97R\": 213, \"7..S98R\": 4, \"7..S99R\": 12}","direction_id":"{\"1\": 229}","headsign":"{\"34 St-Hudson Yards\": 229}","source":232,"target":156,"layer":"L","from":"42 St-Bryant Pk","to":"34 St-Hudson Yards"},"geometry":{"type":"LineString","coordinates":[[-73.984569,40.754222],[-74.00191,40.755882]]}},{"type":"Feature","properties":{"duration_avg":117.87234042553192,"n_vehicles":282,"d":622,"route_I_counts":"{\"24\": 96, \"25\": 17, \"26\": 92, \"28\": 77}","shape_id":"{\"N..N20R\": 18, \"N..N23R\": 1, \"R..N93R\": 88, \"R..N96R\": 4}","direction_id":"{\"0\": 282}","headsign":"{\"96 St\": 17, \"Astoria-Ditmars Blvd\": 173, \"Forest Hills-71 Av\": 92}","source":232,"target":385,"layer":"L","from":"42 St-Bryant Pk","to":"49 St"},"geometry":{"type":"LineString","coordinates":[[-73.984569,40.754222],[-73.984139,40.759901]]}},{"type":"Feature","properties":{"duration_avg":180.0,"n_vehicles":110,"d":1225,"route_I_counts":"{\"25\": 110}","shape_id":"{}","direction_id":"{\"0\": 110}","headsign":"{\"96 St\": 110}","source":232,"target":384,"layer":"L","from":"42 St-Bryant Pk","to":"57 St-7 Av"},"geometry":{"type":"LineString","coordinates":[[-73.984569,40.754222],[-73.980658,40.764664]]}},{"type":"Feature","properties":{"duration_avg":66.13259668508287,"n_vehicles":362,"d":638,"route_I_counts":"{\"12\": 133, \"14\": 74, \"16\": 155}","shape_id":"{\"A..S87R\": 4, \"C..S04R\": 74, \"E..S04R\": 21, \"E..S56R\": 3, \"E..S69R\": 42, \"E..S71R\": 89}","direction_id":"{\"1\": 362}","headsign":"{\"Euclid Av\": 74, \"Far Rockaway-Mott Av\": 70, \"Ozone Park-Lefferts Blvd\": 58, \"Rockaway Park-Beach 116 St\": 5, \"World Trade Center\": 155}","source":232,"target":177,"layer":"L","from":"42 St-Bryant Pk","to":"34 St-Penn Station"},"geometry":{"type":"LineString","coordinates":[[-73.984569,40.754222],[-73.993391,40.752287]]}},{"type":"Feature","properties":{"duration_avg":183.8235294117647,"n_vehicles":102,"d":1396,"route_I_counts":"{\"12\": 102}","shape_id":"{\"A..N54R\": 53, \"A..N55R\": 49}","direction_id":"{\"0\": 102}","headsign":"{\"Inwood-207 St\": 102}","source":232,"target":175,"layer":"L","from":"42 St-Bryant Pk","to":"59 St-Columbus Circle"},"geometry":{"type":"LineString","coordinates":[[-73.984569,40.754222],[-73.981736,40.768296]]}},{"type":"Feature","properties":{"duration_avg":109.1015625,"n_vehicles":256,"d":654,"route_I_counts":"{\"12\": 21, \"14\": 77, \"16\": 158}","shape_id":"{\"A..N04R\": 5, \"A..N09R\": 16, \"C..N04R\": 77, \"E..N05R\": 17, \"E..N55R\": 2, \"E..N66R\": 96, \"E..N72R\": 41}","direction_id":"{\"0\": 256}","headsign":"{\"168 St\": 77, \"Inwood-207 St\": 21, \"Jamaica Center-Parsons/Archer\": 154, \"Jamaica-179 St\": 4}","source":232,"target":176,"layer":"L","from":"42 St-Bryant Pk","to":"50 St"},"geometry":{"type":"LineString","coordinates":[[-73.984569,40.754222],[-73.985984,40.762456]]}},{"type":"Feature","properties":{"duration_avg":89.0174672489083,"n_vehicles":419,"d":565,"route_I_counts":"{\"9\": 164, \"10\": 65, \"11\": 190}","shape_id":"{\"7..N95R\": 65, \"7..N97R\": 156, \"7..N98R\": 8, \"GS.S01R\": 95, \"GS.S04R\": 95}","direction_id":"{\"0\": 229, \"1\": 190}","headsign":"{\"Flushing-Main St\": 221, \"Mets-Willets Point\": 8, \"Grand Central-42 St\": 190}","source":232,"target":99,"layer":"L","from":"42 St-Bryant Pk","to":"Grand Central-42 St"},"geometry":{"type":"LineString","coordinates":[[-73.984569,40.754222],[-73.976848,40.751776]]}},{"type":"Feature","properties":{"shape_id":"{\"F..S68R\": 23, \"F..S69R\": 120, \"F..S72R\": 2, \"M..S20R\": 71}","direction_id":"{\"1\": 216}","headsign":"{\"Coney Island-Stillwell Av\": 122, \"Kings Hwy\": 23, \"Middle Village-Metropolitan Av\": 71}","duration_avg":117.77777777777777,"n_vehicles":216,"d":870,"route_I_counts":"{\"17\": 143, \"18\": 2, \"23\": 71}","source":233,"target":289,"layer":"L","from":"34 St-Herald Sq","to":"23 St"},"geometry":{"type":"LineString","coordinates":[[-73.987823,40.749719],[-73.992821,40.742878]]}},{"type":"Feature","properties":{"duration_avg":97.11914961636828,"n_vehicles":791,"d":571,"route_I_counts":"{\"13\": 70, \"15\": 104, \"17\": 154, \"23\": 72, \"24\": 97, \"25\": 126, \"26\": 92, \"28\": 76}","shape_id":"{\"B..N45R\": 17, \"B..N46R\": 53, \"D..N05R\": 41, \"D..N07R\": 43, \"D..N14R\": 18, \"D..N16R\": 2, \"F..N68R\": 27, \"F..N69R\": 127, \"M..N20R\": 72, \"N..N20R\": 19, \"N..N23R\": 1, \"R..N93R\": 88, \"R..N96R\": 4}","direction_id":"{\"0\": 791}","headsign":"{\"145 St\": 53, \"Bedford Park Blvd\": 17, \"Forest Hills-71 Av\": 164, \"Jamaica-179 St\": 154, \"Norwood-205 St\": 104, \"96 St\": 126, \"Astoria-Ditmars Blvd\": 173}","source":233,"target":232,"layer":"L","from":"34 St-Herald Sq","to":"42 St-Bryant Pk"},"geometry":{"type":"LineString","coordinates":[[-73.987823,40.749719],[-73.984569,40.754222]]}},{"type":"Feature","properties":{"duration_avg":180.0,"n_vehicles":182,"d":2210,"route_I_counts":"{\"13\": 75, \"15\": 107}","shape_id":"{\"B..S45R\": 21, \"B..S46R\": 54, \"D..S05R\": 23, \"D..S07R\": 84}","direction_id":"{\"1\": 182}","headsign":"{\"Brighton Beach\": 75, \"Coney Island-Stillwell Av\": 107}","source":233,"target":179,"layer":"L","from":"34 St-Herald Sq","to":"W 4 St-Wash Sq"},"geometry":{"type":"LineString","coordinates":[[-73.987823,40.749719],[-74.000495,40.732338]]}},{"type":"Feature","properties":{"duration_avg":60.0,"n_vehicles":198,"d":457,"route_I_counts":"{\"24\": 19, \"25\": 19, \"26\": 88, \"28\": 72}","shape_id":"{\"N..S20R\": 19}","direction_id":"{\"1\": 198}","headsign":"{\"86 St\": 1, \"Bay Ridge-95 St\": 88, \"Coney Island-Stillwell Av\": 38, \"Whitehall St-South Ferry\": 71}","source":233,"target":386,"layer":"L","from":"34 St-Herald Sq","to":"28 St"},"geometry":{"type":"LineString","coordinates":[[-73.987823,40.749719],[-73.988691,40.745494]]}},{"type":"Feature","properties":{"duration_avg":177.47368421052633,"n_vehicles":190,"d":1555,"route_I_counts":"{\"24\": 85, \"25\": 105}","shape_id":"{}","direction_id":"{\"1\": 190}","headsign":"{\"Coney Island-Stillwell Av\": 190}","source":233,"target":367,"layer":"L","from":"34 St-Herald Sq","to":"14 St-Union Sq"},"geometry":{"type":"LineString","coordinates":[[-73.987823,40.749719],[-73.99073,40.734789]]}},{"type":"Feature","properties":{"shape_id":"{\"B..S45R\": 21, \"B..S46R\": 55, \"D..S05R\": 23, \"D..S07R\": 84}","direction_id":"{\"1\": 183}","headsign":"{\"Brighton Beach\": 76, \"Coney Island-Stillwell Av\": 107}","duration_avg":120.0,"n_vehicles":183,"d":809,"route_I_counts":"{\"13\": 76, \"15\": 107}","source":234,"target":235,"layer":"L","from":"Broadway-Lafayette St","to":"Grand St"},"geometry":{"type":"LineString","coordinates":[[-73.996204,40.725297],[-73.993753,40.718267]]}},{"type":"Feature","properties":{"shape_id":"{\"F..S68R\": 23, \"F..S69R\": 122, \"F..S72R\": 2}","direction_id":"{\"1\": 147}","headsign":"{\"Coney Island-Stillwell Av\": 124, \"Kings Hwy\": 23}","duration_avg":90.0,"n_vehicles":147,"d":569,"route_I_counts":"{\"17\": 145, \"18\": 2}","source":234,"target":290,"layer":"L","from":"Broadway-Lafayette St","to":"2 Av"},"geometry":{"type":"LineString","coordinates":[[-73.996204,40.725297],[-73.989938,40.723402]]}},{"type":"Feature","properties":{"duration_avg":152.6448362720403,"n_vehicles":397,"d":863,"route_I_counts":"{\"13\": 70, \"15\": 103, \"17\": 153, \"23\": 71}","shape_id":"{\"B..N45R\": 17, \"B..N46R\": 53, \"D..N05R\": 41, \"D..N07R\": 42, \"D..N14R\": 18, \"D..N16R\": 2, \"F..N68R\": 27, \"F..N69R\": 126, \"M..N20R\": 71}","direction_id":"{\"0\": 397}","headsign":"{\"145 St\": 53, \"Bedford Park Blvd\": 17, \"Forest Hills-71 Av\": 71, \"Jamaica-179 St\": 153, \"Norwood-205 St\": 103}","source":234,"target":179,"layer":"L","from":"Broadway-Lafayette St","to":"W 4 St-Wash Sq"},"geometry":{"type":"LineString","coordinates":[[-73.996204,40.725297],[-74.000495,40.732338]]}},{"type":"Feature","properties":{"duration_avg":60.0,"n_vehicles":224,"d":453,"route_I_counts":"{\"4\": 13, \"7\": 188, \"8\": 23}","shape_id":"{\"4..S13R\": 13, \"6..S01R\": 111, \"6..S02R\": 12, \"6..S03R\": 76, \"6..S06R\": 1}","direction_id":"{\"1\": 224}","headsign":"{\"Brooklyn Bridge-City Hall\": 211, \"New Lots Av\": 13}","source":234,"target":114,"layer":"L","from":"Broadway-Lafayette St","to":"Spring St"},"geometry":{"type":"LineString","coordinates":[[-73.996204,40.725297],[-73.997141,40.722301]]}},{"type":"Feature","properties":{"duration_avg":90.0,"n_vehicles":225,"d":551,"route_I_counts":"{\"4\": 11, \"7\": 151, \"8\": 63}","shape_id":"{\"4..N13R\": 11, \"6..N01R\": 77, \"6..N02R\": 63, \"6..N03R\": 74}","direction_id":"{\"0\": 225}","headsign":"{\"Parkchester\": 74, \"Pelham Bay Park\": 140, \"Woodlawn\": 11}","source":234,"target":113,"layer":"L","from":"Broadway-Lafayette St","to":"Astor Pl"},"geometry":{"type":"LineString","coordinates":[[-73.996204,40.725297],[-73.99107,40.730054]]}},{"type":"Feature","properties":{"duration_avg":180.0,"n_vehicles":72,"d":1072,"route_I_counts":"{\"23\": 72}","shape_id":"{\"M..S20R\": 72}","direction_id":"{\"1\": 72}","headsign":"{\"Middle Village-Metropolitan Av\": 72}","source":234,"target":291,"layer":"L","from":"Broadway-Lafayette St","to":"Delancey St-Essex St"},"geometry":{"type":"LineString","coordinates":[[-73.996204,40.725297],[-73.988114,40.718611]]}},{"type":"Feature","properties":{"shape_id":"{\"B..S45R\": 21, \"B..S46R\": 55, \"D..S05R\": 22}","direction_id":"{\"1\": 98}","headsign":"{\"Brighton Beach\": 76, \"Coney Island-Stillwell Av\": 22}","duration_avg":496.83673469387753,"n_vehicles":98,"d":3236,"route_I_counts":"{\"13\": 76, \"15\": 22}","source":235,"target":236,"layer":"L","from":"Grand St","to":"DeKalb Av"},"geometry":{"type":"LineString","coordinates":[[-73.993753,40.718267],[-73.981824,40.690635]]}},{"type":"Feature","properties":{"duration_avg":126.0,"n_vehicles":170,"d":809,"route_I_counts":"{\"13\": 69, \"15\": 101}","shape_id":"{\"B..N45R\": 17, \"B..N46R\": 52, \"D..N05R\": 41, \"D..N07R\": 42, \"D..N14R\": 18}","direction_id":"{\"0\": 170}","headsign":"{\"145 St\": 52, \"Bedford Park Blvd\": 17, \"Norwood-205 St\": 101}","source":235,"target":234,"layer":"L","from":"Grand St","to":"Broadway-Lafayette St"},"geometry":{"type":"LineString","coordinates":[[-73.993753,40.718267],[-73.996204,40.725297]]}},{"type":"Feature","properties":{"duration_avg":640.0,"n_vehicles":84,"d":4052,"route_I_counts":"{\"15\": 84}","shape_id":"{\"D..S07R\": 84}","direction_id":"{\"1\": 84}","headsign":"{\"Coney Island-Stillwell Av\": 84}","source":235,"target":61,"layer":"L","from":"Grand St","to":"Atlantic Av-Barclays Ctr"},"geometry":{"type":"LineString","coordinates":[[-73.993753,40.718267],[-73.977666,40.684359]]}},{"type":"Feature","properties":{"duration_avg":482.45454545454544,"n_vehicles":110,"d":3236,"route_I_counts":"{\"13\": 69, \"15\": 41}","shape_id":"{\"B..N45R\": 17, \"B..N46R\": 52, \"D..N05R\": 41}","direction_id":"{\"0\": 110}","headsign":"{\"145 St\": 52, \"Bedford Park Blvd\": 17, \"Norwood-205 St\": 41}","source":236,"target":235,"layer":"L","from":"DeKalb Av","to":"Grand St"},"geometry":{"type":"LineString","coordinates":[[-73.981824,40.690635],[-73.993753,40.718267]]}},{"type":"Feature","properties":{"duration_avg":142.1327267861921,"n_vehicles":350,"d":803,"route_I_counts":"{\"13\": 77, \"25\": 125, \"15\": 22, \"24\": 17, \"26\": 107, \"28\": 2}","shape_id":"{\"B..S45R\": 21, \"B..S46R\": 56, \"D..S05R\": 22, \"N..S20R\": 17}","direction_id":"{\"1\": 350}","headsign":"{\"Brighton Beach\": 77, \"Coney Island-Stillwell Av\": 164, \"86 St\": 2, \"Bay Ridge-95 St\": 107}","source":236,"target":61,"layer":"L","from":"DeKalb Av","to":"Atlantic Av-Barclays Ctr"},"geometry":{"type":"LineString","coordinates":[[-73.981824,40.690635],[-73.977666,40.684359]]}},{"type":"Feature","properties":{"duration_avg":90.0,"n_vehicles":129,"d":387,"route_I_counts":"{\"24\": 20, \"26\": 108, \"28\": 1}","shape_id":"{\"N..N20R\": 20, \"R..N93R\": 86, \"R..N96R\": 4}","direction_id":"{\"0\": 129}","headsign":"{\"Astoria-Ditmars Blvd\": 21, \"Forest Hills-71 Av\": 90, \"Whitehall St-South Ferry\": 18}","source":236,"target":184,"layer":"L","from":"DeKalb Av","to":"Jay St-MetroTech"},"geometry":{"type":"LineString","coordinates":[[-73.981824,40.690635],[-73.987342,40.692338]]}},{"type":"Feature","properties":{"duration_avg":489.2142857142857,"n_vehicles":140,"d":3466,"route_I_counts":"{\"24\": 20, \"25\": 120}","shape_id":"{\"N..N23R\": 1}","direction_id":"{\"0\": 140}","headsign":"{\"96 St\": 120, \"Astoria-Ditmars Blvd\": 20}","source":236,"target":115,"layer":"L","from":"DeKalb Av","to":"Canal St"},"geometry":{"type":"LineString","coordinates":[[-73.981824,40.690635],[-74.000193,40.718803]]}},{"type":"Feature","properties":{"shape_id":"{\"B..S45R\": 21, \"B..S46R\": 56}","direction_id":"{\"1\": 201}","headsign":"{\"Brighton Beach\": 77, \"Coney Island-Stillwell Av\": 124}","duration_avg":245.37313432835822,"n_vehicles":201,"d":1919,"route_I_counts":"{\"13\": 77, \"25\": 124}","source":237,"target":238,"layer":"L","from":"7 Av","to":"Prospect Park"},"geometry":{"type":"LineString","coordinates":[[-73.972367,40.67705],[-73.962246,40.661614]]}},{"type":"Feature","properties":{"duration_avg":137.77777777777777,"n_vehicles":189,"d":908,"route_I_counts":"{\"13\": 68, \"25\": 121}","shape_id":"{\"B..N45R\": 17, \"B..N46R\": 51}","direction_id":"{\"0\": 189}","headsign":"{\"145 St\": 51, \"96 St\": 121, \"Bedford Park Blvd\": 17}","source":237,"target":61,"layer":"L","from":"7 Av","to":"Atlantic Av-Barclays Ctr"},"geometry":{"type":"LineString","coordinates":[[-73.972367,40.67705],[-73.977666,40.684359]]}},{"type":"Feature","properties":{"shape_id":"{\"B..S45R\": 22, \"B..S46R\": 56}","direction_id":"{\"1\": 78}","headsign":"{\"Brighton Beach\": 78}","duration_avg":120.0,"n_vehicles":78,"d":1235,"route_I_counts":"{\"13\": 78}","source":238,"target":239,"layer":"L","from":"Prospect Park","to":"Church Av"},"geometry":{"type":"LineString","coordinates":[[-73.962246,40.661614],[-73.962982,40.650527]]}},{"type":"Feature","properties":{"shape_id":"{}","direction_id":"{\"1\": 124}","headsign":"{\"Coney Island-Stillwell Av\": 124}","duration_avg":92.66129032258064,"n_vehicles":124,"d":706,"route_I_counts":"{\"25\": 124}","source":238,"target":408,"layer":"L","from":"Prospect Park","to":"Parkside Av"},"geometry":{"type":"LineString","coordinates":[[-73.962246,40.661614],[-73.961495,40.655292]]}},{"type":"Feature","properties":{"duration_avg":230.2139037433155,"n_vehicles":187,"d":1919,"route_I_counts":"{\"13\": 67, \"25\": 120}","shape_id":"{\"B..N45R\": 17, \"B..N46R\": 50}","direction_id":"{\"0\": 187}","headsign":"{\"145 St\": 50, \"96 St\": 120, \"Bedford Park Blvd\": 17}","source":238,"target":237,"layer":"L","from":"Prospect Park","to":"7 Av"},"geometry":{"type":"LineString","coordinates":[[-73.962246,40.661614],[-73.972367,40.67705]]}},{"type":"Feature","properties":{"duration_avg":180.0,"n_vehicles":92,"d":1004,"route_I_counts":"{\"19\": 92}","shape_id":"{\"FS.N01R\": 92}","direction_id":"{\"0\": 92}","headsign":"{\"Franklin Av\": 92}","source":238,"target":65,"layer":"L","from":"Prospect Park","to":"Franklin Av-Medgar Evers College"},"geometry":{"type":"LineString","coordinates":[[-73.962246,40.661614],[-73.958131,40.670682]]}},{"type":"Feature","properties":{"shape_id":"{\"B..S45R\": 22, \"B..S46R\": 56}","direction_id":"{\"1\": 78}","headsign":"{\"Brighton Beach\": 78}","duration_avg":150.0,"n_vehicles":78,"d":1719,"route_I_counts":"{\"13\": 78}","source":239,"target":240,"layer":"L","from":"Church Av","to":"Newkirk Plaza"},"geometry":{"type":"LineString","coordinates":[[-73.962982,40.650527],[-73.962793,40.635082]]}},{"type":"Feature","properties":{"shape_id":"{}","direction_id":"{\"1\": 125}","headsign":"{\"Coney Island-Stillwell Av\": 125}","duration_avg":92.64,"n_vehicles":125,"d":734,"route_I_counts":"{\"25\": 125}","source":239,"target":409,"layer":"L","from":"Church Av","to":"Beverley Rd"},"geometry":{"type":"LineString","coordinates":[[-73.962982,40.650527],[-73.964492,40.644031]]}},{"type":"Feature","properties":{"duration_avg":90.0,"n_vehicles":120,"d":545,"route_I_counts":"{\"25\": 120}","shape_id":"{}","direction_id":"{\"0\": 120}","headsign":"{\"96 St\": 120}","source":239,"target":408,"layer":"L","from":"Church Av","to":"Parkside Av"},"geometry":{"type":"LineString","coordinates":[[-73.962982,40.650527],[-73.961495,40.655292]]}},{"type":"Feature","properties":{"duration_avg":120.0,"n_vehicles":67,"d":1235,"route_I_counts":"{\"13\": 67}","shape_id":"{\"B..N45R\": 17, \"B..N46R\": 50}","direction_id":"{\"0\": 67}","headsign":"{\"145 St\": 50, \"Bedford Park Blvd\": 17}","source":239,"target":238,"layer":"L","from":"Church Av","to":"Prospect Park"},"geometry":{"type":"LineString","coordinates":[[-73.962982,40.650527],[-73.962246,40.661614]]}},{"type":"Feature","properties":{"shape_id":"{\"B..S45R\": 22, \"B..S46R\": 56}","direction_id":"{\"1\": 78}","headsign":"{\"Brighton Beach\": 78}","duration_avg":245.0,"n_vehicles":78,"d":2971,"route_I_counts":"{\"13\": 78}","source":240,"target":241,"layer":"L","from":"Newkirk Plaza","to":"Kings Hwy"},"geometry":{"type":"LineString","coordinates":[[-73.962793,40.635082],[-73.957734,40.60867]]}},{"type":"Feature","properties":{"shape_id":"{}","direction_id":"{\"1\": 126}","headsign":"{\"Coney Island-Stillwell Av\": 126}","duration_avg":73.80952380952381,"n_vehicles":126,"d":654,"route_I_counts":"{\"25\": 126}","source":240,"target":411,"layer":"L","from":"Newkirk Plaza","to":"Avenue H"},"geometry":{"type":"LineString","coordinates":[[-73.962793,40.635082],[-73.961639,40.62927]]}},{"type":"Feature","properties":{"duration_avg":90.0,"n_vehicles":119,"d":657,"route_I_counts":"{\"25\": 119}","shape_id":"{}","direction_id":"{\"0\": 119}","headsign":"{\"96 St\": 119}","source":240,"target":410,"layer":"L","from":"Newkirk Plaza","to":"Cortelyou Rd"},"geometry":{"type":"LineString","coordinates":[[-73.962793,40.635082],[-73.963891,40.640927]]}},{"type":"Feature","properties":{"duration_avg":150.0,"n_vehicles":67,"d":1719,"route_I_counts":"{\"13\": 67}","shape_id":"{\"B..N45R\": 17, \"B..N46R\": 50}","direction_id":"{\"0\": 67}","headsign":"{\"145 St\": 50, \"Bedford Park Blvd\": 17}","source":240,"target":239,"layer":"L","from":"Newkirk Plaza","to":"Church Av"},"geometry":{"type":"LineString","coordinates":[[-73.962793,40.635082],[-73.962982,40.650527]]}},{"type":"Feature","properties":{"shape_id":"{\"B..S45R\": 23, \"B..S46R\": 56}","direction_id":"{\"1\": 79}","headsign":"{\"Brighton Beach\": 79}","duration_avg":257.46835443037975,"n_vehicles":79,"d":2442,"route_I_counts":"{\"13\": 79}","source":241,"target":242,"layer":"L","from":"Kings Hwy","to":"Sheepshead Bay"},"geometry":{"type":"LineString","coordinates":[[-73.957734,40.60867],[-73.954155,40.586896]]}},{"type":"Feature","properties":{"shape_id":"{}","direction_id":"{\"1\": 127}","headsign":"{\"Coney Island-Stillwell Av\": 127}","duration_avg":155.90551181102362,"n_vehicles":127,"d":1054,"route_I_counts":"{\"25\": 127}","source":241,"target":414,"layer":"L","from":"Kings Hwy","to":"Avenue U"},"geometry":{"type":"LineString","coordinates":[[-73.957734,40.60867],[-73.955929,40.5993]]}},{"type":"Feature","properties":{"duration_avg":139.75,"n_vehicles":120,"d":1005,"route_I_counts":"{\"25\": 120}","shape_id":"{}","direction_id":"{\"0\": 120}","headsign":"{\"96 St\": 120}","source":241,"target":413,"layer":"L","from":"Kings Hwy","to":"Avenue M"},"geometry":{"type":"LineString","coordinates":[[-73.957734,40.60867],[-73.959399,40.617618]]}},{"type":"Feature","properties":{"duration_avg":270.0,"n_vehicles":67,"d":2971,"route_I_counts":"{\"13\": 67}","shape_id":"{\"B..N45R\": 17, \"B..N46R\": 50}","direction_id":"{\"0\": 67}","headsign":"{\"145 St\": 50, \"Bedford Park Blvd\": 17}","source":241,"target":240,"layer":"L","from":"Kings Hwy","to":"Newkirk Plaza"},"geometry":{"type":"LineString","coordinates":[[-73.957734,40.60867],[-73.962793,40.635082]]}},{"type":"Feature","properties":{"shape_id":"{\"B..S45R\": 23, \"B..S46R\": 56}","direction_id":"{\"1\": 205}","headsign":"{\"Brighton Beach\": 79, \"Coney Island-Stillwell Av\": 126}","duration_avg":120.0,"n_vehicles":205,"d":1199,"route_I_counts":"{\"13\": 79, \"25\": 126}","source":242,"target":243,"layer":"L","from":"Sheepshead Bay","to":"Brighton Beach"},"geometry":{"type":"LineString","coordinates":[[-73.954155,40.586896],[-73.961376,40.577621]]}},{"type":"Feature","properties":{"duration_avg":240.0,"n_vehicles":66,"d":2442,"route_I_counts":"{\"13\": 66}","shape_id":"{\"B..N45R\": 17, \"B..N46R\": 49}","direction_id":"{\"0\": 66}","headsign":"{\"145 St\": 49, \"Bedford Park Blvd\": 17}","source":242,"target":241,"layer":"L","from":"Sheepshead Bay","to":"Kings Hwy"},"geometry":{"type":"LineString","coordinates":[[-73.954155,40.586896],[-73.957734,40.60867]]}},{"type":"Feature","properties":{"duration_avg":120.0,"n_vehicles":119,"d":933,"route_I_counts":"{\"25\": 119}","shape_id":"{}","direction_id":"{\"0\": 119}","headsign":"{\"96 St\": 119}","source":242,"target":415,"layer":"L","from":"Sheepshead Bay","to":"Neck Rd"},"geometry":{"type":"LineString","coordinates":[[-73.954155,40.586896],[-73.955161,40.595246]]}},{"type":"Feature","properties":{"shape_id":"{}","direction_id":"{\"1\": 127}","headsign":"{\"Coney Island-Stillwell Av\": 127}","duration_avg":120.0,"n_vehicles":127,"d":619,"route_I_counts":"{\"25\": 127}","source":243,"target":416,"layer":"L","from":"Brighton Beach","to":"Ocean Pkwy"},"geometry":{"type":"LineString","coordinates":[[-73.961376,40.577621],[-73.968501,40.576312]]}},{"type":"Feature","properties":{"duration_avg":120.0,"n_vehicles":185,"d":1199,"route_I_counts":"{\"13\": 66, \"25\": 119}","shape_id":"{\"B..N45R\": 17, \"B..N46R\": 49}","direction_id":"{\"0\": 185}","headsign":"{\"145 St\": 49, \"96 St\": 119, \"Bedford Park Blvd\": 17}","source":243,"target":242,"layer":"L","from":"Brighton Beach","to":"Sheepshead Bay"},"geometry":{"type":"LineString","coordinates":[[-73.961376,40.577621],[-73.954155,40.586896]]}},{"type":"Feature","properties":{"shape_id":"{\"D..S05R\": 25, \"D..S07R\": 80}","direction_id":"{\"1\": 105}","headsign":"{\"Coney Island-Stillwell Av\": 105}","duration_avg":120.0,"n_vehicles":105,"d":718,"route_I_counts":"{\"15\": 105}","source":244,"target":220,"layer":"L","from":"Norwood-205 St","to":"Bedford Park Blvd"},"geometry":{"type":"LineString","coordinates":[[-73.878855,40.874811],[-73.887138,40.873244]]}},{"type":"Feature","properties":{"duration_avg":120.0,"n_vehicles":190,"d":794,"route_I_counts":"{\"15\": 42, \"24\": 40, \"26\": 107, \"28\": 1}","shape_id":"{\"D..N05R\": 42, \"N..N20R\": 20, \"N..N23R\": 1, \"R..N93R\": 85, \"R..N96R\": 4}","direction_id":"{\"0\": 190}","headsign":"{\"Astoria-Ditmars Blvd\": 41, \"Forest Hills-71 Av\": 89, \"Norwood-205 St\": 42, \"Whitehall St-South Ferry\": 18}","source":245,"target":61,"layer":"L","from":"Union St","to":"Atlantic Av-Barclays Ctr"},"geometry":{"type":"LineString","coordinates":[[-73.98311,40.677316],[-73.977666,40.684359]]}},{"type":"Feature","properties":{"duration_avg":114.12162162162163,"n_vehicles":148,"d":843,"route_I_counts":"{\"15\": 22, \"24\": 17, \"26\": 107, \"28\": 2}","shape_id":"{\"D..S05R\": 22, \"N..S20R\": 17}","direction_id":"{\"1\": 148}","headsign":"{\"86 St\": 2, \"Bay Ridge-95 St\": 107, \"Coney Island-Stillwell Av\": 39}","source":245,"target":297,"layer":"L","from":"Union St","to":"4 Av-9 St"},"geometry":{"type":"LineString","coordinates":[[-73.98311,40.677316],[-73.989779,40.670272]]}},{"type":"Feature","properties":{"shape_id":"{\"D..S05R\": 22, \"N..S20R\": 17}","direction_id":"{\"1\": 149}","headsign":"{\"86 St\": 2, \"Bay Ridge-95 St\": 108, \"Coney Island-Stillwell Av\": 39}","duration_avg":96.64429530201342,"n_vehicles":149,"d":711,"route_I_counts":"{\"15\": 22, \"24\": 17, \"26\": 108, \"28\": 2}","source":246,"target":247,"layer":"L","from":"Prospect Av","to":"25 St"},"geometry":{"type":"LineString","coordinates":[[-73.992872,40.665414],[-73.998091,40.660397]]}},{"type":"Feature","properties":{"duration_avg":112.73684210526316,"n_vehicles":190,"d":717,"route_I_counts":"{\"15\": 42, \"24\": 40, \"26\": 107, \"28\": 1}","shape_id":"{\"D..N05R\": 42, \"N..N20R\": 20, \"N..N23R\": 1, \"R..N93R\": 85, \"R..N96R\": 4}","direction_id":"{\"0\": 190}","headsign":"{\"Astoria-Ditmars Blvd\": 41, \"Forest Hills-71 Av\": 89, \"Norwood-205 St\": 42, \"Whitehall St-South Ferry\": 18}","source":246,"target":297,"layer":"L","from":"Prospect Av","to":"4 Av-9 St"},"geometry":{"type":"LineString","coordinates":[[-73.992872,40.665414],[-73.989779,40.670272]]}},{"type":"Feature","properties":{"shape_id":"{\"D..S05R\": 22, \"N..S20R\": 17}","direction_id":"{\"1\": 149}","headsign":"{\"86 St\": 2, \"Bay Ridge-95 St\": 108, \"Coney Island-Stillwell Av\": 39}","duration_avg":107.51677852348993,"n_vehicles":149,"d":744,"route_I_counts":"{\"15\": 22, \"24\": 17, \"26\": 108, \"28\": 2}","source":247,"target":248,"layer":"L","from":"25 St","to":"36 St"},"geometry":{"type":"LineString","coordinates":[[-73.998091,40.660397],[-74.003549,40.655144]]}},{"type":"Feature","properties":{"duration_avg":93.4920634920635,"n_vehicles":189,"d":711,"route_I_counts":"{\"15\": 42, \"24\": 40, \"26\": 106, \"28\": 1}","shape_id":"{\"D..N05R\": 42, \"N..N20R\": 20, \"N..N23R\": 1, \"R..N93R\": 84, \"R..N96R\": 4}","direction_id":"{\"0\": 189}","headsign":"{\"Astoria-Ditmars Blvd\": 41, \"Forest Hills-71 Av\": 88, \"Norwood-205 St\": 42, \"Whitehall St-South Ferry\": 18}","source":247,"target":246,"layer":"L","from":"25 St","to":"Prospect Av"},"geometry":{"type":"LineString","coordinates":[[-73.998091,40.660397],[-73.992872,40.665414]]}},{"type":"Feature","properties":{"shape_id":"{\"D..S05R\": 22, \"D..S07R\": 86}","direction_id":"{\"1\": 108}","headsign":"{\"Coney Island-Stillwell Av\": 108}","duration_avg":240.0,"n_vehicles":108,"d":1256,"route_I_counts":"{\"15\": 108}","source":248,"target":249,"layer":"L","from":"36 St","to":"9 Av"},"geometry":{"type":"LineString","coordinates":[[-74.003549,40.655144],[-73.994324,40.646292]]}},{"type":"Feature","properties":{"shape_id":"{\"N..S20R\": 17}","direction_id":"{\"1\": 132}","headsign":"{\"86 St\": 2, \"Bay Ridge-95 St\": 108, \"Coney Island-Stillwell Av\": 22}","duration_avg":138.86363636363637,"n_vehicles":132,"d":880,"route_I_counts":"{\"24\": 22, \"26\": 108, \"28\": 2}","source":248,"target":393,"layer":"L","from":"36 St","to":"45 St"},"geometry":{"type":"LineString","coordinates":[[-74.003549,40.655144],[-74.010006,40.648939]]}},{"type":"Feature","properties":{"shape_id":"{}","direction_id":"{\"1\": 83}","headsign":"{\"Coney Island-Stillwell Av\": 83}","duration_avg":210.0,"n_vehicles":83,"d":1954,"route_I_counts":"{\"24\": 83}","source":248,"target":395,"layer":"L","from":"36 St","to":"59 St"},"geometry":{"type":"LineString","coordinates":[[-74.003549,40.655144],[-74.017881,40.641362]]}},{"type":"Feature","properties":{"duration_avg":106.03174603174604,"n_vehicles":189,"d":744,"route_I_counts":"{\"15\": 42, \"24\": 40, \"26\": 106, \"28\": 1}","shape_id":"{\"D..N05R\": 42, \"N..N20R\": 20, \"N..N23R\": 1, \"R..N93R\": 84, \"R..N96R\": 4}","direction_id":"{\"0\": 189}","headsign":"{\"Astoria-Ditmars Blvd\": 41, \"Forest Hills-71 Av\": 88, \"Norwood-205 St\": 42, \"Whitehall St-South Ferry\": 18}","source":248,"target":247,"layer":"L","from":"36 St","to":"25 St"},"geometry":{"type":"LineString","coordinates":[[-74.003549,40.655144],[-73.998091,40.660397]]}},{"type":"Feature","properties":{"duration_avg":330.0,"n_vehicles":118,"d":3800,"route_I_counts":"{\"15\": 58, \"24\": 56, \"25\": 4}","shape_id":"{\"D..N07R\": 40, \"D..N14R\": 18}","direction_id":"{\"0\": 118}","headsign":"{\"96 St\": 4, \"Astoria-Ditmars Blvd\": 56, \"Norwood-205 St\": 58}","source":248,"target":61,"layer":"L","from":"36 St","to":"Atlantic Av-Barclays Ctr"},"geometry":{"type":"LineString","coordinates":[[-74.003549,40.655144],[-73.977666,40.684359]]}},{"type":"Feature","properties":{"shape_id":"{\"D..S05R\": 22, \"D..S07R\": 86}","direction_id":"{\"1\": 108}","headsign":"{\"Coney Island-Stillwell Av\": 108}","duration_avg":124.16666666666667,"n_vehicles":108,"d":598,"route_I_counts":"{\"15\": 108}","source":249,"target":250,"layer":"L","from":"9 Av","to":"Fort Hamilton Pkwy"},"geometry":{"type":"LineString","coordinates":[[-73.994324,40.646292],[-73.994304,40.640914]]}},{"type":"Feature","properties":{"duration_avg":240.0,"n_vehicles":100,"d":1256,"route_I_counts":"{\"15\": 100}","shape_id":"{\"D..N05R\": 42, \"D..N07R\": 40, \"D..N14R\": 18}","direction_id":"{\"0\": 100}","headsign":"{\"Norwood-205 St\": 100}","source":249,"target":248,"layer":"L","from":"9 Av","to":"36 St"},"geometry":{"type":"LineString","coordinates":[[-73.994324,40.646292],[-74.003549,40.655144]]}},{"type":"Feature","properties":{"shape_id":"{\"D..S05R\": 22, \"D..S07R\": 86, \"D..S14R\": 1}","direction_id":"{\"1\": 109}","headsign":"{\"Coney Island-Stillwell Av\": 109}","duration_avg":90.0,"n_vehicles":109,"d":519,"route_I_counts":"{\"15\": 109}","source":250,"target":251,"layer":"L","from":"Fort Hamilton Pkwy","to":"50 St"},"geometry":{"type":"LineString","coordinates":[[-73.994304,40.640914],[-73.994791,40.63626]]}},{"type":"Feature","properties":{"duration_avg":143.76237623762376,"n_vehicles":101,"d":598,"route_I_counts":"{\"15\": 101}","shape_id":"{\"D..N05R\": 43, \"D..N07R\": 40, \"D..N14R\": 18}","direction_id":"{\"0\": 101}","headsign":"{\"Norwood-205 St\": 101}","source":250,"target":249,"layer":"L","from":"Fort Hamilton Pkwy","to":"9 Av"},"geometry":{"type":"LineString","coordinates":[[-73.994304,40.640914],[-73.994324,40.646292]]}},{"type":"Feature","properties":{"shape_id":"{\"D..S05R\": 21, \"D..S07R\": 86, \"D..S14R\": 1}","direction_id":"{\"1\": 108}","headsign":"{\"Coney Island-Stillwell Av\": 108}","duration_avg":115.83333333333333,"n_vehicles":108,"d":540,"route_I_counts":"{\"15\": 108}","source":251,"target":252,"layer":"L","from":"50 St","to":"55 St"},"geometry":{"type":"LineString","coordinates":[[-73.994791,40.63626],[-73.995476,40.631435]]}},{"type":"Feature","properties":{"duration_avg":90.0,"n_vehicles":101,"d":519,"route_I_counts":"{\"15\": 101}","shape_id":"{\"D..N05R\": 43, \"D..N07R\": 40, \"D..N14R\": 18}","direction_id":"{\"0\": 101}","headsign":"{\"Norwood-205 St\": 101}","source":251,"target":250,"layer":"L","from":"50 St","to":"Fort Hamilton Pkwy"},"geometry":{"type":"LineString","coordinates":[[-73.994791,40.63626],[-73.994304,40.640914]]}},{"type":"Feature","properties":{"duration_avg":96.3,"n_vehicles":100,"d":540,"route_I_counts":"{\"15\": 100}","shape_id":"{\"D..N05R\": 43, \"D..N07R\": 39, \"D..N14R\": 18}","direction_id":"{\"0\": 100}","headsign":"{\"Norwood-205 St\": 100}","source":252,"target":251,"layer":"L","from":"55 St","to":"50 St"},"geometry":{"type":"LineString","coordinates":[[-73.995476,40.631435],[-73.994791,40.63626]]}},{"type":"Feature","properties":{"duration_avg":94.16666666666667,"n_vehicles":108,"d":565,"route_I_counts":"{\"15\": 108}","shape_id":"{\"D..S05R\": 21, \"D..S07R\": 86, \"D..S14R\": 1}","direction_id":"{\"1\": 108}","headsign":"{\"Coney Island-Stillwell Av\": 108}","source":252,"target":398,"layer":"L","from":"55 St","to":"New Utrecht Av"},"geometry":{"type":"LineString","coordinates":[[-73.995476,40.631435],[-73.996353,40.624842]]}},{"type":"Feature","properties":{"shape_id":"{\"D..S05R\": 21, \"D..S07R\": 86, \"D..S14R\": 1}","direction_id":"{\"1\": 108}","headsign":"{\"Coney Island-Stillwell Av\": 108}","duration_avg":115.83333333333333,"n_vehicles":108,"d":693,"route_I_counts":"{\"15\": 108}","source":253,"target":254,"layer":"L","from":"71 St","to":"79 St"},"geometry":{"type":"LineString","coordinates":[[-73.998864,40.619589],[-74.00061,40.613501]]}},{"type":"Feature","properties":{"duration_avg":120.0,"n_vehicles":100,"d":784,"route_I_counts":"{\"15\": 100}","shape_id":"{\"D..N05R\": 43, \"D..N07R\": 39, \"D..N14R\": 18}","direction_id":"{\"0\": 100}","headsign":"{\"Norwood-205 St\": 100}","source":253,"target":398,"layer":"L","from":"71 St","to":"New Utrecht Av"},"geometry":{"type":"LineString","coordinates":[[-73.998864,40.619589],[-73.996353,40.624842]]}},{"type":"Feature","properties":{"shape_id":"{\"D..S05R\": 21, \"D..S07R\": 86, \"D..S14R\": 2}","direction_id":"{\"1\": 109}","headsign":"{\"Coney Island-Stillwell Av\": 109}","duration_avg":90.0,"n_vehicles":109,"d":624,"route_I_counts":"{\"15\": 109}","source":254,"target":255,"layer":"L","from":"79 St","to":"18 Av"},"geometry":{"type":"LineString","coordinates":[[-74.00061,40.613501],[-74.001736,40.607954]]}},{"type":"Feature","properties":{"duration_avg":90.0,"n_vehicles":100,"d":693,"route_I_counts":"{\"15\": 100}","shape_id":"{\"D..N05R\": 43, \"D..N07R\": 39, \"D..N14R\": 18}","direction_id":"{\"0\": 100}","headsign":"{\"Norwood-205 St\": 100}","source":254,"target":253,"layer":"L","from":"79 St","to":"71 St"},"geometry":{"type":"LineString","coordinates":[[-74.00061,40.613501],[-73.998864,40.619589]]}},{"type":"Feature","properties":{"shape_id":"{\"D..S05R\": 21, \"D..S07R\": 86, \"D..S14R\": 2}","direction_id":"{\"1\": 109}","headsign":"{\"Coney Island-Stillwell Av\": 109}","duration_avg":90.0,"n_vehicles":109,"d":483,"route_I_counts":"{\"15\": 109}","source":255,"target":256,"layer":"L","from":"18 Av","to":"20 Av"},"geometry":{"type":"LineString","coordinates":[[-74.001736,40.607954],[-73.998168,40.604556]]}},{"type":"Feature","properties":{"duration_avg":90.0,"n_vehicles":100,"d":624,"route_I_counts":"{\"15\": 100}","shape_id":"{\"D..N05R\": 43, \"D..N07R\": 39, \"D..N14R\": 18}","direction_id":"{\"0\": 100}","headsign":"{\"Norwood-205 St\": 100}","source":255,"target":254,"layer":"L","from":"18 Av","to":"79 St"},"geometry":{"type":"LineString","coordinates":[[-74.001736,40.607954],[-74.00061,40.613501]]}},{"type":"Feature","properties":{"shape_id":"{\"D..S05R\": 21, \"D..S07R\": 86, \"D..S14R\": 2}","direction_id":"{\"1\": 109}","headsign":"{\"Coney Island-Stillwell Av\": 109}","duration_avg":60.0,"n_vehicles":109,"d":479,"route_I_counts":"{\"15\": 109}","source":256,"target":257,"layer":"L","from":"20 Av","to":"Bay Pkwy"},"geometry":{"type":"LineString","coordinates":[[-73.998168,40.604556],[-73.993728,40.601875]]}},{"type":"Feature","properties":{"duration_avg":90.0,"n_vehicles":100,"d":483,"route_I_counts":"{\"15\": 100}","shape_id":"{\"D..N05R\": 43, \"D..N07R\": 39, \"D..N14R\": 18}","direction_id":"{\"0\": 100}","headsign":"{\"Norwood-205 St\": 100}","source":256,"target":255,"layer":"L","from":"20 Av","to":"18 Av"},"geometry":{"type":"LineString","coordinates":[[-73.998168,40.604556],[-74.001736,40.607954]]}},{"type":"Feature","properties":{"shape_id":"{\"D..S05R\": 21, \"D..S07R\": 86, \"D..S14R\": 2}","direction_id":"{\"1\": 109}","headsign":"{\"Coney Island-Stillwell Av\": 109}","duration_avg":90.0,"n_vehicles":109,"d":745,"route_I_counts":"{\"15\": 109}","source":257,"target":258,"layer":"L","from":"Bay Pkwy","to":"25 Av"},"geometry":{"type":"LineString","coordinates":[[-73.993728,40.601875],[-73.986829,40.597704]]}},{"type":"Feature","properties":{"duration_avg":60.0,"n_vehicles":100,"d":479,"route_I_counts":"{\"15\": 100}","shape_id":"{\"D..N05R\": 43, \"D..N07R\": 39, \"D..N14R\": 18}","direction_id":"{\"0\": 100}","headsign":"{\"Norwood-205 St\": 100}","source":257,"target":256,"layer":"L","from":"Bay Pkwy","to":"20 Av"},"geometry":{"type":"LineString","coordinates":[[-73.993728,40.601875],[-73.998168,40.604556]]}},{"type":"Feature","properties":{"shape_id":"{\"D..S05R\": 20, \"D..S07R\": 86, \"D..S14R\": 3}","direction_id":"{\"1\": 109}","headsign":"{\"Coney Island-Stillwell Av\": 109}","duration_avg":146.14678899082568,"n_vehicles":109,"d":1020,"route_I_counts":"{\"15\": 109}","source":258,"target":259,"layer":"L","from":"25 Av","to":"Bay 50 St"},"geometry":{"type":"LineString","coordinates":[[-73.986829,40.597704],[-73.983765,40.588841]]}},{"type":"Feature","properties":{"duration_avg":90.0,"n_vehicles":99,"d":745,"route_I_counts":"{\"15\": 99}","shape_id":"{\"D..N05R\": 43, \"D..N07R\": 38, \"D..N14R\": 18}","direction_id":"{\"0\": 99}","headsign":"{\"Norwood-205 St\": 99}","source":258,"target":257,"layer":"L","from":"25 Av","to":"Bay Pkwy"},"geometry":{"type":"LineString","coordinates":[[-73.986829,40.597704],[-73.993728,40.601875]]}},{"type":"Feature","properties":{"shape_id":"{\"D..S05R\": 20, \"D..S07R\": 86, \"D..S14R\": 3}","direction_id":"{\"1\": 109}","headsign":"{\"Coney Island-Stillwell Av\": 109}","duration_avg":240.0,"n_vehicles":109,"d":1289,"route_I_counts":"{\"15\": 109}","source":259,"target":260,"layer":"L","from":"Bay 50 St","to":"Coney Island-Stillwell Av"},"geometry":{"type":"LineString","coordinates":[[-73.983765,40.588841],[-73.981233,40.577422]]}},{"type":"Feature","properties":{"duration_avg":143.63636363636363,"n_vehicles":99,"d":1020,"route_I_counts":"{\"15\": 99}","shape_id":"{\"D..N05R\": 43, \"D..N07R\": 38, \"D..N14R\": 18}","direction_id":"{\"0\": 99}","headsign":"{\"Norwood-205 St\": 99}","source":259,"target":258,"layer":"L","from":"Bay 50 St","to":"25 Av"},"geometry":{"type":"LineString","coordinates":[[-73.983765,40.588841],[-73.986829,40.597704]]}},{"type":"Feature","properties":{"duration_avg":240.0,"n_vehicles":99,"d":1289,"route_I_counts":"{\"15\": 99}","shape_id":"{\"D..N05R\": 43, \"D..N07R\": 38, \"D..N14R\": 18}","direction_id":"{\"0\": 99}","headsign":"{\"Norwood-205 St\": 99}","source":260,"target":259,"layer":"L","from":"Coney Island-Stillwell Av","to":"Bay 50 St"},"geometry":{"type":"LineString","coordinates":[[-73.981233,40.577422],[-73.983765,40.588841]]}},{"type":"Feature","properties":{"duration_avg":90.0,"n_vehicles":242,"d":470,"route_I_counts":"{\"17\": 123, \"25\": 119}","shape_id":"{\"F..N69R\": 123}","direction_id":"{\"0\": 242}","headsign":"{\"96 St\": 119, \"Jamaica-179 St\": 123}","source":260,"target":312,"layer":"L","from":"Coney Island-Stillwell Av","to":"W 8 St-NY Aquarium"},"geometry":{"type":"LineString","coordinates":[[-73.981233,40.577422],[-73.975939,40.576127]]}},{"type":"Feature","properties":{"duration_avg":257.6842105263158,"n_vehicles":95,"d":1721,"route_I_counts":"{\"24\": 92, \"25\": 3}","shape_id":"{\"N..N20R\": 21, \"N..N23R\": 1}","direction_id":"{\"0\": 95}","headsign":"{\"96 St\": 3, \"Astoria-Ditmars Blvd\": 92}","source":260,"target":404,"layer":"L","from":"Coney Island-Stillwell Av","to":"86 St"},"geometry":{"type":"LineString","coordinates":[[-73.981233,40.577422],[-73.97823,40.592721]]}},{"type":"Feature","properties":{"shape_id":"{\"E..S04R\": 23, \"E..S69R\": 42, \"E..S71R\": 83, \"J..S12R\": 81, \"J..S13R\": 15}","direction_id":"{\"1\": 244}","headsign":"{\"Broad St\": 96, \"World Trade Center\": 148}","duration_avg":78.19672131147541,"n_vehicles":244,"d":607,"route_I_counts":"{\"16\": 148, \"21\": 96}","source":261,"target":262,"layer":"L","from":"Jamaica Center-Parsons/Archer","to":"Sutphin Blvd-Archer Av-JFK Airport"},"geometry":{"type":"LineString","coordinates":[[-73.801109,40.702147],[-73.807969,40.700486]]}},{"type":"Feature","properties":{"shape_id":"{\"E..S04R\": 23, \"E..S69R\": 42, \"E..S71R\": 83}","direction_id":"{\"1\": 148}","headsign":"{\"World Trade Center\": 148}","duration_avg":150.0,"n_vehicles":148,"d":785,"route_I_counts":"{\"16\": 148}","source":262,"target":263,"layer":"L","from":"Sutphin Blvd-Archer Av-JFK Airport","to":"Jamaica-Van Wyck"},"geometry":{"type":"LineString","coordinates":[[-73.807969,40.700486],[-73.816859,40.702566]]}},{"type":"Feature","properties":{"shape_id":"{\"J..S12R\": 81, \"J..S13R\": 15}","direction_id":"{\"1\": 96}","headsign":"{\"Broad St\": 96}","duration_avg":240.0,"n_vehicles":96,"d":1715,"route_I_counts":"{\"21\": 96}","source":262,"target":324,"layer":"L","from":"Sutphin Blvd-Archer Av-JFK Airport","to":"121 St"},"geometry":{"type":"LineString","coordinates":[[-73.807969,40.700486],[-73.828294,40.700492]]}},{"type":"Feature","properties":{"duration_avg":97.07865168539325,"n_vehicles":267,"d":607,"route_I_counts":"{\"16\": 159, \"21\": 102, \"29\": 6}","shape_id":"{\"E..N05R\": 15, \"E..N66R\": 103, \"E..N72R\": 41}","direction_id":"{\"0\": 267}","headsign":"{\"Jamaica Center-Parsons/Archer\": 267}","source":262,"target":261,"layer":"L","from":"Sutphin Blvd-Archer Av-JFK Airport","to":"Jamaica Center-Parsons/Archer"},"geometry":{"type":"LineString","coordinates":[[-73.807969,40.700486],[-73.801109,40.702147]]}},{"type":"Feature","properties":{"shape_id":"{\"E..S04R\": 23, \"E..S69R\": 42}","direction_id":"{\"1\": 65}","headsign":"{\"World Trade Center\": 65}","duration_avg":90.0,"n_vehicles":65,"d":800,"route_I_counts":"{\"16\": 65}","source":263,"target":264,"layer":"L","from":"Jamaica-Van Wyck","to":"Briarwood"},"geometry":{"type":"LineString","coordinates":[[-73.816859,40.702566],[-73.820574,40.709179]]}},{"type":"Feature","properties":{"shape_id":"{\"E..S71R\": 84}","direction_id":"{\"1\": 84}","headsign":"{\"World Trade Center\": 84}","duration_avg":180.0,"n_vehicles":84,"d":1781,"route_I_counts":"{\"16\": 84}","source":263,"target":265,"layer":"L","from":"Jamaica-Van Wyck","to":"Kew Gardens-Union Tpke"},"geometry":{"type":"LineString","coordinates":[[-73.816859,40.702566],[-73.831008,40.714441]]}},{"type":"Feature","properties":{"duration_avg":150.0,"n_vehicles":159,"d":785,"route_I_counts":"{\"16\": 159}","shape_id":"{\"E..N05R\": 15, \"E..N66R\": 103, \"E..N72R\": 41}","direction_id":"{\"0\": 159}","headsign":"{\"Jamaica Center-Parsons/Archer\": 159}","source":263,"target":262,"layer":"L","from":"Jamaica-Van Wyck","to":"Sutphin Blvd-Archer Av-JFK Airport"},"geometry":{"type":"LineString","coordinates":[[-73.816859,40.702566],[-73.807969,40.700486]]}},{"type":"Feature","properties":{"shape_id":"{\"E..S04R\": 23, \"E..S69R\": 42, \"F..S68R\": 22, \"F..S69R\": 118, \"F..S72R\": 2}","direction_id":"{\"1\": 207}","headsign":"{\"Coney Island-Stillwell Av\": 120, \"Kings Hwy\": 22, \"World Trade Center\": 65}","duration_avg":113.91304347826087,"n_vehicles":207,"d":1057,"route_I_counts":"{\"16\": 65, \"17\": 140, \"18\": 2}","source":264,"target":265,"layer":"L","from":"Briarwood","to":"Kew Gardens-Union Tpke"},"geometry":{"type":"LineString","coordinates":[[-73.820574,40.709179],[-73.831008,40.714441]]}},{"type":"Feature","properties":{"duration_avg":96.75,"n_vehicles":160,"d":929,"route_I_counts":"{\"16\": 2, \"17\": 158}","shape_id":"{\"F..N68R\": 29, \"F..N69R\": 129}","direction_id":"{\"0\": 160}","headsign":"{\"Jamaica-179 St\": 160}","source":264,"target":284,"layer":"L","from":"Briarwood","to":"Sutphin Blvd"},"geometry":{"type":"LineString","coordinates":[[-73.820574,40.709179],[-73.810708,40.70546]]}},{"type":"Feature","properties":{"duration_avg":90.0,"n_vehicles":56,"d":800,"route_I_counts":"{\"16\": 56}","shape_id":"{\"E..N05R\": 15, \"E..N72R\": 41}","direction_id":"{\"0\": 56}","headsign":"{\"Jamaica Center-Parsons/Archer\": 56}","source":264,"target":263,"layer":"L","from":"Briarwood","to":"Jamaica-Van Wyck"},"geometry":{"type":"LineString","coordinates":[[-73.820574,40.709179],[-73.816859,40.702566]]}},{"type":"Feature","properties":{"shape_id":"{\"E..S04R\": 22, \"E..S69R\": 42, \"F..S68R\": 22, \"F..S69R\": 119, \"F..S72R\": 2}","direction_id":"{\"1\": 207}","headsign":"{\"Coney Island-Stillwell Av\": 121, \"Kings Hwy\": 22, \"World Trade Center\": 64}","duration_avg":90.0,"n_vehicles":207,"d":686,"route_I_counts":"{\"16\": 64, \"17\": 141, \"18\": 2}","source":265,"target":266,"layer":"L","from":"Kew Gardens-Union Tpke","to":"75 Av"},"geometry":{"type":"LineString","coordinates":[[-73.831008,40.714441],[-73.837324,40.718331]]}},{"type":"Feature","properties":{"shape_id":"{\"E..S56R\": 3, \"E..S71R\": 84}","direction_id":"{\"1\": 87}","headsign":"{\"World Trade Center\": 87}","duration_avg":150.0,"n_vehicles":87,"d":1396,"route_I_counts":"{\"16\": 87}","source":265,"target":267,"layer":"L","from":"Kew Gardens-Union Tpke","to":"Forest Hills-71 Av"},"geometry":{"type":"LineString","coordinates":[[-73.831008,40.714441],[-73.844521,40.721691]]}},{"type":"Feature","properties":{"duration_avg":120.0,"n_vehicles":218,"d":1057,"route_I_counts":"{\"16\": 59, \"17\": 159}","shape_id":"{\"E..N05R\": 16, \"E..N72R\": 41, \"F..N68R\": 29, \"F..N69R\": 130}","direction_id":"{\"0\": 218}","headsign":"{\"Jamaica Center-Parsons/Archer\": 57, \"Jamaica-179 St\": 161}","source":265,"target":264,"layer":"L","from":"Kew Gardens-Union Tpke","to":"Briarwood"},"geometry":{"type":"LineString","coordinates":[[-73.831008,40.714441],[-73.820574,40.709179]]}},{"type":"Feature","properties":{"duration_avg":224.7058823529412,"n_vehicles":102,"d":1781,"route_I_counts":"{\"16\": 102}","shape_id":"{\"E..N66R\": 102}","direction_id":"{\"0\": 102}","headsign":"{\"Jamaica Center-Parsons/Archer\": 102}","source":265,"target":263,"layer":"L","from":"Kew Gardens-Union Tpke","to":"Jamaica-Van Wyck"},"geometry":{"type":"LineString","coordinates":[[-73.831008,40.714441],[-73.816859,40.702566]]}},{"type":"Feature","properties":{"duration_avg":240.0,"n_vehicles":2,"d":2458,"route_I_counts":"{\"16\": 2}","shape_id":"{\"E..N55R\": 2}","direction_id":"{\"0\": 2}","headsign":"{\"Jamaica-179 St\": 2}","source":265,"target":283,"layer":"L","from":"Kew Gardens-Union Tpke","to":"Parsons Blvd"},"geometry":{"type":"LineString","coordinates":[[-73.831008,40.714441],[-73.803326,40.707564]]}},{"type":"Feature","properties":{"shape_id":"{\"E..S04R\": 22, \"E..S69R\": 42, \"F..S68R\": 22, \"F..S69R\": 118, \"F..S72R\": 2}","direction_id":"{\"1\": 206}","headsign":"{\"Coney Island-Stillwell Av\": 120, \"Kings Hwy\": 22, \"World Trade Center\": 64}","duration_avg":117.0873786407767,"n_vehicles":206,"d":713,"route_I_counts":"{\"16\": 64, \"17\": 140, \"18\": 2}","source":266,"target":267,"layer":"L","from":"75 Av","to":"Forest Hills-71 Av"},"geometry":{"type":"LineString","coordinates":[[-73.837324,40.718331],[-73.844521,40.721691]]}},{"type":"Feature","properties":{"duration_avg":90.0,"n_vehicles":218,"d":686,"route_I_counts":"{\"16\": 59, \"17\": 159}","shape_id":"{\"E..N05R\": 16, \"E..N72R\": 41, \"F..N68R\": 29, \"F..N69R\": 130}","direction_id":"{\"0\": 218}","headsign":"{\"Jamaica Center-Parsons/Archer\": 57, \"Jamaica-179 St\": 161}","source":266,"target":265,"layer":"L","from":"75 Av","to":"Kew Gardens-Union Tpke"},"geometry":{"type":"LineString","coordinates":[[-73.837324,40.718331],[-73.831008,40.714441]]}},{"type":"Feature","properties":{"shape_id":"{\"E..S04R\": 22, \"M..S20R\": 68}","direction_id":"{\"1\": 174}","headsign":"{\"Bay Ridge-95 St\": 84, \"Middle Village-Metropolitan Av\": 68, \"World Trade Center\": 22}","duration_avg":115.6896551724138,"n_vehicles":174,"d":876,"route_I_counts":"{\"16\": 22, \"23\": 68, \"26\": 84}","source":267,"target":268,"layer":"L","from":"Forest Hills-71 Av","to":"67 Av"},"geometry":{"type":"LineString","coordinates":[[-73.844521,40.721691],[-73.852719,40.726523]]}},{"type":"Feature","properties":{"shape_id":"{\"E..S56R\": 3, \"E..S69R\": 42, \"E..S71R\": 85, \"F..S68R\": 22, \"F..S69R\": 118, \"F..S72R\": 2}","direction_id":"{\"1\": 272}","headsign":"{\"Coney Island-Stillwell Av\": 120, \"Kings Hwy\": 22, \"World Trade Center\": 130}","duration_avg":420.0,"n_vehicles":272,"d":4828,"route_I_counts":"{\"16\": 130, \"17\": 140, \"18\": 2}","source":267,"target":273,"layer":"L","from":"Forest Hills-71 Av","to":"Jackson Hts-Roosevelt Av"},"geometry":{"type":"LineString","coordinates":[[-73.844521,40.721691],[-73.891338,40.746644]]}},{"type":"Feature","properties":{"duration_avg":120.0,"n_vehicles":217,"d":713,"route_I_counts":"{\"16\": 59, \"17\": 158}","shape_id":"{\"E..N05R\": 16, \"E..N72R\": 41, \"F..N68R\": 28, \"F..N69R\": 130}","direction_id":"{\"0\": 217}","headsign":"{\"Jamaica Center-Parsons/Archer\": 57, \"Jamaica-179 St\": 160}","source":267,"target":266,"layer":"L","from":"Forest Hills-71 Av","to":"75 Av"},"geometry":{"type":"LineString","coordinates":[[-73.844521,40.721691],[-73.837324,40.718331]]}},{"type":"Feature","properties":{"duration_avg":156.6346153846154,"n_vehicles":104,"d":1396,"route_I_counts":"{\"16\": 104}","shape_id":"{\"E..N55R\": 2, \"E..N66R\": 102}","direction_id":"{\"0\": 104}","headsign":"{\"Jamaica Center-Parsons/Archer\": 102, \"Jamaica-179 St\": 2}","source":267,"target":265,"layer":"L","from":"Forest Hills-71 Av","to":"Kew Gardens-Union Tpke"},"geometry":{"type":"LineString","coordinates":[[-73.844521,40.721691],[-73.831008,40.714441]]}},{"type":"Feature","properties":{"shape_id":"{\"E..S04R\": 22, \"M..S20R\": 68}","direction_id":"{\"1\": 174}","headsign":"{\"Bay Ridge-95 St\": 84, \"Middle Village-Metropolitan Av\": 68, \"World Trade Center\": 22}","duration_avg":94.3103448275862,"n_vehicles":174,"d":835,"route_I_counts":"{\"16\": 22, \"23\": 68, \"26\": 84}","source":268,"target":269,"layer":"L","from":"67 Av","to":"63 Dr-Rego Park"},"geometry":{"type":"LineString","coordinates":[[-73.852719,40.726523],[-73.861604,40.729846]]}},{"type":"Feature","properties":{"duration_avg":124.62765957446808,"n_vehicles":188,"d":876,"route_I_counts":"{\"16\": 16, \"23\": 76, \"26\": 96}","shape_id":"{\"E..N05R\": 16, \"M..N20R\": 76, \"R..N93R\": 92, \"R..N96R\": 4}","direction_id":"{\"0\": 188}","headsign":"{\"Forest Hills-71 Av\": 172, \"Jamaica Center-Parsons/Archer\": 16}","source":268,"target":267,"layer":"L","from":"67 Av","to":"Forest Hills-71 Av"},"geometry":{"type":"LineString","coordinates":[[-73.852719,40.726523],[-73.844521,40.721691]]}},{"type":"Feature","properties":{"shape_id":"{\"E..S04R\": 22, \"M..S20R\": 68}","direction_id":"{\"1\": 175}","headsign":"{\"Bay Ridge-95 St\": 85, \"Middle Village-Metropolitan Av\": 68, \"World Trade Center\": 22}","duration_avg":85.71428571428571,"n_vehicles":175,"d":738,"route_I_counts":"{\"16\": 22, \"23\": 68, \"26\": 85}","source":269,"target":270,"layer":"L","from":"63 Dr-Rego Park","to":"Woodhaven Blvd"},"geometry":{"type":"LineString","coordinates":[[-73.861604,40.729846],[-73.869229,40.733106]]}},{"type":"Feature","properties":{"duration_avg":118.72340425531915,"n_vehicles":188,"d":835,"route_I_counts":"{\"16\": 16, \"23\": 76, \"26\": 96}","shape_id":"{\"E..N05R\": 16, \"M..N20R\": 76, \"R..N93R\": 92, \"R..N96R\": 4}","direction_id":"{\"0\": 188}","headsign":"{\"Forest Hills-71 Av\": 172, \"Jamaica Center-Parsons/Archer\": 16}","source":269,"target":268,"layer":"L","from":"63 Dr-Rego Park","to":"67 Av"},"geometry":{"type":"LineString","coordinates":[[-73.861604,40.729846],[-73.852719,40.726523]]}},{"type":"Feature","properties":{"shape_id":"{\"E..S04R\": 22, \"M..S20R\": 68}","direction_id":"{\"1\": 175}","headsign":"{\"Bay Ridge-95 St\": 85, \"Middle Village-Metropolitan Av\": 68, \"World Trade Center\": 22}","duration_avg":120.0,"n_vehicles":175,"d":802,"route_I_counts":"{\"16\": 22, \"23\": 68, \"26\": 85}","source":270,"target":271,"layer":"L","from":"Woodhaven Blvd","to":"Grand Av-Newtown"},"geometry":{"type":"LineString","coordinates":[[-73.869229,40.733106],[-73.877223,40.737015]]}},{"type":"Feature","properties":{"duration_avg":97.97872340425532,"n_vehicles":188,"d":738,"route_I_counts":"{\"16\": 16, \"23\": 76, \"26\": 96}","shape_id":"{\"E..N05R\": 16, \"M..N20R\": 76, \"R..N93R\": 92, \"R..N96R\": 4}","direction_id":"{\"0\": 188}","headsign":"{\"Forest Hills-71 Av\": 172, \"Jamaica Center-Parsons/Archer\": 16}","source":270,"target":269,"layer":"L","from":"Woodhaven Blvd","to":"63 Dr-Rego Park"},"geometry":{"type":"LineString","coordinates":[[-73.869229,40.733106],[-73.861604,40.729846]]}},{"type":"Feature","properties":{"shape_id":"{\"E..S04R\": 22, \"M..S20R\": 68}","direction_id":"{\"1\": 175}","headsign":"{\"Bay Ridge-95 St\": 85, \"Middle Village-Metropolitan Av\": 68, \"World Trade Center\": 22}","duration_avg":90.0,"n_vehicles":175,"d":728,"route_I_counts":"{\"16\": 22, \"23\": 68, \"26\": 85}","source":271,"target":272,"layer":"L","from":"Grand Av-Newtown","to":"Elmhurst Av"},"geometry":{"type":"LineString","coordinates":[[-73.877223,40.737015],[-73.882017,40.742454]]}},{"type":"Feature","properties":{"duration_avg":120.0,"n_vehicles":188,"d":802,"route_I_counts":"{\"16\": 16, \"23\": 76, \"26\": 96}","shape_id":"{\"E..N05R\": 16, \"M..N20R\": 76, \"R..N93R\": 92, \"R..N96R\": 4}","direction_id":"{\"0\": 188}","headsign":"{\"Forest Hills-71 Av\": 172, \"Jamaica Center-Parsons/Archer\": 16}","source":271,"target":270,"layer":"L","from":"Grand Av-Newtown","to":"Woodhaven Blvd"},"geometry":{"type":"LineString","coordinates":[[-73.877223,40.737015],[-73.869229,40.733106]]}},{"type":"Feature","properties":{"shape_id":"{\"E..S04R\": 22, \"M..S20R\": 68}","direction_id":"{\"1\": 175}","headsign":"{\"Bay Ridge-95 St\": 85, \"Middle Village-Metropolitan Av\": 68, \"World Trade Center\": 22}","duration_avg":115.71428571428571,"n_vehicles":175,"d":914,"route_I_counts":"{\"16\": 22, \"23\": 68, \"26\": 85}","source":272,"target":273,"layer":"L","from":"Elmhurst Av","to":"Jackson Hts-Roosevelt Av"},"geometry":{"type":"LineString","coordinates":[[-73.882017,40.742454],[-73.891338,40.746644]]}},{"type":"Feature","properties":{"duration_avg":103.79679144385027,"n_vehicles":187,"d":728,"route_I_counts":"{\"16\": 16, \"23\": 75, \"26\": 96}","shape_id":"{\"E..N05R\": 16, \"M..N20R\": 75, \"R..N93R\": 92, \"R..N96R\": 4}","direction_id":"{\"0\": 187}","headsign":"{\"Forest Hills-71 Av\": 171, \"Jamaica Center-Parsons/Archer\": 16}","source":272,"target":271,"layer":"L","from":"Elmhurst Av","to":"Grand Av-Newtown"},"geometry":{"type":"LineString","coordinates":[[-73.882017,40.742454],[-73.877223,40.737015]]}},{"type":"Feature","properties":{"shape_id":"{\"E..S04R\": 22, \"M..S20R\": 69}","direction_id":"{\"1\": 176}","headsign":"{\"Bay Ridge-95 St\": 85, \"Middle Village-Metropolitan Av\": 69, \"World Trade Center\": 22}","duration_avg":90.0,"n_vehicles":176,"d":688,"route_I_counts":"{\"16\": 22, \"23\": 69, \"26\": 85}","source":273,"target":274,"layer":"L","from":"Jackson Hts-Roosevelt Av","to":"65 St"},"geometry":{"type":"LineString","coordinates":[[-73.891338,40.746644],[-73.898453,40.749669]]}},{"type":"Feature","properties":{"shape_id":"{\"E..S56R\": 3, \"E..S69R\": 42, \"E..S71R\": 86}","direction_id":"{\"1\": 131}","headsign":"{\"World Trade Center\": 131}","duration_avg":360.0,"n_vehicles":131,"d":3880,"route_I_counts":"{\"16\": 131}","source":273,"target":279,"layer":"L","from":"Jackson Hts-Roosevelt Av","to":"Queens Plaza"},"geometry":{"type":"LineString","coordinates":[[-73.891338,40.746644],[-73.937243,40.748973]]}},{"type":"Feature","properties":{"shape_id":"{\"F..S68R\": 22, \"F..S69R\": 119, \"F..S72R\": 2}","direction_id":"{\"1\": 143}","headsign":"{\"Coney Island-Stillwell Av\": 121, \"Kings Hwy\": 22}","duration_avg":390.0,"n_vehicles":143,"d":4423,"route_I_counts":"{\"17\": 141, \"18\": 2}","source":273,"target":286,"layer":"L","from":"Jackson Hts-Roosevelt Av","to":"21 St-Queensbridge"},"geometry":{"type":"LineString","coordinates":[[-73.891338,40.746644],[-73.942836,40.754203]]}},{"type":"Feature","properties":{"duration_avg":124.6774193548387,"n_vehicles":186,"d":914,"route_I_counts":"{\"16\": 16, \"23\": 75, \"26\": 95}","shape_id":"{\"E..N05R\": 16, \"M..N20R\": 75, \"R..N93R\": 91, \"R..N96R\": 4}","direction_id":"{\"0\": 186}","headsign":"{\"Forest Hills-71 Av\": 170, \"Jamaica Center-Parsons/Archer\": 16}","source":273,"target":272,"layer":"L","from":"Jackson Hts-Roosevelt Av","to":"Elmhurst Av"},"geometry":{"type":"LineString","coordinates":[[-73.891338,40.746644],[-73.882017,40.742454]]}},{"type":"Feature","properties":{"duration_avg":423.7748344370861,"n_vehicles":302,"d":4828,"route_I_counts":"{\"16\": 145, \"17\": 157}","shape_id":"{\"E..N55R\": 2, \"E..N66R\": 100, \"E..N72R\": 41, \"F..N68R\": 28, \"F..N69R\": 129}","direction_id":"{\"0\": 302}","headsign":"{\"Jamaica Center-Parsons/Archer\": 141, \"Jamaica-179 St\": 161}","source":273,"target":267,"layer":"L","from":"Jackson Hts-Roosevelt Av","to":"Forest Hills-71 Av"},"geometry":{"type":"LineString","coordinates":[[-73.891338,40.746644],[-73.844521,40.721691]]}},{"type":"Feature","properties":{"duration_avg":90.0,"n_vehicles":224,"d":426,"route_I_counts":"{\"9\": 224}","shape_id":"{\"7..S97R\": 212, \"7..S99R\": 12}","direction_id":"{\"1\": 224}","headsign":"{\"34 St-Hudson Yards\": 224}","source":273,"target":146,"layer":"L","from":"Jackson Hts-Roosevelt Av","to":"69 St"},"geometry":{"type":"LineString","coordinates":[[-73.891338,40.746644],[-73.896403,40.746325]]}},{"type":"Feature","properties":{"duration_avg":60.0,"n_vehicles":170,"d":655,"route_I_counts":"{\"9\": 170}","shape_id":"{\"7..N97R\": 162, \"7..N98R\": 8}","direction_id":"{\"0\": 170}","headsign":"{\"Flushing-Main St\": 162, \"Mets-Willets Point\": 8}","source":273,"target":145,"layer":"L","from":"Jackson Hts-Roosevelt Av","to":"82 St-Jackson Hts"},"geometry":{"type":"LineString","coordinates":[[-73.891338,40.746644],[-73.883697,40.747659]]}},{"type":"Feature","properties":{"shape_id":"{\"E..S04R\": 22, \"M..S20R\": 69}","direction_id":"{\"1\": 176}","headsign":"{\"Bay Ridge-95 St\": 85, \"Middle Village-Metropolitan Av\": 69, \"World Trade Center\": 22}","duration_avg":90.0,"n_vehicles":176,"d":730,"route_I_counts":"{\"16\": 22, \"23\": 69, \"26\": 85}","source":274,"target":275,"layer":"L","from":"65 St","to":"Northern Blvd"},"geometry":{"type":"LineString","coordinates":[[-73.898453,40.749669],[-73.906006,40.752885]]}},{"type":"Feature","properties":{"duration_avg":90.0,"n_vehicles":185,"d":688,"route_I_counts":"{\"16\": 16, \"23\": 74, \"26\": 95}","shape_id":"{\"E..N05R\": 16, \"M..N20R\": 74, \"R..N93R\": 91, \"R..N96R\": 4}","direction_id":"{\"0\": 185}","headsign":"{\"Forest Hills-71 Av\": 169, \"Jamaica Center-Parsons/Archer\": 16}","source":274,"target":273,"layer":"L","from":"65 St","to":"Jackson Hts-Roosevelt Av"},"geometry":{"type":"LineString","coordinates":[[-73.898453,40.749669],[-73.891338,40.746644]]}},{"type":"Feature","properties":{"shape_id":"{\"E..S04R\": 22, \"M..S20R\": 69}","direction_id":"{\"1\": 177}","headsign":"{\"Bay Ridge-95 St\": 86, \"Middle Village-Metropolitan Av\": 69, \"World Trade Center\": 22}","duration_avg":90.0,"n_vehicles":177,"d":726,"route_I_counts":"{\"16\": 22, \"23\": 69, \"26\": 86}","source":275,"target":276,"layer":"L","from":"Northern Blvd","to":"46 St"},"geometry":{"type":"LineString","coordinates":[[-73.906006,40.752885],[-73.913333,40.756312]]}},{"type":"Feature","properties":{"duration_avg":101.83783783783784,"n_vehicles":185,"d":730,"route_I_counts":"{\"16\": 17, \"23\": 74, \"26\": 94}","shape_id":"{\"E..N05R\": 17, \"M..N20R\": 74, \"R..N93R\": 90, \"R..N96R\": 4}","direction_id":"{\"0\": 185}","headsign":"{\"Forest Hills-71 Av\": 168, \"Jamaica Center-Parsons/Archer\": 17}","source":275,"target":274,"layer":"L","from":"Northern Blvd","to":"65 St"},"geometry":{"type":"LineString","coordinates":[[-73.906006,40.752885],[-73.898453,40.749669]]}},{"type":"Feature","properties":{"shape_id":"{\"E..S04R\": 22, \"M..S20R\": 69}","direction_id":"{\"1\": 177}","headsign":"{\"Bay Ridge-95 St\": 86, \"Middle Village-Metropolitan Av\": 69, \"World Trade Center\": 22}","duration_avg":116.27118644067797,"n_vehicles":177,"d":627,"route_I_counts":"{\"16\": 22, \"23\": 69, \"26\": 86}","source":276,"target":277,"layer":"L","from":"46 St","to":"Steinway St"},"geometry":{"type":"LineString","coordinates":[[-73.913333,40.756312],[-73.92074,40.756879]]}},{"type":"Feature","properties":{"duration_avg":90.0,"n_vehicles":185,"d":726,"route_I_counts":"{\"16\": 17, \"23\": 74, \"26\": 94}","shape_id":"{\"E..N05R\": 17, \"M..N20R\": 74, \"R..N93R\": 90, \"R..N96R\": 4}","direction_id":"{\"0\": 185}","headsign":"{\"Forest Hills-71 Av\": 168, \"Jamaica Center-Parsons/Archer\": 17}","source":276,"target":275,"layer":"L","from":"46 St","to":"Northern Blvd"},"geometry":{"type":"LineString","coordinates":[[-73.913333,40.756312],[-73.906006,40.752885]]}},{"type":"Feature","properties":{"shape_id":"{\"E..S04R\": 21, \"M..S20R\": 69}","direction_id":"{\"1\": 176}","headsign":"{\"Bay Ridge-95 St\": 86, \"Middle Village-Metropolitan Av\": 69, \"World Trade Center\": 21}","duration_avg":120.0,"n_vehicles":176,"d":866,"route_I_counts":"{\"16\": 21, \"23\": 69, \"26\": 86}","source":277,"target":278,"layer":"L","from":"Steinway St","to":"36 St"},"geometry":{"type":"LineString","coordinates":[[-73.92074,40.756879],[-73.928781,40.752039]]}},{"type":"Feature","properties":{"duration_avg":117.24324324324324,"n_vehicles":185,"d":627,"route_I_counts":"{\"16\": 17, \"23\": 74, \"26\": 94}","shape_id":"{\"E..N05R\": 17, \"M..N20R\": 74, \"R..N93R\": 90, \"R..N96R\": 4}","direction_id":"{\"0\": 185}","headsign":"{\"Forest Hills-71 Av\": 168, \"Jamaica Center-Parsons/Archer\": 17}","source":277,"target":276,"layer":"L","from":"Steinway St","to":"46 St"},"geometry":{"type":"LineString","coordinates":[[-73.92074,40.756879],[-73.913333,40.756312]]}},{"type":"Feature","properties":{"shape_id":"{\"E..S04R\": 21, \"M..S20R\": 70}","direction_id":"{\"1\": 177}","headsign":"{\"Bay Ridge-95 St\": 86, \"Middle Village-Metropolitan Av\": 70, \"World Trade Center\": 21}","duration_avg":120.0,"n_vehicles":177,"d":791,"route_I_counts":"{\"16\": 21, \"23\": 70, \"26\": 86}","source":278,"target":279,"layer":"L","from":"36 St","to":"Queens Plaza"},"geometry":{"type":"LineString","coordinates":[[-73.928781,40.752039],[-73.937243,40.748973]]}},{"type":"Feature","properties":{"duration_avg":120.0,"n_vehicles":185,"d":866,"route_I_counts":"{\"16\": 17, \"23\": 74, \"26\": 94}","shape_id":"{\"E..N05R\": 17, \"M..N20R\": 74, \"R..N93R\": 90, \"R..N96R\": 4}","direction_id":"{\"0\": 185}","headsign":"{\"Forest Hills-71 Av\": 168, \"Jamaica Center-Parsons/Archer\": 17}","source":278,"target":277,"layer":"L","from":"36 St","to":"Steinway St"},"geometry":{"type":"LineString","coordinates":[[-73.928781,40.752039],[-73.92074,40.756879]]}},{"type":"Feature","properties":{"shape_id":"{}","direction_id":"{\"1\": 86}","headsign":"{\"Bay Ridge-95 St\": 86}","duration_avg":350.93023255813955,"n_vehicles":86,"d":2954,"route_I_counts":"{\"26\": 86}","source":279,"target":382,"layer":"L","from":"Queens Plaza","to":"Lexington Av/59 St"},"geometry":{"type":"LineString","coordinates":[[-73.937243,40.748973],[-73.967258,40.76266]]}},{"type":"Feature","properties":{"duration_avg":347.0833333333333,"n_vehicles":144,"d":3880,"route_I_counts":"{\"16\": 144}","shape_id":"{\"E..N55R\": 2, \"E..N66R\": 99, \"E..N72R\": 41}","direction_id":"{\"0\": 144}","headsign":"{\"Jamaica Center-Parsons/Archer\": 140, \"Jamaica-179 St\": 4}","source":279,"target":273,"layer":"L","from":"Queens Plaza","to":"Jackson Hts-Roosevelt Av"},"geometry":{"type":"LineString","coordinates":[[-73.937243,40.748973],[-73.891338,40.746644]]}},{"type":"Feature","properties":{"duration_avg":120.0,"n_vehicles":183,"d":791,"route_I_counts":"{\"16\": 17, \"23\": 73, \"26\": 93}","shape_id":"{\"E..N05R\": 17, \"M..N20R\": 73, \"R..N93R\": 89, \"R..N96R\": 4}","direction_id":"{\"0\": 183}","headsign":"{\"Forest Hills-71 Av\": 166, \"Jamaica Center-Parsons/Archer\": 17}","source":279,"target":278,"layer":"L","from":"Queens Plaza","to":"36 St"},"geometry":{"type":"LineString","coordinates":[[-73.937243,40.748973],[-73.928781,40.752039]]}},{"type":"Feature","properties":{"duration_avg":99.4170403587444,"n_vehicles":223,"d":749,"route_I_counts":"{\"16\": 153, \"23\": 70}","shape_id":"{\"E..S04R\": 21, \"E..S56R\": 3, \"E..S69R\": 42, \"E..S71R\": 87, \"M..S20R\": 70}","direction_id":"{\"1\": 223}","headsign":"{\"Middle Village-Metropolitan Av\": 70, \"World Trade Center\": 153}","source":279,"target":153,"layer":"L","from":"Queens Plaza","to":"Court Sq"},"geometry":{"type":"LineString","coordinates":[[-73.937243,40.748973],[-73.945264,40.747023]]}},{"type":"Feature","properties":{"shape_id":"{\"E..S04R\": 21, \"E..S56R\": 3, \"E..S69R\": 42, \"E..S71R\": 88, \"M..S20R\": 70}","direction_id":"{\"1\": 224}","headsign":"{\"Middle Village-Metropolitan Av\": 70, \"World Trade Center\": 154}","duration_avg":96.29464285714286,"n_vehicles":224,"d":596,"route_I_counts":"{\"16\": 154, \"23\": 70}","source":280,"target":281,"layer":"L","from":"Lexington Av/53 St","to":"5 Av/53 St"},"geometry":{"type":"LineString","coordinates":[[-73.969055,40.757552],[-73.975224,40.760167]]}},{"type":"Feature","properties":{"duration_avg":120.0,"n_vehicles":221,"d":724,"route_I_counts":"{\"4\": 13, \"7\": 186, \"8\": 22}","shape_id":"{\"4..S13R\": 13, \"6..S01R\": 111, \"6..S02R\": 11, \"6..S03R\": 75}","direction_id":"{\"1\": 221}","headsign":"{\"Brooklyn Bridge-City Hall\": 208, \"New Lots Av\": 13}","source":280,"target":99,"layer":"L","from":"Lexington Av/53 St","to":"Grand Central-42 St"},"geometry":{"type":"LineString","coordinates":[[-73.969055,40.757552],[-73.976848,40.751776]]}},{"type":"Feature","properties":{"duration_avg":188.36909871244634,"n_vehicles":233,"d":2224,"route_I_counts":"{\"16\": 160, \"23\": 73}","shape_id":"{\"E..N05R\": 17, \"E..N55R\": 2, \"E..N66R\": 98, \"E..N72R\": 41, \"M..N20R\": 73}","direction_id":"{\"0\": 233}","headsign":"{\"Forest Hills-71 Av\": 73, \"Jamaica Center-Parsons/Archer\": 156, \"Jamaica-179 St\": 4}","source":280,"target":153,"layer":"L","from":"Lexington Av/53 St","to":"Court Sq"},"geometry":{"type":"LineString","coordinates":[[-73.969055,40.757552],[-73.945264,40.747023]]}},{"type":"Feature","properties":{"duration_avg":90.0,"n_vehicles":226,"d":689,"route_I_counts":"{\"4\": 10, \"7\": 153, \"8\": 63}","shape_id":"{\"4..N13R\": 10, \"6..N01R\": 77, \"6..N02R\": 63, \"6..N03R\": 74}","direction_id":"{\"0\": 226}","headsign":"{\"Parkchester\": 76, \"Pelham Bay Park\": 140, \"Woodlawn\": 10}","source":280,"target":382,"layer":"L","from":"Lexington Av/53 St","to":"Lexington Av/59 St"},"geometry":{"type":"LineString","coordinates":[[-73.969055,40.757552],[-73.967258,40.76266]]}},{"type":"Feature","properties":{"shape_id":"{\"E..S04R\": 21, \"E..S56R\": 3, \"E..S69R\": 42, \"E..S71R\": 88}","direction_id":"{\"1\": 154}","headsign":"{\"World Trade Center\": 154}","duration_avg":107.72727272727273,"n_vehicles":154,"d":618,"route_I_counts":"{\"16\": 154}","source":281,"target":230,"layer":"L","from":"5 Av/53 St","to":"7 Av"},"geometry":{"type":"LineString","coordinates":[[-73.975224,40.760167],[-73.981637,40.762862]]}},{"type":"Feature","properties":{"shape_id":"{\"M..S20R\": 70}","direction_id":"{\"1\": 70}","headsign":"{\"Middle Village-Metropolitan Av\": 70}","duration_avg":120.0,"n_vehicles":70,"d":541,"route_I_counts":"{\"23\": 70}","source":281,"target":231,"layer":"L","from":"5 Av/53 St","to":"47-50 Sts-Rockefeller Ctr"},"geometry":{"type":"LineString","coordinates":[[-73.975224,40.760167],[-73.981329,40.758663]]}},{"type":"Feature","properties":{"duration_avg":95.43103448275862,"n_vehicles":232,"d":596,"route_I_counts":"{\"16\": 160, \"23\": 72}","shape_id":"{\"E..N05R\": 17, \"E..N55R\": 2, \"E..N66R\": 98, \"E..N72R\": 41, \"M..N20R\": 72}","direction_id":"{\"0\": 232}","headsign":"{\"Forest Hills-71 Av\": 72, \"Jamaica Center-Parsons/Archer\": 156, \"Jamaica-179 St\": 4}","source":281,"target":280,"layer":"L","from":"5 Av/53 St","to":"Lexington Av/53 St"},"geometry":{"type":"LineString","coordinates":[[-73.975224,40.760167],[-73.969055,40.757552]]}},{"type":"Feature","properties":{"duration_avg":90.0,"n_vehicles":141,"d":860,"route_I_counts":"{\"17\": 139, \"18\": 2}","shape_id":"{\"F..S68R\": 22, \"F..S69R\": 117, \"F..S72R\": 2}","direction_id":"{\"1\": 141}","headsign":"{\"Coney Island-Stillwell Av\": 119, \"Kings Hwy\": 22}","source":282,"target":285,"layer":"L","from":"Jamaica-179 St","to":"169 St"},"geometry":{"type":"LineString","coordinates":[[-73.783817,40.712646],[-73.793604,40.71047]]}},{"type":"Feature","properties":{"shape_id":"{\"E..S56R\": 3}","direction_id":"{\"1\": 3}","headsign":"{\"World Trade Center\": 3}","duration_avg":220.0,"n_vehicles":3,"d":2458,"route_I_counts":"{\"16\": 3}","source":283,"target":265,"layer":"L","from":"Parsons Blvd","to":"Kew Gardens-Union Tpke"},"geometry":{"type":"LineString","coordinates":[[-73.803326,40.707564],[-73.831008,40.714441]]}},{"type":"Feature","properties":{"duration_avg":100.80745341614907,"n_vehicles":161,"d":881,"route_I_counts":"{\"16\": 2, \"17\": 159}","shape_id":"{\"F..N68R\": 29, \"F..N69R\": 130}","direction_id":"{\"0\": 161}","headsign":"{\"Jamaica-179 St\": 161}","source":283,"target":285,"layer":"L","from":"Parsons Blvd","to":"169 St"},"geometry":{"type":"LineString","coordinates":[[-73.803326,40.707564],[-73.793604,40.71047]]}},{"type":"Feature","properties":{"duration_avg":86.61971830985915,"n_vehicles":142,"d":665,"route_I_counts":"{\"17\": 140, \"18\": 2}","shape_id":"{\"F..S68R\": 22, \"F..S69R\": 118, \"F..S72R\": 2}","direction_id":"{\"1\": 142}","headsign":"{\"Coney Island-Stillwell Av\": 120, \"Kings Hwy\": 22}","source":283,"target":284,"layer":"L","from":"Parsons Blvd","to":"Sutphin Blvd"},"geometry":{"type":"LineString","coordinates":[[-73.803326,40.707564],[-73.810708,40.70546]]}},{"type":"Feature","properties":{"duration_avg":83.2919254658385,"n_vehicles":161,"d":665,"route_I_counts":"{\"16\": 2, \"17\": 159}","shape_id":"{\"F..N68R\": 29, \"F..N69R\": 130}","direction_id":"{\"0\": 161}","headsign":"{\"Jamaica-179 St\": 161}","source":284,"target":283,"layer":"L","from":"Sutphin Blvd","to":"Parsons Blvd"},"geometry":{"type":"LineString","coordinates":[[-73.810708,40.70546],[-73.803326,40.707564]]}},{"type":"Feature","properties":{"duration_avg":120.0,"n_vehicles":142,"d":929,"route_I_counts":"{\"17\": 140, \"18\": 2}","shape_id":"{\"F..S68R\": 22, \"F..S69R\": 118, \"F..S72R\": 2}","direction_id":"{\"1\": 142}","headsign":"{\"Coney Island-Stillwell Av\": 120, \"Kings Hwy\": 22}","source":284,"target":264,"layer":"L","from":"Sutphin Blvd","to":"Briarwood"},"geometry":{"type":"LineString","coordinates":[[-73.810708,40.70546],[-73.820574,40.709179]]}},{"type":"Feature","properties":{"duration_avg":120.0,"n_vehicles":141,"d":881,"route_I_counts":"{\"17\": 139, \"18\": 2}","shape_id":"{\"F..S68R\": 22, \"F..S69R\": 117, \"F..S72R\": 2}","direction_id":"{\"1\": 141}","headsign":"{\"Coney Island-Stillwell Av\": 119, \"Kings Hwy\": 22}","source":285,"target":283,"layer":"L","from":"169 St","to":"Parsons Blvd"},"geometry":{"type":"LineString","coordinates":[[-73.793604,40.71047],[-73.803326,40.707564]]}},{"type":"Feature","properties":{"duration_avg":120.0,"n_vehicles":162,"d":860,"route_I_counts":"{\"16\": 2, \"17\": 160}","shape_id":"{\"F..N68R\": 30, \"F..N69R\": 130}","direction_id":"{\"0\": 162}","headsign":"{\"Jamaica-179 St\": 162}","source":285,"target":282,"layer":"L","from":"169 St","to":"Jamaica-179 St"},"geometry":{"type":"LineString","coordinates":[[-73.793604,40.71047],[-73.783817,40.712646]]}},{"type":"Feature","properties":{"shape_id":"{\"F..S68R\": 22, \"F..S69R\": 120, \"F..S72R\": 2}","direction_id":"{\"1\": 144}","headsign":"{\"Coney Island-Stillwell Av\": 122, \"Kings Hwy\": 22}","duration_avg":120.0,"n_vehicles":144,"d":1036,"route_I_counts":"{\"17\": 142, \"18\": 2}","source":286,"target":287,"layer":"L","from":"21 St-Queensbridge","to":"Roosevelt Island"},"geometry":{"type":"LineString","coordinates":[[-73.942836,40.754203],[-73.95326,40.759145]]}},{"type":"Feature","properties":{"duration_avg":367.3076923076923,"n_vehicles":156,"d":4423,"route_I_counts":"{\"17\": 156}","shape_id":"{\"F..N68R\": 27, \"F..N69R\": 129}","direction_id":"{\"0\": 156}","headsign":"{\"Jamaica-179 St\": 156}","source":286,"target":273,"layer":"L","from":"21 St-Queensbridge","to":"Jackson Hts-Roosevelt Av"},"geometry":{"type":"LineString","coordinates":[[-73.942836,40.754203],[-73.891338,40.746644]]}},{"type":"Feature","properties":{"duration_avg":120.0,"n_vehicles":155,"d":1036,"route_I_counts":"{\"17\": 155}","shape_id":"{\"F..N68R\": 27, \"F..N69R\": 128}","direction_id":"{\"0\": 155}","headsign":"{\"Jamaica-179 St\": 155}","source":287,"target":286,"layer":"L","from":"Roosevelt Island","to":"21 St-Queensbridge"},"geometry":{"type":"LineString","coordinates":[[-73.95326,40.759145],[-73.942836,40.754203]]}},{"type":"Feature","properties":{"duration_avg":150.0,"n_vehicles":145,"d":1243,"route_I_counts":"{\"17\": 143, \"18\": 2}","shape_id":"{\"F..S68R\": 22, \"F..S69R\": 121, \"F..S72R\": 2}","direction_id":"{\"1\": 145}","headsign":"{\"Coney Island-Stillwell Av\": 123, \"Kings Hwy\": 22}","source":287,"target":382,"layer":"L","from":"Roosevelt Island","to":"Lexington Av/59 St"},"geometry":{"type":"LineString","coordinates":[[-73.95326,40.759145],[-73.967258,40.76266]]}},{"type":"Feature","properties":{"shape_id":"{\"F..S68R\": 23, \"F..S69R\": 120, \"F..S72R\": 2}","direction_id":"{\"1\": 145}","headsign":"{\"Coney Island-Stillwell Av\": 122, \"Kings Hwy\": 23}","duration_avg":90.0,"n_vehicles":145,"d":675,"route_I_counts":"{\"17\": 143, \"18\": 2}","source":288,"target":231,"layer":"L","from":"57 St","to":"47-50 Sts-Rockefeller Ctr"},"geometry":{"type":"LineString","coordinates":[[-73.97745,40.763972],[-73.981329,40.758663]]}},{"type":"Feature","properties":{"duration_avg":190.76923076923077,"n_vehicles":156,"d":958,"route_I_counts":"{\"17\": 156}","shape_id":"{\"F..N68R\": 27, \"F..N69R\": 129}","direction_id":"{\"0\": 156}","headsign":"{\"Jamaica-179 St\": 156}","source":288,"target":382,"layer":"L","from":"57 St","to":"Lexington Av/59 St"},"geometry":{"type":"LineString","coordinates":[[-73.97745,40.763972],[-73.967258,40.76266]]}},{"type":"Feature","properties":{"duration_avg":117.7433628318584,"n_vehicles":226,"d":870,"route_I_counts":"{\"17\": 154, \"23\": 72}","shape_id":"{\"F..N68R\": 27, \"F..N69R\": 127, \"M..N20R\": 72}","direction_id":"{\"0\": 226}","headsign":"{\"Forest Hills-71 Av\": 72, \"Jamaica-179 St\": 154}","source":289,"target":233,"layer":"L","from":"23 St","to":"34 St-Herald Sq"},"geometry":{"type":"LineString","coordinates":[[-73.992821,40.742878],[-73.987823,40.749719]]}},{"type":"Feature","properties":{"duration_avg":97.74193548387096,"n_vehicles":217,"d":591,"route_I_counts":"{\"17\": 144, \"18\": 2, \"23\": 71}","shape_id":"{\"F..S68R\": 23, \"F..S69R\": 121, \"F..S72R\": 2, \"M..S20R\": 71}","direction_id":"{\"1\": 217}","headsign":"{\"Coney Island-Stillwell Av\": 123, \"Kings Hwy\": 23, \"Middle Village-Metropolitan Av\": 71}","source":289,"target":368,"layer":"L","from":"23 St","to":"6 Av"},"geometry":{"type":"LineString","coordinates":[[-73.992821,40.742878],[-73.996786,40.737335]]}},{"type":"Feature","properties":{"shape_id":"{\"F..S68R\": 23, \"F..S69R\": 122, \"F..S72R\": 2}","direction_id":"{\"1\": 147}","headsign":"{\"Coney Island-Stillwell Av\": 124, \"Kings Hwy\": 23}","duration_avg":112.85714285714286,"n_vehicles":147,"d":555,"route_I_counts":"{\"17\": 145, \"18\": 2}","source":290,"target":291,"layer":"L","from":"2 Av","to":"Delancey St-Essex St"},"geometry":{"type":"LineString","coordinates":[[-73.989938,40.723402],[-73.988114,40.718611]]}},{"type":"Feature","properties":{"duration_avg":90.0,"n_vehicles":153,"d":569,"route_I_counts":"{\"17\": 153}","shape_id":"{\"F..N68R\": 27, \"F..N69R\": 126}","direction_id":"{\"0\": 153}","headsign":"{\"Jamaica-179 St\": 153}","source":290,"target":234,"layer":"L","from":"2 Av","to":"Broadway-Lafayette St"},"geometry":{"type":"LineString","coordinates":[[-73.989938,40.723402],[-73.996204,40.725297]]}},{"type":"Feature","properties":{"shape_id":"{\"F..S68R\": 23, \"F..S69R\": 123, \"F..S72R\": 2}","direction_id":"{\"1\": 148}","headsign":"{\"Coney Island-Stillwell Av\": 125, \"Kings Hwy\": 23}","duration_avg":90.0,"n_vehicles":148,"d":572,"route_I_counts":"{\"17\": 146, \"18\": 2}","source":291,"target":292,"layer":"L","from":"Delancey St-Essex St","to":"East Broadway"},"geometry":{"type":"LineString","coordinates":[[-73.988114,40.718611],[-73.990173,40.713715]]}},{"type":"Feature","properties":{"duration_avg":90.0,"n_vehicles":153,"d":555,"route_I_counts":"{\"17\": 153}","shape_id":"{\"F..N68R\": 27, \"F..N69R\": 126}","direction_id":"{\"0\": 153}","headsign":"{\"Jamaica-179 St\": 153}","source":291,"target":290,"layer":"L","from":"Delancey St-Essex St","to":"2 Av"},"geometry":{"type":"LineString","coordinates":[[-73.988114,40.718611],[-73.989938,40.723402]]}},{"type":"Feature","properties":{"duration_avg":90.0,"n_vehicles":104,"d":588,"route_I_counts":"{\"21\": 104}","shape_id":"{\"J..S12R\": 79, \"J..S13R\": 20, \"J..S54R\": 5}","direction_id":"{\"1\": 104}","headsign":"{\"Broad St\": 104}","source":291,"target":345,"layer":"L","from":"Delancey St-Essex St","to":"Bowery"},"geometry":{"type":"LineString","coordinates":[[-73.988114,40.718611],[-73.993915,40.72028]]}},{"type":"Feature","properties":{"duration_avg":450.0,"n_vehicles":190,"d":2738,"route_I_counts":"{\"23\": 85, \"21\": 99, \"29\": 6}","shape_id":"{\"M..S20R\": 72}","direction_id":"{\"1\": 85, \"0\": 105}","headsign":"{\"Middle Village-Metropolitan Av\": 85, \"Jamaica Center-Parsons/Archer\": 105}","source":291,"target":344,"layer":"L","from":"Delancey St-Essex St","to":"Marcy Av"},"geometry":{"type":"LineString","coordinates":[[-73.988114,40.718611],[-73.957757,40.708359]]}},{"type":"Feature","properties":{"duration_avg":198.0,"n_vehicles":70,"d":1072,"route_I_counts":"{\"23\": 70}","shape_id":"{\"M..N20R\": 70}","direction_id":"{\"0\": 70}","headsign":"{\"Forest Hills-71 Av\": 70}","source":291,"target":234,"layer":"L","from":"Delancey St-Essex St","to":"Broadway-Lafayette St"},"geometry":{"type":"LineString","coordinates":[[-73.988114,40.718611],[-73.996204,40.725297]]}},{"type":"Feature","properties":{"shape_id":"{\"F..S68R\": 23, \"F..S69R\": 123, \"F..S72R\": 2}","direction_id":"{\"1\": 148}","headsign":"{\"Coney Island-Stillwell Av\": 125, \"Kings Hwy\": 23}","duration_avg":166.6216216216216,"n_vehicles":148,"d":1401,"route_I_counts":"{\"17\": 146, \"18\": 2}","source":292,"target":293,"layer":"L","from":"East Broadway","to":"York St"},"geometry":{"type":"LineString","coordinates":[[-73.990173,40.713715],[-73.986751,40.701397]]}},{"type":"Feature","properties":{"duration_avg":76.86274509803921,"n_vehicles":153,"d":572,"route_I_counts":"{\"17\": 153}","shape_id":"{\"F..N68R\": 27, \"F..N69R\": 126}","direction_id":"{\"0\": 153}","headsign":"{\"Jamaica-179 St\": 153}","source":292,"target":291,"layer":"L","from":"East Broadway","to":"Delancey St-Essex St"},"geometry":{"type":"LineString","coordinates":[[-73.990173,40.713715],[-73.988114,40.718611]]}},{"type":"Feature","properties":{"shape_id":"{\"F..S68R\": 23, \"F..S69R\": 122, \"F..S72R\": 2}","direction_id":"{\"1\": 147}","headsign":"{\"Coney Island-Stillwell Av\": 124, \"Kings Hwy\": 23}","duration_avg":90.0,"n_vehicles":147,"d":1009,"route_I_counts":"{\"17\": 145, \"18\": 2}","source":293,"target":184,"layer":"L","from":"York St","to":"Jay St-MetroTech"},"geometry":{"type":"LineString","coordinates":[[-73.986751,40.701397],[-73.987342,40.692338]]}},{"type":"Feature","properties":{"duration_avg":196.07843137254903,"n_vehicles":153,"d":1401,"route_I_counts":"{\"17\": 153}","shape_id":"{\"F..N68R\": 27, \"F..N69R\": 126}","direction_id":"{\"0\": 153}","headsign":"{\"Jamaica-179 St\": 153}","source":293,"target":292,"layer":"L","from":"York St","to":"East Broadway"},"geometry":{"type":"LineString","coordinates":[[-73.986751,40.701397],[-73.990173,40.713715]]}},{"type":"Feature","properties":{"shape_id":"{\"F..S68R\": 24, \"F..S69R\": 123}","direction_id":"{\"1\": 255}","headsign":"{\"Church Av\": 108, \"Coney Island-Stillwell Av\": 123, \"Kings Hwy\": 24}","duration_avg":100.70588235294117,"n_vehicles":255,"d":740,"route_I_counts":"{\"17\": 147, \"20\": 108}","source":294,"target":295,"layer":"L","from":"Bergen St","to":"Carroll St"},"geometry":{"type":"LineString","coordinates":[[-73.990862,40.686145],[-73.995048,40.680303]]}},{"type":"Feature","properties":{"duration_avg":94.57142857142857,"n_vehicles":105,"d":559,"route_I_counts":"{\"20\": 105}","shape_id":"{}","direction_id":"{\"0\": 105}","headsign":"{\"Court Sq\": 105}","source":294,"target":185,"layer":"L","from":"Bergen St","to":"Hoyt-Schermerhorn Sts"},"geometry":{"type":"LineString","coordinates":[[-73.990862,40.686145],[-73.985001,40.688484]]}},{"type":"Feature","properties":{"duration_avg":147.43421052631578,"n_vehicles":152,"d":750,"route_I_counts":"{\"17\": 152}","shape_id":"{\"F..N68R\": 27, \"F..N69R\": 125}","direction_id":"{\"0\": 152}","headsign":"{\"Jamaica-179 St\": 152}","source":294,"target":184,"layer":"L","from":"Bergen St","to":"Jay St-MetroTech"},"geometry":{"type":"LineString","coordinates":[[-73.990862,40.686145],[-73.987342,40.692338]]}},{"type":"Feature","properties":{"shape_id":"{\"F..S68R\": 24, \"F..S69R\": 123}","direction_id":"{\"1\": 256}","headsign":"{\"Church Av\": 109, \"Coney Island-Stillwell Av\": 123, \"Kings Hwy\": 24}","duration_avg":119.296875,"n_vehicles":256,"d":752,"route_I_counts":"{\"17\": 147, \"20\": 109}","source":295,"target":296,"layer":"L","from":"Carroll St","to":"Smith-9 Sts"},"geometry":{"type":"LineString","coordinates":[[-73.995048,40.680303],[-73.995959,40.67358]]}},{"type":"Feature","properties":{"duration_avg":90.0,"n_vehicles":257,"d":740,"route_I_counts":"{\"17\": 152, \"20\": 105}","shape_id":"{\"F..N68R\": 27, \"F..N69R\": 125}","direction_id":"{\"0\": 257}","headsign":"{\"Court Sq\": 105, \"Jamaica-179 St\": 152}","source":295,"target":294,"layer":"L","from":"Carroll St","to":"Bergen St"},"geometry":{"type":"LineString","coordinates":[[-73.995048,40.680303],[-73.990862,40.686145]]}},{"type":"Feature","properties":{"shape_id":"{\"F..S68R\": 24, \"F..S69R\": 123}","direction_id":"{\"1\": 256}","headsign":"{\"Church Av\": 109, \"Coney Island-Stillwell Av\": 123, \"Kings Hwy\": 24}","duration_avg":129.4921875,"n_vehicles":256,"d":638,"route_I_counts":"{\"17\": 147, \"20\": 109}","source":296,"target":297,"layer":"L","from":"Smith-9 Sts","to":"4 Av-9 St"},"geometry":{"type":"LineString","coordinates":[[-73.995959,40.67358],[-73.989779,40.670272]]}},{"type":"Feature","properties":{"duration_avg":120.0,"n_vehicles":257,"d":752,"route_I_counts":"{\"17\": 152, \"20\": 105}","shape_id":"{\"F..N68R\": 27, \"F..N69R\": 125}","direction_id":"{\"0\": 257}","headsign":"{\"Court Sq\": 105, \"Jamaica-179 St\": 152}","source":296,"target":295,"layer":"L","from":"Smith-9 Sts","to":"Carroll St"},"geometry":{"type":"LineString","coordinates":[[-73.995959,40.67358],[-73.995048,40.680303]]}},{"type":"Feature","properties":{"shape_id":"{\"F..S68R\": 24, \"F..S69R\": 124}","direction_id":"{\"1\": 256}","headsign":"{\"Church Av\": 108, \"Coney Island-Stillwell Av\": 124, \"Kings Hwy\": 24}","duration_avg":96.5625,"n_vehicles":256,"d":915,"route_I_counts":"{\"17\": 148, \"20\": 108}","source":297,"target":298,"layer":"L","from":"4 Av-9 St","to":"7 Av"},"geometry":{"type":"LineString","coordinates":[[-73.989779,40.670272],[-73.980305,40.666271]]}},{"type":"Feature","properties":{"duration_avg":90.0,"n_vehicles":257,"d":638,"route_I_counts":"{\"17\": 152, \"20\": 105}","shape_id":"{\"F..N68R\": 27, \"F..N69R\": 125}","direction_id":"{\"0\": 257}","headsign":"{\"Court Sq\": 105, \"Jamaica-179 St\": 152}","source":297,"target":296,"layer":"L","from":"4 Av-9 St","to":"Smith-9 Sts"},"geometry":{"type":"LineString","coordinates":[[-73.989779,40.670272],[-73.995959,40.67358]]}},{"type":"Feature","properties":{"duration_avg":113.35570469798658,"n_vehicles":149,"d":717,"route_I_counts":"{\"15\": 22, \"24\": 17, \"26\": 108, \"28\": 2}","shape_id":"{\"D..S05R\": 22, \"N..S20R\": 17}","direction_id":"{\"1\": 149}","headsign":"{\"86 St\": 2, \"Bay Ridge-95 St\": 108, \"Coney Island-Stillwell Av\": 39}","source":297,"target":246,"layer":"L","from":"4 Av-9 St","to":"Prospect Av"},"geometry":{"type":"LineString","coordinates":[[-73.989779,40.670272],[-73.992872,40.665414]]}},{"type":"Feature","properties":{"duration_avg":109.57894736842105,"n_vehicles":190,"d":843,"route_I_counts":"{\"15\": 42, \"24\": 40, \"26\": 107, \"28\": 1}","shape_id":"{\"D..N05R\": 42, \"N..N20R\": 20, \"N..N23R\": 1, \"R..N93R\": 85, \"R..N96R\": 4}","direction_id":"{\"0\": 190}","headsign":"{\"Astoria-Ditmars Blvd\": 41, \"Forest Hills-71 Av\": 89, \"Norwood-205 St\": 42, \"Whitehall St-South Ferry\": 18}","source":297,"target":245,"layer":"L","from":"4 Av-9 St","to":"Union St"},"geometry":{"type":"LineString","coordinates":[[-73.989779,40.670272],[-73.98311,40.677316]]}},{"type":"Feature","properties":{"shape_id":"{\"F..S68R\": 24, \"F..S69R\": 124}","direction_id":"{\"1\": 257}","headsign":"{\"Church Av\": 109, \"Coney Island-Stillwell Av\": 124, \"Kings Hwy\": 24}","duration_avg":90.0,"n_vehicles":257,"d":661,"route_I_counts":"{\"17\": 148, \"20\": 109}","source":298,"target":299,"layer":"L","from":"7 Av","to":"15 St-Prospect Park"},"geometry":{"type":"LineString","coordinates":[[-73.980305,40.666271],[-73.979493,40.660365]]}},{"type":"Feature","properties":{"duration_avg":116.96498054474708,"n_vehicles":257,"d":915,"route_I_counts":"{\"17\": 152, \"20\": 105}","shape_id":"{\"F..N68R\": 27, \"F..N69R\": 125}","direction_id":"{\"0\": 257}","headsign":"{\"Court Sq\": 105, \"Jamaica-179 St\": 152}","source":298,"target":297,"layer":"L","from":"7 Av","to":"4 Av-9 St"},"geometry":{"type":"LineString","coordinates":[[-73.980305,40.666271],[-73.989779,40.670272]]}},{"type":"Feature","properties":{"shape_id":"{\"F..S68R\": 25, \"F..S69R\": 124}","direction_id":"{\"1\": 258}","headsign":"{\"Church Av\": 109, \"Coney Island-Stillwell Av\": 124, \"Kings Hwy\": 25}","duration_avg":147.32558139534885,"n_vehicles":258,"d":1112,"route_I_counts":"{\"17\": 149, \"20\": 109}","source":299,"target":300,"layer":"L","from":"15 St-Prospect Park","to":"Fort Hamilton Pkwy"},"geometry":{"type":"LineString","coordinates":[[-73.979493,40.660365],[-73.975776,40.650782]]}},{"type":"Feature","properties":{"duration_avg":116.3671875,"n_vehicles":256,"d":661,"route_I_counts":"{\"17\": 151, \"20\": 105}","shape_id":"{\"F..N68R\": 27, \"F..N69R\": 124}","direction_id":"{\"0\": 256}","headsign":"{\"Court Sq\": 105, \"Jamaica-179 St\": 151}","source":299,"target":298,"layer":"L","from":"15 St-Prospect Park","to":"7 Av"},"geometry":{"type":"LineString","coordinates":[[-73.979493,40.660365],[-73.980305,40.666271]]}},{"type":"Feature","properties":{"shape_id":"{\"F..S68R\": 25, \"F..S69R\": 124}","direction_id":"{\"1\": 258}","headsign":"{\"Church Av\": 109, \"Coney Island-Stillwell Av\": 124, \"Kings Hwy\": 25}","duration_avg":95.11627906976744,"n_vehicles":258,"d":819,"route_I_counts":"{\"17\": 149, \"20\": 109}","source":300,"target":301,"layer":"L","from":"Fort Hamilton Pkwy","to":"Church Av"},"geometry":{"type":"LineString","coordinates":[[-73.975776,40.650782],[-73.979678,40.644041]]}},{"type":"Feature","properties":{"duration_avg":156.11764705882354,"n_vehicles":255,"d":1112,"route_I_counts":"{\"17\": 151, \"20\": 104}","shape_id":"{\"F..N68R\": 27, \"F..N69R\": 124}","direction_id":"{\"0\": 255}","headsign":"{\"Court Sq\": 104, \"Jamaica-179 St\": 151}","source":300,"target":299,"layer":"L","from":"Fort Hamilton Pkwy","to":"15 St-Prospect Park"},"geometry":{"type":"LineString","coordinates":[[-73.975776,40.650782],[-73.979493,40.660365]]}},{"type":"Feature","properties":{"shape_id":"{\"F..S68R\": 25, \"F..S69R\": 124, \"F..S72R\": 2}","direction_id":"{\"1\": 151}","headsign":"{\"Coney Island-Stillwell Av\": 126, \"Kings Hwy\": 25}","duration_avg":120.0,"n_vehicles":151,"d":891,"route_I_counts":"{\"17\": 149, \"18\": 2}","source":301,"target":302,"layer":"L","from":"Church Av","to":"Ditmas Av"},"geometry":{"type":"LineString","coordinates":[[-73.979678,40.644041],[-73.978172,40.636119]]}},{"type":"Feature","properties":{"duration_avg":116.25,"n_vehicles":256,"d":819,"route_I_counts":"{\"17\": 152, \"20\": 104}","shape_id":"{\"F..N68R\": 27, \"F..N69R\": 125}","direction_id":"{\"0\": 256}","headsign":"{\"Court Sq\": 104, \"Jamaica-179 St\": 152}","source":301,"target":300,"layer":"L","from":"Church Av","to":"Fort Hamilton Pkwy"},"geometry":{"type":"LineString","coordinates":[[-73.979678,40.644041],[-73.975776,40.650782]]}},{"type":"Feature","properties":{"shape_id":"{\"F..S68R\": 25, \"F..S69R\": 124, \"F..S72R\": 2}","direction_id":"{\"1\": 151}","headsign":"{\"Coney Island-Stillwell Av\": 126, \"Kings Hwy\": 25}","duration_avg":120.0,"n_vehicles":151,"d":715,"route_I_counts":"{\"17\": 149, \"18\": 2}","source":302,"target":303,"layer":"L","from":"Ditmas Av","to":"18 Av"},"geometry":{"type":"LineString","coordinates":[[-73.978172,40.636119],[-73.976971,40.629755]]}},{"type":"Feature","properties":{"duration_avg":120.0,"n_vehicles":151,"d":891,"route_I_counts":"{\"17\": 151}","shape_id":"{\"F..N68R\": 27, \"F..N69R\": 124}","direction_id":"{\"0\": 151}","headsign":"{\"Jamaica-179 St\": 151}","source":302,"target":301,"layer":"L","from":"Ditmas Av","to":"Church Av"},"geometry":{"type":"LineString","coordinates":[[-73.978172,40.636119],[-73.979678,40.644041]]}},{"type":"Feature","properties":{"shape_id":"{\"F..S68R\": 25, \"F..S69R\": 124, \"F..S72R\": 2}","direction_id":"{\"1\": 151}","headsign":"{\"Coney Island-Stillwell Av\": 126, \"Kings Hwy\": 25}","duration_avg":60.0,"n_vehicles":151,"d":498,"route_I_counts":"{\"17\": 149, \"18\": 2}","source":303,"target":304,"layer":"L","from":"18 Av","to":"Avenue I"},"geometry":{"type":"LineString","coordinates":[[-73.976971,40.629755],[-73.976127,40.625322]]}},{"type":"Feature","properties":{"duration_avg":90.19867549668874,"n_vehicles":151,"d":715,"route_I_counts":"{\"17\": 151}","shape_id":"{\"F..N68R\": 27, \"F..N69R\": 124}","direction_id":"{\"0\": 151}","headsign":"{\"Jamaica-179 St\": 151}","source":303,"target":302,"layer":"L","from":"18 Av","to":"Ditmas Av"},"geometry":{"type":"LineString","coordinates":[[-73.976971,40.629755],[-73.978172,40.636119]]}},{"type":"Feature","properties":{"shape_id":"{\"F..S68R\": 25, \"F..S69R\": 124, \"F..S72R\": 2}","direction_id":"{\"1\": 151}","headsign":"{\"Coney Island-Stillwell Av\": 126, \"Kings Hwy\": 25}","duration_avg":60.0,"n_vehicles":151,"d":512,"route_I_counts":"{\"17\": 149, \"18\": 2}","source":304,"target":305,"layer":"L","from":"Avenue I","to":"Bay Pkwy"},"geometry":{"type":"LineString","coordinates":[[-73.976127,40.625322],[-73.975264,40.620769]]}},{"type":"Feature","properties":{"duration_avg":63.37748344370861,"n_vehicles":151,"d":498,"route_I_counts":"{\"17\": 151}","shape_id":"{\"F..N68R\": 27, \"F..N69R\": 124}","direction_id":"{\"0\": 151}","headsign":"{\"Jamaica-179 St\": 151}","source":304,"target":303,"layer":"L","from":"Avenue I","to":"18 Av"},"geometry":{"type":"LineString","coordinates":[[-73.976127,40.625322],[-73.976971,40.629755]]}},{"type":"Feature","properties":{"shape_id":"{\"F..S68R\": 25, \"F..S69R\": 125, \"F..S72R\": 2}","direction_id":"{\"1\": 152}","headsign":"{\"Coney Island-Stillwell Av\": 127, \"Kings Hwy\": 25}","duration_avg":120.0,"n_vehicles":152,"d":633,"route_I_counts":"{\"17\": 150, \"18\": 2}","source":305,"target":306,"layer":"L","from":"Bay Pkwy","to":"Avenue N"},"geometry":{"type":"LineString","coordinates":[[-73.975264,40.620769],[-73.974197,40.61514]]}},{"type":"Feature","properties":{"duration_avg":60.0,"n_vehicles":151,"d":512,"route_I_counts":"{\"17\": 151}","shape_id":"{\"F..N68R\": 27, \"F..N69R\": 124}","direction_id":"{\"0\": 151}","headsign":"{\"Jamaica-179 St\": 151}","source":305,"target":304,"layer":"L","from":"Bay Pkwy","to":"Avenue I"},"geometry":{"type":"LineString","coordinates":[[-73.975264,40.620769],[-73.976127,40.625322]]}},{"type":"Feature","properties":{"shape_id":"{\"F..S68R\": 25, \"F..S69R\": 125, \"F..S72R\": 2}","direction_id":"{\"1\": 152}","headsign":"{\"Coney Island-Stillwell Av\": 127, \"Kings Hwy\": 25}","duration_avg":90.0,"n_vehicles":152,"d":696,"route_I_counts":"{\"17\": 150, \"18\": 2}","source":306,"target":307,"layer":"L","from":"Avenue N","to":"Avenue P"},"geometry":{"type":"LineString","coordinates":[[-73.974197,40.61514],[-73.973022,40.608944]]}},{"type":"Feature","properties":{"duration_avg":90.0,"n_vehicles":150,"d":633,"route_I_counts":"{\"17\": 150}","shape_id":"{\"F..N68R\": 27, \"F..N69R\": 123}","direction_id":"{\"0\": 150}","headsign":"{\"Jamaica-179 St\": 150}","source":306,"target":305,"layer":"L","from":"Avenue N","to":"Bay Pkwy"},"geometry":{"type":"LineString","coordinates":[[-73.974197,40.61514],[-73.975264,40.620769]]}},{"type":"Feature","properties":{"shape_id":"{\"F..S68R\": 25, \"F..S69R\": 125, \"F..S72R\": 2}","direction_id":"{\"1\": 152}","headsign":"{\"Coney Island-Stillwell Av\": 127, \"Kings Hwy\": 25}","duration_avg":90.0,"n_vehicles":152,"d":639,"route_I_counts":"{\"17\": 150, \"18\": 2}","source":307,"target":308,"layer":"L","from":"Avenue P","to":"Kings Hwy"},"geometry":{"type":"LineString","coordinates":[[-73.973022,40.608944],[-73.972361,40.603217]]}},{"type":"Feature","properties":{"duration_avg":90.0,"n_vehicles":150,"d":696,"route_I_counts":"{\"17\": 150}","shape_id":"{\"F..N68R\": 27, \"F..N69R\": 123}","direction_id":"{\"0\": 150}","headsign":"{\"Jamaica-179 St\": 150}","source":307,"target":306,"layer":"L","from":"Avenue P","to":"Avenue N"},"geometry":{"type":"LineString","coordinates":[[-73.973022,40.608944],[-73.974197,40.61514]]}},{"type":"Feature","properties":{"shape_id":"{\"F..S69R\": 125, \"F..S72R\": 2}","direction_id":"{\"1\": 127}","headsign":"{\"Coney Island-Stillwell Av\": 127}","duration_avg":120.0,"n_vehicles":127,"d":800,"route_I_counts":"{\"17\": 125, \"18\": 2}","source":308,"target":309,"layer":"L","from":"Kings Hwy","to":"Avenue U"},"geometry":{"type":"LineString","coordinates":[[-73.972361,40.603217],[-73.973357,40.596063]]}},{"type":"Feature","properties":{"duration_avg":90.0,"n_vehicles":150,"d":639,"route_I_counts":"{\"17\": 150}","shape_id":"{\"F..N68R\": 27, \"F..N69R\": 123}","direction_id":"{\"0\": 150}","headsign":"{\"Jamaica-179 St\": 150}","source":308,"target":307,"layer":"L","from":"Kings Hwy","to":"Avenue P"},"geometry":{"type":"LineString","coordinates":[[-73.972361,40.603217],[-73.973022,40.608944]]}},{"type":"Feature","properties":{"shape_id":"{\"F..S69R\": 124, \"F..S72R\": 2}","direction_id":"{\"1\": 126}","headsign":"{\"Coney Island-Stillwell Av\": 126}","duration_avg":120.0,"n_vehicles":126,"d":721,"route_I_counts":"{\"17\": 124, \"18\": 2}","source":309,"target":310,"layer":"L","from":"Avenue U","to":"Avenue X"},"geometry":{"type":"LineString","coordinates":[[-73.973357,40.596063],[-73.97425,40.58962]]}},{"type":"Feature","properties":{"duration_avg":120.0,"n_vehicles":123,"d":800,"route_I_counts":"{\"17\": 123}","shape_id":"{\"F..N69R\": 123}","direction_id":"{\"0\": 123}","headsign":"{\"Jamaica-179 St\": 123}","source":309,"target":308,"layer":"L","from":"Avenue U","to":"Kings Hwy"},"geometry":{"type":"LineString","coordinates":[[-73.973357,40.596063],[-73.972361,40.603217]]}},{"type":"Feature","properties":{"shape_id":"{\"F..S69R\": 125, \"F..S72R\": 2}","direction_id":"{\"1\": 127}","headsign":"{\"Coney Island-Stillwell Av\": 127}","duration_avg":120.70866141732283,"n_vehicles":127,"d":958,"route_I_counts":"{\"17\": 125, \"18\": 2}","source":310,"target":311,"layer":"L","from":"Avenue X","to":"Neptune Av"},"geometry":{"type":"LineString","coordinates":[[-73.97425,40.58962],[-73.974574,40.581011]]}},{"type":"Feature","properties":{"duration_avg":91.72131147540983,"n_vehicles":122,"d":721,"route_I_counts":"{\"17\": 122}","shape_id":"{\"F..N69R\": 122}","direction_id":"{\"0\": 122}","headsign":"{\"Jamaica-179 St\": 122}","source":310,"target":309,"layer":"L","from":"Avenue X","to":"Avenue U"},"geometry":{"type":"LineString","coordinates":[[-73.97425,40.58962],[-73.973357,40.596063]]}},{"type":"Feature","properties":{"shape_id":"{\"F..S69R\": 125, \"F..S72R\": 2}","direction_id":"{\"1\": 127}","headsign":"{\"Coney Island-Stillwell Av\": 127}","duration_avg":90.0,"n_vehicles":127,"d":555,"route_I_counts":"{\"17\": 125, \"18\": 2}","source":311,"target":312,"layer":"L","from":"Neptune Av","to":"W 8 St-NY Aquarium"},"geometry":{"type":"LineString","coordinates":[[-73.974574,40.581011],[-73.975939,40.576127]]}},{"type":"Feature","properties":{"duration_avg":120.0,"n_vehicles":123,"d":958,"route_I_counts":"{\"17\": 123}","shape_id":"{\"F..N69R\": 123}","direction_id":"{\"0\": 123}","headsign":"{\"Jamaica-179 St\": 123}","source":311,"target":310,"layer":"L","from":"Neptune Av","to":"Avenue X"},"geometry":{"type":"LineString","coordinates":[[-73.974574,40.581011],[-73.97425,40.58962]]}},{"type":"Feature","properties":{"shape_id":"{\"F..S69R\": 125, \"F..S72R\": 2}","direction_id":"{\"1\": 255}","headsign":"{\"Coney Island-Stillwell Av\": 255}","duration_avg":90.0,"n_vehicles":255,"d":470,"route_I_counts":"{\"17\": 125, \"18\": 2, \"25\": 128}","source":312,"target":260,"layer":"L","from":"W 8 St-NY Aquarium","to":"Coney Island-Stillwell Av"},"geometry":{"type":"LineString","coordinates":[[-73.975939,40.576127],[-73.981233,40.577422]]}},{"type":"Feature","properties":{"duration_avg":90.0,"n_vehicles":123,"d":555,"route_I_counts":"{\"17\": 123}","shape_id":"{\"F..N69R\": 123}","direction_id":"{\"0\": 123}","headsign":"{\"Jamaica-179 St\": 123}","source":312,"target":311,"layer":"L","from":"W 8 St-NY Aquarium","to":"Neptune Av"},"geometry":{"type":"LineString","coordinates":[[-73.975939,40.576127],[-73.974574,40.581011]]}},{"type":"Feature","properties":{"duration_avg":90.0,"n_vehicles":119,"d":629,"route_I_counts":"{\"25\": 119}","shape_id":"{}","direction_id":"{\"0\": 119}","headsign":"{\"96 St\": 119}","source":312,"target":416,"layer":"L","from":"W 8 St-NY Aquarium","to":"Ocean Pkwy"},"geometry":{"type":"LineString","coordinates":[[-73.975939,40.576127],[-73.968501,40.576312]]}},{"type":"Feature","properties":{"duration_avg":90.0,"n_vehicles":92,"d":511,"route_I_counts":"{\"19\": 92}","shape_id":"{\"FS.S01R\": 92}","direction_id":"{\"1\": 92}","headsign":"{\"Prospect Park\": 92}","source":313,"target":65,"layer":"L","from":"Park Pl","to":"Franklin Av-Medgar Evers College"},"geometry":{"type":"LineString","coordinates":[[-73.957624,40.674772],[-73.958131,40.670682]]}},{"type":"Feature","properties":{"duration_avg":120.0,"n_vehicles":92,"d":665,"route_I_counts":"{\"19\": 92}","shape_id":"{\"FS.N01R\": 92}","direction_id":"{\"0\": 92}","headsign":"{\"Franklin Av\": 92}","source":313,"target":188,"layer":"L","from":"Park Pl","to":"Franklin Av"},"geometry":{"type":"LineString","coordinates":[[-73.957624,40.674772],[-73.956848,40.68138]]}},{"type":"Feature","properties":{"shape_id":"{}","direction_id":"{\"1\": 107}","headsign":"{\"Church Av\": 107}","duration_avg":154.7663551401869,"n_vehicles":107,"d":1470,"route_I_counts":"{\"20\": 107}","source":314,"target":315,"layer":"L","from":"21 St","to":"Greenpoint Av"},"geometry":{"type":"LineString","coordinates":[[-73.949724,40.744065],[-73.954449,40.731352]]}},{"type":"Feature","properties":{"duration_avg":60.0,"n_vehicles":106,"d":568,"route_I_counts":"{\"20\": 106}","shape_id":"{}","direction_id":"{\"0\": 106}","headsign":"{\"Court Sq\": 106}","source":314,"target":153,"layer":"L","from":"21 St","to":"Court Sq"},"geometry":{"type":"LineString","coordinates":[[-73.949724,40.744065],[-73.945264,40.747023]]}},{"type":"Feature","properties":{"shape_id":"{}","direction_id":"{\"1\": 107}","headsign":"{\"Church Av\": 107}","duration_avg":78.50467289719626,"n_vehicles":107,"d":794,"route_I_counts":"{\"20\": 107}","source":315,"target":316,"layer":"L","from":"Greenpoint Av","to":"Nassau Av"},"geometry":{"type":"LineString","coordinates":[[-73.954449,40.731352],[-73.951277,40.724635]]}},{"type":"Feature","properties":{"duration_avg":153.39622641509433,"n_vehicles":106,"d":1470,"route_I_counts":"{\"20\": 106}","shape_id":"{}","direction_id":"{\"0\": 106}","headsign":"{\"Court Sq\": 106}","source":315,"target":314,"layer":"L","from":"Greenpoint Av","to":"21 St"},"geometry":{"type":"LineString","coordinates":[[-73.954449,40.731352],[-73.949724,40.744065]]}},{"type":"Feature","properties":{"duration_avg":78.9622641509434,"n_vehicles":106,"d":794,"route_I_counts":"{\"20\": 106}","shape_id":"{}","direction_id":"{\"0\": 106}","headsign":"{\"Court Sq\": 106}","source":316,"target":315,"layer":"L","from":"Nassau Av","to":"Greenpoint Av"},"geometry":{"type":"LineString","coordinates":[[-73.951277,40.724635],[-73.954449,40.731352]]}},{"type":"Feature","properties":{"duration_avg":168.78504672897196,"n_vehicles":107,"d":1318,"route_I_counts":"{\"20\": 107}","shape_id":"{}","direction_id":"{\"1\": 107}","headsign":"{\"Church Av\": 107}","source":316,"target":363,"layer":"L","from":"Nassau Av","to":"Lorimer St"},"geometry":{"type":"LineString","coordinates":[[-73.951277,40.724635],[-73.950275,40.714063]]}},{"type":"Feature","properties":{"shape_id":"{}","direction_id":"{\"1\": 107}","headsign":"{\"Church Av\": 107}","duration_avg":60.0,"n_vehicles":107,"d":636,"route_I_counts":"{\"20\": 107}","source":317,"target":318,"layer":"L","from":"Broadway","to":"Flushing Av"},"geometry":{"type":"LineString","coordinates":[[-73.950308,40.706092],[-73.950234,40.700377]]}},{"type":"Feature","properties":{"duration_avg":70.75471698113208,"n_vehicles":106,"d":751,"route_I_counts":"{\"20\": 106}","shape_id":"{}","direction_id":"{\"0\": 106}","headsign":"{\"Court Sq\": 106}","source":317,"target":363,"layer":"L","from":"Broadway","to":"Lorimer St"},"geometry":{"type":"LineString","coordinates":[[-73.950308,40.706092],[-73.950275,40.714063]]}},{"type":"Feature","properties":{"shape_id":"{}","direction_id":"{\"1\": 107}","headsign":"{\"Church Av\": 107}","duration_avg":90.0,"n_vehicles":107,"d":654,"route_I_counts":"{\"20\": 107}","source":318,"target":319,"layer":"L","from":"Flushing Av","to":"Myrtle-Willoughby Avs"},"geometry":{"type":"LineString","coordinates":[[-73.950234,40.700377],[-73.949046,40.694568]]}},{"type":"Feature","properties":{"duration_avg":79.14285714285714,"n_vehicles":105,"d":636,"route_I_counts":"{\"20\": 105}","shape_id":"{}","direction_id":"{\"0\": 105}","headsign":"{\"Court Sq\": 105}","source":318,"target":317,"layer":"L","from":"Flushing Av","to":"Broadway"},"geometry":{"type":"LineString","coordinates":[[-73.950234,40.700377],[-73.950308,40.706092]]}},{"type":"Feature","properties":{"shape_id":"{}","direction_id":"{\"1\": 107}","headsign":"{\"Church Av\": 107}","duration_avg":90.0,"n_vehicles":107,"d":667,"route_I_counts":"{\"20\": 107}","source":319,"target":320,"layer":"L","from":"Myrtle-Willoughby Avs","to":"Bedford-Nostrand Avs"},"geometry":{"type":"LineString","coordinates":[[-73.949046,40.694568],[-73.953522,40.689627]]}},{"type":"Feature","properties":{"duration_avg":90.0,"n_vehicles":105,"d":654,"route_I_counts":"{\"20\": 105}","shape_id":"{}","direction_id":"{\"0\": 105}","headsign":"{\"Court Sq\": 105}","source":319,"target":318,"layer":"L","from":"Myrtle-Willoughby Avs","to":"Flushing Av"},"geometry":{"type":"LineString","coordinates":[[-73.949046,40.694568],[-73.950234,40.700377]]}},{"type":"Feature","properties":{"shape_id":"{}","direction_id":"{\"1\": 107}","headsign":"{\"Church Av\": 107}","duration_avg":60.0,"n_vehicles":107,"d":559,"route_I_counts":"{\"20\": 107}","source":320,"target":321,"layer":"L","from":"Bedford-Nostrand Avs","to":"Classon Av"},"geometry":{"type":"LineString","coordinates":[[-73.953522,40.689627],[-73.96007,40.688873]]}},{"type":"Feature","properties":{"duration_avg":90.0,"n_vehicles":105,"d":667,"route_I_counts":"{\"20\": 105}","shape_id":"{}","direction_id":"{\"0\": 105}","headsign":"{\"Court Sq\": 105}","source":320,"target":319,"layer":"L","from":"Bedford-Nostrand Avs","to":"Myrtle-Willoughby Avs"},"geometry":{"type":"LineString","coordinates":[[-73.953522,40.689627],[-73.949046,40.694568]]}},{"type":"Feature","properties":{"shape_id":"{}","direction_id":"{\"1\": 108}","headsign":"{\"Church Av\": 108}","duration_avg":90.0,"n_vehicles":108,"d":577,"route_I_counts":"{\"20\": 108}","source":321,"target":322,"layer":"L","from":"Classon Av","to":"Clinton-Washington Avs"},"geometry":{"type":"LineString","coordinates":[[-73.96007,40.688873],[-73.966839,40.688089]]}},{"type":"Feature","properties":{"duration_avg":60.0,"n_vehicles":105,"d":559,"route_I_counts":"{\"20\": 105}","shape_id":"{}","direction_id":"{\"0\": 105}","headsign":"{\"Court Sq\": 105}","source":321,"target":320,"layer":"L","from":"Classon Av","to":"Bedford-Nostrand Avs"},"geometry":{"type":"LineString","coordinates":[[-73.96007,40.688873],[-73.953522,40.689627]]}},{"type":"Feature","properties":{"shape_id":"{}","direction_id":"{\"1\": 108}","headsign":"{\"Church Av\": 108}","duration_avg":90.0,"n_vehicles":108,"d":728,"route_I_counts":"{\"20\": 108}","source":322,"target":323,"layer":"L","from":"Clinton-Washington Avs","to":"Fulton St"},"geometry":{"type":"LineString","coordinates":[[-73.966839,40.688089],[-73.975375,40.687119]]}},{"type":"Feature","properties":{"duration_avg":90.0,"n_vehicles":105,"d":577,"route_I_counts":"{\"20\": 105}","shape_id":"{}","direction_id":"{\"0\": 105}","headsign":"{\"Court Sq\": 105}","source":322,"target":321,"layer":"L","from":"Clinton-Washington Avs","to":"Classon Av"},"geometry":{"type":"LineString","coordinates":[[-73.966839,40.688089],[-73.96007,40.688873]]}},{"type":"Feature","properties":{"shape_id":"{}","direction_id":"{\"1\": 108}","headsign":"{\"Church Av\": 108}","duration_avg":95.83333333333333,"n_vehicles":108,"d":826,"route_I_counts":"{\"20\": 108}","source":323,"target":185,"layer":"L","from":"Fulton St","to":"Hoyt-Schermerhorn Sts"},"geometry":{"type":"LineString","coordinates":[[-73.975375,40.687119],[-73.985001,40.688484]]}},{"type":"Feature","properties":{"duration_avg":90.0,"n_vehicles":106,"d":728,"route_I_counts":"{\"20\": 106}","shape_id":"{}","direction_id":"{\"0\": 106}","headsign":"{\"Court Sq\": 106}","source":323,"target":322,"layer":"L","from":"Fulton St","to":"Clinton-Washington Avs"},"geometry":{"type":"LineString","coordinates":[[-73.975375,40.687119],[-73.966839,40.688089]]}},{"type":"Feature","properties":{"shape_id":"{\"J..S12R\": 81, \"J..S13R\": 16}","direction_id":"{\"1\": 97}","headsign":"{\"Broad St\": 97}","duration_avg":90.0,"n_vehicles":97,"d":760,"route_I_counts":"{\"21\": 97}","source":324,"target":325,"layer":"L","from":"121 St","to":"111 St"},"geometry":{"type":"LineString","coordinates":[[-73.828294,40.700492],[-73.836345,40.697418]]}},{"type":"Feature","properties":{"duration_avg":240.0,"n_vehicles":103,"d":1715,"route_I_counts":"{\"21\": 97, \"29\": 6}","shape_id":"{}","direction_id":"{\"0\": 103}","headsign":"{\"Jamaica Center-Parsons/Archer\": 103}","source":324,"target":262,"layer":"L","from":"121 St","to":"Sutphin Blvd-Archer Av-JFK Airport"},"geometry":{"type":"LineString","coordinates":[[-73.828294,40.700492],[-73.807969,40.700486]]}},{"type":"Feature","properties":{"shape_id":"{\"J..S12R\": 81, \"J..S13R\": 16}","direction_id":"{\"1\": 97}","headsign":"{\"Broad St\": 97}","duration_avg":120.0,"n_vehicles":97,"d":718,"route_I_counts":"{\"21\": 97}","source":325,"target":326,"layer":"L","from":"111 St","to":"104 St"},"geometry":{"type":"LineString","coordinates":[[-73.836345,40.697418],[-73.84433,40.695178]]}},{"type":"Feature","properties":{"duration_avg":90.0,"n_vehicles":97,"d":760,"route_I_counts":"{\"21\": 97}","shape_id":"{}","direction_id":"{\"0\": 97}","headsign":"{\"Jamaica Center-Parsons/Archer\": 97}","source":325,"target":324,"layer":"L","from":"111 St","to":"121 St"},"geometry":{"type":"LineString","coordinates":[[-73.836345,40.697418],[-73.828294,40.700492]]}},{"type":"Feature","properties":{"duration_avg":300.0,"n_vehicles":5,"d":2419,"route_I_counts":"{\"21\": 5}","shape_id":"{}","direction_id":"{\"0\": 5}","headsign":"{\"Jamaica Center-Parsons/Archer\": 5}","source":325,"target":262,"layer":"L","from":"111 St","to":"Sutphin Blvd-Archer Av-JFK Airport"},"geometry":{"type":"LineString","coordinates":[[-73.836345,40.697418],[-73.807969,40.700486]]}},{"type":"Feature","properties":{"shape_id":"{\"J..S12R\": 81, \"J..S13R\": 16}","direction_id":"{\"1\": 97}","headsign":"{\"Broad St\": 97}","duration_avg":90.0,"n_vehicles":97,"d":628,"route_I_counts":"{\"21\": 97}","source":326,"target":327,"layer":"L","from":"104 St","to":"Woodhaven Blvd"},"geometry":{"type":"LineString","coordinates":[[-73.84433,40.695178],[-73.851576,40.693879]]}},{"type":"Feature","properties":{"duration_avg":180.0,"n_vehicles":6,"d":1477,"route_I_counts":"{\"29\": 6}","shape_id":"{}","direction_id":"{\"0\": 6}","headsign":"{\"Jamaica Center-Parsons/Archer\": 6}","source":326,"target":324,"layer":"L","from":"104 St","to":"121 St"},"geometry":{"type":"LineString","coordinates":[[-73.84433,40.695178],[-73.828294,40.700492]]}},{"type":"Feature","properties":{"duration_avg":120.0,"n_vehicles":97,"d":718,"route_I_counts":"{\"21\": 97}","shape_id":"{}","direction_id":"{\"0\": 97}","headsign":"{\"Jamaica Center-Parsons/Archer\": 97}","source":326,"target":325,"layer":"L","from":"104 St","to":"111 St"},"geometry":{"type":"LineString","coordinates":[[-73.84433,40.695178],[-73.836345,40.697418]]}},{"type":"Feature","properties":{"shape_id":"{\"J..S12R\": 80, \"J..S13R\": 16}","direction_id":"{\"1\": 96}","headsign":"{\"Broad St\": 96}","duration_avg":111.25,"n_vehicles":96,"d":729,"route_I_counts":"{\"21\": 96}","source":327,"target":328,"layer":"L","from":"Woodhaven Blvd","to":"85 St-Forest Pkwy"},"geometry":{"type":"LineString","coordinates":[[-73.851576,40.693879],[-73.86001,40.692435]]}},{"type":"Feature","properties":{"duration_avg":180.0,"n_vehicles":5,"d":1344,"route_I_counts":"{\"21\": 5}","shape_id":"{}","direction_id":"{\"0\": 5}","headsign":"{\"Jamaica Center-Parsons/Archer\": 5}","source":327,"target":325,"layer":"L","from":"Woodhaven Blvd","to":"111 St"},"geometry":{"type":"LineString","coordinates":[[-73.851576,40.693879],[-73.836345,40.697418]]}},{"type":"Feature","properties":{"duration_avg":90.0,"n_vehicles":103,"d":628,"route_I_counts":"{\"21\": 97, \"29\": 6}","shape_id":"{}","direction_id":"{\"0\": 103}","headsign":"{\"Jamaica Center-Parsons/Archer\": 103}","source":327,"target":326,"layer":"L","from":"Woodhaven Blvd","to":"104 St"},"geometry":{"type":"LineString","coordinates":[[-73.851576,40.693879],[-73.84433,40.695178]]}},{"type":"Feature","properties":{"shape_id":"{\"J..S12R\": 80, \"J..S13R\": 16}","direction_id":"{\"1\": 96}","headsign":"{\"Broad St\": 96}","duration_avg":90.0,"n_vehicles":96,"d":614,"route_I_counts":"{\"21\": 96}","source":328,"target":329,"layer":"L","from":"85 St-Forest Pkwy","to":"75 St-Elderts Ln"},"geometry":{"type":"LineString","coordinates":[[-73.86001,40.692435],[-73.867139,40.691324]]}},{"type":"Feature","properties":{"duration_avg":110.29411764705883,"n_vehicles":102,"d":729,"route_I_counts":"{\"21\": 102}","shape_id":"{}","direction_id":"{\"0\": 102}","headsign":"{\"Jamaica Center-Parsons/Archer\": 102}","source":328,"target":327,"layer":"L","from":"85 St-Forest Pkwy","to":"Woodhaven Blvd"},"geometry":{"type":"LineString","coordinates":[[-73.86001,40.692435],[-73.851576,40.693879]]}},{"type":"Feature","properties":{"shape_id":"{\"J..S12R\": 80, \"J..S13R\": 16}","direction_id":"{\"1\": 96}","headsign":"{\"Broad St\": 96}","duration_avg":68.75,"n_vehicles":96,"d":481,"route_I_counts":"{\"21\": 96}","source":329,"target":330,"layer":"L","from":"75 St-Elderts Ln","to":"Cypress Hills"},"geometry":{"type":"LineString","coordinates":[[-73.867139,40.691324],[-73.87255,40.689941]]}},{"type":"Feature","properties":{"duration_avg":90.0,"n_vehicles":97,"d":614,"route_I_counts":"{\"21\": 97}","shape_id":"{}","direction_id":"{\"0\": 97}","headsign":"{\"Jamaica Center-Parsons/Archer\": 97}","source":329,"target":328,"layer":"L","from":"75 St-Elderts Ln","to":"85 St-Forest Pkwy"},"geometry":{"type":"LineString","coordinates":[[-73.867139,40.691324],[-73.86001,40.692435]]}},{"type":"Feature","properties":{"duration_avg":180.0,"n_vehicles":6,"d":1344,"route_I_counts":"{\"29\": 6}","shape_id":"{}","direction_id":"{\"0\": 6}","headsign":"{\"Jamaica Center-Parsons/Archer\": 6}","source":329,"target":327,"layer":"L","from":"75 St-Elderts Ln","to":"Woodhaven Blvd"},"geometry":{"type":"LineString","coordinates":[[-73.867139,40.691324],[-73.851576,40.693879]]}},{"type":"Feature","properties":{"shape_id":"{\"J..S12R\": 80, \"J..S13R\": 16}","direction_id":"{\"1\": 96}","headsign":"{\"Broad St\": 96}","duration_avg":111.25,"n_vehicles":96,"d":758,"route_I_counts":"{\"21\": 96}","source":330,"target":331,"layer":"L","from":"Cypress Hills","to":"Crescent St"},"geometry":{"type":"LineString","coordinates":[[-73.87255,40.689941],[-73.873785,40.683194]]}},{"type":"Feature","properties":{"duration_avg":70.20618556701031,"n_vehicles":97,"d":481,"route_I_counts":"{\"21\": 97}","shape_id":"{}","direction_id":"{\"0\": 97}","headsign":"{\"Jamaica Center-Parsons/Archer\": 97}","source":330,"target":329,"layer":"L","from":"Cypress Hills","to":"75 St-Elderts Ln"},"geometry":{"type":"LineString","coordinates":[[-73.87255,40.689941],[-73.867139,40.691324]]}},{"type":"Feature","properties":{"duration_avg":150.0,"n_vehicles":5,"d":1094,"route_I_counts":"{\"21\": 5}","shape_id":"{}","direction_id":"{\"0\": 5}","headsign":"{\"Jamaica Center-Parsons/Archer\": 5}","source":330,"target":328,"layer":"L","from":"Cypress Hills","to":"85 St-Forest Pkwy"},"geometry":{"type":"LineString","coordinates":[[-73.87255,40.689941],[-73.86001,40.692435]]}},{"type":"Feature","properties":{"shape_id":"{\"J..S12R\": 80, \"J..S13R\": 17}","direction_id":"{\"1\": 97}","headsign":"{\"Broad St\": 97}","duration_avg":120.0,"n_vehicles":97,"d":564,"route_I_counts":"{\"21\": 97}","source":331,"target":332,"layer":"L","from":"Crescent St","to":"Norwood Av"},"geometry":{"type":"LineString","coordinates":[[-73.873785,40.683194],[-73.880039,40.68141]]}},{"type":"Feature","properties":{"duration_avg":150.0,"n_vehicles":6,"d":1064,"route_I_counts":"{\"29\": 6}","shape_id":"{}","direction_id":"{\"0\": 6}","headsign":"{\"Jamaica Center-Parsons/Archer\": 6}","source":331,"target":329,"layer":"L","from":"Crescent St","to":"75 St-Elderts Ln"},"geometry":{"type":"LineString","coordinates":[[-73.873785,40.683194],[-73.867139,40.691324]]}},{"type":"Feature","properties":{"duration_avg":108.82352941176471,"n_vehicles":102,"d":758,"route_I_counts":"{\"21\": 102}","shape_id":"{}","direction_id":"{\"0\": 102}","headsign":"{\"Jamaica Center-Parsons/Archer\": 102}","source":331,"target":330,"layer":"L","from":"Crescent St","to":"Cypress Hills"},"geometry":{"type":"LineString","coordinates":[[-73.873785,40.683194],[-73.87255,40.689941]]}},{"type":"Feature","properties":{"shape_id":"{\"J..S12R\": 80, \"J..S13R\": 17}","direction_id":"{\"1\": 97}","headsign":"{\"Broad St\": 97}","duration_avg":60.0,"n_vehicles":97,"d":421,"route_I_counts":"{\"21\": 97}","source":332,"target":333,"layer":"L","from":"Norwood Av","to":"Cleveland St"},"geometry":{"type":"LineString","coordinates":[[-73.880039,40.68141],[-73.884639,40.679947]]}},{"type":"Feature","properties":{"duration_avg":118.25242718446601,"n_vehicles":103,"d":564,"route_I_counts":"{\"21\": 97, \"29\": 6}","shape_id":"{}","direction_id":"{\"0\": 103}","headsign":"{\"Jamaica Center-Parsons/Archer\": 103}","source":332,"target":331,"layer":"L","from":"Norwood Av","to":"Crescent St"},"geometry":{"type":"LineString","coordinates":[[-73.880039,40.68141],[-73.873785,40.683194]]}},{"type":"Feature","properties":{"shape_id":"{\"J..S12R\": 80, \"J..S13R\": 17}","direction_id":"{\"1\": 97}","headsign":"{\"Broad St\": 97}","duration_avg":90.0,"n_vehicles":97,"d":632,"route_I_counts":"{\"21\": 97}","source":333,"target":334,"layer":"L","from":"Cleveland St","to":"Van Siclen Av"},"geometry":{"type":"LineString","coordinates":[[-73.884639,40.679947],[-73.891688,40.678024]]}},{"type":"Feature","properties":{"duration_avg":150.0,"n_vehicles":5,"d":984,"route_I_counts":"{\"21\": 5}","shape_id":"{}","direction_id":"{\"0\": 5}","headsign":"{\"Jamaica Center-Parsons/Archer\": 5}","source":333,"target":331,"layer":"L","from":"Cleveland St","to":"Crescent St"},"geometry":{"type":"LineString","coordinates":[[-73.884639,40.679947],[-73.873785,40.683194]]}},{"type":"Feature","properties":{"duration_avg":60.0,"n_vehicles":96,"d":421,"route_I_counts":"{\"21\": 96}","shape_id":"{}","direction_id":"{\"0\": 96}","headsign":"{\"Jamaica Center-Parsons/Archer\": 96}","source":333,"target":332,"layer":"L","from":"Cleveland St","to":"Norwood Av"},"geometry":{"type":"LineString","coordinates":[[-73.884639,40.679947],[-73.880039,40.68141]]}},{"type":"Feature","properties":{"shape_id":"{\"J..S12R\": 80, \"J..S13R\": 17}","direction_id":"{\"1\": 97}","headsign":"{\"Broad St\": 97}","duration_avg":90.0,"n_vehicles":97,"d":599,"route_I_counts":"{\"21\": 97}","source":334,"target":335,"layer":"L","from":"Van Siclen Av","to":"Alabama Av"},"geometry":{"type":"LineString","coordinates":[[-73.891688,40.678024],[-73.898654,40.676992]]}},{"type":"Feature","properties":{"duration_avg":90.0,"n_vehicles":96,"d":632,"route_I_counts":"{\"21\": 96}","shape_id":"{}","direction_id":"{\"0\": 96}","headsign":"{\"Jamaica Center-Parsons/Archer\": 96}","source":334,"target":333,"layer":"L","from":"Van Siclen Av","to":"Cleveland St"},"geometry":{"type":"LineString","coordinates":[[-73.891688,40.678024],[-73.884639,40.679947]]}},{"type":"Feature","properties":{"duration_avg":150.0,"n_vehicles":6,"d":1053,"route_I_counts":"{\"29\": 6}","shape_id":"{}","direction_id":"{\"0\": 6}","headsign":"{\"Jamaica Center-Parsons/Archer\": 6}","source":334,"target":332,"layer":"L","from":"Van Siclen Av","to":"Norwood Av"},"geometry":{"type":"LineString","coordinates":[[-73.891688,40.678024],[-73.880039,40.68141]]}},{"type":"Feature","properties":{"duration_avg":150.0,"n_vehicles":5,"d":1228,"route_I_counts":"{\"21\": 5}","shape_id":"{}","direction_id":"{\"0\": 5}","headsign":"{\"Jamaica Center-Parsons/Archer\": 5}","source":335,"target":333,"layer":"L","from":"Alabama Av","to":"Cleveland St"},"geometry":{"type":"LineString","coordinates":[[-73.898654,40.676992],[-73.884639,40.679947]]}},{"type":"Feature","properties":{"duration_avg":88.23529411764706,"n_vehicles":102,"d":599,"route_I_counts":"{\"21\": 96, \"29\": 6}","shape_id":"{}","direction_id":"{\"0\": 102}","headsign":"{\"Jamaica Center-Parsons/Archer\": 102}","source":335,"target":334,"layer":"L","from":"Alabama Av","to":"Van Siclen Av"},"geometry":{"type":"LineString","coordinates":[[-73.898654,40.676992],[-73.891688,40.678024]]}},{"type":"Feature","properties":{"duration_avg":120.0,"n_vehicles":97,"d":567,"route_I_counts":"{\"21\": 97}","shape_id":"{\"J..S12R\": 80, \"J..S13R\": 17}","direction_id":"{\"1\": 97}","headsign":"{\"Broad St\": 97}","source":335,"target":194,"layer":"L","from":"Alabama Av","to":"Broadway Junction"},"geometry":{"type":"LineString","coordinates":[[-73.898654,40.676992],[-73.905316,40.678334]]}},{"type":"Feature","properties":{"shape_id":"{\"J..S12R\": 80, \"J..S13R\": 18, \"J..S54R\": 5}","direction_id":"{\"1\": 103}","headsign":"{\"Broad St\": 103}","duration_avg":90.0,"n_vehicles":103,"d":644,"route_I_counts":"{\"21\": 103}","source":336,"target":337,"layer":"L","from":"Chauncey St","to":"Halsey St"},"geometry":{"type":"LineString","coordinates":[[-73.910456,40.682893],[-73.916559,40.68637]]}},{"type":"Feature","properties":{"duration_avg":88.21782178217822,"n_vehicles":101,"d":628,"route_I_counts":"{\"21\": 95, \"29\": 6}","shape_id":"{}","direction_id":"{\"0\": 101}","headsign":"{\"Jamaica Center-Parsons/Archer\": 101}","source":336,"target":194,"layer":"L","from":"Chauncey St","to":"Broadway Junction"},"geometry":{"type":"LineString","coordinates":[[-73.910456,40.682893],[-73.905316,40.678334]]}},{"type":"Feature","properties":{"shape_id":"{\"J..S12R\": 80, \"J..S13R\": 18, \"J..S54R\": 5}","direction_id":"{\"1\": 103}","headsign":"{\"Broad St\": 103}","duration_avg":90.0,"n_vehicles":103,"d":603,"route_I_counts":"{\"21\": 103}","source":337,"target":338,"layer":"L","from":"Halsey St","to":"Gates Av"},"geometry":{"type":"LineString","coordinates":[[-73.916559,40.68637],[-73.92227,40.68963]]}},{"type":"Feature","properties":{"duration_avg":90.0,"n_vehicles":95,"d":644,"route_I_counts":"{\"21\": 95}","shape_id":"{}","direction_id":"{\"0\": 95}","headsign":"{\"Jamaica Center-Parsons/Archer\": 95}","source":337,"target":336,"layer":"L","from":"Halsey St","to":"Chauncey St"},"geometry":{"type":"LineString","coordinates":[[-73.916559,40.68637],[-73.910456,40.682893]]}},{"type":"Feature","properties":{"duration_avg":150.0,"n_vehicles":5,"d":1272,"route_I_counts":"{\"21\": 5}","shape_id":"{}","direction_id":"{\"0\": 5}","headsign":"{\"Jamaica Center-Parsons/Archer\": 5}","source":337,"target":194,"layer":"L","from":"Halsey St","to":"Broadway Junction"},"geometry":{"type":"LineString","coordinates":[[-73.916559,40.68637],[-73.905316,40.678334]]}},{"type":"Feature","properties":{"shape_id":"{\"J..S12R\": 79, \"J..S13R\": 18, \"J..S54R\": 5}","direction_id":"{\"1\": 102}","headsign":"{\"Broad St\": 102}","duration_avg":90.0,"n_vehicles":102,"d":689,"route_I_counts":"{\"21\": 102}","source":338,"target":339,"layer":"L","from":"Gates Av","to":"Kosciuszko St"},"geometry":{"type":"LineString","coordinates":[[-73.92227,40.68963],[-73.928814,40.693342]]}},{"type":"Feature","properties":{"duration_avg":150.0,"n_vehicles":6,"d":1247,"route_I_counts":"{\"29\": 6}","shape_id":"{}","direction_id":"{\"0\": 6}","headsign":"{\"Jamaica Center-Parsons/Archer\": 6}","source":338,"target":336,"layer":"L","from":"Gates Av","to":"Chauncey St"},"geometry":{"type":"LineString","coordinates":[[-73.92227,40.68963],[-73.910456,40.682893]]}},{"type":"Feature","properties":{"duration_avg":90.0,"n_vehicles":95,"d":603,"route_I_counts":"{\"21\": 95}","shape_id":"{}","direction_id":"{\"0\": 95}","headsign":"{\"Jamaica Center-Parsons/Archer\": 95}","source":338,"target":337,"layer":"L","from":"Gates Av","to":"Halsey St"},"geometry":{"type":"LineString","coordinates":[[-73.92227,40.68963],[-73.916559,40.68637]]}},{"type":"Feature","properties":{"shape_id":"{\"J..S12R\": 79, \"J..S13R\": 18, \"J..S54R\": 5}","direction_id":"{\"1\": 102}","headsign":"{\"Broad St\": 102}","duration_avg":90.0,"n_vehicles":102,"d":720,"route_I_counts":"{\"21\": 102}","source":339,"target":340,"layer":"L","from":"Kosciuszko St","to":"Myrtle Av"},"geometry":{"type":"LineString","coordinates":[[-73.928814,40.693342],[-73.935657,40.697207]]}},{"type":"Feature","properties":{"duration_avg":90.0,"n_vehicles":96,"d":689,"route_I_counts":"{\"21\": 96}","shape_id":"{}","direction_id":"{\"0\": 96}","headsign":"{\"Jamaica Center-Parsons/Archer\": 96}","source":339,"target":338,"layer":"L","from":"Kosciuszko St","to":"Gates Av"},"geometry":{"type":"LineString","coordinates":[[-73.928814,40.693342],[-73.92227,40.68963]]}},{"type":"Feature","properties":{"duration_avg":150.0,"n_vehicles":5,"d":1293,"route_I_counts":"{\"21\": 5}","shape_id":"{}","direction_id":"{\"0\": 5}","headsign":"{\"Jamaica Center-Parsons/Archer\": 5}","source":339,"target":337,"layer":"L","from":"Kosciuszko St","to":"Halsey St"},"geometry":{"type":"LineString","coordinates":[[-73.928814,40.693342],[-73.916559,40.68637]]}},{"type":"Feature","properties":{"shape_id":"{\"J..S12R\": 79, \"J..S54R\": 5, \"M..N20R\": 69}","direction_id":"{\"1\": 84, \"0\": 84}","headsign":"{\"Broad St\": 84, \"Delancey St-Essex St\": 15, \"Forest Hills-71 Av\": 69}","duration_avg":90.0,"n_vehicles":168,"d":573,"route_I_counts":"{\"21\": 84, \"23\": 84}","source":340,"target":341,"layer":"L","from":"Myrtle Av","to":"Flushing Av"},"geometry":{"type":"LineString","coordinates":[[-73.935657,40.697207],[-73.941126,40.70026]]}},{"type":"Feature","properties":{"shape_id":"{\"J..S13R\": 18}","direction_id":"{\"1\": 18}","headsign":"{\"Broad St\": 18}","duration_avg":240.0,"n_vehicles":18,"d":2240,"route_I_counts":"{\"21\": 18}","source":340,"target":344,"layer":"L","from":"Myrtle Av","to":"Marcy Av"},"geometry":{"type":"LineString","coordinates":[[-73.935657,40.697207],[-73.957757,40.708359]]}},{"type":"Feature","properties":{"shape_id":"{\"M..S20R\": 74, \"M..S30R\": 17}","direction_id":"{\"1\": 104}","headsign":"{\"Middle Village-Metropolitan Av\": 104}","duration_avg":131.25,"n_vehicles":104,"d":700,"route_I_counts":"{\"23\": 104}","source":340,"target":370,"layer":"L","from":"Myrtle Av","to":"Central Av"},"geometry":{"type":"LineString","coordinates":[[-73.935657,40.697207],[-73.927397,40.697857]]}},{"type":"Feature","properties":{"duration_avg":180.0,"n_vehicles":6,"d":1410,"route_I_counts":"{\"29\": 6}","shape_id":"{}","direction_id":"{\"0\": 6}","headsign":"{\"Jamaica Center-Parsons/Archer\": 6}","source":340,"target":338,"layer":"L","from":"Myrtle Av","to":"Gates Av"},"geometry":{"type":"LineString","coordinates":[[-73.935657,40.697207],[-73.92227,40.68963]]}},{"type":"Feature","properties":{"duration_avg":93.9,"n_vehicles":100,"d":720,"route_I_counts":"{\"21\": 100}","shape_id":"{}","direction_id":"{\"0\": 100}","headsign":"{\"Jamaica Center-Parsons/Archer\": 100}","source":340,"target":339,"layer":"L","from":"Myrtle Av","to":"Kosciuszko St"},"geometry":{"type":"LineString","coordinates":[[-73.935657,40.697207],[-73.928814,40.693342]]}},{"type":"Feature","properties":{"shape_id":"{\"J..S12R\": 79, \"J..S54R\": 5, \"M..N20R\": 70}","direction_id":"{\"1\": 84, \"0\": 85}","headsign":"{\"Broad St\": 84, \"Delancey St-Essex St\": 15, \"Forest Hills-71 Av\": 70}","duration_avg":90.0,"n_vehicles":169,"d":665,"route_I_counts":"{\"21\": 84, \"23\": 85}","source":341,"target":342,"layer":"L","from":"Flushing Av","to":"Lorimer St"},"geometry":{"type":"LineString","coordinates":[[-73.941126,40.70026],[-73.947408,40.703869]]}},{"type":"Feature","properties":{"shape_id":"{\"M..S20R\": 74}","direction_id":"{\"1\": 87, \"0\": 60}","headsign":"{\"Middle Village-Metropolitan Av\": 87, \"Jamaica Center-Parsons/Archer\": 60}","duration_avg":62.241379310344826,"n_vehicles":147,"d":573,"route_I_counts":"{\"23\": 87, \"21\": 60}","source":341,"target":340,"layer":"L","from":"Flushing Av","to":"Myrtle Av"},"geometry":{"type":"LineString","coordinates":[[-73.941126,40.70026],[-73.935657,40.697207]]}},{"type":"Feature","properties":{"shape_id":"{\"J..S12R\": 79, \"J..S54R\": 5, \"M..N20R\": 70}","direction_id":"{\"1\": 84, \"0\": 85}","headsign":"{\"Broad St\": 84, \"Delancey St-Essex St\": 15, \"Forest Hills-71 Av\": 70}","duration_avg":60.0,"n_vehicles":169,"d":608,"route_I_counts":"{\"21\": 84, \"23\": 85}","source":342,"target":343,"layer":"L","from":"Lorimer St","to":"Hewes St"},"geometry":{"type":"LineString","coordinates":[[-73.947408,40.703869],[-73.953431,40.70687]]}},{"type":"Feature","properties":{"shape_id":"{\"M..S20R\": 73}","direction_id":"{\"1\": 86, \"0\": 60}","headsign":"{\"Middle Village-Metropolitan Av\": 86, \"Jamaica Center-Parsons/Archer\": 60}","duration_avg":90.0,"n_vehicles":146,"d":665,"route_I_counts":"{\"23\": 86, \"21\": 60}","source":342,"target":341,"layer":"L","from":"Lorimer St","to":"Flushing Av"},"geometry":{"type":"LineString","coordinates":[[-73.947408,40.703869],[-73.941126,40.70026]]}},{"type":"Feature","properties":{"shape_id":"{\"J..S12R\": 79, \"J..S54R\": 5, \"M..N20R\": 70}","direction_id":"{\"1\": 84, \"0\": 85}","headsign":"{\"Broad St\": 84, \"Delancey St-Essex St\": 15, \"Forest Hills-71 Av\": 70}","duration_avg":60.0,"n_vehicles":169,"d":400,"route_I_counts":"{\"21\": 84, \"23\": 85}","source":343,"target":344,"layer":"L","from":"Hewes St","to":"Marcy Av"},"geometry":{"type":"LineString","coordinates":[[-73.953431,40.70687],[-73.957757,40.708359]]}},{"type":"Feature","properties":{"shape_id":"{\"M..S20R\": 73}","direction_id":"{\"1\": 86, \"0\": 60}","headsign":"{\"Middle Village-Metropolitan Av\": 86, \"Jamaica Center-Parsons/Archer\": 60}","duration_avg":90.0,"n_vehicles":146,"d":608,"route_I_counts":"{\"23\": 86, \"21\": 60}","source":343,"target":342,"layer":"L","from":"Hewes St","to":"Lorimer St"},"geometry":{"type":"LineString","coordinates":[[-73.953431,40.70687],[-73.947408,40.703869]]}},{"type":"Feature","properties":{"shape_id":"{\"M..S20R\": 73}","direction_id":"{\"1\": 86, \"0\": 60}","headsign":"{\"Middle Village-Metropolitan Av\": 86, \"Jamaica Center-Parsons/Archer\": 60}","duration_avg":60.0,"n_vehicles":146,"d":400,"route_I_counts":"{\"23\": 86, \"21\": 60}","source":344,"target":343,"layer":"L","from":"Marcy Av","to":"Hewes St"},"geometry":{"type":"LineString","coordinates":[[-73.957757,40.708359],[-73.953431,40.70687]]}},{"type":"Feature","properties":{"duration_avg":240.0,"n_vehicles":46,"d":2240,"route_I_counts":"{\"21\": 40, \"29\": 6}","shape_id":"{}","direction_id":"{\"0\": 46}","headsign":"{\"Jamaica Center-Parsons/Archer\": 46}","source":344,"target":340,"layer":"L","from":"Marcy Av","to":"Myrtle Av"},"geometry":{"type":"LineString","coordinates":[[-73.957757,40.708359],[-73.935657,40.697207]]}},{"type":"Feature","properties":{"duration_avg":457.94117647058823,"n_vehicles":188,"d":2738,"route_I_counts":"{\"21\": 103, \"23\": 85}","shape_id":"{\"J..S12R\": 79, \"J..S13R\": 19, \"J..S54R\": 5, \"M..N20R\": 70}","direction_id":"{\"1\": 103, \"0\": 85}","headsign":"{\"Broad St\": 103, \"Delancey St-Essex St\": 15, \"Forest Hills-71 Av\": 70}","source":344,"target":291,"layer":"L","from":"Marcy Av","to":"Delancey St-Essex St"},"geometry":{"type":"LineString","coordinates":[[-73.957757,40.708359],[-73.988114,40.718611]]}},{"type":"Feature","properties":{"duration_avg":110.57142857142857,"n_vehicles":105,"d":588,"route_I_counts":"{\"21\": 99, \"29\": 6}","shape_id":"{}","direction_id":"{\"0\": 105}","headsign":"{\"Jamaica Center-Parsons/Archer\": 105}","source":345,"target":291,"layer":"L","from":"Bowery","to":"Delancey St-Essex St"},"geometry":{"type":"LineString","coordinates":[[-73.993915,40.72028],[-73.988114,40.718611]]}},{"type":"Feature","properties":{"duration_avg":90.0,"n_vehicles":104,"d":560,"route_I_counts":"{\"21\": 104}","shape_id":"{\"J..S12R\": 79, \"J..S13R\": 20, \"J..S54R\": 5}","direction_id":"{\"1\": 104}","headsign":"{\"Broad St\": 104}","source":345,"target":115,"layer":"L","from":"Bowery","to":"Canal St"},"geometry":{"type":"LineString","coordinates":[[-73.993915,40.72028],[-74.000193,40.718803]]}},{"type":"Feature","properties":{"duration_avg":98.57142857142857,"n_vehicles":105,"d":523,"route_I_counts":"{\"21\": 99, \"29\": 6}","shape_id":"{}","direction_id":"{\"0\": 105}","headsign":"{\"Jamaica Center-Parsons/Archer\": 105}","source":346,"target":182,"layer":"L","from":"Broad St","to":"Fulton St"},"geometry":{"type":"LineString","coordinates":[[-74.011056,40.706476],[-74.007691,40.710197]]}},{"type":"Feature","properties":{"shape_id":"{\"L..N01R\": 193}","direction_id":"{\"0\": 193}","headsign":"{\"8 Av\": 193}","duration_avg":99.94818652849742,"n_vehicles":193,"d":479,"route_I_counts":"{\"22\": 193}","source":347,"target":348,"layer":"L","from":"Canarsie-Rockaway Pkwy","to":"East 105 St"},"geometry":{"type":"LineString","coordinates":[[-73.90185,40.646654],[-73.899485,40.650573]]}},{"type":"Feature","properties":{"shape_id":"{\"L..N01R\": 194, \"L..N02R\": 6}","direction_id":"{\"0\": 200}","headsign":"{\"8 Av\": 200}","duration_avg":129.9,"n_vehicles":200,"d":908,"route_I_counts":"{\"22\": 200}","source":348,"target":349,"layer":"L","from":"East 105 St","to":"New Lots Av"},"geometry":{"type":"LineString","coordinates":[[-73.899485,40.650573],[-73.899232,40.658733]]}},{"type":"Feature","properties":{"duration_avg":90.0,"n_vehicles":217,"d":479,"route_I_counts":"{\"22\": 217}","shape_id":"{\"L..S01R\": 217}","direction_id":"{\"1\": 217}","headsign":"{\"Canarsie-Rockaway Pkwy\": 217}","source":348,"target":347,"layer":"L","from":"East 105 St","to":"Canarsie-Rockaway Pkwy"},"geometry":{"type":"LineString","coordinates":[[-73.899485,40.650573],[-73.90185,40.646654]]}},{"type":"Feature","properties":{"shape_id":"{\"L..N01R\": 194, \"L..N02R\": 6}","direction_id":"{\"0\": 200}","headsign":"{\"8 Av\": 200}","duration_avg":90.0,"n_vehicles":200,"d":601,"route_I_counts":"{\"22\": 200}","source":349,"target":350,"layer":"L","from":"New Lots Av","to":"Livonia Av"},"geometry":{"type":"LineString","coordinates":[[-73.899232,40.658733],[-73.900571,40.664038]]}},{"type":"Feature","properties":{"duration_avg":120.0,"n_vehicles":216,"d":908,"route_I_counts":"{\"22\": 216}","shape_id":"{\"L..S01R\": 216}","direction_id":"{\"1\": 216}","headsign":"{\"Canarsie-Rockaway Pkwy\": 216}","source":349,"target":348,"layer":"L","from":"New Lots Av","to":"East 105 St"},"geometry":{"type":"LineString","coordinates":[[-73.899232,40.658733],[-73.899485,40.650573]]}},{"type":"Feature","properties":{"shape_id":"{\"L..N01R\": 195, \"L..N02R\": 6}","direction_id":"{\"0\": 201}","headsign":"{\"8 Av\": 201}","duration_avg":90.0,"n_vehicles":201,"d":604,"route_I_counts":"{\"22\": 201}","source":350,"target":351,"layer":"L","from":"Livonia Av","to":"Sutter Av"},"geometry":{"type":"LineString","coordinates":[[-73.900571,40.664038],[-73.901975,40.669367]]}},{"type":"Feature","properties":{"duration_avg":90.0,"n_vehicles":216,"d":601,"route_I_counts":"{\"22\": 216}","shape_id":"{\"L..S01R\": 216}","direction_id":"{\"1\": 216}","headsign":"{\"Canarsie-Rockaway Pkwy\": 216}","source":350,"target":349,"layer":"L","from":"Livonia Av","to":"New Lots Av"},"geometry":{"type":"LineString","coordinates":[[-73.900571,40.664038],[-73.899232,40.658733]]}},{"type":"Feature","properties":{"duration_avg":67.55905511811024,"n_vehicles":127,"d":559,"route_I_counts":"{\"2\": 5, \"3\": 98, \"4\": 24}","shape_id":"{\"2..N03R\": 5, \"3..N01R\": 98, \"4..N01R\": 11, \"4..N13R\": 13}","direction_id":"{\"0\": 127}","headsign":"{\"Harlem-148 St\": 98, \"Wakefield-241 St\": 5, \"Woodlawn\": 24}","source":350,"target":76,"layer":"L","from":"Livonia Av","to":"Rockaway Av"},"geometry":{"type":"LineString","coordinates":[[-73.900571,40.664038],[-73.908946,40.662549]]}},{"type":"Feature","properties":{"duration_avg":110.46511627906976,"n_vehicles":129,"d":649,"route_I_counts":"{\"2\": 2, \"3\": 99, \"4\": 28}","shape_id":"{\"2..S03R\": 1, \"3..S01R\": 98, \"3..S03R\": 1, \"4..S01R\": 16, \"4..S03R\": 2, \"4..S13R\": 10}","direction_id":"{\"1\": 129}","headsign":"{\"New Lots Av\": 129}","source":350,"target":75,"layer":"L","from":"Livonia Av","to":"Pennsylvania Av"},"geometry":{"type":"LineString","coordinates":[[-73.900571,40.664038],[-73.894895,40.664635]]}},{"type":"Feature","properties":{"shape_id":"{\"L..N01R\": 195, \"L..N02R\": 6}","direction_id":"{\"0\": 201}","headsign":"{\"8 Av\": 201}","duration_avg":90.0,"n_vehicles":201,"d":672,"route_I_counts":"{\"22\": 201}","source":351,"target":352,"layer":"L","from":"Sutter Av","to":"Atlantic Av"},"geometry":{"type":"LineString","coordinates":[[-73.901975,40.669367],[-73.903097,40.675345]]}},{"type":"Feature","properties":{"duration_avg":77.5813953488372,"n_vehicles":215,"d":604,"route_I_counts":"{\"22\": 215}","shape_id":"{\"L..S01R\": 215}","direction_id":"{\"1\": 215}","headsign":"{\"Canarsie-Rockaway Pkwy\": 215}","source":351,"target":350,"layer":"L","from":"Sutter Av","to":"Livonia Av"},"geometry":{"type":"LineString","coordinates":[[-73.901975,40.669367],[-73.900571,40.664038]]}},{"type":"Feature","properties":{"duration_avg":90.0,"n_vehicles":215,"d":672,"route_I_counts":"{\"22\": 215}","shape_id":"{\"L..S01R\": 215}","direction_id":"{\"1\": 215}","headsign":"{\"Canarsie-Rockaway Pkwy\": 215}","source":352,"target":351,"layer":"L","from":"Atlantic Av","to":"Sutter Av"},"geometry":{"type":"LineString","coordinates":[[-73.903097,40.675345],[-73.901975,40.669367]]}},{"type":"Feature","properties":{"duration_avg":99.55223880597015,"n_vehicles":201,"d":391,"route_I_counts":"{\"22\": 201}","shape_id":"{\"L..N01R\": 195, \"L..N02R\": 6}","direction_id":"{\"0\": 201}","headsign":"{\"8 Av\": 201}","source":352,"target":194,"layer":"L","from":"Atlantic Av","to":"Broadway Junction"},"geometry":{"type":"LineString","coordinates":[[-73.903097,40.675345],[-73.905316,40.678334]]}},{"type":"Feature","properties":{"shape_id":"{\"L..N01R\": 196, \"L..N02R\": 6}","direction_id":"{\"0\": 202}","headsign":"{\"8 Av\": 202}","duration_avg":90.0,"n_vehicles":202,"d":668,"route_I_counts":"{\"22\": 202}","source":353,"target":354,"layer":"L","from":"Bushwick Av-Aberdeen St","to":"Wilson Av"},"geometry":{"type":"LineString","coordinates":[[-73.905249,40.682829],[-73.904046,40.688764]]}},{"type":"Feature","properties":{"duration_avg":60.0,"n_vehicles":214,"d":473,"route_I_counts":"{\"22\": 214}","shape_id":"{\"L..S01R\": 214}","direction_id":"{\"1\": 214}","headsign":"{\"Canarsie-Rockaway Pkwy\": 214}","source":353,"target":194,"layer":"L","from":"Bushwick Av-Aberdeen St","to":"Broadway Junction"},"geometry":{"type":"LineString","coordinates":[[-73.905249,40.682829],[-73.905316,40.678334]]}},{"type":"Feature","properties":{"shape_id":"{\"L..N01R\": 196, \"L..N02R\": 6}","direction_id":"{\"0\": 202}","headsign":"{\"8 Av\": 202}","duration_avg":130.24752475247524,"n_vehicles":202,"d":761,"route_I_counts":"{\"22\": 202}","source":354,"target":355,"layer":"L","from":"Wilson Av","to":"Halsey St"},"geometry":{"type":"LineString","coordinates":[[-73.904046,40.688764],[-73.904084,40.695602]]}},{"type":"Feature","properties":{"duration_avg":90.0,"n_vehicles":213,"d":668,"route_I_counts":"{\"22\": 213}","shape_id":"{\"L..S01R\": 213}","direction_id":"{\"1\": 213}","headsign":"{\"Canarsie-Rockaway Pkwy\": 213}","source":354,"target":353,"layer":"L","from":"Wilson Av","to":"Bushwick Av-Aberdeen St"},"geometry":{"type":"LineString","coordinates":[[-73.904046,40.688764],[-73.905249,40.682829]]}},{"type":"Feature","properties":{"shape_id":"{\"L..N01R\": 196, \"L..N02R\": 6}","direction_id":"{\"0\": 202}","headsign":"{\"8 Av\": 202}","duration_avg":90.0,"n_vehicles":202,"d":787,"route_I_counts":"{\"22\": 202}","source":355,"target":356,"layer":"L","from":"Halsey St","to":"Myrtle-Wyckoff Avs"},"geometry":{"type":"LineString","coordinates":[[-73.904084,40.695602],[-73.911586,40.699814]]}},{"type":"Feature","properties":{"duration_avg":150.0,"n_vehicles":213,"d":761,"route_I_counts":"{\"22\": 213}","shape_id":"{\"L..S01R\": 213}","direction_id":"{\"1\": 213}","headsign":"{\"Canarsie-Rockaway Pkwy\": 213}","source":355,"target":354,"layer":"L","from":"Halsey St","to":"Wilson Av"},"geometry":{"type":"LineString","coordinates":[[-73.904084,40.695602],[-73.904046,40.688764]]}},{"type":"Feature","properties":{"shape_id":"{\"L..N01R\": 196, \"L..N02R\": 6}","direction_id":"{\"0\": 202}","headsign":"{\"8 Av\": 202}","duration_avg":90.0,"n_vehicles":202,"d":728,"route_I_counts":"{\"22\": 202}","source":356,"target":357,"layer":"L","from":"Myrtle-Wyckoff Avs","to":"DeKalb Av"},"geometry":{"type":"LineString","coordinates":[[-73.911586,40.699814],[-73.918425,40.703811]]}},{"type":"Feature","properties":{"duration_avg":90.0,"n_vehicles":214,"d":787,"route_I_counts":"{\"22\": 214}","shape_id":"{\"L..S01R\": 214}","direction_id":"{\"1\": 214}","headsign":"{\"Canarsie-Rockaway Pkwy\": 214}","source":356,"target":355,"layer":"L","from":"Myrtle-Wyckoff Avs","to":"Halsey St"},"geometry":{"type":"LineString","coordinates":[[-73.911586,40.699814],[-73.904084,40.695602]]}},{"type":"Feature","properties":{"duration_avg":90.0,"n_vehicles":104,"d":539,"route_I_counts":"{\"23\": 104}","shape_id":"{\"M..S20R\": 74, \"M..S30R\": 17}","direction_id":"{\"1\": 104}","headsign":"{\"Middle Village-Metropolitan Av\": 104}","source":356,"target":372,"layer":"L","from":"Myrtle-Wyckoff Avs","to":"Seneca Av"},"geometry":{"type":"LineString","coordinates":[[-73.911586,40.699814],[-73.90774,40.702762]]}},{"type":"Feature","properties":{"duration_avg":120.0,"n_vehicles":102,"d":624,"route_I_counts":"{\"23\": 102}","shape_id":"{\"M..N20R\": 69, \"M..N30R\": 18}","direction_id":"{\"0\": 102}","headsign":"{\"Delancey St-Essex St\": 15, \"Forest Hills-71 Av\": 69, \"Myrtle Av\": 18}","source":356,"target":371,"layer":"L","from":"Myrtle-Wyckoff Avs","to":"Knickerbocker Av"},"geometry":{"type":"LineString","coordinates":[[-73.911586,40.699814],[-73.919711,40.698664]]}},{"type":"Feature","properties":{"shape_id":"{\"L..N01R\": 197, \"L..N02R\": 6}","direction_id":"{\"0\": 203}","headsign":"{\"8 Av\": 203}","duration_avg":89.85221674876847,"n_vehicles":203,"d":490,"route_I_counts":"{\"22\": 203}","source":357,"target":358,"layer":"L","from":"DeKalb Av","to":"Jefferson St"},"geometry":{"type":"LineString","coordinates":[[-73.918425,40.703811],[-73.922913,40.706607]]}},{"type":"Feature","properties":{"duration_avg":90.0,"n_vehicles":213,"d":728,"route_I_counts":"{\"22\": 213}","shape_id":"{\"L..S01R\": 213}","direction_id":"{\"1\": 213}","headsign":"{\"Canarsie-Rockaway Pkwy\": 213}","source":357,"target":356,"layer":"L","from":"DeKalb Av","to":"Myrtle-Wyckoff Avs"},"geometry":{"type":"LineString","coordinates":[[-73.918425,40.703811],[-73.911586,40.699814]]}},{"type":"Feature","properties":{"shape_id":"{\"L..N01R\": 197, \"L..N02R\": 6}","direction_id":"{\"0\": 203}","headsign":"{\"8 Av\": 203}","duration_avg":120.14778325123153,"n_vehicles":203,"d":865,"route_I_counts":"{\"22\": 203}","source":358,"target":359,"layer":"L","from":"Jefferson St","to":"Morgan Av"},"geometry":{"type":"LineString","coordinates":[[-73.922913,40.706607],[-73.933147,40.706152]]}},{"type":"Feature","properties":{"duration_avg":90.0,"n_vehicles":213,"d":490,"route_I_counts":"{\"22\": 213}","shape_id":"{\"L..S01R\": 213}","direction_id":"{\"1\": 213}","headsign":"{\"Canarsie-Rockaway Pkwy\": 213}","source":358,"target":357,"layer":"L","from":"Jefferson St","to":"DeKalb Av"},"geometry":{"type":"LineString","coordinates":[[-73.922913,40.706607],[-73.918425,40.703811]]}},{"type":"Feature","properties":{"shape_id":"{\"L..N01R\": 198, \"L..N02R\": 6}","direction_id":"{\"0\": 204}","headsign":"{\"8 Av\": 204}","duration_avg":99.70588235294117,"n_vehicles":204,"d":592,"route_I_counts":"{\"22\": 204}","source":359,"target":360,"layer":"L","from":"Morgan Av","to":"Montrose Av"},"geometry":{"type":"LineString","coordinates":[[-73.933147,40.706152],[-73.93985,40.707739]]}},{"type":"Feature","properties":{"duration_avg":120.0,"n_vehicles":212,"d":865,"route_I_counts":"{\"22\": 212}","shape_id":"{\"L..S01R\": 212}","direction_id":"{\"1\": 212}","headsign":"{\"Canarsie-Rockaway Pkwy\": 212}","source":359,"target":358,"layer":"L","from":"Morgan Av","to":"Jefferson St"},"geometry":{"type":"LineString","coordinates":[[-73.933147,40.706152],[-73.922913,40.706607]]}},{"type":"Feature","properties":{"shape_id":"{\"L..N01R\": 198, \"L..N02R\": 6}","direction_id":"{\"0\": 204}","headsign":"{\"8 Av\": 204}","duration_avg":60.0,"n_vehicles":204,"d":471,"route_I_counts":"{\"22\": 204}","source":360,"target":361,"layer":"L","from":"Montrose Av","to":"Grand St"},"geometry":{"type":"LineString","coordinates":[[-73.93985,40.707739],[-73.94067,40.711926]]}},{"type":"Feature","properties":{"duration_avg":101.88679245283019,"n_vehicles":212,"d":592,"route_I_counts":"{\"22\": 212}","shape_id":"{\"L..S01R\": 212}","direction_id":"{\"1\": 212}","headsign":"{\"Canarsie-Rockaway Pkwy\": 212}","source":360,"target":359,"layer":"L","from":"Montrose Av","to":"Morgan Av"},"geometry":{"type":"LineString","coordinates":[[-73.93985,40.707739],[-73.933147,40.706152]]}},{"type":"Feature","properties":{"shape_id":"{\"L..N01R\": 199, \"L..N02R\": 6}","direction_id":"{\"0\": 205}","headsign":"{\"8 Av\": 205}","duration_avg":89.5609756097561,"n_vehicles":205,"d":409,"route_I_counts":"{\"22\": 205}","source":361,"target":362,"layer":"L","from":"Grand St","to":"Graham Av"},"geometry":{"type":"LineString","coordinates":[[-73.94067,40.711926],[-73.944053,40.714565]]}},{"type":"Feature","properties":{"duration_avg":60.0,"n_vehicles":212,"d":471,"route_I_counts":"{\"22\": 212}","shape_id":"{\"L..S01R\": 212}","direction_id":"{\"1\": 212}","headsign":"{\"Canarsie-Rockaway Pkwy\": 212}","source":361,"target":360,"layer":"L","from":"Grand St","to":"Montrose Av"},"geometry":{"type":"LineString","coordinates":[[-73.94067,40.711926],[-73.93985,40.707739]]}},{"type":"Feature","properties":{"shape_id":"{\"L..N01R\": 199, \"L..N02R\": 6}","direction_id":"{\"0\": 205}","headsign":"{\"8 Av\": 205}","duration_avg":60.4390243902439,"n_vehicles":205,"d":527,"route_I_counts":"{\"22\": 205}","source":362,"target":363,"layer":"L","from":"Graham Av","to":"Lorimer St"},"geometry":{"type":"LineString","coordinates":[[-73.944053,40.714565],[-73.950275,40.714063]]}},{"type":"Feature","properties":{"duration_avg":90.0,"n_vehicles":211,"d":409,"route_I_counts":"{\"22\": 211}","shape_id":"{\"L..S01R\": 211}","direction_id":"{\"1\": 211}","headsign":"{\"Canarsie-Rockaway Pkwy\": 211}","source":362,"target":361,"layer":"L","from":"Graham Av","to":"Grand St"},"geometry":{"type":"LineString","coordinates":[[-73.944053,40.714565],[-73.94067,40.711926]]}},{"type":"Feature","properties":{"shape_id":"{\"L..N01R\": 199, \"L..N02R\": 6}","direction_id":"{\"0\": 205}","headsign":"{\"8 Av\": 205}","duration_avg":90.58536585365853,"n_vehicles":205,"d":663,"route_I_counts":"{\"22\": 205}","source":363,"target":364,"layer":"L","from":"Lorimer St","to":"Bedford Av"},"geometry":{"type":"LineString","coordinates":[[-73.950275,40.714063],[-73.956872,40.717304]]}},{"type":"Feature","properties":{"duration_avg":60.0,"n_vehicles":211,"d":527,"route_I_counts":"{\"22\": 211}","shape_id":"{\"L..S01R\": 211}","direction_id":"{\"1\": 211}","headsign":"{\"Canarsie-Rockaway Pkwy\": 211}","source":363,"target":362,"layer":"L","from":"Lorimer St","to":"Graham Av"},"geometry":{"type":"LineString","coordinates":[[-73.950275,40.714063],[-73.944053,40.714565]]}},{"type":"Feature","properties":{"duration_avg":90.0,"n_vehicles":107,"d":751,"route_I_counts":"{\"20\": 107}","shape_id":"{}","direction_id":"{\"1\": 107}","headsign":"{\"Church Av\": 107}","source":363,"target":317,"layer":"L","from":"Lorimer St","to":"Broadway"},"geometry":{"type":"LineString","coordinates":[[-73.950275,40.714063],[-73.950308,40.706092]]}},{"type":"Feature","properties":{"duration_avg":169.24528301886792,"n_vehicles":106,"d":1318,"route_I_counts":"{\"20\": 106}","shape_id":"{}","direction_id":"{\"0\": 106}","headsign":"{\"Court Sq\": 106}","source":363,"target":316,"layer":"L","from":"Lorimer St","to":"Nassau Av"},"geometry":{"type":"LineString","coordinates":[[-73.950275,40.714063],[-73.951277,40.724635]]}},{"type":"Feature","properties":{"shape_id":"{\"L..N01R\": 200, \"L..N02R\": 6}","direction_id":"{\"0\": 206}","headsign":"{\"8 Av\": 206}","duration_avg":240.0,"n_vehicles":206,"d":2582,"route_I_counts":"{\"22\": 206}","source":364,"target":365,"layer":"L","from":"Bedford Av","to":"1 Av"},"geometry":{"type":"LineString","coordinates":[[-73.956872,40.717304],[-73.981628,40.730953]]}},{"type":"Feature","properties":{"duration_avg":110.33175355450237,"n_vehicles":211,"d":663,"route_I_counts":"{\"22\": 211}","shape_id":"{\"L..S01R\": 211}","direction_id":"{\"1\": 211}","headsign":"{\"Canarsie-Rockaway Pkwy\": 211}","source":364,"target":363,"layer":"L","from":"Bedford Av","to":"Lorimer St"},"geometry":{"type":"LineString","coordinates":[[-73.956872,40.717304],[-73.950275,40.714063]]}},{"type":"Feature","properties":{"shape_id":"{\"L..N01R\": 201, \"L..N02R\": 6}","direction_id":"{\"0\": 207}","headsign":"{\"8 Av\": 207}","duration_avg":60.0,"n_vehicles":207,"d":433,"route_I_counts":"{\"22\": 207}","source":365,"target":366,"layer":"L","from":"1 Av","to":"3 Av"},"geometry":{"type":"LineString","coordinates":[[-73.981628,40.730953],[-73.986122,40.732849]]}},{"type":"Feature","properties":{"duration_avg":240.0,"n_vehicles":209,"d":2582,"route_I_counts":"{\"22\": 209}","shape_id":"{\"L..S01R\": 209}","direction_id":"{\"1\": 209}","headsign":"{\"Canarsie-Rockaway Pkwy\": 209}","source":365,"target":364,"layer":"L","from":"1 Av","to":"Bedford Av"},"geometry":{"type":"LineString","coordinates":[[-73.981628,40.730953],[-73.956872,40.717304]]}},{"type":"Feature","properties":{"shape_id":"{\"L..N01R\": 200, \"L..N02R\": 6}","direction_id":"{\"0\": 206}","headsign":"{\"8 Av\": 206}","duration_avg":60.0,"n_vehicles":206,"d":444,"route_I_counts":"{\"22\": 206}","source":366,"target":367,"layer":"L","from":"3 Av","to":"14 St-Union Sq"},"geometry":{"type":"LineString","coordinates":[[-73.986122,40.732849],[-73.99073,40.734789]]}},{"type":"Feature","properties":{"duration_avg":60.0,"n_vehicles":209,"d":433,"route_I_counts":"{\"22\": 209}","shape_id":"{\"L..S01R\": 209}","direction_id":"{\"1\": 209}","headsign":"{\"Canarsie-Rockaway Pkwy\": 209}","source":366,"target":365,"layer":"L","from":"3 Av","to":"1 Av"},"geometry":{"type":"LineString","coordinates":[[-73.986122,40.732849],[-73.981628,40.730953]]}},{"type":"Feature","properties":{"shape_id":"{\"L..N01R\": 200, \"L..N02R\": 6, \"L..N05R\": 1}","direction_id":"{\"0\": 207}","headsign":"{\"8 Av\": 207}","duration_avg":90.0,"n_vehicles":207,"d":584,"route_I_counts":"{\"22\": 207}","source":367,"target":368,"layer":"L","from":"14 St-Union Sq","to":"6 Av"},"geometry":{"type":"LineString","coordinates":[[-73.99073,40.734789],[-73.996786,40.737335]]}},{"type":"Feature","properties":{"duration_avg":47.714285714285715,"n_vehicles":210,"d":444,"route_I_counts":"{\"22\": 210}","shape_id":"{\"L..S01R\": 210}","direction_id":"{\"1\": 210}","headsign":"{\"Canarsie-Rockaway Pkwy\": 210}","source":367,"target":366,"layer":"L","from":"14 St-Union Sq","to":"3 Av"},"geometry":{"type":"LineString","coordinates":[[-73.99073,40.734789],[-73.986122,40.732849]]}},{"type":"Feature","properties":{"duration_avg":318.5253456221198,"n_vehicles":217,"d":2686,"route_I_counts":"{\"4\": 122, \"5\": 95}","shape_id":"{\"4..S01R\": 16, \"4..S03R\": 2, \"4..S05R\": 2, \"4..S06R\": 93, \"4..S28R\": 9, \"5..S02R\": 2, \"5..S03R\": 72, \"5..S07R\": 8, \"5..S08R\": 9, \"5..S12R\": 2, \"5..S21R\": 2}","direction_id":"{\"1\": 217}","headsign":"{\"Bowling Green\": 11, \"Crown Hts-Utica Av\": 114, \"Flatbush Av-Brooklyn College\": 74, \"New Lots Av\": 18}","source":367,"target":100,"layer":"L","from":"14 St-Union Sq","to":"Brooklyn Bridge-City Hall"},"geometry":{"type":"LineString","coordinates":[[-73.99073,40.734789],[-74.004131,40.713065]]}},{"type":"Feature","properties":{"duration_avg":90.0,"n_vehicles":223,"d":522,"route_I_counts":"{\"4\": 13, \"7\": 187, \"8\": 23}","shape_id":"{\"4..S13R\": 13, \"6..S01R\": 111, \"6..S02R\": 12, \"6..S03R\": 75, \"6..S06R\": 1}","direction_id":"{\"1\": 223}","headsign":"{\"Brooklyn Bridge-City Hall\": 210, \"New Lots Av\": 13}","source":367,"target":113,"layer":"L","from":"14 St-Union Sq","to":"Astor Pl"},"geometry":{"type":"LineString","coordinates":[[-73.99073,40.734789],[-73.99107,40.730054]]}},{"type":"Feature","properties":{"duration_avg":250.71428571428572,"n_vehicles":238,"d":2201,"route_I_counts":"{\"4\": 132, \"5\": 106}","shape_id":"{\"4..N01R\": 11, \"4..N06R\": 92, \"4..N34R\": 15, \"4..N43R\": 10, \"4..N64R\": 3, \"5..N06R\": 1, \"5..N31R\": 1}","direction_id":"{\"0\": 238}","headsign":"{\"Bedford Park Blvd-Lehman College\": 4, \"Burnside Av\": 10, \"E 180 St\": 1, \"Eastchester-Dyre Av\": 92, \"Gun Hill Rd\": 1, \"Nereid Av\": 12, \"Woodlawn\": 118}","source":367,"target":99,"layer":"L","from":"14 St-Union Sq","to":"Grand Central-42 St"},"geometry":{"type":"LineString","coordinates":[[-73.99073,40.734789],[-73.976848,40.751776]]}},{"type":"Feature","properties":{"duration_avg":112.8,"n_vehicles":225,"d":643,"route_I_counts":"{\"4\": 11, \"7\": 151, \"8\": 63}","shape_id":"{\"4..N13R\": 11, \"6..N01R\": 76, \"6..N02R\": 63, \"6..N03R\": 74}","direction_id":"{\"0\": 225}","headsign":"{\"Parkchester\": 75, \"Pelham Bay Park\": 139, \"Woodlawn\": 11}","source":367,"target":112,"layer":"L","from":"14 St-Union Sq","to":"23 St"},"geometry":{"type":"LineString","coordinates":[[-73.99073,40.734789],[-73.986599,40.739864]]}},{"type":"Feature","properties":{"duration_avg":107.87878787878788,"n_vehicles":198,"d":626,"route_I_counts":"{\"24\": 19, \"25\": 18, \"26\": 88, \"28\": 73}","shape_id":"{\"N..S20R\": 19}","direction_id":"{\"1\": 198}","headsign":"{\"86 St\": 1, \"Bay Ridge-95 St\": 88, \"Coney Island-Stillwell Av\": 37, \"Whitehall St-South Ferry\": 72}","source":367,"target":388,"layer":"L","from":"14 St-Union Sq","to":"8 St-NYU"},"geometry":{"type":"LineString","coordinates":[[-73.99073,40.734789],[-73.992629,40.730328]]}},{"type":"Feature","properties":{"duration_avg":114.55882352941177,"n_vehicles":204,"d":628,"route_I_counts":"{\"24\": 20, \"25\": 17, \"26\": 91, \"28\": 76}","shape_id":"{\"N..N20R\": 19, \"N..N23R\": 1, \"R..N93R\": 87, \"R..N96R\": 4}","direction_id":"{\"0\": 204}","headsign":"{\"96 St\": 17, \"Astoria-Ditmars Blvd\": 96, \"Forest Hills-71 Av\": 91}","source":367,"target":387,"layer":"L","from":"14 St-Union Sq","to":"23 St"},"geometry":{"type":"LineString","coordinates":[[-73.99073,40.734789],[-73.989344,40.741303]]}},{"type":"Feature","properties":{"duration_avg":183.5483870967742,"n_vehicles":186,"d":1555,"route_I_counts":"{\"24\": 77, \"25\": 109}","shape_id":"{}","direction_id":"{\"0\": 186}","headsign":"{\"96 St\": 109, \"Astoria-Ditmars Blvd\": 77}","source":367,"target":233,"layer":"L","from":"14 St-Union Sq","to":"34 St-Herald Sq"},"geometry":{"type":"LineString","coordinates":[[-73.99073,40.734789],[-73.987823,40.749719]]}},{"type":"Feature","properties":{"duration_avg":240.0,"n_vehicles":190,"d":2104,"route_I_counts":"{\"24\": 85, \"25\": 105}","shape_id":"{}","direction_id":"{\"1\": 190}","headsign":"{\"Coney Island-Stillwell Av\": 190}","source":367,"target":115,"layer":"L","from":"14 St-Union Sq","to":"Canal St"},"geometry":{"type":"LineString","coordinates":[[-73.99073,40.734789],[-74.000193,40.718803]]}},{"type":"Feature","properties":{"shape_id":"{\"L..N01R\": 200, \"L..N02R\": 6, \"L..N05R\": 1}","direction_id":"{\"0\": 207}","headsign":"{\"8 Av\": 207}","duration_avg":60.0,"n_vehicles":207,"d":559,"route_I_counts":"{\"22\": 207}","source":368,"target":369,"layer":"L","from":"6 Av","to":"8 Av"},"geometry":{"type":"LineString","coordinates":[[-73.996786,40.737335],[-74.002578,40.739777]]}},{"type":"Feature","properties":{"duration_avg":110.38277511961722,"n_vehicles":209,"d":584,"route_I_counts":"{\"22\": 209}","shape_id":"{\"L..S01R\": 209}","direction_id":"{\"1\": 209}","headsign":"{\"Canarsie-Rockaway Pkwy\": 209}","source":368,"target":367,"layer":"L","from":"6 Av","to":"14 St-Union Sq"},"geometry":{"type":"LineString","coordinates":[[-73.996786,40.737335],[-73.99073,40.734789]]}},{"type":"Feature","properties":{"duration_avg":106.86635944700461,"n_vehicles":217,"d":748,"route_I_counts":"{\"17\": 144, \"18\": 2, \"23\": 71}","shape_id":"{\"F..S68R\": 23, \"F..S69R\": 121, \"F..S72R\": 2, \"M..S20R\": 71}","direction_id":"{\"1\": 217}","headsign":"{\"Coney Island-Stillwell Av\": 123, \"Kings Hwy\": 23, \"Middle Village-Metropolitan Av\": 71}","source":368,"target":179,"layer":"L","from":"6 Av","to":"W 4 St-Wash Sq"},"geometry":{"type":"LineString","coordinates":[[-73.996786,40.737335],[-74.000495,40.732338]]}},{"type":"Feature","properties":{"duration_avg":90.0,"n_vehicles":225,"d":591,"route_I_counts":"{\"17\": 154, \"23\": 71}","shape_id":"{\"F..N68R\": 27, \"F..N69R\": 127, \"M..N20R\": 71}","direction_id":"{\"0\": 225}","headsign":"{\"Forest Hills-71 Av\": 71, \"Jamaica-179 St\": 154}","source":368,"target":289,"layer":"L","from":"6 Av","to":"23 St"},"geometry":{"type":"LineString","coordinates":[[-73.996786,40.737335],[-73.992821,40.742878]]}},{"type":"Feature","properties":{"duration_avg":90.0,"n_vehicles":191,"d":540,"route_I_counts":"{\"1\": 177, \"2\": 14}","shape_id":"{\"1..S03R\": 170, \"1..S04R\": 7, \"2..S08R\": 14}","direction_id":"{\"1\": 191}","headsign":"{\"Flatbush Av-Brooklyn College\": 14, \"South Ferry\": 177}","source":368,"target":26,"layer":"L","from":"6 Av","to":"Christopher St-Sheridan Sq"},"geometry":{"type":"LineString","coordinates":[[-73.996786,40.737335],[-74.002906,40.733422]]}},{"type":"Feature","properties":{"duration_avg":275.1,"n_vehicles":200,"d":2602,"route_I_counts":"{\"2\": 107, \"3\": 93}","shape_id":"{\"2..S01R\": 106, \"2..S03R\": 1, \"3..S01R\": 92, \"3..S03R\": 1}","direction_id":"{\"1\": 200}","headsign":"{\"Flatbush Av-Brooklyn College\": 106, \"New Lots Av\": 94}","source":368,"target":30,"layer":"L","from":"6 Av","to":"Chambers St"},"geometry":{"type":"LineString","coordinates":[[-73.996786,40.737335],[-74.009266,40.715478]]}},{"type":"Feature","properties":{"duration_avg":60.0,"n_vehicles":194,"d":408,"route_I_counts":"{\"1\": 181, \"2\": 13}","shape_id":"{\"1..N03R\": 181, \"2..N08R\": 13}","direction_id":"{\"0\": 194}","headsign":"{\"Van Cortlandt Park-242 St\": 181, \"Wakefield-241 St\": 13}","source":368,"target":25,"layer":"L","from":"6 Av","to":"18 St"},"geometry":{"type":"LineString","coordinates":[[-73.996786,40.737335],[-73.997871,40.74104]]}},{"type":"Feature","properties":{"duration_avg":190.82191780821918,"n_vehicles":219,"d":1595,"route_I_counts":"{\"2\": 116, \"3\": 103}","shape_id":"{\"2..N01R\": 111, \"2..N03R\": 5, \"3..N01R\": 103}","direction_id":"{\"0\": 219}","headsign":"{\"Harlem-148 St\": 103, \"Wakefield-241 St\": 116}","source":368,"target":22,"layer":"L","from":"6 Av","to":"34 St-Penn Station"},"geometry":{"type":"LineString","coordinates":[[-73.996786,40.737335],[-73.991057,40.750373]]}},{"type":"Feature","properties":{"duration_avg":90.0,"n_vehicles":209,"d":559,"route_I_counts":"{\"22\": 209}","shape_id":"{\"L..S01R\": 209}","direction_id":"{\"1\": 209}","headsign":"{\"Canarsie-Rockaway Pkwy\": 209}","source":369,"target":368,"layer":"L","from":"8 Av","to":"6 Av"},"geometry":{"type":"LineString","coordinates":[[-74.002578,40.739777],[-73.996786,40.737335]]}},{"type":"Feature","properties":{"duration_avg":126.11570247933884,"n_vehicles":363,"d":957,"route_I_counts":"{\"12\": 133, \"14\": 75, \"16\": 155}","shape_id":"{\"A..S87R\": 4, \"C..S04R\": 75, \"E..S04R\": 20, \"E..S56R\": 3, \"E..S69R\": 42, \"E..S71R\": 90}","direction_id":"{\"1\": 363}","headsign":"{\"Euclid Av\": 75, \"Far Rockaway-Mott Av\": 70, \"Ozone Park-Lefferts Blvd\": 58, \"Rockaway Park-Beach 116 St\": 5, \"World Trade Center\": 155}","source":369,"target":179,"layer":"L","from":"8 Av","to":"W 4 St-Wash Sq"},"geometry":{"type":"LineString","coordinates":[[-74.002578,40.739777],[-74.000495,40.732338]]}},{"type":"Feature","properties":{"duration_avg":188.52941176470588,"n_vehicles":102,"d":1448,"route_I_counts":"{\"12\": 102}","shape_id":"{\"A..N54R\": 53, \"A..N55R\": 49}","direction_id":"{\"0\": 102}","headsign":"{\"Inwood-207 St\": 102}","source":369,"target":177,"layer":"L","from":"8 Av","to":"34 St-Penn Station"},"geometry":{"type":"LineString","coordinates":[[-74.002578,40.739777],[-73.993391,40.752287]]}},{"type":"Feature","properties":{"duration_avg":90.0,"n_vehicles":256,"d":637,"route_I_counts":"{\"12\": 21, \"14\": 77, \"16\": 158}","shape_id":"{\"A..N04R\": 5, \"A..N09R\": 16, \"C..N04R\": 77, \"E..N05R\": 18, \"E..N55R\": 2, \"E..N66R\": 95, \"E..N72R\": 41}","direction_id":"{\"0\": 256}","headsign":"{\"168 St\": 77, \"Inwood-207 St\": 21, \"Jamaica Center-Parsons/Archer\": 154, \"Jamaica-179 St\": 4}","source":369,"target":178,"layer":"L","from":"8 Av","to":"23 St"},"geometry":{"type":"LineString","coordinates":[[-74.002578,40.739777],[-73.998041,40.745906]]}},{"type":"Feature","properties":{"shape_id":"{\"M..S20R\": 74, \"M..S30R\": 17}","direction_id":"{\"1\": 104}","headsign":"{\"Middle Village-Metropolitan Av\": 104}","duration_avg":108.75,"n_vehicles":104,"d":654,"route_I_counts":"{\"23\": 104}","source":370,"target":371,"layer":"L","from":"Central Av","to":"Knickerbocker Av"},"geometry":{"type":"LineString","coordinates":[[-73.927397,40.697857],[-73.919711,40.698664]]}},{"type":"Feature","properties":{"duration_avg":144.7058823529412,"n_vehicles":102,"d":700,"route_I_counts":"{\"23\": 102}","shape_id":"{\"M..N20R\": 69, \"M..N30R\": 18}","direction_id":"{\"0\": 102}","headsign":"{\"Delancey St-Essex St\": 15, \"Forest Hills-71 Av\": 69, \"Myrtle Av\": 18}","source":370,"target":340,"layer":"L","from":"Central Av","to":"Myrtle Av"},"geometry":{"type":"LineString","coordinates":[[-73.927397,40.697857],[-73.935657,40.697207]]}},{"type":"Feature","properties":{"duration_avg":120.0,"n_vehicles":102,"d":654,"route_I_counts":"{\"23\": 102}","shape_id":"{\"M..N20R\": 69, \"M..N30R\": 18}","direction_id":"{\"0\": 102}","headsign":"{\"Delancey St-Essex St\": 15, \"Forest Hills-71 Av\": 69, \"Myrtle Av\": 18}","source":371,"target":370,"layer":"L","from":"Knickerbocker Av","to":"Central Av"},"geometry":{"type":"LineString","coordinates":[[-73.919711,40.698664],[-73.927397,40.697857]]}},{"type":"Feature","properties":{"duration_avg":101.25,"n_vehicles":104,"d":624,"route_I_counts":"{\"23\": 104}","shape_id":"{\"M..S20R\": 74, \"M..S30R\": 17}","direction_id":"{\"1\": 104}","headsign":"{\"Middle Village-Metropolitan Av\": 104}","source":371,"target":356,"layer":"L","from":"Knickerbocker Av","to":"Myrtle-Wyckoff Avs"},"geometry":{"type":"LineString","coordinates":[[-73.919711,40.698664],[-73.911586,40.699814]]}},{"type":"Feature","properties":{"shape_id":"{\"M..S20R\": 75, \"M..S30R\": 17}","direction_id":"{\"1\": 105}","headsign":"{\"Middle Village-Metropolitan Av\": 105}","duration_avg":74.57142857142857,"n_vehicles":105,"d":434,"route_I_counts":"{\"23\": 105}","source":372,"target":373,"layer":"L","from":"Seneca Av","to":"Forest Av"},"geometry":{"type":"LineString","coordinates":[[-73.90774,40.702762],[-73.903077,40.704423]]}},{"type":"Feature","properties":{"duration_avg":91.76470588235294,"n_vehicles":102,"d":539,"route_I_counts":"{\"23\": 102}","shape_id":"{\"M..N20R\": 69, \"M..N30R\": 18}","direction_id":"{\"0\": 102}","headsign":"{\"Delancey St-Essex St\": 15, \"Forest Hills-71 Av\": 69, \"Myrtle Av\": 18}","source":372,"target":356,"layer":"L","from":"Seneca Av","to":"Myrtle-Wyckoff Avs"},"geometry":{"type":"LineString","coordinates":[[-73.90774,40.702762],[-73.911586,40.699814]]}},{"type":"Feature","properties":{"shape_id":"{\"M..S20R\": 75, \"M..S30R\": 17}","direction_id":"{\"1\": 105}","headsign":"{\"Middle Village-Metropolitan Av\": 105}","duration_avg":100.85714285714286,"n_vehicles":105,"d":638,"route_I_counts":"{\"23\": 105}","source":373,"target":374,"layer":"L","from":"Forest Av","to":"Fresh Pond Rd"},"geometry":{"type":"LineString","coordinates":[[-73.903077,40.704423],[-73.895877,40.706186]]}},{"type":"Feature","properties":{"duration_avg":82.57425742574257,"n_vehicles":101,"d":434,"route_I_counts":"{\"23\": 101}","shape_id":"{\"M..N20R\": 68, \"M..N30R\": 18}","direction_id":"{\"0\": 101}","headsign":"{\"Delancey St-Essex St\": 15, \"Forest Hills-71 Av\": 68, \"Myrtle Av\": 18}","source":373,"target":372,"layer":"L","from":"Forest Av","to":"Seneca Av"},"geometry":{"type":"LineString","coordinates":[[-73.903077,40.704423],[-73.90774,40.702762]]}},{"type":"Feature","properties":{"shape_id":"{\"M..S20R\": 75, \"M..S30R\": 17}","direction_id":"{\"1\": 105}","headsign":"{\"Middle Village-Metropolitan Av\": 105}","duration_avg":134.57142857142858,"n_vehicles":105,"d":785,"route_I_counts":"{\"23\": 105}","source":374,"target":375,"layer":"L","from":"Fresh Pond Rd","to":"Middle Village-Metropolitan Av"},"geometry":{"type":"LineString","coordinates":[[-73.895877,40.706186],[-73.889601,40.711396]]}},{"type":"Feature","properties":{"duration_avg":114.35643564356435,"n_vehicles":101,"d":638,"route_I_counts":"{\"23\": 101}","shape_id":"{\"M..N20R\": 68, \"M..N30R\": 18}","direction_id":"{\"0\": 101}","headsign":"{\"Delancey St-Essex St\": 15, \"Forest Hills-71 Av\": 68, \"Myrtle Av\": 18}","source":374,"target":373,"layer":"L","from":"Fresh Pond Rd","to":"Forest Av"},"geometry":{"type":"LineString","coordinates":[[-73.895877,40.706186],[-73.903077,40.704423]]}},{"type":"Feature","properties":{"duration_avg":146.13861386138615,"n_vehicles":101,"d":785,"route_I_counts":"{\"23\": 101}","shape_id":"{\"M..N20R\": 68, \"M..N30R\": 18}","direction_id":"{\"0\": 101}","headsign":"{\"Delancey St-Essex St\": 15, \"Forest Hills-71 Av\": 68, \"Myrtle Av\": 18}","source":375,"target":374,"layer":"L","from":"Middle Village-Metropolitan Av","to":"Fresh Pond Rd"},"geometry":{"type":"LineString","coordinates":[[-73.889601,40.711396],[-73.895877,40.706186]]}},{"type":"Feature","properties":{"shape_id":"{\"N..S20R\": 20}","direction_id":"{\"1\": 167}","headsign":"{\"86 St\": 1, \"Coney Island-Stillwell Av\": 98, \"Whitehall St-South Ferry\": 68}","duration_avg":90.0,"n_vehicles":167,"d":722,"route_I_counts":"{\"24\": 98, \"28\": 69}","source":376,"target":377,"layer":"L","from":"Astoria-Ditmars Blvd","to":"Astoria Blvd"},"geometry":{"type":"LineString","coordinates":[[-73.912034,40.775036],[-73.917843,40.770258]]}},{"type":"Feature","properties":{"shape_id":"{\"N..S20R\": 20}","direction_id":"{\"1\": 168}","headsign":"{\"86 St\": 1, \"Coney Island-Stillwell Av\": 98, \"Whitehall St-South Ferry\": 69}","duration_avg":86.60714285714286,"n_vehicles":168,"d":493,"route_I_counts":"{\"24\": 98, \"28\": 70}","source":377,"target":378,"layer":"L","from":"Astoria Blvd","to":"30 Av"},"geometry":{"type":"LineString","coordinates":[[-73.917843,40.770258],[-73.921479,40.766779]]}},{"type":"Feature","properties":{"duration_avg":120.0,"n_vehicles":176,"d":722,"route_I_counts":"{\"24\": 98, \"28\": 78}","shape_id":"{\"N..N20R\": 17, \"N..N23R\": 1}","direction_id":"{\"0\": 176}","headsign":"{\"Astoria-Ditmars Blvd\": 176}","source":377,"target":376,"layer":"L","from":"Astoria Blvd","to":"Astoria-Ditmars Blvd"},"geometry":{"type":"LineString","coordinates":[[-73.917843,40.770258],[-73.912034,40.775036]]}},{"type":"Feature","properties":{"shape_id":"{\"N..S20R\": 20}","direction_id":"{\"1\": 168}","headsign":"{\"86 St\": 1, \"Coney Island-Stillwell Av\": 98, \"Whitehall St-South Ferry\": 69}","duration_avg":90.0,"n_vehicles":168,"d":648,"route_I_counts":"{\"24\": 98, \"28\": 70}","source":378,"target":379,"layer":"L","from":"30 Av","to":"Broadway"},"geometry":{"type":"LineString","coordinates":[[-73.921479,40.766779],[-73.925508,40.76182]]}},{"type":"Feature","properties":{"duration_avg":60.0,"n_vehicles":176,"d":493,"route_I_counts":"{\"24\": 98, \"28\": 78}","shape_id":"{\"N..N20R\": 17, \"N..N23R\": 1}","direction_id":"{\"0\": 176}","headsign":"{\"Astoria-Ditmars Blvd\": 176}","source":378,"target":377,"layer":"L","from":"30 Av","to":"Astoria Blvd"},"geometry":{"type":"LineString","coordinates":[[-73.921479,40.766779],[-73.917843,40.770258]]}},{"type":"Feature","properties":{"shape_id":"{\"N..S20R\": 20}","direction_id":"{\"1\": 168}","headsign":"{\"86 St\": 1, \"Coney Island-Stillwell Av\": 98, \"Whitehall St-South Ferry\": 69}","duration_avg":120.0,"n_vehicles":168,"d":655,"route_I_counts":"{\"24\": 98, \"28\": 70}","source":379,"target":380,"layer":"L","from":"Broadway","to":"36 Av"},"geometry":{"type":"LineString","coordinates":[[-73.925508,40.76182],[-73.929575,40.756804]]}},{"type":"Feature","properties":{"duration_avg":120.0,"n_vehicles":176,"d":648,"route_I_counts":"{\"24\": 98, \"28\": 78}","shape_id":"{\"N..N20R\": 17, \"N..N23R\": 1}","direction_id":"{\"0\": 176}","headsign":"{\"Astoria-Ditmars Blvd\": 176}","source":379,"target":378,"layer":"L","from":"Broadway","to":"30 Av"},"geometry":{"type":"LineString","coordinates":[[-73.925508,40.76182],[-73.921479,40.766779]]}},{"type":"Feature","properties":{"shape_id":"{\"N..S20R\": 20}","direction_id":"{\"1\": 169}","headsign":"{\"86 St\": 1, \"Coney Island-Stillwell Av\": 99, \"Whitehall St-South Ferry\": 69}","duration_avg":60.0,"n_vehicles":169,"d":512,"route_I_counts":"{\"24\": 99, \"28\": 70}","source":380,"target":381,"layer":"L","from":"36 Av","to":"39 Av-Dutch Kills"},"geometry":{"type":"LineString","coordinates":[[-73.929575,40.756804],[-73.932755,40.752882]]}},{"type":"Feature","properties":{"duration_avg":90.0,"n_vehicles":176,"d":655,"route_I_counts":"{\"24\": 98, \"28\": 78}","shape_id":"{\"N..N20R\": 18, \"N..N23R\": 1}","direction_id":"{\"0\": 176}","headsign":"{\"Astoria-Ditmars Blvd\": 176}","source":380,"target":379,"layer":"L","from":"36 Av","to":"Broadway"},"geometry":{"type":"LineString","coordinates":[[-73.929575,40.756804],[-73.925508,40.76182]]}},{"type":"Feature","properties":{"duration_avg":90.0,"n_vehicles":176,"d":512,"route_I_counts":"{\"24\": 98, \"28\": 78}","shape_id":"{\"N..N20R\": 18, \"N..N23R\": 1}","direction_id":"{\"0\": 176}","headsign":"{\"Astoria-Ditmars Blvd\": 176}","source":381,"target":380,"layer":"L","from":"39 Av-Dutch Kills","to":"36 Av"},"geometry":{"type":"LineString","coordinates":[[-73.932755,40.752882],[-73.929575,40.756804]]}},{"type":"Feature","properties":{"duration_avg":146.44970414201183,"n_vehicles":169,"d":678,"route_I_counts":"{\"24\": 99, \"28\": 70}","shape_id":"{\"N..S20R\": 20}","direction_id":"{\"1\": 169}","headsign":"{\"86 St\": 1, \"Coney Island-Stillwell Av\": 99, \"Whitehall St-South Ferry\": 69}","source":381,"target":152,"layer":"L","from":"39 Av-Dutch Kills","to":"Queensboro Plaza"},"geometry":{"type":"LineString","coordinates":[[-73.932755,40.752882],[-73.940202,40.750582]]}},{"type":"Feature","properties":{"shape_id":"{\"N..S20R\": 19}","direction_id":"{\"1\": 257}","headsign":"{\"86 St\": 1, \"Bay Ridge-95 St\": 87, \"Coney Island-Stillwell Av\": 99, \"Whitehall St-South Ferry\": 70}","duration_avg":116.38132295719845,"n_vehicles":257,"d":566,"route_I_counts":"{\"24\": 99, \"26\": 87, \"28\": 71}","source":382,"target":383,"layer":"L","from":"Lexington Av/59 St","to":"5 Av/59 St"},"geometry":{"type":"LineString","coordinates":[[-73.967258,40.76266],[-73.973347,40.764811]]}},{"type":"Feature","properties":{"duration_avg":335.80645161290323,"n_vehicles":93,"d":2954,"route_I_counts":"{\"26\": 93}","shape_id":"{\"R..N93R\": 89, \"R..N96R\": 4}","direction_id":"{\"0\": 93}","headsign":"{\"Forest Hills-71 Av\": 93}","source":382,"target":279,"layer":"L","from":"Lexington Av/59 St","to":"Queens Plaza"},"geometry":{"type":"LineString","coordinates":[[-73.967258,40.76266],[-73.937243,40.748973]]}},{"type":"Feature","properties":{"duration_avg":273.2758620689655,"n_vehicles":174,"d":2648,"route_I_counts":"{\"24\": 97, \"28\": 77}","shape_id":"{\"N..N20R\": 18, \"N..N23R\": 1}","direction_id":"{\"0\": 174}","headsign":"{\"Astoria-Ditmars Blvd\": 174}","source":382,"target":152,"layer":"L","from":"Lexington Av/59 St","to":"Queensboro Plaza"},"geometry":{"type":"LineString","coordinates":[[-73.967258,40.76266],[-73.940202,40.750582]]}},{"type":"Feature","properties":{"duration_avg":162.0,"n_vehicles":215,"d":1411,"route_I_counts":"{\"4\": 120, \"5\": 95}","shape_id":"{\"4..S01R\": 16, \"4..S03R\": 2, \"4..S05R\": 2, \"4..S06R\": 91, \"4..S28R\": 9, \"5..S02R\": 2, \"5..S03R\": 72, \"5..S07R\": 8, \"5..S08R\": 9, \"5..S12R\": 2, \"5..S21R\": 2}","direction_id":"{\"1\": 215}","headsign":"{\"Bowling Green\": 11, \"Crown Hts-Utica Av\": 112, \"Flatbush Av-Brooklyn College\": 74, \"New Lots Av\": 18}","source":382,"target":99,"layer":"L","from":"Lexington Av/59 St","to":"Grand Central-42 St"},"geometry":{"type":"LineString","coordinates":[[-73.967258,40.76266],[-73.976848,40.751776]]}},{"type":"Feature","properties":{"duration_avg":112.20264317180617,"n_vehicles":227,"d":714,"route_I_counts":"{\"4\": 10, \"7\": 154, \"8\": 63}","shape_id":"{\"4..N13R\": 10, \"6..N01R\": 78, \"6..N02R\": 63, \"6..N03R\": 74}","direction_id":"{\"0\": 227}","headsign":"{\"Parkchester\": 76, \"Pelham Bay Park\": 141, \"Woodlawn\": 10}","source":382,"target":109,"layer":"L","from":"Lexington Av/59 St","to":"68 St-Hunter College"},"geometry":{"type":"LineString","coordinates":[[-73.967258,40.76266],[-73.96387,40.768141]]}},{"type":"Feature","properties":{"duration_avg":220.125,"n_vehicles":240,"d":2157,"route_I_counts":"{\"4\": 133, \"5\": 107}","shape_id":"{\"4..N01R\": 11, \"4..N06R\": 93, \"4..N34R\": 15, \"4..N43R\": 10, \"4..N64R\": 3, \"5..N06R\": 1, \"5..N31R\": 1}","direction_id":"{\"0\": 240}","headsign":"{\"Bedford Park Blvd-Lehman College\": 4, \"Burnside Av\": 10, \"E 180 St\": 1, \"Eastchester-Dyre Av\": 93, \"Gun Hill Rd\": 1, \"Nereid Av\": 12, \"Woodlawn\": 119}","source":382,"target":98,"layer":"L","from":"Lexington Av/59 St","to":"86 St"},"geometry":{"type":"LineString","coordinates":[[-73.967258,40.76266],[-73.955589,40.779492]]}},{"type":"Feature","properties":{"duration_avg":106.48648648648648,"n_vehicles":222,"d":689,"route_I_counts":"{\"4\": 13, \"7\": 187, \"8\": 22}","shape_id":"{\"4..S13R\": 13, \"6..S01R\": 112, \"6..S02R\": 11, \"6..S03R\": 75}","direction_id":"{\"1\": 222}","headsign":"{\"Brooklyn Bridge-City Hall\": 209, \"New Lots Av\": 13}","source":382,"target":280,"layer":"L","from":"Lexington Av/59 St","to":"Lexington Av/53 St"},"geometry":{"type":"LineString","coordinates":[[-73.967258,40.76266],[-73.969055,40.757552]]}},{"type":"Feature","properties":{"duration_avg":150.0,"n_vehicles":144,"d":958,"route_I_counts":"{\"17\": 142, \"18\": 2}","shape_id":"{\"F..S68R\": 22, \"F..S69R\": 120, \"F..S72R\": 2}","direction_id":"{\"1\": 144}","headsign":"{\"Coney Island-Stillwell Av\": 122, \"Kings Hwy\": 22}","source":382,"target":288,"layer":"L","from":"Lexington Av/59 St","to":"57 St"},"geometry":{"type":"LineString","coordinates":[[-73.967258,40.76266],[-73.97745,40.763972]]}},{"type":"Feature","properties":{"duration_avg":180.0,"n_vehicles":127,"d":1226,"route_I_counts":"{\"24\": 4, \"25\": 123}","shape_id":"{}","direction_id":"{\"1\": 127}","headsign":"{\"Coney Island-Stillwell Av\": 127}","source":382,"target":384,"layer":"L","from":"Lexington Av/59 St","to":"57 St-7 Av"},"geometry":{"type":"LineString","coordinates":[[-73.967258,40.76266],[-73.980658,40.764664]]}},{"type":"Feature","properties":{"duration_avg":156.34615384615384,"n_vehicles":156,"d":1243,"route_I_counts":"{\"17\": 156}","shape_id":"{\"F..N68R\": 27, \"F..N69R\": 129}","direction_id":"{\"0\": 156}","headsign":"{\"Jamaica-179 St\": 156}","source":382,"target":287,"layer":"L","from":"Lexington Av/59 St","to":"Roosevelt Island"},"geometry":{"type":"LineString","coordinates":[[-73.967258,40.76266],[-73.95326,40.759145]]}},{"type":"Feature","properties":{"duration_avg":120.0,"n_vehicles":126,"d":797,"route_I_counts":"{\"25\": 126}","shape_id":"{}","direction_id":"{\"0\": 126}","headsign":"{\"96 St\": 126}","source":382,"target":407,"layer":"L","from":"Lexington Av/59 St","to":"72 St"},"geometry":{"type":"LineString","coordinates":[[-73.967258,40.76266],[-73.958424,40.768799]]}},{"type":"Feature","properties":{"shape_id":"{\"N..S20R\": 19}","direction_id":"{\"1\": 257}","headsign":"{\"86 St\": 1, \"Bay Ridge-95 St\": 87, \"Coney Island-Stillwell Av\": 99, \"Whitehall St-South Ferry\": 70}","duration_avg":150.0,"n_vehicles":257,"d":616,"route_I_counts":"{\"24\": 99, \"26\": 87, \"28\": 71}","source":383,"target":384,"layer":"L","from":"5 Av/59 St","to":"57 St-7 Av"},"geometry":{"type":"LineString","coordinates":[[-73.973347,40.764811],[-73.980658,40.764664]]}},{"type":"Feature","properties":{"duration_avg":100.89887640449439,"n_vehicles":267,"d":566,"route_I_counts":"{\"24\": 97, \"26\": 93, \"28\": 77}","shape_id":"{\"N..N20R\": 18, \"N..N23R\": 1, \"R..N93R\": 89, \"R..N96R\": 4}","direction_id":"{\"0\": 267}","headsign":"{\"Astoria-Ditmars Blvd\": 174, \"Forest Hills-71 Av\": 93}","source":383,"target":382,"layer":"L","from":"5 Av/59 St","to":"Lexington Av/59 St"},"geometry":{"type":"LineString","coordinates":[[-73.973347,40.764811],[-73.967258,40.76266]]}},{"type":"Feature","properties":{"shape_id":"{\"N..S20R\": 19}","direction_id":"{\"1\": 277}","headsign":"{\"86 St\": 1, \"Bay Ridge-95 St\": 87, \"Coney Island-Stillwell Av\": 118, \"Whitehall St-South Ferry\": 71}","duration_avg":115.66787003610108,"n_vehicles":277,"d":606,"route_I_counts":"{\"24\": 99, \"25\": 19, \"26\": 87, \"28\": 72}","source":384,"target":385,"layer":"L","from":"57 St-7 Av","to":"49 St"},"geometry":{"type":"LineString","coordinates":[[-73.980658,40.764664],[-73.984139,40.759901]]}},{"type":"Feature","properties":{"duration_avg":155.1685393258427,"n_vehicles":267,"d":616,"route_I_counts":"{\"24\": 97, \"26\": 93, \"28\": 77}","shape_id":"{\"N..N20R\": 18, \"N..N23R\": 1, \"R..N93R\": 89, \"R..N96R\": 4}","direction_id":"{\"0\": 267}","headsign":"{\"Astoria-Ditmars Blvd\": 174, \"Forest Hills-71 Av\": 93}","source":384,"target":383,"layer":"L","from":"57 St-7 Av","to":"5 Av/59 St"},"geometry":{"type":"LineString","coordinates":[[-73.980658,40.764664],[-73.973347,40.764811]]}},{"type":"Feature","properties":{"duration_avg":150.0,"n_vehicles":127,"d":1226,"route_I_counts":"{\"25\": 127}","shape_id":"{}","direction_id":"{\"0\": 127}","headsign":"{\"96 St\": 127}","source":384,"target":382,"layer":"L","from":"57 St-7 Av","to":"Lexington Av/59 St"},"geometry":{"type":"LineString","coordinates":[[-73.980658,40.764664],[-73.967258,40.76266]]}},{"type":"Feature","properties":{"duration_avg":180.0,"n_vehicles":108,"d":1225,"route_I_counts":"{\"24\": 4, \"25\": 104}","shape_id":"{}","direction_id":"{\"1\": 108}","headsign":"{\"Coney Island-Stillwell Av\": 108}","source":384,"target":232,"layer":"L","from":"57 St-7 Av","to":"42 St-Bryant Pk"},"geometry":{"type":"LineString","coordinates":[[-73.980658,40.764664],[-73.984569,40.754222]]}},{"type":"Feature","properties":{"duration_avg":117.87985865724382,"n_vehicles":283,"d":606,"route_I_counts":"{\"24\": 97, \"25\": 17, \"26\": 92, \"28\": 77}","shape_id":"{\"N..N20R\": 18, \"N..N23R\": 1, \"R..N93R\": 88, \"R..N96R\": 4}","direction_id":"{\"0\": 283}","headsign":"{\"96 St\": 17, \"Astoria-Ditmars Blvd\": 174, \"Forest Hills-71 Av\": 92}","source":385,"target":384,"layer":"L","from":"49 St","to":"57 St-7 Av"},"geometry":{"type":"LineString","coordinates":[[-73.984139,40.759901],[-73.980658,40.764664]]}},{"type":"Feature","properties":{"duration_avg":90.0,"n_vehicles":278,"d":622,"route_I_counts":"{\"24\": 99, \"25\": 19, \"26\": 88, \"28\": 72}","shape_id":"{\"N..S20R\": 19}","direction_id":"{\"1\": 278}","headsign":"{\"86 St\": 1, \"Bay Ridge-95 St\": 88, \"Coney Island-Stillwell Av\": 118, \"Whitehall St-South Ferry\": 71}","source":385,"target":232,"layer":"L","from":"49 St","to":"42 St-Bryant Pk"},"geometry":{"type":"LineString","coordinates":[[-73.984139,40.759901],[-73.984569,40.754222]]}},{"type":"Feature","properties":{"shape_id":"{\"N..S20R\": 19}","direction_id":"{\"1\": 197}","headsign":"{\"86 St\": 1, \"Bay Ridge-95 St\": 88, \"Coney Island-Stillwell Av\": 37, \"Whitehall St-South Ferry\": 71}","duration_avg":84.51776649746193,"n_vehicles":197,"d":469,"route_I_counts":"{\"24\": 19, \"25\": 18, \"26\": 88, \"28\": 72}","source":386,"target":387,"layer":"L","from":"28 St","to":"23 St"},"geometry":{"type":"LineString","coordinates":[[-73.988691,40.745494],[-73.989344,40.741303]]}},{"type":"Feature","properties":{"duration_avg":60.0,"n_vehicles":205,"d":457,"route_I_counts":"{\"24\": 20, \"25\": 17, \"26\": 92, \"28\": 76}","shape_id":"{\"N..N20R\": 19, \"N..N23R\": 1, \"R..N93R\": 88, \"R..N96R\": 4}","direction_id":"{\"0\": 205}","headsign":"{\"96 St\": 17, \"Astoria-Ditmars Blvd\": 96, \"Forest Hills-71 Av\": 92}","source":386,"target":233,"layer":"L","from":"28 St","to":"34 St-Herald Sq"},"geometry":{"type":"LineString","coordinates":[[-73.988691,40.745494],[-73.987823,40.749719]]}},{"type":"Feature","properties":{"duration_avg":60.4390243902439,"n_vehicles":205,"d":469,"route_I_counts":"{\"24\": 20, \"25\": 17, \"26\": 92, \"28\": 76}","shape_id":"{\"N..N20R\": 19, \"N..N23R\": 1, \"R..N93R\": 88, \"R..N96R\": 4}","direction_id":"{\"0\": 205}","headsign":"{\"96 St\": 17, \"Astoria-Ditmars Blvd\": 96, \"Forest Hills-71 Av\": 92}","source":387,"target":386,"layer":"L","from":"23 St","to":"28 St"},"geometry":{"type":"LineString","coordinates":[[-73.989344,40.741303],[-73.988691,40.745494]]}},{"type":"Feature","properties":{"duration_avg":114.21319796954315,"n_vehicles":197,"d":628,"route_I_counts":"{\"24\": 19, \"25\": 18, \"26\": 88, \"28\": 72}","shape_id":"{\"N..S20R\": 19}","direction_id":"{\"1\": 197}","headsign":"{\"86 St\": 1, \"Bay Ridge-95 St\": 88, \"Coney Island-Stillwell Av\": 37, \"Whitehall St-South Ferry\": 71}","source":387,"target":367,"layer":"L","from":"23 St","to":"14 St-Union Sq"},"geometry":{"type":"LineString","coordinates":[[-73.989344,40.741303],[-73.99073,40.734789]]}},{"type":"Feature","properties":{"shape_id":"{\"N..S20R\": 19}","direction_id":"{\"1\": 199}","headsign":"{\"86 St\": 1, \"Bay Ridge-95 St\": 89, \"Coney Island-Stillwell Av\": 37, \"Whitehall St-South Ferry\": 72}","duration_avg":120.90452261306532,"n_vehicles":199,"d":793,"route_I_counts":"{\"24\": 19, \"25\": 18, \"26\": 89, \"28\": 73}","source":388,"target":389,"layer":"L","from":"8 St-NYU","to":"Prince St"},"geometry":{"type":"LineString","coordinates":[[-73.992629,40.730328],[-73.997702,40.724329]]}},{"type":"Feature","properties":{"duration_avg":90.44117647058823,"n_vehicles":204,"d":626,"route_I_counts":"{\"24\": 20, \"25\": 17, \"26\": 91, \"28\": 76}","shape_id":"{\"N..N20R\": 19, \"N..N23R\": 1, \"R..N93R\": 87, \"R..N96R\": 4}","direction_id":"{\"0\": 204}","headsign":"{\"96 St\": 17, \"Astoria-Ditmars Blvd\": 96, \"Forest Hills-71 Av\": 91}","source":388,"target":367,"layer":"L","from":"8 St-NYU","to":"14 St-Union Sq"},"geometry":{"type":"LineString","coordinates":[[-73.992629,40.730328],[-73.99073,40.734789]]}},{"type":"Feature","properties":{"duration_avg":115.0,"n_vehicles":204,"d":793,"route_I_counts":"{\"24\": 20, \"25\": 17, \"26\": 91, \"28\": 76}","shape_id":"{\"N..N20R\": 19, \"N..N23R\": 1, \"R..N93R\": 87, \"R..N96R\": 4}","direction_id":"{\"0\": 204}","headsign":"{\"96 St\": 17, \"Astoria-Ditmars Blvd\": 96, \"Forest Hills-71 Av\": 91}","source":389,"target":388,"layer":"L","from":"Prince St","to":"8 St-NYU"},"geometry":{"type":"LineString","coordinates":[[-73.997702,40.724329],[-73.992629,40.730328]]}},{"type":"Feature","properties":{"duration_avg":114.91666666666666,"n_vehicles":198,"d":701,"route_I_counts":"{\"25\": 18, \"24\": 18, \"26\": 89, \"28\": 73}","shape_id":"{\"N..S20R\": 18}","direction_id":"{\"1\": 198}","headsign":"{\"Coney Island-Stillwell Av\": 36, \"86 St\": 1, \"Bay Ridge-95 St\": 89, \"Whitehall St-South Ferry\": 72}","source":389,"target":115,"layer":"L","from":"Prince St","to":"Canal St"},"geometry":{"type":"LineString","coordinates":[[-73.997702,40.724329],[-74.000193,40.718803]]}},{"type":"Feature","properties":{"duration_avg":120.0,"n_vehicles":180,"d":448,"route_I_counts":"{\"24\": 18, \"26\": 89, \"28\": 73}","shape_id":"{\"N..S20R\": 18}","direction_id":"{\"1\": 180}","headsign":"{\"86 St\": 1, \"Bay Ridge-95 St\": 89, \"Coney Island-Stillwell Av\": 18, \"Whitehall St-South Ferry\": 72}","source":390,"target":56,"layer":"L","from":"City Hall","to":"Park Place"},"geometry":{"type":"LineString","coordinates":[[-74.006978,40.713282],[-74.008811,40.713051]]}},{"type":"Feature","properties":{"duration_avg":150.0,"n_vehicles":185,"d":822,"route_I_counts":"{\"24\": 19, \"26\": 91, \"28\": 75}","shape_id":"{\"N..N20R\": 19, \"R..N93R\": 87, \"R..N96R\": 4}","direction_id":"{\"0\": 185}","headsign":"{\"Astoria-Ditmars Blvd\": 94, \"Forest Hills-71 Av\": 91}","source":390,"target":115,"layer":"L","from":"City Hall","to":"Canal St"},"geometry":{"type":"LineString","coordinates":[[-74.006978,40.713282],[-74.000193,40.718803]]}},{"type":"Feature","properties":{"shape_id":"{\"N..S20R\": 18}","direction_id":"{\"1\": 182}","headsign":"{\"86 St\": 1, \"Bay Ridge-95 St\": 90, \"Coney Island-Stillwell Av\": 18, \"Whitehall St-South Ferry\": 73}","duration_avg":120.0,"n_vehicles":182,"d":461,"route_I_counts":"{\"24\": 18, \"26\": 90, \"28\": 74}","source":391,"target":392,"layer":"L","from":"Rector St","to":"Whitehall St-South Ferry"},"geometry":{"type":"LineString","coordinates":[[-74.013342,40.70722],[-74.012994,40.703087]]}},{"type":"Feature","properties":{"duration_avg":62.432432432432435,"n_vehicles":185,"d":430,"route_I_counts":"{\"24\": 19, \"26\": 91, \"28\": 75}","shape_id":"{\"N..N20R\": 19, \"R..N93R\": 87, \"R..N96R\": 4}","direction_id":"{\"0\": 185}","headsign":"{\"Astoria-Ditmars Blvd\": 94, \"Forest Hills-71 Av\": 91}","source":391,"target":56,"layer":"L","from":"Rector St","to":"Park Place"},"geometry":{"type":"LineString","coordinates":[[-74.013342,40.70722],[-74.008811,40.713051]]}},{"type":"Feature","properties":{"duration_avg":117.55434782608695,"n_vehicles":184,"d":461,"route_I_counts":"{\"24\": 19, \"26\": 90, \"28\": 75}","shape_id":"{\"N..N20R\": 19, \"R..N93R\": 86, \"R..N96R\": 4}","direction_id":"{\"0\": 184}","headsign":"{\"Astoria-Ditmars Blvd\": 94, \"Forest Hills-71 Av\": 90}","source":392,"target":391,"layer":"L","from":"Whitehall St-South Ferry","to":"Rector St"},"geometry":{"type":"LineString","coordinates":[[-74.012994,40.703087],[-74.013342,40.70722]]}},{"type":"Feature","properties":{"duration_avg":210.0,"n_vehicles":127,"d":2051,"route_I_counts":"{\"24\": 18, \"26\": 107, \"28\": 2}","shape_id":"{\"N..S20R\": 18}","direction_id":"{\"1\": 127}","headsign":"{\"86 St\": 2, \"Bay Ridge-95 St\": 107, \"Coney Island-Stillwell Av\": 18}","source":392,"target":103,"layer":"L","from":"Whitehall St-South Ferry","to":"Borough Hall"},"geometry":{"type":"LineString","coordinates":[[-74.012994,40.703087],[-73.990151,40.692404]]}},{"type":"Feature","properties":{"duration_avg":90.0,"n_vehicles":180,"d":606,"route_I_counts":"{\"1\": 180}","shape_id":"{\"1..N03R\": 180}","direction_id":"{\"0\": 180}","headsign":"{\"Van Cortlandt Park-242 St\": 180}","source":392,"target":32,"layer":"L","from":"Whitehall St-South Ferry","to":"Rector St"},"geometry":{"type":"LineString","coordinates":[[-74.012994,40.703087],[-74.013783,40.707513]]}},{"type":"Feature","properties":{"shape_id":"{\"N..S20R\": 17}","direction_id":"{\"1\": 132}","headsign":"{\"86 St\": 2, \"Bay Ridge-95 St\": 108, \"Coney Island-Stillwell Av\": 22}","duration_avg":97.5,"n_vehicles":132,"d":548,"route_I_counts":"{\"24\": 22, \"26\": 108, \"28\": 2}","source":393,"target":394,"layer":"L","from":"45 St","to":"53 St"},"geometry":{"type":"LineString","coordinates":[[-74.010006,40.648939],[-74.014034,40.645069]]}},{"type":"Feature","properties":{"duration_avg":168.33333333333334,"n_vehicles":144,"d":880,"route_I_counts":"{\"24\": 40, \"26\": 103, \"28\": 1}","shape_id":"{\"N..N20R\": 20, \"N..N23R\": 1, \"R..N93R\": 84}","direction_id":"{\"0\": 144}","headsign":"{\"Astoria-Ditmars Blvd\": 41, \"Forest Hills-71 Av\": 84, \"Whitehall St-South Ferry\": 19}","source":393,"target":248,"layer":"L","from":"45 St","to":"36 St"},"geometry":{"type":"LineString","coordinates":[[-74.010006,40.648939],[-74.003549,40.655144]]}},{"type":"Feature","properties":{"shape_id":"{\"N..S20R\": 17}","direction_id":"{\"1\": 132}","headsign":"{\"86 St\": 2, \"Bay Ridge-95 St\": 108, \"Coney Island-Stillwell Av\": 22}","duration_avg":90.0,"n_vehicles":132,"d":525,"route_I_counts":"{\"24\": 22, \"26\": 108, \"28\": 2}","source":394,"target":395,"layer":"L","from":"53 St","to":"59 St"},"geometry":{"type":"LineString","coordinates":[[-74.014034,40.645069],[-74.017881,40.641362]]}},{"type":"Feature","properties":{"duration_avg":97.24137931034483,"n_vehicles":145,"d":548,"route_I_counts":"{\"24\": 41, \"26\": 103, \"28\": 1}","shape_id":"{\"N..N20R\": 21, \"N..N23R\": 1, \"R..N93R\": 84}","direction_id":"{\"0\": 145}","headsign":"{\"Astoria-Ditmars Blvd\": 42, \"Forest Hills-71 Av\": 84, \"Whitehall St-South Ferry\": 19}","source":394,"target":393,"layer":"L","from":"53 St","to":"45 St"},"geometry":{"type":"LineString","coordinates":[[-74.014034,40.645069],[-74.010006,40.648939]]}},{"type":"Feature","properties":{"shape_id":"{\"N..S20R\": 17}","direction_id":"{\"1\": 108}","headsign":"{\"86 St\": 3, \"Coney Island-Stillwell Av\": 105}","duration_avg":180.0,"n_vehicles":108,"d":873,"route_I_counts":"{\"24\": 106, \"28\": 2}","source":395,"target":396,"layer":"L","from":"59 St","to":"8 Av"},"geometry":{"type":"LineString","coordinates":[[-74.017881,40.641362],[-74.011719,40.635064]]}},{"type":"Feature","properties":{"shape_id":"{}","direction_id":"{\"1\": 108}","headsign":"{\"Bay Ridge-95 St\": 108}","duration_avg":142.77777777777777,"n_vehicles":108,"d":849,"route_I_counts":"{\"26\": 108}","source":395,"target":417,"layer":"L","from":"59 St","to":"Bay Ridge Av"},"geometry":{"type":"LineString","coordinates":[[-74.017881,40.641362],[-74.023377,40.634967]]}},{"type":"Feature","properties":{"duration_avg":270.0,"n_vehicles":59,"d":1954,"route_I_counts":"{\"24\": 55, \"25\": 4}","shape_id":"{}","direction_id":"{\"0\": 59}","headsign":"{\"96 St\": 4, \"Astoria-Ditmars Blvd\": 55}","source":395,"target":248,"layer":"L","from":"59 St","to":"36 St"},"geometry":{"type":"LineString","coordinates":[[-74.017881,40.641362],[-74.003549,40.655144]]}},{"type":"Feature","properties":{"duration_avg":108.33333333333333,"n_vehicles":144,"d":525,"route_I_counts":"{\"24\": 41, \"26\": 102, \"28\": 1}","shape_id":"{\"N..N20R\": 21, \"N..N23R\": 1, \"R..N93R\": 83}","direction_id":"{\"0\": 144}","headsign":"{\"Astoria-Ditmars Blvd\": 42, \"Forest Hills-71 Av\": 83, \"Whitehall St-South Ferry\": 19}","source":395,"target":394,"layer":"L","from":"59 St","to":"53 St"},"geometry":{"type":"LineString","coordinates":[[-74.017881,40.641362],[-74.014034,40.645069]]}},{"type":"Feature","properties":{"shape_id":"{\"N..S20R\": 17}","direction_id":"{\"1\": 108}","headsign":"{\"86 St\": 3, \"Coney Island-Stillwell Av\": 105}","duration_avg":90.0,"n_vehicles":108,"d":676,"route_I_counts":"{\"24\": 106, \"28\": 2}","source":396,"target":397,"layer":"L","from":"8 Av","to":"Fort Hamilton Pkwy"},"geometry":{"type":"LineString","coordinates":[[-74.011719,40.635064],[-74.005351,40.631386]]}},{"type":"Feature","properties":{"duration_avg":180.0,"n_vehicles":101,"d":873,"route_I_counts":"{\"24\": 96, \"25\": 4, \"28\": 1}","shape_id":"{\"N..N20R\": 21, \"N..N23R\": 1}","direction_id":"{\"0\": 101}","headsign":"{\"96 St\": 4, \"Astoria-Ditmars Blvd\": 97}","source":396,"target":395,"layer":"L","from":"8 Av","to":"59 St"},"geometry":{"type":"LineString","coordinates":[[-74.011719,40.635064],[-74.017881,40.641362]]}},{"type":"Feature","properties":{"shape_id":"{\"N..S20R\": 16}","direction_id":"{\"1\": 108}","headsign":"{\"86 St\": 3, \"Coney Island-Stillwell Av\": 105}","duration_avg":120.0,"n_vehicles":108,"d":1052,"route_I_counts":"{\"24\": 106, \"28\": 2}","source":397,"target":398,"layer":"L","from":"Fort Hamilton Pkwy","to":"New Utrecht Av"},"geometry":{"type":"LineString","coordinates":[[-74.005351,40.631386],[-73.996353,40.624842]]}},{"type":"Feature","properties":{"duration_avg":60.0,"n_vehicles":101,"d":676,"route_I_counts":"{\"24\": 96, \"25\": 4, \"28\": 1}","shape_id":"{\"N..N20R\": 21, \"N..N23R\": 1}","direction_id":"{\"0\": 101}","headsign":"{\"96 St\": 4, \"Astoria-Ditmars Blvd\": 97}","source":397,"target":396,"layer":"L","from":"Fort Hamilton Pkwy","to":"8 Av"},"geometry":{"type":"LineString","coordinates":[[-74.005351,40.631386],[-74.011719,40.635064]]}},{"type":"Feature","properties":{"shape_id":"{\"N..S20R\": 16}","direction_id":"{\"1\": 108}","headsign":"{\"86 St\": 3, \"Coney Island-Stillwell Av\": 105}","duration_avg":90.0,"n_vehicles":108,"d":683,"route_I_counts":"{\"24\": 106, \"28\": 2}","source":398,"target":399,"layer":"L","from":"New Utrecht Av","to":"18 Av"},"geometry":{"type":"LineString","coordinates":[[-73.996353,40.624842],[-73.990414,40.620671]]}},{"type":"Feature","properties":{"duration_avg":150.0,"n_vehicles":101,"d":1052,"route_I_counts":"{\"24\": 96, \"25\": 4, \"28\": 1}","shape_id":"{\"N..N20R\": 21, \"N..N23R\": 1}","direction_id":"{\"0\": 101}","headsign":"{\"96 St\": 4, \"Astoria-Ditmars Blvd\": 97}","source":398,"target":397,"layer":"L","from":"New Utrecht Av","to":"Fort Hamilton Pkwy"},"geometry":{"type":"LineString","coordinates":[[-73.996353,40.624842],[-74.005351,40.631386]]}},{"type":"Feature","properties":{"duration_avg":120.0,"n_vehicles":108,"d":784,"route_I_counts":"{\"15\": 108}","shape_id":"{\"D..S05R\": 21, \"D..S07R\": 86, \"D..S14R\": 1}","direction_id":"{\"1\": 108}","headsign":"{\"Coney Island-Stillwell Av\": 108}","source":398,"target":253,"layer":"L","from":"New Utrecht Av","to":"71 St"},"geometry":{"type":"LineString","coordinates":[[-73.996353,40.624842],[-73.998864,40.619589]]}},{"type":"Feature","properties":{"duration_avg":113.7,"n_vehicles":100,"d":565,"route_I_counts":"{\"15\": 100}","shape_id":"{\"D..N05R\": 43, \"D..N07R\": 39, \"D..N14R\": 18}","direction_id":"{\"0\": 100}","headsign":"{\"Norwood-205 St\": 100}","source":398,"target":252,"layer":"L","from":"New Utrecht Av","to":"55 St"},"geometry":{"type":"LineString","coordinates":[[-73.996353,40.624842],[-73.995476,40.631435]]}},{"type":"Feature","properties":{"shape_id":"{\"N..S20R\": 16}","direction_id":"{\"1\": 108}","headsign":"{\"86 St\": 3, \"Coney Island-Stillwell Av\": 105}","duration_avg":90.0,"n_vehicles":108,"d":582,"route_I_counts":"{\"24\": 106, \"28\": 2}","source":399,"target":400,"layer":"L","from":"18 Av","to":"20 Av"},"geometry":{"type":"LineString","coordinates":[[-73.990414,40.620671],[-73.985026,40.61741]]}},{"type":"Feature","properties":{"duration_avg":90.0,"n_vehicles":100,"d":683,"route_I_counts":"{\"24\": 95, \"25\": 4, \"28\": 1}","shape_id":"{\"N..N20R\": 21, \"N..N23R\": 1}","direction_id":"{\"0\": 100}","headsign":"{\"96 St\": 4, \"Astoria-Ditmars Blvd\": 96}","source":399,"target":398,"layer":"L","from":"18 Av","to":"New Utrecht Av"},"geometry":{"type":"LineString","coordinates":[[-73.990414,40.620671],[-73.996353,40.624842]]}},{"type":"Feature","properties":{"shape_id":"{\"N..S20R\": 16}","direction_id":"{\"1\": 108}","headsign":"{\"86 St\": 3, \"Coney Island-Stillwell Av\": 105}","duration_avg":90.0,"n_vehicles":108,"d":678,"route_I_counts":"{\"24\": 106, \"28\": 2}","source":400,"target":401,"layer":"L","from":"20 Av","to":"Bay Pkwy"},"geometry":{"type":"LineString","coordinates":[[-73.985026,40.61741],[-73.981848,40.611815]]}},{"type":"Feature","properties":{"duration_avg":60.0,"n_vehicles":100,"d":582,"route_I_counts":"{\"24\": 95, \"25\": 4, \"28\": 1}","shape_id":"{\"N..N20R\": 21, \"N..N23R\": 1}","direction_id":"{\"0\": 100}","headsign":"{\"96 St\": 4, \"Astoria-Ditmars Blvd\": 96}","source":400,"target":399,"layer":"L","from":"20 Av","to":"18 Av"},"geometry":{"type":"LineString","coordinates":[[-73.985026,40.61741],[-73.990414,40.620671]]}},{"type":"Feature","properties":{"shape_id":"{\"N..S20R\": 16}","direction_id":"{\"1\": 108}","headsign":"{\"86 St\": 3, \"Coney Island-Stillwell Av\": 105}","duration_avg":120.0,"n_vehicles":108,"d":887,"route_I_counts":"{\"24\": 106, \"28\": 2}","source":401,"target":402,"layer":"L","from":"Bay Pkwy","to":"Kings Hwy"},"geometry":{"type":"LineString","coordinates":[[-73.981848,40.611815],[-73.980353,40.603923]]}},{"type":"Feature","properties":{"duration_avg":90.0,"n_vehicles":100,"d":678,"route_I_counts":"{\"24\": 95, \"25\": 4, \"28\": 1}","shape_id":"{\"N..N20R\": 21, \"N..N23R\": 1}","direction_id":"{\"0\": 100}","headsign":"{\"96 St\": 4, \"Astoria-Ditmars Blvd\": 96}","source":401,"target":400,"layer":"L","from":"Bay Pkwy","to":"20 Av"},"geometry":{"type":"LineString","coordinates":[[-73.981848,40.611815],[-73.985026,40.61741]]}},{"type":"Feature","properties":{"shape_id":"{\"N..S20R\": 16}","direction_id":"{\"1\": 108}","headsign":"{\"86 St\": 3, \"Coney Island-Stillwell Av\": 105}","duration_avg":120.0,"n_vehicles":108,"d":725,"route_I_counts":"{\"24\": 106, \"28\": 2}","source":402,"target":403,"layer":"L","from":"Kings Hwy","to":"Avenue U"},"geometry":{"type":"LineString","coordinates":[[-73.980353,40.603923],[-73.979137,40.597473]]}},{"type":"Feature","properties":{"duration_avg":120.0,"n_vehicles":100,"d":887,"route_I_counts":"{\"24\": 95, \"25\": 4, \"28\": 1}","shape_id":"{\"N..N20R\": 21, \"N..N23R\": 1}","direction_id":"{\"0\": 100}","headsign":"{\"96 St\": 4, \"Astoria-Ditmars Blvd\": 96}","source":402,"target":401,"layer":"L","from":"Kings Hwy","to":"Bay Pkwy"},"geometry":{"type":"LineString","coordinates":[[-73.980353,40.603923],[-73.981848,40.611815]]}},{"type":"Feature","properties":{"shape_id":"{\"N..S20R\": 16}","direction_id":"{\"1\": 109}","headsign":"{\"86 St\": 3, \"Coney Island-Stillwell Av\": 106}","duration_avg":60.0,"n_vehicles":109,"d":534,"route_I_counts":"{\"24\": 107, \"28\": 2}","source":403,"target":404,"layer":"L","from":"Avenue U","to":"86 St"},"geometry":{"type":"LineString","coordinates":[[-73.979137,40.597473],[-73.97823,40.592721]]}},{"type":"Feature","properties":{"duration_avg":90.0,"n_vehicles":100,"d":725,"route_I_counts":"{\"24\": 95, \"25\": 4, \"28\": 1}","shape_id":"{\"N..N20R\": 21, \"N..N23R\": 1}","direction_id":"{\"0\": 100}","headsign":"{\"96 St\": 4, \"Astoria-Ditmars Blvd\": 96}","source":403,"target":402,"layer":"L","from":"Avenue U","to":"Kings Hwy"},"geometry":{"type":"LineString","coordinates":[[-73.979137,40.597473],[-73.980353,40.603923]]}},{"type":"Feature","properties":{"shape_id":"{\"N..S20R\": 16}","direction_id":"{\"1\": 106}","headsign":"{\"Coney Island-Stillwell Av\": 106}","duration_avg":240.0,"n_vehicles":106,"d":1721,"route_I_counts":"{\"24\": 106}","source":404,"target":260,"layer":"L","from":"86 St","to":"Coney Island-Stillwell Av"},"geometry":{"type":"LineString","coordinates":[[-73.97823,40.592721],[-73.981233,40.577422]]}},{"type":"Feature","properties":{"duration_avg":60.0,"n_vehicles":100,"d":534,"route_I_counts":"{\"24\": 95, \"25\": 4, \"28\": 1}","shape_id":"{\"N..N20R\": 21, \"N..N23R\": 1}","direction_id":"{\"0\": 100}","headsign":"{\"96 St\": 4, \"Astoria-Ditmars Blvd\": 96}","source":404,"target":403,"layer":"L","from":"86 St","to":"Avenue U"},"geometry":{"type":"LineString","coordinates":[[-73.97823,40.592721],[-73.979137,40.597473]]}},{"type":"Feature","properties":{"shape_id":"{}","direction_id":"{\"1\": 126}","headsign":"{\"Coney Island-Stillwell Av\": 126}","duration_avg":120.0,"n_vehicles":126,"d":815,"route_I_counts":"{\"24\": 4, \"25\": 122}","source":405,"target":406,"layer":"L","from":"96 St","to":"86 St"},"geometry":{"type":"LineString","coordinates":[[-73.947152,40.784318],[-73.951787,40.777891]]}},{"type":"Feature","properties":{"shape_id":"{}","direction_id":"{\"1\": 126}","headsign":"{\"Coney Island-Stillwell Av\": 126}","duration_avg":131.66666666666666,"n_vehicles":126,"d":1156,"route_I_counts":"{\"24\": 4, \"25\": 122}","source":406,"target":407,"layer":"L","from":"86 St","to":"72 St"},"geometry":{"type":"LineString","coordinates":[[-73.951787,40.777891],[-73.958424,40.768799]]}},{"type":"Feature","properties":{"duration_avg":120.0,"n_vehicles":127,"d":815,"route_I_counts":"{\"25\": 127}","shape_id":"{}","direction_id":"{\"0\": 127}","headsign":"{\"96 St\": 127}","source":406,"target":405,"layer":"L","from":"86 St","to":"96 St"},"geometry":{"type":"LineString","coordinates":[[-73.951787,40.777891],[-73.947152,40.784318]]}},{"type":"Feature","properties":{"duration_avg":150.0,"n_vehicles":127,"d":1156,"route_I_counts":"{\"25\": 127}","shape_id":"{}","direction_id":"{\"0\": 127}","headsign":"{\"96 St\": 127}","source":407,"target":406,"layer":"L","from":"72 St","to":"86 St"},"geometry":{"type":"LineString","coordinates":[[-73.958424,40.768799],[-73.951787,40.777891]]}},{"type":"Feature","properties":{"duration_avg":120.0,"n_vehicles":127,"d":797,"route_I_counts":"{\"24\": 4, \"25\": 123}","shape_id":"{}","direction_id":"{\"1\": 127}","headsign":"{\"Coney Island-Stillwell Av\": 127}","source":407,"target":382,"layer":"L","from":"72 St","to":"Lexington Av/59 St"},"geometry":{"type":"LineString","coordinates":[[-73.958424,40.768799],[-73.967258,40.76266]]}},{"type":"Feature","properties":{"shape_id":"{}","direction_id":"{\"1\": 125}","headsign":"{\"Coney Island-Stillwell Av\": 125}","duration_avg":87.36,"n_vehicles":125,"d":545,"route_I_counts":"{\"25\": 125}","source":408,"target":239,"layer":"L","from":"Parkside Av","to":"Church Av"},"geometry":{"type":"LineString","coordinates":[[-73.961495,40.655292],[-73.962982,40.650527]]}},{"type":"Feature","properties":{"duration_avg":90.0,"n_vehicles":120,"d":706,"route_I_counts":"{\"25\": 120}","shape_id":"{}","direction_id":"{\"0\": 120}","headsign":"{\"96 St\": 120}","source":408,"target":238,"layer":"L","from":"Parkside Av","to":"Prospect Park"},"geometry":{"type":"LineString","coordinates":[[-73.961495,40.655292],[-73.962246,40.661614]]}},{"type":"Feature","properties":{"shape_id":"{}","direction_id":"{\"1\": 126}","headsign":"{\"Coney Island-Stillwell Av\": 126}","duration_avg":48.80952380952381,"n_vehicles":126,"d":349,"route_I_counts":"{\"25\": 126}","source":409,"target":410,"layer":"L","from":"Beverley Rd","to":"Cortelyou Rd"},"geometry":{"type":"LineString","coordinates":[[-73.964492,40.644031],[-73.963891,40.640927]]}},{"type":"Feature","properties":{"duration_avg":90.0,"n_vehicles":120,"d":734,"route_I_counts":"{\"25\": 120}","shape_id":"{}","direction_id":"{\"0\": 120}","headsign":"{\"96 St\": 120}","source":409,"target":239,"layer":"L","from":"Beverley Rd","to":"Church Av"},"geometry":{"type":"LineString","coordinates":[[-73.964492,40.644031],[-73.962982,40.650527]]}},{"type":"Feature","properties":{"shape_id":"{}","direction_id":"{\"1\": 126}","headsign":"{\"Coney Island-Stillwell Av\": 126}","duration_avg":92.61904761904762,"n_vehicles":126,"d":657,"route_I_counts":"{\"25\": 126}","source":410,"target":240,"layer":"L","from":"Cortelyou Rd","to":"Newkirk Plaza"},"geometry":{"type":"LineString","coordinates":[[-73.963891,40.640927],[-73.962793,40.635082]]}},{"type":"Feature","properties":{"duration_avg":50.0,"n_vehicles":120,"d":349,"route_I_counts":"{\"25\": 120}","shape_id":"{}","direction_id":"{\"0\": 120}","headsign":"{\"96 St\": 120}","source":410,"target":409,"layer":"L","from":"Cortelyou Rd","to":"Beverley Rd"},"geometry":{"type":"LineString","coordinates":[[-73.963891,40.640927],[-73.964492,40.644031]]}},{"type":"Feature","properties":{"shape_id":"{}","direction_id":"{\"1\": 126}","headsign":"{\"Coney Island-Stillwell Av\": 126}","duration_avg":76.19047619047619,"n_vehicles":126,"d":476,"route_I_counts":"{\"25\": 126}","source":411,"target":412,"layer":"L","from":"Avenue H","to":"Avenue J"},"geometry":{"type":"LineString","coordinates":[[-73.961639,40.62927],[-73.960803,40.625039]]}},{"type":"Feature","properties":{"duration_avg":70.25,"n_vehicles":120,"d":654,"route_I_counts":"{\"25\": 120}","shape_id":"{}","direction_id":"{\"0\": 120}","headsign":"{\"96 St\": 120}","source":411,"target":240,"layer":"L","from":"Avenue H","to":"Newkirk Plaza"},"geometry":{"type":"LineString","coordinates":[[-73.961639,40.62927],[-73.962793,40.635082]]}},{"type":"Feature","properties":{"shape_id":"{}","direction_id":"{\"1\": 126}","headsign":"{\"Coney Island-Stillwell Av\": 126}","duration_avg":103.80952380952381,"n_vehicles":126,"d":834,"route_I_counts":"{\"25\": 126}","source":412,"target":413,"layer":"L","from":"Avenue J","to":"Avenue M"},"geometry":{"type":"LineString","coordinates":[[-73.960803,40.625039],[-73.959399,40.617618]]}},{"type":"Feature","properties":{"duration_avg":79.75,"n_vehicles":120,"d":476,"route_I_counts":"{\"25\": 120}","shape_id":"{}","direction_id":"{\"0\": 120}","headsign":"{\"96 St\": 120}","source":412,"target":411,"layer":"L","from":"Avenue J","to":"Avenue H"},"geometry":{"type":"LineString","coordinates":[[-73.960803,40.625039],[-73.961639,40.62927]]}},{"type":"Feature","properties":{"shape_id":"{}","direction_id":"{\"1\": 126}","headsign":"{\"Coney Island-Stillwell Av\": 126}","duration_avg":141.42857142857142,"n_vehicles":126,"d":1005,"route_I_counts":"{\"25\": 126}","source":413,"target":241,"layer":"L","from":"Avenue M","to":"Kings Hwy"},"geometry":{"type":"LineString","coordinates":[[-73.959399,40.617618],[-73.957734,40.60867]]}},{"type":"Feature","properties":{"duration_avg":100.25,"n_vehicles":120,"d":834,"route_I_counts":"{\"25\": 120}","shape_id":"{}","direction_id":"{\"0\": 120}","headsign":"{\"96 St\": 120}","source":413,"target":412,"layer":"L","from":"Avenue M","to":"Avenue J"},"geometry":{"type":"LineString","coordinates":[[-73.959399,40.617618],[-73.960803,40.625039]]}},{"type":"Feature","properties":{"shape_id":"{}","direction_id":"{\"1\": 127}","headsign":"{\"Coney Island-Stillwell Av\": 127}","duration_avg":60.0,"n_vehicles":127,"d":455,"route_I_counts":"{\"25\": 127}","source":414,"target":415,"layer":"L","from":"Avenue U","to":"Neck Rd"},"geometry":{"type":"LineString","coordinates":[[-73.955929,40.5993],[-73.955161,40.595246]]}},{"type":"Feature","properties":{"duration_avg":135.63025210084032,"n_vehicles":119,"d":1054,"route_I_counts":"{\"25\": 119}","shape_id":"{}","direction_id":"{\"0\": 119}","headsign":"{\"96 St\": 119}","source":414,"target":241,"layer":"L","from":"Avenue U","to":"Kings Hwy"},"geometry":{"type":"LineString","coordinates":[[-73.955929,40.5993],[-73.957734,40.60867]]}},{"type":"Feature","properties":{"shape_id":"{}","direction_id":"{\"1\": 126}","headsign":"{\"Coney Island-Stillwell Av\": 126}","duration_avg":150.0,"n_vehicles":126,"d":933,"route_I_counts":"{\"25\": 126}","source":415,"target":242,"layer":"L","from":"Neck Rd","to":"Sheepshead Bay"},"geometry":{"type":"LineString","coordinates":[[-73.955161,40.595246],[-73.954155,40.586896]]}},{"type":"Feature","properties":{"duration_avg":60.0,"n_vehicles":119,"d":455,"route_I_counts":"{\"25\": 119}","shape_id":"{}","direction_id":"{\"0\": 119}","headsign":"{\"96 St\": 119}","source":415,"target":414,"layer":"L","from":"Neck Rd","to":"Avenue U"},"geometry":{"type":"LineString","coordinates":[[-73.955161,40.595246],[-73.955929,40.5993]]}},{"type":"Feature","properties":{"shape_id":"{}","direction_id":"{\"1\": 128}","headsign":"{\"Coney Island-Stillwell Av\": 128}","duration_avg":120.0,"n_vehicles":128,"d":629,"route_I_counts":"{\"25\": 128}","source":416,"target":312,"layer":"L","from":"Ocean Pkwy","to":"W 8 St-NY Aquarium"},"geometry":{"type":"LineString","coordinates":[[-73.968501,40.576312],[-73.975939,40.576127]]}},{"type":"Feature","properties":{"duration_avg":120.0,"n_vehicles":118,"d":619,"route_I_counts":"{\"25\": 118}","shape_id":"{}","direction_id":"{\"0\": 118}","headsign":"{\"96 St\": 118}","source":416,"target":243,"layer":"L","from":"Ocean Pkwy","to":"Brighton Beach"},"geometry":{"type":"LineString","coordinates":[[-73.968501,40.576312],[-73.961376,40.577621]]}},{"type":"Feature","properties":{"shape_id":"{}","direction_id":"{\"1\": 108}","headsign":"{\"Bay Ridge-95 St\": 108}","duration_avg":85.55555555555556,"n_vehicles":108,"d":608,"route_I_counts":"{\"26\": 108}","source":417,"target":418,"layer":"L","from":"Bay Ridge Av","to":"77 St"},"geometry":{"type":"LineString","coordinates":[[-74.023377,40.634967],[-74.02551,40.629742]]}},{"type":"Feature","properties":{"duration_avg":140.58823529411765,"n_vehicles":102,"d":849,"route_I_counts":"{\"26\": 102}","shape_id":"{\"R..N93R\": 83}","direction_id":"{\"0\": 102}","headsign":"{\"Forest Hills-71 Av\": 83, \"Whitehall St-South Ferry\": 19}","source":417,"target":395,"layer":"L","from":"Bay Ridge Av","to":"59 St"},"geometry":{"type":"LineString","coordinates":[[-74.023377,40.634967],[-74.017881,40.641362]]}},{"type":"Feature","properties":{"shape_id":"{}","direction_id":"{\"1\": 108}","headsign":"{\"Bay Ridge-95 St\": 108}","duration_avg":141.94444444444446,"n_vehicles":108,"d":822,"route_I_counts":"{\"26\": 108}","source":418,"target":419,"layer":"L","from":"77 St","to":"86 St"},"geometry":{"type":"LineString","coordinates":[[-74.02551,40.629742],[-74.028398,40.622687]]}},{"type":"Feature","properties":{"duration_avg":90.0,"n_vehicles":102,"d":608,"route_I_counts":"{\"26\": 102}","shape_id":"{\"R..N93R\": 83}","direction_id":"{\"0\": 102}","headsign":"{\"Forest Hills-71 Av\": 83, \"Whitehall St-South Ferry\": 19}","source":418,"target":417,"layer":"L","from":"77 St","to":"Bay Ridge Av"},"geometry":{"type":"LineString","coordinates":[[-74.02551,40.629742],[-74.023377,40.634967]]}},{"type":"Feature","properties":{"shape_id":"{}","direction_id":"{\"1\": 108}","headsign":"{\"Bay Ridge-95 St\": 108}","duration_avg":120.0,"n_vehicles":108,"d":706,"route_I_counts":"{\"26\": 108}","source":419,"target":420,"layer":"L","from":"86 St","to":"Bay Ridge-95 St"},"geometry":{"type":"LineString","coordinates":[[-74.028398,40.622687],[-74.030876,40.616622]]}},{"type":"Feature","properties":{"duration_avg":130.0,"n_vehicles":102,"d":822,"route_I_counts":"{\"26\": 102}","shape_id":"{\"R..N93R\": 83}","direction_id":"{\"0\": 102}","headsign":"{\"Forest Hills-71 Av\": 83, \"Whitehall St-South Ferry\": 19}","source":419,"target":418,"layer":"L","from":"86 St","to":"77 St"},"geometry":{"type":"LineString","coordinates":[[-74.028398,40.622687],[-74.02551,40.629742]]}},{"type":"Feature","properties":{"duration_avg":115.58823529411765,"n_vehicles":102,"d":706,"route_I_counts":"{\"26\": 102}","shape_id":"{\"R..N93R\": 83}","direction_id":"{\"0\": 102}","headsign":"{\"Forest Hills-71 Av\": 83, \"Whitehall St-South Ferry\": 19}","source":420,"target":419,"layer":"L","from":"Bay Ridge-95 St","to":"86 St"},"geometry":{"type":"LineString","coordinates":[[-74.030876,40.616622],[-74.028398,40.622687]]}}]}