{"type":"FeatureCollection","features":[{"type":"Feature","geometry":{"type":"Point","coordinates":[16.451782,48.277555]},"properties":{"name":"Leopoldau","original_ids":"[3913, 3912]","id":0,"layer":"stop"}},{"type":"Feature","geometry":{"type":"Point","coordinates":[16.44782,48.271008]},"properties":{"name":"Großfeldsiedlung","original_ids":"[2118, 2117]","id":1,"layer":"stop"}},{"type":"Feature","geometry":{"type":"Point","coordinates":[16.451557,48.263414]},"properties":{"name":"Aderklaaer Straße","original_ids":"[2113, 2112]","id":2,"layer":"stop"}},{"type":"Feature","geometry":{"type":"Point","coordinates":[16.449554,48.257589]},"properties":{"name":"Rennbahnweg","original_ids":"[2124, 2122]","id":3,"layer":"stop"}},{"type":"Feature","geometry":{"type":"Point","coordinates":[16.443356,48.250424]},"properties":{"name":"Kagraner Platz","original_ids":"[3562, 3560]","id":4,"layer":"stop"}},{"type":"Feature","geometry":{"type":"Point","coordinates":[16.433151,48.243281]},"properties":{"name":"Kagran","original_ids":"[3539, 3533]","id":5,"layer":"stop"}},{"type":"Feature","geometry":{"type":"Point","coordinates":[16.42459,48.238208]},"properties":{"name":"Alte Donau","original_ids":"[2586, 2590]","id":6,"layer":"stop"}},{"type":"Feature","geometry":{"type":"Point","coordinates":[16.416263,48.232799]},"properties":{"name":"Kaisermühlen-VIC","original_ids":"[3585, 3587]","id":7,"layer":"stop"}},{"type":"Feature","geometry":{"type":"Point","coordinates":[16.411286,48.229256]},"properties":{"name":"Donauinsel","original_ids":"[2344, 2345]","id":8,"layer":"stop"}},{"type":"Feature","geometry":{"type":"Point","coordinates":[16.401144,48.223709]},"properties":{"name":"Vorgartenstraße","original_ids":"[1257, 1260]","id":9,"layer":"stop"}},{"type":"Feature","geometry":{"type":"Point","coordinates":[16.391577,48.219106]},"properties":{"name":"Praterstern","original_ids":"[180, 179, 189, 182]","id":10,"layer":"stop"}},{"type":"Feature","geometry":{"type":"Point","coordinates":[16.385486,48.215317]},"properties":{"name":"Nestroyplatz","original_ids":"[4272, 4274]","id":11,"layer":"stop"}},{"type":"Feature","geometry":{"type":"Point","coordinates":[16.378075,48.211929]},"properties":{"name":"Schwedenplatz","original_ids":"[648, 655, 653, 661]","id":12,"layer":"stop"}},{"type":"Feature","geometry":{"type":"Point","coordinates":[16.371554,48.20811]},"properties":{"name":"Stephansplatz","original_ids":"[955, 959, 956, 958]","id":13,"layer":"stop"}},{"type":"Feature","geometry":{"type":"Point","coordinates":[16.368993,48.201231]},"properties":{"name":"Karlsplatz","original_ids":"[3636, 3632, 3627, 3630, 3631, 3637]","id":14,"layer":"stop"}},{"type":"Feature","geometry":{"type":"Point","coordinates":[16.370296,48.193788]},"properties":{"name":"Taubstummengasse","original_ids":"[1069, 1072]","id":15,"layer":"stop"}},{"type":"Feature","geometry":{"type":"Point","coordinates":[16.373503,48.187188]},"properties":{"name":"Südtiroler Pl. - Hbf.","original_ids":"[1028, 1034]","id":16,"layer":"stop"}},{"type":"Feature","geometry":{"type":"Point","coordinates":[16.376117,48.179258]},"properties":{"name":"Keplerplatz","original_ids":"[3661, 3663]","id":17,"layer":"stop"}},{"type":"Feature","geometry":{"type":"Point","coordinates":[16.377896,48.174855]},"properties":{"name":"Reumannplatz","original_ids":"[357, 365]","id":18,"layer":"stop"}},{"type":"Feature","geometry":{"type":"Point","coordinates":[16.380474,48.168445]},"properties":{"name":"Troststraße","original_ids":"[1615, 1614]","id":19,"layer":"stop"}},{"type":"Feature","geometry":{"type":"Point","coordinates":[16.38351,48.161782]},"properties":{"name":"Altes Landgut","original_ids":"[2628, 2629]","id":20,"layer":"stop"}},{"type":"Feature","geometry":{"type":"Point","coordinates":[16.382306,48.153693]},"properties":{"name":"Alaudagasse","original_ids":"[1155, 1154]","id":21,"layer":"stop"}},{"type":"Feature","geometry":{"type":"Point","coordinates":[16.386124,48.145805]},"properties":{"name":"Neulaa","original_ids":"[1387, 1386]","id":22,"layer":"stop"}},{"type":"Feature","geometry":{"type":"Point","coordinates":[16.400255,48.142161]},"properties":{"name":"Oberlaa","original_ids":"[4352, 4351]","id":23,"layer":"stop"}},{"type":"Feature","geometry":{"type":"Point","coordinates":[16.361061,48.202913]},"properties":{"name":"Museumsquartier","original_ids":"[4083, 4084]","id":24,"layer":"stop"}},{"type":"Feature","geometry":{"type":"Point","coordinates":[16.358088,48.205116]},"properties":{"name":"Volkstheater","original_ids":"[1248, 1244, 1249, 1246]","id":25,"layer":"stop"}},{"type":"Feature","geometry":{"type":"Point","coordinates":[16.35542,48.209864]},"properties":{"name":"Rathaus","original_ids":"[288, 287]","id":26,"layer":"stop"}},{"type":"Feature","geometry":{"type":"Point","coordinates":[16.362894,48.215024]},"properties":{"name":"Schottentor","original_ids":"[604, 598]","id":27,"layer":"stop"}},{"type":"Feature","geometry":{"type":"Point","coordinates":[16.372263,48.217251]},"properties":{"name":"Schottenring","original_ids":"[587, 583, 588, 591]","id":28,"layer":"stop"}},{"type":"Feature","geometry":{"type":"Point","coordinates":[16.381372,48.219166]},"properties":{"name":"Taborstraße","original_ids":"[2183, 2179]","id":29,"layer":"stop"}},{"type":"Feature","geometry":{"type":"Point","coordinates":[16.404989,48.217741]},"properties":{"name":"Messe-Prater","original_ids":"[2184, 2187]","id":30,"layer":"stop"}},{"type":"Feature","geometry":{"type":"Point","coordinates":[16.41372,48.214659]},"properties":{"name":"Krieau","original_ids":"[2191, 2192]","id":31,"layer":"stop"}},{"type":"Feature","geometry":{"type":"Point","coordinates":[16.42017,48.210816]},"properties":{"name":"Stadion","original_ids":"[2193, 2196]","id":32,"layer":"stop"}},{"type":"Feature","geometry":{"type":"Point","coordinates":[16.431318,48.206218]},"properties":{"name":"Donaumarina","original_ids":"[2488, 2490]","id":33,"layer":"stop"}},{"type":"Feature","geometry":{"type":"Point","coordinates":[16.439996,48.211654]},"properties":{"name":"Donaustadtbrücke","original_ids":"[2522, 2526]","id":34,"layer":"stop"}},{"type":"Feature","geometry":{"type":"Point","coordinates":[16.449078,48.219573]},"properties":{"name":"Stadlau","original_ids":"[900, 897]","id":35,"layer":"stop"}},{"type":"Feature","geometry":{"type":"Point","coordinates":[16.457172,48.220938]},"properties":{"name":"Hardeggasse","original_ids":"[3055, 3052]","id":36,"layer":"stop"}},{"type":"Feature","geometry":{"type":"Point","coordinates":[16.465607,48.219513]},"properties":{"name":"Donauspital","original_ids":"[860, 857]","id":37,"layer":"stop"}},{"type":"Feature","geometry":{"type":"Point","coordinates":[16.474941,48.222577]},"properties":{"name":"Aspernstraße","original_ids":"[2561, 2555]","id":38,"layer":"stop"}},{"type":"Feature","geometry":{"type":"Point","coordinates":[16.485684,48.233409]},"properties":{"name":"Hausfeldstraße","original_ids":"[3094, 3098]","id":39,"layer":"stop"}},{"type":"Feature","geometry":{"type":"Point","coordinates":[16.504747,48.234492]},"properties":{"name":"Aspern Nord","original_ids":"[4256, 4259]","id":40,"layer":"stop"}},{"type":"Feature","geometry":{"type":"Point","coordinates":[16.508331,48.226126]},"properties":{"name":"Seestadt","original_ids":"[4338, 4340]","id":41,"layer":"stop"}},{"type":"Feature","geometry":{"type":"Point","coordinates":[16.419577,48.170542]},"properties":{"name":"Simmering","original_ids":"[818, 813]","id":42,"layer":"stop"}},{"type":"Feature","geometry":{"type":"Point","coordinates":[16.414789,48.174748]},"properties":{"name":"Enkplatz","original_ids":"[2907, 2902]","id":43,"layer":"stop"}},{"type":"Feature","geometry":{"type":"Point","coordinates":[16.41196,48.180253]},"properties":{"name":"Zippererstraße","original_ids":"[2844, 2847]","id":44,"layer":"stop"}},{"type":"Feature","geometry":{"type":"Point","coordinates":[16.417287,48.184835]},"properties":{"name":"Gasometer","original_ids":"[1953, 1955]","id":45,"layer":"stop"}},{"type":"Feature","geometry":{"type":"Point","coordinates":[16.414223,48.191428]},"properties":{"name":"Erdberg","original_ids":"[2510, 2512]","id":46,"layer":"stop"}},{"type":"Feature","geometry":{"type":"Point","coordinates":[16.406723,48.194495]},"properties":{"name":"Schlachthausgasse","original_ids":"[667, 664]","id":47,"layer":"stop"}},{"type":"Feature","geometry":{"type":"Point","coordinates":[16.400587,48.197213]},"properties":{"name":"Kardinal-Nagl-Platz","original_ids":"[3618, 3620]","id":48,"layer":"stop"}},{"type":"Feature","geometry":{"type":"Point","coordinates":[16.39164,48.202452]},"properties":{"name":"Rochusgasse","original_ids":"[389, 393]","id":49,"layer":"stop"}},{"type":"Feature","geometry":{"type":"Point","coordinates":[16.385612,48.205829]},"properties":{"name":"Landstraße","original_ids":"[3839, 3835, 3836, 3838]","id":50,"layer":"stop"}},{"type":"Feature","geometry":{"type":"Point","coordinates":[16.379279,48.20699]},"properties":{"name":"Stubentor","original_ids":"[2383, 2380]","id":51,"layer":"stop"}},{"type":"Feature","geometry":{"type":"Point","coordinates":[16.365113,48.209367]},"properties":{"name":"Herrengasse","original_ids":"[3163, 3164]","id":52,"layer":"stop"}},{"type":"Feature","geometry":{"type":"Point","coordinates":[16.352464,48.199243]},"properties":{"name":"Neubaugasse","original_ids":"[3327, 3328]","id":53,"layer":"stop"}},{"type":"Feature","geometry":{"type":"Point","coordinates":[16.34623,48.197195]},"properties":{"name":"Zieglergasse","original_ids":"[1526, 1527]","id":54,"layer":"stop"}},{"type":"Feature","geometry":{"type":"Point","coordinates":[16.338433,48.19589]},"properties":{"name":"Westbahnhof","original_ids":"[1348, 1344, 1346, 1343]","id":55,"layer":"stop"}},{"type":"Feature","geometry":{"type":"Point","coordinates":[16.328623,48.197746]},"properties":{"name":"Schweglerstraße","original_ids":"[677, 681]","id":56,"layer":"stop"}},{"type":"Feature","geometry":{"type":"Point","coordinates":[16.320071,48.197686]},"properties":{"name":"Johnstraße","original_ids":"[3468, 3465]","id":57,"layer":"stop"}},{"type":"Feature","geometry":{"type":"Point","coordinates":[16.311456,48.199818]},"properties":{"name":"Hütteldorfer Straße","original_ids":"[167, 164]","id":58,"layer":"stop"}},{"type":"Feature","geometry":{"type":"Point","coordinates":[16.309219,48.204566]},"properties":{"name":"Kendlerstraße","original_ids":"[941, 943]","id":59,"layer":"stop"}},{"type":"Feature","geometry":{"type":"Point","coordinates":[16.311591,48.211552]},"properties":{"name":"Ottakring","original_ids":"[4462, 4467]","id":60,"layer":"stop"}},{"type":"Feature","geometry":{"type":"Point","coordinates":[16.260719,48.196944]},"properties":{"name":"Hütteldorf","original_ids":"[3330, 3332]","id":61,"layer":"stop"}},{"type":"Feature","geometry":{"type":"Point","coordinates":[16.276072,48.192213]},"properties":{"name":"Ober St. Veit","original_ids":"[4381, 4379]","id":62,"layer":"stop"}},{"type":"Feature","geometry":{"type":"Point","coordinates":[16.286232,48.191057]},"properties":{"name":"Unter St. Veit","original_ids":"[1168, 1167]","id":63,"layer":"stop"}},{"type":"Feature","geometry":{"type":"Point","coordinates":[16.295817,48.18935]},"properties":{"name":"Braunschweiggasse","original_ids":"[1685, 1684]","id":64,"layer":"stop"}},{"type":"Feature","geometry":{"type":"Point","coordinates":[16.304809,48.187518]},"properties":{"name":"Hietzing","original_ids":"[3216, 3211]","id":65,"layer":"stop"}},{"type":"Feature","geometry":{"type":"Point","coordinates":[16.318876,48.186026]},"properties":{"name":"Schönbrunn","original_ids":"[707, 705]","id":66,"layer":"stop"}},{"type":"Feature","geometry":{"type":"Point","coordinates":[16.32785,48.183613]},"properties":{"name":"Meidling Hauptstraße","original_ids":"[4167, 4162]","id":67,"layer":"stop"}},{"type":"Feature","geometry":{"type":"Point","coordinates":[16.335028,48.184829]},"properties":{"name":"Längenfeldgasse","original_ids":"[4055, 4051, 4048, 4054]","id":68,"layer":"stop"}},{"type":"Feature","geometry":{"type":"Point","coordinates":[16.343059,48.188464]},"properties":{"name":"Margaretengürtel","original_ids":"[4069, 4067]","id":69,"layer":"stop"}},{"type":"Feature","geometry":{"type":"Point","coordinates":[16.354342,48.192147]},"properties":{"name":"Pilgramgasse","original_ids":"[122, 119]","id":70,"layer":"stop"}},{"type":"Feature","geometry":{"type":"Point","coordinates":[16.358097,48.196608]},"properties":{"name":"Kettenbrückengasse","original_ids":"[3679, 3676]","id":71,"layer":"stop"}},{"type":"Feature","geometry":{"type":"Point","coordinates":[16.379746,48.202805]},"properties":{"name":"Stadtpark","original_ids":"[915, 913]","id":72,"layer":"stop"}},{"type":"Feature","geometry":{"type":"Point","coordinates":[16.367619,48.222356]},"properties":{"name":"Roßauer Lände","original_ids":"[446, 445]","id":73,"layer":"stop"}},{"type":"Feature","geometry":{"type":"Point","coordinates":[16.364358,48.227569]},"properties":{"name":"Friedensbrücke","original_ids":"[2711, 2709]","id":74,"layer":"stop"}},{"type":"Feature","geometry":{"type":"Point","coordinates":[16.3586,48.234863]},"properties":{"name":"Spittelau","original_ids":"[253, 257, 255, 252]","id":75,"layer":"stop"}},{"type":"Feature","geometry":{"type":"Point","coordinates":[16.36611,48.248845]},"properties":{"name":"Heiligenstadt","original_ids":"[3109, 3112]","id":76,"layer":"stop"}},{"type":"Feature","geometry":{"type":"Point","coordinates":[16.400407,48.25622]},"properties":{"name":"Floridsdorf","original_ids":"[2649, 2646]","id":77,"layer":"stop"}},{"type":"Feature","geometry":{"type":"Point","coordinates":[16.394793,48.246416]},"properties":{"name":"Neue Donau","original_ids":"[1803, 1805]","id":78,"layer":"stop"}},{"type":"Feature","geometry":{"type":"Point","coordinates":[16.385648,48.241887]},"properties":{"name":"Handelskai","original_ids":"[1877, 1880]","id":79,"layer":"stop"}},{"type":"Feature","geometry":{"type":"Point","coordinates":[16.380043,48.23725]},"properties":{"name":"Dresdner Straße","original_ids":"[3135, 3139]","id":80,"layer":"stop"}},{"type":"Feature","geometry":{"type":"Point","coordinates":[16.368697,48.235252]},"properties":{"name":"Jägerstraße","original_ids":"[1797, 1801]","id":81,"layer":"stop"}},{"type":"Feature","geometry":{"type":"Point","coordinates":[16.352348,48.231333]},"properties":{"name":"Nußdorfer Straße","original_ids":"[4363, 4361]","id":82,"layer":"stop"}},{"type":"Feature","geometry":{"type":"Point","coordinates":[16.349491,48.225678]},"properties":{"name":"Währinger Str.-Volksoper","original_ids":"[1477, 1470]","id":83,"layer":"stop"}},{"type":"Feature","geometry":{"type":"Point","coordinates":[16.34429,48.221315]},"properties":{"name":"Michelbeuern-AKH","original_ids":"[4187, 4190]","id":84,"layer":"stop"}},{"type":"Feature","geometry":{"type":"Point","coordinates":[16.341756,48.216838]},"properties":{"name":"Alser Straße","original_ids":"[2448, 2451]","id":85,"layer":"stop"}},{"type":"Feature","geometry":{"type":"Point","coordinates":[16.339142,48.21169]},"properties":{"name":"Josefstädter Straße","original_ids":"[3499, 3504]","id":86,"layer":"stop"}},{"type":"Feature","geometry":{"type":"Point","coordinates":[16.337876,48.207679]},"properties":{"name":"Thaliastraße","original_ids":"[1083, 1087]","id":87,"layer":"stop"}},{"type":"Feature","geometry":{"type":"Point","coordinates":[16.337148,48.203284]},"properties":{"name":"Burggasse-Stadthalle","original_ids":"[2153, 2150]","id":88,"layer":"stop"}},{"type":"Feature","geometry":{"type":"Point","coordinates":[16.337534,48.19083]},"properties":{"name":"Gumpendorfer Straße","original_ids":"[2942, 2950]","id":89,"layer":"stop"}},{"type":"Feature","geometry":{"type":"Point","coordinates":[16.331129,48.180816]},"properties":{"name":"Niederhofstraße","original_ids":"[4319, 4322]","id":90,"layer":"stop"}},{"type":"Feature","geometry":{"type":"Point","coordinates":[16.331354,48.173514]},"properties":{"name":"Meidling","original_ids":"[109, 105]","id":91,"layer":"stop"}},{"type":"Feature","geometry":{"type":"Point","coordinates":[16.327482,48.164766]},"properties":{"name":"Tscherttegasse","original_ids":"[1134, 1133]","id":92,"layer":"stop"}},{"type":"Feature","geometry":{"type":"Point","coordinates":[16.324428,48.161057]},"properties":{"name":"Am Schöpfwerk","original_ids":"[3075, 3077]","id":93,"layer":"stop"}},{"type":"Feature","geometry":{"type":"Point","coordinates":[16.31681,48.15072]},"properties":{"name":"Alterlaa","original_ids":"[1435, 1440]","id":94,"layer":"stop"}},{"type":"Feature","geometry":{"type":"Point","coordinates":[16.316496,48.142299]},"properties":{"name":"Erlaaer Straße","original_ids":"[2494, 2495]","id":95,"layer":"stop"}},{"type":"Feature","geometry":{"type":"Point","coordinates":[16.31345,48.136969]},"properties":{"name":"Perfektastraße","original_ids":"[81, 84]","id":96,"layer":"stop"}},{"type":"Feature","geometry":{"type":"Point","coordinates":[16.309696,48.130135]},"properties":{"name":"Siebenhirten","original_ids":"[755, 757]","id":97,"layer":"stop"}},{"type":"Feature","properties":{"shape_id":"{\"21-U1-Y-j20-1.5.R\": 128, \"21-U1-Y-j20-1.6.R\": 122, \"21-U1-j20-1.5.R\": 128, \"21-U1-j20-1.6.R\": 122}","direction_id":"{\"1\": 500}","headsign":"{\"Wien Alaudagasse\": 244, \"Wien Oberlaa\": 256}","duration_avg":120.0,"n_vehicles":500,"d":785,"route_I_counts":"{\"2\": 250, \"3\": 250}","source":0,"target":1,"layer":"L","from":"Leopoldau","to":"Großfeldsiedlung"},"geometry":{"type":"LineString","coordinates":[[16.451782,48.277555],[16.44782,48.271008]]}},{"type":"Feature","properties":{"shape_id":"{\"21-U1-Y-j20-1.5.R\": 128, \"21-U1-Y-j20-1.6.R\": 121, \"21-U1-j20-1.5.R\": 128, \"21-U1-j20-1.6.R\": 121}","direction_id":"{\"1\": 498}","headsign":"{\"Wien Alaudagasse\": 242, \"Wien Oberlaa\": 256}","duration_avg":60.0,"n_vehicles":498,"d":889,"route_I_counts":"{\"2\": 249, \"3\": 249}","source":1,"target":2,"layer":"L","from":"Großfeldsiedlung","to":"Aderklaaer Straße"},"geometry":{"type":"LineString","coordinates":[[16.44782,48.271008],[16.451557,48.263414]]}},{"type":"Feature","properties":{"duration_avg":120.0,"n_vehicles":491,"d":773,"route_I_counts":"{\"2\": 245, \"3\": 246}","shape_id":"{\"21-U1-Y-j20-1.1.H\": 125, \"21-U1-Y-j20-1.2.H\": 4, \"21-U1-Y-j20-1.3.H\": 115, \"21-U1-Y-j20-1.4.H\": 2, \"21-U1-j20-1.1.H\": 124, \"21-U1-j20-1.2.H\": 4, \"21-U1-j20-1.3.H\": 115, \"21-U1-j20-1.4.H\": 2}","direction_id":"{\"0\": 491}","headsign":"{\"Wien Leopoldau\": 491}","source":1,"target":0,"layer":"L","from":"Großfeldsiedlung","to":"Leopoldau"},"geometry":{"type":"LineString","coordinates":[[16.44782,48.271008],[16.451782,48.277555]]}},{"type":"Feature","properties":{"shape_id":"{\"21-U1-Y-j20-1.5.R\": 128, \"21-U1-Y-j20-1.6.R\": 121, \"21-U1-j20-1.5.R\": 128, \"21-U1-j20-1.6.R\": 121}","direction_id":"{\"1\": 498}","headsign":"{\"Wien Alaudagasse\": 242, \"Wien Oberlaa\": 256}","duration_avg":60.0,"n_vehicles":498,"d":665,"route_I_counts":"{\"2\": 249, \"3\": 249}","source":2,"target":3,"layer":"L","from":"Aderklaaer Straße","to":"Rennbahnweg"},"geometry":{"type":"LineString","coordinates":[[16.451557,48.263414],[16.449554,48.257589]]}},{"type":"Feature","properties":{"duration_avg":60.0,"n_vehicles":493,"d":892,"route_I_counts":"{\"2\": 246, \"3\": 247}","shape_id":"{\"21-U1-Y-j20-1.1.H\": 126, \"21-U1-Y-j20-1.2.H\": 4, \"21-U1-Y-j20-1.3.H\": 115, \"21-U1-Y-j20-1.4.H\": 2, \"21-U1-j20-1.1.H\": 125, \"21-U1-j20-1.2.H\": 4, \"21-U1-j20-1.3.H\": 115, \"21-U1-j20-1.4.H\": 2}","direction_id":"{\"0\": 493}","headsign":"{\"Wien Leopoldau\": 493}","source":2,"target":1,"layer":"L","from":"Aderklaaer Straße","to":"Großfeldsiedlung"},"geometry":{"type":"LineString","coordinates":[[16.451557,48.263414],[16.44782,48.271008]]}},{"type":"Feature","properties":{"shape_id":"{\"21-U1-Y-j20-1.5.R\": 128, \"21-U1-Y-j20-1.6.R\": 121, \"21-U1-j20-1.5.R\": 128, \"21-U1-j20-1.6.R\": 121}","direction_id":"{\"1\": 498}","headsign":"{\"Wien Alaudagasse\": 242, \"Wien Oberlaa\": 256}","duration_avg":120.0,"n_vehicles":498,"d":920,"route_I_counts":"{\"2\": 249, \"3\": 249}","source":3,"target":4,"layer":"L","from":"Rennbahnweg","to":"Kagraner Platz"},"geometry":{"type":"LineString","coordinates":[[16.449554,48.257589],[16.443356,48.250424]]}},{"type":"Feature","properties":{"duration_avg":60.0,"n_vehicles":493,"d":668,"route_I_counts":"{\"2\": 246, \"3\": 247}","shape_id":"{\"21-U1-Y-j20-1.1.H\": 126, \"21-U1-Y-j20-1.2.H\": 4, \"21-U1-Y-j20-1.3.H\": 115, \"21-U1-Y-j20-1.4.H\": 2, \"21-U1-j20-1.1.H\": 125, \"21-U1-j20-1.2.H\": 4, \"21-U1-j20-1.3.H\": 115, \"21-U1-j20-1.4.H\": 2}","direction_id":"{\"0\": 493}","headsign":"{\"Wien Leopoldau\": 493}","source":3,"target":2,"layer":"L","from":"Rennbahnweg","to":"Aderklaaer Straße"},"geometry":{"type":"LineString","coordinates":[[16.449554,48.257589],[16.451557,48.263414]]}},{"type":"Feature","properties":{"shape_id":"{\"21-U1-Y-j20-1.5.R\": 128, \"21-U1-Y-j20-1.6.R\": 121, \"21-U1-j20-1.5.R\": 128, \"21-U1-j20-1.6.R\": 121}","direction_id":"{\"1\": 498}","headsign":"{\"Wien Alaudagasse\": 242, \"Wien Oberlaa\": 256}","duration_avg":120.0,"n_vehicles":498,"d":1097,"route_I_counts":"{\"2\": 249, \"3\": 249}","source":4,"target":5,"layer":"L","from":"Kagraner Platz","to":"Kagran"},"geometry":{"type":"LineString","coordinates":[[16.443356,48.250424],[16.433151,48.243281]]}},{"type":"Feature","properties":{"duration_avg":120.0,"n_vehicles":493,"d":919,"route_I_counts":"{\"2\": 246, \"3\": 247}","shape_id":"{\"21-U1-Y-j20-1.1.H\": 126, \"21-U1-Y-j20-1.2.H\": 4, \"21-U1-Y-j20-1.3.H\": 115, \"21-U1-Y-j20-1.4.H\": 2, \"21-U1-j20-1.1.H\": 125, \"21-U1-j20-1.2.H\": 4, \"21-U1-j20-1.3.H\": 115, \"21-U1-j20-1.4.H\": 2}","direction_id":"{\"0\": 493}","headsign":"{\"Wien Leopoldau\": 493}","source":4,"target":3,"layer":"L","from":"Kagraner Platz","to":"Rennbahnweg"},"geometry":{"type":"LineString","coordinates":[[16.443356,48.250424],[16.449554,48.257589]]}},{"type":"Feature","properties":{"shape_id":"{\"21-U1-Y-j20-1.5.R\": 128, \"21-U1-Y-j20-1.6.R\": 121, \"21-U1-j20-1.5.R\": 128, \"21-U1-j20-1.6.R\": 121}","direction_id":"{\"1\": 498}","headsign":"{\"Wien Alaudagasse\": 242, \"Wien Oberlaa\": 256}","duration_avg":60.0,"n_vehicles":498,"d":849,"route_I_counts":"{\"2\": 249, \"3\": 249}","source":5,"target":6,"layer":"L","from":"Kagran","to":"Alte Donau"},"geometry":{"type":"LineString","coordinates":[[16.433151,48.243281],[16.42459,48.238208]]}},{"type":"Feature","properties":{"duration_avg":120.0,"n_vehicles":493,"d":1100,"route_I_counts":"{\"2\": 246, \"3\": 247}","shape_id":"{\"21-U1-Y-j20-1.1.H\": 126, \"21-U1-Y-j20-1.2.H\": 4, \"21-U1-Y-j20-1.3.H\": 115, \"21-U1-Y-j20-1.4.H\": 2, \"21-U1-j20-1.1.H\": 125, \"21-U1-j20-1.2.H\": 4, \"21-U1-j20-1.3.H\": 115, \"21-U1-j20-1.4.H\": 2}","direction_id":"{\"0\": 493}","headsign":"{\"Wien Leopoldau\": 493}","source":5,"target":4,"layer":"L","from":"Kagran","to":"Kagraner Platz"},"geometry":{"type":"LineString","coordinates":[[16.433151,48.243281],[16.443356,48.250424]]}},{"type":"Feature","properties":{"shape_id":"{\"21-U1-Y-j20-1.5.R\": 127, \"21-U1-Y-j20-1.6.R\": 121, \"21-U1-j20-1.5.R\": 127, \"21-U1-j20-1.6.R\": 121}","direction_id":"{\"1\": 496}","headsign":"{\"Wien Alaudagasse\": 242, \"Wien Oberlaa\": 254}","duration_avg":120.0,"n_vehicles":496,"d":862,"route_I_counts":"{\"2\": 248, \"3\": 248}","source":6,"target":7,"layer":"L","from":"Alte Donau","to":"Kaisermühlen-VIC"},"geometry":{"type":"LineString","coordinates":[[16.42459,48.238208],[16.416263,48.232799]]}},{"type":"Feature","properties":{"duration_avg":60.0,"n_vehicles":493,"d":850,"route_I_counts":"{\"2\": 246, \"3\": 247}","shape_id":"{\"21-U1-Y-j20-1.1.H\": 126, \"21-U1-Y-j20-1.2.H\": 4, \"21-U1-Y-j20-1.3.H\": 115, \"21-U1-Y-j20-1.4.H\": 2, \"21-U1-j20-1.1.H\": 125, \"21-U1-j20-1.2.H\": 4, \"21-U1-j20-1.3.H\": 115, \"21-U1-j20-1.4.H\": 2}","direction_id":"{\"0\": 493}","headsign":"{\"Wien Leopoldau\": 493}","source":6,"target":5,"layer":"L","from":"Alte Donau","to":"Kagran"},"geometry":{"type":"LineString","coordinates":[[16.42459,48.238208],[16.433151,48.243281]]}},{"type":"Feature","properties":{"shape_id":"{\"21-U1-Y-j20-1.5.R\": 127, \"21-U1-Y-j20-1.6.R\": 121, \"21-U1-j20-1.5.R\": 127, \"21-U1-j20-1.6.R\": 121}","direction_id":"{\"1\": 496}","headsign":"{\"Wien Alaudagasse\": 242, \"Wien Oberlaa\": 254}","duration_avg":60.0,"n_vehicles":496,"d":540,"route_I_counts":"{\"2\": 248, \"3\": 248}","source":7,"target":8,"layer":"L","from":"Kaisermühlen-VIC","to":"Donauinsel"},"geometry":{"type":"LineString","coordinates":[[16.416263,48.232799],[16.411286,48.229256]]}},{"type":"Feature","properties":{"duration_avg":120.0,"n_vehicles":495,"d":863,"route_I_counts":"{\"2\": 247, \"3\": 248}","shape_id":"{\"21-U1-Y-j20-1.1.H\": 126, \"21-U1-Y-j20-1.2.H\": 4, \"21-U1-Y-j20-1.3.H\": 116, \"21-U1-Y-j20-1.4.H\": 2, \"21-U1-j20-1.1.H\": 125, \"21-U1-j20-1.2.H\": 4, \"21-U1-j20-1.3.H\": 116, \"21-U1-j20-1.4.H\": 2}","direction_id":"{\"0\": 495}","headsign":"{\"Wien Leopoldau\": 495}","source":7,"target":6,"layer":"L","from":"Kaisermühlen-VIC","to":"Alte Donau"},"geometry":{"type":"LineString","coordinates":[[16.416263,48.232799],[16.42459,48.238208]]}},{"type":"Feature","properties":{"shape_id":"{\"21-U1-Y-j20-1.5.R\": 127, \"21-U1-Y-j20-1.6.R\": 121, \"21-U1-j20-1.5.R\": 127, \"21-U1-j20-1.6.R\": 121}","direction_id":"{\"1\": 496}","headsign":"{\"Wien Alaudagasse\": 242, \"Wien Oberlaa\": 254}","duration_avg":120.0,"n_vehicles":496,"d":973,"route_I_counts":"{\"2\": 248, \"3\": 248}","source":8,"target":9,"layer":"L","from":"Donauinsel","to":"Vorgartenstraße"},"geometry":{"type":"LineString","coordinates":[[16.411286,48.229256],[16.401144,48.223709]]}},{"type":"Feature","properties":{"duration_avg":60.0,"n_vehicles":495,"d":539,"route_I_counts":"{\"2\": 247, \"3\": 248}","shape_id":"{\"21-U1-Y-j20-1.1.H\": 126, \"21-U1-Y-j20-1.2.H\": 4, \"21-U1-Y-j20-1.3.H\": 116, \"21-U1-Y-j20-1.4.H\": 2, \"21-U1-j20-1.1.H\": 125, \"21-U1-j20-1.2.H\": 4, \"21-U1-j20-1.3.H\": 116, \"21-U1-j20-1.4.H\": 2}","direction_id":"{\"0\": 495}","headsign":"{\"Wien Leopoldau\": 495}","source":8,"target":7,"layer":"L","from":"Donauinsel","to":"Kaisermühlen-VIC"},"geometry":{"type":"LineString","coordinates":[[16.411286,48.229256],[16.416263,48.232799]]}},{"type":"Feature","properties":{"shape_id":"{\"21-U1-Y-j20-1.5.R\": 127, \"21-U1-Y-j20-1.6.R\": 121, \"21-U1-j20-1.5.R\": 127, \"21-U1-j20-1.6.R\": 121}","direction_id":"{\"1\": 496}","headsign":"{\"Wien Alaudagasse\": 242, \"Wien Oberlaa\": 254}","duration_avg":60.0,"n_vehicles":496,"d":875,"route_I_counts":"{\"2\": 248, \"3\": 248}","source":9,"target":10,"layer":"L","from":"Vorgartenstraße","to":"Praterstern"},"geometry":{"type":"LineString","coordinates":[[16.401144,48.223709],[16.391577,48.219106]]}},{"type":"Feature","properties":{"duration_avg":120.0,"n_vehicles":495,"d":972,"route_I_counts":"{\"2\": 247, \"3\": 248}","shape_id":"{\"21-U1-Y-j20-1.1.H\": 126, \"21-U1-Y-j20-1.2.H\": 4, \"21-U1-Y-j20-1.3.H\": 116, \"21-U1-Y-j20-1.4.H\": 2, \"21-U1-j20-1.1.H\": 125, \"21-U1-j20-1.2.H\": 4, \"21-U1-j20-1.3.H\": 116, \"21-U1-j20-1.4.H\": 2}","direction_id":"{\"0\": 495}","headsign":"{\"Wien Leopoldau\": 495}","source":9,"target":8,"layer":"L","from":"Vorgartenstraße","to":"Donauinsel"},"geometry":{"type":"LineString","coordinates":[[16.401144,48.223709],[16.411286,48.229256]]}},{"type":"Feature","properties":{"shape_id":"{\"21-U1-Y-j20-1.5.R\": 127, \"21-U1-Y-j20-1.6.R\": 121, \"21-U1-j20-1.5.R\": 127, \"21-U1-j20-1.6.R\": 121}","direction_id":"{\"1\": 496}","headsign":"{\"Wien Alaudagasse\": 242, \"Wien Oberlaa\": 254}","duration_avg":60.0,"n_vehicles":496,"d":618,"route_I_counts":"{\"2\": 248, \"3\": 248}","source":10,"target":11,"layer":"L","from":"Praterstern","to":"Nestroyplatz"},"geometry":{"type":"LineString","coordinates":[[16.391577,48.219106],[16.385486,48.215317]]}},{"type":"Feature","properties":{"duration_avg":120.0,"n_vehicles":404,"d":868,"route_I_counts":"{\"4\": 202, \"5\": 202}","shape_id":"{\"21-U2-Y-j20-1.4.R\": 119, \"21-U2-Y-j20-1.6.R\": 83, \"21-U2-j20-1.5.R\": 119, \"21-U2-j20-1.7.R\": 83}","direction_id":"{\"1\": 404}","headsign":"{\"Wien Aspernstraße\": 166, \"Wien Seestadt\": 238}","source":10,"target":30,"layer":"L","from":"Praterstern","to":"Messe-Prater"},"geometry":{"type":"LineString","coordinates":[[16.391577,48.219106],[16.404989,48.217741]]}},{"type":"Feature","properties":{"duration_avg":120.0,"n_vehicles":408,"d":894,"route_I_counts":"{\"4\": 204, \"5\": 204}","shape_id":"{\"21-U2-Y-j20-1.1.H\": 123, \"21-U2-Y-j20-1.2.H\": 80, \"21-U2-Y-j20-1.3.H\": 1, \"21-U2-j20-1.1.H\": 123, \"21-U2-j20-1.2.H\": 80, \"21-U2-j20-1.3.H\": 1}","direction_id":"{\"0\": 408}","headsign":"{\"Wien Karlsplatz\": 408}","source":10,"target":29,"layer":"L","from":"Praterstern","to":"Taborstraße"},"geometry":{"type":"LineString","coordinates":[[16.391577,48.219106],[16.381372,48.219166]]}},{"type":"Feature","properties":{"duration_avg":60.0,"n_vehicles":495,"d":874,"route_I_counts":"{\"2\": 247, \"3\": 248}","shape_id":"{\"21-U1-Y-j20-1.1.H\": 126, \"21-U1-Y-j20-1.2.H\": 4, \"21-U1-Y-j20-1.3.H\": 116, \"21-U1-Y-j20-1.4.H\": 2, \"21-U1-j20-1.1.H\": 125, \"21-U1-j20-1.2.H\": 4, \"21-U1-j20-1.3.H\": 116, \"21-U1-j20-1.4.H\": 2}","direction_id":"{\"0\": 495}","headsign":"{\"Wien Leopoldau\": 495}","source":10,"target":9,"layer":"L","from":"Praterstern","to":"Vorgartenstraße"},"geometry":{"type":"LineString","coordinates":[[16.391577,48.219106],[16.401144,48.223709]]}},{"type":"Feature","properties":{"shape_id":"{\"21-U1-Y-j20-1.5.R\": 127, \"21-U1-Y-j20-1.6.R\": 121, \"21-U1-j20-1.5.R\": 127, \"21-U1-j20-1.6.R\": 121}","direction_id":"{\"1\": 496}","headsign":"{\"Wien Alaudagasse\": 242, \"Wien Oberlaa\": 254}","duration_avg":60.0,"n_vehicles":496,"d":666,"route_I_counts":"{\"2\": 248, \"3\": 248}","source":11,"target":12,"layer":"L","from":"Nestroyplatz","to":"Schwedenplatz"},"geometry":{"type":"LineString","coordinates":[[16.385486,48.215317],[16.378075,48.211929]]}},{"type":"Feature","properties":{"duration_avg":60.0,"n_vehicles":495,"d":620,"route_I_counts":"{\"2\": 247, \"3\": 248}","shape_id":"{\"21-U1-Y-j20-1.1.H\": 126, \"21-U1-Y-j20-1.2.H\": 4, \"21-U1-Y-j20-1.3.H\": 116, \"21-U1-Y-j20-1.4.H\": 2, \"21-U1-j20-1.1.H\": 125, \"21-U1-j20-1.2.H\": 4, \"21-U1-j20-1.3.H\": 116, \"21-U1-j20-1.4.H\": 2}","direction_id":"{\"0\": 495}","headsign":"{\"Wien Leopoldau\": 495}","source":11,"target":10,"layer":"L","from":"Nestroyplatz","to":"Praterstern"},"geometry":{"type":"LineString","coordinates":[[16.385486,48.215317],[16.391577,48.219106]]}},{"type":"Feature","properties":{"shape_id":"{\"21-U1-Y-j20-1.5.R\": 127, \"21-U1-Y-j20-1.6.R\": 120, \"21-U1-j20-1.5.R\": 127, \"21-U1-j20-1.6.R\": 120}","direction_id":"{\"1\": 494}","headsign":"{\"Wien Alaudagasse\": 240, \"Wien Oberlaa\": 254}","duration_avg":60.0,"n_vehicles":494,"d":644,"route_I_counts":"{\"2\": 247, \"3\": 247}","source":12,"target":13,"layer":"L","from":"Schwedenplatz","to":"Stephansplatz"},"geometry":{"type":"LineString","coordinates":[[16.378075,48.211929],[16.371554,48.20811]]}},{"type":"Feature","properties":{"duration_avg":60.0,"n_vehicles":495,"d":666,"route_I_counts":"{\"2\": 247, \"3\": 248}","shape_id":"{\"21-U1-Y-j20-1.1.H\": 126, \"21-U1-Y-j20-1.2.H\": 4, \"21-U1-Y-j20-1.3.H\": 116, \"21-U1-Y-j20-1.4.H\": 2, \"21-U1-j20-1.1.H\": 125, \"21-U1-j20-1.2.H\": 4, \"21-U1-j20-1.3.H\": 116, \"21-U1-j20-1.4.H\": 2}","direction_id":"{\"0\": 495}","headsign":"{\"Wien Leopoldau\": 495}","source":12,"target":11,"layer":"L","from":"Schwedenplatz","to":"Nestroyplatz"},"geometry":{"type":"LineString","coordinates":[[16.378075,48.211929],[16.385486,48.215317]]}},{"type":"Feature","properties":{"duration_avg":60.0,"n_vehicles":452,"d":697,"route_I_counts":"{\"8\": 226, \"9\": 226}","shape_id":"{\"21-U4-Y-j20-1.1.H\": 226, \"21-U4-j20-1.1.H\": 226}","direction_id":"{\"0\": 452}","headsign":"{\"Wien Heiligenstadt\": 452}","source":12,"target":28,"layer":"L","from":"Schwedenplatz","to":"Schottenring"},"geometry":{"type":"LineString","coordinates":[[16.378075,48.211929],[16.372263,48.217251]]}},{"type":"Feature","properties":{"duration_avg":120.0,"n_vehicles":454,"d":738,"route_I_counts":"{\"8\": 227, \"9\": 227}","shape_id":"{\"21-U4-Y-j20-1.2.R\": 227, \"21-U4-j20-1.2.R\": 227}","direction_id":"{\"1\": 454}","headsign":"{\"Wien Hütteldorf\": 454}","source":12,"target":50,"layer":"L","from":"Schwedenplatz","to":"Landstraße"},"geometry":{"type":"LineString","coordinates":[[16.378075,48.211929],[16.385612,48.205829]]}},{"type":"Feature","properties":{"shape_id":"{\"21-U1-Y-j20-1.5.R\": 127, \"21-U1-Y-j20-1.6.R\": 120, \"21-U1-j20-1.5.R\": 127, \"21-U1-j20-1.6.R\": 120}","direction_id":"{\"1\": 494}","headsign":"{\"Wien Alaudagasse\": 240, \"Wien Oberlaa\": 254}","duration_avg":120.0,"n_vehicles":494,"d":788,"route_I_counts":"{\"2\": 247, \"3\": 247}","source":13,"target":14,"layer":"L","from":"Stephansplatz","to":"Karlsplatz"},"geometry":{"type":"LineString","coordinates":[[16.371554,48.20811],[16.368993,48.201231]]}},{"type":"Feature","properties":{"duration_avg":60.0,"n_vehicles":497,"d":639,"route_I_counts":"{\"2\": 248, \"3\": 249}","shape_id":"{\"21-U1-Y-j20-1.1.H\": 127, \"21-U1-Y-j20-1.2.H\": 4, \"21-U1-Y-j20-1.3.H\": 116, \"21-U1-Y-j20-1.4.H\": 2, \"21-U1-j20-1.1.H\": 126, \"21-U1-j20-1.2.H\": 4, \"21-U1-j20-1.3.H\": 116, \"21-U1-j20-1.4.H\": 2}","direction_id":"{\"0\": 497}","headsign":"{\"Wien Leopoldau\": 497}","source":13,"target":12,"layer":"L","from":"Stephansplatz","to":"Schwedenplatz"},"geometry":{"type":"LineString","coordinates":[[16.371554,48.20811],[16.378075,48.211929]]}},{"type":"Feature","properties":{"duration_avg":120.0,"n_vehicles":472,"d":499,"route_I_counts":"{\"6\": 236, \"7\": 236}","shape_id":"{\"21-U3-Y-j20-1.3.R\": 235, \"21-U3-Y-j20-1.4.R\": 1, \"21-U3-j20-1.3.R\": 235, \"21-U3-j20-1.4.R\": 1}","direction_id":"{\"1\": 472}","headsign":"{\"Wien Ottakring\": 472}","source":13,"target":52,"layer":"L","from":"Stephansplatz","to":"Herrengasse"},"geometry":{"type":"LineString","coordinates":[[16.371554,48.20811],[16.365113,48.209367]]}},{"type":"Feature","properties":{"duration_avg":60.0,"n_vehicles":472,"d":588,"route_I_counts":"{\"6\": 236, \"7\": 236}","shape_id":"{\"21-U3-Y-j20-1.1.H\": 236, \"21-U3-j20-1.2.H\": 236}","direction_id":"{\"0\": 472}","headsign":"{\"Wien Simmering\": 472}","source":13,"target":51,"layer":"L","from":"Stephansplatz","to":"Stubentor"},"geometry":{"type":"LineString","coordinates":[[16.371554,48.20811],[16.379279,48.20699]]}},{"type":"Feature","properties":{"shape_id":"{\"21-U1-Y-j20-1.5.R\": 127, \"21-U1-Y-j20-1.6.R\": 120, \"21-U1-j20-1.5.R\": 127, \"21-U1-j20-1.6.R\": 120}","direction_id":"{\"1\": 494}","headsign":"{\"Wien Alaudagasse\": 240, \"Wien Oberlaa\": 254}","duration_avg":120.0,"n_vehicles":494,"d":834,"route_I_counts":"{\"2\": 247, \"3\": 247}","source":14,"target":15,"layer":"L","from":"Karlsplatz","to":"Taubstummengasse"},"geometry":{"type":"LineString","coordinates":[[16.368993,48.201231],[16.370296,48.193788]]}},{"type":"Feature","properties":{"duration_avg":120.0,"n_vehicles":406,"d":640,"route_I_counts":"{\"4\": 203, \"5\": 203}","shape_id":"{\"21-U2-Y-j20-1.4.R\": 119, \"21-U2-Y-j20-1.6.R\": 84, \"21-U2-j20-1.5.R\": 119, \"21-U2-j20-1.7.R\": 84}","direction_id":"{\"1\": 406}","headsign":"{\"Wien Aspernstraße\": 168, \"Wien Seestadt\": 238}","source":14,"target":24,"layer":"L","from":"Karlsplatz","to":"Museumsquartier"},"geometry":{"type":"LineString","coordinates":[[16.368993,48.201231],[16.361061,48.202913]]}},{"type":"Feature","properties":{"duration_avg":120.0,"n_vehicles":452,"d":798,"route_I_counts":"{\"8\": 226, \"9\": 226}","shape_id":"{\"21-U4-Y-j20-1.1.H\": 226, \"21-U4-j20-1.1.H\": 226}","direction_id":"{\"0\": 452}","headsign":"{\"Wien Heiligenstadt\": 452}","source":14,"target":72,"layer":"L","from":"Karlsplatz","to":"Stadtpark"},"geometry":{"type":"LineString","coordinates":[[16.368993,48.201231],[16.379746,48.202805]]}},{"type":"Feature","properties":{"duration_avg":120.0,"n_vehicles":454,"d":954,"route_I_counts":"{\"8\": 227, \"9\": 227}","shape_id":"{\"21-U4-Y-j20-1.2.R\": 227, \"21-U4-j20-1.2.R\": 227}","direction_id":"{\"1\": 454}","headsign":"{\"Wien Hütteldorf\": 454}","source":14,"target":71,"layer":"L","from":"Karlsplatz","to":"Kettenbrückengasse"},"geometry":{"type":"LineString","coordinates":[[16.368993,48.201231],[16.358097,48.196608]]}},{"type":"Feature","properties":{"duration_avg":120.0,"n_vehicles":497,"d":785,"route_I_counts":"{\"2\": 248, \"3\": 249}","shape_id":"{\"21-U1-Y-j20-1.1.H\": 127, \"21-U1-Y-j20-1.2.H\": 4, \"21-U1-Y-j20-1.3.H\": 116, \"21-U1-Y-j20-1.4.H\": 2, \"21-U1-j20-1.1.H\": 126, \"21-U1-j20-1.2.H\": 4, \"21-U1-j20-1.3.H\": 116, \"21-U1-j20-1.4.H\": 2}","direction_id":"{\"0\": 497}","headsign":"{\"Wien Leopoldau\": 497}","source":14,"target":13,"layer":"L","from":"Karlsplatz","to":"Stephansplatz"},"geometry":{"type":"LineString","coordinates":[[16.368993,48.201231],[16.371554,48.20811]]}},{"type":"Feature","properties":{"shape_id":"{\"21-U1-Y-j20-1.5.R\": 127, \"21-U1-Y-j20-1.6.R\": 120, \"21-U1-j20-1.5.R\": 127, \"21-U1-j20-1.6.R\": 120}","direction_id":"{\"1\": 494}","headsign":"{\"Wien Alaudagasse\": 240, \"Wien Oberlaa\": 254}","duration_avg":60.0,"n_vehicles":494,"d":772,"route_I_counts":"{\"2\": 247, \"3\": 247}","source":15,"target":16,"layer":"L","from":"Taubstummengasse","to":"Südtiroler Pl. - Hbf."},"geometry":{"type":"LineString","coordinates":[[16.370296,48.193788],[16.373503,48.187188]]}},{"type":"Feature","properties":{"duration_avg":120.0,"n_vehicles":497,"d":836,"route_I_counts":"{\"2\": 248, \"3\": 249}","shape_id":"{\"21-U1-Y-j20-1.1.H\": 127, \"21-U1-Y-j20-1.2.H\": 4, \"21-U1-Y-j20-1.3.H\": 116, \"21-U1-Y-j20-1.4.H\": 2, \"21-U1-j20-1.1.H\": 126, \"21-U1-j20-1.2.H\": 4, \"21-U1-j20-1.3.H\": 116, \"21-U1-j20-1.4.H\": 2}","direction_id":"{\"0\": 497}","headsign":"{\"Wien Leopoldau\": 497}","source":15,"target":14,"layer":"L","from":"Taubstummengasse","to":"Karlsplatz"},"geometry":{"type":"LineString","coordinates":[[16.370296,48.193788],[16.368993,48.201231]]}},{"type":"Feature","properties":{"shape_id":"{\"21-U1-Y-j20-1.5.R\": 126, \"21-U1-Y-j20-1.6.R\": 120, \"21-U1-j20-1.5.R\": 126, \"21-U1-j20-1.6.R\": 120}","direction_id":"{\"1\": 492}","headsign":"{\"Wien Alaudagasse\": 240, \"Wien Oberlaa\": 252}","duration_avg":120.0,"n_vehicles":492,"d":903,"route_I_counts":"{\"2\": 246, \"3\": 246}","source":16,"target":17,"layer":"L","from":"Südtiroler Pl. - Hbf.","to":"Keplerplatz"},"geometry":{"type":"LineString","coordinates":[[16.373503,48.187188],[16.376117,48.179258]]}},{"type":"Feature","properties":{"duration_avg":60.0,"n_vehicles":497,"d":771,"route_I_counts":"{\"2\": 248, \"3\": 249}","shape_id":"{\"21-U1-Y-j20-1.1.H\": 127, \"21-U1-Y-j20-1.2.H\": 4, \"21-U1-Y-j20-1.3.H\": 116, \"21-U1-Y-j20-1.4.H\": 2, \"21-U1-j20-1.1.H\": 126, \"21-U1-j20-1.2.H\": 4, \"21-U1-j20-1.3.H\": 116, \"21-U1-j20-1.4.H\": 2}","direction_id":"{\"0\": 497}","headsign":"{\"Wien Leopoldau\": 497}","source":16,"target":15,"layer":"L","from":"Südtiroler Pl. - Hbf.","to":"Taubstummengasse"},"geometry":{"type":"LineString","coordinates":[[16.373503,48.187188],[16.370296,48.193788]]}},{"type":"Feature","properties":{"shape_id":"{\"21-U1-Y-j20-1.5.R\": 126, \"21-U1-Y-j20-1.6.R\": 120, \"21-U1-j20-1.5.R\": 126, \"21-U1-j20-1.6.R\": 120}","direction_id":"{\"1\": 492}","headsign":"{\"Wien Alaudagasse\": 240, \"Wien Oberlaa\": 252}","duration_avg":60.0,"n_vehicles":492,"d":507,"route_I_counts":"{\"2\": 246, \"3\": 246}","source":17,"target":18,"layer":"L","from":"Keplerplatz","to":"Reumannplatz"},"geometry":{"type":"LineString","coordinates":[[16.376117,48.179258],[16.377896,48.174855]]}},{"type":"Feature","properties":{"duration_avg":120.0,"n_vehicles":497,"d":902,"route_I_counts":"{\"2\": 248, \"3\": 249}","shape_id":"{\"21-U1-Y-j20-1.1.H\": 127, \"21-U1-Y-j20-1.2.H\": 4, \"21-U1-Y-j20-1.3.H\": 116, \"21-U1-Y-j20-1.4.H\": 2, \"21-U1-j20-1.1.H\": 126, \"21-U1-j20-1.2.H\": 4, \"21-U1-j20-1.3.H\": 116, \"21-U1-j20-1.4.H\": 2}","direction_id":"{\"0\": 497}","headsign":"{\"Wien Leopoldau\": 497}","source":17,"target":16,"layer":"L","from":"Keplerplatz","to":"Südtiroler Pl. - Hbf."},"geometry":{"type":"LineString","coordinates":[[16.376117,48.179258],[16.373503,48.187188]]}},{"type":"Feature","properties":{"shape_id":"{\"21-U1-Y-j20-1.5.R\": 126, \"21-U1-Y-j20-1.6.R\": 120, \"21-U1-j20-1.5.R\": 126, \"21-U1-j20-1.6.R\": 120}","direction_id":"{\"1\": 492}","headsign":"{\"Wien Alaudagasse\": 240, \"Wien Oberlaa\": 252}","duration_avg":60.0,"n_vehicles":492,"d":738,"route_I_counts":"{\"2\": 246, \"3\": 246}","source":18,"target":19,"layer":"L","from":"Reumannplatz","to":"Troststraße"},"geometry":{"type":"LineString","coordinates":[[16.377896,48.174855],[16.380474,48.168445]]}},{"type":"Feature","properties":{"duration_avg":60.0,"n_vehicles":499,"d":508,"route_I_counts":"{\"2\": 249, \"3\": 250}","shape_id":"{\"21-U1-Y-j20-1.1.H\": 127, \"21-U1-Y-j20-1.2.H\": 4, \"21-U1-Y-j20-1.3.H\": 117, \"21-U1-Y-j20-1.4.H\": 2, \"21-U1-j20-1.1.H\": 126, \"21-U1-j20-1.2.H\": 4, \"21-U1-j20-1.3.H\": 117, \"21-U1-j20-1.4.H\": 2}","direction_id":"{\"0\": 499}","headsign":"{\"Wien Leopoldau\": 499}","source":18,"target":17,"layer":"L","from":"Reumannplatz","to":"Keplerplatz"},"geometry":{"type":"LineString","coordinates":[[16.377896,48.174855],[16.376117,48.179258]]}},{"type":"Feature","properties":{"shape_id":"{\"21-U1-Y-j20-1.5.R\": 126, \"21-U1-Y-j20-1.6.R\": 120, \"21-U1-j20-1.5.R\": 126, \"21-U1-j20-1.6.R\": 120}","direction_id":"{\"1\": 492}","headsign":"{\"Wien Alaudagasse\": 240, \"Wien Oberlaa\": 252}","duration_avg":60.0,"n_vehicles":492,"d":775,"route_I_counts":"{\"2\": 246, \"3\": 246}","source":19,"target":20,"layer":"L","from":"Troststraße","to":"Altes Landgut"},"geometry":{"type":"LineString","coordinates":[[16.380474,48.168445],[16.38351,48.161782]]}},{"type":"Feature","properties":{"duration_avg":60.0,"n_vehicles":495,"d":739,"route_I_counts":"{\"2\": 247, \"3\": 248}","shape_id":"{\"21-U1-Y-j20-1.1.H\": 127, \"21-U1-Y-j20-1.2.H\": 4, \"21-U1-Y-j20-1.3.H\": 117, \"21-U1-j20-1.1.H\": 126, \"21-U1-j20-1.2.H\": 4, \"21-U1-j20-1.3.H\": 117}","direction_id":"{\"0\": 495}","headsign":"{\"Wien Leopoldau\": 495}","source":19,"target":18,"layer":"L","from":"Troststraße","to":"Reumannplatz"},"geometry":{"type":"LineString","coordinates":[[16.380474,48.168445],[16.377896,48.174855]]}},{"type":"Feature","properties":{"shape_id":"{\"21-U1-Y-j20-1.5.R\": 126, \"21-U1-Y-j20-1.6.R\": 120, \"21-U1-j20-1.5.R\": 126, \"21-U1-j20-1.6.R\": 120}","direction_id":"{\"1\": 492}","headsign":"{\"Wien Alaudagasse\": 240, \"Wien Oberlaa\": 252}","duration_avg":120.0,"n_vehicles":492,"d":904,"route_I_counts":"{\"2\": 246, \"3\": 246}","source":20,"target":21,"layer":"L","from":"Altes Landgut","to":"Alaudagasse"},"geometry":{"type":"LineString","coordinates":[[16.38351,48.161782],[16.382306,48.153693]]}},{"type":"Feature","properties":{"duration_avg":60.0,"n_vehicles":495,"d":775,"route_I_counts":"{\"2\": 247, \"3\": 248}","shape_id":"{\"21-U1-Y-j20-1.1.H\": 127, \"21-U1-Y-j20-1.2.H\": 4, \"21-U1-Y-j20-1.3.H\": 117, \"21-U1-j20-1.1.H\": 126, \"21-U1-j20-1.2.H\": 4, \"21-U1-j20-1.3.H\": 117}","direction_id":"{\"0\": 495}","headsign":"{\"Wien Leopoldau\": 495}","source":20,"target":19,"layer":"L","from":"Altes Landgut","to":"Troststraße"},"geometry":{"type":"LineString","coordinates":[[16.38351,48.161782],[16.380474,48.168445]]}},{"type":"Feature","properties":{"shape_id":"{\"21-U1-Y-j20-1.5.R\": 126, \"21-U1-j20-1.5.R\": 126}","direction_id":"{\"1\": 252}","headsign":"{\"Wien Oberlaa\": 252}","duration_avg":120.0,"n_vehicles":252,"d":922,"route_I_counts":"{\"2\": 126, \"3\": 126}","source":21,"target":22,"layer":"L","from":"Alaudagasse","to":"Neulaa"},"geometry":{"type":"LineString","coordinates":[[16.382306,48.153693],[16.386124,48.145805]]}},{"type":"Feature","properties":{"duration_avg":120.0,"n_vehicles":495,"d":908,"route_I_counts":"{\"2\": 247, \"3\": 248}","shape_id":"{\"21-U1-Y-j20-1.1.H\": 127, \"21-U1-Y-j20-1.2.H\": 4, \"21-U1-Y-j20-1.3.H\": 117, \"21-U1-j20-1.1.H\": 126, \"21-U1-j20-1.2.H\": 4, \"21-U1-j20-1.3.H\": 117}","direction_id":"{\"0\": 495}","headsign":"{\"Wien Leopoldau\": 495}","source":21,"target":20,"layer":"L","from":"Alaudagasse","to":"Altes Landgut"},"geometry":{"type":"LineString","coordinates":[[16.382306,48.153693],[16.38351,48.161782]]}},{"type":"Feature","properties":{"shape_id":"{\"21-U1-Y-j20-1.5.R\": 126, \"21-U1-j20-1.5.R\": 126}","direction_id":"{\"1\": 252}","headsign":"{\"Wien Oberlaa\": 252}","duration_avg":74.28571428571429,"n_vehicles":252,"d":1125,"route_I_counts":"{\"2\": 126, \"3\": 126}","source":22,"target":23,"layer":"L","from":"Neulaa","to":"Oberlaa"},"geometry":{"type":"LineString","coordinates":[[16.386124,48.145805],[16.400255,48.142161]]}},{"type":"Feature","properties":{"duration_avg":120.0,"n_vehicles":261,"d":916,"route_I_counts":"{\"2\": 130, \"3\": 131}","shape_id":"{\"21-U1-Y-j20-1.1.H\": 127, \"21-U1-Y-j20-1.2.H\": 4, \"21-U1-j20-1.1.H\": 126, \"21-U1-j20-1.2.H\": 4}","direction_id":"{\"0\": 261}","headsign":"{\"Wien Leopoldau\": 261}","source":22,"target":21,"layer":"L","from":"Neulaa","to":"Alaudagasse"},"geometry":{"type":"LineString","coordinates":[[16.386124,48.145805],[16.382306,48.153693]]}},{"type":"Feature","properties":{"duration_avg":103.52941176470588,"n_vehicles":255,"d":1123,"route_I_counts":"{\"2\": 127, \"3\": 128}","shape_id":"{\"21-U1-Y-j20-1.1.H\": 128, \"21-U1-j20-1.1.H\": 127}","direction_id":"{\"0\": 255}","headsign":"{\"Wien Leopoldau\": 255}","source":23,"target":22,"layer":"L","from":"Oberlaa","to":"Neulaa"},"geometry":{"type":"LineString","coordinates":[[16.400255,48.142161],[16.386124,48.145805]]}},{"type":"Feature","properties":{"shape_id":"{\"21-U2-Y-j20-1.4.R\": 119, \"21-U2-Y-j20-1.6.R\": 84, \"21-U2-j20-1.5.R\": 119, \"21-U2-j20-1.7.R\": 84}","direction_id":"{\"1\": 406}","headsign":"{\"Wien Aspernstraße\": 168, \"Wien Seestadt\": 238}","duration_avg":60.0,"n_vehicles":406,"d":329,"route_I_counts":"{\"4\": 203, \"5\": 203}","source":24,"target":25,"layer":"L","from":"Museumsquartier","to":"Volkstheater"},"geometry":{"type":"LineString","coordinates":[[16.361061,48.202913],[16.358088,48.205116]]}},{"type":"Feature","properties":{"duration_avg":120.0,"n_vehicles":406,"d":645,"route_I_counts":"{\"4\": 203, \"5\": 203}","shape_id":"{\"21-U2-Y-j20-1.1.H\": 123, \"21-U2-Y-j20-1.2.H\": 79, \"21-U2-Y-j20-1.3.H\": 1, \"21-U2-j20-1.1.H\": 123, \"21-U2-j20-1.2.H\": 79, \"21-U2-j20-1.3.H\": 1}","direction_id":"{\"0\": 406}","headsign":"{\"Wien Karlsplatz\": 406}","source":24,"target":14,"layer":"L","from":"Museumsquartier","to":"Karlsplatz"},"geometry":{"type":"LineString","coordinates":[[16.361061,48.202913],[16.368993,48.201231]]}},{"type":"Feature","properties":{"shape_id":"{\"21-U2-Y-j20-1.4.R\": 119, \"21-U2-Y-j20-1.6.R\": 84, \"21-U2-j20-1.5.R\": 119, \"21-U2-j20-1.7.R\": 84}","direction_id":"{\"1\": 406}","headsign":"{\"Wien Aspernstraße\": 168, \"Wien Seestadt\": 238}","duration_avg":120.0,"n_vehicles":406,"d":564,"route_I_counts":"{\"4\": 203, \"5\": 203}","source":25,"target":26,"layer":"L","from":"Volkstheater","to":"Rathaus"},"geometry":{"type":"LineString","coordinates":[[16.358088,48.205116],[16.35542,48.209864]]}},{"type":"Feature","properties":{"duration_avg":60.0,"n_vehicles":406,"d":376,"route_I_counts":"{\"4\": 203, \"5\": 203}","shape_id":"{\"21-U2-Y-j20-1.1.H\": 123, \"21-U2-Y-j20-1.2.H\": 79, \"21-U2-Y-j20-1.3.H\": 1, \"21-U2-j20-1.1.H\": 123, \"21-U2-j20-1.2.H\": 79, \"21-U2-j20-1.3.H\": 1}","direction_id":"{\"0\": 406}","headsign":"{\"Wien Karlsplatz\": 406}","source":25,"target":24,"layer":"L","from":"Volkstheater","to":"Museumsquartier"},"geometry":{"type":"LineString","coordinates":[[16.358088,48.205116],[16.361061,48.202913]]}},{"type":"Feature","properties":{"duration_avg":120.0,"n_vehicles":472,"d":864,"route_I_counts":"{\"6\": 236, \"7\": 236}","shape_id":"{\"21-U3-Y-j20-1.3.R\": 235, \"21-U3-Y-j20-1.4.R\": 1, \"21-U3-j20-1.3.R\": 235, \"21-U3-j20-1.4.R\": 1}","direction_id":"{\"1\": 472}","headsign":"{\"Wien Ottakring\": 472}","source":25,"target":53,"layer":"L","from":"Volkstheater","to":"Neubaugasse"},"geometry":{"type":"LineString","coordinates":[[16.358088,48.205116],[16.352464,48.199243]]}},{"type":"Feature","properties":{"duration_avg":60.0,"n_vehicles":472,"d":604,"route_I_counts":"{\"6\": 236, \"7\": 236}","shape_id":"{\"21-U3-Y-j20-1.1.H\": 236, \"21-U3-j20-1.2.H\": 236}","direction_id":"{\"0\": 472}","headsign":"{\"Wien Simmering\": 472}","source":25,"target":52,"layer":"L","from":"Volkstheater","to":"Herrengasse"},"geometry":{"type":"LineString","coordinates":[[16.358088,48.205116],[16.365113,48.209367]]}},{"type":"Feature","properties":{"shape_id":"{\"21-U2-Y-j20-1.4.R\": 119, \"21-U2-Y-j20-1.6.R\": 83, \"21-U2-j20-1.5.R\": 119, \"21-U2-j20-1.7.R\": 83}","direction_id":"{\"1\": 404}","headsign":"{\"Wien Aspernstraße\": 166, \"Wien Seestadt\": 238}","duration_avg":120.0,"n_vehicles":404,"d":798,"route_I_counts":"{\"4\": 202, \"5\": 202}","source":26,"target":27,"layer":"L","from":"Rathaus","to":"Schottentor"},"geometry":{"type":"LineString","coordinates":[[16.35542,48.209864],[16.362894,48.215024]]}},{"type":"Feature","properties":{"duration_avg":120.0,"n_vehicles":406,"d":617,"route_I_counts":"{\"4\": 203, \"5\": 203}","shape_id":"{\"21-U2-Y-j20-1.1.H\": 123, \"21-U2-Y-j20-1.2.H\": 79, \"21-U2-Y-j20-1.3.H\": 1, \"21-U2-j20-1.1.H\": 123, \"21-U2-j20-1.2.H\": 79, \"21-U2-j20-1.3.H\": 1}","direction_id":"{\"0\": 406}","headsign":"{\"Wien Karlsplatz\": 406}","source":26,"target":25,"layer":"L","from":"Rathaus","to":"Volkstheater"},"geometry":{"type":"LineString","coordinates":[[16.35542,48.209864],[16.358088,48.205116]]}},{"type":"Feature","properties":{"shape_id":"{\"21-U2-Y-j20-1.4.R\": 119, \"21-U2-Y-j20-1.6.R\": 83, \"21-U2-j20-1.5.R\": 119, \"21-U2-j20-1.7.R\": 83}","direction_id":"{\"1\": 404}","headsign":"{\"Wien Aspernstraße\": 166, \"Wien Seestadt\": 238}","duration_avg":60.0,"n_vehicles":404,"d":737,"route_I_counts":"{\"4\": 202, \"5\": 202}","source":27,"target":28,"layer":"L","from":"Schottentor","to":"Schottenring"},"geometry":{"type":"LineString","coordinates":[[16.362894,48.215024],[16.372263,48.217251]]}},{"type":"Feature","properties":{"duration_avg":120.0,"n_vehicles":408,"d":727,"route_I_counts":"{\"4\": 204, \"5\": 204}","shape_id":"{\"21-U2-Y-j20-1.1.H\": 123, \"21-U2-Y-j20-1.2.H\": 80, \"21-U2-Y-j20-1.3.H\": 1, \"21-U2-j20-1.1.H\": 123, \"21-U2-j20-1.2.H\": 80, \"21-U2-j20-1.3.H\": 1}","direction_id":"{\"0\": 408}","headsign":"{\"Wien Karlsplatz\": 408}","source":27,"target":26,"layer":"L","from":"Schottentor","to":"Rathaus"},"geometry":{"type":"LineString","coordinates":[[16.362894,48.215024],[16.35542,48.209864]]}},{"type":"Feature","properties":{"shape_id":"{\"21-U2-Y-j20-1.4.R\": 119, \"21-U2-Y-j20-1.6.R\": 83, \"21-U2-j20-1.5.R\": 119, \"21-U2-j20-1.7.R\": 83}","direction_id":"{\"1\": 404}","headsign":"{\"Wien Aspernstraße\": 166, \"Wien Seestadt\": 238}","duration_avg":60.0,"n_vehicles":404,"d":708,"route_I_counts":"{\"4\": 202, \"5\": 202}","source":28,"target":29,"layer":"L","from":"Schottenring","to":"Taborstraße"},"geometry":{"type":"LineString","coordinates":[[16.372263,48.217251],[16.381372,48.219166]]}},{"type":"Feature","properties":{"duration_avg":120.0,"n_vehicles":452,"d":715,"route_I_counts":"{\"8\": 226, \"9\": 226}","shape_id":"{\"21-U4-Y-j20-1.1.H\": 226, \"21-U4-j20-1.1.H\": 226}","direction_id":"{\"0\": 452}","headsign":"{\"Wien Heiligenstadt\": 452}","source":28,"target":73,"layer":"L","from":"Schottenring","to":"Roßauer Lände"},"geometry":{"type":"LineString","coordinates":[[16.372263,48.217251],[16.367619,48.222356]]}},{"type":"Feature","properties":{"duration_avg":60.0,"n_vehicles":408,"d":732,"route_I_counts":"{\"4\": 204, \"5\": 204}","shape_id":"{\"21-U2-Y-j20-1.1.H\": 123, \"21-U2-Y-j20-1.2.H\": 80, \"21-U2-Y-j20-1.3.H\": 1, \"21-U2-j20-1.1.H\": 123, \"21-U2-j20-1.2.H\": 80, \"21-U2-j20-1.3.H\": 1}","direction_id":"{\"0\": 408}","headsign":"{\"Wien Karlsplatz\": 408}","source":28,"target":27,"layer":"L","from":"Schottenring","to":"Schottentor"},"geometry":{"type":"LineString","coordinates":[[16.372263,48.217251],[16.362894,48.215024]]}},{"type":"Feature","properties":{"duration_avg":60.0,"n_vehicles":454,"d":700,"route_I_counts":"{\"8\": 227, \"9\": 227}","shape_id":"{\"21-U4-Y-j20-1.2.R\": 227, \"21-U4-j20-1.2.R\": 227}","direction_id":"{\"1\": 454}","headsign":"{\"Wien Hütteldorf\": 454}","source":28,"target":12,"layer":"L","from":"Schottenring","to":"Schwedenplatz"},"geometry":{"type":"LineString","coordinates":[[16.372263,48.217251],[16.378075,48.211929]]}},{"type":"Feature","properties":{"duration_avg":120.0,"n_vehicles":404,"d":890,"route_I_counts":"{\"4\": 202, \"5\": 202}","shape_id":"{\"21-U2-Y-j20-1.4.R\": 119, \"21-U2-Y-j20-1.6.R\": 83, \"21-U2-j20-1.5.R\": 119, \"21-U2-j20-1.7.R\": 83}","direction_id":"{\"1\": 404}","headsign":"{\"Wien Aspernstraße\": 166, \"Wien Seestadt\": 238}","source":29,"target":10,"layer":"L","from":"Taborstraße","to":"Praterstern"},"geometry":{"type":"LineString","coordinates":[[16.381372,48.219166],[16.391577,48.219106]]}},{"type":"Feature","properties":{"duration_avg":60.0,"n_vehicles":408,"d":715,"route_I_counts":"{\"4\": 204, \"5\": 204}","shape_id":"{\"21-U2-Y-j20-1.1.H\": 123, \"21-U2-Y-j20-1.2.H\": 80, \"21-U2-Y-j20-1.3.H\": 1, \"21-U2-j20-1.1.H\": 123, \"21-U2-j20-1.2.H\": 80, \"21-U2-j20-1.3.H\": 1}","direction_id":"{\"0\": 408}","headsign":"{\"Wien Karlsplatz\": 408}","source":29,"target":28,"layer":"L","from":"Taborstraße","to":"Schottenring"},"geometry":{"type":"LineString","coordinates":[[16.381372,48.219166],[16.372263,48.217251]]}},{"type":"Feature","properties":{"shape_id":"{\"21-U2-Y-j20-1.4.R\": 118, \"21-U2-Y-j20-1.6.R\": 83, \"21-U2-j20-1.5.R\": 118, \"21-U2-j20-1.7.R\": 83}","direction_id":"{\"1\": 402}","headsign":"{\"Wien Aspernstraße\": 166, \"Wien Seestadt\": 236}","duration_avg":60.0,"n_vehicles":402,"d":732,"route_I_counts":"{\"4\": 201, \"5\": 201}","source":30,"target":31,"layer":"L","from":"Messe-Prater","to":"Krieau"},"geometry":{"type":"LineString","coordinates":[[16.404989,48.217741],[16.41372,48.214659]]}},{"type":"Feature","properties":{"duration_avg":120.0,"n_vehicles":410,"d":867,"route_I_counts":"{\"4\": 205, \"5\": 205}","shape_id":"{\"21-U2-Y-j20-1.1.H\": 124, \"21-U2-Y-j20-1.2.H\": 80, \"21-U2-Y-j20-1.3.H\": 1, \"21-U2-j20-1.1.H\": 124, \"21-U2-j20-1.2.H\": 80, \"21-U2-j20-1.3.H\": 1}","direction_id":"{\"0\": 410}","headsign":"{\"Wien Karlsplatz\": 410}","source":30,"target":10,"layer":"L","from":"Messe-Prater","to":"Praterstern"},"geometry":{"type":"LineString","coordinates":[[16.404989,48.217741],[16.391577,48.219106]]}},{"type":"Feature","properties":{"shape_id":"{\"21-U2-Y-j20-1.4.R\": 118, \"21-U2-Y-j20-1.6.R\": 83, \"21-U2-j20-1.5.R\": 118, \"21-U2-j20-1.7.R\": 83}","direction_id":"{\"1\": 402}","headsign":"{\"Wien Aspernstraße\": 166, \"Wien Seestadt\": 236}","duration_avg":60.0,"n_vehicles":402,"d":641,"route_I_counts":"{\"4\": 201, \"5\": 201}","source":31,"target":32,"layer":"L","from":"Krieau","to":"Stadion"},"geometry":{"type":"LineString","coordinates":[[16.41372,48.214659],[16.42017,48.210816]]}},{"type":"Feature","properties":{"duration_avg":60.0,"n_vehicles":410,"d":737,"route_I_counts":"{\"4\": 205, \"5\": 205}","shape_id":"{\"21-U2-Y-j20-1.1.H\": 124, \"21-U2-Y-j20-1.2.H\": 80, \"21-U2-Y-j20-1.3.H\": 1, \"21-U2-j20-1.1.H\": 124, \"21-U2-j20-1.2.H\": 80, \"21-U2-j20-1.3.H\": 1}","direction_id":"{\"0\": 410}","headsign":"{\"Wien Karlsplatz\": 410}","source":31,"target":30,"layer":"L","from":"Krieau","to":"Messe-Prater"},"geometry":{"type":"LineString","coordinates":[[16.41372,48.214659],[16.404989,48.217741]]}},{"type":"Feature","properties":{"shape_id":"{\"21-U2-Y-j20-1.4.R\": 118, \"21-U2-Y-j20-1.6.R\": 83, \"21-U2-j20-1.5.R\": 118, \"21-U2-j20-1.7.R\": 83}","direction_id":"{\"1\": 402}","headsign":"{\"Wien Aspernstraße\": 166, \"Wien Seestadt\": 236}","duration_avg":120.0,"n_vehicles":402,"d":972,"route_I_counts":"{\"4\": 201, \"5\": 201}","source":32,"target":33,"layer":"L","from":"Stadion","to":"Donaumarina"},"geometry":{"type":"LineString","coordinates":[[16.42017,48.210816],[16.431318,48.206218]]}},{"type":"Feature","properties":{"duration_avg":60.0,"n_vehicles":410,"d":644,"route_I_counts":"{\"4\": 205, \"5\": 205}","shape_id":"{\"21-U2-Y-j20-1.1.H\": 124, \"21-U2-Y-j20-1.2.H\": 80, \"21-U2-Y-j20-1.3.H\": 1, \"21-U2-j20-1.1.H\": 124, \"21-U2-j20-1.2.H\": 80, \"21-U2-j20-1.3.H\": 1}","direction_id":"{\"0\": 410}","headsign":"{\"Wien Karlsplatz\": 410}","source":32,"target":31,"layer":"L","from":"Stadion","to":"Krieau"},"geometry":{"type":"LineString","coordinates":[[16.42017,48.210816],[16.41372,48.214659]]}},{"type":"Feature","properties":{"shape_id":"{\"21-U2-Y-j20-1.4.R\": 118, \"21-U2-Y-j20-1.5.R\": 1, \"21-U2-Y-j20-1.6.R\": 83, \"21-U2-Y-j20-1.7.R\": 6, \"21-U2-j20-1.4.R\": 1, \"21-U2-j20-1.5.R\": 118, \"21-U2-j20-1.6.R\": 6, \"21-U2-j20-1.7.R\": 83}","direction_id":"{\"1\": 416}","headsign":"{\"Wien Aspernstraße\": 168, \"Wien Seestadt\": 248}","duration_avg":60.0,"n_vehicles":416,"d":883,"route_I_counts":"{\"4\": 208, \"5\": 208}","source":33,"target":34,"layer":"L","from":"Donaumarina","to":"Donaustadtbrücke"},"geometry":{"type":"LineString","coordinates":[[16.431318,48.206218],[16.439996,48.211654]]}},{"type":"Feature","properties":{"duration_avg":120.0,"n_vehicles":408,"d":956,"route_I_counts":"{\"4\": 204, \"5\": 204}","shape_id":"{\"21-U2-Y-j20-1.1.H\": 124, \"21-U2-Y-j20-1.2.H\": 80, \"21-U2-j20-1.1.H\": 124, \"21-U2-j20-1.2.H\": 80}","direction_id":"{\"0\": 408}","headsign":"{\"Wien Karlsplatz\": 408}","source":33,"target":32,"layer":"L","from":"Donaumarina","to":"Stadion"},"geometry":{"type":"LineString","coordinates":[[16.431318,48.206218],[16.42017,48.210816]]}},{"type":"Feature","properties":{"shape_id":"{\"21-U2-Y-j20-1.4.R\": 118, \"21-U2-Y-j20-1.5.R\": 1, \"21-U2-Y-j20-1.6.R\": 83, \"21-U2-Y-j20-1.7.R\": 6, \"21-U2-j20-1.4.R\": 1, \"21-U2-j20-1.5.R\": 118, \"21-U2-j20-1.6.R\": 6, \"21-U2-j20-1.7.R\": 83}","direction_id":"{\"1\": 416}","headsign":"{\"Wien Aspernstraße\": 168, \"Wien Seestadt\": 248}","duration_avg":120.0,"n_vehicles":416,"d":1109,"route_I_counts":"{\"4\": 208, \"5\": 208}","source":34,"target":35,"layer":"L","from":"Donaustadtbrücke","to":"Stadlau"},"geometry":{"type":"LineString","coordinates":[[16.439996,48.211654],[16.449078,48.219573]]}},{"type":"Feature","properties":{"duration_avg":60.0,"n_vehicles":408,"d":881,"route_I_counts":"{\"4\": 204, \"5\": 204}","shape_id":"{\"21-U2-Y-j20-1.1.H\": 124, \"21-U2-Y-j20-1.2.H\": 80, \"21-U2-j20-1.1.H\": 124, \"21-U2-j20-1.2.H\": 80}","direction_id":"{\"0\": 408}","headsign":"{\"Wien Karlsplatz\": 408}","source":34,"target":33,"layer":"L","from":"Donaustadtbrücke","to":"Donaumarina"},"geometry":{"type":"LineString","coordinates":[[16.439996,48.211654],[16.431318,48.206218]]}},{"type":"Feature","properties":{"shape_id":"{\"21-U2-Y-j20-1.4.R\": 118, \"21-U2-Y-j20-1.5.R\": 1, \"21-U2-Y-j20-1.6.R\": 82, \"21-U2-Y-j20-1.7.R\": 6, \"21-U2-j20-1.4.R\": 1, \"21-U2-j20-1.5.R\": 118, \"21-U2-j20-1.6.R\": 6, \"21-U2-j20-1.7.R\": 82}","direction_id":"{\"1\": 414}","headsign":"{\"Wien Aspernstraße\": 166, \"Wien Seestadt\": 248}","duration_avg":60.0,"n_vehicles":414,"d":619,"route_I_counts":"{\"4\": 207, \"5\": 207}","source":35,"target":36,"layer":"L","from":"Stadlau","to":"Hardeggasse"},"geometry":{"type":"LineString","coordinates":[[16.449078,48.219573],[16.457172,48.220938]]}},{"type":"Feature","properties":{"duration_avg":120.0,"n_vehicles":408,"d":1112,"route_I_counts":"{\"4\": 204, \"5\": 204}","shape_id":"{\"21-U2-Y-j20-1.1.H\": 124, \"21-U2-Y-j20-1.2.H\": 80, \"21-U2-j20-1.1.H\": 124, \"21-U2-j20-1.2.H\": 80}","direction_id":"{\"0\": 408}","headsign":"{\"Wien Karlsplatz\": 408}","source":35,"target":34,"layer":"L","from":"Stadlau","to":"Donaustadtbrücke"},"geometry":{"type":"LineString","coordinates":[[16.449078,48.219573],[16.439996,48.211654]]}},{"type":"Feature","properties":{"shape_id":"{\"21-U2-Y-j20-1.4.R\": 118, \"21-U2-Y-j20-1.5.R\": 1, \"21-U2-Y-j20-1.6.R\": 82, \"21-U2-Y-j20-1.7.R\": 6, \"21-U2-j20-1.4.R\": 1, \"21-U2-j20-1.5.R\": 118, \"21-U2-j20-1.6.R\": 6, \"21-U2-j20-1.7.R\": 82}","direction_id":"{\"1\": 414}","headsign":"{\"Wien Aspernstraße\": 166, \"Wien Seestadt\": 248}","duration_avg":120.0,"n_vehicles":414,"d":645,"route_I_counts":"{\"4\": 207, \"5\": 207}","source":36,"target":37,"layer":"L","from":"Hardeggasse","to":"Donauspital"},"geometry":{"type":"LineString","coordinates":[[16.457172,48.220938],[16.465607,48.219513]]}},{"type":"Feature","properties":{"duration_avg":60.0,"n_vehicles":410,"d":628,"route_I_counts":"{\"4\": 205, \"5\": 205}","shape_id":"{\"21-U2-Y-j20-1.1.H\": 124, \"21-U2-Y-j20-1.2.H\": 81, \"21-U2-j20-1.1.H\": 124, \"21-U2-j20-1.2.H\": 81}","direction_id":"{\"0\": 410}","headsign":"{\"Wien Karlsplatz\": 410}","source":36,"target":35,"layer":"L","from":"Hardeggasse","to":"Stadlau"},"geometry":{"type":"LineString","coordinates":[[16.457172,48.220938],[16.449078,48.219573]]}},{"type":"Feature","properties":{"shape_id":"{\"21-U2-Y-j20-1.4.R\": 118, \"21-U2-Y-j20-1.5.R\": 1, \"21-U2-Y-j20-1.6.R\": 82, \"21-U2-Y-j20-1.7.R\": 6, \"21-U2-j20-1.4.R\": 1, \"21-U2-j20-1.5.R\": 118, \"21-U2-j20-1.6.R\": 6, \"21-U2-j20-1.7.R\": 82}","direction_id":"{\"1\": 414}","headsign":"{\"Wien Aspernstraße\": 166, \"Wien Seestadt\": 248}","duration_avg":60.0,"n_vehicles":414,"d":771,"route_I_counts":"{\"4\": 207, \"5\": 207}","source":37,"target":38,"layer":"L","from":"Donauspital","to":"Aspernstraße"},"geometry":{"type":"LineString","coordinates":[[16.465607,48.219513],[16.474941,48.222577]]}},{"type":"Feature","properties":{"duration_avg":120.0,"n_vehicles":410,"d":646,"route_I_counts":"{\"4\": 205, \"5\": 205}","shape_id":"{\"21-U2-Y-j20-1.1.H\": 124, \"21-U2-Y-j20-1.2.H\": 81, \"21-U2-j20-1.1.H\": 124, \"21-U2-j20-1.2.H\": 81}","direction_id":"{\"0\": 410}","headsign":"{\"Wien Karlsplatz\": 410}","source":37,"target":36,"layer":"L","from":"Donauspital","to":"Hardeggasse"},"geometry":{"type":"LineString","coordinates":[[16.465607,48.219513],[16.457172,48.220938]]}},{"type":"Feature","properties":{"shape_id":"{\"21-U2-Y-j20-1.4.R\": 118, \"21-U2-Y-j20-1.7.R\": 6, \"21-U2-j20-1.5.R\": 118, \"21-U2-j20-1.6.R\": 6}","direction_id":"{\"1\": 248}","headsign":"{\"Wien Seestadt\": 248}","duration_avg":120.0,"n_vehicles":248,"d":1445,"route_I_counts":"{\"4\": 124, \"5\": 124}","source":38,"target":39,"layer":"L","from":"Aspernstraße","to":"Hausfeldstraße"},"geometry":{"type":"LineString","coordinates":[[16.474941,48.222577],[16.485684,48.233409]]}},{"type":"Feature","properties":{"duration_avg":60.0,"n_vehicles":410,"d":757,"route_I_counts":"{\"4\": 205, \"5\": 205}","shape_id":"{\"21-U2-Y-j20-1.1.H\": 124, \"21-U2-Y-j20-1.2.H\": 81, \"21-U2-j20-1.1.H\": 124, \"21-U2-j20-1.2.H\": 81}","direction_id":"{\"0\": 410}","headsign":"{\"Wien Karlsplatz\": 410}","source":38,"target":37,"layer":"L","from":"Aspernstraße","to":"Donauspital"},"geometry":{"type":"LineString","coordinates":[[16.474941,48.222577],[16.465607,48.219513]]}},{"type":"Feature","properties":{"shape_id":"{\"21-U2-Y-j20-1.4.R\": 118, \"21-U2-Y-j20-1.7.R\": 6, \"21-U2-j20-1.5.R\": 118, \"21-U2-j20-1.6.R\": 6}","direction_id":"{\"1\": 248}","headsign":"{\"Wien Seestadt\": 248}","duration_avg":120.0,"n_vehicles":248,"d":1418,"route_I_counts":"{\"4\": 124, \"5\": 124}","source":39,"target":40,"layer":"L","from":"Hausfeldstraße","to":"Aspern Nord"},"geometry":{"type":"LineString","coordinates":[[16.485684,48.233409],[16.504747,48.234492]]}},{"type":"Feature","properties":{"duration_avg":120.0,"n_vehicles":248,"d":1456,"route_I_counts":"{\"4\": 124, \"5\": 124}","shape_id":"{\"21-U2-Y-j20-1.1.H\": 124, \"21-U2-j20-1.1.H\": 124}","direction_id":"{\"0\": 248}","headsign":"{\"Wien Karlsplatz\": 248}","source":39,"target":38,"layer":"L","from":"Hausfeldstraße","to":"Aspernstraße"},"geometry":{"type":"LineString","coordinates":[[16.485684,48.233409],[16.474941,48.222577]]}},{"type":"Feature","properties":{"shape_id":"{\"21-U2-Y-j20-1.4.R\": 117, \"21-U2-Y-j20-1.7.R\": 6, \"21-U2-j20-1.5.R\": 117, \"21-U2-j20-1.6.R\": 6}","direction_id":"{\"1\": 246}","headsign":"{\"Wien Seestadt\": 246}","duration_avg":120.0,"n_vehicles":246,"d":968,"route_I_counts":"{\"4\": 123, \"5\": 123}","source":40,"target":41,"layer":"L","from":"Aspern Nord","to":"Seestadt"},"geometry":{"type":"LineString","coordinates":[[16.504747,48.234492],[16.508331,48.226126]]}},{"type":"Feature","properties":{"duration_avg":120.0,"n_vehicles":250,"d":1418,"route_I_counts":"{\"4\": 125, \"5\": 125}","shape_id":"{\"21-U2-Y-j20-1.1.H\": 125, \"21-U2-j20-1.1.H\": 125}","direction_id":"{\"0\": 250}","headsign":"{\"Wien Karlsplatz\": 250}","source":40,"target":39,"layer":"L","from":"Aspern Nord","to":"Hausfeldstraße"},"geometry":{"type":"LineString","coordinates":[[16.504747,48.234492],[16.485684,48.233409]]}},{"type":"Feature","properties":{"duration_avg":120.0,"n_vehicles":250,"d":988,"route_I_counts":"{\"4\": 125, \"5\": 125}","shape_id":"{\"21-U2-Y-j20-1.1.H\": 125, \"21-U2-j20-1.1.H\": 125}","direction_id":"{\"0\": 250}","headsign":"{\"Wien Karlsplatz\": 250}","source":41,"target":40,"layer":"L","from":"Seestadt","to":"Aspern Nord"},"geometry":{"type":"LineString","coordinates":[[16.508331,48.226126],[16.504747,48.234492]]}},{"type":"Feature","properties":{"shape_id":"{\"21-U3-Y-j20-1.3.R\": 237, \"21-U3-j20-1.3.R\": 237}","direction_id":"{\"1\": 474}","headsign":"{\"Wien Ottakring\": 474}","duration_avg":60.0,"n_vehicles":474,"d":587,"route_I_counts":"{\"6\": 237, \"7\": 237}","source":42,"target":43,"layer":"L","from":"Simmering","to":"Enkplatz"},"geometry":{"type":"LineString","coordinates":[[16.419577,48.170542],[16.414789,48.174748]]}},{"type":"Feature","properties":{"shape_id":"{\"21-U3-Y-j20-1.3.R\": 237, \"21-U3-j20-1.3.R\": 237}","direction_id":"{\"1\": 474}","headsign":"{\"Wien Ottakring\": 474}","duration_avg":60.0,"n_vehicles":474,"d":647,"route_I_counts":"{\"6\": 237, \"7\": 237}","source":43,"target":44,"layer":"L","from":"Enkplatz","to":"Zippererstraße"},"geometry":{"type":"LineString","coordinates":[[16.414789,48.174748],[16.41196,48.180253]]}},{"type":"Feature","properties":{"duration_avg":60.0,"n_vehicles":470,"d":584,"route_I_counts":"{\"6\": 235, \"7\": 235}","shape_id":"{\"21-U3-Y-j20-1.1.H\": 234, \"21-U3-Y-j20-1.2.H\": 1, \"21-U3-j20-1.1.H\": 1, \"21-U3-j20-1.2.H\": 234}","direction_id":"{\"0\": 470}","headsign":"{\"Wien Simmering\": 470}","source":43,"target":42,"layer":"L","from":"Enkplatz","to":"Simmering"},"geometry":{"type":"LineString","coordinates":[[16.414789,48.174748],[16.419577,48.170542]]}},{"type":"Feature","properties":{"shape_id":"{\"21-U3-Y-j20-1.3.R\": 237, \"21-U3-j20-1.3.R\": 237}","direction_id":"{\"1\": 474}","headsign":"{\"Wien Ottakring\": 474}","duration_avg":60.0,"n_vehicles":474,"d":645,"route_I_counts":"{\"6\": 237, \"7\": 237}","source":44,"target":45,"layer":"L","from":"Zippererstraße","to":"Gasometer"},"geometry":{"type":"LineString","coordinates":[[16.41196,48.180253],[16.417287,48.184835]]}},{"type":"Feature","properties":{"duration_avg":60.0,"n_vehicles":472,"d":659,"route_I_counts":"{\"6\": 236, \"7\": 236}","shape_id":"{\"21-U3-Y-j20-1.1.H\": 235, \"21-U3-Y-j20-1.2.H\": 1, \"21-U3-j20-1.1.H\": 1, \"21-U3-j20-1.2.H\": 235}","direction_id":"{\"0\": 472}","headsign":"{\"Wien Simmering\": 472}","source":44,"target":43,"layer":"L","from":"Zippererstraße","to":"Enkplatz"},"geometry":{"type":"LineString","coordinates":[[16.41196,48.180253],[16.414789,48.174748]]}},{"type":"Feature","properties":{"shape_id":"{\"21-U3-Y-j20-1.3.R\": 236, \"21-U3-j20-1.3.R\": 236}","direction_id":"{\"1\": 472}","headsign":"{\"Wien Ottakring\": 472}","duration_avg":120.0,"n_vehicles":472,"d":768,"route_I_counts":"{\"6\": 236, \"7\": 236}","source":45,"target":46,"layer":"L","from":"Gasometer","to":"Erdberg"},"geometry":{"type":"LineString","coordinates":[[16.417287,48.184835],[16.414223,48.191428]]}},{"type":"Feature","properties":{"duration_avg":60.0,"n_vehicles":472,"d":646,"route_I_counts":"{\"6\": 236, \"7\": 236}","shape_id":"{\"21-U3-Y-j20-1.1.H\": 235, \"21-U3-Y-j20-1.2.H\": 1, \"21-U3-j20-1.1.H\": 1, \"21-U3-j20-1.2.H\": 235}","direction_id":"{\"0\": 472}","headsign":"{\"Wien Simmering\": 472}","source":45,"target":44,"layer":"L","from":"Gasometer","to":"Zippererstraße"},"geometry":{"type":"LineString","coordinates":[[16.417287,48.184835],[16.41196,48.180253]]}},{"type":"Feature","properties":{"shape_id":"{\"21-U3-Y-j20-1.3.R\": 236, \"21-U3-j20-1.3.R\": 236}","direction_id":"{\"1\": 472}","headsign":"{\"Wien Ottakring\": 472}","duration_avg":60.0,"n_vehicles":472,"d":652,"route_I_counts":"{\"6\": 236, \"7\": 236}","source":46,"target":47,"layer":"L","from":"Erdberg","to":"Schlachthausgasse"},"geometry":{"type":"LineString","coordinates":[[16.414223,48.191428],[16.406723,48.194495]]}},{"type":"Feature","properties":{"duration_avg":120.0,"n_vehicles":472,"d":756,"route_I_counts":"{\"6\": 236, \"7\": 236}","shape_id":"{\"21-U3-Y-j20-1.1.H\": 235, \"21-U3-Y-j20-1.2.H\": 1, \"21-U3-j20-1.1.H\": 1, \"21-U3-j20-1.2.H\": 235}","direction_id":"{\"0\": 472}","headsign":"{\"Wien Simmering\": 472}","source":46,"target":45,"layer":"L","from":"Erdberg","to":"Gasometer"},"geometry":{"type":"LineString","coordinates":[[16.414223,48.191428],[16.417287,48.184835]]}},{"type":"Feature","properties":{"shape_id":"{\"21-U3-Y-j20-1.3.R\": 236, \"21-U3-Y-j20-1.4.R\": 1, \"21-U3-j20-1.3.R\": 236, \"21-U3-j20-1.4.R\": 1}","direction_id":"{\"1\": 474}","headsign":"{\"Wien Ottakring\": 474}","duration_avg":60.0,"n_vehicles":474,"d":546,"route_I_counts":"{\"6\": 237, \"7\": 237}","source":47,"target":48,"layer":"L","from":"Schlachthausgasse","to":"Kardinal-Nagl-Platz"},"geometry":{"type":"LineString","coordinates":[[16.406723,48.194495],[16.400587,48.197213]]}},{"type":"Feature","properties":{"duration_avg":60.0,"n_vehicles":470,"d":651,"route_I_counts":"{\"6\": 235, \"7\": 235}","shape_id":"{\"21-U3-Y-j20-1.1.H\": 235, \"21-U3-j20-1.2.H\": 235}","direction_id":"{\"0\": 470}","headsign":"{\"Wien Simmering\": 470}","source":47,"target":46,"layer":"L","from":"Schlachthausgasse","to":"Erdberg"},"geometry":{"type":"LineString","coordinates":[[16.406723,48.194495],[16.414223,48.191428]]}},{"type":"Feature","properties":{"shape_id":"{\"21-U3-Y-j20-1.3.R\": 236, \"21-U3-Y-j20-1.4.R\": 1, \"21-U3-j20-1.3.R\": 236, \"21-U3-j20-1.4.R\": 1}","direction_id":"{\"1\": 474}","headsign":"{\"Wien Ottakring\": 474}","duration_avg":60.0,"n_vehicles":474,"d":883,"route_I_counts":"{\"6\": 237, \"7\": 237}","source":48,"target":49,"layer":"L","from":"Kardinal-Nagl-Platz","to":"Rochusgasse"},"geometry":{"type":"LineString","coordinates":[[16.400587,48.197213],[16.39164,48.202452]]}},{"type":"Feature","properties":{"duration_avg":60.0,"n_vehicles":470,"d":548,"route_I_counts":"{\"6\": 235, \"7\": 235}","shape_id":"{\"21-U3-Y-j20-1.1.H\": 235, \"21-U3-j20-1.2.H\": 235}","direction_id":"{\"0\": 470}","headsign":"{\"Wien Simmering\": 470}","source":48,"target":47,"layer":"L","from":"Kardinal-Nagl-Platz","to":"Schlachthausgasse"},"geometry":{"type":"LineString","coordinates":[[16.400587,48.197213],[16.406723,48.194495]]}},{"type":"Feature","properties":{"shape_id":"{\"21-U3-Y-j20-1.3.R\": 236, \"21-U3-Y-j20-1.4.R\": 1, \"21-U3-j20-1.3.R\": 236, \"21-U3-j20-1.4.R\": 1}","direction_id":"{\"1\": 474}","headsign":"{\"Wien Ottakring\": 474}","duration_avg":120.0,"n_vehicles":474,"d":584,"route_I_counts":"{\"6\": 237, \"7\": 237}","source":49,"target":50,"layer":"L","from":"Rochusgasse","to":"Landstraße"},"geometry":{"type":"LineString","coordinates":[[16.39164,48.202452],[16.385612,48.205829]]}},{"type":"Feature","properties":{"duration_avg":60.0,"n_vehicles":470,"d":883,"route_I_counts":"{\"6\": 235, \"7\": 235}","shape_id":"{\"21-U3-Y-j20-1.1.H\": 235, \"21-U3-j20-1.2.H\": 235}","direction_id":"{\"0\": 470}","headsign":"{\"Wien Simmering\": 470}","source":49,"target":48,"layer":"L","from":"Rochusgasse","to":"Kardinal-Nagl-Platz"},"geometry":{"type":"LineString","coordinates":[[16.39164,48.202452],[16.400587,48.197213]]}},{"type":"Feature","properties":{"shape_id":"{\"21-U3-Y-j20-1.3.R\": 235, \"21-U3-Y-j20-1.4.R\": 1, \"21-U3-j20-1.3.R\": 235, \"21-U3-j20-1.4.R\": 1}","direction_id":"{\"1\": 472}","headsign":"{\"Wien Ottakring\": 472}","duration_avg":60.0,"n_vehicles":472,"d":487,"route_I_counts":"{\"6\": 236, \"7\": 236}","source":50,"target":51,"layer":"L","from":"Landstraße","to":"Stubentor"},"geometry":{"type":"LineString","coordinates":[[16.385612,48.205829],[16.379279,48.20699]]}},{"type":"Feature","properties":{"duration_avg":120.0,"n_vehicles":472,"d":582,"route_I_counts":"{\"6\": 236, \"7\": 236}","shape_id":"{\"21-U3-Y-j20-1.1.H\": 236, \"21-U3-j20-1.2.H\": 236}","direction_id":"{\"0\": 472}","headsign":"{\"Wien Simmering\": 472}","source":50,"target":49,"layer":"L","from":"Landstraße","to":"Rochusgasse"},"geometry":{"type":"LineString","coordinates":[[16.385612,48.205829],[16.39164,48.202452]]}},{"type":"Feature","properties":{"duration_avg":120.0,"n_vehicles":452,"d":748,"route_I_counts":"{\"8\": 226, \"9\": 226}","shape_id":"{\"21-U4-Y-j20-1.1.H\": 226, \"21-U4-j20-1.1.H\": 226}","direction_id":"{\"0\": 452}","headsign":"{\"Wien Heiligenstadt\": 452}","source":50,"target":12,"layer":"L","from":"Landstraße","to":"Schwedenplatz"},"geometry":{"type":"LineString","coordinates":[[16.385612,48.205829],[16.378075,48.211929]]}},{"type":"Feature","properties":{"duration_avg":60.0,"n_vehicles":454,"d":590,"route_I_counts":"{\"8\": 227, \"9\": 227}","shape_id":"{\"21-U4-Y-j20-1.2.R\": 227, \"21-U4-j20-1.2.R\": 227}","direction_id":"{\"1\": 454}","headsign":"{\"Wien Hütteldorf\": 454}","source":50,"target":72,"layer":"L","from":"Landstraße","to":"Stadtpark"},"geometry":{"type":"LineString","coordinates":[[16.385612,48.205829],[16.379746,48.202805]]}},{"type":"Feature","properties":{"duration_avg":60.0,"n_vehicles":472,"d":585,"route_I_counts":"{\"6\": 236, \"7\": 236}","shape_id":"{\"21-U3-Y-j20-1.3.R\": 235, \"21-U3-Y-j20-1.4.R\": 1, \"21-U3-j20-1.3.R\": 235, \"21-U3-j20-1.4.R\": 1}","direction_id":"{\"1\": 472}","headsign":"{\"Wien Ottakring\": 472}","source":51,"target":13,"layer":"L","from":"Stubentor","to":"Stephansplatz"},"geometry":{"type":"LineString","coordinates":[[16.379279,48.20699],[16.371554,48.20811]]}},{"type":"Feature","properties":{"duration_avg":60.0,"n_vehicles":472,"d":484,"route_I_counts":"{\"6\": 236, \"7\": 236}","shape_id":"{\"21-U3-Y-j20-1.1.H\": 236, \"21-U3-j20-1.2.H\": 236}","direction_id":"{\"0\": 472}","headsign":"{\"Wien Simmering\": 472}","source":51,"target":50,"layer":"L","from":"Stubentor","to":"Landstraße"},"geometry":{"type":"LineString","coordinates":[[16.379279,48.20699],[16.385612,48.205829]]}},{"type":"Feature","properties":{"duration_avg":120.0,"n_vehicles":472,"d":494,"route_I_counts":"{\"6\": 236, \"7\": 236}","shape_id":"{\"21-U3-Y-j20-1.1.H\": 236, \"21-U3-j20-1.2.H\": 236}","direction_id":"{\"0\": 472}","headsign":"{\"Wien Simmering\": 472}","source":52,"target":13,"layer":"L","from":"Herrengasse","to":"Stephansplatz"},"geometry":{"type":"LineString","coordinates":[[16.365113,48.209367],[16.371554,48.20811]]}},{"type":"Feature","properties":{"duration_avg":60.0,"n_vehicles":472,"d":610,"route_I_counts":"{\"6\": 236, \"7\": 236}","shape_id":"{\"21-U3-Y-j20-1.3.R\": 235, \"21-U3-Y-j20-1.4.R\": 1, \"21-U3-j20-1.3.R\": 235, \"21-U3-j20-1.4.R\": 1}","direction_id":"{\"1\": 472}","headsign":"{\"Wien Ottakring\": 472}","source":52,"target":25,"layer":"L","from":"Herrengasse","to":"Volkstheater"},"geometry":{"type":"LineString","coordinates":[[16.365113,48.209367],[16.358088,48.205116]]}},{"type":"Feature","properties":{"shape_id":"{\"21-U3-Y-j20-1.3.R\": 235, \"21-U3-Y-j20-1.4.R\": 1, \"21-U3-j20-1.3.R\": 235, \"21-U3-j20-1.4.R\": 1}","direction_id":"{\"1\": 472}","headsign":"{\"Wien Ottakring\": 472}","duration_avg":60.0,"n_vehicles":472,"d":515,"route_I_counts":"{\"6\": 236, \"7\": 236}","source":53,"target":54,"layer":"L","from":"Neubaugasse","to":"Zieglergasse"},"geometry":{"type":"LineString","coordinates":[[16.352464,48.199243],[16.34623,48.197195]]}},{"type":"Feature","properties":{"duration_avg":120.0,"n_vehicles":472,"d":867,"route_I_counts":"{\"6\": 236, \"7\": 236}","shape_id":"{\"21-U3-Y-j20-1.1.H\": 236, \"21-U3-j20-1.2.H\": 236}","direction_id":"{\"0\": 472}","headsign":"{\"Wien Simmering\": 472}","source":53,"target":25,"layer":"L","from":"Neubaugasse","to":"Volkstheater"},"geometry":{"type":"LineString","coordinates":[[16.352464,48.199243],[16.358088,48.205116]]}},{"type":"Feature","properties":{"shape_id":"{\"21-U3-Y-j20-1.3.R\": 234, \"21-U3-Y-j20-1.4.R\": 1, \"21-U3-j20-1.3.R\": 234, \"21-U3-j20-1.4.R\": 1}","direction_id":"{\"1\": 470}","headsign":"{\"Wien Ottakring\": 470}","duration_avg":60.0,"n_vehicles":470,"d":596,"route_I_counts":"{\"6\": 235, \"7\": 235}","source":54,"target":55,"layer":"L","from":"Zieglergasse","to":"Westbahnhof"},"geometry":{"type":"LineString","coordinates":[[16.34623,48.197195],[16.338433,48.19589]]}},{"type":"Feature","properties":{"duration_avg":60.0,"n_vehicles":474,"d":516,"route_I_counts":"{\"6\": 237, \"7\": 237}","shape_id":"{\"21-U3-Y-j20-1.1.H\": 237, \"21-U3-j20-1.2.H\": 237}","direction_id":"{\"0\": 474}","headsign":"{\"Wien Simmering\": 474}","source":54,"target":53,"layer":"L","from":"Zieglergasse","to":"Neubaugasse"},"geometry":{"type":"LineString","coordinates":[[16.34623,48.197195],[16.352464,48.199243]]}},{"type":"Feature","properties":{"shape_id":"{\"21-U3-Y-j20-1.3.R\": 234, \"21-U3-Y-j20-1.4.R\": 1, \"21-U3-j20-1.3.R\": 234, \"21-U3-j20-1.4.R\": 1}","direction_id":"{\"1\": 470}","headsign":"{\"Wien Ottakring\": 470}","duration_avg":120.0,"n_vehicles":470,"d":756,"route_I_counts":"{\"6\": 235, \"7\": 235}","source":55,"target":56,"layer":"L","from":"Westbahnhof","to":"Schweglerstraße"},"geometry":{"type":"LineString","coordinates":[[16.338433,48.19589],[16.328623,48.197746]]}},{"type":"Feature","properties":{"duration_avg":60.0,"n_vehicles":500,"d":688,"route_I_counts":"{\"10\": 250, \"11\": 250}","shape_id":"{\"21-U6-Y-j20-1.5.R\": 168, \"21-U6-Y-j20-1.6.R\": 2, \"21-U6-Y-j20-1.8.R\": 80, \"21-U6-j20-1.5.R\": 168, \"21-U6-j20-1.7.R\": 2, \"21-U6-j20-1.9.R\": 80}","direction_id":"{\"1\": 500}","headsign":"{\"Wien Alterlaa\": 160, \"Wien Siebenhirten\": 340}","source":55,"target":89,"layer":"L","from":"Westbahnhof","to":"Gumpendorfer Straße"},"geometry":{"type":"LineString","coordinates":[[16.338433,48.19589],[16.337534,48.19083]]}},{"type":"Feature","properties":{"duration_avg":120.0,"n_vehicles":498,"d":720,"route_I_counts":"{\"10\": 249, \"11\": 249}","shape_id":"{\"21-U6-Y-j20-1.1.H\": 164, \"21-U6-Y-j20-1.3.H\": 85, \"21-U6-j20-1.1.H\": 164, \"21-U6-j20-1.3.H\": 85}","direction_id":"{\"0\": 498}","headsign":"{\"Wien Floridsdorf\": 498}","source":55,"target":88,"layer":"L","from":"Westbahnhof","to":"Burggasse-Stadthalle"},"geometry":{"type":"LineString","coordinates":[[16.338433,48.19589],[16.337148,48.203284]]}},{"type":"Feature","properties":{"duration_avg":60.0,"n_vehicles":474,"d":599,"route_I_counts":"{\"6\": 237, \"7\": 237}","shape_id":"{\"21-U3-Y-j20-1.1.H\": 237, \"21-U3-j20-1.2.H\": 237}","direction_id":"{\"0\": 474}","headsign":"{\"Wien Simmering\": 474}","source":55,"target":54,"layer":"L","from":"Westbahnhof","to":"Zieglergasse"},"geometry":{"type":"LineString","coordinates":[[16.338433,48.19589],[16.34623,48.197195]]}},{"type":"Feature","properties":{"shape_id":"{\"21-U3-Y-j20-1.3.R\": 234, \"21-U3-Y-j20-1.4.R\": 1, \"21-U3-j20-1.3.R\": 234, \"21-U3-j20-1.4.R\": 1}","direction_id":"{\"1\": 470}","headsign":"{\"Wien Ottakring\": 470}","duration_avg":120.0,"n_vehicles":470,"d":634,"route_I_counts":"{\"6\": 235, \"7\": 235}","source":56,"target":57,"layer":"L","from":"Schweglerstraße","to":"Johnstraße"},"geometry":{"type":"LineString","coordinates":[[16.328623,48.197746],[16.320071,48.197686]]}},{"type":"Feature","properties":{"duration_avg":120.0,"n_vehicles":474,"d":757,"route_I_counts":"{\"6\": 237, \"7\": 237}","shape_id":"{\"21-U3-Y-j20-1.1.H\": 237, \"21-U3-j20-1.2.H\": 237}","direction_id":"{\"0\": 474}","headsign":"{\"Wien Simmering\": 474}","source":56,"target":55,"layer":"L","from":"Schweglerstraße","to":"Westbahnhof"},"geometry":{"type":"LineString","coordinates":[[16.328623,48.197746],[16.338433,48.19589]]}},{"type":"Feature","properties":{"shape_id":"{\"21-U3-Y-j20-1.3.R\": 234, \"21-U3-Y-j20-1.4.R\": 1, \"21-U3-j20-1.3.R\": 234, \"21-U3-j20-1.4.R\": 1}","direction_id":"{\"1\": 470}","headsign":"{\"Wien Ottakring\": 470}","duration_avg":60.0,"n_vehicles":470,"d":681,"route_I_counts":"{\"6\": 235, \"7\": 235}","source":57,"target":58,"layer":"L","from":"Johnstraße","to":"Hütteldorfer Straße"},"geometry":{"type":"LineString","coordinates":[[16.320071,48.197686],[16.311456,48.199818]]}},{"type":"Feature","properties":{"duration_avg":120.0,"n_vehicles":474,"d":635,"route_I_counts":"{\"6\": 237, \"7\": 237}","shape_id":"{\"21-U3-Y-j20-1.1.H\": 237, \"21-U3-j20-1.2.H\": 237}","direction_id":"{\"0\": 474}","headsign":"{\"Wien Simmering\": 474}","source":57,"target":56,"layer":"L","from":"Johnstraße","to":"Schweglerstraße"},"geometry":{"type":"LineString","coordinates":[[16.320071,48.197686],[16.328623,48.197746]]}},{"type":"Feature","properties":{"shape_id":"{\"21-U3-Y-j20-1.3.R\": 234, \"21-U3-Y-j20-1.4.R\": 1, \"21-U3-j20-1.3.R\": 234, \"21-U3-j20-1.4.R\": 1}","direction_id":"{\"1\": 470}","headsign":"{\"Wien Ottakring\": 470}","duration_avg":60.0,"n_vehicles":470,"d":553,"route_I_counts":"{\"6\": 235, \"7\": 235}","source":58,"target":59,"layer":"L","from":"Hütteldorfer Straße","to":"Kendlerstraße"},"geometry":{"type":"LineString","coordinates":[[16.311456,48.199818],[16.309219,48.204566]]}},{"type":"Feature","properties":{"duration_avg":60.0,"n_vehicles":476,"d":688,"route_I_counts":"{\"6\": 238, \"7\": 238}","shape_id":"{\"21-U3-Y-j20-1.1.H\": 238, \"21-U3-j20-1.2.H\": 238}","direction_id":"{\"0\": 476}","headsign":"{\"Wien Simmering\": 476}","source":58,"target":57,"layer":"L","from":"Hütteldorfer Straße","to":"Johnstraße"},"geometry":{"type":"LineString","coordinates":[[16.311456,48.199818],[16.320071,48.197686]]}},{"type":"Feature","properties":{"shape_id":"{\"21-U3-Y-j20-1.3.R\": 233, \"21-U3-Y-j20-1.4.R\": 1, \"21-U3-j20-1.3.R\": 233, \"21-U3-j20-1.4.R\": 1}","direction_id":"{\"1\": 468}","headsign":"{\"Wien Ottakring\": 468}","duration_avg":60.0,"n_vehicles":468,"d":797,"route_I_counts":"{\"6\": 234, \"7\": 234}","source":59,"target":60,"layer":"L","from":"Kendlerstraße","to":"Ottakring"},"geometry":{"type":"LineString","coordinates":[[16.309219,48.204566],[16.311591,48.211552]]}},{"type":"Feature","properties":{"duration_avg":60.0,"n_vehicles":476,"d":560,"route_I_counts":"{\"6\": 238, \"7\": 238}","shape_id":"{\"21-U3-Y-j20-1.1.H\": 238, \"21-U3-j20-1.2.H\": 238}","direction_id":"{\"0\": 476}","headsign":"{\"Wien Simmering\": 476}","source":59,"target":58,"layer":"L","from":"Kendlerstraße","to":"Hütteldorfer Straße"},"geometry":{"type":"LineString","coordinates":[[16.309219,48.204566],[16.311456,48.199818]]}},{"type":"Feature","properties":{"duration_avg":60.0,"n_vehicles":476,"d":797,"route_I_counts":"{\"6\": 238, \"7\": 238}","shape_id":"{\"21-U3-Y-j20-1.1.H\": 238, \"21-U3-j20-1.2.H\": 238}","direction_id":"{\"0\": 476}","headsign":"{\"Wien Simmering\": 476}","source":60,"target":59,"layer":"L","from":"Ottakring","to":"Kendlerstraße"},"geometry":{"type":"LineString","coordinates":[[16.311591,48.211552],[16.309219,48.204566]]}},{"type":"Feature","properties":{"shape_id":"{\"21-U4-Y-j20-1.1.H\": 229, \"21-U4-j20-1.1.H\": 229}","direction_id":"{\"0\": 458}","headsign":"{\"Wien Heiligenstadt\": 458}","duration_avg":120.0,"n_vehicles":458,"d":1255,"route_I_counts":"{\"8\": 229, \"9\": 229}","source":61,"target":62,"layer":"L","from":"Hütteldorf","to":"Ober St. Veit"},"geometry":{"type":"LineString","coordinates":[[16.260719,48.196944],[16.276072,48.192213]]}},{"type":"Feature","properties":{"shape_id":"{\"21-U4-Y-j20-1.1.H\": 228, \"21-U4-j20-1.1.H\": 228}","direction_id":"{\"0\": 456}","headsign":"{\"Wien Heiligenstadt\": 456}","duration_avg":60.0,"n_vehicles":456,"d":764,"route_I_counts":"{\"8\": 228, \"9\": 228}","source":62,"target":63,"layer":"L","from":"Ober St. Veit","to":"Unter St. Veit"},"geometry":{"type":"LineString","coordinates":[[16.276072,48.192213],[16.286232,48.191057]]}},{"type":"Feature","properties":{"duration_avg":120.0,"n_vehicles":450,"d":1253,"route_I_counts":"{\"8\": 225, \"9\": 225}","shape_id":"{\"21-U4-Y-j20-1.2.R\": 225, \"21-U4-j20-1.2.R\": 225}","direction_id":"{\"1\": 450}","headsign":"{\"Wien Hütteldorf\": 450}","source":62,"target":61,"layer":"L","from":"Ober St. Veit","to":"Hütteldorf"},"geometry":{"type":"LineString","coordinates":[[16.276072,48.192213],[16.260719,48.196944]]}},{"type":"Feature","properties":{"shape_id":"{\"21-U4-Y-j20-1.1.H\": 228, \"21-U4-j20-1.1.H\": 228}","direction_id":"{\"0\": 456}","headsign":"{\"Wien Heiligenstadt\": 456}","duration_avg":120.0,"n_vehicles":456,"d":736,"route_I_counts":"{\"8\": 228, \"9\": 228}","source":63,"target":64,"layer":"L","from":"Unter St. Veit","to":"Braunschweiggasse"},"geometry":{"type":"LineString","coordinates":[[16.286232,48.191057],[16.295817,48.18935]]}},{"type":"Feature","properties":{"duration_avg":60.0,"n_vehicles":450,"d":765,"route_I_counts":"{\"8\": 225, \"9\": 225}","shape_id":"{\"21-U4-Y-j20-1.2.R\": 225, \"21-U4-j20-1.2.R\": 225}","direction_id":"{\"1\": 450}","headsign":"{\"Wien Hütteldorf\": 450}","source":63,"target":62,"layer":"L","from":"Unter St. Veit","to":"Ober St. Veit"},"geometry":{"type":"LineString","coordinates":[[16.286232,48.191057],[16.276072,48.192213]]}},{"type":"Feature","properties":{"shape_id":"{\"21-U4-Y-j20-1.1.H\": 228, \"21-U4-j20-1.1.H\": 228}","direction_id":"{\"0\": 456}","headsign":"{\"Wien Heiligenstadt\": 456}","duration_avg":60.0,"n_vehicles":456,"d":697,"route_I_counts":"{\"8\": 228, \"9\": 228}","source":64,"target":65,"layer":"L","from":"Braunschweiggasse","to":"Hietzing"},"geometry":{"type":"LineString","coordinates":[[16.295817,48.18935],[16.304809,48.187518]]}},{"type":"Feature","properties":{"duration_avg":120.0,"n_vehicles":450,"d":737,"route_I_counts":"{\"8\": 225, \"9\": 225}","shape_id":"{\"21-U4-Y-j20-1.2.R\": 225, \"21-U4-j20-1.2.R\": 225}","direction_id":"{\"1\": 450}","headsign":"{\"Wien Hütteldorf\": 450}","source":64,"target":63,"layer":"L","from":"Braunschweiggasse","to":"Unter St. Veit"},"geometry":{"type":"LineString","coordinates":[[16.295817,48.18935],[16.286232,48.191057]]}},{"type":"Feature","properties":{"shape_id":"{\"21-U4-Y-j20-1.1.H\": 228, \"21-U4-j20-1.1.H\": 228}","direction_id":"{\"0\": 456}","headsign":"{\"Wien Heiligenstadt\": 456}","duration_avg":120.0,"n_vehicles":456,"d":1057,"route_I_counts":"{\"8\": 228, \"9\": 228}","source":65,"target":66,"layer":"L","from":"Hietzing","to":"Schönbrunn"},"geometry":{"type":"LineString","coordinates":[[16.304809,48.187518],[16.318876,48.186026]]}},{"type":"Feature","properties":{"duration_avg":60.0,"n_vehicles":450,"d":696,"route_I_counts":"{\"8\": 225, \"9\": 225}","shape_id":"{\"21-U4-Y-j20-1.2.R\": 225, \"21-U4-j20-1.2.R\": 225}","direction_id":"{\"1\": 450}","headsign":"{\"Wien Hütteldorf\": 450}","source":65,"target":64,"layer":"L","from":"Hietzing","to":"Braunschweiggasse"},"geometry":{"type":"LineString","coordinates":[[16.304809,48.187518],[16.295817,48.18935]]}},{"type":"Feature","properties":{"shape_id":"{\"21-U4-Y-j20-1.1.H\": 228, \"21-U4-j20-1.1.H\": 228}","direction_id":"{\"0\": 456}","headsign":"{\"Wien Heiligenstadt\": 456}","duration_avg":60.0,"n_vehicles":456,"d":718,"route_I_counts":"{\"8\": 228, \"9\": 228}","source":66,"target":67,"layer":"L","from":"Schönbrunn","to":"Meidling Hauptstraße"},"geometry":{"type":"LineString","coordinates":[[16.318876,48.186026],[16.32785,48.183613]]}},{"type":"Feature","properties":{"duration_avg":120.0,"n_vehicles":450,"d":1058,"route_I_counts":"{\"8\": 225, \"9\": 225}","shape_id":"{\"21-U4-Y-j20-1.2.R\": 225, \"21-U4-j20-1.2.R\": 225}","direction_id":"{\"1\": 450}","headsign":"{\"Wien Hütteldorf\": 450}","source":66,"target":65,"layer":"L","from":"Schönbrunn","to":"Hietzing"},"geometry":{"type":"LineString","coordinates":[[16.318876,48.186026],[16.304809,48.187518]]}},{"type":"Feature","properties":{"shape_id":"{\"21-U4-Y-j20-1.1.H\": 228, \"21-U4-j20-1.1.H\": 228}","direction_id":"{\"0\": 456}","headsign":"{\"Wien Heiligenstadt\": 456}","duration_avg":60.0,"n_vehicles":456,"d":549,"route_I_counts":"{\"8\": 228, \"9\": 228}","source":67,"target":68,"layer":"L","from":"Meidling Hauptstraße","to":"Längenfeldgasse"},"geometry":{"type":"LineString","coordinates":[[16.32785,48.183613],[16.335028,48.184829]]}},{"type":"Feature","properties":{"duration_avg":60.0,"n_vehicles":452,"d":715,"route_I_counts":"{\"8\": 226, \"9\": 226}","shape_id":"{\"21-U4-Y-j20-1.2.R\": 226, \"21-U4-j20-1.2.R\": 226}","direction_id":"{\"1\": 452}","headsign":"{\"Wien Hütteldorf\": 452}","source":67,"target":66,"layer":"L","from":"Meidling Hauptstraße","to":"Schönbrunn"},"geometry":{"type":"LineString","coordinates":[[16.32785,48.183613],[16.318876,48.186026]]}},{"type":"Feature","properties":{"shape_id":"{\"21-U4-Y-j20-1.1.H\": 227, \"21-U4-j20-1.1.H\": 227}","direction_id":"{\"0\": 454}","headsign":"{\"Wien Heiligenstadt\": 454}","duration_avg":120.0,"n_vehicles":454,"d":720,"route_I_counts":"{\"8\": 227, \"9\": 227}","source":68,"target":69,"layer":"L","from":"Längenfeldgasse","to":"Margaretengürtel"},"geometry":{"type":"LineString","coordinates":[[16.335028,48.184829],[16.343059,48.188464]]}},{"type":"Feature","properties":{"duration_avg":60.0,"n_vehicles":500,"d":534,"route_I_counts":"{\"10\": 250, \"11\": 250}","shape_id":"{\"21-U6-Y-j20-1.5.R\": 168, \"21-U6-Y-j20-1.6.R\": 2, \"21-U6-Y-j20-1.8.R\": 80, \"21-U6-j20-1.5.R\": 168, \"21-U6-j20-1.7.R\": 2, \"21-U6-j20-1.9.R\": 80}","direction_id":"{\"1\": 500}","headsign":"{\"Wien Alterlaa\": 160, \"Wien Siebenhirten\": 340}","source":68,"target":90,"layer":"L","from":"Längenfeldgasse","to":"Niederhofstraße"},"geometry":{"type":"LineString","coordinates":[[16.335028,48.184829],[16.331129,48.180816]]}},{"type":"Feature","properties":{"duration_avg":120.0,"n_vehicles":498,"d":697,"route_I_counts":"{\"10\": 249, \"11\": 249}","shape_id":"{\"21-U6-Y-j20-1.1.H\": 164, \"21-U6-Y-j20-1.3.H\": 85, \"21-U6-j20-1.1.H\": 164, \"21-U6-j20-1.3.H\": 85}","direction_id":"{\"0\": 498}","headsign":"{\"Wien Floridsdorf\": 498}","source":68,"target":89,"layer":"L","from":"Längenfeldgasse","to":"Gumpendorfer Straße"},"geometry":{"type":"LineString","coordinates":[[16.335028,48.184829],[16.337534,48.19083]]}},{"type":"Feature","properties":{"duration_avg":60.0,"n_vehicles":452,"d":541,"route_I_counts":"{\"8\": 226, \"9\": 226}","shape_id":"{\"21-U4-Y-j20-1.2.R\": 226, \"21-U4-j20-1.2.R\": 226}","direction_id":"{\"1\": 452}","headsign":"{\"Wien Hütteldorf\": 452}","source":68,"target":67,"layer":"L","from":"Längenfeldgasse","to":"Meidling Hauptstraße"},"geometry":{"type":"LineString","coordinates":[[16.335028,48.184829],[16.32785,48.183613]]}},{"type":"Feature","properties":{"shape_id":"{\"21-U4-Y-j20-1.1.H\": 227, \"21-U4-j20-1.1.H\": 227}","direction_id":"{\"0\": 454}","headsign":"{\"Wien Heiligenstadt\": 454}","duration_avg":120.0,"n_vehicles":454,"d":932,"route_I_counts":"{\"8\": 227, \"9\": 227}","source":69,"target":70,"layer":"L","from":"Margaretengürtel","to":"Pilgramgasse"},"geometry":{"type":"LineString","coordinates":[[16.343059,48.188464],[16.354342,48.192147]]}},{"type":"Feature","properties":{"duration_avg":120.0,"n_vehicles":452,"d":725,"route_I_counts":"{\"8\": 226, \"9\": 226}","shape_id":"{\"21-U4-Y-j20-1.2.R\": 226, \"21-U4-j20-1.2.R\": 226}","direction_id":"{\"1\": 452}","headsign":"{\"Wien Hütteldorf\": 452}","source":69,"target":68,"layer":"L","from":"Margaretengürtel","to":"Längenfeldgasse"},"geometry":{"type":"LineString","coordinates":[[16.343059,48.188464],[16.335028,48.184829]]}},{"type":"Feature","properties":{"shape_id":"{\"21-U4-Y-j20-1.1.H\": 227, \"21-U4-j20-1.1.H\": 227}","direction_id":"{\"0\": 454}","headsign":"{\"Wien Heiligenstadt\": 454}","duration_avg":60.0,"n_vehicles":454,"d":569,"route_I_counts":"{\"8\": 227, \"9\": 227}","source":70,"target":71,"layer":"L","from":"Pilgramgasse","to":"Kettenbrückengasse"},"geometry":{"type":"LineString","coordinates":[[16.354342,48.192147],[16.358097,48.196608]]}},{"type":"Feature","properties":{"duration_avg":120.0,"n_vehicles":452,"d":925,"route_I_counts":"{\"8\": 226, \"9\": 226}","shape_id":"{\"21-U4-Y-j20-1.2.R\": 226, \"21-U4-j20-1.2.R\": 226}","direction_id":"{\"1\": 452}","headsign":"{\"Wien Hütteldorf\": 452}","source":70,"target":69,"layer":"L","from":"Pilgramgasse","to":"Margaretengürtel"},"geometry":{"type":"LineString","coordinates":[[16.354342,48.192147],[16.343059,48.188464]]}},{"type":"Feature","properties":{"duration_avg":120.0,"n_vehicles":454,"d":951,"route_I_counts":"{\"8\": 227, \"9\": 227}","shape_id":"{\"21-U4-Y-j20-1.1.H\": 227, \"21-U4-j20-1.1.H\": 227}","direction_id":"{\"0\": 454}","headsign":"{\"Wien Heiligenstadt\": 454}","source":71,"target":14,"layer":"L","from":"Kettenbrückengasse","to":"Karlsplatz"},"geometry":{"type":"LineString","coordinates":[[16.358097,48.196608],[16.368993,48.201231]]}},{"type":"Feature","properties":{"duration_avg":60.0,"n_vehicles":452,"d":575,"route_I_counts":"{\"8\": 226, \"9\": 226}","shape_id":"{\"21-U4-Y-j20-1.2.R\": 226, \"21-U4-j20-1.2.R\": 226}","direction_id":"{\"1\": 452}","headsign":"{\"Wien Hütteldorf\": 452}","source":71,"target":70,"layer":"L","from":"Kettenbrückengasse","to":"Pilgramgasse"},"geometry":{"type":"LineString","coordinates":[[16.358097,48.196608],[16.354342,48.192147]]}},{"type":"Feature","properties":{"duration_avg":60.0,"n_vehicles":452,"d":594,"route_I_counts":"{\"8\": 226, \"9\": 226}","shape_id":"{\"21-U4-Y-j20-1.1.H\": 226, \"21-U4-j20-1.1.H\": 226}","direction_id":"{\"0\": 452}","headsign":"{\"Wien Heiligenstadt\": 452}","source":72,"target":50,"layer":"L","from":"Stadtpark","to":"Landstraße"},"geometry":{"type":"LineString","coordinates":[[16.379746,48.202805],[16.385612,48.205829]]}},{"type":"Feature","properties":{"duration_avg":120.0,"n_vehicles":454,"d":790,"route_I_counts":"{\"8\": 227, \"9\": 227}","shape_id":"{\"21-U4-Y-j20-1.2.R\": 227, \"21-U4-j20-1.2.R\": 227}","direction_id":"{\"1\": 454}","headsign":"{\"Wien Hütteldorf\": 454}","source":72,"target":14,"layer":"L","from":"Stadtpark","to":"Karlsplatz"},"geometry":{"type":"LineString","coordinates":[[16.379746,48.202805],[16.368993,48.201231]]}},{"type":"Feature","properties":{"shape_id":"{\"21-U4-Y-j20-1.1.H\": 225, \"21-U4-j20-1.1.H\": 225}","direction_id":"{\"0\": 450}","headsign":"{\"Wien Heiligenstadt\": 450}","duration_avg":60.0,"n_vehicles":450,"d":628,"route_I_counts":"{\"8\": 225, \"9\": 225}","source":73,"target":74,"layer":"L","from":"Roßauer Lände","to":"Friedensbrücke"},"geometry":{"type":"LineString","coordinates":[[16.367619,48.222356],[16.364358,48.227569]]}},{"type":"Feature","properties":{"duration_avg":120.0,"n_vehicles":456,"d":719,"route_I_counts":"{\"8\": 228, \"9\": 228}","shape_id":"{\"21-U4-Y-j20-1.2.R\": 228, \"21-U4-j20-1.2.R\": 228}","direction_id":"{\"1\": 456}","headsign":"{\"Wien Hütteldorf\": 456}","source":73,"target":28,"layer":"L","from":"Roßauer Lände","to":"Schottenring"},"geometry":{"type":"LineString","coordinates":[[16.367619,48.222356],[16.372263,48.217251]]}},{"type":"Feature","properties":{"shape_id":"{\"21-U4-Y-j20-1.1.H\": 225, \"21-U4-j20-1.1.H\": 225}","direction_id":"{\"0\": 450}","headsign":"{\"Wien Heiligenstadt\": 450}","duration_avg":60.0,"n_vehicles":450,"d":917,"route_I_counts":"{\"8\": 225, \"9\": 225}","source":74,"target":75,"layer":"L","from":"Friedensbrücke","to":"Spittelau"},"geometry":{"type":"LineString","coordinates":[[16.364358,48.227569],[16.3586,48.234863]]}},{"type":"Feature","properties":{"duration_avg":60.0,"n_vehicles":456,"d":625,"route_I_counts":"{\"8\": 228, \"9\": 228}","shape_id":"{\"21-U4-Y-j20-1.2.R\": 228, \"21-U4-j20-1.2.R\": 228}","direction_id":"{\"1\": 456}","headsign":"{\"Wien Hütteldorf\": 456}","source":74,"target":73,"layer":"L","from":"Friedensbrücke","to":"Roßauer Lände"},"geometry":{"type":"LineString","coordinates":[[16.364358,48.227569],[16.367619,48.222356]]}},{"type":"Feature","properties":{"shape_id":"{\"21-U4-Y-j20-1.1.H\": 225, \"21-U4-j20-1.1.H\": 225}","direction_id":"{\"0\": 450}","headsign":"{\"Wien Heiligenstadt\": 450}","duration_avg":120.0,"n_vehicles":450,"d":1653,"route_I_counts":"{\"8\": 225, \"9\": 225}","source":75,"target":76,"layer":"L","from":"Spittelau","to":"Heiligenstadt"},"geometry":{"type":"LineString","coordinates":[[16.3586,48.234863],[16.36611,48.248845]]}},{"type":"Feature","properties":{"duration_avg":60.0,"n_vehicles":456,"d":921,"route_I_counts":"{\"8\": 228, \"9\": 228}","shape_id":"{\"21-U4-Y-j20-1.2.R\": 228, \"21-U4-j20-1.2.R\": 228}","direction_id":"{\"1\": 456}","headsign":"{\"Wien Hütteldorf\": 456}","source":75,"target":74,"layer":"L","from":"Spittelau","to":"Friedensbrücke"},"geometry":{"type":"LineString","coordinates":[[16.3586,48.234863],[16.364358,48.227569]]}},{"type":"Feature","properties":{"duration_avg":120.0,"n_vehicles":500,"d":642,"route_I_counts":"{\"10\": 250, \"11\": 250}","shape_id":"{\"21-U6-Y-j20-1.5.R\": 170, \"21-U6-Y-j20-1.8.R\": 80, \"21-U6-j20-1.5.R\": 170, \"21-U6-j20-1.9.R\": 80}","direction_id":"{\"1\": 500}","headsign":"{\"Wien Alterlaa\": 160, \"Wien Siebenhirten\": 340}","source":75,"target":82,"layer":"L","from":"Spittelau","to":"Nußdorfer Straße"},"geometry":{"type":"LineString","coordinates":[[16.3586,48.234863],[16.352348,48.231333]]}},{"type":"Feature","properties":{"duration_avg":60.0,"n_vehicles":512,"d":787,"route_I_counts":"{\"10\": 256, \"11\": 256}","shape_id":"{\"21-U6-Y-j20-1.1.H\": 162, \"21-U6-Y-j20-1.2.H\": 9, \"21-U6-Y-j20-1.3.H\": 85, \"21-U6-j20-1.1.H\": 162, \"21-U6-j20-1.2.H\": 9, \"21-U6-j20-1.3.H\": 85}","direction_id":"{\"0\": 512}","headsign":"{\"Wien Floridsdorf\": 512}","source":75,"target":81,"layer":"L","from":"Spittelau","to":"Jägerstraße"},"geometry":{"type":"LineString","coordinates":[[16.3586,48.234863],[16.368697,48.235252]]}},{"type":"Feature","properties":{"duration_avg":120.0,"n_vehicles":456,"d":1656,"route_I_counts":"{\"8\": 228, \"9\": 228}","shape_id":"{\"21-U4-Y-j20-1.2.R\": 228, \"21-U4-j20-1.2.R\": 228}","direction_id":"{\"1\": 456}","headsign":"{\"Wien Hütteldorf\": 456}","source":76,"target":75,"layer":"L","from":"Heiligenstadt","to":"Spittelau"},"geometry":{"type":"LineString","coordinates":[[16.36611,48.248845],[16.3586,48.234863]]}},{"type":"Feature","properties":{"shape_id":"{\"21-U6-Y-j20-1.5.R\": 171, \"21-U6-Y-j20-1.8.R\": 80, \"21-U6-j20-1.5.R\": 171, \"21-U6-j20-1.9.R\": 80}","direction_id":"{\"1\": 502}","headsign":"{\"Wien Alterlaa\": 160, \"Wien Siebenhirten\": 342}","duration_avg":120.0,"n_vehicles":502,"d":1168,"route_I_counts":"{\"10\": 251, \"11\": 251}","source":77,"target":78,"layer":"L","from":"Floridsdorf","to":"Neue Donau"},"geometry":{"type":"LineString","coordinates":[[16.400407,48.25622],[16.394793,48.246416]]}},{"type":"Feature","properties":{"shape_id":"{\"21-U6-Y-j20-1.5.R\": 170, \"21-U6-Y-j20-1.8.R\": 80, \"21-U6-j20-1.5.R\": 170, \"21-U6-j20-1.9.R\": 80}","direction_id":"{\"1\": 500}","headsign":"{\"Wien Alterlaa\": 160, \"Wien Siebenhirten\": 340}","duration_avg":60.0,"n_vehicles":500,"d":844,"route_I_counts":"{\"10\": 250, \"11\": 250}","source":78,"target":79,"layer":"L","from":"Neue Donau","to":"Handelskai"},"geometry":{"type":"LineString","coordinates":[[16.394793,48.246416],[16.385648,48.241887]]}},{"type":"Feature","properties":{"duration_avg":120.0,"n_vehicles":512,"d":1168,"route_I_counts":"{\"10\": 256, \"11\": 256}","shape_id":"{\"21-U6-Y-j20-1.1.H\": 162, \"21-U6-Y-j20-1.2.H\": 9, \"21-U6-Y-j20-1.3.H\": 85, \"21-U6-j20-1.1.H\": 162, \"21-U6-j20-1.2.H\": 9, \"21-U6-j20-1.3.H\": 85}","direction_id":"{\"0\": 512}","headsign":"{\"Wien Floridsdorf\": 512}","source":78,"target":77,"layer":"L","from":"Neue Donau","to":"Floridsdorf"},"geometry":{"type":"LineString","coordinates":[[16.394793,48.246416],[16.400407,48.25622]]}},{"type":"Feature","properties":{"shape_id":"{\"21-U6-Y-j20-1.5.R\": 170, \"21-U6-Y-j20-1.8.R\": 80, \"21-U6-j20-1.5.R\": 170, \"21-U6-j20-1.9.R\": 80}","direction_id":"{\"1\": 500}","headsign":"{\"Wien Alterlaa\": 160, \"Wien Siebenhirten\": 340}","duration_avg":60.0,"n_vehicles":500,"d":662,"route_I_counts":"{\"10\": 250, \"11\": 250}","source":79,"target":80,"layer":"L","from":"Handelskai","to":"Dresdner Straße"},"geometry":{"type":"LineString","coordinates":[[16.385648,48.241887],[16.380043,48.23725]]}},{"type":"Feature","properties":{"duration_avg":60.0,"n_vehicles":512,"d":846,"route_I_counts":"{\"10\": 256, \"11\": 256}","shape_id":"{\"21-U6-Y-j20-1.1.H\": 162, \"21-U6-Y-j20-1.2.H\": 9, \"21-U6-Y-j20-1.3.H\": 85, \"21-U6-j20-1.1.H\": 162, \"21-U6-j20-1.2.H\": 9, \"21-U6-j20-1.3.H\": 85}","direction_id":"{\"0\": 512}","headsign":"{\"Wien Floridsdorf\": 512}","source":79,"target":78,"layer":"L","from":"Handelskai","to":"Neue Donau"},"geometry":{"type":"LineString","coordinates":[[16.385648,48.241887],[16.394793,48.246416]]}},{"type":"Feature","properties":{"shape_id":"{\"21-U6-Y-j20-1.5.R\": 170, \"21-U6-Y-j20-1.8.R\": 80, \"21-U6-j20-1.5.R\": 170, \"21-U6-j20-1.9.R\": 80}","direction_id":"{\"1\": 500}","headsign":"{\"Wien Alterlaa\": 160, \"Wien Siebenhirten\": 340}","duration_avg":120.0,"n_vehicles":500,"d":870,"route_I_counts":"{\"10\": 250, \"11\": 250}","source":80,"target":81,"layer":"L","from":"Dresdner Straße","to":"Jägerstraße"},"geometry":{"type":"LineString","coordinates":[[16.380043,48.23725],[16.368697,48.235252]]}},{"type":"Feature","properties":{"duration_avg":60.0,"n_vehicles":512,"d":661,"route_I_counts":"{\"10\": 256, \"11\": 256}","shape_id":"{\"21-U6-Y-j20-1.1.H\": 162, \"21-U6-Y-j20-1.2.H\": 9, \"21-U6-Y-j20-1.3.H\": 85, \"21-U6-j20-1.1.H\": 162, \"21-U6-j20-1.2.H\": 9, \"21-U6-j20-1.3.H\": 85}","direction_id":"{\"0\": 512}","headsign":"{\"Wien Floridsdorf\": 512}","source":80,"target":79,"layer":"L","from":"Dresdner Straße","to":"Handelskai"},"geometry":{"type":"LineString","coordinates":[[16.380043,48.23725],[16.385648,48.241887]]}},{"type":"Feature","properties":{"duration_avg":120.0,"n_vehicles":512,"d":874,"route_I_counts":"{\"10\": 256, \"11\": 256}","shape_id":"{\"21-U6-Y-j20-1.1.H\": 162, \"21-U6-Y-j20-1.2.H\": 9, \"21-U6-Y-j20-1.3.H\": 85, \"21-U6-j20-1.1.H\": 162, \"21-U6-j20-1.2.H\": 9, \"21-U6-j20-1.3.H\": 85}","direction_id":"{\"0\": 512}","headsign":"{\"Wien Floridsdorf\": 512}","source":81,"target":80,"layer":"L","from":"Jägerstraße","to":"Dresdner Straße"},"geometry":{"type":"LineString","coordinates":[[16.368697,48.235252],[16.380043,48.23725]]}},{"type":"Feature","properties":{"duration_avg":60.0,"n_vehicles":500,"d":789,"route_I_counts":"{\"10\": 250, \"11\": 250}","shape_id":"{\"21-U6-Y-j20-1.5.R\": 170, \"21-U6-Y-j20-1.8.R\": 80, \"21-U6-j20-1.5.R\": 170, \"21-U6-j20-1.9.R\": 80}","direction_id":"{\"1\": 500}","headsign":"{\"Wien Alterlaa\": 160, \"Wien Siebenhirten\": 340}","source":81,"target":75,"layer":"L","from":"Jägerstraße","to":"Spittelau"},"geometry":{"type":"LineString","coordinates":[[16.368697,48.235252],[16.3586,48.234863]]}},{"type":"Feature","properties":{"shape_id":"{\"21-U6-Y-j20-1.5.R\": 169, \"21-U6-Y-j20-1.8.R\": 80, \"21-U6-j20-1.5.R\": 169, \"21-U6-j20-1.9.R\": 80}","direction_id":"{\"1\": 498}","headsign":"{\"Wien Alterlaa\": 160, \"Wien Siebenhirten\": 338}","duration_avg":60.0,"n_vehicles":498,"d":664,"route_I_counts":"{\"10\": 249, \"11\": 249}","source":82,"target":83,"layer":"L","from":"Nußdorfer Straße","to":"Währinger Str.-Volksoper"},"geometry":{"type":"LineString","coordinates":[[16.352348,48.231333],[16.349491,48.225678]]}},{"type":"Feature","properties":{"duration_avg":120.0,"n_vehicles":514,"d":638,"route_I_counts":"{\"10\": 257, \"11\": 257}","shape_id":"{\"21-U6-Y-j20-1.1.H\": 163, \"21-U6-Y-j20-1.2.H\": 9, \"21-U6-Y-j20-1.3.H\": 85, \"21-U6-j20-1.1.H\": 163, \"21-U6-j20-1.2.H\": 9, \"21-U6-j20-1.3.H\": 85}","direction_id":"{\"0\": 514}","headsign":"{\"Wien Floridsdorf\": 514}","source":82,"target":75,"layer":"L","from":"Nußdorfer Straße","to":"Spittelau"},"geometry":{"type":"LineString","coordinates":[[16.352348,48.231333],[16.3586,48.234863]]}},{"type":"Feature","properties":{"shape_id":"{\"21-U6-Y-j20-1.5.R\": 169, \"21-U6-Y-j20-1.8.R\": 80, \"21-U6-j20-1.5.R\": 169, \"21-U6-j20-1.9.R\": 80}","direction_id":"{\"1\": 498}","headsign":"{\"Wien Alterlaa\": 160, \"Wien Siebenhirten\": 338}","duration_avg":120.0,"n_vehicles":498,"d":620,"route_I_counts":"{\"10\": 249, \"11\": 249}","source":83,"target":84,"layer":"L","from":"Währinger Str.-Volksoper","to":"Michelbeuern-AKH"},"geometry":{"type":"LineString","coordinates":[[16.349491,48.225678],[16.34429,48.221315]]}},{"type":"Feature","properties":{"duration_avg":60.0,"n_vehicles":514,"d":658,"route_I_counts":"{\"10\": 257, \"11\": 257}","shape_id":"{\"21-U6-Y-j20-1.1.H\": 163, \"21-U6-Y-j20-1.2.H\": 9, \"21-U6-Y-j20-1.3.H\": 85, \"21-U6-j20-1.1.H\": 163, \"21-U6-j20-1.2.H\": 9, \"21-U6-j20-1.3.H\": 85}","direction_id":"{\"0\": 514}","headsign":"{\"Wien Floridsdorf\": 514}","source":83,"target":82,"layer":"L","from":"Währinger Str.-Volksoper","to":"Nußdorfer Straße"},"geometry":{"type":"LineString","coordinates":[[16.349491,48.225678],[16.352348,48.231333]]}},{"type":"Feature","properties":{"shape_id":"{\"21-U6-Y-j20-1.5.R\": 169, \"21-U6-Y-j20-1.6.R\": 2, \"21-U6-Y-j20-1.8.R\": 80, \"21-U6-j20-1.5.R\": 169, \"21-U6-j20-1.7.R\": 2, \"21-U6-j20-1.9.R\": 80}","direction_id":"{\"1\": 502}","headsign":"{\"Wien Alterlaa\": 160, \"Wien Siebenhirten\": 342}","duration_avg":60.0,"n_vehicles":502,"d":532,"route_I_counts":"{\"10\": 251, \"11\": 251}","source":84,"target":85,"layer":"L","from":"Michelbeuern-AKH","to":"Alser Straße"},"geometry":{"type":"LineString","coordinates":[[16.34429,48.221315],[16.341756,48.216838]]}},{"type":"Feature","properties":{"duration_avg":120.0,"n_vehicles":514,"d":622,"route_I_counts":"{\"10\": 257, \"11\": 257}","shape_id":"{\"21-U6-Y-j20-1.1.H\": 163, \"21-U6-Y-j20-1.2.H\": 9, \"21-U6-Y-j20-1.3.H\": 85, \"21-U6-j20-1.1.H\": 163, \"21-U6-j20-1.2.H\": 9, \"21-U6-j20-1.3.H\": 85}","direction_id":"{\"0\": 514}","headsign":"{\"Wien Floridsdorf\": 514}","source":84,"target":83,"layer":"L","from":"Michelbeuern-AKH","to":"Währinger Str.-Volksoper"},"geometry":{"type":"LineString","coordinates":[[16.34429,48.221315],[16.349491,48.225678]]}},{"type":"Feature","properties":{"shape_id":"{\"21-U6-Y-j20-1.5.R\": 169, \"21-U6-Y-j20-1.6.R\": 2, \"21-U6-Y-j20-1.8.R\": 80, \"21-U6-j20-1.5.R\": 169, \"21-U6-j20-1.7.R\": 2, \"21-U6-j20-1.9.R\": 80}","direction_id":"{\"1\": 502}","headsign":"{\"Wien Alterlaa\": 160, \"Wien Siebenhirten\": 342}","duration_avg":120.0,"n_vehicles":502,"d":604,"route_I_counts":"{\"10\": 251, \"11\": 251}","source":85,"target":86,"layer":"L","from":"Alser Straße","to":"Josefstädter Straße"},"geometry":{"type":"LineString","coordinates":[[16.341756,48.216838],[16.339142,48.21169]]}},{"type":"Feature","properties":{"duration_avg":60.0,"n_vehicles":496,"d":530,"route_I_counts":"{\"10\": 248, \"11\": 248}","shape_id":"{\"21-U6-Y-j20-1.1.H\": 163, \"21-U6-Y-j20-1.3.H\": 85, \"21-U6-j20-1.1.H\": 163, \"21-U6-j20-1.3.H\": 85}","direction_id":"{\"0\": 496}","headsign":"{\"Wien Floridsdorf\": 496}","source":85,"target":84,"layer":"L","from":"Alser Straße","to":"Michelbeuern-AKH"},"geometry":{"type":"LineString","coordinates":[[16.341756,48.216838],[16.34429,48.221315]]}},{"type":"Feature","properties":{"shape_id":"{\"21-U6-Y-j20-1.5.R\": 169, \"21-U6-Y-j20-1.6.R\": 2, \"21-U6-Y-j20-1.8.R\": 80, \"21-U6-j20-1.5.R\": 169, \"21-U6-j20-1.7.R\": 2, \"21-U6-j20-1.9.R\": 80}","direction_id":"{\"1\": 502}","headsign":"{\"Wien Alterlaa\": 160, \"Wien Siebenhirten\": 342}","duration_avg":60.0,"n_vehicles":502,"d":456,"route_I_counts":"{\"10\": 251, \"11\": 251}","source":86,"target":87,"layer":"L","from":"Josefstädter Straße","to":"Thaliastraße"},"geometry":{"type":"LineString","coordinates":[[16.339142,48.21169],[16.337876,48.207679]]}},{"type":"Feature","properties":{"duration_avg":120.0,"n_vehicles":496,"d":602,"route_I_counts":"{\"10\": 248, \"11\": 248}","shape_id":"{\"21-U6-Y-j20-1.1.H\": 163, \"21-U6-Y-j20-1.3.H\": 85, \"21-U6-j20-1.1.H\": 163, \"21-U6-j20-1.3.H\": 85}","direction_id":"{\"0\": 496}","headsign":"{\"Wien Floridsdorf\": 496}","source":86,"target":85,"layer":"L","from":"Josefstädter Straße","to":"Alser Straße"},"geometry":{"type":"LineString","coordinates":[[16.339142,48.21169],[16.341756,48.216838]]}},{"type":"Feature","properties":{"shape_id":"{\"21-U6-Y-j20-1.5.R\": 169, \"21-U6-Y-j20-1.6.R\": 2, \"21-U6-Y-j20-1.8.R\": 80, \"21-U6-j20-1.5.R\": 169, \"21-U6-j20-1.7.R\": 2, \"21-U6-j20-1.9.R\": 80}","direction_id":"{\"1\": 502}","headsign":"{\"Wien Alterlaa\": 160, \"Wien Siebenhirten\": 342}","duration_avg":60.0,"n_vehicles":502,"d":492,"route_I_counts":"{\"10\": 251, \"11\": 251}","source":87,"target":88,"layer":"L","from":"Thaliastraße","to":"Burggasse-Stadthalle"},"geometry":{"type":"LineString","coordinates":[[16.337876,48.207679],[16.337148,48.203284]]}},{"type":"Feature","properties":{"duration_avg":60.0,"n_vehicles":498,"d":458,"route_I_counts":"{\"10\": 249, \"11\": 249}","shape_id":"{\"21-U6-Y-j20-1.1.H\": 164, \"21-U6-Y-j20-1.3.H\": 85, \"21-U6-j20-1.1.H\": 164, \"21-U6-j20-1.3.H\": 85}","direction_id":"{\"0\": 498}","headsign":"{\"Wien Floridsdorf\": 498}","source":87,"target":86,"layer":"L","from":"Thaliastraße","to":"Josefstädter Straße"},"geometry":{"type":"LineString","coordinates":[[16.337876,48.207679],[16.339142,48.21169]]}},{"type":"Feature","properties":{"duration_avg":60.0,"n_vehicles":498,"d":489,"route_I_counts":"{\"10\": 249, \"11\": 249}","shape_id":"{\"21-U6-Y-j20-1.1.H\": 164, \"21-U6-Y-j20-1.3.H\": 85, \"21-U6-j20-1.1.H\": 164, \"21-U6-j20-1.3.H\": 85}","direction_id":"{\"0\": 498}","headsign":"{\"Wien Floridsdorf\": 498}","source":88,"target":87,"layer":"L","from":"Burggasse-Stadthalle","to":"Thaliastraße"},"geometry":{"type":"LineString","coordinates":[[16.337148,48.203284],[16.337876,48.207679]]}},{"type":"Feature","properties":{"duration_avg":120.0,"n_vehicles":500,"d":722,"route_I_counts":"{\"10\": 250, \"11\": 250}","shape_id":"{\"21-U6-Y-j20-1.5.R\": 168, \"21-U6-Y-j20-1.6.R\": 2, \"21-U6-Y-j20-1.8.R\": 80, \"21-U6-j20-1.5.R\": 168, \"21-U6-j20-1.7.R\": 2, \"21-U6-j20-1.9.R\": 80}","direction_id":"{\"1\": 500}","headsign":"{\"Wien Alterlaa\": 160, \"Wien Siebenhirten\": 340}","source":88,"target":55,"layer":"L","from":"Burggasse-Stadthalle","to":"Westbahnhof"},"geometry":{"type":"LineString","coordinates":[[16.337148,48.203284],[16.338433,48.19589]]}},{"type":"Feature","properties":{"duration_avg":120.0,"n_vehicles":500,"d":687,"route_I_counts":"{\"10\": 250, \"11\": 250}","shape_id":"{\"21-U6-Y-j20-1.5.R\": 168, \"21-U6-Y-j20-1.6.R\": 2, \"21-U6-Y-j20-1.8.R\": 80, \"21-U6-j20-1.5.R\": 168, \"21-U6-j20-1.7.R\": 2, \"21-U6-j20-1.9.R\": 80}","direction_id":"{\"1\": 500}","headsign":"{\"Wien Alterlaa\": 160, \"Wien Siebenhirten\": 340}","source":89,"target":68,"layer":"L","from":"Gumpendorfer Straße","to":"Längenfeldgasse"},"geometry":{"type":"LineString","coordinates":[[16.337534,48.19083],[16.335028,48.184829]]}},{"type":"Feature","properties":{"duration_avg":60.0,"n_vehicles":498,"d":690,"route_I_counts":"{\"10\": 249, \"11\": 249}","shape_id":"{\"21-U6-Y-j20-1.1.H\": 164, \"21-U6-Y-j20-1.3.H\": 85, \"21-U6-j20-1.1.H\": 164, \"21-U6-j20-1.3.H\": 85}","direction_id":"{\"0\": 498}","headsign":"{\"Wien Floridsdorf\": 498}","source":89,"target":55,"layer":"L","from":"Gumpendorfer Straße","to":"Westbahnhof"},"geometry":{"type":"LineString","coordinates":[[16.337534,48.19083],[16.338433,48.19589]]}},{"type":"Feature","properties":{"shape_id":"{\"21-U6-Y-j20-1.5.R\": 167, \"21-U6-Y-j20-1.6.R\": 2, \"21-U6-Y-j20-1.8.R\": 80, \"21-U6-j20-1.5.R\": 167, \"21-U6-j20-1.7.R\": 2, \"21-U6-j20-1.9.R\": 80}","direction_id":"{\"1\": 498}","headsign":"{\"Wien Alterlaa\": 160, \"Wien Siebenhirten\": 338}","duration_avg":120.0,"n_vehicles":498,"d":813,"route_I_counts":"{\"10\": 249, \"11\": 249}","source":90,"target":91,"layer":"L","from":"Niederhofstraße","to":"Meidling"},"geometry":{"type":"LineString","coordinates":[[16.331129,48.180816],[16.331354,48.173514]]}},{"type":"Feature","properties":{"duration_avg":60.0,"n_vehicles":500,"d":529,"route_I_counts":"{\"10\": 250, \"11\": 250}","shape_id":"{\"21-U6-Y-j20-1.1.H\": 165, \"21-U6-Y-j20-1.3.H\": 85, \"21-U6-j20-1.1.H\": 165, \"21-U6-j20-1.3.H\": 85}","direction_id":"{\"0\": 500}","headsign":"{\"Wien Floridsdorf\": 500}","source":90,"target":68,"layer":"L","from":"Niederhofstraße","to":"Längenfeldgasse"},"geometry":{"type":"LineString","coordinates":[[16.331129,48.180816],[16.335028,48.184829]]}},{"type":"Feature","properties":{"shape_id":"{\"21-U6-Y-j20-1.5.R\": 167, \"21-U6-Y-j20-1.6.R\": 2, \"21-U6-Y-j20-1.8.R\": 80, \"21-U6-j20-1.5.R\": 167, \"21-U6-j20-1.7.R\": 2, \"21-U6-j20-1.9.R\": 80}","direction_id":"{\"1\": 498}","headsign":"{\"Wien Alterlaa\": 160, \"Wien Siebenhirten\": 338}","duration_avg":120.0,"n_vehicles":498,"d":1015,"route_I_counts":"{\"10\": 249, \"11\": 249}","source":91,"target":92,"layer":"L","from":"Meidling","to":"Tscherttegasse"},"geometry":{"type":"LineString","coordinates":[[16.331354,48.173514],[16.327482,48.164766]]}},{"type":"Feature","properties":{"duration_avg":120.0,"n_vehicles":500,"d":811,"route_I_counts":"{\"10\": 250, \"11\": 250}","shape_id":"{\"21-U6-Y-j20-1.1.H\": 165, \"21-U6-Y-j20-1.3.H\": 85, \"21-U6-j20-1.1.H\": 165, \"21-U6-j20-1.3.H\": 85}","direction_id":"{\"0\": 500}","headsign":"{\"Wien Floridsdorf\": 500}","source":91,"target":90,"layer":"L","from":"Meidling","to":"Niederhofstraße"},"geometry":{"type":"LineString","coordinates":[[16.331354,48.173514],[16.331129,48.180816]]}},{"type":"Feature","properties":{"shape_id":"{\"21-U6-Y-j20-1.5.R\": 167, \"21-U6-Y-j20-1.6.R\": 2, \"21-U6-Y-j20-1.8.R\": 80, \"21-U6-j20-1.5.R\": 167, \"21-U6-j20-1.7.R\": 2, \"21-U6-j20-1.9.R\": 80}","direction_id":"{\"1\": 498}","headsign":"{\"Wien Alterlaa\": 160, \"Wien Siebenhirten\": 338}","duration_avg":60.0,"n_vehicles":498,"d":471,"route_I_counts":"{\"10\": 249, \"11\": 249}","source":92,"target":93,"layer":"L","from":"Tscherttegasse","to":"Am Schöpfwerk"},"geometry":{"type":"LineString","coordinates":[[16.327482,48.164766],[16.324428,48.161057]]}},{"type":"Feature","properties":{"duration_avg":120.0,"n_vehicles":500,"d":1021,"route_I_counts":"{\"10\": 250, \"11\": 250}","shape_id":"{\"21-U6-Y-j20-1.1.H\": 165, \"21-U6-Y-j20-1.3.H\": 85, \"21-U6-j20-1.1.H\": 165, \"21-U6-j20-1.3.H\": 85}","direction_id":"{\"0\": 500}","headsign":"{\"Wien Floridsdorf\": 500}","source":92,"target":91,"layer":"L","from":"Tscherttegasse","to":"Meidling"},"geometry":{"type":"LineString","coordinates":[[16.327482,48.164766],[16.331354,48.173514]]}},{"type":"Feature","properties":{"shape_id":"{\"21-U6-Y-j20-1.5.R\": 167, \"21-U6-Y-j20-1.6.R\": 2, \"21-U6-Y-j20-1.8.R\": 80, \"21-U6-j20-1.5.R\": 167, \"21-U6-j20-1.7.R\": 2, \"21-U6-j20-1.9.R\": 80}","direction_id":"{\"1\": 498}","headsign":"{\"Wien Alterlaa\": 160, \"Wien Siebenhirten\": 338}","duration_avg":120.0,"n_vehicles":498,"d":1282,"route_I_counts":"{\"10\": 249, \"11\": 249}","source":93,"target":94,"layer":"L","from":"Am Schöpfwerk","to":"Alterlaa"},"geometry":{"type":"LineString","coordinates":[[16.324428,48.161057],[16.31681,48.15072]]}},{"type":"Feature","properties":{"duration_avg":60.0,"n_vehicles":500,"d":469,"route_I_counts":"{\"10\": 250, \"11\": 250}","shape_id":"{\"21-U6-Y-j20-1.1.H\": 165, \"21-U6-Y-j20-1.3.H\": 85, \"21-U6-j20-1.1.H\": 165, \"21-U6-j20-1.3.H\": 85}","direction_id":"{\"0\": 500}","headsign":"{\"Wien Floridsdorf\": 500}","source":93,"target":92,"layer":"L","from":"Am Schöpfwerk","to":"Tscherttegasse"},"geometry":{"type":"LineString","coordinates":[[16.324428,48.161057],[16.327482,48.164766]]}},{"type":"Feature","properties":{"shape_id":"{\"21-U6-Y-j20-1.5.R\": 167, \"21-U6-Y-j20-1.6.R\": 2, \"21-U6-j20-1.5.R\": 167, \"21-U6-j20-1.7.R\": 2}","direction_id":"{\"1\": 338}","headsign":"{\"Wien Siebenhirten\": 338}","duration_avg":120.0,"n_vehicles":338,"d":937,"route_I_counts":"{\"10\": 169, \"11\": 169}","source":94,"target":95,"layer":"L","from":"Alterlaa","to":"Erlaaer Straße"},"geometry":{"type":"LineString","coordinates":[[16.31681,48.15072],[16.316496,48.142299]]}},{"type":"Feature","properties":{"duration_avg":120.0,"n_vehicles":500,"d":1279,"route_I_counts":"{\"10\": 250, \"11\": 250}","shape_id":"{\"21-U6-Y-j20-1.1.H\": 165, \"21-U6-Y-j20-1.3.H\": 85, \"21-U6-j20-1.1.H\": 165, \"21-U6-j20-1.3.H\": 85}","direction_id":"{\"0\": 500}","headsign":"{\"Wien Floridsdorf\": 500}","source":94,"target":93,"layer":"L","from":"Alterlaa","to":"Am Schöpfwerk"},"geometry":{"type":"LineString","coordinates":[[16.31681,48.15072],[16.324428,48.161057]]}},{"type":"Feature","properties":{"shape_id":"{\"21-U6-Y-j20-1.5.R\": 166, \"21-U6-Y-j20-1.6.R\": 2, \"21-U6-j20-1.5.R\": 166, \"21-U6-j20-1.7.R\": 2}","direction_id":"{\"1\": 336}","headsign":"{\"Wien Siebenhirten\": 336}","duration_avg":60.0,"n_vehicles":336,"d":634,"route_I_counts":"{\"10\": 168, \"11\": 168}","source":95,"target":96,"layer":"L","from":"Erlaaer Straße","to":"Perfektastraße"},"geometry":{"type":"LineString","coordinates":[[16.316496,48.142299],[16.31345,48.136969]]}},{"type":"Feature","properties":{"duration_avg":120.0,"n_vehicles":332,"d":938,"route_I_counts":"{\"10\": 166, \"11\": 166}","shape_id":"{\"21-U6-Y-j20-1.1.H\": 166, \"21-U6-j20-1.1.H\": 166}","direction_id":"{\"0\": 332}","headsign":"{\"Wien Floridsdorf\": 332}","source":95,"target":94,"layer":"L","from":"Erlaaer Straße","to":"Alterlaa"},"geometry":{"type":"LineString","coordinates":[[16.316496,48.142299],[16.31681,48.15072]]}},{"type":"Feature","properties":{"shape_id":"{\"21-U6-Y-j20-1.5.R\": 166, \"21-U6-Y-j20-1.6.R\": 2, \"21-U6-j20-1.5.R\": 166, \"21-U6-j20-1.7.R\": 2}","direction_id":"{\"1\": 336}","headsign":"{\"Wien Siebenhirten\": 336}","duration_avg":60.0,"n_vehicles":336,"d":810,"route_I_counts":"{\"10\": 168, \"11\": 168}","source":96,"target":97,"layer":"L","from":"Perfektastraße","to":"Siebenhirten"},"geometry":{"type":"LineString","coordinates":[[16.31345,48.136969],[16.309696,48.130135]]}},{"type":"Feature","properties":{"duration_avg":60.0,"n_vehicles":332,"d":636,"route_I_counts":"{\"10\": 166, \"11\": 166}","shape_id":"{\"21-U6-Y-j20-1.1.H\": 166, \"21-U6-j20-1.1.H\": 166}","direction_id":"{\"0\": 332}","headsign":"{\"Wien Floridsdorf\": 332}","source":96,"target":95,"layer":"L","from":"Perfektastraße","to":"Erlaaer Straße"},"geometry":{"type":"LineString","coordinates":[[16.31345,48.136969],[16.316496,48.142299]]}},{"type":"Feature","properties":{"duration_avg":60.0,"n_vehicles":332,"d":809,"route_I_counts":"{\"10\": 166, \"11\": 166}","shape_id":"{\"21-U6-Y-j20-1.1.H\": 166, \"21-U6-j20-1.1.H\": 166}","direction_id":"{\"0\": 332}","headsign":"{\"Wien Floridsdorf\": 332}","source":97,"target":96,"layer":"L","from":"Siebenhirten","to":"Perfektastraße"},"geometry":{"type":"LineString","coordinates":[[16.309696,48.130135],[16.31345,48.136969]]}}]}