{"type":"FeatureCollection","features":[{"type":"Feature","geometry":{"type":"Point","coordinates":[116.673158,39.84801]},"properties":{"name":"北京环球度假区(地铁站)","original_ids":"[1]","id":0,"layer":"stop"}},{"type":"Feature","geometry":{"type":"Point","coordinates":[116.689509,39.85555]},"properties":{"name":"北京花庄(地铁站)","original_ids":"[2]","id":1,"layer":"stop"}},{"type":"Feature","geometry":{"type":"Point","coordinates":[116.680386,39.870769]},"properties":{"name":"北京土桥(地铁站)","original_ids":"[3]","id":2,"layer":"stop"}},{"type":"Feature","geometry":{"type":"Point","coordinates":[116.672869,39.874353]},"properties":{"name":"北京临河里(地铁站)","original_ids":"[4]","id":3,"layer":"stop"}},{"type":"Feature","geometry":{"type":"Point","coordinates":[116.662805,39.882553]},"properties":{"name":"北京梨园(地铁站)","original_ids":"[5]","id":4,"layer":"stop"}},{"type":"Feature","geometry":{"type":"Point","coordinates":[116.651647,39.889176]},"properties":{"name":"北京九棵树(地铁站)","original_ids":"[6]","id":5,"layer":"stop"}},{"type":"Feature","geometry":{"type":"Point","coordinates":[116.640765,39.892246]},"properties":{"name":"北京果园(地铁站)","original_ids":"[7]","id":6,"layer":"stop"}},{"type":"Feature","geometry":{"type":"Point","coordinates":[116.631416,39.902794]},"properties":{"name":"北京通州北苑(地铁站)","original_ids":"[8]","id":7,"layer":"stop"}},{"type":"Feature","geometry":{"type":"Point","coordinates":[116.612856,39.905073]},"properties":{"name":"北京八里桥(地铁站)","original_ids":"[9]","id":8,"layer":"stop"}},{"type":"Feature","geometry":{"type":"Point","coordinates":[116.593216,39.908051]},"properties":{"name":"北京管庄(地铁站)","original_ids":"[10]","id":9,"layer":"stop"}},{"type":"Feature","geometry":{"type":"Point","coordinates":[116.57096,39.909094]},"properties":{"name":"北京双桥(地铁站)","original_ids":"[11]","id":10,"layer":"stop"}},{"type":"Feature","geometry":{"type":"Point","coordinates":[116.54881,39.908135]},"properties":{"name":"北京传媒大学(地铁站)","original_ids":"[12]","id":11,"layer":"stop"}},{"type":"Feature","geometry":{"type":"Point","coordinates":[116.525528,39.908316]},"properties":{"name":"北京高碑店(地铁站)","original_ids":"[13]","id":12,"layer":"stop"}},{"type":"Feature","geometry":{"type":"Point","coordinates":[116.509716,39.907319]},"properties":{"name":"北京四惠东(地铁站)","original_ids":"[14]","id":13,"layer":"stop"}},{"type":"Feature","geometry":{"type":"Point","coordinates":[116.489431,39.907513]},"properties":{"name":"北京四惠(地铁站)","original_ids":"[15]","id":14,"layer":"stop"}},{"type":"Feature","geometry":{"type":"Point","coordinates":[116.469686,39.906994]},"properties":{"name":"北京大望路(地铁站)","original_ids":"[16]","id":15,"layer":"stop"}},{"type":"Feature","geometry":{"type":"Point","coordinates":[116.453557,39.907089]},"properties":{"name":"北京国贸(地铁站)","original_ids":"[17]","id":16,"layer":"stop"}},{"type":"Feature","geometry":{"type":"Point","coordinates":[116.444153,39.907119]},"properties":{"name":"北京永安里(地铁站)","original_ids":"[18]","id":17,"layer":"stop"}},{"type":"Feature","geometry":{"type":"Point","coordinates":[116.428435,39.907174]},"properties":{"name":"北京建国门(地铁站)","original_ids":"[19]","id":18,"layer":"stop"}},{"type":"Feature","geometry":{"type":"Point","coordinates":[116.414094,39.906919]},"properties":{"name":"北京东单(地铁站)","original_ids":"[20]","id":19,"layer":"stop"}},{"type":"Feature","geometry":{"type":"Point","coordinates":[116.405331,39.906667]},"properties":{"name":"北京王府井(地铁站)","original_ids":"[21]","id":20,"layer":"stop"}},{"type":"Feature","geometry":{"type":"Point","coordinates":[116.394972,39.906376]},"properties":{"name":"北京天安门东(地铁站)","original_ids":"[22]","id":21,"layer":"stop"}},{"type":"Feature","geometry":{"type":"Point","coordinates":[116.385036,39.90607]},"properties":{"name":"北京天安门西(地铁站)","original_ids":"[23]","id":22,"layer":"stop"}},{"type":"Feature","geometry":{"type":"Point","coordinates":[116.369997,39.905804]},"properties":{"name":"北京西单(地铁站)","original_ids":"[24]","id":23,"layer":"stop"}},{"type":"Feature","geometry":{"type":"Point","coordinates":[116.351595,39.905809]},"properties":{"name":"北京复兴门(地铁站)","original_ids":"[25]","id":24,"layer":"stop"}},{"type":"Feature","geometry":{"type":"Point","coordinates":[116.346396,39.905877]},"properties":{"name":"北京南礼士路(地铁站)","original_ids":"[26]","id":25,"layer":"stop"}},{"type":"Feature","geometry":{"type":"Point","coordinates":[116.331427,39.90605]},"properties":{"name":"北京木樨地(地铁站)","original_ids":"[27]","id":26,"layer":"stop"}},{"type":"Feature","geometry":{"type":"Point","coordinates":[116.317262,39.906119]},"properties":{"name":"北京军事博物馆(地铁站)","original_ids":"[28]","id":27,"layer":"stop"}},{"type":"Feature","geometry":{"type":"Point","coordinates":[116.304195,39.906199]},"properties":{"name":"北京公主坟(地铁站)","original_ids":"[29]","id":28,"layer":"stop"}},{"type":"Feature","geometry":{"type":"Point","coordinates":[116.2887,39.906221]},"properties":{"name":"北京万寿路(地铁站)","original_ids":"[30]","id":29,"layer":"stop"}},{"type":"Feature","geometry":{"type":"Point","coordinates":[116.267949,39.90623]},"properties":{"name":"北京五棵松(地铁站)","original_ids":"[31]","id":30,"layer":"stop"}},{"type":"Feature","geometry":{"type":"Point","coordinates":[116.246858,39.906218]},"properties":{"name":"北京玉泉路(地铁站)","original_ids":"[32]","id":31,"layer":"stop"}},{"type":"Feature","geometry":{"type":"Point","coordinates":[116.229869,39.906199]},"properties":{"name":"北京八宝山(地铁站)","original_ids":"[33]","id":32,"layer":"stop"}},{"type":"Feature","geometry":{"type":"Point","coordinates":[116.206785,39.906202]},"properties":{"name":"北京八角游乐园(地铁站)","original_ids":"[34]","id":33,"layer":"stop"}},{"type":"Feature","geometry":{"type":"Point","coordinates":[116.184212,39.906176]},"properties":{"name":"北京古城(地铁站)","original_ids":"[35]","id":34,"layer":"stop"}},{"type":"Feature","geometry":{"type":"Point","coordinates":[116.17224,39.924492]},"properties":{"name":"北京苹果园(地铁站)","original_ids":"[36]","id":35,"layer":"stop"}},{"type":"Feature","geometry":{"type":"Point","coordinates":[116.164974,39.93874]},"properties":{"name":"北京福寿岭(地铁站)","original_ids":"[37]","id":36,"layer":"stop"}},{"type":"Feature","geometry":{"type":"Point","coordinates":[116.366897,39.947266]},"properties":{"name":"北京积水潭(地铁站)","original_ids":"[38]","id":37,"layer":"stop"}},{"type":"Feature","geometry":{"type":"Point","coordinates":[116.387529,39.947568]},"properties":{"name":"北京鼓楼大街(地铁站)","original_ids":"[39]","id":38,"layer":"stop"}},{"type":"Feature","geometry":{"type":"Point","coordinates":[116.401979,39.947683]},"properties":{"name":"北京安定门(地铁站)","original_ids":"[40]","id":39,"layer":"stop"}},{"type":"Feature","geometry":{"type":"Point","coordinates":[116.411296,39.947933]},"properties":{"name":"北京雍和宫(地铁站)","original_ids":"[41]","id":40,"layer":"stop"}},{"type":"Feature","geometry":{"type":"Point","coordinates":[116.427332,39.939705]},"properties":{"name":"北京东直门(地铁站)","original_ids":"[42]","id":41,"layer":"stop"}},{"type":"Feature","geometry":{"type":"Point","coordinates":[116.427921,39.932321]},"properties":{"name":"北京东四十条(地铁站)","original_ids":"[43]","id":42,"layer":"stop"}},{"type":"Feature","geometry":{"type":"Point","coordinates":[116.428294,39.923105]},"properties":{"name":"北京朝阳门(地铁站)","original_ids":"[44]","id":43,"layer":"stop"}},{"type":"Feature","geometry":{"type":"Point","coordinates":[116.421063,39.903593]},"properties":{"name":"北京北京站(地铁站)","original_ids":"[45]","id":44,"layer":"stop"}},{"type":"Feature","geometry":{"type":"Point","coordinates":[116.410673,39.899686]},"properties":{"name":"北京崇文门(地铁站)","original_ids":"[46]","id":45,"layer":"stop"}},{"type":"Feature","geometry":{"type":"Point","coordinates":[116.391695,39.898789]},"properties":{"name":"北京前门(地铁站)","original_ids":"[47]","id":46,"layer":"stop"}},{"type":"Feature","geometry":{"type":"Point","coordinates":[116.377974,39.898702]},"properties":{"name":"北京和平门(地铁站)","original_ids":"[48]","id":47,"layer":"stop"}},{"type":"Feature","geometry":{"type":"Point","coordinates":[116.368131,39.898396]},"properties":{"name":"北京宣武门(地铁站)","original_ids":"[49]","id":48,"layer":"stop"}},{"type":"Feature","geometry":{"type":"Point","coordinates":[116.357147,39.898059]},"properties":{"name":"北京长椿街(地铁站)","original_ids":"[50]","id":49,"layer":"stop"}},{"type":"Feature","geometry":{"type":"Point","coordinates":[116.350018,39.922314]},"properties":{"name":"北京阜成门(地铁站)","original_ids":"[51]","id":50,"layer":"stop"}},{"type":"Feature","geometry":{"type":"Point","coordinates":[116.349668,39.931075]},"properties":{"name":"北京车公庄(地铁站)","original_ids":"[52]","id":51,"layer":"stop"}},{"type":"Feature","geometry":{"type":"Point","coordinates":[116.349229,39.939111]},"properties":{"name":"北京西直门(地铁站)","original_ids":"[53]","id":52,"layer":"stop"}},{"type":"Feature","geometry":{"type":"Point","coordinates":[116.263909,40.010967]},"properties":{"name":"北京安河桥北(地铁站)","original_ids":"[54]","id":53,"layer":"stop"}},{"type":"Feature","geometry":{"type":"Point","coordinates":[116.271296,40.001182]},"properties":{"name":"北京北宫门(地铁站)","original_ids":"[55]","id":54,"layer":"stop"}},{"type":"Feature","geometry":{"type":"Point","coordinates":[116.284839,39.997008]},"properties":{"name":"北京西苑(地铁站)","original_ids":"[56]","id":55,"layer":"stop"}},{"type":"Feature","geometry":{"type":"Point","coordinates":[116.303775,39.998299]},"properties":{"name":"北京圆明园(地铁站)","original_ids":"[57]","id":56,"layer":"stop"}},{"type":"Feature","geometry":{"type":"Point","coordinates":[116.309694,39.990834]},"properties":{"name":"北京北京大学东门(地铁站)","original_ids":"[58]","id":57,"layer":"stop"}},{"type":"Feature","geometry":{"type":"Point","coordinates":[116.310349,39.982698]},"properties":{"name":"北京中关村(地铁站)","original_ids":"[59]","id":58,"layer":"stop"}},{"type":"Feature","geometry":{"type":"Point","coordinates":[116.311446,39.974702]},"properties":{"name":"北京海淀黄庄(地铁站)","original_ids":"[60]","id":59,"layer":"stop"}},{"type":"Feature","geometry":{"type":"Point","coordinates":[116.315244,39.965633]},"properties":{"name":"北京人民大学(地铁站)","original_ids":"[61]","id":60,"layer":"stop"}},{"type":"Feature","geometry":{"type":"Point","coordinates":[116.317091,39.9566]},"properties":{"name":"北京魏公村(地铁站)","original_ids":"[62]","id":61,"layer":"stop"}},{"type":"Feature","geometry":{"type":"Point","coordinates":[116.319009,39.941867]},"properties":{"name":"北京国家图书馆(地铁站)","original_ids":"[63]","id":62,"layer":"stop"}},{"type":"Feature","geometry":{"type":"Point","coordinates":[116.332868,39.936916]},"properties":{"name":"北京动物园(地铁站)","original_ids":"[64]","id":63,"layer":"stop"}},{"type":"Feature","geometry":{"type":"Point","coordinates":[116.361367,39.939303]},"properties":{"name":"北京新街口(地铁站)","original_ids":"[65]","id":64,"layer":"stop"}},{"type":"Feature","geometry":{"type":"Point","coordinates":[116.366657,39.932562]},"properties":{"name":"北京平安里(地铁站)","original_ids":"[66]","id":65,"layer":"stop"}},{"type":"Feature","geometry":{"type":"Point","coordinates":[116.367106,39.922818]},"properties":{"name":"北京西四(地铁站)","original_ids":"[67]","id":66,"layer":"stop"}},{"type":"Feature","geometry":{"type":"Point","coordinates":[116.367471,39.914667]},"properties":{"name":"北京灵境胡同(地铁站)","original_ids":"[68]","id":67,"layer":"stop"}},{"type":"Feature","geometry":{"type":"Point","coordinates":[116.368202,39.88791]},"properties":{"name":"北京菜市口(地铁站)","original_ids":"[69]","id":68,"layer":"stop"}},{"type":"Feature","geometry":{"type":"Point","coordinates":[116.368162,39.877083]},"properties":{"name":"北京陶然亭(地铁站)","original_ids":"[70]","id":69,"layer":"stop"}},{"type":"Feature","geometry":{"type":"Point","coordinates":[116.372738,39.863638]},"properties":{"name":"北京北京南站(地铁站)","original_ids":"[71]","id":70,"layer":"stop"}},{"type":"Feature","geometry":{"type":"Point","coordinates":[116.365187,39.852046]},"properties":{"name":"北京马家堡(地铁站)","original_ids":"[72]","id":71,"layer":"stop"}},{"type":"Feature","geometry":{"type":"Point","coordinates":[116.364941,39.844469]},"properties":{"name":"北京角门西(地铁站)","original_ids":"[73]","id":72,"layer":"stop"}},{"type":"Feature","geometry":{"type":"Point","coordinates":[116.364625,39.835601]},"properties":{"name":"北京公益西桥(地铁站)","original_ids":"[74]","id":73,"layer":"stop"}},{"type":"Feature","geometry":{"type":"Point","coordinates":[116.359348,39.811221]},"properties":{"name":"北京新宫(地铁站)","original_ids":"[75]","id":74,"layer":"stop"}},{"type":"Feature","geometry":{"type":"Point","coordinates":[116.322568,39.788495]},"properties":{"name":"北京西红门(地铁站)","original_ids":"[76]","id":75,"layer":"stop"}},{"type":"Feature","geometry":{"type":"Point","coordinates":[116.324664,39.772239]},"properties":{"name":"北京高米店北(地铁站)","original_ids":"[77]","id":76,"layer":"stop"}},{"type":"Feature","geometry":{"type":"Point","coordinates":[116.32548,39.76218]},"properties":{"name":"北京高米店南(地铁站)","original_ids":"[78]","id":77,"layer":"stop"}},{"type":"Feature","geometry":{"type":"Point","coordinates":[116.326081,39.75215]},"properties":{"name":"北京枣园(地铁站)","original_ids":"[79]","id":78,"layer":"stop"}},{"type":"Feature","geometry":{"type":"Point","coordinates":[116.32639,39.741416]},"properties":{"name":"北京清源路(地铁站)","original_ids":"[80]","id":79,"layer":"stop"}},{"type":"Feature","geometry":{"type":"Point","coordinates":[116.326509,39.730462]},"properties":{"name":"北京黄村西大街(地铁站)","original_ids":"[81]","id":80,"layer":"stop"}},{"type":"Feature","geometry":{"type":"Point","coordinates":[116.32649,39.721661]},"properties":{"name":"北京黄村火车站(地铁站)","original_ids":"[82]","id":81,"layer":"stop"}},{"type":"Feature","geometry":{"type":"Point","coordinates":[116.31299,39.711109]},"properties":{"name":"北京义和庄(地铁站)","original_ids":"[83]","id":82,"layer":"stop"}},{"type":"Feature","geometry":{"type":"Point","coordinates":[116.31557,39.68523]},"properties":{"name":"北京生物医药基地(地铁站)","original_ids":"[84]","id":83,"layer":"stop"}},{"type":"Feature","geometry":{"type":"Point","coordinates":[116.313847,39.669069]},"properties":{"name":"北京天宫院(地铁站)","original_ids":"[85]","id":84,"layer":"stop"}},{"type":"Feature","geometry":{"type":"Point","coordinates":[116.406625,40.082258]},"properties":{"name":"北京天通苑北(地铁站)","original_ids":"[86]","id":85,"layer":"stop"}},{"type":"Feature","geometry":{"type":"Point","coordinates":[116.406629,40.073838]},"properties":{"name":"北京天通苑(地铁站)","original_ids":"[87]","id":86,"layer":"stop"}},{"type":"Feature","geometry":{"type":"Point","coordinates":[116.406423,40.065203]},"properties":{"name":"北京天通苑南(地铁站)","original_ids":"[88]","id":87,"layer":"stop"}},{"type":"Feature","geometry":{"type":"Point","coordinates":[116.406057,40.051579]},"properties":{"name":"北京立水桥(地铁站)","original_ids":"[89]","id":88,"layer":"stop"}},{"type":"Feature","geometry":{"type":"Point","coordinates":[116.40824,40.04055]},"properties":{"name":"北京立水桥南(地铁站)","original_ids":"[90]","id":89,"layer":"stop"}},{"type":"Feature","geometry":{"type":"Point","coordinates":[116.411838,40.029031]},"properties":{"name":"北京北苑路北(地铁站)","original_ids":"[91]","id":90,"layer":"stop"}},{"type":"Feature","geometry":{"type":"Point","coordinates":[116.411128,40.002438]},"properties":{"name":"北京大屯路东(地铁站)","original_ids":"[92]","id":91,"layer":"stop"}},{"type":"Feature","geometry":{"type":"Point","coordinates":[116.410781,39.986433]},"properties":{"name":"北京惠新西街北口(地铁站)","original_ids":"[93]","id":92,"layer":"stop"}},{"type":"Feature","geometry":{"type":"Point","coordinates":[116.411293,39.975719]},"properties":{"name":"北京惠新西街南口(地铁站)","original_ids":"[94]","id":93,"layer":"stop"}},{"type":"Feature","geometry":{"type":"Point","coordinates":[116.411726,39.966856]},"properties":{"name":"北京和平西桥(地铁站)","original_ids":"[95]","id":94,"layer":"stop"}},{"type":"Feature","geometry":{"type":"Point","coordinates":[116.412262,39.957333]},"properties":{"name":"北京和平里北街(地铁站)","original_ids":"[96]","id":95,"layer":"stop"}},{"type":"Feature","geometry":{"type":"Point","coordinates":[116.410644,39.939381]},"properties":{"name":"北京北新桥(地铁站)","original_ids":"[97]","id":96,"layer":"stop"}},{"type":"Feature","geometry":{"type":"Point","coordinates":[116.411163,39.932234]},"properties":{"name":"北京张自忠路(地铁站)","original_ids":"[98]","id":97,"layer":"stop"}},{"type":"Feature","geometry":{"type":"Point","coordinates":[116.411255,39.92297]},"properties":{"name":"北京东四(地铁站)","original_ids":"[99]","id":98,"layer":"stop"}},{"type":"Feature","geometry":{"type":"Point","coordinates":[116.411546,39.915714]},"properties":{"name":"北京灯市口(地铁站)","original_ids":"[100]","id":99,"layer":"stop"}},{"type":"Feature","geometry":{"type":"Point","coordinates":[116.412635,39.89168]},"properties":{"name":"北京磁器口(地铁站)","original_ids":"[101]","id":100,"layer":"stop"}},{"type":"Feature","geometry":{"type":"Point","coordinates":[116.414603,39.881164]},"properties":{"name":"北京天坛东门(地铁站)","original_ids":"[102]","id":101,"layer":"stop"}},{"type":"Feature","geometry":{"type":"Point","coordinates":[116.41544,39.864249]},"properties":{"name":"北京蒲黄榆(地铁站)","original_ids":"[103]","id":102,"layer":"stop"}},{"type":"Feature","geometry":{"type":"Point","coordinates":[116.415893,39.856129]},"properties":{"name":"北京刘家窑(地铁站)","original_ids":"[104]","id":103,"layer":"stop"}},{"type":"Feature","geometry":{"type":"Point","coordinates":[116.422154,39.844464]},"properties":{"name":"北京宋家庄(地铁站)","original_ids":"[105]","id":104,"layer":"stop"}},{"type":"Feature","geometry":{"type":"Point","coordinates":[116.315101,39.893409]},"properties":{"name":"北京北京西站(地铁站)","original_ids":"[106]","id":105,"layer":"stop"}},{"type":"Feature","geometry":{"type":"Point","coordinates":[116.321621,39.888643]},"properties":{"name":"北京湾子(地铁站)","original_ids":"[107]","id":106,"layer":"stop"}},{"type":"Feature","geometry":{"type":"Point","coordinates":[116.329611,39.888577]},"properties":{"name":"北京达官营(地铁站)","original_ids":"[108]","id":107,"layer":"stop"}},{"type":"Feature","geometry":{"type":"Point","coordinates":[116.352043,39.888052]},"properties":{"name":"北京广安门内(地铁站)","original_ids":"[109]","id":108,"layer":"stop"}},{"type":"Feature","geometry":{"type":"Point","coordinates":[116.378363,39.88809]},"properties":{"name":"北京虎坊桥(地铁站)","original_ids":"[110]","id":109,"layer":"stop"}},{"type":"Feature","geometry":{"type":"Point","coordinates":[116.392131,39.889931]},"properties":{"name":"北京珠市口(地铁站)","original_ids":"[111]","id":110,"layer":"stop"}},{"type":"Feature","geometry":{"type":"Point","coordinates":[116.402225,39.891323]},"properties":{"name":"北京桥湾(地铁站)","original_ids":"[112]","id":111,"layer":"stop"}},{"type":"Feature","geometry":{"type":"Point","coordinates":[116.427665,39.892292]},"properties":{"name":"北京广渠门内(地铁站)","original_ids":"[113]","id":112,"layer":"stop"}},{"type":"Feature","geometry":{"type":"Point","coordinates":[116.44282,39.892292]},"properties":{"name":"北京广渠门外(地铁站)","original_ids":"[114]","id":113,"layer":"stop"}},{"type":"Feature","geometry":{"type":"Point","coordinates":[116.457602,39.892029]},"properties":{"name":"北京双井(地铁站)","original_ids":"[115]","id":114,"layer":"stop"}},{"type":"Feature","geometry":{"type":"Point","coordinates":[116.472796,39.891928]},"properties":{"name":"北京九龙山(地铁站)","original_ids":"[116]","id":115,"layer":"stop"}},{"type":"Feature","geometry":{"type":"Point","coordinates":[116.481885,39.891926]},"properties":{"name":"北京大郊亭(地铁站)","original_ids":"[117]","id":116,"layer":"stop"}},{"type":"Feature","geometry":{"type":"Point","coordinates":[116.491754,39.891303]},"properties":{"name":"北京百子湾(地铁站)","original_ids":"[118]","id":117,"layer":"stop"}},{"type":"Feature","geometry":{"type":"Point","coordinates":[116.497533,39.886159]},"properties":{"name":"北京化工(地铁站)","original_ids":"[119]","id":118,"layer":"stop"}},{"type":"Feature","geometry":{"type":"Point","coordinates":[116.495085,39.873361]},"properties":{"name":"北京南楼梓庄(地铁站)","original_ids":"[120]","id":119,"layer":"stop"}},{"type":"Feature","geometry":{"type":"Point","coordinates":[116.493169,39.865344]},"properties":{"name":"北京欢乐谷景区(地铁站)","original_ids":"[121]","id":120,"layer":"stop"}},{"type":"Feature","geometry":{"type":"Point","coordinates":[116.505865,39.859545]},"properties":{"name":"北京垡头(地铁站)","original_ids":"[122]","id":121,"layer":"stop"}},{"type":"Feature","geometry":{"type":"Point","coordinates":[116.520934,39.858549]},"properties":{"name":"北京双合(地铁站)","original_ids":"[123]","id":122,"layer":"stop"}},{"type":"Feature","geometry":{"type":"Point","coordinates":[116.531378,39.854374]},"properties":{"name":"北京焦化厂(地铁站)","original_ids":"[124]","id":123,"layer":"stop"}},{"type":"Feature","geometry":{"type":"Point","coordinates":[116.547935,39.8479]},"properties":{"name":"北京黄厂(地铁站)","original_ids":"[125]","id":124,"layer":"stop"}},{"type":"Feature","geometry":{"type":"Point","coordinates":[116.564032,39.855443]},"properties":{"name":"北京郎辛庄(地铁站)","original_ids":"[126]","id":125,"layer":"stop"}},{"type":"Feature","geometry":{"type":"Point","coordinates":[116.593338,39.857688]},"properties":{"name":"北京黑庄户(地铁站)","original_ids":"[127]","id":126,"layer":"stop"}},{"type":"Feature","geometry":{"type":"Point","coordinates":[116.626339,39.862266]},"properties":{"name":"北京万盛西(地铁站)","original_ids":"[128]","id":127,"layer":"stop"}},{"type":"Feature","geometry":{"type":"Point","coordinates":[116.651497,39.862389]},"properties":{"name":"北京万盛东(地铁站)","original_ids":"[129]","id":128,"layer":"stop"}},{"type":"Feature","geometry":{"type":"Point","coordinates":[116.664872,39.862388]},"properties":{"name":"北京群芳(地铁站)","original_ids":"[130]","id":129,"layer":"stop"}},{"type":"Feature","geometry":{"type":"Point","coordinates":[116.678383,39.862001]},"properties":{"name":"北京高楼金(地铁站)","original_ids":"[131]","id":130,"layer":"stop"}},{"type":"Feature","geometry":{"type":"Point","coordinates":[116.442821,39.759367]},"properties":{"name":"北京瀛海(地铁站)","original_ids":"[132]","id":131,"layer":"stop"}},{"type":"Feature","geometry":{"type":"Point","coordinates":[116.435591,39.771274]},"properties":{"name":"北京德茂(地铁站)","original_ids":"[133]","id":132,"layer":"stop"}},{"type":"Feature","geometry":{"type":"Point","coordinates":[116.41769,39.78366]},"properties":{"name":"北京五福堂(地铁站)","original_ids":"[134]","id":133,"layer":"stop"}},{"type":"Feature","geometry":{"type":"Point","coordinates":[116.412405,39.797894]},"properties":{"name":"北京火箭万源(地铁站)","original_ids":"[135]","id":134,"layer":"stop"}},{"type":"Feature","geometry":{"type":"Point","coordinates":[116.403198,39.803677]},"properties":{"name":"北京东高地(地铁站)","original_ids":"[136]","id":135,"layer":"stop"}},{"type":"Feature","geometry":{"type":"Point","coordinates":[116.395841,39.813438]},"properties":{"name":"北京和义(地铁站)","original_ids":"[137]","id":136,"layer":"stop"}},{"type":"Feature","geometry":{"type":"Point","coordinates":[116.39481,39.835316]},"properties":{"name":"北京大红门南(地铁站)","original_ids":"[138]","id":137,"layer":"stop"}},{"type":"Feature","geometry":{"type":"Point","coordinates":[116.394453,39.842887]},"properties":{"name":"北京大红门(地铁站)","original_ids":"[139]","id":138,"layer":"stop"}},{"type":"Feature","geometry":{"type":"Point","coordinates":[116.394065,39.850404]},"properties":{"name":"北京海户屯(地铁站)","original_ids":"[140]","id":139,"layer":"stop"}},{"type":"Feature","geometry":{"type":"Point","coordinates":[116.393602,39.857861]},"properties":{"name":"北京木樨园(地铁站)","original_ids":"[141]","id":140,"layer":"stop"}},{"type":"Feature","geometry":{"type":"Point","coordinates":[116.393135,39.864918]},"properties":{"name":"北京永定门外(地铁站)","original_ids":"[142]","id":141,"layer":"stop"}},{"type":"Feature","geometry":{"type":"Point","coordinates":[116.392473,39.880517]},"properties":{"name":"北京天桥(地铁站)","original_ids":"[143]","id":142,"layer":"stop"}},{"type":"Feature","geometry":{"type":"Point","coordinates":[116.404945,39.914969]},"properties":{"name":"北京金鱼胡同(地铁站)","original_ids":"[144]","id":143,"layer":"stop"}},{"type":"Feature","geometry":{"type":"Point","coordinates":[116.404555,39.922755]},"properties":{"name":"北京中国美术馆(地铁站)","original_ids":"[145]","id":144,"layer":"stop"}},{"type":"Feature","geometry":{"type":"Point","coordinates":[116.397945,39.932443]},"properties":{"name":"北京南锣鼓巷(地铁站)","original_ids":"[146]","id":145,"layer":"stop"}},{"type":"Feature","geometry":{"type":"Point","coordinates":[116.389971,39.936178]},"properties":{"name":"北京什刹海(地铁站)","original_ids":"[147]","id":146,"layer":"stop"}},{"type":"Feature","geometry":{"type":"Point","coordinates":[116.388895,39.955823]},"properties":{"name":"北京安德里北街(地铁站)","original_ids":"[148]","id":147,"layer":"stop"}},{"type":"Feature","geometry":{"type":"Point","coordinates":[116.387908,39.967248]},"properties":{"name":"北京安华桥(地铁站)","original_ids":"[149]","id":148,"layer":"stop"}},{"type":"Feature","geometry":{"type":"Point","coordinates":[116.387942,39.976196]},"properties":{"name":"北京北土城(地铁站)","original_ids":"[150]","id":149,"layer":"stop"}},{"type":"Feature","geometry":{"type":"Point","coordinates":[116.387506,39.984432]},"properties":{"name":"北京奥体中心(地铁站)","original_ids":"[151]","id":150,"layer":"stop"}},{"type":"Feature","geometry":{"type":"Point","coordinates":[116.386821,39.999338]},"properties":{"name":"北京奥林匹克公园(地铁站)","original_ids":"[152]","id":151,"layer":"stop"}},{"type":"Feature","geometry":{"type":"Point","coordinates":[116.386345,40.008717]},"properties":{"name":"北京森林公园南门(地铁站)","original_ids":"[153]","id":152,"layer":"stop"}},{"type":"Feature","geometry":{"type":"Point","coordinates":[116.36676,40.020515]},"properties":{"name":"北京林萃桥(地铁站)","original_ids":"[154]","id":153,"layer":"stop"}},{"type":"Feature","geometry":{"type":"Point","coordinates":[116.348372,40.036363]},"properties":{"name":"北京永泰庄(地铁站)","original_ids":"[155]","id":154,"layer":"stop"}},{"type":"Feature","geometry":{"type":"Point","coordinates":[116.345439,40.045512]},"properties":{"name":"北京西小口(地铁站)","original_ids":"[156]","id":155,"layer":"stop"}},{"type":"Feature","geometry":{"type":"Point","coordinates":[116.340963,40.05892]},"properties":{"name":"北京育新(地铁站)","original_ids":"[157]","id":156,"layer":"stop"}},{"type":"Feature","geometry":{"type":"Point","coordinates":[116.354062,40.07048]},"properties":{"name":"北京霍营(地铁站)","original_ids":"[158]","id":157,"layer":"stop"}},{"type":"Feature","geometry":{"type":"Point","coordinates":[116.356794,40.079794]},"properties":{"name":"北京回龙观东大街(地铁站)","original_ids":"[159]","id":158,"layer":"stop"}},{"type":"Feature","geometry":{"type":"Point","coordinates":[116.344208,40.088763]},"properties":{"name":"北京平西府(地铁站)","original_ids":"[160]","id":159,"layer":"stop"}},{"type":"Feature","geometry":{"type":"Point","coordinates":[116.320838,40.086546]},"properties":{"name":"北京育知路(地铁站)","original_ids":"[161]","id":160,"layer":"stop"}},{"type":"Feature","geometry":{"type":"Point","coordinates":[116.307571,40.103003]},"properties":{"name":"北京朱辛庄(地铁站)","original_ids":"[162]","id":161,"layer":"stop"}},{"type":"Feature","geometry":{"type":"Point","coordinates":[116.295823,39.813064]},"properties":{"name":"北京郭公庄(地铁站)","original_ids":"[163]","id":162,"layer":"stop"}},{"type":"Feature","geometry":{"type":"Point","coordinates":[116.291118,39.823981]},"properties":{"name":"北京丰台科技园(地铁站)","original_ids":"[164]","id":163,"layer":"stop"}},{"type":"Feature","geometry":{"type":"Point","coordinates":[116.291371,39.831228]},"properties":{"name":"北京科怡路(地铁站)","original_ids":"[165]","id":164,"layer":"stop"}},{"type":"Feature","geometry":{"type":"Point","coordinates":[116.290536,39.8395]},"properties":{"name":"北京丰台南路(地铁站)","original_ids":"[166]","id":165,"layer":"stop"}},{"type":"Feature","geometry":{"type":"Point","coordinates":[116.287801,39.853862]},"properties":{"name":"北京丰台东大街(地铁站)","original_ids":"[167]","id":166,"layer":"stop"}},{"type":"Feature","geometry":{"type":"Point","coordinates":[116.288235,39.865732]},"properties":{"name":"北京七里庄(地铁站)","original_ids":"[168]","id":167,"layer":"stop"}},{"type":"Feature","geometry":{"type":"Point","coordinates":[116.296733,39.878976]},"properties":{"name":"北京六里桥(地铁站)","original_ids":"[169]","id":168,"layer":"stop"}},{"type":"Feature","geometry":{"type":"Point","coordinates":[116.308921,39.885839]},"properties":{"name":"北京六里桥东(地铁站)","original_ids":"[170]","id":169,"layer":"stop"}},{"type":"Feature","geometry":{"type":"Point","coordinates":[116.319631,39.922511]},"properties":{"name":"北京白堆子(地铁站)","original_ids":"[171]","id":170,"layer":"stop"}},{"type":"Feature","geometry":{"type":"Point","coordinates":[116.319419,39.931762]},"properties":{"name":"北京白石桥南(地铁站)","original_ids":"[172]","id":171,"layer":"stop"}},{"type":"Feature","geometry":{"type":"Point","coordinates":[116.287287,39.973162]},"properties":{"name":"北京巴沟(地铁站)","original_ids":"[173]","id":172,"layer":"stop"}},{"type":"Feature","geometry":{"type":"Point","coordinates":[116.300237,39.974367]},"properties":{"name":"北京苏州街(地铁站)","original_ids":"[174]","id":173,"layer":"stop"}},{"type":"Feature","geometry":{"type":"Point","coordinates":[116.322714,39.975021]},"properties":{"name":"北京知春里(地铁站)","original_ids":"[175]","id":174,"layer":"stop"}},{"type":"Feature","geometry":{"type":"Point","coordinates":[116.335199,39.975134]},"properties":{"name":"北京知春路(地铁站)","original_ids":"[176]","id":175,"layer":"stop"}},{"type":"Feature","geometry":{"type":"Point","coordinates":[116.348113,39.975011]},"properties":{"name":"北京西土城(地铁站)","original_ids":"[177]","id":176,"layer":"stop"}},{"type":"Feature","geometry":{"type":"Point","coordinates":[116.363391,39.975003]},"properties":{"name":"北京牡丹园(地铁站)","original_ids":"[178]","id":177,"layer":"stop"}},{"type":"Feature","geometry":{"type":"Point","coordinates":[116.375114,39.975148]},"properties":{"name":"北京健德门(地铁站)","original_ids":"[179]","id":178,"layer":"stop"}},{"type":"Feature","geometry":{"type":"Point","coordinates":[116.399702,39.975598]},"properties":{"name":"北京安贞门(地铁站)","original_ids":"[180]","id":179,"layer":"stop"}},{"type":"Feature","geometry":{"type":"Point","coordinates":[116.431301,39.975711]},"properties":{"name":"北京芍药居(地铁站)","original_ids":"[181]","id":180,"layer":"stop"}},{"type":"Feature","geometry":{"type":"Point","coordinates":[116.441277,39.971315]},"properties":{"name":"北京太阳宫(地铁站)","original_ids":"[182]","id":181,"layer":"stop"}},{"type":"Feature","geometry":{"type":"Point","coordinates":[116.450988,39.959405]},"properties":{"name":"北京三元桥(地铁站)","original_ids":"[183]","id":182,"layer":"stop"}},{"type":"Feature","geometry":{"type":"Point","coordinates":[116.456008,39.948053]},"properties":{"name":"北京亮马桥(地铁站)","original_ids":"[184]","id":183,"layer":"stop"}},{"type":"Feature","geometry":{"type":"Point","coordinates":[116.456379,39.939934]},"properties":{"name":"北京农业展览馆(地铁站)","original_ids":"[185]","id":184,"layer":"stop"}},{"type":"Feature","geometry":{"type":"Point","coordinates":[116.455659,39.932418]},"properties":{"name":"北京团结湖(地铁站)","original_ids":"[186]","id":185,"layer":"stop"}},{"type":"Feature","geometry":{"type":"Point","coordinates":[116.455455,39.921987]},"properties":{"name":"北京呼家楼(地铁站)","original_ids":"[187]","id":186,"layer":"stop"}},{"type":"Feature","geometry":{"type":"Point","coordinates":[116.455557,39.915457]},"properties":{"name":"北京金台夕照(地铁站)","original_ids":"[188]","id":187,"layer":"stop"}},{"type":"Feature","geometry":{"type":"Point","coordinates":[116.45528,39.88314]},"properties":{"name":"北京劲松(地铁站)","original_ids":"[189]","id":188,"layer":"stop"}},{"type":"Feature","geometry":{"type":"Point","coordinates":[116.454785,39.874058]},"properties":{"name":"北京潘家园(地铁站)","original_ids":"[190]","id":189,"layer":"stop"}},{"type":"Feature","geometry":{"type":"Point","coordinates":[116.452782,39.864286]},"properties":{"name":"北京十里河(地铁站)","original_ids":"[191]","id":190,"layer":"stop"}},{"type":"Feature","geometry":{"type":"Point","coordinates":[116.447816,39.850884]},"properties":{"name":"北京分钟寺(地铁站)","original_ids":"[192]","id":191,"layer":"stop"}},{"type":"Feature","geometry":{"type":"Point","coordinates":[116.441459,39.844519]},"properties":{"name":"北京成寿寺(地铁站)","original_ids":"[193]","id":192,"layer":"stop"}},{"type":"Feature","geometry":{"type":"Point","coordinates":[116.407872,39.844507]},"properties":{"name":"北京石榴庄(地铁站)","original_ids":"[194]","id":193,"layer":"stop"}},{"type":"Feature","geometry":{"type":"Point","coordinates":[116.37942,39.843741]},"properties":{"name":"北京角门东(地铁站)","original_ids":"[195]","id":194,"layer":"stop"}},{"type":"Feature","geometry":{"type":"Point","coordinates":[116.345209,39.844517]},"properties":{"name":"北京草桥(地铁站)","original_ids":"[196]","id":195,"layer":"stop"}},{"type":"Feature","geometry":{"type":"Point","coordinates":[116.327242,39.843115]},"properties":{"name":"北京纪家庙(地铁站)","original_ids":"[197]","id":196,"layer":"stop"}},{"type":"Feature","geometry":{"type":"Point","coordinates":[116.314093,39.84317]},"properties":{"name":"北京首经贸(地铁站)","original_ids":"[198]","id":197,"layer":"stop"}},{"type":"Feature","geometry":{"type":"Point","coordinates":[116.298426,39.848984]},"properties":{"name":"北京丰台站(地铁站)","original_ids":"[199]","id":198,"layer":"stop"}},{"type":"Feature","geometry":{"type":"Point","coordinates":[116.298097,39.857343]},"properties":{"name":"北京泥洼(地铁站)","original_ids":"[200]","id":199,"layer":"stop"}},{"type":"Feature","geometry":{"type":"Point","coordinates":[116.297741,39.864612]},"properties":{"name":"北京西局(地铁站)","original_ids":"[201]","id":200,"layer":"stop"}},{"type":"Feature","geometry":{"type":"Point","coordinates":[116.304253,39.89659]},"properties":{"name":"北京莲花桥(地铁站)","original_ids":"[202]","id":201,"layer":"stop"}},{"type":"Feature","geometry":{"type":"Point","coordinates":[116.291829,39.922101]},"properties":{"name":"北京西钓鱼台(地铁站)","original_ids":"[203]","id":202,"layer":"stop"}},{"type":"Feature","geometry":{"type":"Point","coordinates":[116.289234,39.932099]},"properties":{"name":"北京慈寿寺(地铁站)","original_ids":"[204]","id":203,"layer":"stop"}},{"type":"Feature","geometry":{"type":"Point","coordinates":[116.28775,39.94667]},"properties":{"name":"北京车道沟(地铁站)","original_ids":"[205]","id":204,"layer":"stop"}},{"type":"Feature","geometry":{"type":"Point","coordinates":[116.288186,39.957274]},"properties":{"name":"北京长春桥(地铁站)","original_ids":"[206]","id":205,"layer":"stop"}},{"type":"Feature","geometry":{"type":"Point","coordinates":[116.282995,39.964691]},"properties":{"name":"北京火器营(地铁站)","original_ids":"[207]","id":206,"layer":"stop"}},{"type":"Feature","geometry":{"type":"Point","coordinates":[116.149806,39.932151]},"properties":{"name":"北京模式口(地铁站)","original_ids":"[208]","id":207,"layer":"stop"}},{"type":"Feature","geometry":{"type":"Point","coordinates":[116.155187,39.921001]},"properties":{"name":"北京金安桥(地铁站)","original_ids":"[209]","id":208,"layer":"stop"}},{"type":"Feature","geometry":{"type":"Point","coordinates":[116.15862,39.913814]},"properties":{"name":"北京北辛安(地铁站)","original_ids":"[210]","id":209,"layer":"stop"}},{"type":"Feature","geometry":{"type":"Point","coordinates":[116.158665,39.907598]},"properties":{"name":"北京新首钢(地铁站)","original_ids":"[211]","id":210,"layer":"stop"}},{"type":"Feature","geometry":{"type":"Point","coordinates":[116.551233,39.974555]},"properties":{"name":"北京东坝北(地铁站)","original_ids":"[212]","id":211,"layer":"stop"}},{"type":"Feature","geometry":{"type":"Point","coordinates":[116.52878,39.973145]},"properties":{"name":"北京东坝西(地铁站)","original_ids":"[213]","id":212,"layer":"stop"}},{"type":"Feature","geometry":{"type":"Point","coordinates":[116.499633,39.979232]},"properties":{"name":"北京驼房营(地铁站)","original_ids":"[214]","id":213,"layer":"stop"}},{"type":"Feature","geometry":{"type":"Point","coordinates":[116.485504,39.979124]},"properties":{"name":"北京高家园(地铁站)","original_ids":"[215]","id":214,"layer":"stop"}},{"type":"Feature","geometry":{"type":"Point","coordinates":[116.473955,39.97138]},"properties":{"name":"北京将台西(地铁站)","original_ids":"[216]","id":215,"layer":"stop"}},{"type":"Feature","geometry":{"type":"Point","coordinates":[116.436051,39.964339]},"properties":{"name":"北京西坝河(地铁站)","original_ids":"[217]","id":216,"layer":"stop"}},{"type":"Feature","geometry":{"type":"Point","coordinates":[116.423767,39.968102]},"properties":{"name":"北京光熙门(地铁站)","original_ids":"[218]","id":217,"layer":"stop"}},{"type":"Feature","geometry":{"type":"Point","coordinates":[116.400968,39.967507]},"properties":{"name":"北京安贞桥(地铁站)","original_ids":"[219]","id":218,"layer":"stop"}},{"type":"Feature","geometry":{"type":"Point","coordinates":[116.375972,39.966863]},"properties":{"name":"北京马甸桥(地铁站)","original_ids":"[220]","id":219,"layer":"stop"}},{"type":"Feature","geometry":{"type":"Point","coordinates":[116.363809,39.966496]},"properties":{"name":"北京北太平庄(地铁站)","original_ids":"[221]","id":220,"layer":"stop"}},{"type":"Feature","geometry":{"type":"Point","coordinates":[116.349768,39.966383]},"properties":{"name":"北京蓟门桥(地铁站)","original_ids":"[222]","id":221,"layer":"stop"}},{"type":"Feature","geometry":{"type":"Point","coordinates":[116.337007,39.966146]},"properties":{"name":"北京大钟寺(地铁站)","original_ids":"[223]","id":222,"layer":"stop"}},{"type":"Feature","geometry":{"type":"Point","coordinates":[116.300461,39.960193]},"properties":{"name":"北京苏州桥(地铁站)","original_ids":"[224]","id":223,"layer":"stop"}},{"type":"Feature","geometry":{"type":"Point","coordinates":[116.27654,39.955878]},"properties":{"name":"北京蓝靛厂(地铁站)","original_ids":"[225]","id":224,"layer":"stop"}},{"type":"Feature","geometry":{"type":"Point","coordinates":[116.268152,39.941186]},"properties":{"name":"北京四季青桥(地铁站)","original_ids":"[226]","id":225,"layer":"stop"}},{"type":"Feature","geometry":{"type":"Point","coordinates":[116.426506,39.956772]},"properties":{"name":"北京柳芳(地铁站)","original_ids":"[227]","id":226,"layer":"stop"}},{"type":"Feature","geometry":{"type":"Point","coordinates":[116.441165,39.993721]},"properties":{"name":"北京望京西(地铁站)","original_ids":"[228]","id":227,"layer":"stop"}},{"type":"Feature","geometry":{"type":"Point","coordinates":[116.428289,40.04161]},"properties":{"name":"北京北苑(地铁站)","original_ids":"[229]","id":228,"layer":"stop"}},{"type":"Feature","geometry":{"type":"Point","coordinates":[116.329943,40.069466]},"properties":{"name":"北京回龙观(地铁站)","original_ids":"[230]","id":229,"layer":"stop"}},{"type":"Feature","geometry":{"type":"Point","coordinates":[116.313294,40.069579]},"properties":{"name":"北京龙泽(地铁站)","original_ids":"[231]","id":230,"layer":"stop"}},{"type":"Feature","geometry":{"type":"Point","coordinates":[116.300191,40.051757]},"properties":{"name":"北京西二旗(地铁站)","original_ids":"[232]","id":231,"layer":"stop"}},{"type":"Feature","geometry":{"type":"Point","coordinates":[116.308677,40.039797]},"properties":{"name":"北京清河站(地铁站)","original_ids":"[233]","id":232,"layer":"stop"}},{"type":"Feature","geometry":{"type":"Point","coordinates":[116.314061,40.031705]},"properties":{"name":"北京上地(地铁站)","original_ids":"[234]","id":233,"layer":"stop"}},{"type":"Feature","geometry":{"type":"Point","coordinates":[116.331574,39.991561]},"properties":{"name":"北京五道口(地铁站)","original_ids":"[235]","id":234,"layer":"stop"}},{"type":"Feature","geometry":{"type":"Point","coordinates":[116.472092,40.025869]},"properties":{"name":"北京善各庄(地铁站)","original_ids":"[236]","id":235,"layer":"stop"}},{"type":"Feature","geometry":{"type":"Point","coordinates":[116.460857,40.019109]},"properties":{"name":"北京来广营(地铁站)","original_ids":"[237]","id":236,"layer":"stop"}},{"type":"Feature","geometry":{"type":"Point","coordinates":[116.461277,40.009248]},"properties":{"name":"北京东湖渠(地铁站)","original_ids":"[238]","id":237,"layer":"stop"}},{"type":"Feature","geometry":{"type":"Point","coordinates":[116.462078,39.99756]},"properties":{"name":"北京望京(地铁站)","original_ids":"[239]","id":238,"layer":"stop"}},{"type":"Feature","geometry":{"type":"Point","coordinates":[116.465422,39.990528]},"properties":{"name":"北京阜通(地铁站)","original_ids":"[240]","id":239,"layer":"stop"}},{"type":"Feature","geometry":{"type":"Point","coordinates":[116.475795,39.983392]},"properties":{"name":"北京望京南(地铁站)","original_ids":"[241]","id":240,"layer":"stop"}},{"type":"Feature","geometry":{"type":"Point","coordinates":[116.48416,39.969773]},"properties":{"name":"北京将台(地铁站)","original_ids":"[242]","id":241,"layer":"stop"}},{"type":"Feature","geometry":{"type":"Point","coordinates":[116.479852,39.957109]},"properties":{"name":"北京东风北桥(地铁站)","original_ids":"[243]","id":242,"layer":"stop"}},{"type":"Feature","geometry":{"type":"Point","coordinates":[116.468842,39.942837]},"properties":{"name":"北京枣营(地铁站)","original_ids":"[244]","id":243,"layer":"stop"}},{"type":"Feature","geometry":{"type":"Point","coordinates":[116.472199,39.932207]},"properties":{"name":"北京朝阳公园(地铁站)","original_ids":"[245]","id":244,"layer":"stop"}},{"type":"Feature","geometry":{"type":"Point","coordinates":[116.472024,39.92227]},"properties":{"name":"北京金台路(地铁站)","original_ids":"[246]","id":245,"layer":"stop"}},{"type":"Feature","geometry":{"type":"Point","coordinates":[116.471975,39.91432]},"properties":{"name":"北京红庙(地铁站)","original_ids":"[247]","id":246,"layer":"stop"}},{"type":"Feature","geometry":{"type":"Point","coordinates":[116.471219,39.883988]},"properties":{"name":"北京平乐园(地铁站)","original_ids":"[248]","id":247,"layer":"stop"}},{"type":"Feature","geometry":{"type":"Point","coordinates":[116.471195,39.874008]},"properties":{"name":"北京北工大西门(地铁站)","original_ids":"[249]","id":248,"layer":"stop"}},{"type":"Feature","geometry":{"type":"Point","coordinates":[116.434049,39.864494]},"properties":{"name":"北京方庄(地铁站)","original_ids":"[250]","id":249,"layer":"stop"}},{"type":"Feature","geometry":{"type":"Point","coordinates":[116.40479,39.86385]},"properties":{"name":"北京景泰(地铁站)","original_ids":"[251]","id":250,"layer":"stop"}},{"type":"Feature","geometry":{"type":"Point","coordinates":[116.380934,39.867395]},"properties":{"name":"北京陶然桥(地铁站)","original_ids":"[252]","id":251,"layer":"stop"}},{"type":"Feature","geometry":{"type":"Point","coordinates":[116.359825,39.861255]},"properties":{"name":"北京景风门(地铁站)","original_ids":"[253]","id":252,"layer":"stop"}},{"type":"Feature","geometry":{"type":"Point","coordinates":[116.349764,39.859999]},"properties":{"name":"北京西铁营(地铁站)","original_ids":"[254]","id":253,"layer":"stop"}},{"type":"Feature","geometry":{"type":"Point","coordinates":[116.336283,39.86629]},"properties":{"name":"北京菜户营(地铁站)","original_ids":"[255]","id":254,"layer":"stop"}},{"type":"Feature","geometry":{"type":"Point","coordinates":[116.325447,39.866399]},"properties":{"name":"北京丽泽商务区(地铁站)","original_ids":"[256]","id":255,"layer":"stop"}},{"type":"Feature","geometry":{"type":"Point","coordinates":[116.315085,39.866274]},"properties":{"name":"北京东管头(地铁站)","original_ids":"[257]","id":256,"layer":"stop"}},{"type":"Feature","geometry":{"type":"Point","coordinates":[116.270027,39.863999]},"properties":{"name":"北京大井(地铁站)","original_ids":"[258]","id":257,"layer":"stop"}},{"type":"Feature","geometry":{"type":"Point","coordinates":[116.247044,39.863628]},"properties":{"name":"北京郭庄子(地铁站)","original_ids":"[259]","id":258,"layer":"stop"}},{"type":"Feature","geometry":{"type":"Point","coordinates":[116.234451,39.858255]},"properties":{"name":"北京大瓦窑(地铁站)","original_ids":"[260]","id":259,"layer":"stop"}},{"type":"Feature","geometry":{"type":"Point","coordinates":[116.19555,39.860075]},"properties":{"name":"北京园博园(地铁站)","original_ids":"[261]","id":260,"layer":"stop"}},{"type":"Feature","geometry":{"type":"Point","coordinates":[116.181066,39.856822]},"properties":{"name":"北京张郭庄(地铁站)","original_ids":"[262]","id":261,"layer":"stop"}},{"type":"Feature","geometry":{"type":"Point","coordinates":[116.333358,39.999336]},"properties":{"name":"北京清华东路西口(地铁站)","original_ids":"[263]","id":262,"layer":"stop"}},{"type":"Feature","geometry":{"type":"Point","coordinates":[116.346471,39.999597]},"properties":{"name":"北京六道口(地铁站)","original_ids":"[264]","id":263,"layer":"stop"}},{"type":"Feature","geometry":{"type":"Point","coordinates":[116.362052,40.000134]},"properties":{"name":"北京北沙滩(地铁站)","original_ids":"[265]","id":264,"layer":"stop"}},{"type":"Feature","geometry":{"type":"Point","coordinates":[116.40159,40.001212]},"properties":{"name":"北京安立路(地铁站)","original_ids":"[266]","id":265,"layer":"stop"}},{"type":"Feature","geometry":{"type":"Point","coordinates":[116.424715,39.999745]},"properties":{"name":"北京关庄(地铁站)","original_ids":"[267]","id":266,"layer":"stop"}},{"type":"Feature","geometry":{"type":"Point","coordinates":[116.480964,40.001912]},"properties":{"name":"北京望京东(地铁站)","original_ids":"[268]","id":267,"layer":"stop"}},{"type":"Feature","geometry":{"type":"Point","coordinates":[116.486921,40.020955]},"properties":{"name":"北京崔各庄(地铁站)","original_ids":"[269]","id":268,"layer":"stop"}},{"type":"Feature","geometry":{"type":"Point","coordinates":[116.497471,40.032505]},"properties":{"name":"北京马泉营(地铁站)","original_ids":"[270]","id":269,"layer":"stop"}},{"type":"Feature","geometry":{"type":"Point","coordinates":[116.528799,40.043984]},"properties":{"name":"北京孙河(地铁站)","original_ids":"[271]","id":270,"layer":"stop"}},{"type":"Feature","geometry":{"type":"Point","coordinates":[116.549279,40.068943]},"properties":{"name":"北京国展(地铁站)","original_ids":"[272]","id":271,"layer":"stop"}},{"type":"Feature","geometry":{"type":"Point","coordinates":[116.551748,40.083355]},"properties":{"name":"北京花梨坎(地铁站)","original_ids":"[273]","id":272,"layer":"stop"}},{"type":"Feature","geometry":{"type":"Point","coordinates":[116.558375,40.113053]},"properties":{"name":"北京后沙峪(地铁站)","original_ids":"[274]","id":273,"layer":"stop"}},{"type":"Feature","geometry":{"type":"Point","coordinates":[116.603716,40.127424]},"properties":{"name":"北京南法信(地铁站)","original_ids":"[275]","id":274,"layer":"stop"}},{"type":"Feature","geometry":{"type":"Point","coordinates":[116.635245,40.128714]},"properties":{"name":"北京石门(地铁站)","original_ids":"[276]","id":275,"layer":"stop"}},{"type":"Feature","geometry":{"type":"Point","coordinates":[116.651109,40.128878]},"properties":{"name":"北京顺义(地铁站)","original_ids":"[277]","id":276,"layer":"stop"}},{"type":"Feature","geometry":{"type":"Point","coordinates":[116.67874,40.131406]},"properties":{"name":"北京俸伯(地铁站)","original_ids":"[278]","id":277,"layer":"stop"}},{"type":"Feature","geometry":{"type":"Point","coordinates":[116.124315,40.066639]},"properties":{"name":"北京北安河(地铁站)","original_ids":"[279]","id":278,"layer":"stop"}},{"type":"Feature","geometry":{"type":"Point","coordinates":[116.155135,40.067182]},"properties":{"name":"北京温阳路(地铁站)","original_ids":"[280]","id":279,"layer":"stop"}},{"type":"Feature","geometry":{"type":"Point","coordinates":[116.181993,40.06765]},"properties":{"name":"北京稻香湖路(地铁站)","original_ids":"[281]","id":280,"layer":"stop"}},{"type":"Feature","geometry":{"type":"Point","coordinates":[116.209762,40.067211]},"properties":{"name":"北京屯佃(地铁站)","original_ids":"[282]","id":281,"layer":"stop"}},{"type":"Feature","geometry":{"type":"Point","coordinates":[116.232425,40.070643]},"properties":{"name":"北京永丰(地铁站)","original_ids":"[283]","id":282,"layer":"stop"}},{"type":"Feature","geometry":{"type":"Point","coordinates":[116.242104,40.064352]},"properties":{"name":"北京永丰南(地铁站)","original_ids":"[284]","id":283,"layer":"stop"}},{"type":"Feature","geometry":{"type":"Point","coordinates":[116.251877,40.04748]},"properties":{"name":"北京西北旺(地铁站)","original_ids":"[285]","id":284,"layer":"stop"}},{"type":"Feature","geometry":{"type":"Point","coordinates":[116.266469,40.031406]},"properties":{"name":"北京马连洼(地铁站)","original_ids":"[286]","id":285,"layer":"stop"}},{"type":"Feature","geometry":{"type":"Point","coordinates":[116.276256,40.020111]},"properties":{"name":"北京农大南路(地铁站)","original_ids":"[287]","id":286,"layer":"stop"}},{"type":"Feature","geometry":{"type":"Point","coordinates":[116.292947,39.983986]},"properties":{"name":"北京万泉河桥(地铁站)","original_ids":"[288]","id":287,"layer":"stop"}},{"type":"Feature","geometry":{"type":"Point","coordinates":[116.303805,39.946493]},"properties":{"name":"北京万寿寺(地铁站)","original_ids":"[289]","id":288,"layer":"stop"}},{"type":"Feature","geometry":{"type":"Point","coordinates":[116.327552,39.931086]},"properties":{"name":"北京二里沟(地铁站)","original_ids":"[290]","id":289,"layer":"stop"}},{"type":"Feature","geometry":{"type":"Point","coordinates":[116.328396,39.921843]},"properties":{"name":"北京甘家口(地铁站)","original_ids":"[291]","id":290,"layer":"stop"}},{"type":"Feature","geometry":{"type":"Point","coordinates":[116.328381,39.912632]},"properties":{"name":"北京玉渊潭东门(地铁站)","original_ids":"[292]","id":291,"layer":"stop"}},{"type":"Feature","geometry":{"type":"Point","coordinates":[116.330517,39.876207]},"properties":{"name":"北京红莲南路(地铁站)","original_ids":"[293]","id":292,"layer":"stop"}},{"type":"Feature","geometry":{"type":"Point","coordinates":[116.316839,39.853025]},"properties":{"name":"北京东管头南(地铁站)","original_ids":"[294]","id":293,"layer":"stop"}},{"type":"Feature","geometry":{"type":"Point","coordinates":[116.280979,39.834989]},"properties":{"name":"北京富丰桥(地铁站)","original_ids":"[295]","id":294,"layer":"stop"}},{"type":"Feature","geometry":{"type":"Point","coordinates":[116.266491,39.833688]},"properties":{"name":"北京看丹(地铁站)","original_ids":"[296]","id":295,"layer":"stop"}},{"type":"Feature","geometry":{"type":"Point","coordinates":[116.252943,39.837527]},"properties":{"name":"北京榆树庄(地铁站)","original_ids":"[297]","id":296,"layer":"stop"}},{"type":"Feature","geometry":{"type":"Point","coordinates":[116.243299,39.847325]},"properties":{"name":"北京洪泰庄(地铁站)","original_ids":"[298]","id":297,"layer":"stop"}},{"type":"Feature","geometry":{"type":"Point","coordinates":[116.223532,39.847837]},"properties":{"name":"北京宛平城(地铁站)","original_ids":"[299]","id":298,"layer":"stop"}},{"type":"Feature","geometry":{"type":"Point","coordinates":[116.340185,39.82222]},"properties":{"name":"北京新发地(地铁站)","original_ids":"[300]","id":299,"layer":"stop"}},{"type":"Feature","geometry":{"type":"Point","coordinates":[116.357269,39.889346]},"properties":{"name":"北京牛街(地铁站)","original_ids":"[301]","id":300,"layer":"stop"}},{"type":"Feature","geometry":{"type":"Point","coordinates":[116.357027,39.908156]},"properties":{"name":"北京太平桥(地铁站)","original_ids":"[302]","id":301,"layer":"stop"}},{"type":"Feature","geometry":{"type":"Point","coordinates":[116.410421,39.51195]},"properties":{"name":"北京大兴机场(地铁站)","original_ids":"[303]","id":302,"layer":"stop"}},{"type":"Feature","geometry":{"type":"Point","coordinates":[116.359331,39.73422]},"properties":{"name":"北京大兴新城(地铁站)","original_ids":"[304]","id":303,"layer":"stop"}},{"type":"Feature","geometry":{"type":"Point","coordinates":[116.189213,40.243336]},"properties":{"name":"北京昌平西山口(地铁站)","original_ids":"[305]","id":304,"layer":"stop"}},{"type":"Feature","geometry":{"type":"Point","coordinates":[116.201511,40.23894]},"properties":{"name":"北京十三陵景区(地铁站)","original_ids":"[306]","id":305,"layer":"stop"}},{"type":"Feature","geometry":{"type":"Point","coordinates":[116.227511,40.219306]},"properties":{"name":"北京昌平(地铁站)","original_ids":"[307]","id":306,"layer":"stop"}},{"type":"Feature","geometry":{"type":"Point","coordinates":[116.255991,40.220487]},"properties":{"name":"北京昌平东关(地铁站)","original_ids":"[308]","id":307,"layer":"stop"}},{"type":"Feature","geometry":{"type":"Point","coordinates":[116.275867,40.220751]},"properties":{"name":"北京北邵洼(地铁站)","original_ids":"[309]","id":308,"layer":"stop"}},{"type":"Feature","geometry":{"type":"Point","coordinates":[116.28154,40.206269]},"properties":{"name":"北京南邵(地铁站)","original_ids":"[310]","id":309,"layer":"stop"}},{"type":"Feature","geometry":{"type":"Point","coordinates":[116.274388,40.163418]},"properties":{"name":"北京沙河高教园(地铁站)","original_ids":"[311]","id":310,"layer":"stop"}},{"type":"Feature","geometry":{"type":"Point","coordinates":[116.28278,40.147021]},"properties":{"name":"北京沙河(地铁站)","original_ids":"[312]","id":311,"layer":"stop"}},{"type":"Feature","geometry":{"type":"Point","coordinates":[116.287889,40.129637]},"properties":{"name":"北京巩华城(地铁站)","original_ids":"[313]","id":312,"layer":"stop"}},{"type":"Feature","geometry":{"type":"Point","coordinates":[116.288144,40.093529]},"properties":{"name":"北京生命科学园(地铁站)","original_ids":"[314]","id":313,"layer":"stop"}},{"type":"Feature","geometry":{"type":"Point","coordinates":[116.325552,40.03463]},"properties":{"name":"北京朱房北(地铁站)","original_ids":"[315]","id":314,"layer":"stop"}},{"type":"Feature","geometry":{"type":"Point","coordinates":[116.337554,40.033376]},"properties":{"name":"北京清河小营桥(地铁站)","original_ids":"[316]","id":315,"layer":"stop"}},{"type":"Feature","geometry":{"type":"Point","coordinates":[116.345995,40.013651]},"properties":{"name":"北京学知园(地铁站)","original_ids":"[317]","id":316,"layer":"stop"}},{"type":"Feature","geometry":{"type":"Point","coordinates":[116.347239,39.986844]},"properties":{"name":"北京学院桥(地铁站)","original_ids":"[318]","id":317,"layer":"stop"}},{"type":"Feature","geometry":{"type":"Point","coordinates":[116.313959,39.82792]},"properties":{"name":"北京花乡东桥(地铁站)","original_ids":"[319]","id":318,"layer":"stop"}},{"type":"Feature","geometry":{"type":"Point","coordinates":[116.307301,39.818311]},"properties":{"name":"北京白盆窑(地铁站)","original_ids":"[320]","id":319,"layer":"stop"}},{"type":"Feature","geometry":{"type":"Point","coordinates":[116.285634,39.806569]},"properties":{"name":"北京大葆台(地铁站)","original_ids":"[321]","id":320,"layer":"stop"}},{"type":"Feature","geometry":{"type":"Point","coordinates":[116.212791,39.793658]},"properties":{"name":"北京稻田(地铁站)","original_ids":"[322]","id":321,"layer":"stop"}},{"type":"Feature","geometry":{"type":"Point","coordinates":[116.206635,39.762641]},"properties":{"name":"北京长阳(地铁站)","original_ids":"[323]","id":322,"layer":"stop"}},{"type":"Feature","geometry":{"type":"Point","coordinates":[116.183377,39.75937]},"properties":{"name":"北京篱笆房(地铁站)","original_ids":"[324]","id":323,"layer":"stop"}},{"type":"Feature","geometry":{"type":"Point","coordinates":[116.178864,39.746657]},"properties":{"name":"北京广阳城(地铁站)","original_ids":"[325]","id":324,"layer":"stop"}},{"type":"Feature","geometry":{"type":"Point","coordinates":[116.177358,39.728634]},"properties":{"name":"北京良乡大学城北(地铁站)","original_ids":"[326]","id":325,"layer":"stop"}},{"type":"Feature","geometry":{"type":"Point","coordinates":[116.170401,39.721873]},"properties":{"name":"北京良乡大学城(地铁站)","original_ids":"[327]","id":326,"layer":"stop"}},{"type":"Feature","geometry":{"type":"Point","coordinates":[116.150085,39.721834]},"properties":{"name":"北京良乡大学城西(地铁站)","original_ids":"[328]","id":327,"layer":"stop"}},{"type":"Feature","geometry":{"type":"Point","coordinates":[116.134568,39.721854]},"properties":{"name":"北京良乡南关(地铁站)","original_ids":"[329]","id":328,"layer":"stop"}},{"type":"Feature","geometry":{"type":"Point","coordinates":[116.119036,39.721819]},"properties":{"name":"北京苏庄(地铁站)","original_ids":"[330]","id":329,"layer":"stop"}},{"type":"Feature","geometry":{"type":"Point","coordinates":[116.094517,39.727645]},"properties":{"name":"北京阎村东(地铁站)","original_ids":"[331]","id":330,"layer":"stop"}},{"type":"Feature","geometry":{"type":"Point","coordinates":[116.596137,39.811573]},"properties":{"name":"北京亦庄火车站(地铁站)","original_ids":"[332]","id":331,"layer":"stop"}},{"type":"Feature","geometry":{"type":"Point","coordinates":[116.58579,39.802516]},"properties":{"name":"北京次渠(地铁站)","original_ids":"[333]","id":332,"layer":"stop"}},{"type":"Feature","geometry":{"type":"Point","coordinates":[116.575581,39.794081]},"properties":{"name":"北京次渠南(地铁站)","original_ids":"[334]","id":333,"layer":"stop"}},{"type":"Feature","geometry":{"type":"Point","coordinates":[116.556447,39.782528]},"properties":{"name":"北京经海路(地铁站)","original_ids":"[335]","id":334,"layer":"stop"}},{"type":"Feature","geometry":{"type":"Point","coordinates":[116.533984,39.771798]},"properties":{"name":"北京同济南路(地铁站)","original_ids":"[336]","id":335,"layer":"stop"}},{"type":"Feature","geometry":{"type":"Point","coordinates":[116.515825,39.781649]},"properties":{"name":"北京荣昌东街(地铁站)","original_ids":"[337]","id":336,"layer":"stop"}},{"type":"Feature","geometry":{"type":"Point","coordinates":[116.507447,39.791957]},"properties":{"name":"北京荣京东街(地铁站)","original_ids":"[338]","id":337,"layer":"stop"}},{"type":"Feature","geometry":{"type":"Point","coordinates":[116.499473,39.801722]},"properties":{"name":"北京万源街(地铁站)","original_ids":"[339]","id":338,"layer":"stop"}},{"type":"Feature","geometry":{"type":"Point","coordinates":[116.484602,39.805647]},"properties":{"name":"北京亦庄文化园(地铁站)","original_ids":"[340]","id":339,"layer":"stop"}},{"type":"Feature","geometry":{"type":"Point","coordinates":[116.474239,39.801738]},"properties":{"name":"北京亦庄桥(地铁站)","original_ids":"[341]","id":340,"layer":"stop"}},{"type":"Feature","geometry":{"type":"Point","coordinates":[116.454656,39.805586]},"properties":{"name":"北京旧宫(地铁站)","original_ids":"[342]","id":341,"layer":"stop"}},{"type":"Feature","geometry":{"type":"Point","coordinates":[116.453119,39.826719]},"properties":{"name":"北京小红门(地铁站)","original_ids":"[343]","id":342,"layer":"stop"}},{"type":"Feature","geometry":{"type":"Point","coordinates":[116.442191,39.832864]},"properties":{"name":"北京肖村(地铁站)","original_ids":"[344]","id":343,"layer":"stop"}},{"type":"Feature","geometry":{"type":"Point","coordinates":[116.609766,40.051605]},"properties":{"name":"北京3号航站楼(地铁站)","original_ids":"[345]","id":344,"layer":"stop"}},{"type":"Feature","geometry":{"type":"Point","coordinates":[116.587003,40.078264]},"properties":{"name":"北京2号航站楼(地铁站)","original_ids":"[346]","id":345,"layer":"stop"}},{"type":"Feature","geometry":{"type":"Point","coordinates":[116.257208,39.984475]},"properties":{"name":"北京颐和园西门(地铁站)","original_ids":"[347]","id":346,"layer":"stop"}},{"type":"Feature","geometry":{"type":"Point","coordinates":[116.24206,39.980895]},"properties":{"name":"北京茶棚(地铁站)","original_ids":"[348]","id":347,"layer":"stop"}},{"type":"Feature","geometry":{"type":"Point","coordinates":[116.225924,39.982776]},"properties":{"name":"北京万安(地铁站)","original_ids":"[349]","id":348,"layer":"stop"}},{"type":"Feature","geometry":{"type":"Point","coordinates":[116.209644,39.992297]},"properties":{"name":"北京国家植物园(地铁站)","original_ids":"[350]","id":349,"layer":"stop"}},{"type":"Feature","geometry":{"type":"Point","coordinates":[116.198389,39.992801]},"properties":{"name":"北京香山(地铁站)","original_ids":"[351]","id":350,"layer":"stop"}},{"type":"Feature","geometry":{"type":"Point","coordinates":[115.967389,39.718461]},"properties":{"name":"北京燕山(地铁站)","original_ids":"[352]","id":351,"layer":"stop"}},{"type":"Feature","geometry":{"type":"Point","coordinates":[115.983551,39.70481]},"properties":{"name":"北京房山城关(地铁站)","original_ids":"[353]","id":352,"layer":"stop"}},{"type":"Feature","geometry":{"type":"Point","coordinates":[116.000007,39.700277]},"properties":{"name":"北京饶乐府(地铁站)","original_ids":"[354]","id":353,"layer":"stop"}},{"type":"Feature","geometry":{"type":"Point","coordinates":[116.010542,39.703788]},"properties":{"name":"北京马各庄(地铁站)","original_ids":"[355]","id":354,"layer":"stop"}},{"type":"Feature","geometry":{"type":"Point","coordinates":[116.033674,39.7085]},"properties":{"name":"北京大石河东(地铁站)","original_ids":"[356]","id":355,"layer":"stop"}},{"type":"Feature","geometry":{"type":"Point","coordinates":[116.055057,39.712247]},"properties":{"name":"北京星城(地铁站)","original_ids":"[357]","id":356,"layer":"stop"}},{"type":"Feature","geometry":{"type":"Point","coordinates":[116.073969,39.715276]},"properties":{"name":"北京阎村(地铁站)","original_ids":"[358]","id":357,"layer":"stop"}},{"type":"Feature","geometry":{"type":"Point","coordinates":[116.080369,39.72308]},"properties":{"name":"北京紫草坞(地铁站)","original_ids":"[359]","id":358,"layer":"stop"}},{"type":"Feature","geometry":{"type":"Point","coordinates":[116.093925,39.887855]},"properties":{"name":"北京石厂(地铁站)","original_ids":"[360]","id":359,"layer":"stop"}},{"type":"Feature","geometry":{"type":"Point","coordinates":[116.108117,39.888996]},"properties":{"name":"北京小园(地铁站)","original_ids":"[361]","id":360,"layer":"stop"}},{"type":"Feature","geometry":{"type":"Point","coordinates":[116.116922,39.894304]},"properties":{"name":"北京栗园庄(地铁站)","original_ids":"[362]","id":361,"layer":"stop"}},{"type":"Feature","geometry":{"type":"Point","coordinates":[116.115895,39.903684]},"properties":{"name":"北京上岸(地铁站)","original_ids":"[363]","id":362,"layer":"stop"}},{"type":"Feature","geometry":{"type":"Point","coordinates":[116.119493,39.910956]},"properties":{"name":"北京桥户营(地铁站)","original_ids":"[364]","id":363,"layer":"stop"}},{"type":"Feature","geometry":{"type":"Point","coordinates":[116.127707,39.914623]},"properties":{"name":"北京四道桥(地铁站)","original_ids":"[365]","id":364,"layer":"stop"}},{"type":"Feature","geometry":{"type":"Point","coordinates":[116.501214,39.713691]},"properties":{"name":"北京屈庄(地铁站)","original_ids":"[366]","id":365,"layer":"stop"}},{"type":"Feature","geometry":{"type":"Point","coordinates":[116.499436,39.720752]},"properties":{"name":"北京融兴街(地铁站)","original_ids":"[367]","id":366,"layer":"stop"}},{"type":"Feature","geometry":{"type":"Point","coordinates":[116.497632,39.727859]},"properties":{"name":"北京瑞合庄(地铁站)","original_ids":"[368]","id":367,"layer":"stop"}},{"type":"Feature","geometry":{"type":"Point","coordinates":[116.495827,39.739901]},"properties":{"name":"北京太和桥北(地铁站)","original_ids":"[369]","id":368,"layer":"stop"}},{"type":"Feature","geometry":{"type":"Point","coordinates":[116.498607,39.745473]},"properties":{"name":"北京四海庄(地铁站)","original_ids":"[370]","id":369,"layer":"stop"}},{"type":"Feature","geometry":{"type":"Point","coordinates":[116.502756,39.753797]},"properties":{"name":"北京九号村(地铁站)","original_ids":"[371]","id":370,"layer":"stop"}},{"type":"Feature","geometry":{"type":"Point","coordinates":[116.505425,39.758882]},"properties":{"name":"北京泰河路(地铁站)","original_ids":"[372]","id":371,"layer":"stop"}},{"type":"Feature","geometry":{"type":"Point","coordinates":[116.508094,39.765194]},"properties":{"name":"北京鹿圈东(地铁站)","original_ids":"[373]","id":372,"layer":"stop"}},{"type":"Feature","geometry":{"type":"Point","coordinates":[116.512321,39.775757]},"properties":{"name":"北京亦庄同仁(地铁站)","original_ids":"[374]","id":373,"layer":"stop"}},{"type":"Feature","geometry":{"type":"Point","coordinates":[116.52155,39.7832]},"properties":{"name":"北京亦创会展中心(地铁站)","original_ids":"[375]","id":374,"layer":"stop"}},{"type":"Feature","geometry":{"type":"Point","coordinates":[116.534998,39.789681]},"properties":{"name":"北京经海一路(地铁站)","original_ids":"[376]","id":375,"layer":"stop"}},{"type":"Feature","geometry":{"type":"Point","coordinates":[116.547449,39.795702]},"properties":{"name":"北京定海园西(地铁站)","original_ids":"[377]","id":376,"layer":"stop"}},{"type":"Feature","geometry":{"type":"Point","coordinates":[116.556462,39.800043]},"properties":{"name":"北京定海园(地铁站)","original_ids":"[378]","id":377,"layer":"stop"}},{"type":"Feature","geometry":{"type":"Point","coordinates":[116.47066,39.8551]},"properties":{"name":"北京周家庄(地铁站)","original_ids":"[379]","id":378,"layer":"stop"}},{"type":"Feature","geometry":{"type":"Point","coordinates":[116.48947,39.84328]},"properties":{"name":"北京十八里店(地铁站)","original_ids":"[380]","id":379,"layer":"stop"}},{"type":"Feature","geometry":{"type":"Point","coordinates":[116.5467,39.81756]},"properties":{"name":"北京北神树(地铁站)","original_ids":"[381]","id":380,"layer":"stop"}},{"type":"Feature","geometry":{"type":"Point","coordinates":[116.57058,39.80861]},"properties":{"name":"北京次渠北(地铁站)","original_ids":"[382]","id":381,"layer":"stop"}},{"type":"Feature","geometry":{"type":"Point","coordinates":[116.60487,39.79168]},"properties":{"name":"北京嘉会湖(地铁站)","original_ids":"[383]","id":382,"layer":"stop"}},{"type":"Feature","geometry":{"type":"Point","coordinates":[116.46271,40.128753]},"properties":{"name":"北京未来科学城北(地铁站)","original_ids":"[384]","id":383,"layer":"stop"}},{"type":"Feature","geometry":{"type":"Point","coordinates":[116.460684,40.114302]},"properties":{"name":"北京未来科学城(地铁站)","original_ids":"[385]","id":384,"layer":"stop"}},{"type":"Feature","geometry":{"type":"Point","coordinates":[116.43594,40.067042]},"properties":{"name":"北京天通苑东(地铁站)","original_ids":"[386]","id":385,"layer":"stop"}},{"type":"Feature","geometry":{"type":"Point","coordinates":[116.435886,40.049408]},"properties":{"name":"北京清河营(地铁站)","original_ids":"[387]","id":386,"layer":"stop"}},{"type":"Feature","geometry":{"type":"Point","coordinates":[116.435583,40.032347]},"properties":{"name":"北京红军营(地铁站)","original_ids":"[388]","id":387,"layer":"stop"}},{"type":"Feature","geometry":{"type":"Point","coordinates":[116.436519,39.948599]},"properties":{"name":"北京左家庄(地铁站)","original_ids":"[389]","id":388,"layer":"stop"}},{"type":"Feature","geometry":{"type":"Point","coordinates":[116.44377,39.932233]},"properties":{"name":"北京工人体育场(地铁站)","original_ids":"[390]","id":389,"layer":"stop"}},{"type":"Feature","geometry":{"type":"Point","coordinates":[116.182473,39.926729]},"properties":{"name":"北京杨庄(地铁站)","original_ids":"[391]","id":390,"layer":"stop"}},{"type":"Feature","geometry":{"type":"Point","coordinates":[116.200174,39.932502]},"properties":{"name":"北京西黄村(地铁站)","original_ids":"[392]","id":391,"layer":"stop"}},{"type":"Feature","geometry":{"type":"Point","coordinates":[116.220863,39.931154]},"properties":{"name":"北京廖公庄(地铁站)","original_ids":"[393]","id":392,"layer":"stop"}},{"type":"Feature","geometry":{"type":"Point","coordinates":[116.246833,39.928138]},"properties":{"name":"北京田村(地铁站)","original_ids":"[394]","id":393,"layer":"stop"}},{"type":"Feature","geometry":{"type":"Point","coordinates":[116.271139,39.9314]},"properties":{"name":"北京海淀五路居(地铁站)","original_ids":"[395]","id":394,"layer":"stop"}},{"type":"Feature","geometry":{"type":"Point","coordinates":[116.310713,39.9324]},"properties":{"name":"北京花园桥(地铁站)","original_ids":"[396]","id":395,"layer":"stop"}},{"type":"Feature","geometry":{"type":"Point","coordinates":[116.337992,39.931098]},"properties":{"name":"北京车公庄西(地铁站)","original_ids":"[397]","id":396,"layer":"stop"}},{"type":"Feature","geometry":{"type":"Point","coordinates":[116.380324,39.93184]},"properties":{"name":"北京北海北(地铁站)","original_ids":"[398]","id":397,"layer":"stop"}},{"type":"Feature","geometry":{"type":"Point","coordinates":[116.4455,39.9215]},"properties":{"name":"北京东大桥(地铁站)","original_ids":"[399]","id":398,"layer":"stop"}},{"type":"Feature","geometry":{"type":"Point","coordinates":[116.496192,39.921597]},"properties":{"name":"北京十里堡(地铁站)","original_ids":"[400]","id":399,"layer":"stop"}},{"type":"Feature","geometry":{"type":"Point","coordinates":[116.5111,39.9218]},"properties":{"name":"北京青年路(地铁站)","original_ids":"[401]","id":400,"layer":"stop"}},{"type":"Feature","geometry":{"type":"Point","coordinates":[116.557578,39.922735]},"properties":{"name":"北京褡裢坡(地铁站)","original_ids":"[402]","id":401,"layer":"stop"}},{"type":"Feature","geometry":{"type":"Point","coordinates":[116.572637,39.92307]},"properties":{"name":"北京黄渠(地铁站)","original_ids":"[403]","id":402,"layer":"stop"}},{"type":"Feature","geometry":{"type":"Point","coordinates":[116.59384,39.924571]},"properties":{"name":"北京常营(地铁站)","original_ids":"[404]","id":403,"layer":"stop"}},{"type":"Feature","geometry":{"type":"Point","coordinates":[116.609583,39.923204]},"properties":{"name":"北京草房(地铁站)","original_ids":"[405]","id":404,"layer":"stop"}},{"type":"Feature","geometry":{"type":"Point","coordinates":[116.633806,39.925659]},"properties":{"name":"北京物资学院路(地铁站)","original_ids":"[406]","id":405,"layer":"stop"}},{"type":"Feature","geometry":{"type":"Point","coordinates":[116.655515,39.917374]},"properties":{"name":"北京通州北关(地铁站)","original_ids":"[407]","id":406,"layer":"stop"}},{"type":"Feature","geometry":{"type":"Point","coordinates":[116.682545,39.901639]},"properties":{"name":"北京北运河西(地铁站)","original_ids":"[408]","id":407,"layer":"stop"}},{"type":"Feature","geometry":{"type":"Point","coordinates":[116.701131,39.902006]},"properties":{"name":"北京北运河东(地铁站)","original_ids":"[409]","id":408,"layer":"stop"}},{"type":"Feature","geometry":{"type":"Point","coordinates":[116.711023,39.90202]},"properties":{"name":"北京郝家府(地铁站)","original_ids":"[410]","id":409,"layer":"stop"}},{"type":"Feature","geometry":{"type":"Point","coordinates":[116.727369,39.902189]},"properties":{"name":"北京东夏园(地铁站)","original_ids":"[411]","id":410,"layer":"stop"}},{"type":"Feature","geometry":{"type":"Point","coordinates":[116.741787,39.901547]},"properties":{"name":"北京潞城(地铁站)","original_ids":"[412]","id":411,"layer":"stop"}},{"type":"Feature","geometry":{"type":"Point","coordinates":[116.493011,39.934426]},"properties":{"name":"北京石佛营(地铁站)","original_ids":"[413]","id":412,"layer":"stop"}},{"type":"Feature","geometry":{"type":"Point","coordinates":[116.50038,39.94303]},"properties":{"name":"北京朝阳站(地铁站)","original_ids":"[414]","id":413,"layer":"stop"}},{"type":"Feature","geometry":{"type":"Point","coordinates":[116.521177,39.94654]},"properties":{"name":"北京姚家园(地铁站)","original_ids":"[415]","id":414,"layer":"stop"}},{"type":"Feature","geometry":{"type":"Point","coordinates":[116.541112,39.951104]},"properties":{"name":"北京东坝南(地铁站)","original_ids":"[416]","id":415,"layer":"stop"}},{"type":"Feature","geometry":{"type":"Point","coordinates":[116.541293,39.963767]},"properties":{"name":"北京东坝(地铁站)","original_ids":"[417]","id":416,"layer":"stop"}},{"type":"Feature","properties":{"shape_id":"{}","direction_id":"{\"0\": 50}","headsign":"{}","duration_avg":180,"n_vehicles":50,"d":1800,"route_I_counts":"{\"1\": 50, \"6\": 50}","source":0,"target":1,"layer":"L","from":"北京环球度假区(地铁站)","to":"北京花庄(地铁站)"},"geometry":{"type":"LineString","coordinates":[[116.673158,39.84801],[116.689509,39.85555]]}},{"type":"Feature","properties":{"shape_id":"{}","direction_id":"{\"1\": 50}","headsign":"{}","duration_avg":180,"n_vehicles":50,"d":1800,"route_I_counts":"{\"1\": 50, \"6\": 50}","source":1,"target":0,"layer":"L","from":"北京花庄(地铁站)","to":"北京环球度假区(地铁站)"},"geometry":{"type":"LineString","coordinates":[[116.689509,39.85555],[116.673158,39.84801]]}},{"type":"Feature","properties":{"shape_id":"{}","direction_id":"{\"0\": 50}","headsign":"{}","duration_avg":180,"n_vehicles":50,"d":1800,"route_I_counts":"{\"1\": 50}","source":1,"target":2,"layer":"L","from":"北京花庄(地铁站)","to":"北京土桥(地铁站)"},"geometry":{"type":"LineString","coordinates":[[116.689509,39.85555],[116.680386,39.870769]]}},{"type":"Feature","properties":{"shape_id":"{}","direction_id":"{\"1\": 50}","headsign":"{}","duration_avg":180,"n_vehicles":50,"d":1800,"route_I_counts":"{\"1\": 50}","source":2,"target":1,"layer":"L","from":"北京土桥(地铁站)","to":"北京花庄(地铁站)"},"geometry":{"type":"LineString","coordinates":[[116.680386,39.870769],[116.689509,39.85555]]}},{"type":"Feature","properties":{"shape_id":"{}","direction_id":"{\"0\": 50}","headsign":"{}","duration_avg":120,"n_vehicles":50,"d":1200,"route_I_counts":"{\"1\": 50}","source":2,"target":3,"layer":"L","from":"北京土桥(地铁站)","to":"北京临河里(地铁站)"},"geometry":{"type":"LineString","coordinates":[[116.680386,39.870769],[116.672869,39.874353]]}},{"type":"Feature","properties":{"shape_id":"{}","direction_id":"{\"1\": 50}","headsign":"{}","duration_avg":120,"n_vehicles":50,"d":1200,"route_I_counts":"{\"1\": 50}","source":3,"target":2,"layer":"L","from":"北京临河里(地铁站)","to":"北京土桥(地铁站)"},"geometry":{"type":"LineString","coordinates":[[116.672869,39.874353],[116.680386,39.870769]]}},{"type":"Feature","properties":{"shape_id":"{}","direction_id":"{\"0\": 50}","headsign":"{}","duration_avg":120,"n_vehicles":50,"d":1200,"route_I_counts":"{\"1\": 50}","source":3,"target":4,"layer":"L","from":"北京临河里(地铁站)","to":"北京梨园(地铁站)"},"geometry":{"type":"LineString","coordinates":[[116.672869,39.874353],[116.662805,39.882553]]}},{"type":"Feature","properties":{"shape_id":"{}","direction_id":"{\"1\": 50}","headsign":"{}","duration_avg":120,"n_vehicles":50,"d":1200,"route_I_counts":"{\"1\": 50}","source":4,"target":3,"layer":"L","from":"北京梨园(地铁站)","to":"北京临河里(地铁站)"},"geometry":{"type":"LineString","coordinates":[[116.662805,39.882553],[116.672869,39.874353]]}},{"type":"Feature","properties":{"shape_id":"{}","direction_id":"{\"0\": 50}","headsign":"{}","duration_avg":180,"n_vehicles":50,"d":1800,"route_I_counts":"{\"1\": 50}","source":4,"target":5,"layer":"L","from":"北京梨园(地铁站)","to":"北京九棵树(地铁站)"},"geometry":{"type":"LineString","coordinates":[[116.662805,39.882553],[116.651647,39.889176]]}},{"type":"Feature","properties":{"shape_id":"{}","direction_id":"{\"1\": 50}","headsign":"{}","duration_avg":180,"n_vehicles":50,"d":1800,"route_I_counts":"{\"1\": 50}","source":5,"target":4,"layer":"L","from":"北京九棵树(地铁站)","to":"北京梨园(地铁站)"},"geometry":{"type":"LineString","coordinates":[[116.651647,39.889176],[116.662805,39.882553]]}},{"type":"Feature","properties":{"shape_id":"{}","direction_id":"{\"0\": 50}","headsign":"{}","duration_avg":120,"n_vehicles":50,"d":1200,"route_I_counts":"{\"1\": 50}","source":5,"target":6,"layer":"L","from":"北京九棵树(地铁站)","to":"北京果园(地铁站)"},"geometry":{"type":"LineString","coordinates":[[116.651647,39.889176],[116.640765,39.892246]]}},{"type":"Feature","properties":{"shape_id":"{}","direction_id":"{\"1\": 50}","headsign":"{}","duration_avg":120,"n_vehicles":50,"d":1200,"route_I_counts":"{\"1\": 50}","source":6,"target":5,"layer":"L","from":"北京果园(地铁站)","to":"北京九棵树(地铁站)"},"geometry":{"type":"LineString","coordinates":[[116.640765,39.892246],[116.651647,39.889176]]}},{"type":"Feature","properties":{"shape_id":"{}","direction_id":"{\"0\": 50}","headsign":"{}","duration_avg":120,"n_vehicles":50,"d":1200,"route_I_counts":"{\"1\": 50}","source":6,"target":7,"layer":"L","from":"北京果园(地铁站)","to":"北京通州北苑(地铁站)"},"geometry":{"type":"LineString","coordinates":[[116.640765,39.892246],[116.631416,39.902794]]}},{"type":"Feature","properties":{"shape_id":"{}","direction_id":"{\"1\": 50}","headsign":"{}","duration_avg":120,"n_vehicles":50,"d":1200,"route_I_counts":"{\"1\": 50}","source":7,"target":6,"layer":"L","from":"北京通州北苑(地铁站)","to":"北京果园(地铁站)"},"geometry":{"type":"LineString","coordinates":[[116.631416,39.902794],[116.640765,39.892246]]}},{"type":"Feature","properties":{"shape_id":"{}","direction_id":"{\"0\": 50}","headsign":"{}","duration_avg":180,"n_vehicles":50,"d":1800,"route_I_counts":"{\"1\": 50}","source":7,"target":8,"layer":"L","from":"北京通州北苑(地铁站)","to":"北京八里桥(地铁站)"},"geometry":{"type":"LineString","coordinates":[[116.631416,39.902794],[116.612856,39.905073]]}},{"type":"Feature","properties":{"shape_id":"{}","direction_id":"{\"1\": 50}","headsign":"{}","duration_avg":180,"n_vehicles":50,"d":1800,"route_I_counts":"{\"1\": 50}","source":8,"target":7,"layer":"L","from":"北京八里桥(地铁站)","to":"北京通州北苑(地铁站)"},"geometry":{"type":"LineString","coordinates":[[116.612856,39.905073],[116.631416,39.902794]]}},{"type":"Feature","properties":{"shape_id":"{}","direction_id":"{\"0\": 50}","headsign":"{}","duration_avg":180,"n_vehicles":50,"d":1800,"route_I_counts":"{\"1\": 50}","source":8,"target":9,"layer":"L","from":"北京八里桥(地铁站)","to":"北京管庄(地铁站)"},"geometry":{"type":"LineString","coordinates":[[116.612856,39.905073],[116.593216,39.908051]]}},{"type":"Feature","properties":{"shape_id":"{}","direction_id":"{\"1\": 50}","headsign":"{}","duration_avg":180,"n_vehicles":50,"d":1800,"route_I_counts":"{\"1\": 50}","source":9,"target":8,"layer":"L","from":"北京管庄(地铁站)","to":"北京八里桥(地铁站)"},"geometry":{"type":"LineString","coordinates":[[116.593216,39.908051],[116.612856,39.905073]]}},{"type":"Feature","properties":{"shape_id":"{}","direction_id":"{\"0\": 50}","headsign":"{}","duration_avg":180,"n_vehicles":50,"d":1800,"route_I_counts":"{\"1\": 50}","source":9,"target":10,"layer":"L","from":"北京管庄(地铁站)","to":"北京双桥(地铁站)"},"geometry":{"type":"LineString","coordinates":[[116.593216,39.908051],[116.57096,39.909094]]}},{"type":"Feature","properties":{"shape_id":"{}","direction_id":"{\"1\": 50}","headsign":"{}","duration_avg":180,"n_vehicles":50,"d":1800,"route_I_counts":"{\"1\": 50}","source":10,"target":9,"layer":"L","from":"北京双桥(地铁站)","to":"北京管庄(地铁站)"},"geometry":{"type":"LineString","coordinates":[[116.57096,39.909094],[116.593216,39.908051]]}},{"type":"Feature","properties":{"shape_id":"{}","direction_id":"{\"0\": 50}","headsign":"{}","duration_avg":180,"n_vehicles":50,"d":1800,"route_I_counts":"{\"1\": 50}","source":10,"target":11,"layer":"L","from":"北京双桥(地铁站)","to":"北京传媒大学(地铁站)"},"geometry":{"type":"LineString","coordinates":[[116.57096,39.909094],[116.54881,39.908135]]}},{"type":"Feature","properties":{"shape_id":"{}","direction_id":"{\"1\": 50}","headsign":"{}","duration_avg":180,"n_vehicles":50,"d":1800,"route_I_counts":"{\"1\": 50}","source":11,"target":10,"layer":"L","from":"北京传媒大学(地铁站)","to":"北京双桥(地铁站)"},"geometry":{"type":"LineString","coordinates":[[116.54881,39.908135],[116.57096,39.909094]]}},{"type":"Feature","properties":{"shape_id":"{}","direction_id":"{\"0\": 50}","headsign":"{}","duration_avg":120,"n_vehicles":50,"d":1200,"route_I_counts":"{\"1\": 50}","source":11,"target":12,"layer":"L","from":"北京传媒大学(地铁站)","to":"北京高碑店(地铁站)"},"geometry":{"type":"LineString","coordinates":[[116.54881,39.908135],[116.525528,39.908316]]}},{"type":"Feature","properties":{"shape_id":"{}","direction_id":"{\"1\": 50}","headsign":"{}","duration_avg":120,"n_vehicles":50,"d":1200,"route_I_counts":"{\"1\": 50}","source":12,"target":11,"layer":"L","from":"北京高碑店(地铁站)","to":"北京传媒大学(地铁站)"},"geometry":{"type":"LineString","coordinates":[[116.525528,39.908316],[116.54881,39.908135]]}},{"type":"Feature","properties":{"shape_id":"{}","direction_id":"{\"0\": 50}","headsign":"{}","duration_avg":180,"n_vehicles":50,"d":1800,"route_I_counts":"{\"1\": 50}","source":12,"target":13,"layer":"L","from":"北京高碑店(地铁站)","to":"北京四惠东(地铁站)"},"geometry":{"type":"LineString","coordinates":[[116.525528,39.908316],[116.509716,39.907319]]}},{"type":"Feature","properties":{"shape_id":"{}","direction_id":"{\"1\": 50}","headsign":"{}","duration_avg":180,"n_vehicles":50,"d":1800,"route_I_counts":"{\"1\": 50}","source":13,"target":12,"layer":"L","from":"北京四惠东(地铁站)","to":"北京高碑店(地铁站)"},"geometry":{"type":"LineString","coordinates":[[116.509716,39.907319],[116.525528,39.908316]]}},{"type":"Feature","properties":{"shape_id":"{}","direction_id":"{\"0\": 50}","headsign":"{}","duration_avg":180,"n_vehicles":50,"d":1800,"route_I_counts":"{\"1\": 50}","source":13,"target":14,"layer":"L","from":"北京四惠东(地铁站)","to":"北京四惠(地铁站)"},"geometry":{"type":"LineString","coordinates":[[116.509716,39.907319],[116.489431,39.907513]]}},{"type":"Feature","properties":{"shape_id":"{}","direction_id":"{\"1\": 50}","headsign":"{}","duration_avg":180,"n_vehicles":50,"d":1800,"route_I_counts":"{\"1\": 50}","source":14,"target":13,"layer":"L","from":"北京四惠(地铁站)","to":"北京四惠东(地铁站)"},"geometry":{"type":"LineString","coordinates":[[116.489431,39.907513],[116.509716,39.907319]]}},{"type":"Feature","properties":{"shape_id":"{}","direction_id":"{\"0\": 50}","headsign":"{}","duration_avg":180,"n_vehicles":50,"d":1800,"route_I_counts":"{\"1\": 50}","source":14,"target":15,"layer":"L","from":"北京四惠(地铁站)","to":"北京大望路(地铁站)"},"geometry":{"type":"LineString","coordinates":[[116.489431,39.907513],[116.469686,39.906994]]}},{"type":"Feature","properties":{"shape_id":"{}","direction_id":"{\"1\": 50}","headsign":"{}","duration_avg":180,"n_vehicles":50,"d":1800,"route_I_counts":"{\"1\": 50}","source":15,"target":14,"layer":"L","from":"北京大望路(地铁站)","to":"北京四惠(地铁站)"},"geometry":{"type":"LineString","coordinates":[[116.469686,39.906994],[116.489431,39.907513]]}},{"type":"Feature","properties":{"shape_id":"{}","direction_id":"{\"0\": 50}","headsign":"{}","duration_avg":120,"n_vehicles":50,"d":1200,"route_I_counts":"{\"1\": 50}","source":15,"target":16,"layer":"L","from":"北京大望路(地铁站)","to":"北京国贸(地铁站)"},"geometry":{"type":"LineString","coordinates":[[116.469686,39.906994],[116.453557,39.907089]]}},{"type":"Feature","properties":{"shape_id":"{}","direction_id":"{\"1\": 50}","headsign":"{}","duration_avg":120,"n_vehicles":50,"d":1200,"route_I_counts":"{\"1\": 50}","source":16,"target":15,"layer":"L","from":"北京国贸(地铁站)","to":"北京大望路(地铁站)"},"geometry":{"type":"LineString","coordinates":[[116.453557,39.907089],[116.469686,39.906994]]}},{"type":"Feature","properties":{"shape_id":"{}","direction_id":"{\"0\": 50}","headsign":"{}","duration_avg":120,"n_vehicles":50,"d":1200,"route_I_counts":"{\"1\": 50}","source":16,"target":17,"layer":"L","from":"北京国贸(地铁站)","to":"北京永安里(地铁站)"},"geometry":{"type":"LineString","coordinates":[[116.453557,39.907089],[116.444153,39.907119]]}},{"type":"Feature","properties":{"shape_id":"{}","direction_id":"{\"1\": 50}","headsign":"{}","duration_avg":120,"n_vehicles":50,"d":1200,"route_I_counts":"{\"1\": 50}","source":17,"target":16,"layer":"L","from":"北京永安里(地铁站)","to":"北京国贸(地铁站)"},"geometry":{"type":"LineString","coordinates":[[116.444153,39.907119],[116.453557,39.907089]]}},{"type":"Feature","properties":{"shape_id":"{}","direction_id":"{\"0\": 50}","headsign":"{}","duration_avg":180,"n_vehicles":50,"d":1800,"route_I_counts":"{\"1\": 50}","source":17,"target":18,"layer":"L","from":"北京永安里(地铁站)","to":"北京建国门(地铁站)"},"geometry":{"type":"LineString","coordinates":[[116.444153,39.907119],[116.428435,39.907174]]}},{"type":"Feature","properties":{"shape_id":"{}","direction_id":"{\"1\": 50}","headsign":"{}","duration_avg":180,"n_vehicles":50,"d":1800,"route_I_counts":"{\"1\": 50}","source":18,"target":17,"layer":"L","from":"北京建国门(地铁站)","to":"北京永安里(地铁站)"},"geometry":{"type":"LineString","coordinates":[[116.428435,39.907174],[116.444153,39.907119]]}},{"type":"Feature","properties":{"shape_id":"{}","direction_id":"{\"0\": 50}","headsign":"{}","duration_avg":120,"n_vehicles":50,"d":1200,"route_I_counts":"{\"1\": 50}","source":18,"target":19,"layer":"L","from":"北京建国门(地铁站)","to":"北京东单(地铁站)"},"geometry":{"type":"LineString","coordinates":[[116.428435,39.907174],[116.414094,39.906919]]}},{"type":"Feature","properties":{"shape_id":"{}","direction_id":"{\"1\": 50}","headsign":"{}","duration_avg":120,"n_vehicles":50,"d":1200,"route_I_counts":"{\"1\": 50}","source":19,"target":18,"layer":"L","from":"北京东单(地铁站)","to":"北京建国门(地铁站)"},"geometry":{"type":"LineString","coordinates":[[116.414094,39.906919],[116.428435,39.907174]]}},{"type":"Feature","properties":{"shape_id":"{}","direction_id":"{\"0\": 50}","headsign":"{}","duration_avg":120,"n_vehicles":50,"d":1200,"route_I_counts":"{\"1\": 50}","source":19,"target":20,"layer":"L","from":"北京东单(地铁站)","to":"北京王府井(地铁站)"},"geometry":{"type":"LineString","coordinates":[[116.414094,39.906919],[116.405331,39.906667]]}},{"type":"Feature","properties":{"shape_id":"{}","direction_id":"{\"1\": 50}","headsign":"{}","duration_avg":120,"n_vehicles":50,"d":1200,"route_I_counts":"{\"1\": 50}","source":20,"target":19,"layer":"L","from":"北京王府井(地铁站)","to":"北京东单(地铁站)"},"geometry":{"type":"LineString","coordinates":[[116.405331,39.906667],[116.414094,39.906919]]}},{"type":"Feature","properties":{"shape_id":"{}","direction_id":"{\"0\": 50}","headsign":"{}","duration_avg":120,"n_vehicles":50,"d":1200,"route_I_counts":"{\"1\": 50}","source":20,"target":21,"layer":"L","from":"北京王府井(地铁站)","to":"北京天安门东(地铁站)"},"geometry":{"type":"LineString","coordinates":[[116.405331,39.906667],[116.394972,39.906376]]}},{"type":"Feature","properties":{"shape_id":"{}","direction_id":"{\"1\": 50}","headsign":"{}","duration_avg":120,"n_vehicles":50,"d":1200,"route_I_counts":"{\"1\": 50}","source":21,"target":20,"layer":"L","from":"北京天安门东(地铁站)","to":"北京王府井(地铁站)"},"geometry":{"type":"LineString","coordinates":[[116.394972,39.906376],[116.405331,39.906667]]}},{"type":"Feature","properties":{"shape_id":"{}","direction_id":"{\"0\": 50}","headsign":"{}","duration_avg":120,"n_vehicles":50,"d":1200,"route_I_counts":"{\"1\": 50}","source":21,"target":22,"layer":"L","from":"北京天安门东(地铁站)","to":"北京天安门西(地铁站)"},"geometry":{"type":"LineString","coordinates":[[116.394972,39.906376],[116.385036,39.90607]]}},{"type":"Feature","properties":{"shape_id":"{}","direction_id":"{\"1\": 50}","headsign":"{}","duration_avg":120,"n_vehicles":50,"d":1200,"route_I_counts":"{\"1\": 50}","source":22,"target":21,"layer":"L","from":"北京天安门西(地铁站)","to":"北京天安门东(地铁站)"},"geometry":{"type":"LineString","coordinates":[[116.385036,39.90607],[116.394972,39.906376]]}},{"type":"Feature","properties":{"shape_id":"{}","direction_id":"{\"0\": 50}","headsign":"{}","duration_avg":180,"n_vehicles":50,"d":1800,"route_I_counts":"{\"1\": 50}","source":22,"target":23,"layer":"L","from":"北京天安门西(地铁站)","to":"北京西单(地铁站)"},"geometry":{"type":"LineString","coordinates":[[116.385036,39.90607],[116.369997,39.905804]]}},{"type":"Feature","properties":{"shape_id":"{}","direction_id":"{\"1\": 50}","headsign":"{}","duration_avg":180,"n_vehicles":50,"d":1800,"route_I_counts":"{\"1\": 50}","source":23,"target":22,"layer":"L","from":"北京西单(地铁站)","to":"北京天安门西(地铁站)"},"geometry":{"type":"LineString","coordinates":[[116.369997,39.905804],[116.385036,39.90607]]}},{"type":"Feature","properties":{"shape_id":"{}","direction_id":"{\"0\": 50}","headsign":"{}","duration_avg":120,"n_vehicles":50,"d":1200,"route_I_counts":"{\"1\": 50}","source":23,"target":24,"layer":"L","from":"北京西单(地铁站)","to":"北京复兴门(地铁站)"},"geometry":{"type":"LineString","coordinates":[[116.369997,39.905804],[116.351595,39.905809]]}},{"type":"Feature","properties":{"shape_id":"{}","direction_id":"{\"1\": 50}","headsign":"{}","duration_avg":120,"n_vehicles":50,"d":1200,"route_I_counts":"{\"1\": 50}","source":24,"target":23,"layer":"L","from":"北京复兴门(地铁站)","to":"北京西单(地铁站)"},"geometry":{"type":"LineString","coordinates":[[116.351595,39.905809],[116.369997,39.905804]]}},{"type":"Feature","properties":{"shape_id":"{}","direction_id":"{\"0\": 50}","headsign":"{}","duration_avg":120,"n_vehicles":50,"d":1200,"route_I_counts":"{\"1\": 50}","source":24,"target":25,"layer":"L","from":"北京复兴门(地铁站)","to":"北京南礼士路(地铁站)"},"geometry":{"type":"LineString","coordinates":[[116.351595,39.905809],[116.346396,39.905877]]}},{"type":"Feature","properties":{"shape_id":"{}","direction_id":"{\"1\": 50}","headsign":"{}","duration_avg":120,"n_vehicles":50,"d":1200,"route_I_counts":"{\"1\": 50}","source":25,"target":24,"layer":"L","from":"北京南礼士路(地铁站)","to":"北京复兴门(地铁站)"},"geometry":{"type":"LineString","coordinates":[[116.346396,39.905877],[116.351595,39.905809]]}},{"type":"Feature","properties":{"shape_id":"{}","direction_id":"{\"0\": 50}","headsign":"{}","duration_avg":120,"n_vehicles":50,"d":1200,"route_I_counts":"{\"1\": 50}","source":25,"target":26,"layer":"L","from":"北京南礼士路(地铁站)","to":"北京木樨地(地铁站)"},"geometry":{"type":"LineString","coordinates":[[116.346396,39.905877],[116.331427,39.90605]]}},{"type":"Feature","properties":{"shape_id":"{}","direction_id":"{\"1\": 50}","headsign":"{}","duration_avg":120,"n_vehicles":50,"d":1200,"route_I_counts":"{\"1\": 50}","source":26,"target":25,"layer":"L","from":"北京木樨地(地铁站)","to":"北京南礼士路(地铁站)"},"geometry":{"type":"LineString","coordinates":[[116.331427,39.90605],[116.346396,39.905877]]}},{"type":"Feature","properties":{"shape_id":"{}","direction_id":"{\"0\": 50}","headsign":"{}","duration_avg":120,"n_vehicles":50,"d":1200,"route_I_counts":"{\"1\": 50}","source":26,"target":27,"layer":"L","from":"北京木樨地(地铁站)","to":"北京军事博物馆(地铁站)"},"geometry":{"type":"LineString","coordinates":[[116.331427,39.90605],[116.317262,39.906119]]}},{"type":"Feature","properties":{"shape_id":"{}","direction_id":"{\"1\": 50}","headsign":"{}","duration_avg":120,"n_vehicles":50,"d":1200,"route_I_counts":"{\"1\": 50}","source":27,"target":26,"layer":"L","from":"北京军事博物馆(地铁站)","to":"北京木樨地(地铁站)"},"geometry":{"type":"LineString","coordinates":[[116.317262,39.906119],[116.331427,39.90605]]}},{"type":"Feature","properties":{"shape_id":"{}","direction_id":"{\"0\": 50}","headsign":"{}","duration_avg":120,"n_vehicles":50,"d":1200,"route_I_counts":"{\"1\": 50}","source":27,"target":28,"layer":"L","from":"北京军事博物馆(地铁站)","to":"北京公主坟(地铁站)"},"geometry":{"type":"LineString","coordinates":[[116.317262,39.906119],[116.304195,39.906199]]}},{"type":"Feature","properties":{"shape_id":"{}","direction_id":"{\"1\": 50}","headsign":"{}","duration_avg":120,"n_vehicles":50,"d":1200,"route_I_counts":"{\"1\": 50}","source":28,"target":27,"layer":"L","from":"北京公主坟(地铁站)","to":"北京军事博物馆(地铁站)"},"geometry":{"type":"LineString","coordinates":[[116.304195,39.906199],[116.317262,39.906119]]}},{"type":"Feature","properties":{"shape_id":"{}","direction_id":"{\"0\": 50}","headsign":"{}","duration_avg":120,"n_vehicles":50,"d":1200,"route_I_counts":"{\"1\": 50}","source":28,"target":29,"layer":"L","from":"北京公主坟(地铁站)","to":"北京万寿路(地铁站)"},"geometry":{"type":"LineString","coordinates":[[116.304195,39.906199],[116.2887,39.906221]]}},{"type":"Feature","properties":{"shape_id":"{}","direction_id":"{\"1\": 50}","headsign":"{}","duration_avg":120,"n_vehicles":50,"d":1200,"route_I_counts":"{\"1\": 50}","source":29,"target":28,"layer":"L","from":"北京万寿路(地铁站)","to":"北京公主坟(地铁站)"},"geometry":{"type":"LineString","coordinates":[[116.2887,39.906221],[116.304195,39.906199]]}},{"type":"Feature","properties":{"shape_id":"{}","direction_id":"{\"0\": 50}","headsign":"{}","duration_avg":180,"n_vehicles":50,"d":1800,"route_I_counts":"{\"1\": 50}","source":29,"target":30,"layer":"L","from":"北京万寿路(地铁站)","to":"北京五棵松(地铁站)"},"geometry":{"type":"LineString","coordinates":[[116.2887,39.906221],[116.267949,39.90623]]}},{"type":"Feature","properties":{"shape_id":"{}","direction_id":"{\"1\": 50}","headsign":"{}","duration_avg":180,"n_vehicles":50,"d":1800,"route_I_counts":"{\"1\": 50}","source":30,"target":29,"layer":"L","from":"北京五棵松(地铁站)","to":"北京万寿路(地铁站)"},"geometry":{"type":"LineString","coordinates":[[116.267949,39.90623],[116.2887,39.906221]]}},{"type":"Feature","properties":{"shape_id":"{}","direction_id":"{\"0\": 50}","headsign":"{}","duration_avg":180,"n_vehicles":50,"d":1800,"route_I_counts":"{\"1\": 50}","source":30,"target":31,"layer":"L","from":"北京五棵松(地铁站)","to":"北京玉泉路(地铁站)"},"geometry":{"type":"LineString","coordinates":[[116.267949,39.90623],[116.246858,39.906218]]}},{"type":"Feature","properties":{"shape_id":"{}","direction_id":"{\"1\": 50}","headsign":"{}","duration_avg":180,"n_vehicles":50,"d":1800,"route_I_counts":"{\"1\": 50}","source":31,"target":30,"layer":"L","from":"北京玉泉路(地铁站)","to":"北京五棵松(地铁站)"},"geometry":{"type":"LineString","coordinates":[[116.246858,39.906218],[116.267949,39.90623]]}},{"type":"Feature","properties":{"shape_id":"{}","direction_id":"{\"0\": 50}","headsign":"{}","duration_avg":120,"n_vehicles":50,"d":1200,"route_I_counts":"{\"1\": 50}","source":31,"target":32,"layer":"L","from":"北京玉泉路(地铁站)","to":"北京八宝山(地铁站)"},"geometry":{"type":"LineString","coordinates":[[116.246858,39.906218],[116.229869,39.906199]]}},{"type":"Feature","properties":{"shape_id":"{}","direction_id":"{\"1\": 50}","headsign":"{}","duration_avg":120,"n_vehicles":50,"d":1200,"route_I_counts":"{\"1\": 50}","source":32,"target":31,"layer":"L","from":"北京八宝山(地铁站)","to":"北京玉泉路(地铁站)"},"geometry":{"type":"LineString","coordinates":[[116.229869,39.906199],[116.246858,39.906218]]}},{"type":"Feature","properties":{"shape_id":"{}","direction_id":"{\"0\": 50}","headsign":"{}","duration_avg":180,"n_vehicles":50,"d":1800,"route_I_counts":"{\"1\": 50}","source":32,"target":33,"layer":"L","from":"北京八宝山(地铁站)","to":"北京八角游乐园(地铁站)"},"geometry":{"type":"LineString","coordinates":[[116.229869,39.906199],[116.206785,39.906202]]}},{"type":"Feature","properties":{"shape_id":"{}","direction_id":"{\"1\": 50}","headsign":"{}","duration_avg":180,"n_vehicles":50,"d":1800,"route_I_counts":"{\"1\": 50}","source":33,"target":32,"layer":"L","from":"北京八角游乐园(地铁站)","to":"北京八宝山(地铁站)"},"geometry":{"type":"LineString","coordinates":[[116.206785,39.906202],[116.229869,39.906199]]}},{"type":"Feature","properties":{"shape_id":"{}","direction_id":"{\"0\": 50}","headsign":"{}","duration_avg":180,"n_vehicles":50,"d":1800,"route_I_counts":"{\"1\": 50}","source":33,"target":34,"layer":"L","from":"北京八角游乐园(地铁站)","to":"北京古城(地铁站)"},"geometry":{"type":"LineString","coordinates":[[116.206785,39.906202],[116.184212,39.906176]]}},{"type":"Feature","properties":{"shape_id":"{}","direction_id":"{\"1\": 50}","headsign":"{}","duration_avg":180,"n_vehicles":50,"d":1800,"route_I_counts":"{\"1\": 50}","source":34,"target":33,"layer":"L","from":"北京古城(地铁站)","to":"北京八角游乐园(地铁站)"},"geometry":{"type":"LineString","coordinates":[[116.184212,39.906176],[116.206785,39.906202]]}},{"type":"Feature","properties":{"shape_id":"{}","direction_id":"{\"0\": 50}","headsign":"{}","duration_avg":180,"n_vehicles":50,"d":1800,"route_I_counts":"{\"1\": 50}","source":34,"target":35,"layer":"L","from":"北京古城(地铁站)","to":"北京苹果园(地铁站)"},"geometry":{"type":"LineString","coordinates":[[116.184212,39.906176],[116.17224,39.924492]]}},{"type":"Feature","properties":{"shape_id":"{}","direction_id":"{\"1\": 50}","headsign":"{}","duration_avg":180,"n_vehicles":50,"d":1800,"route_I_counts":"{\"1\": 50}","source":35,"target":34,"layer":"L","from":"北京苹果园(地铁站)","to":"北京古城(地铁站)"},"geometry":{"type":"LineString","coordinates":[[116.17224,39.924492],[116.184212,39.906176]]}},{"type":"Feature","properties":{"shape_id":"{}","direction_id":"{\"0\": 50}","headsign":"{}","duration_avg":120,"n_vehicles":50,"d":1200,"route_I_counts":"{\"1\": 50}","source":35,"target":36,"layer":"L","from":"北京苹果园(地铁站)","to":"北京福寿岭(地铁站)"},"geometry":{"type":"LineString","coordinates":[[116.17224,39.924492],[116.164974,39.93874]]}},{"type":"Feature","properties":{"shape_id":"{}","direction_id":"{\"1\": 50}","headsign":"{}","duration_avg":120,"n_vehicles":50,"d":1200,"route_I_counts":"{\"1\": 50}","source":36,"target":35,"layer":"L","from":"北京福寿岭(地铁站)","to":"北京苹果园(地铁站)"},"geometry":{"type":"LineString","coordinates":[[116.164974,39.93874],[116.17224,39.924492]]}},{"type":"Feature","properties":{"shape_id":"{}","direction_id":"{\"0\": 50}","headsign":"{}","duration_avg":180,"n_vehicles":50,"d":1800,"route_I_counts":"{\"2\": 50, \"3\": 50}","source":37,"target":38,"layer":"L","from":"北京积水潭(地铁站)","to":"北京鼓楼大街(地铁站)"},"geometry":{"type":"LineString","coordinates":[[116.366897,39.947266],[116.387529,39.947568]]}},{"type":"Feature","properties":{"shape_id":"{}","direction_id":"{\"1\": 50}","headsign":"{}","duration_avg":180,"n_vehicles":50,"d":1800,"route_I_counts":"{\"2\": 50, \"3\": 50}","source":38,"target":37,"layer":"L","from":"北京鼓楼大街(地铁站)","to":"北京积水潭(地铁站)"},"geometry":{"type":"LineString","coordinates":[[116.387529,39.947568],[116.366897,39.947266]]}},{"type":"Feature","properties":{"shape_id":"{}","direction_id":"{\"0\": 50}","headsign":"{}","duration_avg":120,"n_vehicles":50,"d":1200,"route_I_counts":"{\"2\": 50, \"3\": 50}","source":38,"target":39,"layer":"L","from":"北京鼓楼大街(地铁站)","to":"北京安定门(地铁站)"},"geometry":{"type":"LineString","coordinates":[[116.387529,39.947568],[116.401979,39.947683]]}},{"type":"Feature","properties":{"shape_id":"{}","direction_id":"{\"1\": 50}","headsign":"{}","duration_avg":120,"n_vehicles":50,"d":1200,"route_I_counts":"{\"2\": 50, \"3\": 50}","source":39,"target":38,"layer":"L","from":"北京安定门(地铁站)","to":"北京鼓楼大街(地铁站)"},"geometry":{"type":"LineString","coordinates":[[116.401979,39.947683],[116.387529,39.947568]]}},{"type":"Feature","properties":{"shape_id":"{}","direction_id":"{\"0\": 50}","headsign":"{}","duration_avg":120,"n_vehicles":50,"d":1200,"route_I_counts":"{\"2\": 50, \"3\": 50}","source":39,"target":40,"layer":"L","from":"北京安定门(地铁站)","to":"北京雍和宫(地铁站)"},"geometry":{"type":"LineString","coordinates":[[116.401979,39.947683],[116.411296,39.947933]]}},{"type":"Feature","properties":{"shape_id":"{}","direction_id":"{\"1\": 50}","headsign":"{}","duration_avg":120,"n_vehicles":50,"d":1200,"route_I_counts":"{\"2\": 50, \"3\": 50}","source":40,"target":39,"layer":"L","from":"北京雍和宫(地铁站)","to":"北京安定门(地铁站)"},"geometry":{"type":"LineString","coordinates":[[116.411296,39.947933],[116.401979,39.947683]]}},{"type":"Feature","properties":{"shape_id":"{}","direction_id":"{\"0\": 50}","headsign":"{}","duration_avg":180,"n_vehicles":50,"d":1800,"route_I_counts":"{\"2\": 50, \"3\": 50}","source":40,"target":41,"layer":"L","from":"北京雍和宫(地铁站)","to":"北京东直门(地铁站)"},"geometry":{"type":"LineString","coordinates":[[116.411296,39.947933],[116.427332,39.939705]]}},{"type":"Feature","properties":{"shape_id":"{}","direction_id":"{\"1\": 50}","headsign":"{}","duration_avg":180,"n_vehicles":50,"d":1800,"route_I_counts":"{\"2\": 50, \"3\": 50}","source":41,"target":40,"layer":"L","from":"北京东直门(地铁站)","to":"北京雍和宫(地铁站)"},"geometry":{"type":"LineString","coordinates":[[116.427332,39.939705],[116.411296,39.947933]]}},{"type":"Feature","properties":{"shape_id":"{}","direction_id":"{\"0\": 50}","headsign":"{}","duration_avg":120,"n_vehicles":50,"d":1200,"route_I_counts":"{\"2\": 50, \"3\": 50}","source":41,"target":42,"layer":"L","from":"北京东直门(地铁站)","to":"北京东四十条(地铁站)"},"geometry":{"type":"LineString","coordinates":[[116.427332,39.939705],[116.427921,39.932321]]}},{"type":"Feature","properties":{"shape_id":"{}","direction_id":"{\"1\": 50}","headsign":"{}","duration_avg":120,"n_vehicles":50,"d":1200,"route_I_counts":"{\"2\": 50, \"3\": 50}","source":42,"target":41,"layer":"L","from":"北京东四十条(地铁站)","to":"北京东直门(地铁站)"},"geometry":{"type":"LineString","coordinates":[[116.427921,39.932321],[116.427332,39.939705]]}},{"type":"Feature","properties":{"shape_id":"{}","direction_id":"{\"0\": 50}","headsign":"{}","duration_avg":120,"n_vehicles":50,"d":1200,"route_I_counts":"{\"2\": 50, \"3\": 50}","source":42,"target":43,"layer":"L","from":"北京东四十条(地铁站)","to":"北京朝阳门(地铁站)"},"geometry":{"type":"LineString","coordinates":[[116.427921,39.932321],[116.428294,39.923105]]}},{"type":"Feature","properties":{"shape_id":"{}","direction_id":"{\"1\": 50}","headsign":"{}","duration_avg":120,"n_vehicles":50,"d":1200,"route_I_counts":"{\"2\": 50, \"3\": 50}","source":43,"target":42,"layer":"L","from":"北京朝阳门(地铁站)","to":"北京东四十条(地铁站)"},"geometry":{"type":"LineString","coordinates":[[116.428294,39.923105],[116.427921,39.932321]]}},{"type":"Feature","properties":{"shape_id":"{}","direction_id":"{\"0\": 50}","headsign":"{}","duration_avg":180,"n_vehicles":50,"d":1800,"route_I_counts":"{\"2\": 50, \"3\": 50}","source":43,"target":18,"layer":"L","from":"北京朝阳门(地铁站)","to":"北京建国门(地铁站)"},"geometry":{"type":"LineString","coordinates":[[116.428294,39.923105],[116.428435,39.907174]]}},{"type":"Feature","properties":{"shape_id":"{}","direction_id":"{\"1\": 50}","headsign":"{}","duration_avg":180,"n_vehicles":50,"d":1800,"route_I_counts":"{\"2\": 50, \"3\": 50}","source":18,"target":43,"layer":"L","from":"北京建国门(地铁站)","to":"北京朝阳门(地铁站)"},"geometry":{"type":"LineString","coordinates":[[116.428435,39.907174],[116.428294,39.923105]]}},{"type":"Feature","properties":{"shape_id":"{}","direction_id":"{\"0\": 50}","headsign":"{}","duration_avg":180,"n_vehicles":50,"d":1800,"route_I_counts":"{\"2\": 50, \"3\": 50}","source":18,"target":44,"layer":"L","from":"北京建国门(地铁站)","to":"北京北京站(地铁站)"},"geometry":{"type":"LineString","coordinates":[[116.428435,39.907174],[116.421063,39.903593]]}},{"type":"Feature","properties":{"shape_id":"{}","direction_id":"{\"1\": 50}","headsign":"{}","duration_avg":180,"n_vehicles":50,"d":1800,"route_I_counts":"{\"2\": 50, \"3\": 50}","source":44,"target":18,"layer":"L","from":"北京北京站(地铁站)","to":"北京建国门(地铁站)"},"geometry":{"type":"LineString","coordinates":[[116.421063,39.903593],[116.428435,39.907174]]}},{"type":"Feature","properties":{"shape_id":"{}","direction_id":"{\"0\": 50}","headsign":"{}","duration_avg":120,"n_vehicles":50,"d":1200,"route_I_counts":"{\"2\": 50, \"3\": 50}","source":44,"target":45,"layer":"L","from":"北京北京站(地铁站)","to":"北京崇文门(地铁站)"},"geometry":{"type":"LineString","coordinates":[[116.421063,39.903593],[116.410673,39.899686]]}},{"type":"Feature","properties":{"shape_id":"{}","direction_id":"{\"1\": 50}","headsign":"{}","duration_avg":120,"n_vehicles":50,"d":1200,"route_I_counts":"{\"2\": 50, \"3\": 50}","source":45,"target":44,"layer":"L","from":"北京崇文门(地铁站)","to":"北京北京站(地铁站)"},"geometry":{"type":"LineString","coordinates":[[116.410673,39.899686],[116.421063,39.903593]]}},{"type":"Feature","properties":{"shape_id":"{}","direction_id":"{\"0\": 50}","headsign":"{}","duration_avg":180,"n_vehicles":50,"d":1800,"route_I_counts":"{\"2\": 50, \"3\": 50}","source":45,"target":46,"layer":"L","from":"北京崇文门(地铁站)","to":"北京前门(地铁站)"},"geometry":{"type":"LineString","coordinates":[[116.410673,39.899686],[116.391695,39.898789]]}},{"type":"Feature","properties":{"shape_id":"{}","direction_id":"{\"1\": 50}","headsign":"{}","duration_avg":180,"n_vehicles":50,"d":1800,"route_I_counts":"{\"2\": 50, \"3\": 50}","source":46,"target":45,"layer":"L","from":"北京前门(地铁站)","to":"北京崇文门(地铁站)"},"geometry":{"type":"LineString","coordinates":[[116.391695,39.898789],[116.410673,39.899686]]}},{"type":"Feature","properties":{"shape_id":"{}","direction_id":"{\"0\": 50}","headsign":"{}","duration_avg":180,"n_vehicles":50,"d":1800,"route_I_counts":"{\"2\": 50, \"3\": 50}","source":46,"target":47,"layer":"L","from":"北京前门(地铁站)","to":"北京和平门(地铁站)"},"geometry":{"type":"LineString","coordinates":[[116.391695,39.898789],[116.377974,39.898702]]}},{"type":"Feature","properties":{"shape_id":"{}","direction_id":"{\"1\": 50}","headsign":"{}","duration_avg":180,"n_vehicles":50,"d":1800,"route_I_counts":"{\"2\": 50, \"3\": 50}","source":47,"target":46,"layer":"L","from":"北京和平门(地铁站)","to":"北京前门(地铁站)"},"geometry":{"type":"LineString","coordinates":[[116.377974,39.898702],[116.391695,39.898789]]}},{"type":"Feature","properties":{"shape_id":"{}","direction_id":"{\"0\": 50}","headsign":"{}","duration_avg":120,"n_vehicles":50,"d":1200,"route_I_counts":"{\"2\": 50, \"3\": 50}","source":47,"target":48,"layer":"L","from":"北京和平门(地铁站)","to":"北京宣武门(地铁站)"},"geometry":{"type":"LineString","coordinates":[[116.377974,39.898702],[116.368131,39.898396]]}},{"type":"Feature","properties":{"shape_id":"{}","direction_id":"{\"1\": 50}","headsign":"{}","duration_avg":120,"n_vehicles":50,"d":1200,"route_I_counts":"{\"2\": 50, \"3\": 50}","source":48,"target":47,"layer":"L","from":"北京宣武门(地铁站)","to":"北京和平门(地铁站)"},"geometry":{"type":"LineString","coordinates":[[116.368131,39.898396],[116.377974,39.898702]]}},{"type":"Feature","properties":{"shape_id":"{}","direction_id":"{\"0\": 50}","headsign":"{}","duration_avg":120,"n_vehicles":50,"d":1200,"route_I_counts":"{\"2\": 50, \"3\": 50}","source":48,"target":49,"layer":"L","from":"北京宣武门(地铁站)","to":"北京长椿街(地铁站)"},"geometry":{"type":"LineString","coordinates":[[116.368131,39.898396],[116.357147,39.898059]]}},{"type":"Feature","properties":{"shape_id":"{}","direction_id":"{\"1\": 50}","headsign":"{}","duration_avg":120,"n_vehicles":50,"d":1200,"route_I_counts":"{\"2\": 50, \"3\": 50}","source":49,"target":48,"layer":"L","from":"北京长椿街(地铁站)","to":"北京宣武门(地铁站)"},"geometry":{"type":"LineString","coordinates":[[116.357147,39.898059],[116.368131,39.898396]]}},{"type":"Feature","properties":{"shape_id":"{}","direction_id":"{\"0\": 50}","headsign":"{}","duration_avg":120,"n_vehicles":50,"d":1200,"route_I_counts":"{\"2\": 50, \"3\": 50}","source":49,"target":24,"layer":"L","from":"北京长椿街(地铁站)","to":"北京复兴门(地铁站)"},"geometry":{"type":"LineString","coordinates":[[116.357147,39.898059],[116.351595,39.905809]]}},{"type":"Feature","properties":{"shape_id":"{}","direction_id":"{\"1\": 50}","headsign":"{}","duration_avg":120,"n_vehicles":50,"d":1200,"route_I_counts":"{\"2\": 50, \"3\": 50}","source":24,"target":49,"layer":"L","from":"北京复兴门(地铁站)","to":"北京长椿街(地铁站)"},"geometry":{"type":"LineString","coordinates":[[116.351595,39.905809],[116.357147,39.898059]]}},{"type":"Feature","properties":{"shape_id":"{}","direction_id":"{\"0\": 50}","headsign":"{}","duration_avg":180,"n_vehicles":50,"d":1800,"route_I_counts":"{\"2\": 50, \"3\": 50}","source":24,"target":50,"layer":"L","from":"北京复兴门(地铁站)","to":"北京阜成门(地铁站)"},"geometry":{"type":"LineString","coordinates":[[116.351595,39.905809],[116.350018,39.922314]]}},{"type":"Feature","properties":{"shape_id":"{}","direction_id":"{\"1\": 50}","headsign":"{}","duration_avg":180,"n_vehicles":50,"d":1800,"route_I_counts":"{\"2\": 50, \"3\": 50}","source":50,"target":24,"layer":"L","from":"北京阜成门(地铁站)","to":"北京复兴门(地铁站)"},"geometry":{"type":"LineString","coordinates":[[116.350018,39.922314],[116.351595,39.905809]]}},{"type":"Feature","properties":{"shape_id":"{}","direction_id":"{\"0\": 50}","headsign":"{}","duration_avg":120,"n_vehicles":50,"d":1200,"route_I_counts":"{\"2\": 50, \"3\": 50}","source":50,"target":51,"layer":"L","from":"北京阜成门(地铁站)","to":"北京车公庄(地铁站)"},"geometry":{"type":"LineString","coordinates":[[116.350018,39.922314],[116.349668,39.931075]]}},{"type":"Feature","properties":{"shape_id":"{}","direction_id":"{\"1\": 50}","headsign":"{}","duration_avg":120,"n_vehicles":50,"d":1200,"route_I_counts":"{\"2\": 50, \"3\": 50}","source":51,"target":50,"layer":"L","from":"北京车公庄(地铁站)","to":"北京阜成门(地铁站)"},"geometry":{"type":"LineString","coordinates":[[116.349668,39.931075],[116.350018,39.922314]]}},{"type":"Feature","properties":{"shape_id":"{}","direction_id":"{\"0\": 50}","headsign":"{}","duration_avg":120,"n_vehicles":50,"d":1200,"route_I_counts":"{\"2\": 50, \"3\": 50}","source":51,"target":52,"layer":"L","from":"北京车公庄(地铁站)","to":"北京西直门(地铁站)"},"geometry":{"type":"LineString","coordinates":[[116.349668,39.931075],[116.349229,39.939111]]}},{"type":"Feature","properties":{"shape_id":"{}","direction_id":"{\"1\": 50}","headsign":"{}","duration_avg":120,"n_vehicles":50,"d":1200,"route_I_counts":"{\"2\": 50, \"3\": 50}","source":52,"target":51,"layer":"L","from":"北京西直门(地铁站)","to":"北京车公庄(地铁站)"},"geometry":{"type":"LineString","coordinates":[[116.349229,39.939111],[116.349668,39.931075]]}},{"type":"Feature","properties":{"shape_id":"{}","direction_id":"{\"0\": 50}","headsign":"{}","duration_avg":240,"n_vehicles":50,"d":2400,"route_I_counts":"{\"2\": 50, \"3\": 50}","source":52,"target":37,"layer":"L","from":"北京西直门(地铁站)","to":"北京积水潭(地铁站)"},"geometry":{"type":"LineString","coordinates":[[116.349229,39.939111],[116.366897,39.947266]]}},{"type":"Feature","properties":{"shape_id":"{}","direction_id":"{\"1\": 50}","headsign":"{}","duration_avg":240,"n_vehicles":50,"d":2400,"route_I_counts":"{\"2\": 50, \"3\": 50}","source":37,"target":52,"layer":"L","from":"北京积水潭(地铁站)","to":"北京西直门(地铁站)"},"geometry":{"type":"LineString","coordinates":[[116.366897,39.947266],[116.349229,39.939111]]}},{"type":"Feature","properties":{"shape_id":"{}","direction_id":"{\"0\": 50}","headsign":"{}","duration_avg":60,"n_vehicles":50,"d":600,"route_I_counts":"{\"4\": 50}","source":53,"target":54,"layer":"L","from":"北京安河桥北(地铁站)","to":"北京北宫门(地铁站)"},"geometry":{"type":"LineString","coordinates":[[116.263909,40.010967],[116.271296,40.001182]]}},{"type":"Feature","properties":{"shape_id":"{}","direction_id":"{\"1\": 50}","headsign":"{}","duration_avg":60,"n_vehicles":50,"d":600,"route_I_counts":"{\"4\": 50}","source":54,"target":53,"layer":"L","from":"北京北宫门(地铁站)","to":"北京安河桥北(地铁站)"},"geometry":{"type":"LineString","coordinates":[[116.271296,40.001182],[116.263909,40.010967]]}},{"type":"Feature","properties":{"shape_id":"{}","direction_id":"{\"0\": 50}","headsign":"{}","duration_avg":180,"n_vehicles":50,"d":1800,"route_I_counts":"{\"4\": 50}","source":54,"target":55,"layer":"L","from":"北京北宫门(地铁站)","to":"北京西苑(地铁站)"},"geometry":{"type":"LineString","coordinates":[[116.271296,40.001182],[116.284839,39.997008]]}},{"type":"Feature","properties":{"shape_id":"{}","direction_id":"{\"1\": 50}","headsign":"{}","duration_avg":180,"n_vehicles":50,"d":1800,"route_I_counts":"{\"4\": 50}","source":55,"target":54,"layer":"L","from":"北京西苑(地铁站)","to":"北京北宫门(地铁站)"},"geometry":{"type":"LineString","coordinates":[[116.284839,39.997008],[116.271296,40.001182]]}},{"type":"Feature","properties":{"shape_id":"{}","direction_id":"{\"0\": 50}","headsign":"{}","duration_avg":120,"n_vehicles":50,"d":1200,"route_I_counts":"{\"4\": 50}","source":55,"target":56,"layer":"L","from":"北京西苑(地铁站)","to":"北京圆明园(地铁站)"},"geometry":{"type":"LineString","coordinates":[[116.284839,39.997008],[116.303775,39.998299]]}},{"type":"Feature","properties":{"shape_id":"{}","direction_id":"{\"1\": 50}","headsign":"{}","duration_avg":120,"n_vehicles":50,"d":1200,"route_I_counts":"{\"4\": 50}","source":56,"target":55,"layer":"L","from":"北京圆明园(地铁站)","to":"北京西苑(地铁站)"},"geometry":{"type":"LineString","coordinates":[[116.303775,39.998299],[116.284839,39.997008]]}},{"type":"Feature","properties":{"shape_id":"{}","direction_id":"{\"0\": 50}","headsign":"{}","duration_avg":180,"n_vehicles":50,"d":1800,"route_I_counts":"{\"4\": 50}","source":56,"target":57,"layer":"L","from":"北京圆明园(地铁站)","to":"北京北京大学东门(地铁站)"},"geometry":{"type":"LineString","coordinates":[[116.303775,39.998299],[116.309694,39.990834]]}},{"type":"Feature","properties":{"shape_id":"{}","direction_id":"{\"1\": 50}","headsign":"{}","duration_avg":180,"n_vehicles":50,"d":1800,"route_I_counts":"{\"4\": 50}","source":57,"target":56,"layer":"L","from":"北京北京大学东门(地铁站)","to":"北京圆明园(地铁站)"},"geometry":{"type":"LineString","coordinates":[[116.309694,39.990834],[116.303775,39.998299]]}},{"type":"Feature","properties":{"shape_id":"{}","direction_id":"{\"0\": 50}","headsign":"{}","duration_avg":120,"n_vehicles":50,"d":1200,"route_I_counts":"{\"4\": 50}","source":57,"target":58,"layer":"L","from":"北京北京大学东门(地铁站)","to":"北京中关村(地铁站)"},"geometry":{"type":"LineString","coordinates":[[116.309694,39.990834],[116.310349,39.982698]]}},{"type":"Feature","properties":{"shape_id":"{}","direction_id":"{\"1\": 50}","headsign":"{}","duration_avg":120,"n_vehicles":50,"d":1200,"route_I_counts":"{\"4\": 50}","source":58,"target":57,"layer":"L","from":"北京中关村(地铁站)","to":"北京北京大学东门(地铁站)"},"geometry":{"type":"LineString","coordinates":[[116.310349,39.982698],[116.309694,39.990834]]}},{"type":"Feature","properties":{"shape_id":"{}","direction_id":"{\"0\": 50}","headsign":"{}","duration_avg":60,"n_vehicles":50,"d":600,"route_I_counts":"{\"4\": 50}","source":58,"target":59,"layer":"L","from":"北京中关村(地铁站)","to":"北京海淀黄庄(地铁站)"},"geometry":{"type":"LineString","coordinates":[[116.310349,39.982698],[116.311446,39.974702]]}},{"type":"Feature","properties":{"shape_id":"{}","direction_id":"{\"1\": 50}","headsign":"{}","duration_avg":60,"n_vehicles":50,"d":600,"route_I_counts":"{\"4\": 50}","source":59,"target":58,"layer":"L","from":"北京海淀黄庄(地铁站)","to":"北京中关村(地铁站)"},"geometry":{"type":"LineString","coordinates":[[116.311446,39.974702],[116.310349,39.982698]]}},{"type":"Feature","properties":{"shape_id":"{}","direction_id":"{\"0\": 50}","headsign":"{}","duration_avg":180,"n_vehicles":50,"d":1800,"route_I_counts":"{\"4\": 50}","source":59,"target":60,"layer":"L","from":"北京海淀黄庄(地铁站)","to":"北京人民大学(地铁站)"},"geometry":{"type":"LineString","coordinates":[[116.311446,39.974702],[116.315244,39.965633]]}},{"type":"Feature","properties":{"shape_id":"{}","direction_id":"{\"1\": 50}","headsign":"{}","duration_avg":180,"n_vehicles":50,"d":1800,"route_I_counts":"{\"4\": 50}","source":60,"target":59,"layer":"L","from":"北京人民大学(地铁站)","to":"北京海淀黄庄(地铁站)"},"geometry":{"type":"LineString","coordinates":[[116.315244,39.965633],[116.311446,39.974702]]}},{"type":"Feature","properties":{"shape_id":"{}","direction_id":"{\"0\": 50}","headsign":"{}","duration_avg":120,"n_vehicles":50,"d":1200,"route_I_counts":"{\"4\": 50}","source":60,"target":61,"layer":"L","from":"北京人民大学(地铁站)","to":"北京魏公村(地铁站)"},"geometry":{"type":"LineString","coordinates":[[116.315244,39.965633],[116.317091,39.9566]]}},{"type":"Feature","properties":{"shape_id":"{}","direction_id":"{\"1\": 50}","headsign":"{}","duration_avg":120,"n_vehicles":50,"d":1200,"route_I_counts":"{\"4\": 50}","source":61,"target":60,"layer":"L","from":"北京魏公村(地铁站)","to":"北京人民大学(地铁站)"},"geometry":{"type":"LineString","coordinates":[[116.317091,39.9566],[116.315244,39.965633]]}},{"type":"Feature","properties":{"shape_id":"{}","direction_id":"{\"0\": 50}","headsign":"{}","duration_avg":120,"n_vehicles":50,"d":1200,"route_I_counts":"{\"4\": 50}","source":61,"target":62,"layer":"L","from":"北京魏公村(地铁站)","to":"北京国家图书馆(地铁站)"},"geometry":{"type":"LineString","coordinates":[[116.317091,39.9566],[116.319009,39.941867]]}},{"type":"Feature","properties":{"shape_id":"{}","direction_id":"{\"1\": 50}","headsign":"{}","duration_avg":120,"n_vehicles":50,"d":1200,"route_I_counts":"{\"4\": 50}","source":62,"target":61,"layer":"L","from":"北京国家图书馆(地铁站)","to":"北京魏公村(地铁站)"},"geometry":{"type":"LineString","coordinates":[[116.319009,39.941867],[116.317091,39.9566]]}},{"type":"Feature","properties":{"shape_id":"{}","direction_id":"{\"0\": 50}","headsign":"{}","duration_avg":180,"n_vehicles":50,"d":1800,"route_I_counts":"{\"4\": 50}","source":62,"target":63,"layer":"L","from":"北京国家图书馆(地铁站)","to":"北京动物园(地铁站)"},"geometry":{"type":"LineString","coordinates":[[116.319009,39.941867],[116.332868,39.936916]]}},{"type":"Feature","properties":{"shape_id":"{}","direction_id":"{\"1\": 50}","headsign":"{}","duration_avg":180,"n_vehicles":50,"d":1800,"route_I_counts":"{\"4\": 50}","source":63,"target":62,"layer":"L","from":"北京动物园(地铁站)","to":"北京国家图书馆(地铁站)"},"geometry":{"type":"LineString","coordinates":[[116.332868,39.936916],[116.319009,39.941867]]}},{"type":"Feature","properties":{"shape_id":"{}","direction_id":"{\"0\": 50}","headsign":"{}","duration_avg":120,"n_vehicles":50,"d":1200,"route_I_counts":"{\"4\": 50}","source":63,"target":52,"layer":"L","from":"北京动物园(地铁站)","to":"北京西直门(地铁站)"},"geometry":{"type":"LineString","coordinates":[[116.332868,39.936916],[116.349229,39.939111]]}},{"type":"Feature","properties":{"shape_id":"{}","direction_id":"{\"1\": 50}","headsign":"{}","duration_avg":120,"n_vehicles":50,"d":1200,"route_I_counts":"{\"4\": 50}","source":52,"target":63,"layer":"L","from":"北京西直门(地铁站)","to":"北京动物园(地铁站)"},"geometry":{"type":"LineString","coordinates":[[116.349229,39.939111],[116.332868,39.936916]]}},{"type":"Feature","properties":{"shape_id":"{}","direction_id":"{\"0\": 50}","headsign":"{}","duration_avg":180,"n_vehicles":50,"d":1800,"route_I_counts":"{\"4\": 50}","source":52,"target":64,"layer":"L","from":"北京西直门(地铁站)","to":"北京新街口(地铁站)"},"geometry":{"type":"LineString","coordinates":[[116.349229,39.939111],[116.361367,39.939303]]}},{"type":"Feature","properties":{"shape_id":"{}","direction_id":"{\"1\": 50}","headsign":"{}","duration_avg":180,"n_vehicles":50,"d":1800,"route_I_counts":"{\"4\": 50}","source":64,"target":52,"layer":"L","from":"北京新街口(地铁站)","to":"北京西直门(地铁站)"},"geometry":{"type":"LineString","coordinates":[[116.361367,39.939303],[116.349229,39.939111]]}},{"type":"Feature","properties":{"shape_id":"{}","direction_id":"{\"0\": 50}","headsign":"{}","duration_avg":120,"n_vehicles":50,"d":1200,"route_I_counts":"{\"4\": 50}","source":64,"target":65,"layer":"L","from":"北京新街口(地铁站)","to":"北京平安里(地铁站)"},"geometry":{"type":"LineString","coordinates":[[116.361367,39.939303],[116.366657,39.932562]]}},{"type":"Feature","properties":{"shape_id":"{}","direction_id":"{\"1\": 50}","headsign":"{}","duration_avg":120,"n_vehicles":50,"d":1200,"route_I_counts":"{\"4\": 50}","source":65,"target":64,"layer":"L","from":"北京平安里(地铁站)","to":"北京新街口(地铁站)"},"geometry":{"type":"LineString","coordinates":[[116.366657,39.932562],[116.361367,39.939303]]}},{"type":"Feature","properties":{"shape_id":"{}","direction_id":"{\"0\": 50}","headsign":"{}","duration_avg":120,"n_vehicles":50,"d":1200,"route_I_counts":"{\"4\": 50}","source":65,"target":66,"layer":"L","from":"北京平安里(地铁站)","to":"北京西四(地铁站)"},"geometry":{"type":"LineString","coordinates":[[116.366657,39.932562],[116.367106,39.922818]]}},{"type":"Feature","properties":{"shape_id":"{}","direction_id":"{\"1\": 50}","headsign":"{}","duration_avg":120,"n_vehicles":50,"d":1200,"route_I_counts":"{\"4\": 50}","source":66,"target":65,"layer":"L","from":"北京西四(地铁站)","to":"北京平安里(地铁站)"},"geometry":{"type":"LineString","coordinates":[[116.367106,39.922818],[116.366657,39.932562]]}},{"type":"Feature","properties":{"shape_id":"{}","direction_id":"{\"0\": 50}","headsign":"{}","duration_avg":120,"n_vehicles":50,"d":1200,"route_I_counts":"{\"4\": 50}","source":66,"target":67,"layer":"L","from":"北京西四(地铁站)","to":"北京灵境胡同(地铁站)"},"geometry":{"type":"LineString","coordinates":[[116.367106,39.922818],[116.367471,39.914667]]}},{"type":"Feature","properties":{"shape_id":"{}","direction_id":"{\"1\": 50}","headsign":"{}","duration_avg":120,"n_vehicles":50,"d":1200,"route_I_counts":"{\"4\": 50}","source":67,"target":66,"layer":"L","from":"北京灵境胡同(地铁站)","to":"北京西四(地铁站)"},"geometry":{"type":"LineString","coordinates":[[116.367471,39.914667],[116.367106,39.922818]]}},{"type":"Feature","properties":{"shape_id":"{}","direction_id":"{\"0\": 50}","headsign":"{}","duration_avg":120,"n_vehicles":50,"d":1200,"route_I_counts":"{\"4\": 50}","source":67,"target":23,"layer":"L","from":"北京灵境胡同(地铁站)","to":"北京西单(地铁站)"},"geometry":{"type":"LineString","coordinates":[[116.367471,39.914667],[116.369997,39.905804]]}},{"type":"Feature","properties":{"shape_id":"{}","direction_id":"{\"1\": 50}","headsign":"{}","duration_avg":120,"n_vehicles":50,"d":1200,"route_I_counts":"{\"4\": 50}","source":23,"target":67,"layer":"L","from":"北京西单(地铁站)","to":"北京灵境胡同(地铁站)"},"geometry":{"type":"LineString","coordinates":[[116.369997,39.905804],[116.367471,39.914667]]}},{"type":"Feature","properties":{"shape_id":"{}","direction_id":"{\"0\": 50}","headsign":"{}","duration_avg":120,"n_vehicles":50,"d":1200,"route_I_counts":"{\"4\": 50}","source":23,"target":48,"layer":"L","from":"北京西单(地铁站)","to":"北京宣武门(地铁站)"},"geometry":{"type":"LineString","coordinates":[[116.369997,39.905804],[116.368131,39.898396]]}},{"type":"Feature","properties":{"shape_id":"{}","direction_id":"{\"1\": 50}","headsign":"{}","duration_avg":120,"n_vehicles":50,"d":1200,"route_I_counts":"{\"4\": 50}","source":48,"target":23,"layer":"L","from":"北京宣武门(地铁站)","to":"北京西单(地铁站)"},"geometry":{"type":"LineString","coordinates":[[116.368131,39.898396],[116.369997,39.905804]]}},{"type":"Feature","properties":{"shape_id":"{}","direction_id":"{\"0\": 50}","headsign":"{}","duration_avg":120,"n_vehicles":50,"d":1200,"route_I_counts":"{\"4\": 50}","source":48,"target":68,"layer":"L","from":"北京宣武门(地铁站)","to":"北京菜市口(地铁站)"},"geometry":{"type":"LineString","coordinates":[[116.368131,39.898396],[116.368202,39.88791]]}},{"type":"Feature","properties":{"shape_id":"{}","direction_id":"{\"1\": 50}","headsign":"{}","duration_avg":120,"n_vehicles":50,"d":1200,"route_I_counts":"{\"4\": 50}","source":68,"target":48,"layer":"L","from":"北京菜市口(地铁站)","to":"北京宣武门(地铁站)"},"geometry":{"type":"LineString","coordinates":[[116.368202,39.88791],[116.368131,39.898396]]}},{"type":"Feature","properties":{"shape_id":"{}","direction_id":"{\"0\": 50}","headsign":"{}","duration_avg":120,"n_vehicles":50,"d":1200,"route_I_counts":"{\"4\": 50}","source":68,"target":69,"layer":"L","from":"北京菜市口(地铁站)","to":"北京陶然亭(地铁站)"},"geometry":{"type":"LineString","coordinates":[[116.368202,39.88791],[116.368162,39.877083]]}},{"type":"Feature","properties":{"shape_id":"{}","direction_id":"{\"1\": 50}","headsign":"{}","duration_avg":120,"n_vehicles":50,"d":1200,"route_I_counts":"{\"4\": 50}","source":69,"target":68,"layer":"L","from":"北京陶然亭(地铁站)","to":"北京菜市口(地铁站)"},"geometry":{"type":"LineString","coordinates":[[116.368162,39.877083],[116.368202,39.88791]]}},{"type":"Feature","properties":{"shape_id":"{}","direction_id":"{\"0\": 50}","headsign":"{}","duration_avg":180,"n_vehicles":50,"d":1800,"route_I_counts":"{\"4\": 50}","source":69,"target":70,"layer":"L","from":"北京陶然亭(地铁站)","to":"北京北京南站(地铁站)"},"geometry":{"type":"LineString","coordinates":[[116.368162,39.877083],[116.372738,39.863638]]}},{"type":"Feature","properties":{"shape_id":"{}","direction_id":"{\"1\": 50}","headsign":"{}","duration_avg":180,"n_vehicles":50,"d":1800,"route_I_counts":"{\"4\": 50}","source":70,"target":69,"layer":"L","from":"北京北京南站(地铁站)","to":"北京陶然亭(地铁站)"},"geometry":{"type":"LineString","coordinates":[[116.372738,39.863638],[116.368162,39.877083]]}},{"type":"Feature","properties":{"shape_id":"{}","direction_id":"{\"0\": 50}","headsign":"{}","duration_avg":180,"n_vehicles":50,"d":1800,"route_I_counts":"{\"4\": 50}","source":70,"target":71,"layer":"L","from":"北京北京南站(地铁站)","to":"北京马家堡(地铁站)"},"geometry":{"type":"LineString","coordinates":[[116.372738,39.863638],[116.365187,39.852046]]}},{"type":"Feature","properties":{"shape_id":"{}","direction_id":"{\"1\": 50}","headsign":"{}","duration_avg":180,"n_vehicles":50,"d":1800,"route_I_counts":"{\"4\": 50}","source":71,"target":70,"layer":"L","from":"北京马家堡(地铁站)","to":"北京北京南站(地铁站)"},"geometry":{"type":"LineString","coordinates":[[116.365187,39.852046],[116.372738,39.863638]]}},{"type":"Feature","properties":{"shape_id":"{}","direction_id":"{\"0\": 50}","headsign":"{}","duration_avg":120,"n_vehicles":50,"d":1200,"route_I_counts":"{\"4\": 50}","source":71,"target":72,"layer":"L","from":"北京马家堡(地铁站)","to":"北京角门西(地铁站)"},"geometry":{"type":"LineString","coordinates":[[116.365187,39.852046],[116.364941,39.844469]]}},{"type":"Feature","properties":{"shape_id":"{}","direction_id":"{\"1\": 50}","headsign":"{}","duration_avg":120,"n_vehicles":50,"d":1200,"route_I_counts":"{\"4\": 50}","source":72,"target":71,"layer":"L","from":"北京角门西(地铁站)","to":"北京马家堡(地铁站)"},"geometry":{"type":"LineString","coordinates":[[116.364941,39.844469],[116.365187,39.852046]]}},{"type":"Feature","properties":{"shape_id":"{}","direction_id":"{\"0\": 50}","headsign":"{}","duration_avg":120,"n_vehicles":50,"d":1200,"route_I_counts":"{\"4\": 50}","source":72,"target":73,"layer":"L","from":"北京角门西(地铁站)","to":"北京公益西桥(地铁站)"},"geometry":{"type":"LineString","coordinates":[[116.364941,39.844469],[116.364625,39.835601]]}},{"type":"Feature","properties":{"shape_id":"{}","direction_id":"{\"1\": 50}","headsign":"{}","duration_avg":120,"n_vehicles":50,"d":1200,"route_I_counts":"{\"4\": 50}","source":73,"target":72,"layer":"L","from":"北京公益西桥(地铁站)","to":"北京角门西(地铁站)"},"geometry":{"type":"LineString","coordinates":[[116.364625,39.835601],[116.364941,39.844469]]}},{"type":"Feature","properties":{"shape_id":"{}","direction_id":"{\"0\": 50}","headsign":"{}","duration_avg":240,"n_vehicles":50,"d":2400,"route_I_counts":"{\"4\": 50}","source":73,"target":74,"layer":"L","from":"北京公益西桥(地铁站)","to":"北京新宫(地铁站)"},"geometry":{"type":"LineString","coordinates":[[116.364625,39.835601],[116.359348,39.811221]]}},{"type":"Feature","properties":{"shape_id":"{}","direction_id":"{\"1\": 50}","headsign":"{}","duration_avg":240,"n_vehicles":50,"d":2400,"route_I_counts":"{\"4\": 50}","source":74,"target":73,"layer":"L","from":"北京新宫(地铁站)","to":"北京公益西桥(地铁站)"},"geometry":{"type":"LineString","coordinates":[[116.359348,39.811221],[116.364625,39.835601]]}},{"type":"Feature","properties":{"shape_id":"{}","direction_id":"{\"0\": 50}","headsign":"{}","duration_avg":360,"n_vehicles":50,"d":3600,"route_I_counts":"{\"4\": 50}","source":74,"target":75,"layer":"L","from":"北京新宫(地铁站)","to":"北京西红门(地铁站)"},"geometry":{"type":"LineString","coordinates":[[116.359348,39.811221],[116.322568,39.788495]]}},{"type":"Feature","properties":{"shape_id":"{}","direction_id":"{\"1\": 50}","headsign":"{}","duration_avg":360,"n_vehicles":50,"d":3600,"route_I_counts":"{\"4\": 50}","source":75,"target":74,"layer":"L","from":"北京西红门(地铁站)","to":"北京新宫(地铁站)"},"geometry":{"type":"LineString","coordinates":[[116.322568,39.788495],[116.359348,39.811221]]}},{"type":"Feature","properties":{"shape_id":"{}","direction_id":"{\"0\": 50}","headsign":"{}","duration_avg":120,"n_vehicles":50,"d":1200,"route_I_counts":"{\"4\": 50}","source":75,"target":76,"layer":"L","from":"北京西红门(地铁站)","to":"北京高米店北(地铁站)"},"geometry":{"type":"LineString","coordinates":[[116.322568,39.788495],[116.324664,39.772239]]}},{"type":"Feature","properties":{"shape_id":"{}","direction_id":"{\"1\": 50}","headsign":"{}","duration_avg":120,"n_vehicles":50,"d":1200,"route_I_counts":"{\"4\": 50}","source":76,"target":75,"layer":"L","from":"北京高米店北(地铁站)","to":"北京西红门(地铁站)"},"geometry":{"type":"LineString","coordinates":[[116.324664,39.772239],[116.322568,39.788495]]}},{"type":"Feature","properties":{"shape_id":"{}","direction_id":"{\"0\": 50}","headsign":"{}","duration_avg":120,"n_vehicles":50,"d":1200,"route_I_counts":"{\"4\": 50}","source":76,"target":77,"layer":"L","from":"北京高米店北(地铁站)","to":"北京高米店南(地铁站)"},"geometry":{"type":"LineString","coordinates":[[116.324664,39.772239],[116.32548,39.76218]]}},{"type":"Feature","properties":{"shape_id":"{}","direction_id":"{\"1\": 50}","headsign":"{}","duration_avg":120,"n_vehicles":50,"d":1200,"route_I_counts":"{\"4\": 50}","source":77,"target":76,"layer":"L","from":"北京高米店南(地铁站)","to":"北京高米店北(地铁站)"},"geometry":{"type":"LineString","coordinates":[[116.32548,39.76218],[116.324664,39.772239]]}},{"type":"Feature","properties":{"shape_id":"{}","direction_id":"{\"0\": 50}","headsign":"{}","duration_avg":120,"n_vehicles":50,"d":1200,"route_I_counts":"{\"4\": 50}","source":77,"target":78,"layer":"L","from":"北京高米店南(地铁站)","to":"北京枣园(地铁站)"},"geometry":{"type":"LineString","coordinates":[[116.32548,39.76218],[116.326081,39.75215]]}},{"type":"Feature","properties":{"shape_id":"{}","direction_id":"{\"1\": 50}","headsign":"{}","duration_avg":120,"n_vehicles":50,"d":1200,"route_I_counts":"{\"4\": 50}","source":78,"target":77,"layer":"L","from":"北京枣园(地铁站)","to":"北京高米店南(地铁站)"},"geometry":{"type":"LineString","coordinates":[[116.326081,39.75215],[116.32548,39.76218]]}},{"type":"Feature","properties":{"shape_id":"{}","direction_id":"{\"0\": 50}","headsign":"{}","duration_avg":180,"n_vehicles":50,"d":1800,"route_I_counts":"{\"4\": 50}","source":78,"target":79,"layer":"L","from":"北京枣园(地铁站)","to":"北京清源路(地铁站)"},"geometry":{"type":"LineString","coordinates":[[116.326081,39.75215],[116.32639,39.741416]]}},{"type":"Feature","properties":{"shape_id":"{}","direction_id":"{\"1\": 50}","headsign":"{}","duration_avg":180,"n_vehicles":50,"d":1800,"route_I_counts":"{\"4\": 50}","source":79,"target":78,"layer":"L","from":"北京清源路(地铁站)","to":"北京枣园(地铁站)"},"geometry":{"type":"LineString","coordinates":[[116.32639,39.741416],[116.326081,39.75215]]}},{"type":"Feature","properties":{"shape_id":"{}","direction_id":"{\"0\": 50}","headsign":"{}","duration_avg":120,"n_vehicles":50,"d":1200,"route_I_counts":"{\"4\": 50}","source":79,"target":80,"layer":"L","from":"北京清源路(地铁站)","to":"北京黄村西大街(地铁站)"},"geometry":{"type":"LineString","coordinates":[[116.32639,39.741416],[116.326509,39.730462]]}},{"type":"Feature","properties":{"shape_id":"{}","direction_id":"{\"1\": 50}","headsign":"{}","duration_avg":120,"n_vehicles":50,"d":1200,"route_I_counts":"{\"4\": 50}","source":80,"target":79,"layer":"L","from":"北京黄村西大街(地铁站)","to":"北京清源路(地铁站)"},"geometry":{"type":"LineString","coordinates":[[116.326509,39.730462],[116.32639,39.741416]]}},{"type":"Feature","properties":{"shape_id":"{}","direction_id":"{\"0\": 50}","headsign":"{}","duration_avg":120,"n_vehicles":50,"d":1200,"route_I_counts":"{\"4\": 50}","source":80,"target":81,"layer":"L","from":"北京黄村西大街(地铁站)","to":"北京黄村火车站(地铁站)"},"geometry":{"type":"LineString","coordinates":[[116.326509,39.730462],[116.32649,39.721661]]}},{"type":"Feature","properties":{"shape_id":"{}","direction_id":"{\"1\": 50}","headsign":"{}","duration_avg":120,"n_vehicles":50,"d":1200,"route_I_counts":"{\"4\": 50}","source":81,"target":80,"layer":"L","from":"北京黄村火车站(地铁站)","to":"北京黄村西大街(地铁站)"},"geometry":{"type":"LineString","coordinates":[[116.32649,39.721661],[116.326509,39.730462]]}},{"type":"Feature","properties":{"shape_id":"{}","direction_id":"{\"0\": 50}","headsign":"{}","duration_avg":180,"n_vehicles":50,"d":1800,"route_I_counts":"{\"4\": 50}","source":81,"target":82,"layer":"L","from":"北京黄村火车站(地铁站)","to":"北京义和庄(地铁站)"},"geometry":{"type":"LineString","coordinates":[[116.32649,39.721661],[116.31299,39.711109]]}},{"type":"Feature","properties":{"shape_id":"{}","direction_id":"{\"1\": 50}","headsign":"{}","duration_avg":180,"n_vehicles":50,"d":1800,"route_I_counts":"{\"4\": 50}","source":82,"target":81,"layer":"L","from":"北京义和庄(地铁站)","to":"北京黄村火车站(地铁站)"},"geometry":{"type":"LineString","coordinates":[[116.31299,39.711109],[116.32649,39.721661]]}},{"type":"Feature","properties":{"shape_id":"{}","direction_id":"{\"0\": 50}","headsign":"{}","duration_avg":180,"n_vehicles":50,"d":1800,"route_I_counts":"{\"4\": 50}","source":82,"target":83,"layer":"L","from":"北京义和庄(地铁站)","to":"北京生物医药基地(地铁站)"},"geometry":{"type":"LineString","coordinates":[[116.31299,39.711109],[116.31557,39.68523]]}},{"type":"Feature","properties":{"shape_id":"{}","direction_id":"{\"1\": 50}","headsign":"{}","duration_avg":180,"n_vehicles":50,"d":1800,"route_I_counts":"{\"4\": 50}","source":83,"target":82,"layer":"L","from":"北京生物医药基地(地铁站)","to":"北京义和庄(地铁站)"},"geometry":{"type":"LineString","coordinates":[[116.31557,39.68523],[116.31299,39.711109]]}},{"type":"Feature","properties":{"shape_id":"{}","direction_id":"{\"0\": 50}","headsign":"{}","duration_avg":120,"n_vehicles":50,"d":1200,"route_I_counts":"{\"4\": 50}","source":83,"target":84,"layer":"L","from":"北京生物医药基地(地铁站)","to":"北京天宫院(地铁站)"},"geometry":{"type":"LineString","coordinates":[[116.31557,39.68523],[116.313847,39.669069]]}},{"type":"Feature","properties":{"shape_id":"{}","direction_id":"{\"1\": 50}","headsign":"{}","duration_avg":120,"n_vehicles":50,"d":1200,"route_I_counts":"{\"4\": 50}","source":84,"target":83,"layer":"L","from":"北京天宫院(地铁站)","to":"北京生物医药基地(地铁站)"},"geometry":{"type":"LineString","coordinates":[[116.313847,39.669069],[116.31557,39.68523]]}},{"type":"Feature","properties":{"shape_id":"{}","direction_id":"{\"0\": 50}","headsign":"{}","duration_avg":120,"n_vehicles":50,"d":1200,"route_I_counts":"{\"5\": 50}","source":85,"target":86,"layer":"L","from":"北京天通苑北(地铁站)","to":"北京天通苑(地铁站)"},"geometry":{"type":"LineString","coordinates":[[116.406625,40.082258],[116.406629,40.073838]]}},{"type":"Feature","properties":{"shape_id":"{}","direction_id":"{\"1\": 50}","headsign":"{}","duration_avg":120,"n_vehicles":50,"d":1200,"route_I_counts":"{\"5\": 50}","source":86,"target":85,"layer":"L","from":"北京天通苑(地铁站)","to":"北京天通苑北(地铁站)"},"geometry":{"type":"LineString","coordinates":[[116.406629,40.073838],[116.406625,40.082258]]}},{"type":"Feature","properties":{"shape_id":"{}","direction_id":"{\"0\": 50}","headsign":"{}","duration_avg":120,"n_vehicles":50,"d":1200,"route_I_counts":"{\"5\": 50}","source":86,"target":87,"layer":"L","from":"北京天通苑(地铁站)","to":"北京天通苑南(地铁站)"},"geometry":{"type":"LineString","coordinates":[[116.406629,40.073838],[116.406423,40.065203]]}},{"type":"Feature","properties":{"shape_id":"{}","direction_id":"{\"1\": 50}","headsign":"{}","duration_avg":120,"n_vehicles":50,"d":1200,"route_I_counts":"{\"5\": 50}","source":87,"target":86,"layer":"L","from":"北京天通苑南(地铁站)","to":"北京天通苑(地铁站)"},"geometry":{"type":"LineString","coordinates":[[116.406423,40.065203],[116.406629,40.073838]]}},{"type":"Feature","properties":{"shape_id":"{}","direction_id":"{\"0\": 50}","headsign":"{}","duration_avg":180,"n_vehicles":50,"d":1800,"route_I_counts":"{\"5\": 50}","source":87,"target":88,"layer":"L","from":"北京天通苑南(地铁站)","to":"北京立水桥(地铁站)"},"geometry":{"type":"LineString","coordinates":[[116.406423,40.065203],[116.406057,40.051579]]}},{"type":"Feature","properties":{"shape_id":"{}","direction_id":"{\"1\": 50}","headsign":"{}","duration_avg":180,"n_vehicles":50,"d":1800,"route_I_counts":"{\"5\": 50}","source":88,"target":87,"layer":"L","from":"北京立水桥(地铁站)","to":"北京天通苑南(地铁站)"},"geometry":{"type":"LineString","coordinates":[[116.406057,40.051579],[116.406423,40.065203]]}},{"type":"Feature","properties":{"shape_id":"{}","direction_id":"{\"0\": 50}","headsign":"{}","duration_avg":120,"n_vehicles":50,"d":1200,"route_I_counts":"{\"5\": 50}","source":88,"target":89,"layer":"L","from":"北京立水桥(地铁站)","to":"北京立水桥南(地铁站)"},"geometry":{"type":"LineString","coordinates":[[116.406057,40.051579],[116.40824,40.04055]]}},{"type":"Feature","properties":{"shape_id":"{}","direction_id":"{\"1\": 50}","headsign":"{}","duration_avg":120,"n_vehicles":50,"d":1200,"route_I_counts":"{\"5\": 50}","source":89,"target":88,"layer":"L","from":"北京立水桥南(地铁站)","to":"北京立水桥(地铁站)"},"geometry":{"type":"LineString","coordinates":[[116.40824,40.04055],[116.406057,40.051579]]}},{"type":"Feature","properties":{"shape_id":"{}","direction_id":"{\"0\": 50}","headsign":"{}","duration_avg":180,"n_vehicles":50,"d":1800,"route_I_counts":"{\"5\": 50}","source":89,"target":90,"layer":"L","from":"北京立水桥南(地铁站)","to":"北京北苑路北(地铁站)"},"geometry":{"type":"LineString","coordinates":[[116.40824,40.04055],[116.411838,40.029031]]}},{"type":"Feature","properties":{"shape_id":"{}","direction_id":"{\"1\": 50}","headsign":"{}","duration_avg":180,"n_vehicles":50,"d":1800,"route_I_counts":"{\"5\": 50}","source":90,"target":89,"layer":"L","from":"北京北苑路北(地铁站)","to":"北京立水桥南(地铁站)"},"geometry":{"type":"LineString","coordinates":[[116.411838,40.029031],[116.40824,40.04055]]}},{"type":"Feature","properties":{"shape_id":"{}","direction_id":"{\"0\": 50}","headsign":"{}","duration_avg":180,"n_vehicles":50,"d":1800,"route_I_counts":"{\"5\": 50}","source":90,"target":91,"layer":"L","from":"北京北苑路北(地铁站)","to":"北京大屯路东(地铁站)"},"geometry":{"type":"LineString","coordinates":[[116.411838,40.029031],[116.411128,40.002438]]}},{"type":"Feature","properties":{"shape_id":"{}","direction_id":"{\"1\": 50}","headsign":"{}","duration_avg":180,"n_vehicles":50,"d":1800,"route_I_counts":"{\"5\": 50}","source":91,"target":90,"layer":"L","from":"北京大屯路东(地铁站)","to":"北京北苑路北(地铁站)"},"geometry":{"type":"LineString","coordinates":[[116.411128,40.002438],[116.411838,40.029031]]}},{"type":"Feature","properties":{"shape_id":"{}","direction_id":"{\"0\": 50}","headsign":"{}","duration_avg":180,"n_vehicles":50,"d":1800,"route_I_counts":"{\"5\": 50}","source":91,"target":92,"layer":"L","from":"北京大屯路东(地铁站)","to":"北京惠新西街北口(地铁站)"},"geometry":{"type":"LineString","coordinates":[[116.411128,40.002438],[116.410781,39.986433]]}},{"type":"Feature","properties":{"shape_id":"{}","direction_id":"{\"1\": 50}","headsign":"{}","duration_avg":180,"n_vehicles":50,"d":1800,"route_I_counts":"{\"5\": 50}","source":92,"target":91,"layer":"L","from":"北京惠新西街北口(地铁站)","to":"北京大屯路东(地铁站)"},"geometry":{"type":"LineString","coordinates":[[116.410781,39.986433],[116.411128,40.002438]]}},{"type":"Feature","properties":{"shape_id":"{}","direction_id":"{\"0\": 50}","headsign":"{}","duration_avg":120,"n_vehicles":50,"d":1200,"route_I_counts":"{\"5\": 50}","source":92,"target":93,"layer":"L","from":"北京惠新西街北口(地铁站)","to":"北京惠新西街南口(地铁站)"},"geometry":{"type":"LineString","coordinates":[[116.410781,39.986433],[116.411293,39.975719]]}},{"type":"Feature","properties":{"shape_id":"{}","direction_id":"{\"1\": 50}","headsign":"{}","duration_avg":120,"n_vehicles":50,"d":1200,"route_I_counts":"{\"5\": 50}","source":93,"target":92,"layer":"L","from":"北京惠新西街南口(地铁站)","to":"北京惠新西街北口(地铁站)"},"geometry":{"type":"LineString","coordinates":[[116.411293,39.975719],[116.410781,39.986433]]}},{"type":"Feature","properties":{"shape_id":"{}","direction_id":"{\"0\": 50}","headsign":"{}","duration_avg":180,"n_vehicles":50,"d":1800,"route_I_counts":"{\"5\": 50}","source":93,"target":94,"layer":"L","from":"北京惠新西街南口(地铁站)","to":"北京和平西桥(地铁站)"},"geometry":{"type":"LineString","coordinates":[[116.411293,39.975719],[116.411726,39.966856]]}},{"type":"Feature","properties":{"shape_id":"{}","direction_id":"{\"1\": 50}","headsign":"{}","duration_avg":180,"n_vehicles":50,"d":1800,"route_I_counts":"{\"5\": 50}","source":94,"target":93,"layer":"L","from":"北京和平西桥(地铁站)","to":"北京惠新西街南口(地铁站)"},"geometry":{"type":"LineString","coordinates":[[116.411726,39.966856],[116.411293,39.975719]]}},{"type":"Feature","properties":{"shape_id":"{}","direction_id":"{\"0\": 50}","headsign":"{}","duration_avg":120,"n_vehicles":50,"d":1200,"route_I_counts":"{\"5\": 50}","source":94,"target":95,"layer":"L","from":"北京和平西桥(地铁站)","to":"北京和平里北街(地铁站)"},"geometry":{"type":"LineString","coordinates":[[116.411726,39.966856],[116.412262,39.957333]]}},{"type":"Feature","properties":{"shape_id":"{}","direction_id":"{\"1\": 50}","headsign":"{}","duration_avg":120,"n_vehicles":50,"d":1200,"route_I_counts":"{\"5\": 50}","source":95,"target":94,"layer":"L","from":"北京和平里北街(地铁站)","to":"北京和平西桥(地铁站)"},"geometry":{"type":"LineString","coordinates":[[116.412262,39.957333],[116.411726,39.966856]]}},{"type":"Feature","properties":{"shape_id":"{}","direction_id":"{\"0\": 50}","headsign":"{}","duration_avg":120,"n_vehicles":50,"d":1200,"route_I_counts":"{\"5\": 50}","source":95,"target":40,"layer":"L","from":"北京和平里北街(地铁站)","to":"北京雍和宫(地铁站)"},"geometry":{"type":"LineString","coordinates":[[116.412262,39.957333],[116.411296,39.947933]]}},{"type":"Feature","properties":{"shape_id":"{}","direction_id":"{\"1\": 50}","headsign":"{}","duration_avg":120,"n_vehicles":50,"d":1200,"route_I_counts":"{\"5\": 50}","source":40,"target":95,"layer":"L","from":"北京雍和宫(地铁站)","to":"北京和平里北街(地铁站)"},"geometry":{"type":"LineString","coordinates":[[116.411296,39.947933],[116.412262,39.957333]]}},{"type":"Feature","properties":{"shape_id":"{}","direction_id":"{\"0\": 50}","headsign":"{}","duration_avg":120,"n_vehicles":50,"d":1200,"route_I_counts":"{\"5\": 50}","source":40,"target":96,"layer":"L","from":"北京雍和宫(地铁站)","to":"北京北新桥(地铁站)"},"geometry":{"type":"LineString","coordinates":[[116.411296,39.947933],[116.410644,39.939381]]}},{"type":"Feature","properties":{"shape_id":"{}","direction_id":"{\"1\": 50}","headsign":"{}","duration_avg":120,"n_vehicles":50,"d":1200,"route_I_counts":"{\"5\": 50}","source":96,"target":40,"layer":"L","from":"北京北新桥(地铁站)","to":"北京雍和宫(地铁站)"},"geometry":{"type":"LineString","coordinates":[[116.410644,39.939381],[116.411296,39.947933]]}},{"type":"Feature","properties":{"shape_id":"{}","direction_id":"{\"0\": 50}","headsign":"{}","duration_avg":120,"n_vehicles":50,"d":1200,"route_I_counts":"{\"5\": 50}","source":96,"target":97,"layer":"L","from":"北京北新桥(地铁站)","to":"北京张自忠路(地铁站)"},"geometry":{"type":"LineString","coordinates":[[116.410644,39.939381],[116.411163,39.932234]]}},{"type":"Feature","properties":{"shape_id":"{}","direction_id":"{\"1\": 50}","headsign":"{}","duration_avg":120,"n_vehicles":50,"d":1200,"route_I_counts":"{\"5\": 50}","source":97,"target":96,"layer":"L","from":"北京张自忠路(地铁站)","to":"北京北新桥(地铁站)"},"geometry":{"type":"LineString","coordinates":[[116.411163,39.932234],[116.410644,39.939381]]}},{"type":"Feature","properties":{"shape_id":"{}","direction_id":"{\"0\": 50}","headsign":"{}","duration_avg":120,"n_vehicles":50,"d":1200,"route_I_counts":"{\"5\": 50}","source":97,"target":98,"layer":"L","from":"北京张自忠路(地铁站)","to":"北京东四(地铁站)"},"geometry":{"type":"LineString","coordinates":[[116.411163,39.932234],[116.411255,39.92297]]}},{"type":"Feature","properties":{"shape_id":"{}","direction_id":"{\"1\": 50}","headsign":"{}","duration_avg":120,"n_vehicles":50,"d":1200,"route_I_counts":"{\"5\": 50}","source":98,"target":97,"layer":"L","from":"北京东四(地铁站)","to":"北京张自忠路(地铁站)"},"geometry":{"type":"LineString","coordinates":[[116.411255,39.92297],[116.411163,39.932234]]}},{"type":"Feature","properties":{"shape_id":"{}","direction_id":"{\"0\": 50}","headsign":"{}","duration_avg":120,"n_vehicles":50,"d":1200,"route_I_counts":"{\"5\": 50}","source":98,"target":99,"layer":"L","from":"北京东四(地铁站)","to":"北京灯市口(地铁站)"},"geometry":{"type":"LineString","coordinates":[[116.411255,39.92297],[116.411546,39.915714]]}},{"type":"Feature","properties":{"shape_id":"{}","direction_id":"{\"1\": 50}","headsign":"{}","duration_avg":120,"n_vehicles":50,"d":1200,"route_I_counts":"{\"5\": 50}","source":99,"target":98,"layer":"L","from":"北京灯市口(地铁站)","to":"北京东四(地铁站)"},"geometry":{"type":"LineString","coordinates":[[116.411546,39.915714],[116.411255,39.92297]]}},{"type":"Feature","properties":{"shape_id":"{}","direction_id":"{\"0\": 50}","headsign":"{}","duration_avg":120,"n_vehicles":50,"d":1200,"route_I_counts":"{\"5\": 50}","source":99,"target":19,"layer":"L","from":"北京灯市口(地铁站)","to":"北京东单(地铁站)"},"geometry":{"type":"LineString","coordinates":[[116.411546,39.915714],[116.414094,39.906919]]}},{"type":"Feature","properties":{"shape_id":"{}","direction_id":"{\"1\": 50}","headsign":"{}","duration_avg":120,"n_vehicles":50,"d":1200,"route_I_counts":"{\"5\": 50}","source":19,"target":99,"layer":"L","from":"北京东单(地铁站)","to":"北京灯市口(地铁站)"},"geometry":{"type":"LineString","coordinates":[[116.414094,39.906919],[116.411546,39.915714]]}},{"type":"Feature","properties":{"shape_id":"{}","direction_id":"{\"0\": 50}","headsign":"{}","duration_avg":120,"n_vehicles":50,"d":1200,"route_I_counts":"{\"5\": 50}","source":19,"target":45,"layer":"L","from":"北京东单(地铁站)","to":"北京崇文门(地铁站)"},"geometry":{"type":"LineString","coordinates":[[116.414094,39.906919],[116.410673,39.899686]]}},{"type":"Feature","properties":{"shape_id":"{}","direction_id":"{\"1\": 50}","headsign":"{}","duration_avg":120,"n_vehicles":50,"d":1200,"route_I_counts":"{\"5\": 50}","source":45,"target":19,"layer":"L","from":"北京崇文门(地铁站)","to":"北京东单(地铁站)"},"geometry":{"type":"LineString","coordinates":[[116.410673,39.899686],[116.414094,39.906919]]}},{"type":"Feature","properties":{"shape_id":"{}","direction_id":"{\"0\": 50}","headsign":"{}","duration_avg":120,"n_vehicles":50,"d":1200,"route_I_counts":"{\"5\": 50}","source":45,"target":100,"layer":"L","from":"北京崇文门(地铁站)","to":"北京磁器口(地铁站)"},"geometry":{"type":"LineString","coordinates":[[116.410673,39.899686],[116.412635,39.89168]]}},{"type":"Feature","properties":{"shape_id":"{}","direction_id":"{\"1\": 50}","headsign":"{}","duration_avg":120,"n_vehicles":50,"d":1200,"route_I_counts":"{\"5\": 50}","source":100,"target":45,"layer":"L","from":"北京磁器口(地铁站)","to":"北京崇文门(地铁站)"},"geometry":{"type":"LineString","coordinates":[[116.412635,39.89168],[116.410673,39.899686]]}},{"type":"Feature","properties":{"shape_id":"{}","direction_id":"{\"0\": 50}","headsign":"{}","duration_avg":180,"n_vehicles":50,"d":1800,"route_I_counts":"{\"5\": 50}","source":100,"target":101,"layer":"L","from":"北京磁器口(地铁站)","to":"北京天坛东门(地铁站)"},"geometry":{"type":"LineString","coordinates":[[116.412635,39.89168],[116.414603,39.881164]]}},{"type":"Feature","properties":{"shape_id":"{}","direction_id":"{\"1\": 50}","headsign":"{}","duration_avg":180,"n_vehicles":50,"d":1800,"route_I_counts":"{\"5\": 50}","source":101,"target":100,"layer":"L","from":"北京天坛东门(地铁站)","to":"北京磁器口(地铁站)"},"geometry":{"type":"LineString","coordinates":[[116.414603,39.881164],[116.412635,39.89168]]}},{"type":"Feature","properties":{"shape_id":"{}","direction_id":"{\"0\": 50}","headsign":"{}","duration_avg":120,"n_vehicles":50,"d":1200,"route_I_counts":"{\"5\": 50}","source":101,"target":102,"layer":"L","from":"北京天坛东门(地铁站)","to":"北京蒲黄榆(地铁站)"},"geometry":{"type":"LineString","coordinates":[[116.414603,39.881164],[116.41544,39.864249]]}},{"type":"Feature","properties":{"shape_id":"{}","direction_id":"{\"1\": 50}","headsign":"{}","duration_avg":120,"n_vehicles":50,"d":1200,"route_I_counts":"{\"5\": 50}","source":102,"target":101,"layer":"L","from":"北京蒲黄榆(地铁站)","to":"北京天坛东门(地铁站)"},"geometry":{"type":"LineString","coordinates":[[116.41544,39.864249],[116.414603,39.881164]]}},{"type":"Feature","properties":{"shape_id":"{}","direction_id":"{\"0\": 50}","headsign":"{}","duration_avg":120,"n_vehicles":50,"d":1200,"route_I_counts":"{\"5\": 50}","source":102,"target":103,"layer":"L","from":"北京蒲黄榆(地铁站)","to":"北京刘家窑(地铁站)"},"geometry":{"type":"LineString","coordinates":[[116.41544,39.864249],[116.415893,39.856129]]}},{"type":"Feature","properties":{"shape_id":"{}","direction_id":"{\"1\": 50}","headsign":"{}","duration_avg":120,"n_vehicles":50,"d":1200,"route_I_counts":"{\"5\": 50}","source":103,"target":102,"layer":"L","from":"北京刘家窑(地铁站)","to":"北京蒲黄榆(地铁站)"},"geometry":{"type":"LineString","coordinates":[[116.415893,39.856129],[116.41544,39.864249]]}},{"type":"Feature","properties":{"shape_id":"{}","direction_id":"{\"0\": 50}","headsign":"{}","duration_avg":180,"n_vehicles":50,"d":1800,"route_I_counts":"{\"5\": 50}","source":103,"target":104,"layer":"L","from":"北京刘家窑(地铁站)","to":"北京宋家庄(地铁站)"},"geometry":{"type":"LineString","coordinates":[[116.415893,39.856129],[116.422154,39.844464]]}},{"type":"Feature","properties":{"shape_id":"{}","direction_id":"{\"1\": 50}","headsign":"{}","duration_avg":180,"n_vehicles":50,"d":1800,"route_I_counts":"{\"5\": 50}","source":104,"target":103,"layer":"L","from":"北京宋家庄(地铁站)","to":"北京刘家窑(地铁站)"},"geometry":{"type":"LineString","coordinates":[[116.422154,39.844464],[116.415893,39.856129]]}},{"type":"Feature","properties":{"shape_id":"{}","direction_id":"{\"0\": 50}","headsign":"{}","duration_avg":120,"n_vehicles":50,"d":1200,"route_I_counts":"{\"6\": 50}","source":105,"target":106,"layer":"L","from":"北京北京西站(地铁站)","to":"北京湾子(地铁站)"},"geometry":{"type":"LineString","coordinates":[[116.315101,39.893409],[116.321621,39.888643]]}},{"type":"Feature","properties":{"shape_id":"{}","direction_id":"{\"1\": 50}","headsign":"{}","duration_avg":120,"n_vehicles":50,"d":1200,"route_I_counts":"{\"6\": 50}","source":106,"target":105,"layer":"L","from":"北京湾子(地铁站)","to":"北京北京西站(地铁站)"},"geometry":{"type":"LineString","coordinates":[[116.321621,39.888643],[116.315101,39.893409]]}},{"type":"Feature","properties":{"shape_id":"{}","direction_id":"{\"0\": 50}","headsign":"{}","duration_avg":120,"n_vehicles":50,"d":1200,"route_I_counts":"{\"6\": 50}","source":106,"target":107,"layer":"L","from":"北京湾子(地铁站)","to":"北京达官营(地铁站)"},"geometry":{"type":"LineString","coordinates":[[116.321621,39.888643],[116.329611,39.888577]]}},{"type":"Feature","properties":{"shape_id":"{}","direction_id":"{\"1\": 50}","headsign":"{}","duration_avg":120,"n_vehicles":50,"d":1200,"route_I_counts":"{\"6\": 50}","source":107,"target":106,"layer":"L","from":"北京达官营(地铁站)","to":"北京湾子(地铁站)"},"geometry":{"type":"LineString","coordinates":[[116.329611,39.888577],[116.321621,39.888643]]}},{"type":"Feature","properties":{"shape_id":"{}","direction_id":"{\"0\": 50}","headsign":"{}","duration_avg":180,"n_vehicles":50,"d":1800,"route_I_counts":"{\"6\": 50}","source":107,"target":108,"layer":"L","from":"北京达官营(地铁站)","to":"北京广安门内(地铁站)"},"geometry":{"type":"LineString","coordinates":[[116.329611,39.888577],[116.352043,39.888052]]}},{"type":"Feature","properties":{"shape_id":"{}","direction_id":"{\"1\": 50}","headsign":"{}","duration_avg":180,"n_vehicles":50,"d":1800,"route_I_counts":"{\"6\": 50}","source":108,"target":107,"layer":"L","from":"北京广安门内(地铁站)","to":"北京达官营(地铁站)"},"geometry":{"type":"LineString","coordinates":[[116.352043,39.888052],[116.329611,39.888577]]}},{"type":"Feature","properties":{"shape_id":"{}","direction_id":"{\"0\": 50}","headsign":"{}","duration_avg":180,"n_vehicles":50,"d":1800,"route_I_counts":"{\"6\": 50}","source":108,"target":68,"layer":"L","from":"北京广安门内(地铁站)","to":"北京菜市口(地铁站)"},"geometry":{"type":"LineString","coordinates":[[116.352043,39.888052],[116.368202,39.88791]]}},{"type":"Feature","properties":{"shape_id":"{}","direction_id":"{\"1\": 50}","headsign":"{}","duration_avg":180,"n_vehicles":50,"d":1800,"route_I_counts":"{\"6\": 50}","source":68,"target":108,"layer":"L","from":"北京菜市口(地铁站)","to":"北京广安门内(地铁站)"},"geometry":{"type":"LineString","coordinates":[[116.368202,39.88791],[116.352043,39.888052]]}},{"type":"Feature","properties":{"shape_id":"{}","direction_id":"{\"0\": 50}","headsign":"{}","duration_avg":120,"n_vehicles":50,"d":1200,"route_I_counts":"{\"6\": 50}","source":68,"target":109,"layer":"L","from":"北京菜市口(地铁站)","to":"北京虎坊桥(地铁站)"},"geometry":{"type":"LineString","coordinates":[[116.368202,39.88791],[116.378363,39.88809]]}},{"type":"Feature","properties":{"shape_id":"{}","direction_id":"{\"1\": 50}","headsign":"{}","duration_avg":120,"n_vehicles":50,"d":1200,"route_I_counts":"{\"6\": 50}","source":109,"target":68,"layer":"L","from":"北京虎坊桥(地铁站)","to":"北京菜市口(地铁站)"},"geometry":{"type":"LineString","coordinates":[[116.378363,39.88809],[116.368202,39.88791]]}},{"type":"Feature","properties":{"shape_id":"{}","direction_id":"{\"0\": 50}","headsign":"{}","duration_avg":120,"n_vehicles":50,"d":1200,"route_I_counts":"{\"6\": 50}","source":109,"target":110,"layer":"L","from":"北京虎坊桥(地铁站)","to":"北京珠市口(地铁站)"},"geometry":{"type":"LineString","coordinates":[[116.378363,39.88809],[116.392131,39.889931]]}},{"type":"Feature","properties":{"shape_id":"{}","direction_id":"{\"1\": 50}","headsign":"{}","duration_avg":120,"n_vehicles":50,"d":1200,"route_I_counts":"{\"6\": 50}","source":110,"target":109,"layer":"L","from":"北京珠市口(地铁站)","to":"北京虎坊桥(地铁站)"},"geometry":{"type":"LineString","coordinates":[[116.392131,39.889931],[116.378363,39.88809]]}},{"type":"Feature","properties":{"shape_id":"{}","direction_id":"{\"0\": 50}","headsign":"{}","duration_avg":120,"n_vehicles":50,"d":1200,"route_I_counts":"{\"6\": 50}","source":110,"target":111,"layer":"L","from":"北京珠市口(地铁站)","to":"北京桥湾(地铁站)"},"geometry":{"type":"LineString","coordinates":[[116.392131,39.889931],[116.402225,39.891323]]}},{"type":"Feature","properties":{"shape_id":"{}","direction_id":"{\"1\": 50}","headsign":"{}","duration_avg":120,"n_vehicles":50,"d":1200,"route_I_counts":"{\"6\": 50}","source":111,"target":110,"layer":"L","from":"北京桥湾(地铁站)","to":"北京珠市口(地铁站)"},"geometry":{"type":"LineString","coordinates":[[116.402225,39.891323],[116.392131,39.889931]]}},{"type":"Feature","properties":{"shape_id":"{}","direction_id":"{\"0\": 50}","headsign":"{}","duration_avg":120,"n_vehicles":50,"d":1200,"route_I_counts":"{\"6\": 50}","source":111,"target":100,"layer":"L","from":"北京桥湾(地铁站)","to":"北京磁器口(地铁站)"},"geometry":{"type":"LineString","coordinates":[[116.402225,39.891323],[116.412635,39.89168]]}},{"type":"Feature","properties":{"shape_id":"{}","direction_id":"{\"1\": 50}","headsign":"{}","duration_avg":120,"n_vehicles":50,"d":1200,"route_I_counts":"{\"6\": 50}","source":100,"target":111,"layer":"L","from":"北京磁器口(地铁站)","to":"北京桥湾(地铁站)"},"geometry":{"type":"LineString","coordinates":[[116.412635,39.89168],[116.402225,39.891323]]}},{"type":"Feature","properties":{"shape_id":"{}","direction_id":"{\"0\": 50}","headsign":"{}","duration_avg":120,"n_vehicles":50,"d":1200,"route_I_counts":"{\"6\": 50}","source":100,"target":112,"layer":"L","from":"北京磁器口(地铁站)","to":"北京广渠门内(地铁站)"},"geometry":{"type":"LineString","coordinates":[[116.412635,39.89168],[116.427665,39.892292]]}},{"type":"Feature","properties":{"shape_id":"{}","direction_id":"{\"1\": 50}","headsign":"{}","duration_avg":120,"n_vehicles":50,"d":1200,"route_I_counts":"{\"6\": 50}","source":112,"target":100,"layer":"L","from":"北京广渠门内(地铁站)","to":"北京磁器口(地铁站)"},"geometry":{"type":"LineString","coordinates":[[116.427665,39.892292],[116.412635,39.89168]]}},{"type":"Feature","properties":{"shape_id":"{}","direction_id":"{\"0\": 50}","headsign":"{}","duration_avg":180,"n_vehicles":50,"d":1800,"route_I_counts":"{\"6\": 50}","source":112,"target":113,"layer":"L","from":"北京广渠门内(地铁站)","to":"北京广渠门外(地铁站)"},"geometry":{"type":"LineString","coordinates":[[116.427665,39.892292],[116.44282,39.892292]]}},{"type":"Feature","properties":{"shape_id":"{}","direction_id":"{\"1\": 50}","headsign":"{}","duration_avg":180,"n_vehicles":50,"d":1800,"route_I_counts":"{\"6\": 50}","source":113,"target":112,"layer":"L","from":"北京广渠门外(地铁站)","to":"北京广渠门内(地铁站)"},"geometry":{"type":"LineString","coordinates":[[116.44282,39.892292],[116.427665,39.892292]]}},{"type":"Feature","properties":{"shape_id":"{}","direction_id":"{\"0\": 50}","headsign":"{}","duration_avg":120,"n_vehicles":50,"d":1200,"route_I_counts":"{\"6\": 50}","source":113,"target":114,"layer":"L","from":"北京广渠门外(地铁站)","to":"北京双井(地铁站)"},"geometry":{"type":"LineString","coordinates":[[116.44282,39.892292],[116.457602,39.892029]]}},{"type":"Feature","properties":{"shape_id":"{}","direction_id":"{\"1\": 50}","headsign":"{}","duration_avg":120,"n_vehicles":50,"d":1200,"route_I_counts":"{\"6\": 50}","source":114,"target":113,"layer":"L","from":"北京双井(地铁站)","to":"北京广渠门外(地铁站)"},"geometry":{"type":"LineString","coordinates":[[116.457602,39.892029],[116.44282,39.892292]]}},{"type":"Feature","properties":{"shape_id":"{}","direction_id":"{\"0\": 50}","headsign":"{}","duration_avg":180,"n_vehicles":50,"d":1800,"route_I_counts":"{\"6\": 50}","source":114,"target":115,"layer":"L","from":"北京双井(地铁站)","to":"北京九龙山(地铁站)"},"geometry":{"type":"LineString","coordinates":[[116.457602,39.892029],[116.472796,39.891928]]}},{"type":"Feature","properties":{"shape_id":"{}","direction_id":"{\"1\": 50}","headsign":"{}","duration_avg":180,"n_vehicles":50,"d":1800,"route_I_counts":"{\"6\": 50}","source":115,"target":114,"layer":"L","from":"北京九龙山(地铁站)","to":"北京双井(地铁站)"},"geometry":{"type":"LineString","coordinates":[[116.472796,39.891928],[116.457602,39.892029]]}},{"type":"Feature","properties":{"shape_id":"{}","direction_id":"{\"0\": 50}","headsign":"{}","duration_avg":120,"n_vehicles":50,"d":1200,"route_I_counts":"{\"6\": 50}","source":115,"target":116,"layer":"L","from":"北京九龙山(地铁站)","to":"北京大郊亭(地铁站)"},"geometry":{"type":"LineString","coordinates":[[116.472796,39.891928],[116.481885,39.891926]]}},{"type":"Feature","properties":{"shape_id":"{}","direction_id":"{\"1\": 50}","headsign":"{}","duration_avg":120,"n_vehicles":50,"d":1200,"route_I_counts":"{\"6\": 50}","source":116,"target":115,"layer":"L","from":"北京大郊亭(地铁站)","to":"北京九龙山(地铁站)"},"geometry":{"type":"LineString","coordinates":[[116.481885,39.891926],[116.472796,39.891928]]}},{"type":"Feature","properties":{"shape_id":"{}","direction_id":"{\"0\": 50}","headsign":"{}","duration_avg":60,"n_vehicles":50,"d":600,"route_I_counts":"{\"6\": 50}","source":116,"target":117,"layer":"L","from":"北京大郊亭(地铁站)","to":"北京百子湾(地铁站)"},"geometry":{"type":"LineString","coordinates":[[116.481885,39.891926],[116.491754,39.891303]]}},{"type":"Feature","properties":{"shape_id":"{}","direction_id":"{\"1\": 50}","headsign":"{}","duration_avg":60,"n_vehicles":50,"d":600,"route_I_counts":"{\"6\": 50}","source":117,"target":116,"layer":"L","from":"北京百子湾(地铁站)","to":"北京大郊亭(地铁站)"},"geometry":{"type":"LineString","coordinates":[[116.491754,39.891303],[116.481885,39.891926]]}},{"type":"Feature","properties":{"shape_id":"{}","direction_id":"{\"0\": 50}","headsign":"{}","duration_avg":180,"n_vehicles":50,"d":1800,"route_I_counts":"{\"6\": 50}","source":117,"target":118,"layer":"L","from":"北京百子湾(地铁站)","to":"北京化工(地铁站)"},"geometry":{"type":"LineString","coordinates":[[116.491754,39.891303],[116.497533,39.886159]]}},{"type":"Feature","properties":{"shape_id":"{}","direction_id":"{\"1\": 50}","headsign":"{}","duration_avg":180,"n_vehicles":50,"d":1800,"route_I_counts":"{\"6\": 50}","source":118,"target":117,"layer":"L","from":"北京化工(地铁站)","to":"北京百子湾(地铁站)"},"geometry":{"type":"LineString","coordinates":[[116.497533,39.886159],[116.491754,39.891303]]}},{"type":"Feature","properties":{"shape_id":"{}","direction_id":"{\"0\": 50}","headsign":"{}","duration_avg":120,"n_vehicles":50,"d":1200,"route_I_counts":"{\"6\": 50}","source":118,"target":119,"layer":"L","from":"北京化工(地铁站)","to":"北京南楼梓庄(地铁站)"},"geometry":{"type":"LineString","coordinates":[[116.497533,39.886159],[116.495085,39.873361]]}},{"type":"Feature","properties":{"shape_id":"{}","direction_id":"{\"1\": 50}","headsign":"{}","duration_avg":120,"n_vehicles":50,"d":1200,"route_I_counts":"{\"6\": 50}","source":119,"target":118,"layer":"L","from":"北京南楼梓庄(地铁站)","to":"北京化工(地铁站)"},"geometry":{"type":"LineString","coordinates":[[116.495085,39.873361],[116.497533,39.886159]]}},{"type":"Feature","properties":{"shape_id":"{}","direction_id":"{\"0\": 50}","headsign":"{}","duration_avg":120,"n_vehicles":50,"d":1200,"route_I_counts":"{\"6\": 50}","source":119,"target":120,"layer":"L","from":"北京南楼梓庄(地铁站)","to":"北京欢乐谷景区(地铁站)"},"geometry":{"type":"LineString","coordinates":[[116.495085,39.873361],[116.493169,39.865344]]}},{"type":"Feature","properties":{"shape_id":"{}","direction_id":"{\"1\": 50}","headsign":"{}","duration_avg":120,"n_vehicles":50,"d":1200,"route_I_counts":"{\"6\": 50}","source":120,"target":119,"layer":"L","from":"北京欢乐谷景区(地铁站)","to":"北京南楼梓庄(地铁站)"},"geometry":{"type":"LineString","coordinates":[[116.493169,39.865344],[116.495085,39.873361]]}},{"type":"Feature","properties":{"shape_id":"{}","direction_id":"{\"0\": 50}","headsign":"{}","duration_avg":120,"n_vehicles":50,"d":1200,"route_I_counts":"{\"6\": 50}","source":120,"target":121,"layer":"L","from":"北京欢乐谷景区(地铁站)","to":"北京垡头(地铁站)"},"geometry":{"type":"LineString","coordinates":[[116.493169,39.865344],[116.505865,39.859545]]}},{"type":"Feature","properties":{"shape_id":"{}","direction_id":"{\"1\": 50}","headsign":"{}","duration_avg":120,"n_vehicles":50,"d":1200,"route_I_counts":"{\"6\": 50}","source":121,"target":120,"layer":"L","from":"北京垡头(地铁站)","to":"北京欢乐谷景区(地铁站)"},"geometry":{"type":"LineString","coordinates":[[116.505865,39.859545],[116.493169,39.865344]]}},{"type":"Feature","properties":{"shape_id":"{}","direction_id":"{\"0\": 50}","headsign":"{}","duration_avg":180,"n_vehicles":50,"d":1800,"route_I_counts":"{\"6\": 50}","source":121,"target":122,"layer":"L","from":"北京垡头(地铁站)","to":"北京双合(地铁站)"},"geometry":{"type":"LineString","coordinates":[[116.505865,39.859545],[116.520934,39.858549]]}},{"type":"Feature","properties":{"shape_id":"{}","direction_id":"{\"1\": 50}","headsign":"{}","duration_avg":180,"n_vehicles":50,"d":1800,"route_I_counts":"{\"6\": 50}","source":122,"target":121,"layer":"L","from":"北京双合(地铁站)","to":"北京垡头(地铁站)"},"geometry":{"type":"LineString","coordinates":[[116.520934,39.858549],[116.505865,39.859545]]}},{"type":"Feature","properties":{"shape_id":"{}","direction_id":"{\"0\": 50}","headsign":"{}","duration_avg":120,"n_vehicles":50,"d":1200,"route_I_counts":"{\"6\": 50}","source":122,"target":123,"layer":"L","from":"北京双合(地铁站)","to":"北京焦化厂(地铁站)"},"geometry":{"type":"LineString","coordinates":[[116.520934,39.858549],[116.531378,39.854374]]}},{"type":"Feature","properties":{"shape_id":"{}","direction_id":"{\"1\": 50}","headsign":"{}","duration_avg":120,"n_vehicles":50,"d":1200,"route_I_counts":"{\"6\": 50}","source":123,"target":122,"layer":"L","from":"北京焦化厂(地铁站)","to":"北京双合(地铁站)"},"geometry":{"type":"LineString","coordinates":[[116.531378,39.854374],[116.520934,39.858549]]}},{"type":"Feature","properties":{"shape_id":"{}","direction_id":"{\"0\": 50}","headsign":"{}","duration_avg":120,"n_vehicles":50,"d":1200,"route_I_counts":"{\"6\": 50}","source":123,"target":124,"layer":"L","from":"北京焦化厂(地铁站)","to":"北京黄厂(地铁站)"},"geometry":{"type":"LineString","coordinates":[[116.531378,39.854374],[116.547935,39.8479]]}},{"type":"Feature","properties":{"shape_id":"{}","direction_id":"{\"1\": 50}","headsign":"{}","duration_avg":120,"n_vehicles":50,"d":1200,"route_I_counts":"{\"6\": 50}","source":124,"target":123,"layer":"L","from":"北京黄厂(地铁站)","to":"北京焦化厂(地铁站)"},"geometry":{"type":"LineString","coordinates":[[116.547935,39.8479],[116.531378,39.854374]]}},{"type":"Feature","properties":{"shape_id":"{}","direction_id":"{\"0\": 50}","headsign":"{}","duration_avg":180,"n_vehicles":50,"d":1800,"route_I_counts":"{\"6\": 50}","source":124,"target":125,"layer":"L","from":"北京黄厂(地铁站)","to":"北京郎辛庄(地铁站)"},"geometry":{"type":"LineString","coordinates":[[116.547935,39.8479],[116.564032,39.855443]]}},{"type":"Feature","properties":{"shape_id":"{}","direction_id":"{\"1\": 50}","headsign":"{}","duration_avg":180,"n_vehicles":50,"d":1800,"route_I_counts":"{\"6\": 50}","source":125,"target":124,"layer":"L","from":"北京郎辛庄(地铁站)","to":"北京黄厂(地铁站)"},"geometry":{"type":"LineString","coordinates":[[116.564032,39.855443],[116.547935,39.8479]]}},{"type":"Feature","properties":{"shape_id":"{}","direction_id":"{\"0\": 50}","headsign":"{}","duration_avg":180,"n_vehicles":50,"d":1800,"route_I_counts":"{\"6\": 50}","source":125,"target":126,"layer":"L","from":"北京郎辛庄(地铁站)","to":"北京黑庄户(地铁站)"},"geometry":{"type":"LineString","coordinates":[[116.564032,39.855443],[116.593338,39.857688]]}},{"type":"Feature","properties":{"shape_id":"{}","direction_id":"{\"1\": 50}","headsign":"{}","duration_avg":180,"n_vehicles":50,"d":1800,"route_I_counts":"{\"6\": 50}","source":126,"target":125,"layer":"L","from":"北京黑庄户(地铁站)","to":"北京郎辛庄(地铁站)"},"geometry":{"type":"LineString","coordinates":[[116.593338,39.857688],[116.564032,39.855443]]}},{"type":"Feature","properties":{"shape_id":"{}","direction_id":"{\"0\": 50}","headsign":"{}","duration_avg":240,"n_vehicles":50,"d":2400,"route_I_counts":"{\"6\": 50}","source":126,"target":127,"layer":"L","from":"北京黑庄户(地铁站)","to":"北京万盛西(地铁站)"},"geometry":{"type":"LineString","coordinates":[[116.593338,39.857688],[116.626339,39.862266]]}},{"type":"Feature","properties":{"shape_id":"{}","direction_id":"{\"1\": 50}","headsign":"{}","duration_avg":240,"n_vehicles":50,"d":2400,"route_I_counts":"{\"6\": 50}","source":127,"target":126,"layer":"L","from":"北京万盛西(地铁站)","to":"北京黑庄户(地铁站)"},"geometry":{"type":"LineString","coordinates":[[116.626339,39.862266],[116.593338,39.857688]]}},{"type":"Feature","properties":{"shape_id":"{}","direction_id":"{\"0\": 50}","headsign":"{}","duration_avg":180,"n_vehicles":50,"d":1800,"route_I_counts":"{\"6\": 50}","source":127,"target":128,"layer":"L","from":"北京万盛西(地铁站)","to":"北京万盛东(地铁站)"},"geometry":{"type":"LineString","coordinates":[[116.626339,39.862266],[116.651497,39.862389]]}},{"type":"Feature","properties":{"shape_id":"{}","direction_id":"{\"1\": 50}","headsign":"{}","duration_avg":180,"n_vehicles":50,"d":1800,"route_I_counts":"{\"6\": 50}","source":128,"target":127,"layer":"L","from":"北京万盛东(地铁站)","to":"北京万盛西(地铁站)"},"geometry":{"type":"LineString","coordinates":[[116.651497,39.862389],[116.626339,39.862266]]}},{"type":"Feature","properties":{"shape_id":"{}","direction_id":"{\"0\": 50}","headsign":"{}","duration_avg":120,"n_vehicles":50,"d":1200,"route_I_counts":"{\"6\": 50}","source":128,"target":129,"layer":"L","from":"北京万盛东(地铁站)","to":"北京群芳(地铁站)"},"geometry":{"type":"LineString","coordinates":[[116.651497,39.862389],[116.664872,39.862388]]}},{"type":"Feature","properties":{"shape_id":"{}","direction_id":"{\"1\": 50}","headsign":"{}","duration_avg":120,"n_vehicles":50,"d":1200,"route_I_counts":"{\"6\": 50}","source":129,"target":128,"layer":"L","from":"北京群芳(地铁站)","to":"北京万盛东(地铁站)"},"geometry":{"type":"LineString","coordinates":[[116.664872,39.862388],[116.651497,39.862389]]}},{"type":"Feature","properties":{"shape_id":"{}","direction_id":"{\"0\": 50}","headsign":"{}","duration_avg":120,"n_vehicles":50,"d":1200,"route_I_counts":"{\"6\": 50}","source":129,"target":130,"layer":"L","from":"北京群芳(地铁站)","to":"北京高楼金(地铁站)"},"geometry":{"type":"LineString","coordinates":[[116.664872,39.862388],[116.678383,39.862001]]}},{"type":"Feature","properties":{"shape_id":"{}","direction_id":"{\"1\": 50}","headsign":"{}","duration_avg":120,"n_vehicles":50,"d":1200,"route_I_counts":"{\"6\": 50}","source":130,"target":129,"layer":"L","from":"北京高楼金(地铁站)","to":"北京群芳(地铁站)"},"geometry":{"type":"LineString","coordinates":[[116.678383,39.862001],[116.664872,39.862388]]}},{"type":"Feature","properties":{"shape_id":"{}","direction_id":"{\"0\": 50}","headsign":"{}","duration_avg":120,"n_vehicles":50,"d":1200,"route_I_counts":"{\"6\": 50}","source":130,"target":1,"layer":"L","from":"北京高楼金(地铁站)","to":"北京花庄(地铁站)"},"geometry":{"type":"LineString","coordinates":[[116.678383,39.862001],[116.689509,39.85555]]}},{"type":"Feature","properties":{"shape_id":"{}","direction_id":"{\"1\": 50}","headsign":"{}","duration_avg":120,"n_vehicles":50,"d":1200,"route_I_counts":"{\"6\": 50}","source":1,"target":130,"layer":"L","from":"北京花庄(地铁站)","to":"北京高楼金(地铁站)"},"geometry":{"type":"LineString","coordinates":[[116.689509,39.85555],[116.678383,39.862001]]}},{"type":"Feature","properties":{"shape_id":"{}","direction_id":"{\"0\": 50}","headsign":"{}","duration_avg":120,"n_vehicles":50,"d":1200,"route_I_counts":"{\"7\": 50}","source":131,"target":132,"layer":"L","from":"北京瀛海(地铁站)","to":"北京德茂(地铁站)"},"geometry":{"type":"LineString","coordinates":[[116.442821,39.759367],[116.435591,39.771274]]}},{"type":"Feature","properties":{"shape_id":"{}","direction_id":"{\"1\": 50}","headsign":"{}","duration_avg":120,"n_vehicles":50,"d":1200,"route_I_counts":"{\"7\": 50}","source":132,"target":131,"layer":"L","from":"北京德茂(地铁站)","to":"北京瀛海(地铁站)"},"geometry":{"type":"LineString","coordinates":[[116.435591,39.771274],[116.442821,39.759367]]}},{"type":"Feature","properties":{"shape_id":"{}","direction_id":"{\"0\": 50}","headsign":"{}","duration_avg":180,"n_vehicles":50,"d":1800,"route_I_counts":"{\"7\": 50}","source":132,"target":133,"layer":"L","from":"北京德茂(地铁站)","to":"北京五福堂(地铁站)"},"geometry":{"type":"LineString","coordinates":[[116.435591,39.771274],[116.41769,39.78366]]}},{"type":"Feature","properties":{"shape_id":"{}","direction_id":"{\"1\": 50}","headsign":"{}","duration_avg":180,"n_vehicles":50,"d":1800,"route_I_counts":"{\"7\": 50}","source":133,"target":132,"layer":"L","from":"北京五福堂(地铁站)","to":"北京德茂(地铁站)"},"geometry":{"type":"LineString","coordinates":[[116.41769,39.78366],[116.435591,39.771274]]}},{"type":"Feature","properties":{"shape_id":"{}","direction_id":"{\"0\": 50}","headsign":"{}","duration_avg":180,"n_vehicles":50,"d":1800,"route_I_counts":"{\"7\": 50}","source":133,"target":134,"layer":"L","from":"北京五福堂(地铁站)","to":"北京火箭万源(地铁站)"},"geometry":{"type":"LineString","coordinates":[[116.41769,39.78366],[116.412405,39.797894]]}},{"type":"Feature","properties":{"shape_id":"{}","direction_id":"{\"1\": 50}","headsign":"{}","duration_avg":180,"n_vehicles":50,"d":1800,"route_I_counts":"{\"7\": 50}","source":134,"target":133,"layer":"L","from":"北京火箭万源(地铁站)","to":"北京五福堂(地铁站)"},"geometry":{"type":"LineString","coordinates":[[116.412405,39.797894],[116.41769,39.78366]]}},{"type":"Feature","properties":{"shape_id":"{}","direction_id":"{\"0\": 50}","headsign":"{}","duration_avg":120,"n_vehicles":50,"d":1200,"route_I_counts":"{\"7\": 50}","source":134,"target":135,"layer":"L","from":"北京火箭万源(地铁站)","to":"北京东高地(地铁站)"},"geometry":{"type":"LineString","coordinates":[[116.412405,39.797894],[116.403198,39.803677]]}},{"type":"Feature","properties":{"shape_id":"{}","direction_id":"{\"1\": 50}","headsign":"{}","duration_avg":120,"n_vehicles":50,"d":1200,"route_I_counts":"{\"7\": 50}","source":135,"target":134,"layer":"L","from":"北京东高地(地铁站)","to":"北京火箭万源(地铁站)"},"geometry":{"type":"LineString","coordinates":[[116.403198,39.803677],[116.412405,39.797894]]}},{"type":"Feature","properties":{"shape_id":"{}","direction_id":"{\"0\": 50}","headsign":"{}","duration_avg":180,"n_vehicles":50,"d":1800,"route_I_counts":"{\"7\": 50}","source":135,"target":136,"layer":"L","from":"北京东高地(地铁站)","to":"北京和义(地铁站)"},"geometry":{"type":"LineString","coordinates":[[116.403198,39.803677],[116.395841,39.813438]]}},{"type":"Feature","properties":{"shape_id":"{}","direction_id":"{\"1\": 50}","headsign":"{}","duration_avg":180,"n_vehicles":50,"d":1800,"route_I_counts":"{\"7\": 50}","source":136,"target":135,"layer":"L","from":"北京和义(地铁站)","to":"北京东高地(地铁站)"},"geometry":{"type":"LineString","coordinates":[[116.395841,39.813438],[116.403198,39.803677]]}},{"type":"Feature","properties":{"shape_id":"{}","direction_id":"{\"0\": 50}","headsign":"{}","duration_avg":180,"n_vehicles":50,"d":1800,"route_I_counts":"{\"7\": 50}","source":136,"target":137,"layer":"L","from":"北京和义(地铁站)","to":"北京大红门南(地铁站)"},"geometry":{"type":"LineString","coordinates":[[116.395841,39.813438],[116.39481,39.835316]]}},{"type":"Feature","properties":{"shape_id":"{}","direction_id":"{\"1\": 50}","headsign":"{}","duration_avg":180,"n_vehicles":50,"d":1800,"route_I_counts":"{\"7\": 50}","source":137,"target":136,"layer":"L","from":"北京大红门南(地铁站)","to":"北京和义(地铁站)"},"geometry":{"type":"LineString","coordinates":[[116.39481,39.835316],[116.395841,39.813438]]}},{"type":"Feature","properties":{"shape_id":"{}","direction_id":"{\"0\": 50}","headsign":"{}","duration_avg":120,"n_vehicles":50,"d":1200,"route_I_counts":"{\"7\": 50}","source":137,"target":138,"layer":"L","from":"北京大红门南(地铁站)","to":"北京大红门(地铁站)"},"geometry":{"type":"LineString","coordinates":[[116.39481,39.835316],[116.394453,39.842887]]}},{"type":"Feature","properties":{"shape_id":"{}","direction_id":"{\"1\": 50}","headsign":"{}","duration_avg":120,"n_vehicles":50,"d":1200,"route_I_counts":"{\"7\": 50}","source":138,"target":137,"layer":"L","from":"北京大红门(地铁站)","to":"北京大红门南(地铁站)"},"geometry":{"type":"LineString","coordinates":[[116.394453,39.842887],[116.39481,39.835316]]}},{"type":"Feature","properties":{"shape_id":"{}","direction_id":"{\"0\": 50}","headsign":"{}","duration_avg":120,"n_vehicles":50,"d":1200,"route_I_counts":"{\"7\": 50}","source":138,"target":139,"layer":"L","from":"北京大红门(地铁站)","to":"北京海户屯(地铁站)"},"geometry":{"type":"LineString","coordinates":[[116.394453,39.842887],[116.394065,39.850404]]}},{"type":"Feature","properties":{"shape_id":"{}","direction_id":"{\"1\": 50}","headsign":"{}","duration_avg":120,"n_vehicles":50,"d":1200,"route_I_counts":"{\"7\": 50}","source":139,"target":138,"layer":"L","from":"北京海户屯(地铁站)","to":"北京大红门(地铁站)"},"geometry":{"type":"LineString","coordinates":[[116.394065,39.850404],[116.394453,39.842887]]}},{"type":"Feature","properties":{"shape_id":"{}","direction_id":"{\"0\": 50}","headsign":"{}","duration_avg":120,"n_vehicles":50,"d":1200,"route_I_counts":"{\"7\": 50}","source":139,"target":140,"layer":"L","from":"北京海户屯(地铁站)","to":"北京木樨园(地铁站)"},"geometry":{"type":"LineString","coordinates":[[116.394065,39.850404],[116.393602,39.857861]]}},{"type":"Feature","properties":{"shape_id":"{}","direction_id":"{\"1\": 50}","headsign":"{}","duration_avg":120,"n_vehicles":50,"d":1200,"route_I_counts":"{\"7\": 50}","source":140,"target":139,"layer":"L","from":"北京木樨园(地铁站)","to":"北京海户屯(地铁站)"},"geometry":{"type":"LineString","coordinates":[[116.393602,39.857861],[116.394065,39.850404]]}},{"type":"Feature","properties":{"shape_id":"{}","direction_id":"{\"0\": 50}","headsign":"{}","duration_avg":120,"n_vehicles":50,"d":1200,"route_I_counts":"{\"7\": 50}","source":140,"target":141,"layer":"L","from":"北京木樨园(地铁站)","to":"北京永定门外(地铁站)"},"geometry":{"type":"LineString","coordinates":[[116.393602,39.857861],[116.393135,39.864918]]}},{"type":"Feature","properties":{"shape_id":"{}","direction_id":"{\"1\": 50}","headsign":"{}","duration_avg":120,"n_vehicles":50,"d":1200,"route_I_counts":"{\"7\": 50}","source":141,"target":140,"layer":"L","from":"北京永定门外(地铁站)","to":"北京木樨园(地铁站)"},"geometry":{"type":"LineString","coordinates":[[116.393135,39.864918],[116.393602,39.857861]]}},{"type":"Feature","properties":{"shape_id":"{}","direction_id":"{\"0\": 50}","headsign":"{}","duration_avg":180,"n_vehicles":50,"d":1800,"route_I_counts":"{\"7\": 50}","source":141,"target":142,"layer":"L","from":"北京永定门外(地铁站)","to":"北京天桥(地铁站)"},"geometry":{"type":"LineString","coordinates":[[116.393135,39.864918],[116.392473,39.880517]]}},{"type":"Feature","properties":{"shape_id":"{}","direction_id":"{\"1\": 50}","headsign":"{}","duration_avg":180,"n_vehicles":50,"d":1800,"route_I_counts":"{\"7\": 50}","source":142,"target":141,"layer":"L","from":"北京天桥(地铁站)","to":"北京永定门外(地铁站)"},"geometry":{"type":"LineString","coordinates":[[116.392473,39.880517],[116.393135,39.864918]]}},{"type":"Feature","properties":{"shape_id":"{}","direction_id":"{\"0\": 50}","headsign":"{}","duration_avg":180,"n_vehicles":50,"d":1800,"route_I_counts":"{\"7\": 50}","source":142,"target":110,"layer":"L","from":"北京天桥(地铁站)","to":"北京珠市口(地铁站)"},"geometry":{"type":"LineString","coordinates":[[116.392473,39.880517],[116.392131,39.889931]]}},{"type":"Feature","properties":{"shape_id":"{}","direction_id":"{\"1\": 50}","headsign":"{}","duration_avg":180,"n_vehicles":50,"d":1800,"route_I_counts":"{\"7\": 50}","source":110,"target":142,"layer":"L","from":"北京珠市口(地铁站)","to":"北京天桥(地铁站)"},"geometry":{"type":"LineString","coordinates":[[116.392131,39.889931],[116.392473,39.880517]]}},{"type":"Feature","properties":{"shape_id":"{}","direction_id":"{\"0\": 50}","headsign":"{}","duration_avg":120,"n_vehicles":50,"d":1200,"route_I_counts":"{\"7\": 50}","source":110,"target":46,"layer":"L","from":"北京珠市口(地铁站)","to":"北京前门(地铁站)"},"geometry":{"type":"LineString","coordinates":[[116.392131,39.889931],[116.391695,39.898789]]}},{"type":"Feature","properties":{"shape_id":"{}","direction_id":"{\"1\": 50}","headsign":"{}","duration_avg":120,"n_vehicles":50,"d":1200,"route_I_counts":"{\"7\": 50}","source":46,"target":110,"layer":"L","from":"北京前门(地铁站)","to":"北京珠市口(地铁站)"},"geometry":{"type":"LineString","coordinates":[[116.391695,39.898789],[116.392131,39.889931]]}},{"type":"Feature","properties":{"shape_id":"{}","direction_id":"{\"0\": 50}","headsign":"{}","duration_avg":240,"n_vehicles":50,"d":2400,"route_I_counts":"{\"7\": 50}","source":46,"target":20,"layer":"L","from":"北京前门(地铁站)","to":"北京王府井(地铁站)"},"geometry":{"type":"LineString","coordinates":[[116.391695,39.898789],[116.405331,39.906667]]}},{"type":"Feature","properties":{"shape_id":"{}","direction_id":"{\"1\": 50}","headsign":"{}","duration_avg":240,"n_vehicles":50,"d":2400,"route_I_counts":"{\"7\": 50}","source":20,"target":46,"layer":"L","from":"北京王府井(地铁站)","to":"北京前门(地铁站)"},"geometry":{"type":"LineString","coordinates":[[116.405331,39.906667],[116.391695,39.898789]]}},{"type":"Feature","properties":{"shape_id":"{}","direction_id":"{\"0\": 50}","headsign":"{}","duration_avg":120,"n_vehicles":50,"d":1200,"route_I_counts":"{\"7\": 50}","source":20,"target":143,"layer":"L","from":"北京王府井(地铁站)","to":"北京金鱼胡同(地铁站)"},"geometry":{"type":"LineString","coordinates":[[116.405331,39.906667],[116.404945,39.914969]]}},{"type":"Feature","properties":{"shape_id":"{}","direction_id":"{\"1\": 50}","headsign":"{}","duration_avg":120,"n_vehicles":50,"d":1200,"route_I_counts":"{\"7\": 50}","source":143,"target":20,"layer":"L","from":"北京金鱼胡同(地铁站)","to":"北京王府井(地铁站)"},"geometry":{"type":"LineString","coordinates":[[116.404945,39.914969],[116.405331,39.906667]]}},{"type":"Feature","properties":{"shape_id":"{}","direction_id":"{\"0\": 50}","headsign":"{}","duration_avg":120,"n_vehicles":50,"d":1200,"route_I_counts":"{\"7\": 50}","source":143,"target":144,"layer":"L","from":"北京金鱼胡同(地铁站)","to":"北京中国美术馆(地铁站)"},"geometry":{"type":"LineString","coordinates":[[116.404945,39.914969],[116.404555,39.922755]]}},{"type":"Feature","properties":{"shape_id":"{}","direction_id":"{\"1\": 50}","headsign":"{}","duration_avg":120,"n_vehicles":50,"d":1200,"route_I_counts":"{\"7\": 50}","source":144,"target":143,"layer":"L","from":"北京中国美术馆(地铁站)","to":"北京金鱼胡同(地铁站)"},"geometry":{"type":"LineString","coordinates":[[116.404555,39.922755],[116.404945,39.914969]]}},{"type":"Feature","properties":{"shape_id":"{}","direction_id":"{\"0\": 50}","headsign":"{}","duration_avg":180,"n_vehicles":50,"d":1800,"route_I_counts":"{\"7\": 50}","source":144,"target":145,"layer":"L","from":"北京中国美术馆(地铁站)","to":"北京南锣鼓巷(地铁站)"},"geometry":{"type":"LineString","coordinates":[[116.404555,39.922755],[116.397945,39.932443]]}},{"type":"Feature","properties":{"shape_id":"{}","direction_id":"{\"1\": 50}","headsign":"{}","duration_avg":180,"n_vehicles":50,"d":1800,"route_I_counts":"{\"7\": 50}","source":145,"target":144,"layer":"L","from":"北京南锣鼓巷(地铁站)","to":"北京中国美术馆(地铁站)"},"geometry":{"type":"LineString","coordinates":[[116.397945,39.932443],[116.404555,39.922755]]}},{"type":"Feature","properties":{"shape_id":"{}","direction_id":"{\"0\": 50}","headsign":"{}","duration_avg":120,"n_vehicles":50,"d":1200,"route_I_counts":"{\"7\": 50}","source":145,"target":146,"layer":"L","from":"北京南锣鼓巷(地铁站)","to":"北京什刹海(地铁站)"},"geometry":{"type":"LineString","coordinates":[[116.397945,39.932443],[116.389971,39.936178]]}},{"type":"Feature","properties":{"shape_id":"{}","direction_id":"{\"1\": 50}","headsign":"{}","duration_avg":120,"n_vehicles":50,"d":1200,"route_I_counts":"{\"7\": 50}","source":146,"target":145,"layer":"L","from":"北京什刹海(地铁站)","to":"北京南锣鼓巷(地铁站)"},"geometry":{"type":"LineString","coordinates":[[116.389971,39.936178],[116.397945,39.932443]]}},{"type":"Feature","properties":{"shape_id":"{}","direction_id":"{\"0\": 50}","headsign":"{}","duration_avg":120,"n_vehicles":50,"d":1200,"route_I_counts":"{\"7\": 50}","source":146,"target":38,"layer":"L","from":"北京什刹海(地铁站)","to":"北京鼓楼大街(地铁站)"},"geometry":{"type":"LineString","coordinates":[[116.389971,39.936178],[116.387529,39.947568]]}},{"type":"Feature","properties":{"shape_id":"{}","direction_id":"{\"1\": 50}","headsign":"{}","duration_avg":120,"n_vehicles":50,"d":1200,"route_I_counts":"{\"7\": 50}","source":38,"target":146,"layer":"L","from":"北京鼓楼大街(地铁站)","to":"北京什刹海(地铁站)"},"geometry":{"type":"LineString","coordinates":[[116.387529,39.947568],[116.389971,39.936178]]}},{"type":"Feature","properties":{"shape_id":"{}","direction_id":"{\"0\": 50}","headsign":"{}","duration_avg":120,"n_vehicles":50,"d":1200,"route_I_counts":"{\"7\": 50}","source":38,"target":147,"layer":"L","from":"北京鼓楼大街(地铁站)","to":"北京安德里北街(地铁站)"},"geometry":{"type":"LineString","coordinates":[[116.387529,39.947568],[116.388895,39.955823]]}},{"type":"Feature","properties":{"shape_id":"{}","direction_id":"{\"1\": 50}","headsign":"{}","duration_avg":120,"n_vehicles":50,"d":1200,"route_I_counts":"{\"7\": 50}","source":147,"target":38,"layer":"L","from":"北京安德里北街(地铁站)","to":"北京鼓楼大街(地铁站)"},"geometry":{"type":"LineString","coordinates":[[116.388895,39.955823],[116.387529,39.947568]]}},{"type":"Feature","properties":{"shape_id":"{}","direction_id":"{\"0\": 50}","headsign":"{}","duration_avg":180,"n_vehicles":50,"d":1800,"route_I_counts":"{\"7\": 50}","source":147,"target":148,"layer":"L","from":"北京安德里北街(地铁站)","to":"北京安华桥(地铁站)"},"geometry":{"type":"LineString","coordinates":[[116.388895,39.955823],[116.387908,39.967248]]}},{"type":"Feature","properties":{"shape_id":"{}","direction_id":"{\"1\": 50}","headsign":"{}","duration_avg":180,"n_vehicles":50,"d":1800,"route_I_counts":"{\"7\": 50}","source":148,"target":147,"layer":"L","from":"北京安华桥(地铁站)","to":"北京安德里北街(地铁站)"},"geometry":{"type":"LineString","coordinates":[[116.387908,39.967248],[116.388895,39.955823]]}},{"type":"Feature","properties":{"shape_id":"{}","direction_id":"{\"0\": 50}","headsign":"{}","duration_avg":120,"n_vehicles":50,"d":1200,"route_I_counts":"{\"7\": 50}","source":148,"target":149,"layer":"L","from":"北京安华桥(地铁站)","to":"北京北土城(地铁站)"},"geometry":{"type":"LineString","coordinates":[[116.387908,39.967248],[116.387942,39.976196]]}},{"type":"Feature","properties":{"shape_id":"{}","direction_id":"{\"1\": 50}","headsign":"{}","duration_avg":120,"n_vehicles":50,"d":1200,"route_I_counts":"{\"7\": 50}","source":149,"target":148,"layer":"L","from":"北京北土城(地铁站)","to":"北京安华桥(地铁站)"},"geometry":{"type":"LineString","coordinates":[[116.387942,39.976196],[116.387908,39.967248]]}},{"type":"Feature","properties":{"shape_id":"{}","direction_id":"{\"0\": 50}","headsign":"{}","duration_avg":120,"n_vehicles":50,"d":1200,"route_I_counts":"{\"7\": 50}","source":149,"target":150,"layer":"L","from":"北京北土城(地铁站)","to":"北京奥体中心(地铁站)"},"geometry":{"type":"LineString","coordinates":[[116.387942,39.976196],[116.387506,39.984432]]}},{"type":"Feature","properties":{"shape_id":"{}","direction_id":"{\"1\": 50}","headsign":"{}","duration_avg":120,"n_vehicles":50,"d":1200,"route_I_counts":"{\"7\": 50}","source":150,"target":149,"layer":"L","from":"北京奥体中心(地铁站)","to":"北京北土城(地铁站)"},"geometry":{"type":"LineString","coordinates":[[116.387506,39.984432],[116.387942,39.976196]]}},{"type":"Feature","properties":{"shape_id":"{}","direction_id":"{\"0\": 50}","headsign":"{}","duration_avg":120,"n_vehicles":50,"d":1200,"route_I_counts":"{\"7\": 50}","source":150,"target":151,"layer":"L","from":"北京奥体中心(地铁站)","to":"北京奥林匹克公园(地铁站)"},"geometry":{"type":"LineString","coordinates":[[116.387506,39.984432],[116.386821,39.999338]]}},{"type":"Feature","properties":{"shape_id":"{}","direction_id":"{\"1\": 50}","headsign":"{}","duration_avg":120,"n_vehicles":50,"d":1200,"route_I_counts":"{\"7\": 50}","source":151,"target":150,"layer":"L","from":"北京奥林匹克公园(地铁站)","to":"北京奥体中心(地铁站)"},"geometry":{"type":"LineString","coordinates":[[116.386821,39.999338],[116.387506,39.984432]]}},{"type":"Feature","properties":{"shape_id":"{}","direction_id":"{\"0\": 50}","headsign":"{}","duration_avg":180,"n_vehicles":50,"d":1800,"route_I_counts":"{\"7\": 50}","source":151,"target":152,"layer":"L","from":"北京奥林匹克公园(地铁站)","to":"北京森林公园南门(地铁站)"},"geometry":{"type":"LineString","coordinates":[[116.386821,39.999338],[116.386345,40.008717]]}},{"type":"Feature","properties":{"shape_id":"{}","direction_id":"{\"1\": 50}","headsign":"{}","duration_avg":180,"n_vehicles":50,"d":1800,"route_I_counts":"{\"7\": 50}","source":152,"target":151,"layer":"L","from":"北京森林公园南门(地铁站)","to":"北京奥林匹克公园(地铁站)"},"geometry":{"type":"LineString","coordinates":[[116.386345,40.008717],[116.386821,39.999338]]}},{"type":"Feature","properties":{"shape_id":"{}","direction_id":"{\"0\": 50}","headsign":"{}","duration_avg":180,"n_vehicles":50,"d":1800,"route_I_counts":"{\"7\": 50}","source":152,"target":153,"layer":"L","from":"北京森林公园南门(地铁站)","to":"北京林萃桥(地铁站)"},"geometry":{"type":"LineString","coordinates":[[116.386345,40.008717],[116.36676,40.020515]]}},{"type":"Feature","properties":{"shape_id":"{}","direction_id":"{\"1\": 50}","headsign":"{}","duration_avg":180,"n_vehicles":50,"d":1800,"route_I_counts":"{\"7\": 50}","source":153,"target":152,"layer":"L","from":"北京林萃桥(地铁站)","to":"北京森林公园南门(地铁站)"},"geometry":{"type":"LineString","coordinates":[[116.36676,40.020515],[116.386345,40.008717]]}},{"type":"Feature","properties":{"shape_id":"{}","direction_id":"{\"0\": 50}","headsign":"{}","duration_avg":120,"n_vehicles":50,"d":1200,"route_I_counts":"{\"7\": 50}","source":153,"target":154,"layer":"L","from":"北京林萃桥(地铁站)","to":"北京永泰庄(地铁站)"},"geometry":{"type":"LineString","coordinates":[[116.36676,40.020515],[116.348372,40.036363]]}},{"type":"Feature","properties":{"shape_id":"{}","direction_id":"{\"1\": 50}","headsign":"{}","duration_avg":120,"n_vehicles":50,"d":1200,"route_I_counts":"{\"7\": 50}","source":154,"target":153,"layer":"L","from":"北京永泰庄(地铁站)","to":"北京林萃桥(地铁站)"},"geometry":{"type":"LineString","coordinates":[[116.348372,40.036363],[116.36676,40.020515]]}},{"type":"Feature","properties":{"shape_id":"{}","direction_id":"{\"0\": 50}","headsign":"{}","duration_avg":120,"n_vehicles":50,"d":1200,"route_I_counts":"{\"7\": 50}","source":154,"target":155,"layer":"L","from":"北京永泰庄(地铁站)","to":"北京西小口(地铁站)"},"geometry":{"type":"LineString","coordinates":[[116.348372,40.036363],[116.345439,40.045512]]}},{"type":"Feature","properties":{"shape_id":"{}","direction_id":"{\"1\": 50}","headsign":"{}","duration_avg":120,"n_vehicles":50,"d":1200,"route_I_counts":"{\"7\": 50}","source":155,"target":154,"layer":"L","from":"北京西小口(地铁站)","to":"北京永泰庄(地铁站)"},"geometry":{"type":"LineString","coordinates":[[116.345439,40.045512],[116.348372,40.036363]]}},{"type":"Feature","properties":{"shape_id":"{}","direction_id":"{\"0\": 50}","headsign":"{}","duration_avg":180,"n_vehicles":50,"d":1800,"route_I_counts":"{\"7\": 50}","source":155,"target":156,"layer":"L","from":"北京西小口(地铁站)","to":"北京育新(地铁站)"},"geometry":{"type":"LineString","coordinates":[[116.345439,40.045512],[116.340963,40.05892]]}},{"type":"Feature","properties":{"shape_id":"{}","direction_id":"{\"1\": 50}","headsign":"{}","duration_avg":180,"n_vehicles":50,"d":1800,"route_I_counts":"{\"7\": 50}","source":156,"target":155,"layer":"L","from":"北京育新(地铁站)","to":"北京西小口(地铁站)"},"geometry":{"type":"LineString","coordinates":[[116.340963,40.05892],[116.345439,40.045512]]}},{"type":"Feature","properties":{"shape_id":"{}","direction_id":"{\"0\": 50}","headsign":"{}","duration_avg":180,"n_vehicles":50,"d":1800,"route_I_counts":"{\"7\": 50}","source":156,"target":157,"layer":"L","from":"北京育新(地铁站)","to":"北京霍营(地铁站)"},"geometry":{"type":"LineString","coordinates":[[116.340963,40.05892],[116.354062,40.07048]]}},{"type":"Feature","properties":{"shape_id":"{}","direction_id":"{\"1\": 50}","headsign":"{}","duration_avg":180,"n_vehicles":50,"d":1800,"route_I_counts":"{\"7\": 50}","source":157,"target":156,"layer":"L","from":"北京霍营(地铁站)","to":"北京育新(地铁站)"},"geometry":{"type":"LineString","coordinates":[[116.354062,40.07048],[116.340963,40.05892]]}},{"type":"Feature","properties":{"shape_id":"{}","direction_id":"{\"0\": 50}","headsign":"{}","duration_avg":120,"n_vehicles":50,"d":1200,"route_I_counts":"{\"7\": 50}","source":157,"target":158,"layer":"L","from":"北京霍营(地铁站)","to":"北京回龙观东大街(地铁站)"},"geometry":{"type":"LineString","coordinates":[[116.354062,40.07048],[116.356794,40.079794]]}},{"type":"Feature","properties":{"shape_id":"{}","direction_id":"{\"1\": 50}","headsign":"{}","duration_avg":120,"n_vehicles":50,"d":1200,"route_I_counts":"{\"7\": 50}","source":158,"target":157,"layer":"L","from":"北京回龙观东大街(地铁站)","to":"北京霍营(地铁站)"},"geometry":{"type":"LineString","coordinates":[[116.356794,40.079794],[116.354062,40.07048]]}},{"type":"Feature","properties":{"shape_id":"{}","direction_id":"{\"0\": 50}","headsign":"{}","duration_avg":180,"n_vehicles":50,"d":1800,"route_I_counts":"{\"7\": 50}","source":158,"target":159,"layer":"L","from":"北京回龙观东大街(地铁站)","to":"北京平西府(地铁站)"},"geometry":{"type":"LineString","coordinates":[[116.356794,40.079794],[116.344208,40.088763]]}},{"type":"Feature","properties":{"shape_id":"{}","direction_id":"{\"1\": 50}","headsign":"{}","duration_avg":180,"n_vehicles":50,"d":1800,"route_I_counts":"{\"7\": 50}","source":159,"target":158,"layer":"L","from":"北京平西府(地铁站)","to":"北京回龙观东大街(地铁站)"},"geometry":{"type":"LineString","coordinates":[[116.344208,40.088763],[116.356794,40.079794]]}},{"type":"Feature","properties":{"shape_id":"{}","direction_id":"{\"0\": 50}","headsign":"{}","duration_avg":180,"n_vehicles":50,"d":1800,"route_I_counts":"{\"7\": 50}","source":159,"target":160,"layer":"L","from":"北京平西府(地铁站)","to":"北京育知路(地铁站)"},"geometry":{"type":"LineString","coordinates":[[116.344208,40.088763],[116.320838,40.086546]]}},{"type":"Feature","properties":{"shape_id":"{}","direction_id":"{\"1\": 50}","headsign":"{}","duration_avg":180,"n_vehicles":50,"d":1800,"route_I_counts":"{\"7\": 50}","source":160,"target":159,"layer":"L","from":"北京育知路(地铁站)","to":"北京平西府(地铁站)"},"geometry":{"type":"LineString","coordinates":[[116.320838,40.086546],[116.344208,40.088763]]}},{"type":"Feature","properties":{"shape_id":"{}","direction_id":"{\"0\": 50}","headsign":"{}","duration_avg":180,"n_vehicles":50,"d":1800,"route_I_counts":"{\"7\": 50}","source":160,"target":161,"layer":"L","from":"北京育知路(地铁站)","to":"北京朱辛庄(地铁站)"},"geometry":{"type":"LineString","coordinates":[[116.320838,40.086546],[116.307571,40.103003]]}},{"type":"Feature","properties":{"shape_id":"{}","direction_id":"{\"1\": 50}","headsign":"{}","duration_avg":180,"n_vehicles":50,"d":1800,"route_I_counts":"{\"7\": 50}","source":161,"target":160,"layer":"L","from":"北京朱辛庄(地铁站)","to":"北京育知路(地铁站)"},"geometry":{"type":"LineString","coordinates":[[116.307571,40.103003],[116.320838,40.086546]]}},{"type":"Feature","properties":{"shape_id":"{}","direction_id":"{\"0\": 50}","headsign":"{}","duration_avg":120,"n_vehicles":50,"d":1200,"route_I_counts":"{\"8\": 50}","source":162,"target":163,"layer":"L","from":"北京郭公庄(地铁站)","to":"北京丰台科技园(地铁站)"},"geometry":{"type":"LineString","coordinates":[[116.295823,39.813064],[116.291118,39.823981]]}},{"type":"Feature","properties":{"shape_id":"{}","direction_id":"{\"1\": 50}","headsign":"{}","duration_avg":120,"n_vehicles":50,"d":1200,"route_I_counts":"{\"8\": 50}","source":163,"target":162,"layer":"L","from":"北京丰台科技园(地铁站)","to":"北京郭公庄(地铁站)"},"geometry":{"type":"LineString","coordinates":[[116.291118,39.823981],[116.295823,39.813064]]}},{"type":"Feature","properties":{"shape_id":"{}","direction_id":"{\"0\": 50}","headsign":"{}","duration_avg":120,"n_vehicles":50,"d":1200,"route_I_counts":"{\"8\": 50}","source":163,"target":164,"layer":"L","from":"北京丰台科技园(地铁站)","to":"北京科怡路(地铁站)"},"geometry":{"type":"LineString","coordinates":[[116.291118,39.823981],[116.291371,39.831228]]}},{"type":"Feature","properties":{"shape_id":"{}","direction_id":"{\"1\": 50}","headsign":"{}","duration_avg":120,"n_vehicles":50,"d":1200,"route_I_counts":"{\"8\": 50}","source":164,"target":163,"layer":"L","from":"北京科怡路(地铁站)","to":"北京丰台科技园(地铁站)"},"geometry":{"type":"LineString","coordinates":[[116.291371,39.831228],[116.291118,39.823981]]}},{"type":"Feature","properties":{"shape_id":"{}","direction_id":"{\"0\": 50}","headsign":"{}","duration_avg":120,"n_vehicles":50,"d":1200,"route_I_counts":"{\"8\": 50}","source":164,"target":165,"layer":"L","from":"北京科怡路(地铁站)","to":"北京丰台南路(地铁站)"},"geometry":{"type":"LineString","coordinates":[[116.291371,39.831228],[116.290536,39.8395]]}},{"type":"Feature","properties":{"shape_id":"{}","direction_id":"{\"1\": 50}","headsign":"{}","duration_avg":120,"n_vehicles":50,"d":1200,"route_I_counts":"{\"8\": 50}","source":165,"target":164,"layer":"L","from":"北京丰台南路(地铁站)","to":"北京科怡路(地铁站)"},"geometry":{"type":"LineString","coordinates":[[116.290536,39.8395],[116.291371,39.831228]]}},{"type":"Feature","properties":{"shape_id":"{}","direction_id":"{\"0\": 50}","headsign":"{}","duration_avg":180,"n_vehicles":50,"d":1800,"route_I_counts":"{\"8\": 50}","source":165,"target":166,"layer":"L","from":"北京丰台南路(地铁站)","to":"北京丰台东大街(地铁站)"},"geometry":{"type":"LineString","coordinates":[[116.290536,39.8395],[116.287801,39.853862]]}},{"type":"Feature","properties":{"shape_id":"{}","direction_id":"{\"1\": 50}","headsign":"{}","duration_avg":180,"n_vehicles":50,"d":1800,"route_I_counts":"{\"8\": 50}","source":166,"target":165,"layer":"L","from":"北京丰台东大街(地铁站)","to":"北京丰台南路(地铁站)"},"geometry":{"type":"LineString","coordinates":[[116.287801,39.853862],[116.290536,39.8395]]}},{"type":"Feature","properties":{"shape_id":"{}","direction_id":"{\"0\": 50}","headsign":"{}","duration_avg":120,"n_vehicles":50,"d":1200,"route_I_counts":"{\"8\": 50}","source":166,"target":167,"layer":"L","from":"北京丰台东大街(地铁站)","to":"北京七里庄(地铁站)"},"geometry":{"type":"LineString","coordinates":[[116.287801,39.853862],[116.288235,39.865732]]}},{"type":"Feature","properties":{"shape_id":"{}","direction_id":"{\"1\": 50}","headsign":"{}","duration_avg":120,"n_vehicles":50,"d":1200,"route_I_counts":"{\"8\": 50}","source":167,"target":166,"layer":"L","from":"北京七里庄(地铁站)","to":"北京丰台东大街(地铁站)"},"geometry":{"type":"LineString","coordinates":[[116.288235,39.865732],[116.287801,39.853862]]}},{"type":"Feature","properties":{"shape_id":"{}","direction_id":"{\"0\": 50}","headsign":"{}","duration_avg":180,"n_vehicles":50,"d":1800,"route_I_counts":"{\"8\": 50}","source":167,"target":168,"layer":"L","from":"北京七里庄(地铁站)","to":"北京六里桥(地铁站)"},"geometry":{"type":"LineString","coordinates":[[116.288235,39.865732],[116.296733,39.878976]]}},{"type":"Feature","properties":{"shape_id":"{}","direction_id":"{\"1\": 50}","headsign":"{}","duration_avg":180,"n_vehicles":50,"d":1800,"route_I_counts":"{\"8\": 50}","source":168,"target":167,"layer":"L","from":"北京六里桥(地铁站)","to":"北京七里庄(地铁站)"},"geometry":{"type":"LineString","coordinates":[[116.296733,39.878976],[116.288235,39.865732]]}},{"type":"Feature","properties":{"shape_id":"{}","direction_id":"{\"0\": 50}","headsign":"{}","duration_avg":180,"n_vehicles":50,"d":1800,"route_I_counts":"{\"8\": 50}","source":168,"target":169,"layer":"L","from":"北京六里桥(地铁站)","to":"北京六里桥东(地铁站)"},"geometry":{"type":"LineString","coordinates":[[116.296733,39.878976],[116.308921,39.885839]]}},{"type":"Feature","properties":{"shape_id":"{}","direction_id":"{\"1\": 50}","headsign":"{}","duration_avg":180,"n_vehicles":50,"d":1800,"route_I_counts":"{\"8\": 50}","source":169,"target":168,"layer":"L","from":"北京六里桥东(地铁站)","to":"北京六里桥(地铁站)"},"geometry":{"type":"LineString","coordinates":[[116.308921,39.885839],[116.296733,39.878976]]}},{"type":"Feature","properties":{"shape_id":"{}","direction_id":"{\"0\": 50}","headsign":"{}","duration_avg":240,"n_vehicles":50,"d":2400,"route_I_counts":"{\"8\": 50}","source":169,"target":105,"layer":"L","from":"北京六里桥东(地铁站)","to":"北京北京西站(地铁站)"},"geometry":{"type":"LineString","coordinates":[[116.308921,39.885839],[116.315101,39.893409]]}},{"type":"Feature","properties":{"shape_id":"{}","direction_id":"{\"1\": 50}","headsign":"{}","duration_avg":240,"n_vehicles":50,"d":2400,"route_I_counts":"{\"8\": 50}","source":105,"target":169,"layer":"L","from":"北京北京西站(地铁站)","to":"北京六里桥东(地铁站)"},"geometry":{"type":"LineString","coordinates":[[116.315101,39.893409],[116.308921,39.885839]]}},{"type":"Feature","properties":{"shape_id":"{}","direction_id":"{\"0\": 50}","headsign":"{}","duration_avg":180,"n_vehicles":50,"d":1800,"route_I_counts":"{\"8\": 50}","source":105,"target":27,"layer":"L","from":"北京北京西站(地铁站)","to":"北京军事博物馆(地铁站)"},"geometry":{"type":"LineString","coordinates":[[116.315101,39.893409],[116.317262,39.906119]]}},{"type":"Feature","properties":{"shape_id":"{}","direction_id":"{\"1\": 50}","headsign":"{}","duration_avg":180,"n_vehicles":50,"d":1800,"route_I_counts":"{\"8\": 50}","source":27,"target":105,"layer":"L","from":"北京军事博物馆(地铁站)","to":"北京北京西站(地铁站)"},"geometry":{"type":"LineString","coordinates":[[116.317262,39.906119],[116.315101,39.893409]]}},{"type":"Feature","properties":{"shape_id":"{}","direction_id":"{\"0\": 50}","headsign":"{}","duration_avg":180,"n_vehicles":50,"d":1800,"route_I_counts":"{\"8\": 50}","source":27,"target":170,"layer":"L","from":"北京军事博物馆(地铁站)","to":"北京白堆子(地铁站)"},"geometry":{"type":"LineString","coordinates":[[116.317262,39.906119],[116.319631,39.922511]]}},{"type":"Feature","properties":{"shape_id":"{}","direction_id":"{\"1\": 50}","headsign":"{}","duration_avg":180,"n_vehicles":50,"d":1800,"route_I_counts":"{\"8\": 50}","source":170,"target":27,"layer":"L","from":"北京白堆子(地铁站)","to":"北京军事博物馆(地铁站)"},"geometry":{"type":"LineString","coordinates":[[116.319631,39.922511],[116.317262,39.906119]]}},{"type":"Feature","properties":{"shape_id":"{}","direction_id":"{\"0\": 50}","headsign":"{}","duration_avg":120,"n_vehicles":50,"d":1200,"route_I_counts":"{\"8\": 50}","source":170,"target":171,"layer":"L","from":"北京白堆子(地铁站)","to":"北京白石桥南(地铁站)"},"geometry":{"type":"LineString","coordinates":[[116.319631,39.922511],[116.319419,39.931762]]}},{"type":"Feature","properties":{"shape_id":"{}","direction_id":"{\"1\": 50}","headsign":"{}","duration_avg":120,"n_vehicles":50,"d":1200,"route_I_counts":"{\"8\": 50}","source":171,"target":170,"layer":"L","from":"北京白石桥南(地铁站)","to":"北京白堆子(地铁站)"},"geometry":{"type":"LineString","coordinates":[[116.319419,39.931762],[116.319631,39.922511]]}},{"type":"Feature","properties":{"shape_id":"{}","direction_id":"{\"0\": 50}","headsign":"{}","duration_avg":120,"n_vehicles":50,"d":1200,"route_I_counts":"{\"8\": 50}","source":171,"target":62,"layer":"L","from":"北京白石桥南(地铁站)","to":"北京国家图书馆(地铁站)"},"geometry":{"type":"LineString","coordinates":[[116.319419,39.931762],[116.319009,39.941867]]}},{"type":"Feature","properties":{"shape_id":"{}","direction_id":"{\"1\": 50}","headsign":"{}","duration_avg":120,"n_vehicles":50,"d":1200,"route_I_counts":"{\"8\": 50}","source":62,"target":171,"layer":"L","from":"北京国家图书馆(地铁站)","to":"北京白石桥南(地铁站)"},"geometry":{"type":"LineString","coordinates":[[116.319009,39.941867],[116.319419,39.931762]]}},{"type":"Feature","properties":{"shape_id":"{}","direction_id":"{\"0\": 50}","headsign":"{}","duration_avg":120,"n_vehicles":50,"d":1200,"route_I_counts":"{\"9\": 50, \"10\": 50}","source":172,"target":173,"layer":"L","from":"北京巴沟(地铁站)","to":"北京苏州街(地铁站)"},"geometry":{"type":"LineString","coordinates":[[116.287287,39.973162],[116.300237,39.974367]]}},{"type":"Feature","properties":{"shape_id":"{}","direction_id":"{\"1\": 50}","headsign":"{}","duration_avg":120,"n_vehicles":50,"d":1200,"route_I_counts":"{\"9\": 50, \"10\": 50}","source":173,"target":172,"layer":"L","from":"北京苏州街(地铁站)","to":"北京巴沟(地铁站)"},"geometry":{"type":"LineString","coordinates":[[116.300237,39.974367],[116.287287,39.973162]]}},{"type":"Feature","properties":{"shape_id":"{}","direction_id":"{\"0\": 50}","headsign":"{}","duration_avg":120,"n_vehicles":50,"d":1200,"route_I_counts":"{\"9\": 50, \"10\": 50}","source":173,"target":59,"layer":"L","from":"北京苏州街(地铁站)","to":"北京海淀黄庄(地铁站)"},"geometry":{"type":"LineString","coordinates":[[116.300237,39.974367],[116.311446,39.974702]]}},{"type":"Feature","properties":{"shape_id":"{}","direction_id":"{\"1\": 50}","headsign":"{}","duration_avg":120,"n_vehicles":50,"d":1200,"route_I_counts":"{\"9\": 50, \"10\": 50}","source":59,"target":173,"layer":"L","from":"北京海淀黄庄(地铁站)","to":"北京苏州街(地铁站)"},"geometry":{"type":"LineString","coordinates":[[116.311446,39.974702],[116.300237,39.974367]]}},{"type":"Feature","properties":{"shape_id":"{}","direction_id":"{\"0\": 50}","headsign":"{}","duration_avg":120,"n_vehicles":50,"d":1200,"route_I_counts":"{\"9\": 50, \"10\": 50}","source":59,"target":174,"layer":"L","from":"北京海淀黄庄(地铁站)","to":"北京知春里(地铁站)"},"geometry":{"type":"LineString","coordinates":[[116.311446,39.974702],[116.322714,39.975021]]}},{"type":"Feature","properties":{"shape_id":"{}","direction_id":"{\"1\": 50}","headsign":"{}","duration_avg":120,"n_vehicles":50,"d":1200,"route_I_counts":"{\"9\": 50, \"10\": 50}","source":174,"target":59,"layer":"L","from":"北京知春里(地铁站)","to":"北京海淀黄庄(地铁站)"},"geometry":{"type":"LineString","coordinates":[[116.322714,39.975021],[116.311446,39.974702]]}},{"type":"Feature","properties":{"shape_id":"{}","direction_id":"{\"0\": 50}","headsign":"{}","duration_avg":120,"n_vehicles":50,"d":1200,"route_I_counts":"{\"9\": 50, \"10\": 50}","source":174,"target":175,"layer":"L","from":"北京知春里(地铁站)","to":"北京知春路(地铁站)"},"geometry":{"type":"LineString","coordinates":[[116.322714,39.975021],[116.335199,39.975134]]}},{"type":"Feature","properties":{"shape_id":"{}","direction_id":"{\"1\": 50}","headsign":"{}","duration_avg":120,"n_vehicles":50,"d":1200,"route_I_counts":"{\"9\": 50, \"10\": 50}","source":175,"target":174,"layer":"L","from":"北京知春路(地铁站)","to":"北京知春里(地铁站)"},"geometry":{"type":"LineString","coordinates":[[116.335199,39.975134],[116.322714,39.975021]]}},{"type":"Feature","properties":{"shape_id":"{}","direction_id":"{\"0\": 50}","headsign":"{}","duration_avg":120,"n_vehicles":50,"d":1200,"route_I_counts":"{\"9\": 50, \"10\": 50}","source":175,"target":176,"layer":"L","from":"北京知春路(地铁站)","to":"北京西土城(地铁站)"},"geometry":{"type":"LineString","coordinates":[[116.335199,39.975134],[116.348113,39.975011]]}},{"type":"Feature","properties":{"shape_id":"{}","direction_id":"{\"1\": 50}","headsign":"{}","duration_avg":120,"n_vehicles":50,"d":1200,"route_I_counts":"{\"9\": 50, \"10\": 50}","source":176,"target":175,"layer":"L","from":"北京西土城(地铁站)","to":"北京知春路(地铁站)"},"geometry":{"type":"LineString","coordinates":[[116.348113,39.975011],[116.335199,39.975134]]}},{"type":"Feature","properties":{"shape_id":"{}","direction_id":"{\"0\": 50}","headsign":"{}","duration_avg":120,"n_vehicles":50,"d":1200,"route_I_counts":"{\"9\": 50, \"10\": 50}","source":176,"target":177,"layer":"L","from":"北京西土城(地铁站)","to":"北京牡丹园(地铁站)"},"geometry":{"type":"LineString","coordinates":[[116.348113,39.975011],[116.363391,39.975003]]}},{"type":"Feature","properties":{"shape_id":"{}","direction_id":"{\"1\": 50}","headsign":"{}","duration_avg":120,"n_vehicles":50,"d":1200,"route_I_counts":"{\"9\": 50, \"10\": 50}","source":177,"target":176,"layer":"L","from":"北京牡丹园(地铁站)","to":"北京西土城(地铁站)"},"geometry":{"type":"LineString","coordinates":[[116.363391,39.975003],[116.348113,39.975011]]}},{"type":"Feature","properties":{"shape_id":"{}","direction_id":"{\"0\": 50}","headsign":"{}","duration_avg":120,"n_vehicles":50,"d":1200,"route_I_counts":"{\"9\": 50, \"10\": 50}","source":177,"target":178,"layer":"L","from":"北京牡丹园(地铁站)","to":"北京健德门(地铁站)"},"geometry":{"type":"LineString","coordinates":[[116.363391,39.975003],[116.375114,39.975148]]}},{"type":"Feature","properties":{"shape_id":"{}","direction_id":"{\"1\": 50}","headsign":"{}","duration_avg":120,"n_vehicles":50,"d":1200,"route_I_counts":"{\"9\": 50, \"10\": 50}","source":178,"target":177,"layer":"L","from":"北京健德门(地铁站)","to":"北京牡丹园(地铁站)"},"geometry":{"type":"LineString","coordinates":[[116.375114,39.975148],[116.363391,39.975003]]}},{"type":"Feature","properties":{"shape_id":"{}","direction_id":"{\"0\": 50}","headsign":"{}","duration_avg":120,"n_vehicles":50,"d":1200,"route_I_counts":"{\"9\": 50, \"10\": 50}","source":178,"target":149,"layer":"L","from":"北京健德门(地铁站)","to":"北京北土城(地铁站)"},"geometry":{"type":"LineString","coordinates":[[116.375114,39.975148],[116.387942,39.976196]]}},{"type":"Feature","properties":{"shape_id":"{}","direction_id":"{\"1\": 50}","headsign":"{}","duration_avg":120,"n_vehicles":50,"d":1200,"route_I_counts":"{\"9\": 50, \"10\": 50}","source":149,"target":178,"layer":"L","from":"北京北土城(地铁站)","to":"北京健德门(地铁站)"},"geometry":{"type":"LineString","coordinates":[[116.387942,39.976196],[116.375114,39.975148]]}},{"type":"Feature","properties":{"shape_id":"{}","direction_id":"{\"0\": 50}","headsign":"{}","duration_avg":180,"n_vehicles":50,"d":1800,"route_I_counts":"{\"9\": 50, \"10\": 50}","source":149,"target":179,"layer":"L","from":"北京北土城(地铁站)","to":"北京安贞门(地铁站)"},"geometry":{"type":"LineString","coordinates":[[116.387942,39.976196],[116.399702,39.975598]]}},{"type":"Feature","properties":{"shape_id":"{}","direction_id":"{\"1\": 50}","headsign":"{}","duration_avg":180,"n_vehicles":50,"d":1800,"route_I_counts":"{\"9\": 50, \"10\": 50}","source":179,"target":149,"layer":"L","from":"北京安贞门(地铁站)","to":"北京北土城(地铁站)"},"geometry":{"type":"LineString","coordinates":[[116.399702,39.975598],[116.387942,39.976196]]}},{"type":"Feature","properties":{"shape_id":"{}","direction_id":"{\"0\": 50}","headsign":"{}","duration_avg":120,"n_vehicles":50,"d":1200,"route_I_counts":"{\"9\": 50, \"10\": 50}","source":179,"target":93,"layer":"L","from":"北京安贞门(地铁站)","to":"北京惠新西街南口(地铁站)"},"geometry":{"type":"LineString","coordinates":[[116.399702,39.975598],[116.411293,39.975719]]}},{"type":"Feature","properties":{"shape_id":"{}","direction_id":"{\"1\": 50}","headsign":"{}","duration_avg":120,"n_vehicles":50,"d":1200,"route_I_counts":"{\"9\": 50, \"10\": 50}","source":93,"target":179,"layer":"L","from":"北京惠新西街南口(地铁站)","to":"北京安贞门(地铁站)"},"geometry":{"type":"LineString","coordinates":[[116.411293,39.975719],[116.399702,39.975598]]}},{"type":"Feature","properties":{"shape_id":"{}","direction_id":"{\"0\": 50}","headsign":"{}","duration_avg":180,"n_vehicles":50,"d":1800,"route_I_counts":"{\"9\": 50, \"10\": 50}","source":93,"target":180,"layer":"L","from":"北京惠新西街南口(地铁站)","to":"北京芍药居(地铁站)"},"geometry":{"type":"LineString","coordinates":[[116.411293,39.975719],[116.431301,39.975711]]}},{"type":"Feature","properties":{"shape_id":"{}","direction_id":"{\"1\": 50}","headsign":"{}","duration_avg":180,"n_vehicles":50,"d":1800,"route_I_counts":"{\"9\": 50, \"10\": 50}","source":180,"target":93,"layer":"L","from":"北京芍药居(地铁站)","to":"北京惠新西街南口(地铁站)"},"geometry":{"type":"LineString","coordinates":[[116.431301,39.975711],[116.411293,39.975719]]}},{"type":"Feature","properties":{"shape_id":"{}","direction_id":"{\"0\": 50}","headsign":"{}","duration_avg":120,"n_vehicles":50,"d":1200,"route_I_counts":"{\"9\": 50, \"10\": 50}","source":180,"target":181,"layer":"L","from":"北京芍药居(地铁站)","to":"北京太阳宫(地铁站)"},"geometry":{"type":"LineString","coordinates":[[116.431301,39.975711],[116.441277,39.971315]]}},{"type":"Feature","properties":{"shape_id":"{}","direction_id":"{\"1\": 50}","headsign":"{}","duration_avg":120,"n_vehicles":50,"d":1200,"route_I_counts":"{\"9\": 50, \"10\": 50}","source":181,"target":180,"layer":"L","from":"北京太阳宫(地铁站)","to":"北京芍药居(地铁站)"},"geometry":{"type":"LineString","coordinates":[[116.441277,39.971315],[116.431301,39.975711]]}},{"type":"Feature","properties":{"shape_id":"{}","direction_id":"{\"0\": 50}","headsign":"{}","duration_avg":180,"n_vehicles":50,"d":1800,"route_I_counts":"{\"9\": 50, \"10\": 50}","source":181,"target":182,"layer":"L","from":"北京太阳宫(地铁站)","to":"北京三元桥(地铁站)"},"geometry":{"type":"LineString","coordinates":[[116.441277,39.971315],[116.450988,39.959405]]}},{"type":"Feature","properties":{"shape_id":"{}","direction_id":"{\"1\": 50}","headsign":"{}","duration_avg":180,"n_vehicles":50,"d":1800,"route_I_counts":"{\"9\": 50, \"10\": 50}","source":182,"target":181,"layer":"L","from":"北京三元桥(地铁站)","to":"北京太阳宫(地铁站)"},"geometry":{"type":"LineString","coordinates":[[116.450988,39.959405],[116.441277,39.971315]]}},{"type":"Feature","properties":{"shape_id":"{}","direction_id":"{\"0\": 50}","headsign":"{}","duration_avg":120,"n_vehicles":50,"d":1200,"route_I_counts":"{\"9\": 50, \"10\": 50}","source":182,"target":183,"layer":"L","from":"北京三元桥(地铁站)","to":"北京亮马桥(地铁站)"},"geometry":{"type":"LineString","coordinates":[[116.450988,39.959405],[116.456008,39.948053]]}},{"type":"Feature","properties":{"shape_id":"{}","direction_id":"{\"1\": 50}","headsign":"{}","duration_avg":120,"n_vehicles":50,"d":1200,"route_I_counts":"{\"9\": 50, \"10\": 50}","source":183,"target":182,"layer":"L","from":"北京亮马桥(地铁站)","to":"北京三元桥(地铁站)"},"geometry":{"type":"LineString","coordinates":[[116.456008,39.948053],[116.450988,39.959405]]}},{"type":"Feature","properties":{"shape_id":"{}","direction_id":"{\"0\": 50}","headsign":"{}","duration_avg":120,"n_vehicles":50,"d":1200,"route_I_counts":"{\"9\": 50, \"10\": 50}","source":183,"target":184,"layer":"L","from":"北京亮马桥(地铁站)","to":"北京农业展览馆(地铁站)"},"geometry":{"type":"LineString","coordinates":[[116.456008,39.948053],[116.456379,39.939934]]}},{"type":"Feature","properties":{"shape_id":"{}","direction_id":"{\"1\": 50}","headsign":"{}","duration_avg":120,"n_vehicles":50,"d":1200,"route_I_counts":"{\"9\": 50, \"10\": 50}","source":184,"target":183,"layer":"L","from":"北京农业展览馆(地铁站)","to":"北京亮马桥(地铁站)"},"geometry":{"type":"LineString","coordinates":[[116.456379,39.939934],[116.456008,39.948053]]}},{"type":"Feature","properties":{"shape_id":"{}","direction_id":"{\"0\": 50}","headsign":"{}","duration_avg":120,"n_vehicles":50,"d":1200,"route_I_counts":"{\"9\": 50, \"10\": 50}","source":184,"target":185,"layer":"L","from":"北京农业展览馆(地铁站)","to":"北京团结湖(地铁站)"},"geometry":{"type":"LineString","coordinates":[[116.456379,39.939934],[116.455659,39.932418]]}},{"type":"Feature","properties":{"shape_id":"{}","direction_id":"{\"1\": 50}","headsign":"{}","duration_avg":120,"n_vehicles":50,"d":1200,"route_I_counts":"{\"9\": 50, \"10\": 50}","source":185,"target":184,"layer":"L","from":"北京团结湖(地铁站)","to":"北京农业展览馆(地铁站)"},"geometry":{"type":"LineString","coordinates":[[116.455659,39.932418],[116.456379,39.939934]]}},{"type":"Feature","properties":{"shape_id":"{}","direction_id":"{\"0\": 50}","headsign":"{}","duration_avg":120,"n_vehicles":50,"d":1200,"route_I_counts":"{\"9\": 50, \"10\": 50}","source":185,"target":186,"layer":"L","from":"北京团结湖(地铁站)","to":"北京呼家楼(地铁站)"},"geometry":{"type":"LineString","coordinates":[[116.455659,39.932418],[116.455455,39.921987]]}},{"type":"Feature","properties":{"shape_id":"{}","direction_id":"{\"1\": 50}","headsign":"{}","duration_avg":120,"n_vehicles":50,"d":1200,"route_I_counts":"{\"9\": 50, \"10\": 50}","source":186,"target":185,"layer":"L","from":"北京呼家楼(地铁站)","to":"北京团结湖(地铁站)"},"geometry":{"type":"LineString","coordinates":[[116.455455,39.921987],[116.455659,39.932418]]}},{"type":"Feature","properties":{"shape_id":"{}","direction_id":"{\"0\": 50}","headsign":"{}","duration_avg":120,"n_vehicles":50,"d":1200,"route_I_counts":"{\"9\": 50, \"10\": 50}","source":186,"target":187,"layer":"L","from":"北京呼家楼(地铁站)","to":"北京金台夕照(地铁站)"},"geometry":{"type":"LineString","coordinates":[[116.455455,39.921987],[116.455557,39.915457]]}},{"type":"Feature","properties":{"shape_id":"{}","direction_id":"{\"1\": 50}","headsign":"{}","duration_avg":120,"n_vehicles":50,"d":1200,"route_I_counts":"{\"9\": 50, \"10\": 50}","source":187,"target":186,"layer":"L","from":"北京金台夕照(地铁站)","to":"北京呼家楼(地铁站)"},"geometry":{"type":"LineString","coordinates":[[116.455557,39.915457],[116.455455,39.921987]]}},{"type":"Feature","properties":{"shape_id":"{}","direction_id":"{\"0\": 50}","headsign":"{}","duration_avg":120,"n_vehicles":50,"d":1200,"route_I_counts":"{\"9\": 50, \"10\": 50}","source":187,"target":16,"layer":"L","from":"北京金台夕照(地铁站)","to":"北京国贸(地铁站)"},"geometry":{"type":"LineString","coordinates":[[116.455557,39.915457],[116.453557,39.907089]]}},{"type":"Feature","properties":{"shape_id":"{}","direction_id":"{\"1\": 50}","headsign":"{}","duration_avg":120,"n_vehicles":50,"d":1200,"route_I_counts":"{\"9\": 50, \"10\": 50}","source":16,"target":187,"layer":"L","from":"北京国贸(地铁站)","to":"北京金台夕照(地铁站)"},"geometry":{"type":"LineString","coordinates":[[116.453557,39.907089],[116.455557,39.915457]]}},{"type":"Feature","properties":{"shape_id":"{}","direction_id":"{\"0\": 50}","headsign":"{}","duration_avg":180,"n_vehicles":50,"d":1800,"route_I_counts":"{\"9\": 50, \"10\": 50}","source":16,"target":114,"layer":"L","from":"北京国贸(地铁站)","to":"北京双井(地铁站)"},"geometry":{"type":"LineString","coordinates":[[116.453557,39.907089],[116.457602,39.892029]]}},{"type":"Feature","properties":{"shape_id":"{}","direction_id":"{\"1\": 50}","headsign":"{}","duration_avg":180,"n_vehicles":50,"d":1800,"route_I_counts":"{\"9\": 50, \"10\": 50}","source":114,"target":16,"layer":"L","from":"北京双井(地铁站)","to":"北京国贸(地铁站)"},"geometry":{"type":"LineString","coordinates":[[116.457602,39.892029],[116.453557,39.907089]]}},{"type":"Feature","properties":{"shape_id":"{}","direction_id":"{\"0\": 50}","headsign":"{}","duration_avg":120,"n_vehicles":50,"d":1200,"route_I_counts":"{\"9\": 50, \"10\": 50}","source":114,"target":188,"layer":"L","from":"北京双井(地铁站)","to":"北京劲松(地铁站)"},"geometry":{"type":"LineString","coordinates":[[116.457602,39.892029],[116.45528,39.88314]]}},{"type":"Feature","properties":{"shape_id":"{}","direction_id":"{\"1\": 50}","headsign":"{}","duration_avg":120,"n_vehicles":50,"d":1200,"route_I_counts":"{\"9\": 50, \"10\": 50}","source":188,"target":114,"layer":"L","from":"北京劲松(地铁站)","to":"北京双井(地铁站)"},"geometry":{"type":"LineString","coordinates":[[116.45528,39.88314],[116.457602,39.892029]]}},{"type":"Feature","properties":{"shape_id":"{}","direction_id":"{\"0\": 50}","headsign":"{}","duration_avg":120,"n_vehicles":50,"d":1200,"route_I_counts":"{\"9\": 50, \"10\": 50}","source":188,"target":189,"layer":"L","from":"北京劲松(地铁站)","to":"北京潘家园(地铁站)"},"geometry":{"type":"LineString","coordinates":[[116.45528,39.88314],[116.454785,39.874058]]}},{"type":"Feature","properties":{"shape_id":"{}","direction_id":"{\"1\": 50}","headsign":"{}","duration_avg":120,"n_vehicles":50,"d":1200,"route_I_counts":"{\"9\": 50, \"10\": 50}","source":189,"target":188,"layer":"L","from":"北京潘家园(地铁站)","to":"北京劲松(地铁站)"},"geometry":{"type":"LineString","coordinates":[[116.454785,39.874058],[116.45528,39.88314]]}},{"type":"Feature","properties":{"shape_id":"{}","direction_id":"{\"0\": 50}","headsign":"{}","duration_avg":120,"n_vehicles":50,"d":1200,"route_I_counts":"{\"9\": 50, \"10\": 50}","source":189,"target":190,"layer":"L","from":"北京潘家园(地铁站)","to":"北京十里河(地铁站)"},"geometry":{"type":"LineString","coordinates":[[116.454785,39.874058],[116.452782,39.864286]]}},{"type":"Feature","properties":{"shape_id":"{}","direction_id":"{\"1\": 50}","headsign":"{}","duration_avg":120,"n_vehicles":50,"d":1200,"route_I_counts":"{\"9\": 50, \"10\": 50}","source":190,"target":189,"layer":"L","from":"北京十里河(地铁站)","to":"北京潘家园(地铁站)"},"geometry":{"type":"LineString","coordinates":[[116.452782,39.864286],[116.454785,39.874058]]}},{"type":"Feature","properties":{"shape_id":"{}","direction_id":"{\"0\": 50}","headsign":"{}","duration_avg":120,"n_vehicles":50,"d":1200,"route_I_counts":"{\"9\": 50, \"10\": 50}","source":190,"target":191,"layer":"L","from":"北京十里河(地铁站)","to":"北京分钟寺(地铁站)"},"geometry":{"type":"LineString","coordinates":[[116.452782,39.864286],[116.447816,39.850884]]}},{"type":"Feature","properties":{"shape_id":"{}","direction_id":"{\"1\": 50}","headsign":"{}","duration_avg":120,"n_vehicles":50,"d":1200,"route_I_counts":"{\"9\": 50, \"10\": 50}","source":191,"target":190,"layer":"L","from":"北京分钟寺(地铁站)","to":"北京十里河(地铁站)"},"geometry":{"type":"LineString","coordinates":[[116.447816,39.850884],[116.452782,39.864286]]}},{"type":"Feature","properties":{"shape_id":"{}","direction_id":"{\"0\": 50}","headsign":"{}","duration_avg":120,"n_vehicles":50,"d":1200,"route_I_counts":"{\"9\": 50, \"10\": 50}","source":191,"target":192,"layer":"L","from":"北京分钟寺(地铁站)","to":"北京成寿寺(地铁站)"},"geometry":{"type":"LineString","coordinates":[[116.447816,39.850884],[116.441459,39.844519]]}},{"type":"Feature","properties":{"shape_id":"{}","direction_id":"{\"1\": 50}","headsign":"{}","duration_avg":120,"n_vehicles":50,"d":1200,"route_I_counts":"{\"9\": 50, \"10\": 50}","source":192,"target":191,"layer":"L","from":"北京成寿寺(地铁站)","to":"北京分钟寺(地铁站)"},"geometry":{"type":"LineString","coordinates":[[116.441459,39.844519],[116.447816,39.850884]]}},{"type":"Feature","properties":{"shape_id":"{}","direction_id":"{\"0\": 50}","headsign":"{}","duration_avg":180,"n_vehicles":50,"d":1800,"route_I_counts":"{\"9\": 50, \"10\": 50}","source":192,"target":104,"layer":"L","from":"北京成寿寺(地铁站)","to":"北京宋家庄(地铁站)"},"geometry":{"type":"LineString","coordinates":[[116.441459,39.844519],[116.422154,39.844464]]}},{"type":"Feature","properties":{"shape_id":"{}","direction_id":"{\"1\": 50}","headsign":"{}","duration_avg":180,"n_vehicles":50,"d":1800,"route_I_counts":"{\"9\": 50, \"10\": 50}","source":104,"target":192,"layer":"L","from":"北京宋家庄(地铁站)","to":"北京成寿寺(地铁站)"},"geometry":{"type":"LineString","coordinates":[[116.422154,39.844464],[116.441459,39.844519]]}},{"type":"Feature","properties":{"shape_id":"{}","direction_id":"{\"0\": 50}","headsign":"{}","duration_avg":120,"n_vehicles":50,"d":1200,"route_I_counts":"{\"9\": 50, \"10\": 50}","source":104,"target":193,"layer":"L","from":"北京宋家庄(地铁站)","to":"北京石榴庄(地铁站)"},"geometry":{"type":"LineString","coordinates":[[116.422154,39.844464],[116.407872,39.844507]]}},{"type":"Feature","properties":{"shape_id":"{}","direction_id":"{\"1\": 50}","headsign":"{}","duration_avg":120,"n_vehicles":50,"d":1200,"route_I_counts":"{\"9\": 50, \"10\": 50}","source":193,"target":104,"layer":"L","from":"北京石榴庄(地铁站)","to":"北京宋家庄(地铁站)"},"geometry":{"type":"LineString","coordinates":[[116.407872,39.844507],[116.422154,39.844464]]}},{"type":"Feature","properties":{"shape_id":"{}","direction_id":"{\"0\": 50}","headsign":"{}","duration_avg":120,"n_vehicles":50,"d":1200,"route_I_counts":"{\"9\": 50, \"10\": 50}","source":193,"target":138,"layer":"L","from":"北京石榴庄(地铁站)","to":"北京大红门(地铁站)"},"geometry":{"type":"LineString","coordinates":[[116.407872,39.844507],[116.394453,39.842887]]}},{"type":"Feature","properties":{"shape_id":"{}","direction_id":"{\"1\": 50}","headsign":"{}","duration_avg":120,"n_vehicles":50,"d":1200,"route_I_counts":"{\"9\": 50, \"10\": 50}","source":138,"target":193,"layer":"L","from":"北京大红门(地铁站)","to":"北京石榴庄(地铁站)"},"geometry":{"type":"LineString","coordinates":[[116.394453,39.842887],[116.407872,39.844507]]}},{"type":"Feature","properties":{"shape_id":"{}","direction_id":"{\"0\": 50}","headsign":"{}","duration_avg":180,"n_vehicles":50,"d":1800,"route_I_counts":"{\"9\": 50, \"10\": 50}","source":138,"target":194,"layer":"L","from":"北京大红门(地铁站)","to":"北京角门东(地铁站)"},"geometry":{"type":"LineString","coordinates":[[116.394453,39.842887],[116.37942,39.843741]]}},{"type":"Feature","properties":{"shape_id":"{}","direction_id":"{\"1\": 50}","headsign":"{}","duration_avg":180,"n_vehicles":50,"d":1800,"route_I_counts":"{\"9\": 50, \"10\": 50}","source":194,"target":138,"layer":"L","from":"北京角门东(地铁站)","to":"北京大红门(地铁站)"},"geometry":{"type":"LineString","coordinates":[[116.37942,39.843741],[116.394453,39.842887]]}},{"type":"Feature","properties":{"shape_id":"{}","direction_id":"{\"0\": 50}","headsign":"{}","duration_avg":120,"n_vehicles":50,"d":1200,"route_I_counts":"{\"9\": 50, \"10\": 50}","source":194,"target":72,"layer":"L","from":"北京角门东(地铁站)","to":"北京角门西(地铁站)"},"geometry":{"type":"LineString","coordinates":[[116.37942,39.843741],[116.364941,39.844469]]}},{"type":"Feature","properties":{"shape_id":"{}","direction_id":"{\"1\": 50}","headsign":"{}","duration_avg":120,"n_vehicles":50,"d":1200,"route_I_counts":"{\"9\": 50, \"10\": 50}","source":72,"target":194,"layer":"L","from":"北京角门西(地铁站)","to":"北京角门东(地铁站)"},"geometry":{"type":"LineString","coordinates":[[116.364941,39.844469],[116.37942,39.843741]]}},{"type":"Feature","properties":{"shape_id":"{}","direction_id":"{\"0\": 50}","headsign":"{}","duration_avg":180,"n_vehicles":50,"d":1800,"route_I_counts":"{\"9\": 50, \"10\": 50}","source":72,"target":195,"layer":"L","from":"北京角门西(地铁站)","to":"北京草桥(地铁站)"},"geometry":{"type":"LineString","coordinates":[[116.364941,39.844469],[116.345209,39.844517]]}},{"type":"Feature","properties":{"shape_id":"{}","direction_id":"{\"1\": 50}","headsign":"{}","duration_avg":180,"n_vehicles":50,"d":1800,"route_I_counts":"{\"9\": 50, \"10\": 50}","source":195,"target":72,"layer":"L","from":"北京草桥(地铁站)","to":"北京角门西(地铁站)"},"geometry":{"type":"LineString","coordinates":[[116.345209,39.844517],[116.364941,39.844469]]}},{"type":"Feature","properties":{"shape_id":"{}","direction_id":"{\"0\": 50}","headsign":"{}","duration_avg":120,"n_vehicles":50,"d":1200,"route_I_counts":"{\"9\": 50, \"10\": 50}","source":195,"target":196,"layer":"L","from":"北京草桥(地铁站)","to":"北京纪家庙(地铁站)"},"geometry":{"type":"LineString","coordinates":[[116.345209,39.844517],[116.327242,39.843115]]}},{"type":"Feature","properties":{"shape_id":"{}","direction_id":"{\"1\": 50}","headsign":"{}","duration_avg":120,"n_vehicles":50,"d":1200,"route_I_counts":"{\"9\": 50, \"10\": 50}","source":196,"target":195,"layer":"L","from":"北京纪家庙(地铁站)","to":"北京草桥(地铁站)"},"geometry":{"type":"LineString","coordinates":[[116.327242,39.843115],[116.345209,39.844517]]}},{"type":"Feature","properties":{"shape_id":"{}","direction_id":"{\"0\": 50}","headsign":"{}","duration_avg":120,"n_vehicles":50,"d":1200,"route_I_counts":"{\"9\": 50, \"10\": 50}","source":196,"target":197,"layer":"L","from":"北京纪家庙(地铁站)","to":"北京首经贸(地铁站)"},"geometry":{"type":"LineString","coordinates":[[116.327242,39.843115],[116.314093,39.84317]]}},{"type":"Feature","properties":{"shape_id":"{}","direction_id":"{\"1\": 50}","headsign":"{}","duration_avg":120,"n_vehicles":50,"d":1200,"route_I_counts":"{\"9\": 50, \"10\": 50}","source":197,"target":196,"layer":"L","from":"北京首经贸(地铁站)","to":"北京纪家庙(地铁站)"},"geometry":{"type":"LineString","coordinates":[[116.314093,39.84317],[116.327242,39.843115]]}},{"type":"Feature","properties":{"shape_id":"{}","direction_id":"{\"0\": 50}","headsign":"{}","duration_avg":240,"n_vehicles":50,"d":2400,"route_I_counts":"{\"9\": 50, \"10\": 50}","source":197,"target":198,"layer":"L","from":"北京首经贸(地铁站)","to":"北京丰台站(地铁站)"},"geometry":{"type":"LineString","coordinates":[[116.314093,39.84317],[116.298426,39.848984]]}},{"type":"Feature","properties":{"shape_id":"{}","direction_id":"{\"1\": 50}","headsign":"{}","duration_avg":240,"n_vehicles":50,"d":2400,"route_I_counts":"{\"9\": 50, \"10\": 50}","source":198,"target":197,"layer":"L","from":"北京丰台站(地铁站)","to":"北京首经贸(地铁站)"},"geometry":{"type":"LineString","coordinates":[[116.298426,39.848984],[116.314093,39.84317]]}},{"type":"Feature","properties":{"shape_id":"{}","direction_id":"{\"0\": 50}","headsign":"{}","duration_avg":120,"n_vehicles":50,"d":1200,"route_I_counts":"{\"9\": 50, \"10\": 50}","source":198,"target":199,"layer":"L","from":"北京丰台站(地铁站)","to":"北京泥洼(地铁站)"},"geometry":{"type":"LineString","coordinates":[[116.298426,39.848984],[116.298097,39.857343]]}},{"type":"Feature","properties":{"shape_id":"{}","direction_id":"{\"1\": 50}","headsign":"{}","duration_avg":120,"n_vehicles":50,"d":1200,"route_I_counts":"{\"9\": 50, \"10\": 50}","source":199,"target":198,"layer":"L","from":"北京泥洼(地铁站)","to":"北京丰台站(地铁站)"},"geometry":{"type":"LineString","coordinates":[[116.298097,39.857343],[116.298426,39.848984]]}},{"type":"Feature","properties":{"shape_id":"{}","direction_id":"{\"0\": 50}","headsign":"{}","duration_avg":120,"n_vehicles":50,"d":1200,"route_I_counts":"{\"9\": 50, \"10\": 50}","source":199,"target":200,"layer":"L","from":"北京泥洼(地铁站)","to":"北京西局(地铁站)"},"geometry":{"type":"LineString","coordinates":[[116.298097,39.857343],[116.297741,39.864612]]}},{"type":"Feature","properties":{"shape_id":"{}","direction_id":"{\"1\": 50}","headsign":"{}","duration_avg":120,"n_vehicles":50,"d":1200,"route_I_counts":"{\"9\": 50, \"10\": 50}","source":200,"target":199,"layer":"L","from":"北京西局(地铁站)","to":"北京泥洼(地铁站)"},"geometry":{"type":"LineString","coordinates":[[116.297741,39.864612],[116.298097,39.857343]]}},{"type":"Feature","properties":{"shape_id":"{}","direction_id":"{\"0\": 50}","headsign":"{}","duration_avg":180,"n_vehicles":50,"d":1800,"route_I_counts":"{\"9\": 50, \"10\": 50}","source":200,"target":168,"layer":"L","from":"北京西局(地铁站)","to":"北京六里桥(地铁站)"},"geometry":{"type":"LineString","coordinates":[[116.297741,39.864612],[116.296733,39.878976]]}},{"type":"Feature","properties":{"shape_id":"{}","direction_id":"{\"1\": 50}","headsign":"{}","duration_avg":180,"n_vehicles":50,"d":1800,"route_I_counts":"{\"9\": 50, \"10\": 50}","source":168,"target":200,"layer":"L","from":"北京六里桥(地铁站)","to":"北京西局(地铁站)"},"geometry":{"type":"LineString","coordinates":[[116.296733,39.878976],[116.297741,39.864612]]}},{"type":"Feature","properties":{"shape_id":"{}","direction_id":"{\"0\": 50}","headsign":"{}","duration_avg":240,"n_vehicles":50,"d":2400,"route_I_counts":"{\"9\": 50, \"10\": 50}","source":168,"target":201,"layer":"L","from":"北京六里桥(地铁站)","to":"北京莲花桥(地铁站)"},"geometry":{"type":"LineString","coordinates":[[116.296733,39.878976],[116.304253,39.89659]]}},{"type":"Feature","properties":{"shape_id":"{}","direction_id":"{\"1\": 50}","headsign":"{}","duration_avg":240,"n_vehicles":50,"d":2400,"route_I_counts":"{\"9\": 50, \"10\": 50}","source":201,"target":168,"layer":"L","from":"北京莲花桥(地铁站)","to":"北京六里桥(地铁站)"},"geometry":{"type":"LineString","coordinates":[[116.304253,39.89659],[116.296733,39.878976]]}},{"type":"Feature","properties":{"shape_id":"{}","direction_id":"{\"0\": 50}","headsign":"{}","duration_avg":120,"n_vehicles":50,"d":1200,"route_I_counts":"{\"9\": 50, \"10\": 50}","source":201,"target":28,"layer":"L","from":"北京莲花桥(地铁站)","to":"北京公主坟(地铁站)"},"geometry":{"type":"LineString","coordinates":[[116.304253,39.89659],[116.304195,39.906199]]}},{"type":"Feature","properties":{"shape_id":"{}","direction_id":"{\"1\": 50}","headsign":"{}","duration_avg":120,"n_vehicles":50,"d":1200,"route_I_counts":"{\"9\": 50, \"10\": 50}","source":28,"target":201,"layer":"L","from":"北京公主坟(地铁站)","to":"北京莲花桥(地铁站)"},"geometry":{"type":"LineString","coordinates":[[116.304195,39.906199],[116.304253,39.89659]]}},{"type":"Feature","properties":{"shape_id":"{}","direction_id":"{\"0\": 50}","headsign":"{}","duration_avg":240,"n_vehicles":50,"d":2400,"route_I_counts":"{\"9\": 50, \"10\": 50}","source":28,"target":202,"layer":"L","from":"北京公主坟(地铁站)","to":"北京西钓鱼台(地铁站)"},"geometry":{"type":"LineString","coordinates":[[116.304195,39.906199],[116.291829,39.922101]]}},{"type":"Feature","properties":{"shape_id":"{}","direction_id":"{\"1\": 50}","headsign":"{}","duration_avg":240,"n_vehicles":50,"d":2400,"route_I_counts":"{\"9\": 50, \"10\": 50}","source":202,"target":28,"layer":"L","from":"北京西钓鱼台(地铁站)","to":"北京公主坟(地铁站)"},"geometry":{"type":"LineString","coordinates":[[116.291829,39.922101],[116.304195,39.906199]]}},{"type":"Feature","properties":{"shape_id":"{}","direction_id":"{\"0\": 50}","headsign":"{}","duration_avg":120,"n_vehicles":50,"d":1200,"route_I_counts":"{\"9\": 50, \"10\": 50}","source":202,"target":203,"layer":"L","from":"北京西钓鱼台(地铁站)","to":"北京慈寿寺(地铁站)"},"geometry":{"type":"LineString","coordinates":[[116.291829,39.922101],[116.289234,39.932099]]}},{"type":"Feature","properties":{"shape_id":"{}","direction_id":"{\"1\": 50}","headsign":"{}","duration_avg":120,"n_vehicles":50,"d":1200,"route_I_counts":"{\"9\": 50, \"10\": 50}","source":203,"target":202,"layer":"L","from":"北京慈寿寺(地铁站)","to":"北京西钓鱼台(地铁站)"},"geometry":{"type":"LineString","coordinates":[[116.289234,39.932099],[116.291829,39.922101]]}},{"type":"Feature","properties":{"shape_id":"{}","direction_id":"{\"0\": 50}","headsign":"{}","duration_avg":180,"n_vehicles":50,"d":1800,"route_I_counts":"{\"9\": 50, \"10\": 50}","source":203,"target":204,"layer":"L","from":"北京慈寿寺(地铁站)","to":"北京车道沟(地铁站)"},"geometry":{"type":"LineString","coordinates":[[116.289234,39.932099],[116.28775,39.94667]]}},{"type":"Feature","properties":{"shape_id":"{}","direction_id":"{\"1\": 50}","headsign":"{}","duration_avg":180,"n_vehicles":50,"d":1800,"route_I_counts":"{\"9\": 50, \"10\": 50}","source":204,"target":203,"layer":"L","from":"北京车道沟(地铁站)","to":"北京慈寿寺(地铁站)"},"geometry":{"type":"LineString","coordinates":[[116.28775,39.94667],[116.289234,39.932099]]}},{"type":"Feature","properties":{"shape_id":"{}","direction_id":"{\"0\": 50}","headsign":"{}","duration_avg":120,"n_vehicles":50,"d":1200,"route_I_counts":"{\"9\": 50, \"10\": 50}","source":204,"target":205,"layer":"L","from":"北京车道沟(地铁站)","to":"北京长春桥(地铁站)"},"geometry":{"type":"LineString","coordinates":[[116.28775,39.94667],[116.288186,39.957274]]}},{"type":"Feature","properties":{"shape_id":"{}","direction_id":"{\"1\": 50}","headsign":"{}","duration_avg":120,"n_vehicles":50,"d":1200,"route_I_counts":"{\"9\": 50, \"10\": 50}","source":205,"target":204,"layer":"L","from":"北京长春桥(地铁站)","to":"北京车道沟(地铁站)"},"geometry":{"type":"LineString","coordinates":[[116.288186,39.957274],[116.28775,39.94667]]}},{"type":"Feature","properties":{"shape_id":"{}","direction_id":"{\"0\": 50}","headsign":"{}","duration_avg":120,"n_vehicles":50,"d":1200,"route_I_counts":"{\"9\": 50, \"10\": 50}","source":205,"target":206,"layer":"L","from":"北京长春桥(地铁站)","to":"北京火器营(地铁站)"},"geometry":{"type":"LineString","coordinates":[[116.288186,39.957274],[116.282995,39.964691]]}},{"type":"Feature","properties":{"shape_id":"{}","direction_id":"{\"1\": 50}","headsign":"{}","duration_avg":120,"n_vehicles":50,"d":1200,"route_I_counts":"{\"9\": 50, \"10\": 50}","source":206,"target":205,"layer":"L","from":"北京火器营(地铁站)","to":"北京长春桥(地铁站)"},"geometry":{"type":"LineString","coordinates":[[116.282995,39.964691],[116.288186,39.957274]]}},{"type":"Feature","properties":{"shape_id":"{}","direction_id":"{\"0\": 50}","headsign":"{}","duration_avg":120,"n_vehicles":50,"d":1200,"route_I_counts":"{\"9\": 50, \"10\": 50}","source":206,"target":172,"layer":"L","from":"北京火器营(地铁站)","to":"北京巴沟(地铁站)"},"geometry":{"type":"LineString","coordinates":[[116.282995,39.964691],[116.287287,39.973162]]}},{"type":"Feature","properties":{"shape_id":"{}","direction_id":"{\"1\": 50}","headsign":"{}","duration_avg":120,"n_vehicles":50,"d":1200,"route_I_counts":"{\"9\": 50, \"10\": 50}","source":172,"target":206,"layer":"L","from":"北京巴沟(地铁站)","to":"北京火器营(地铁站)"},"geometry":{"type":"LineString","coordinates":[[116.287287,39.973162],[116.282995,39.964691]]}},{"type":"Feature","properties":{"shape_id":"{}","direction_id":"{\"0\": 50}","headsign":"{}","duration_avg":180,"n_vehicles":50,"d":1800,"route_I_counts":"{\"11\": 50}","source":207,"target":208,"layer":"L","from":"北京模式口(地铁站)","to":"北京金安桥(地铁站)"},"geometry":{"type":"LineString","coordinates":[[116.149806,39.932151],[116.155187,39.921001]]}},{"type":"Feature","properties":{"shape_id":"{}","direction_id":"{\"1\": 50}","headsign":"{}","duration_avg":180,"n_vehicles":50,"d":1800,"route_I_counts":"{\"11\": 50}","source":208,"target":207,"layer":"L","from":"北京金安桥(地铁站)","to":"北京模式口(地铁站)"},"geometry":{"type":"LineString","coordinates":[[116.155187,39.921001],[116.149806,39.932151]]}},{"type":"Feature","properties":{"shape_id":"{}","direction_id":"{\"0\": 50}","headsign":"{}","duration_avg":180,"n_vehicles":50,"d":1800,"route_I_counts":"{\"11\": 50}","source":208,"target":209,"layer":"L","from":"北京金安桥(地铁站)","to":"北京北辛安(地铁站)"},"geometry":{"type":"LineString","coordinates":[[116.155187,39.921001],[116.15862,39.913814]]}},{"type":"Feature","properties":{"shape_id":"{}","direction_id":"{\"1\": 50}","headsign":"{}","duration_avg":180,"n_vehicles":50,"d":1800,"route_I_counts":"{\"11\": 50}","source":209,"target":208,"layer":"L","from":"北京北辛安(地铁站)","to":"北京金安桥(地铁站)"},"geometry":{"type":"LineString","coordinates":[[116.15862,39.913814],[116.155187,39.921001]]}},{"type":"Feature","properties":{"shape_id":"{}","direction_id":"{\"0\": 50}","headsign":"{}","duration_avg":180,"n_vehicles":50,"d":1800,"route_I_counts":"{\"11\": 50}","source":209,"target":210,"layer":"L","from":"北京北辛安(地铁站)","to":"北京新首钢(地铁站)"},"geometry":{"type":"LineString","coordinates":[[116.15862,39.913814],[116.158665,39.907598]]}},{"type":"Feature","properties":{"shape_id":"{}","direction_id":"{\"1\": 50}","headsign":"{}","duration_avg":180,"n_vehicles":50,"d":1800,"route_I_counts":"{\"11\": 50}","source":210,"target":209,"layer":"L","from":"北京新首钢(地铁站)","to":"北京北辛安(地铁站)"},"geometry":{"type":"LineString","coordinates":[[116.158665,39.907598],[116.15862,39.913814]]}},{"type":"Feature","properties":{"shape_id":"{}","direction_id":"{\"0\": 50}","headsign":"{}","duration_avg":120,"n_vehicles":50,"d":1200,"route_I_counts":"{\"12\": 50}","source":211,"target":212,"layer":"L","from":"北京东坝北(地铁站)","to":"北京东坝西(地铁站)"},"geometry":{"type":"LineString","coordinates":[[116.551233,39.974555],[116.52878,39.973145]]}},{"type":"Feature","properties":{"shape_id":"{}","direction_id":"{\"1\": 50}","headsign":"{}","duration_avg":120,"n_vehicles":50,"d":1200,"route_I_counts":"{\"12\": 50}","source":212,"target":211,"layer":"L","from":"北京东坝西(地铁站)","to":"北京东坝北(地铁站)"},"geometry":{"type":"LineString","coordinates":[[116.52878,39.973145],[116.551233,39.974555]]}},{"type":"Feature","properties":{"shape_id":"{}","direction_id":"{\"0\": 50}","headsign":"{}","duration_avg":240,"n_vehicles":50,"d":2400,"route_I_counts":"{\"12\": 50}","source":212,"target":213,"layer":"L","from":"北京东坝西(地铁站)","to":"北京驼房营(地铁站)"},"geometry":{"type":"LineString","coordinates":[[116.52878,39.973145],[116.499633,39.979232]]}},{"type":"Feature","properties":{"shape_id":"{}","direction_id":"{\"1\": 50}","headsign":"{}","duration_avg":240,"n_vehicles":50,"d":2400,"route_I_counts":"{\"12\": 50}","source":213,"target":212,"layer":"L","from":"北京驼房营(地铁站)","to":"北京东坝西(地铁站)"},"geometry":{"type":"LineString","coordinates":[[116.499633,39.979232],[116.52878,39.973145]]}},{"type":"Feature","properties":{"shape_id":"{}","direction_id":"{\"0\": 50}","headsign":"{}","duration_avg":120,"n_vehicles":50,"d":1200,"route_I_counts":"{\"12\": 50}","source":213,"target":214,"layer":"L","from":"北京驼房营(地铁站)","to":"北京高家园(地铁站)"},"geometry":{"type":"LineString","coordinates":[[116.499633,39.979232],[116.485504,39.979124]]}},{"type":"Feature","properties":{"shape_id":"{}","direction_id":"{\"1\": 50}","headsign":"{}","duration_avg":120,"n_vehicles":50,"d":1200,"route_I_counts":"{\"12\": 50}","source":214,"target":213,"layer":"L","from":"北京高家园(地铁站)","to":"北京驼房营(地铁站)"},"geometry":{"type":"LineString","coordinates":[[116.485504,39.979124],[116.499633,39.979232]]}},{"type":"Feature","properties":{"shape_id":"{}","direction_id":"{\"0\": 50}","headsign":"{}","duration_avg":180,"n_vehicles":50,"d":1800,"route_I_counts":"{\"12\": 50}","source":214,"target":215,"layer":"L","from":"北京高家园(地铁站)","to":"北京将台西(地铁站)"},"geometry":{"type":"LineString","coordinates":[[116.485504,39.979124],[116.473955,39.97138]]}},{"type":"Feature","properties":{"shape_id":"{}","direction_id":"{\"1\": 50}","headsign":"{}","duration_avg":180,"n_vehicles":50,"d":1800,"route_I_counts":"{\"12\": 50}","source":215,"target":214,"layer":"L","from":"北京将台西(地铁站)","to":"北京高家园(地铁站)"},"geometry":{"type":"LineString","coordinates":[[116.473955,39.97138],[116.485504,39.979124]]}},{"type":"Feature","properties":{"shape_id":"{}","direction_id":"{\"0\": 50}","headsign":"{}","duration_avg":240,"n_vehicles":50,"d":2400,"route_I_counts":"{\"12\": 50}","source":215,"target":182,"layer":"L","from":"北京将台西(地铁站)","to":"北京三元桥(地铁站)"},"geometry":{"type":"LineString","coordinates":[[116.473955,39.97138],[116.450988,39.959405]]}},{"type":"Feature","properties":{"shape_id":"{}","direction_id":"{\"1\": 50}","headsign":"{}","duration_avg":240,"n_vehicles":50,"d":2400,"route_I_counts":"{\"12\": 50}","source":182,"target":215,"layer":"L","from":"北京三元桥(地铁站)","to":"北京将台西(地铁站)"},"geometry":{"type":"LineString","coordinates":[[116.450988,39.959405],[116.473955,39.97138]]}},{"type":"Feature","properties":{"shape_id":"{}","direction_id":"{\"0\": 50}","headsign":"{}","duration_avg":180,"n_vehicles":50,"d":1800,"route_I_counts":"{\"12\": 50}","source":182,"target":216,"layer":"L","from":"北京三元桥(地铁站)","to":"北京西坝河(地铁站)"},"geometry":{"type":"LineString","coordinates":[[116.450988,39.959405],[116.436051,39.964339]]}},{"type":"Feature","properties":{"shape_id":"{}","direction_id":"{\"1\": 50}","headsign":"{}","duration_avg":180,"n_vehicles":50,"d":1800,"route_I_counts":"{\"12\": 50}","source":216,"target":182,"layer":"L","from":"北京西坝河(地铁站)","to":"北京三元桥(地铁站)"},"geometry":{"type":"LineString","coordinates":[[116.436051,39.964339],[116.450988,39.959405]]}},{"type":"Feature","properties":{"shape_id":"{}","direction_id":"{\"0\": 50}","headsign":"{}","duration_avg":120,"n_vehicles":50,"d":1200,"route_I_counts":"{\"12\": 50}","source":216,"target":217,"layer":"L","from":"北京西坝河(地铁站)","to":"北京光熙门(地铁站)"},"geometry":{"type":"LineString","coordinates":[[116.436051,39.964339],[116.423767,39.968102]]}},{"type":"Feature","properties":{"shape_id":"{}","direction_id":"{\"1\": 50}","headsign":"{}","duration_avg":120,"n_vehicles":50,"d":1200,"route_I_counts":"{\"12\": 50}","source":217,"target":216,"layer":"L","from":"北京光熙门(地铁站)","to":"北京西坝河(地铁站)"},"geometry":{"type":"LineString","coordinates":[[116.423767,39.968102],[116.436051,39.964339]]}},{"type":"Feature","properties":{"shape_id":"{}","direction_id":"{\"0\": 50}","headsign":"{}","duration_avg":180,"n_vehicles":50,"d":1800,"route_I_counts":"{\"12\": 50}","source":217,"target":94,"layer":"L","from":"北京光熙门(地铁站)","to":"北京和平西桥(地铁站)"},"geometry":{"type":"LineString","coordinates":[[116.423767,39.968102],[116.411726,39.966856]]}},{"type":"Feature","properties":{"shape_id":"{}","direction_id":"{\"1\": 50}","headsign":"{}","duration_avg":180,"n_vehicles":50,"d":1800,"route_I_counts":"{\"12\": 50}","source":94,"target":217,"layer":"L","from":"北京和平西桥(地铁站)","to":"北京光熙门(地铁站)"},"geometry":{"type":"LineString","coordinates":[[116.411726,39.966856],[116.423767,39.968102]]}},{"type":"Feature","properties":{"shape_id":"{}","direction_id":"{\"0\": 50}","headsign":"{}","duration_avg":120,"n_vehicles":50,"d":1200,"route_I_counts":"{\"12\": 50}","source":94,"target":218,"layer":"L","from":"北京和平西桥(地铁站)","to":"北京安贞桥(地铁站)"},"geometry":{"type":"LineString","coordinates":[[116.411726,39.966856],[116.400968,39.967507]]}},{"type":"Feature","properties":{"shape_id":"{}","direction_id":"{\"1\": 50}","headsign":"{}","duration_avg":120,"n_vehicles":50,"d":1200,"route_I_counts":"{\"12\": 50}","source":218,"target":94,"layer":"L","from":"北京安贞桥(地铁站)","to":"北京和平西桥(地铁站)"},"geometry":{"type":"LineString","coordinates":[[116.400968,39.967507],[116.411726,39.966856]]}},{"type":"Feature","properties":{"shape_id":"{}","direction_id":"{\"0\": 50}","headsign":"{}","duration_avg":120,"n_vehicles":50,"d":1200,"route_I_counts":"{\"12\": 50}","source":218,"target":148,"layer":"L","from":"北京安贞桥(地铁站)","to":"北京安华桥(地铁站)"},"geometry":{"type":"LineString","coordinates":[[116.400968,39.967507],[116.387908,39.967248]]}},{"type":"Feature","properties":{"shape_id":"{}","direction_id":"{\"1\": 50}","headsign":"{}","duration_avg":120,"n_vehicles":50,"d":1200,"route_I_counts":"{\"12\": 50}","source":148,"target":218,"layer":"L","from":"北京安华桥(地铁站)","to":"北京安贞桥(地铁站)"},"geometry":{"type":"LineString","coordinates":[[116.387908,39.967248],[116.400968,39.967507]]}},{"type":"Feature","properties":{"shape_id":"{}","direction_id":"{\"0\": 50}","headsign":"{}","duration_avg":180,"n_vehicles":50,"d":1800,"route_I_counts":"{\"12\": 50}","source":148,"target":219,"layer":"L","from":"北京安华桥(地铁站)","to":"北京马甸桥(地铁站)"},"geometry":{"type":"LineString","coordinates":[[116.387908,39.967248],[116.375972,39.966863]]}},{"type":"Feature","properties":{"shape_id":"{}","direction_id":"{\"1\": 50}","headsign":"{}","duration_avg":180,"n_vehicles":50,"d":1800,"route_I_counts":"{\"12\": 50}","source":219,"target":148,"layer":"L","from":"北京马甸桥(地铁站)","to":"北京安华桥(地铁站)"},"geometry":{"type":"LineString","coordinates":[[116.375972,39.966863],[116.387908,39.967248]]}},{"type":"Feature","properties":{"shape_id":"{}","direction_id":"{\"0\": 50}","headsign":"{}","duration_avg":120,"n_vehicles":50,"d":1200,"route_I_counts":"{\"12\": 50}","source":219,"target":220,"layer":"L","from":"北京马甸桥(地铁站)","to":"北京北太平庄(地铁站)"},"geometry":{"type":"LineString","coordinates":[[116.375972,39.966863],[116.363809,39.966496]]}},{"type":"Feature","properties":{"shape_id":"{}","direction_id":"{\"1\": 50}","headsign":"{}","duration_avg":120,"n_vehicles":50,"d":1200,"route_I_counts":"{\"12\": 50}","source":220,"target":219,"layer":"L","from":"北京北太平庄(地铁站)","to":"北京马甸桥(地铁站)"},"geometry":{"type":"LineString","coordinates":[[116.363809,39.966496],[116.375972,39.966863]]}},{"type":"Feature","properties":{"shape_id":"{}","direction_id":"{\"0\": 50}","headsign":"{}","duration_avg":180,"n_vehicles":50,"d":1800,"route_I_counts":"{\"12\": 50}","source":220,"target":221,"layer":"L","from":"北京北太平庄(地铁站)","to":"北京蓟门桥(地铁站)"},"geometry":{"type":"LineString","coordinates":[[116.363809,39.966496],[116.349768,39.966383]]}},{"type":"Feature","properties":{"shape_id":"{}","direction_id":"{\"1\": 50}","headsign":"{}","duration_avg":180,"n_vehicles":50,"d":1800,"route_I_counts":"{\"12\": 50}","source":221,"target":220,"layer":"L","from":"北京蓟门桥(地铁站)","to":"北京北太平庄(地铁站)"},"geometry":{"type":"LineString","coordinates":[[116.349768,39.966383],[116.363809,39.966496]]}},{"type":"Feature","properties":{"shape_id":"{}","direction_id":"{\"0\": 50}","headsign":"{}","duration_avg":120,"n_vehicles":50,"d":1200,"route_I_counts":"{\"12\": 50}","source":221,"target":222,"layer":"L","from":"北京蓟门桥(地铁站)","to":"北京大钟寺(地铁站)"},"geometry":{"type":"LineString","coordinates":[[116.349768,39.966383],[116.337007,39.966146]]}},{"type":"Feature","properties":{"shape_id":"{}","direction_id":"{\"1\": 50}","headsign":"{}","duration_avg":120,"n_vehicles":50,"d":1200,"route_I_counts":"{\"12\": 50}","source":222,"target":221,"layer":"L","from":"北京大钟寺(地铁站)","to":"北京蓟门桥(地铁站)"},"geometry":{"type":"LineString","coordinates":[[116.337007,39.966146],[116.349768,39.966383]]}},{"type":"Feature","properties":{"shape_id":"{}","direction_id":"{\"0\": 50}","headsign":"{}","duration_avg":180,"n_vehicles":50,"d":1800,"route_I_counts":"{\"12\": 50}","source":222,"target":60,"layer":"L","from":"北京大钟寺(地铁站)","to":"北京人民大学(地铁站)"},"geometry":{"type":"LineString","coordinates":[[116.337007,39.966146],[116.315244,39.965633]]}},{"type":"Feature","properties":{"shape_id":"{}","direction_id":"{\"1\": 50}","headsign":"{}","duration_avg":180,"n_vehicles":50,"d":1800,"route_I_counts":"{\"12\": 50}","source":60,"target":222,"layer":"L","from":"北京人民大学(地铁站)","to":"北京大钟寺(地铁站)"},"geometry":{"type":"LineString","coordinates":[[116.315244,39.965633],[116.337007,39.966146]]}},{"type":"Feature","properties":{"shape_id":"{}","direction_id":"{\"0\": 50}","headsign":"{}","duration_avg":180,"n_vehicles":50,"d":1800,"route_I_counts":"{\"12\": 50}","source":60,"target":223,"layer":"L","from":"北京人民大学(地铁站)","to":"北京苏州桥(地铁站)"},"geometry":{"type":"LineString","coordinates":[[116.315244,39.965633],[116.300461,39.960193]]}},{"type":"Feature","properties":{"shape_id":"{}","direction_id":"{\"1\": 50}","headsign":"{}","duration_avg":180,"n_vehicles":50,"d":1800,"route_I_counts":"{\"12\": 50}","source":223,"target":60,"layer":"L","from":"北京苏州桥(地铁站)","to":"北京人民大学(地铁站)"},"geometry":{"type":"LineString","coordinates":[[116.300461,39.960193],[116.315244,39.965633]]}},{"type":"Feature","properties":{"shape_id":"{}","direction_id":"{\"0\": 50}","headsign":"{}","duration_avg":180,"n_vehicles":50,"d":1800,"route_I_counts":"{\"12\": 50}","source":223,"target":205,"layer":"L","from":"北京苏州桥(地铁站)","to":"北京长春桥(地铁站)"},"geometry":{"type":"LineString","coordinates":[[116.300461,39.960193],[116.288186,39.957274]]}},{"type":"Feature","properties":{"shape_id":"{}","direction_id":"{\"1\": 50}","headsign":"{}","duration_avg":180,"n_vehicles":50,"d":1800,"route_I_counts":"{\"12\": 50}","source":205,"target":223,"layer":"L","from":"北京长春桥(地铁站)","to":"北京苏州桥(地铁站)"},"geometry":{"type":"LineString","coordinates":[[116.288186,39.957274],[116.300461,39.960193]]}},{"type":"Feature","properties":{"shape_id":"{}","direction_id":"{\"0\": 50}","headsign":"{}","duration_avg":180,"n_vehicles":50,"d":1800,"route_I_counts":"{\"12\": 50}","source":205,"target":224,"layer":"L","from":"北京长春桥(地铁站)","to":"北京蓝靛厂(地铁站)"},"geometry":{"type":"LineString","coordinates":[[116.288186,39.957274],[116.27654,39.955878]]}},{"type":"Feature","properties":{"shape_id":"{}","direction_id":"{\"1\": 50}","headsign":"{}","duration_avg":180,"n_vehicles":50,"d":1800,"route_I_counts":"{\"12\": 50}","source":224,"target":205,"layer":"L","from":"北京蓝靛厂(地铁站)","to":"北京长春桥(地铁站)"},"geometry":{"type":"LineString","coordinates":[[116.27654,39.955878],[116.288186,39.957274]]}},{"type":"Feature","properties":{"shape_id":"{}","direction_id":"{\"0\": 50}","headsign":"{}","duration_avg":120,"n_vehicles":50,"d":1200,"route_I_counts":"{\"12\": 50}","source":224,"target":225,"layer":"L","from":"北京蓝靛厂(地铁站)","to":"北京四季青桥(地铁站)"},"geometry":{"type":"LineString","coordinates":[[116.27654,39.955878],[116.268152,39.941186]]}},{"type":"Feature","properties":{"shape_id":"{}","direction_id":"{\"1\": 50}","headsign":"{}","duration_avg":120,"n_vehicles":50,"d":1200,"route_I_counts":"{\"12\": 50}","source":225,"target":224,"layer":"L","from":"北京四季青桥(地铁站)","to":"北京蓝靛厂(地铁站)"},"geometry":{"type":"LineString","coordinates":[[116.268152,39.941186],[116.27654,39.955878]]}},{"type":"Feature","properties":{"shape_id":"{}","direction_id":"{\"0\": 50}","headsign":"{}","duration_avg":180,"n_vehicles":50,"d":1800,"route_I_counts":"{\"13\": 50}","source":41,"target":226,"layer":"L","from":"北京东直门(地铁站)","to":"北京柳芳(地铁站)"},"geometry":{"type":"LineString","coordinates":[[116.427332,39.939705],[116.426506,39.956772]]}},{"type":"Feature","properties":{"shape_id":"{}","direction_id":"{\"1\": 50}","headsign":"{}","duration_avg":180,"n_vehicles":50,"d":1800,"route_I_counts":"{\"13\": 50}","source":226,"target":41,"layer":"L","from":"北京柳芳(地铁站)","to":"北京东直门(地铁站)"},"geometry":{"type":"LineString","coordinates":[[116.426506,39.956772],[116.427332,39.939705]]}},{"type":"Feature","properties":{"shape_id":"{}","direction_id":"{\"0\": 50}","headsign":"{}","duration_avg":120,"n_vehicles":50,"d":1200,"route_I_counts":"{\"13\": 50}","source":226,"target":217,"layer":"L","from":"北京柳芳(地铁站)","to":"北京光熙门(地铁站)"},"geometry":{"type":"LineString","coordinates":[[116.426506,39.956772],[116.423767,39.968102]]}},{"type":"Feature","properties":{"shape_id":"{}","direction_id":"{\"1\": 50}","headsign":"{}","duration_avg":120,"n_vehicles":50,"d":1200,"route_I_counts":"{\"13\": 50}","source":217,"target":226,"layer":"L","from":"北京光熙门(地铁站)","to":"北京柳芳(地铁站)"},"geometry":{"type":"LineString","coordinates":[[116.423767,39.968102],[116.426506,39.956772]]}},{"type":"Feature","properties":{"shape_id":"{}","direction_id":"{\"0\": 50}","headsign":"{}","duration_avg":120,"n_vehicles":50,"d":1200,"route_I_counts":"{\"13\": 50}","source":217,"target":180,"layer":"L","from":"北京光熙门(地铁站)","to":"北京芍药居(地铁站)"},"geometry":{"type":"LineString","coordinates":[[116.423767,39.968102],[116.431301,39.975711]]}},{"type":"Feature","properties":{"shape_id":"{}","direction_id":"{\"1\": 50}","headsign":"{}","duration_avg":120,"n_vehicles":50,"d":1200,"route_I_counts":"{\"13\": 50}","source":180,"target":217,"layer":"L","from":"北京芍药居(地铁站)","to":"北京光熙门(地铁站)"},"geometry":{"type":"LineString","coordinates":[[116.431301,39.975711],[116.423767,39.968102]]}},{"type":"Feature","properties":{"shape_id":"{}","direction_id":"{\"0\": 50}","headsign":"{}","duration_avg":180,"n_vehicles":50,"d":1800,"route_I_counts":"{\"13\": 50}","source":180,"target":227,"layer":"L","from":"北京芍药居(地铁站)","to":"北京望京西(地铁站)"},"geometry":{"type":"LineString","coordinates":[[116.431301,39.975711],[116.441165,39.993721]]}},{"type":"Feature","properties":{"shape_id":"{}","direction_id":"{\"1\": 50}","headsign":"{}","duration_avg":180,"n_vehicles":50,"d":1800,"route_I_counts":"{\"13\": 50}","source":227,"target":180,"layer":"L","from":"北京望京西(地铁站)","to":"北京芍药居(地铁站)"},"geometry":{"type":"LineString","coordinates":[[116.441165,39.993721],[116.431301,39.975711]]}},{"type":"Feature","properties":{"shape_id":"{}","direction_id":"{\"0\": 50}","headsign":"{}","duration_avg":480,"n_vehicles":50,"d":4800,"route_I_counts":"{\"13\": 50}","source":227,"target":228,"layer":"L","from":"北京望京西(地铁站)","to":"北京北苑(地铁站)"},"geometry":{"type":"LineString","coordinates":[[116.441165,39.993721],[116.428289,40.04161]]}},{"type":"Feature","properties":{"shape_id":"{}","direction_id":"{\"1\": 50}","headsign":"{}","duration_avg":480,"n_vehicles":50,"d":4800,"route_I_counts":"{\"13\": 50}","source":228,"target":227,"layer":"L","from":"北京北苑(地铁站)","to":"北京望京西(地铁站)"},"geometry":{"type":"LineString","coordinates":[[116.428289,40.04161],[116.441165,39.993721]]}},{"type":"Feature","properties":{"shape_id":"{}","direction_id":"{\"0\": 50}","headsign":"{}","duration_avg":180,"n_vehicles":50,"d":1800,"route_I_counts":"{\"13\": 50}","source":228,"target":88,"layer":"L","from":"北京北苑(地铁站)","to":"北京立水桥(地铁站)"},"geometry":{"type":"LineString","coordinates":[[116.428289,40.04161],[116.406057,40.051579]]}},{"type":"Feature","properties":{"shape_id":"{}","direction_id":"{\"1\": 50}","headsign":"{}","duration_avg":180,"n_vehicles":50,"d":1800,"route_I_counts":"{\"13\": 50}","source":88,"target":228,"layer":"L","from":"北京立水桥(地铁站)","to":"北京北苑(地铁站)"},"geometry":{"type":"LineString","coordinates":[[116.406057,40.051579],[116.428289,40.04161]]}},{"type":"Feature","properties":{"shape_id":"{}","direction_id":"{\"0\": 50}","headsign":"{}","duration_avg":300,"n_vehicles":50,"d":3000,"route_I_counts":"{\"13\": 50}","source":88,"target":157,"layer":"L","from":"北京立水桥(地铁站)","to":"北京霍营(地铁站)"},"geometry":{"type":"LineString","coordinates":[[116.406057,40.051579],[116.354062,40.07048]]}},{"type":"Feature","properties":{"shape_id":"{}","direction_id":"{\"1\": 50}","headsign":"{}","duration_avg":300,"n_vehicles":50,"d":3000,"route_I_counts":"{\"13\": 50}","source":157,"target":88,"layer":"L","from":"北京霍营(地铁站)","to":"北京立水桥(地铁站)"},"geometry":{"type":"LineString","coordinates":[[116.354062,40.07048],[116.406057,40.051579]]}},{"type":"Feature","properties":{"shape_id":"{}","direction_id":"{\"0\": 50}","headsign":"{}","duration_avg":180,"n_vehicles":50,"d":1800,"route_I_counts":"{\"13\": 50}","source":157,"target":229,"layer":"L","from":"北京霍营(地铁站)","to":"北京回龙观(地铁站)"},"geometry":{"type":"LineString","coordinates":[[116.354062,40.07048],[116.329943,40.069466]]}},{"type":"Feature","properties":{"shape_id":"{}","direction_id":"{\"1\": 50}","headsign":"{}","duration_avg":180,"n_vehicles":50,"d":1800,"route_I_counts":"{\"13\": 50}","source":229,"target":157,"layer":"L","from":"北京回龙观(地铁站)","to":"北京霍营(地铁站)"},"geometry":{"type":"LineString","coordinates":[[116.329943,40.069466],[116.354062,40.07048]]}},{"type":"Feature","properties":{"shape_id":"{}","direction_id":"{\"0\": 50}","headsign":"{}","duration_avg":180,"n_vehicles":50,"d":1800,"route_I_counts":"{\"13\": 50}","source":229,"target":230,"layer":"L","from":"北京回龙观(地铁站)","to":"北京龙泽(地铁站)"},"geometry":{"type":"LineString","coordinates":[[116.329943,40.069466],[116.313294,40.069579]]}},{"type":"Feature","properties":{"shape_id":"{}","direction_id":"{\"1\": 50}","headsign":"{}","duration_avg":180,"n_vehicles":50,"d":1800,"route_I_counts":"{\"13\": 50}","source":230,"target":229,"layer":"L","from":"北京龙泽(地铁站)","to":"北京回龙观(地铁站)"},"geometry":{"type":"LineString","coordinates":[[116.313294,40.069579],[116.329943,40.069466]]}},{"type":"Feature","properties":{"shape_id":"{}","direction_id":"{\"0\": 50}","headsign":"{}","duration_avg":300,"n_vehicles":50,"d":3000,"route_I_counts":"{\"13\": 50}","source":230,"target":231,"layer":"L","from":"北京龙泽(地铁站)","to":"北京西二旗(地铁站)"},"geometry":{"type":"LineString","coordinates":[[116.313294,40.069579],[116.300191,40.051757]]}},{"type":"Feature","properties":{"shape_id":"{}","direction_id":"{\"1\": 50}","headsign":"{}","duration_avg":300,"n_vehicles":50,"d":3000,"route_I_counts":"{\"13\": 50}","source":231,"target":230,"layer":"L","from":"北京西二旗(地铁站)","to":"北京龙泽(地铁站)"},"geometry":{"type":"LineString","coordinates":[[116.300191,40.051757],[116.313294,40.069579]]}},{"type":"Feature","properties":{"shape_id":"{}","direction_id":"{\"0\": 50}","headsign":"{}","duration_avg":180,"n_vehicles":50,"d":1800,"route_I_counts":"{\"19\": 50, \"13\": 50}","source":231,"target":232,"layer":"L","from":"北京西二旗(地铁站)","to":"北京清河站(地铁站)"},"geometry":{"type":"LineString","coordinates":[[116.300191,40.051757],[116.308677,40.039797]]}},{"type":"Feature","properties":{"shape_id":"{}","direction_id":"{\"1\": 50}","headsign":"{}","duration_avg":180,"n_vehicles":50,"d":1800,"route_I_counts":"{\"19\": 50, \"13\": 50}","source":232,"target":231,"layer":"L","from":"北京清河站(地铁站)","to":"北京西二旗(地铁站)"},"geometry":{"type":"LineString","coordinates":[[116.308677,40.039797],[116.300191,40.051757]]}},{"type":"Feature","properties":{"shape_id":"{}","direction_id":"{\"0\": 50}","headsign":"{}","duration_avg":120,"n_vehicles":50,"d":1200,"route_I_counts":"{\"13\": 50}","source":232,"target":233,"layer":"L","from":"北京清河站(地铁站)","to":"北京上地(地铁站)"},"geometry":{"type":"LineString","coordinates":[[116.308677,40.039797],[116.314061,40.031705]]}},{"type":"Feature","properties":{"shape_id":"{}","direction_id":"{\"1\": 50}","headsign":"{}","duration_avg":120,"n_vehicles":50,"d":1200,"route_I_counts":"{\"13\": 50}","source":233,"target":232,"layer":"L","from":"北京上地(地铁站)","to":"北京清河站(地铁站)"},"geometry":{"type":"LineString","coordinates":[[116.314061,40.031705],[116.308677,40.039797]]}},{"type":"Feature","properties":{"shape_id":"{}","direction_id":"{\"0\": 50}","headsign":"{}","duration_avg":120,"n_vehicles":50,"d":1200,"route_I_counts":"{\"13\": 50}","source":233,"target":234,"layer":"L","from":"北京上地(地铁站)","to":"北京五道口(地铁站)"},"geometry":{"type":"LineString","coordinates":[[116.314061,40.031705],[116.331574,39.991561]]}},{"type":"Feature","properties":{"shape_id":"{}","direction_id":"{\"1\": 50}","headsign":"{}","duration_avg":120,"n_vehicles":50,"d":1200,"route_I_counts":"{\"13\": 50}","source":234,"target":233,"layer":"L","from":"北京五道口(地铁站)","to":"北京上地(地铁站)"},"geometry":{"type":"LineString","coordinates":[[116.331574,39.991561],[116.314061,40.031705]]}},{"type":"Feature","properties":{"shape_id":"{}","direction_id":"{\"0\": 50}","headsign":"{}","duration_avg":180,"n_vehicles":50,"d":1800,"route_I_counts":"{\"13\": 50}","source":234,"target":175,"layer":"L","from":"北京五道口(地铁站)","to":"北京知春路(地铁站)"},"geometry":{"type":"LineString","coordinates":[[116.331574,39.991561],[116.335199,39.975134]]}},{"type":"Feature","properties":{"shape_id":"{}","direction_id":"{\"1\": 50}","headsign":"{}","duration_avg":180,"n_vehicles":50,"d":1800,"route_I_counts":"{\"13\": 50}","source":175,"target":234,"layer":"L","from":"北京知春路(地铁站)","to":"北京五道口(地铁站)"},"geometry":{"type":"LineString","coordinates":[[116.335199,39.975134],[116.331574,39.991561]]}},{"type":"Feature","properties":{"shape_id":"{}","direction_id":"{\"0\": 50}","headsign":"{}","duration_avg":180,"n_vehicles":50,"d":1800,"route_I_counts":"{\"13\": 50}","source":175,"target":222,"layer":"L","from":"北京知春路(地铁站)","to":"北京大钟寺(地铁站)"},"geometry":{"type":"LineString","coordinates":[[116.335199,39.975134],[116.337007,39.966146]]}},{"type":"Feature","properties":{"shape_id":"{}","direction_id":"{\"1\": 50}","headsign":"{}","duration_avg":180,"n_vehicles":50,"d":1800,"route_I_counts":"{\"13\": 50}","source":222,"target":175,"layer":"L","from":"北京大钟寺(地铁站)","to":"北京知春路(地铁站)"},"geometry":{"type":"LineString","coordinates":[[116.337007,39.966146],[116.335199,39.975134]]}},{"type":"Feature","properties":{"shape_id":"{}","direction_id":"{\"0\": 50}","headsign":"{}","duration_avg":240,"n_vehicles":50,"d":2400,"route_I_counts":"{\"13\": 50}","source":222,"target":52,"layer":"L","from":"北京大钟寺(地铁站)","to":"北京西直门(地铁站)"},"geometry":{"type":"LineString","coordinates":[[116.337007,39.966146],[116.349229,39.939111]]}},{"type":"Feature","properties":{"shape_id":"{}","direction_id":"{\"1\": 50}","headsign":"{}","duration_avg":240,"n_vehicles":50,"d":2400,"route_I_counts":"{\"13\": 50}","source":52,"target":222,"layer":"L","from":"北京西直门(地铁站)","to":"北京大钟寺(地铁站)"},"geometry":{"type":"LineString","coordinates":[[116.349229,39.939111],[116.337007,39.966146]]}},{"type":"Feature","properties":{"shape_id":"{}","direction_id":"{\"0\": 50}","headsign":"{}","duration_avg":120,"n_vehicles":50,"d":1200,"route_I_counts":"{\"14\": 50}","source":235,"target":236,"layer":"L","from":"北京善各庄(地铁站)","to":"北京来广营(地铁站)"},"geometry":{"type":"LineString","coordinates":[[116.472092,40.025869],[116.460857,40.019109]]}},{"type":"Feature","properties":{"shape_id":"{}","direction_id":"{\"1\": 50}","headsign":"{}","duration_avg":120,"n_vehicles":50,"d":1200,"route_I_counts":"{\"14\": 50}","source":236,"target":235,"layer":"L","from":"北京来广营(地铁站)","to":"北京善各庄(地铁站)"},"geometry":{"type":"LineString","coordinates":[[116.460857,40.019109],[116.472092,40.025869]]}},{"type":"Feature","properties":{"shape_id":"{}","direction_id":"{\"0\": 50}","headsign":"{}","duration_avg":120,"n_vehicles":50,"d":1200,"route_I_counts":"{\"14\": 50}","source":236,"target":237,"layer":"L","from":"北京来广营(地铁站)","to":"北京东湖渠(地铁站)"},"geometry":{"type":"LineString","coordinates":[[116.460857,40.019109],[116.461277,40.009248]]}},{"type":"Feature","properties":{"shape_id":"{}","direction_id":"{\"1\": 50}","headsign":"{}","duration_avg":120,"n_vehicles":50,"d":1200,"route_I_counts":"{\"14\": 50}","source":237,"target":236,"layer":"L","from":"北京东湖渠(地铁站)","to":"北京来广营(地铁站)"},"geometry":{"type":"LineString","coordinates":[[116.461277,40.009248],[116.460857,40.019109]]}},{"type":"Feature","properties":{"shape_id":"{}","direction_id":"{\"0\": 50}","headsign":"{}","duration_avg":120,"n_vehicles":50,"d":1200,"route_I_counts":"{\"14\": 50}","source":237,"target":238,"layer":"L","from":"北京东湖渠(地铁站)","to":"北京望京(地铁站)"},"geometry":{"type":"LineString","coordinates":[[116.461277,40.009248],[116.462078,39.99756]]}},{"type":"Feature","properties":{"shape_id":"{}","direction_id":"{\"1\": 50}","headsign":"{}","duration_avg":120,"n_vehicles":50,"d":1200,"route_I_counts":"{\"14\": 50}","source":238,"target":237,"layer":"L","from":"北京望京(地铁站)","to":"北京东湖渠(地铁站)"},"geometry":{"type":"LineString","coordinates":[[116.462078,39.99756],[116.461277,40.009248]]}},{"type":"Feature","properties":{"shape_id":"{}","direction_id":"{\"0\": 50}","headsign":"{}","duration_avg":120,"n_vehicles":50,"d":1200,"route_I_counts":"{\"14\": 50}","source":238,"target":239,"layer":"L","from":"北京望京(地铁站)","to":"北京阜通(地铁站)"},"geometry":{"type":"LineString","coordinates":[[116.462078,39.99756],[116.465422,39.990528]]}},{"type":"Feature","properties":{"shape_id":"{}","direction_id":"{\"1\": 50}","headsign":"{}","duration_avg":120,"n_vehicles":50,"d":1200,"route_I_counts":"{\"14\": 50}","source":239,"target":238,"layer":"L","from":"北京阜通(地铁站)","to":"北京望京(地铁站)"},"geometry":{"type":"LineString","coordinates":[[116.465422,39.990528],[116.462078,39.99756]]}},{"type":"Feature","properties":{"shape_id":"{}","direction_id":"{\"0\": 50}","headsign":"{}","duration_avg":120,"n_vehicles":50,"d":1200,"route_I_counts":"{\"14\": 50}","source":239,"target":240,"layer":"L","from":"北京阜通(地铁站)","to":"北京望京南(地铁站)"},"geometry":{"type":"LineString","coordinates":[[116.465422,39.990528],[116.475795,39.983392]]}},{"type":"Feature","properties":{"shape_id":"{}","direction_id":"{\"1\": 50}","headsign":"{}","duration_avg":120,"n_vehicles":50,"d":1200,"route_I_counts":"{\"14\": 50}","source":240,"target":239,"layer":"L","from":"北京望京南(地铁站)","to":"北京阜通(地铁站)"},"geometry":{"type":"LineString","coordinates":[[116.475795,39.983392],[116.465422,39.990528]]}},{"type":"Feature","properties":{"shape_id":"{}","direction_id":"{\"0\": 50}","headsign":"{}","duration_avg":120,"n_vehicles":50,"d":1200,"route_I_counts":"{\"14\": 50}","source":240,"target":214,"layer":"L","from":"北京望京南(地铁站)","to":"北京高家园(地铁站)"},"geometry":{"type":"LineString","coordinates":[[116.475795,39.983392],[116.485504,39.979124]]}},{"type":"Feature","properties":{"shape_id":"{}","direction_id":"{\"1\": 50}","headsign":"{}","duration_avg":120,"n_vehicles":50,"d":1200,"route_I_counts":"{\"14\": 50}","source":214,"target":240,"layer":"L","from":"北京高家园(地铁站)","to":"北京望京南(地铁站)"},"geometry":{"type":"LineString","coordinates":[[116.485504,39.979124],[116.475795,39.983392]]}},{"type":"Feature","properties":{"shape_id":"{}","direction_id":"{\"0\": 50}","headsign":"{}","duration_avg":120,"n_vehicles":50,"d":1200,"route_I_counts":"{\"14\": 50}","source":214,"target":241,"layer":"L","from":"北京高家园(地铁站)","to":"北京将台(地铁站)"},"geometry":{"type":"LineString","coordinates":[[116.485504,39.979124],[116.48416,39.969773]]}},{"type":"Feature","properties":{"shape_id":"{}","direction_id":"{\"1\": 50}","headsign":"{}","duration_avg":120,"n_vehicles":50,"d":1200,"route_I_counts":"{\"14\": 50}","source":241,"target":214,"layer":"L","from":"北京将台(地铁站)","to":"北京高家园(地铁站)"},"geometry":{"type":"LineString","coordinates":[[116.48416,39.969773],[116.485504,39.979124]]}},{"type":"Feature","properties":{"shape_id":"{}","direction_id":"{\"0\": 50}","headsign":"{}","duration_avg":180,"n_vehicles":50,"d":1800,"route_I_counts":"{\"14\": 50}","source":241,"target":242,"layer":"L","from":"北京将台(地铁站)","to":"北京东风北桥(地铁站)"},"geometry":{"type":"LineString","coordinates":[[116.48416,39.969773],[116.479852,39.957109]]}},{"type":"Feature","properties":{"shape_id":"{}","direction_id":"{\"1\": 50}","headsign":"{}","duration_avg":180,"n_vehicles":50,"d":1800,"route_I_counts":"{\"14\": 50}","source":242,"target":241,"layer":"L","from":"北京东风北桥(地铁站)","to":"北京将台(地铁站)"},"geometry":{"type":"LineString","coordinates":[[116.479852,39.957109],[116.48416,39.969773]]}},{"type":"Feature","properties":{"shape_id":"{}","direction_id":"{\"0\": 50}","headsign":"{}","duration_avg":180,"n_vehicles":50,"d":1800,"route_I_counts":"{\"14\": 50}","source":242,"target":243,"layer":"L","from":"北京东风北桥(地铁站)","to":"北京枣营(地铁站)"},"geometry":{"type":"LineString","coordinates":[[116.479852,39.957109],[116.468842,39.942837]]}},{"type":"Feature","properties":{"shape_id":"{}","direction_id":"{\"1\": 50}","headsign":"{}","duration_avg":180,"n_vehicles":50,"d":1800,"route_I_counts":"{\"14\": 50}","source":243,"target":242,"layer":"L","from":"北京枣营(地铁站)","to":"北京东风北桥(地铁站)"},"geometry":{"type":"LineString","coordinates":[[116.468842,39.942837],[116.479852,39.957109]]}},{"type":"Feature","properties":{"shape_id":"{}","direction_id":"{\"0\": 50}","headsign":"{}","duration_avg":120,"n_vehicles":50,"d":1200,"route_I_counts":"{\"14\": 50}","source":243,"target":244,"layer":"L","from":"北京枣营(地铁站)","to":"北京朝阳公园(地铁站)"},"geometry":{"type":"LineString","coordinates":[[116.468842,39.942837],[116.472199,39.932207]]}},{"type":"Feature","properties":{"shape_id":"{}","direction_id":"{\"1\": 50}","headsign":"{}","duration_avg":120,"n_vehicles":50,"d":1200,"route_I_counts":"{\"14\": 50}","source":244,"target":243,"layer":"L","from":"北京朝阳公园(地铁站)","to":"北京枣营(地铁站)"},"geometry":{"type":"LineString","coordinates":[[116.472199,39.932207],[116.468842,39.942837]]}},{"type":"Feature","properties":{"shape_id":"{}","direction_id":"{\"0\": 50}","headsign":"{}","duration_avg":120,"n_vehicles":50,"d":1200,"route_I_counts":"{\"14\": 50}","source":244,"target":245,"layer":"L","from":"北京朝阳公园(地铁站)","to":"北京金台路(地铁站)"},"geometry":{"type":"LineString","coordinates":[[116.472199,39.932207],[116.472024,39.92227]]}},{"type":"Feature","properties":{"shape_id":"{}","direction_id":"{\"1\": 50}","headsign":"{}","duration_avg":120,"n_vehicles":50,"d":1200,"route_I_counts":"{\"14\": 50}","source":245,"target":244,"layer":"L","from":"北京金台路(地铁站)","to":"北京朝阳公园(地铁站)"},"geometry":{"type":"LineString","coordinates":[[116.472024,39.92227],[116.472199,39.932207]]}},{"type":"Feature","properties":{"shape_id":"{}","direction_id":"{\"0\": 50}","headsign":"{}","duration_avg":120,"n_vehicles":50,"d":1200,"route_I_counts":"{\"14\": 50}","source":245,"target":246,"layer":"L","from":"北京金台路(地铁站)","to":"北京红庙(地铁站)"},"geometry":{"type":"LineString","coordinates":[[116.472024,39.92227],[116.471975,39.91432]]}},{"type":"Feature","properties":{"shape_id":"{}","direction_id":"{\"1\": 50}","headsign":"{}","duration_avg":120,"n_vehicles":50,"d":1200,"route_I_counts":"{\"14\": 50}","source":246,"target":245,"layer":"L","from":"北京红庙(地铁站)","to":"北京金台路(地铁站)"},"geometry":{"type":"LineString","coordinates":[[116.471975,39.91432],[116.472024,39.92227]]}},{"type":"Feature","properties":{"shape_id":"{}","direction_id":"{\"0\": 50}","headsign":"{}","duration_avg":120,"n_vehicles":50,"d":1200,"route_I_counts":"{\"14\": 50}","source":246,"target":15,"layer":"L","from":"北京红庙(地铁站)","to":"北京大望路(地铁站)"},"geometry":{"type":"LineString","coordinates":[[116.471975,39.91432],[116.469686,39.906994]]}},{"type":"Feature","properties":{"shape_id":"{}","direction_id":"{\"1\": 50}","headsign":"{}","duration_avg":120,"n_vehicles":50,"d":1200,"route_I_counts":"{\"14\": 50}","source":15,"target":246,"layer":"L","from":"北京大望路(地铁站)","to":"北京红庙(地铁站)"},"geometry":{"type":"LineString","coordinates":[[116.469686,39.906994],[116.471975,39.91432]]}},{"type":"Feature","properties":{"shape_id":"{}","direction_id":"{\"0\": 50}","headsign":"{}","duration_avg":180,"n_vehicles":50,"d":1800,"route_I_counts":"{\"14\": 50}","source":15,"target":115,"layer":"L","from":"北京大望路(地铁站)","to":"北京九龙山(地铁站)"},"geometry":{"type":"LineString","coordinates":[[116.469686,39.906994],[116.472796,39.891928]]}},{"type":"Feature","properties":{"shape_id":"{}","direction_id":"{\"1\": 50}","headsign":"{}","duration_avg":180,"n_vehicles":50,"d":1800,"route_I_counts":"{\"14\": 50}","source":115,"target":15,"layer":"L","from":"北京九龙山(地铁站)","to":"北京大望路(地铁站)"},"geometry":{"type":"LineString","coordinates":[[116.472796,39.891928],[116.469686,39.906994]]}},{"type":"Feature","properties":{"shape_id":"{}","direction_id":"{\"0\": 50}","headsign":"{}","duration_avg":120,"n_vehicles":50,"d":1200,"route_I_counts":"{\"14\": 50}","source":115,"target":247,"layer":"L","from":"北京九龙山(地铁站)","to":"北京平乐园(地铁站)"},"geometry":{"type":"LineString","coordinates":[[116.472796,39.891928],[116.471219,39.883988]]}},{"type":"Feature","properties":{"shape_id":"{}","direction_id":"{\"1\": 50}","headsign":"{}","duration_avg":120,"n_vehicles":50,"d":1200,"route_I_counts":"{\"14\": 50}","source":247,"target":115,"layer":"L","from":"北京平乐园(地铁站)","to":"北京九龙山(地铁站)"},"geometry":{"type":"LineString","coordinates":[[116.471219,39.883988],[116.472796,39.891928]]}},{"type":"Feature","properties":{"shape_id":"{}","direction_id":"{\"0\": 50}","headsign":"{}","duration_avg":180,"n_vehicles":50,"d":1800,"route_I_counts":"{\"14\": 50}","source":247,"target":248,"layer":"L","from":"北京平乐园(地铁站)","to":"北京北工大西门(地铁站)"},"geometry":{"type":"LineString","coordinates":[[116.471219,39.883988],[116.471195,39.874008]]}},{"type":"Feature","properties":{"shape_id":"{}","direction_id":"{\"1\": 50}","headsign":"{}","duration_avg":180,"n_vehicles":50,"d":1800,"route_I_counts":"{\"14\": 50}","source":248,"target":247,"layer":"L","from":"北京北工大西门(地铁站)","to":"北京平乐园(地铁站)"},"geometry":{"type":"LineString","coordinates":[[116.471195,39.874008],[116.471219,39.883988]]}},{"type":"Feature","properties":{"shape_id":"{}","direction_id":"{\"0\": 50}","headsign":"{}","duration_avg":180,"n_vehicles":50,"d":1800,"route_I_counts":"{\"14\": 50}","source":248,"target":190,"layer":"L","from":"北京北工大西门(地铁站)","to":"北京十里河(地铁站)"},"geometry":{"type":"LineString","coordinates":[[116.471195,39.874008],[116.452782,39.864286]]}},{"type":"Feature","properties":{"shape_id":"{}","direction_id":"{\"1\": 50}","headsign":"{}","duration_avg":180,"n_vehicles":50,"d":1800,"route_I_counts":"{\"14\": 50}","source":190,"target":248,"layer":"L","from":"北京十里河(地铁站)","to":"北京北工大西门(地铁站)"},"geometry":{"type":"LineString","coordinates":[[116.452782,39.864286],[116.471195,39.874008]]}},{"type":"Feature","properties":{"shape_id":"{}","direction_id":"{\"0\": 50}","headsign":"{}","duration_avg":180,"n_vehicles":50,"d":1800,"route_I_counts":"{\"14\": 50}","source":190,"target":249,"layer":"L","from":"北京十里河(地铁站)","to":"北京方庄(地铁站)"},"geometry":{"type":"LineString","coordinates":[[116.452782,39.864286],[116.434049,39.864494]]}},{"type":"Feature","properties":{"shape_id":"{}","direction_id":"{\"1\": 50}","headsign":"{}","duration_avg":180,"n_vehicles":50,"d":1800,"route_I_counts":"{\"14\": 50}","source":249,"target":190,"layer":"L","from":"北京方庄(地铁站)","to":"北京十里河(地铁站)"},"geometry":{"type":"LineString","coordinates":[[116.434049,39.864494],[116.452782,39.864286]]}},{"type":"Feature","properties":{"shape_id":"{}","direction_id":"{\"0\": 50}","headsign":"{}","duration_avg":180,"n_vehicles":50,"d":1800,"route_I_counts":"{\"14\": 50}","source":249,"target":102,"layer":"L","from":"北京方庄(地铁站)","to":"北京蒲黄榆(地铁站)"},"geometry":{"type":"LineString","coordinates":[[116.434049,39.864494],[116.41544,39.864249]]}},{"type":"Feature","properties":{"shape_id":"{}","direction_id":"{\"1\": 50}","headsign":"{}","duration_avg":180,"n_vehicles":50,"d":1800,"route_I_counts":"{\"14\": 50}","source":102,"target":249,"layer":"L","from":"北京蒲黄榆(地铁站)","to":"北京方庄(地铁站)"},"geometry":{"type":"LineString","coordinates":[[116.41544,39.864249],[116.434049,39.864494]]}},{"type":"Feature","properties":{"shape_id":"{}","direction_id":"{\"0\": 50}","headsign":"{}","duration_avg":120,"n_vehicles":50,"d":1200,"route_I_counts":"{\"14\": 50}","source":102,"target":250,"layer":"L","from":"北京蒲黄榆(地铁站)","to":"北京景泰(地铁站)"},"geometry":{"type":"LineString","coordinates":[[116.41544,39.864249],[116.40479,39.86385]]}},{"type":"Feature","properties":{"shape_id":"{}","direction_id":"{\"1\": 50}","headsign":"{}","duration_avg":120,"n_vehicles":50,"d":1200,"route_I_counts":"{\"14\": 50}","source":250,"target":102,"layer":"L","from":"北京景泰(地铁站)","to":"北京蒲黄榆(地铁站)"},"geometry":{"type":"LineString","coordinates":[[116.40479,39.86385],[116.41544,39.864249]]}},{"type":"Feature","properties":{"shape_id":"{}","direction_id":"{\"0\": 50}","headsign":"{}","duration_avg":120,"n_vehicles":50,"d":1200,"route_I_counts":"{\"14\": 50}","source":250,"target":141,"layer":"L","from":"北京景泰(地铁站)","to":"北京永定门外(地铁站)"},"geometry":{"type":"LineString","coordinates":[[116.40479,39.86385],[116.393135,39.864918]]}},{"type":"Feature","properties":{"shape_id":"{}","direction_id":"{\"1\": 50}","headsign":"{}","duration_avg":120,"n_vehicles":50,"d":1200,"route_I_counts":"{\"14\": 50}","source":141,"target":250,"layer":"L","from":"北京永定门外(地铁站)","to":"北京景泰(地铁站)"},"geometry":{"type":"LineString","coordinates":[[116.393135,39.864918],[116.40479,39.86385]]}},{"type":"Feature","properties":{"shape_id":"{}","direction_id":"{\"0\": 50}","headsign":"{}","duration_avg":120,"n_vehicles":50,"d":1200,"route_I_counts":"{\"14\": 50}","source":141,"target":251,"layer":"L","from":"北京永定门外(地铁站)","to":"北京陶然桥(地铁站)"},"geometry":{"type":"LineString","coordinates":[[116.393135,39.864918],[116.380934,39.867395]]}},{"type":"Feature","properties":{"shape_id":"{}","direction_id":"{\"1\": 50}","headsign":"{}","duration_avg":120,"n_vehicles":50,"d":1200,"route_I_counts":"{\"14\": 50}","source":251,"target":141,"layer":"L","from":"北京陶然桥(地铁站)","to":"北京永定门外(地铁站)"},"geometry":{"type":"LineString","coordinates":[[116.380934,39.867395],[116.393135,39.864918]]}},{"type":"Feature","properties":{"shape_id":"{}","direction_id":"{\"0\": 50}","headsign":"{}","duration_avg":120,"n_vehicles":50,"d":1200,"route_I_counts":"{\"14\": 50}","source":251,"target":70,"layer":"L","from":"北京陶然桥(地铁站)","to":"北京北京南站(地铁站)"},"geometry":{"type":"LineString","coordinates":[[116.380934,39.867395],[116.372738,39.863638]]}},{"type":"Feature","properties":{"shape_id":"{}","direction_id":"{\"1\": 50}","headsign":"{}","duration_avg":120,"n_vehicles":50,"d":1200,"route_I_counts":"{\"14\": 50}","source":70,"target":251,"layer":"L","from":"北京北京南站(地铁站)","to":"北京陶然桥(地铁站)"},"geometry":{"type":"LineString","coordinates":[[116.372738,39.863638],[116.380934,39.867395]]}},{"type":"Feature","properties":{"shape_id":"{}","direction_id":"{\"0\": 50}","headsign":"{}","duration_avg":120,"n_vehicles":50,"d":1200,"route_I_counts":"{\"14\": 50}","source":70,"target":252,"layer":"L","from":"北京北京南站(地铁站)","to":"北京景风门(地铁站)"},"geometry":{"type":"LineString","coordinates":[[116.372738,39.863638],[116.359825,39.861255]]}},{"type":"Feature","properties":{"shape_id":"{}","direction_id":"{\"1\": 50}","headsign":"{}","duration_avg":120,"n_vehicles":50,"d":1200,"route_I_counts":"{\"14\": 50}","source":252,"target":70,"layer":"L","from":"北京景风门(地铁站)","to":"北京北京南站(地铁站)"},"geometry":{"type":"LineString","coordinates":[[116.359825,39.861255],[116.372738,39.863638]]}},{"type":"Feature","properties":{"shape_id":"{}","direction_id":"{\"0\": 50}","headsign":"{}","duration_avg":120,"n_vehicles":50,"d":1200,"route_I_counts":"{\"14\": 50}","source":252,"target":253,"layer":"L","from":"北京景风门(地铁站)","to":"北京西铁营(地铁站)"},"geometry":{"type":"LineString","coordinates":[[116.359825,39.861255],[116.349764,39.859999]]}},{"type":"Feature","properties":{"shape_id":"{}","direction_id":"{\"1\": 50}","headsign":"{}","duration_avg":120,"n_vehicles":50,"d":1200,"route_I_counts":"{\"14\": 50}","source":253,"target":252,"layer":"L","from":"北京西铁营(地铁站)","to":"北京景风门(地铁站)"},"geometry":{"type":"LineString","coordinates":[[116.349764,39.859999],[116.359825,39.861255]]}},{"type":"Feature","properties":{"shape_id":"{}","direction_id":"{\"0\": 50}","headsign":"{}","duration_avg":180,"n_vehicles":50,"d":1800,"route_I_counts":"{\"14\": 50}","source":253,"target":254,"layer":"L","from":"北京西铁营(地铁站)","to":"北京菜户营(地铁站)"},"geometry":{"type":"LineString","coordinates":[[116.349764,39.859999],[116.336283,39.86629]]}},{"type":"Feature","properties":{"shape_id":"{}","direction_id":"{\"1\": 50}","headsign":"{}","duration_avg":180,"n_vehicles":50,"d":1800,"route_I_counts":"{\"14\": 50}","source":254,"target":253,"layer":"L","from":"北京菜户营(地铁站)","to":"北京西铁营(地铁站)"},"geometry":{"type":"LineString","coordinates":[[116.336283,39.86629],[116.349764,39.859999]]}},{"type":"Feature","properties":{"shape_id":"{}","direction_id":"{\"0\": 50}","headsign":"{}","duration_avg":60,"n_vehicles":50,"d":600,"route_I_counts":"{\"14\": 50}","source":254,"target":255,"layer":"L","from":"北京菜户营(地铁站)","to":"北京丽泽商务区(地铁站)"},"geometry":{"type":"LineString","coordinates":[[116.336283,39.86629],[116.325447,39.866399]]}},{"type":"Feature","properties":{"shape_id":"{}","direction_id":"{\"1\": 50}","headsign":"{}","duration_avg":60,"n_vehicles":50,"d":600,"route_I_counts":"{\"14\": 50}","source":255,"target":254,"layer":"L","from":"北京丽泽商务区(地铁站)","to":"北京菜户营(地铁站)"},"geometry":{"type":"LineString","coordinates":[[116.325447,39.866399],[116.336283,39.86629]]}},{"type":"Feature","properties":{"shape_id":"{}","direction_id":"{\"0\": 50}","headsign":"{}","duration_avg":120,"n_vehicles":50,"d":1200,"route_I_counts":"{\"14\": 50}","source":255,"target":256,"layer":"L","from":"北京丽泽商务区(地铁站)","to":"北京东管头(地铁站)"},"geometry":{"type":"LineString","coordinates":[[116.325447,39.866399],[116.315085,39.866274]]}},{"type":"Feature","properties":{"shape_id":"{}","direction_id":"{\"1\": 50}","headsign":"{}","duration_avg":120,"n_vehicles":50,"d":1200,"route_I_counts":"{\"14\": 50}","source":256,"target":255,"layer":"L","from":"北京东管头(地铁站)","to":"北京丽泽商务区(地铁站)"},"geometry":{"type":"LineString","coordinates":[[116.315085,39.866274],[116.325447,39.866399]]}},{"type":"Feature","properties":{"shape_id":"{}","direction_id":"{\"0\": 50}","headsign":"{}","duration_avg":180,"n_vehicles":50,"d":1800,"route_I_counts":"{\"14\": 50}","source":256,"target":200,"layer":"L","from":"北京东管头(地铁站)","to":"北京西局(地铁站)"},"geometry":{"type":"LineString","coordinates":[[116.315085,39.866274],[116.297741,39.864612]]}},{"type":"Feature","properties":{"shape_id":"{}","direction_id":"{\"1\": 50}","headsign":"{}","duration_avg":180,"n_vehicles":50,"d":1800,"route_I_counts":"{\"14\": 50}","source":200,"target":256,"layer":"L","from":"北京西局(地铁站)","to":"北京东管头(地铁站)"},"geometry":{"type":"LineString","coordinates":[[116.297741,39.864612],[116.315085,39.866274]]}},{"type":"Feature","properties":{"shape_id":"{}","direction_id":"{\"0\": 50}","headsign":"{}","duration_avg":120,"n_vehicles":50,"d":1200,"route_I_counts":"{\"14\": 50}","source":200,"target":167,"layer":"L","from":"北京西局(地铁站)","to":"北京七里庄(地铁站)"},"geometry":{"type":"LineString","coordinates":[[116.297741,39.864612],[116.288235,39.865732]]}},{"type":"Feature","properties":{"shape_id":"{}","direction_id":"{\"1\": 50}","headsign":"{}","duration_avg":120,"n_vehicles":50,"d":1200,"route_I_counts":"{\"14\": 50}","source":167,"target":200,"layer":"L","from":"北京七里庄(地铁站)","to":"北京西局(地铁站)"},"geometry":{"type":"LineString","coordinates":[[116.288235,39.865732],[116.297741,39.864612]]}},{"type":"Feature","properties":{"shape_id":"{}","direction_id":"{\"0\": 50}","headsign":"{}","duration_avg":180,"n_vehicles":50,"d":1800,"route_I_counts":"{\"14\": 50}","source":167,"target":257,"layer":"L","from":"北京七里庄(地铁站)","to":"北京大井(地铁站)"},"geometry":{"type":"LineString","coordinates":[[116.288235,39.865732],[116.270027,39.863999]]}},{"type":"Feature","properties":{"shape_id":"{}","direction_id":"{\"1\": 50}","headsign":"{}","duration_avg":180,"n_vehicles":50,"d":1800,"route_I_counts":"{\"14\": 50}","source":257,"target":167,"layer":"L","from":"北京大井(地铁站)","to":"北京七里庄(地铁站)"},"geometry":{"type":"LineString","coordinates":[[116.270027,39.863999],[116.288235,39.865732]]}},{"type":"Feature","properties":{"shape_id":"{}","direction_id":"{\"0\": 50}","headsign":"{}","duration_avg":180,"n_vehicles":50,"d":1800,"route_I_counts":"{\"14\": 50}","source":257,"target":258,"layer":"L","from":"北京大井(地铁站)","to":"北京郭庄子(地铁站)"},"geometry":{"type":"LineString","coordinates":[[116.270027,39.863999],[116.247044,39.863628]]}},{"type":"Feature","properties":{"shape_id":"{}","direction_id":"{\"1\": 50}","headsign":"{}","duration_avg":180,"n_vehicles":50,"d":1800,"route_I_counts":"{\"14\": 50}","source":258,"target":257,"layer":"L","from":"北京郭庄子(地铁站)","to":"北京大井(地铁站)"},"geometry":{"type":"LineString","coordinates":[[116.247044,39.863628],[116.270027,39.863999]]}},{"type":"Feature","properties":{"shape_id":"{}","direction_id":"{\"0\": 50}","headsign":"{}","duration_avg":120,"n_vehicles":50,"d":1200,"route_I_counts":"{\"14\": 50}","source":258,"target":259,"layer":"L","from":"北京郭庄子(地铁站)","to":"北京大瓦窑(地铁站)"},"geometry":{"type":"LineString","coordinates":[[116.247044,39.863628],[116.234451,39.858255]]}},{"type":"Feature","properties":{"shape_id":"{}","direction_id":"{\"1\": 50}","headsign":"{}","duration_avg":120,"n_vehicles":50,"d":1200,"route_I_counts":"{\"14\": 50}","source":259,"target":258,"layer":"L","from":"北京大瓦窑(地铁站)","to":"北京郭庄子(地铁站)"},"geometry":{"type":"LineString","coordinates":[[116.234451,39.858255],[116.247044,39.863628]]}},{"type":"Feature","properties":{"shape_id":"{}","direction_id":"{\"0\": 50}","headsign":"{}","duration_avg":300,"n_vehicles":50,"d":3000,"route_I_counts":"{\"14\": 50}","source":259,"target":260,"layer":"L","from":"北京大瓦窑(地铁站)","to":"北京园博园(地铁站)"},"geometry":{"type":"LineString","coordinates":[[116.234451,39.858255],[116.19555,39.860075]]}},{"type":"Feature","properties":{"shape_id":"{}","direction_id":"{\"1\": 50}","headsign":"{}","duration_avg":300,"n_vehicles":50,"d":3000,"route_I_counts":"{\"14\": 50}","source":260,"target":259,"layer":"L","from":"北京园博园(地铁站)","to":"北京大瓦窑(地铁站)"},"geometry":{"type":"LineString","coordinates":[[116.19555,39.860075],[116.234451,39.858255]]}},{"type":"Feature","properties":{"shape_id":"{}","direction_id":"{\"0\": 50}","headsign":"{}","duration_avg":60,"n_vehicles":50,"d":600,"route_I_counts":"{\"14\": 50}","source":260,"target":261,"layer":"L","from":"北京园博园(地铁站)","to":"北京张郭庄(地铁站)"},"geometry":{"type":"LineString","coordinates":[[116.19555,39.860075],[116.181066,39.856822]]}},{"type":"Feature","properties":{"shape_id":"{}","direction_id":"{\"1\": 50}","headsign":"{}","duration_avg":60,"n_vehicles":50,"d":600,"route_I_counts":"{\"14\": 50}","source":261,"target":260,"layer":"L","from":"北京张郭庄(地铁站)","to":"北京园博园(地铁站)"},"geometry":{"type":"LineString","coordinates":[[116.181066,39.856822],[116.19555,39.860075]]}},{"type":"Feature","properties":{"shape_id":"{}","direction_id":"{\"0\": 50}","headsign":"{}","duration_avg":120,"n_vehicles":50,"d":1200,"route_I_counts":"{\"15\": 50}","source":262,"target":263,"layer":"L","from":"北京清华东路西口(地铁站)","to":"北京六道口(地铁站)"},"geometry":{"type":"LineString","coordinates":[[116.333358,39.999336],[116.346471,39.999597]]}},{"type":"Feature","properties":{"shape_id":"{}","direction_id":"{\"1\": 50}","headsign":"{}","duration_avg":120,"n_vehicles":50,"d":1200,"route_I_counts":"{\"15\": 50}","source":263,"target":262,"layer":"L","from":"北京六道口(地铁站)","to":"北京清华东路西口(地铁站)"},"geometry":{"type":"LineString","coordinates":[[116.346471,39.999597],[116.333358,39.999336]]}},{"type":"Feature","properties":{"shape_id":"{}","direction_id":"{\"0\": 50}","headsign":"{}","duration_avg":120,"n_vehicles":50,"d":1200,"route_I_counts":"{\"15\": 50}","source":263,"target":264,"layer":"L","from":"北京六道口(地铁站)","to":"北京北沙滩(地铁站)"},"geometry":{"type":"LineString","coordinates":[[116.346471,39.999597],[116.362052,40.000134]]}},{"type":"Feature","properties":{"shape_id":"{}","direction_id":"{\"1\": 50}","headsign":"{}","duration_avg":120,"n_vehicles":50,"d":1200,"route_I_counts":"{\"15\": 50}","source":264,"target":263,"layer":"L","from":"北京北沙滩(地铁站)","to":"北京六道口(地铁站)"},"geometry":{"type":"LineString","coordinates":[[116.362052,40.000134],[116.346471,39.999597]]}},{"type":"Feature","properties":{"shape_id":"{}","direction_id":"{\"0\": 50}","headsign":"{}","duration_avg":180,"n_vehicles":50,"d":1800,"route_I_counts":"{\"15\": 50}","source":264,"target":151,"layer":"L","from":"北京北沙滩(地铁站)","to":"北京奥林匹克公园(地铁站)"},"geometry":{"type":"LineString","coordinates":[[116.362052,40.000134],[116.386821,39.999338]]}},{"type":"Feature","properties":{"shape_id":"{}","direction_id":"{\"1\": 50}","headsign":"{}","duration_avg":180,"n_vehicles":50,"d":1800,"route_I_counts":"{\"15\": 50}","source":151,"target":264,"layer":"L","from":"北京奥林匹克公园(地铁站)","to":"北京北沙滩(地铁站)"},"geometry":{"type":"LineString","coordinates":[[116.386821,39.999338],[116.362052,40.000134]]}},{"type":"Feature","properties":{"shape_id":"{}","direction_id":"{\"0\": 50}","headsign":"{}","duration_avg":180,"n_vehicles":50,"d":1800,"route_I_counts":"{\"15\": 50}","source":151,"target":265,"layer":"L","from":"北京奥林匹克公园(地铁站)","to":"北京安立路(地铁站)"},"geometry":{"type":"LineString","coordinates":[[116.386821,39.999338],[116.40159,40.001212]]}},{"type":"Feature","properties":{"shape_id":"{}","direction_id":"{\"1\": 50}","headsign":"{}","duration_avg":180,"n_vehicles":50,"d":1800,"route_I_counts":"{\"15\": 50}","source":265,"target":151,"layer":"L","from":"北京安立路(地铁站)","to":"北京奥林匹克公园(地铁站)"},"geometry":{"type":"LineString","coordinates":[[116.40159,40.001212],[116.386821,39.999338]]}},{"type":"Feature","properties":{"shape_id":"{}","direction_id":"{\"0\": 50}","headsign":"{}","duration_avg":120,"n_vehicles":50,"d":1200,"route_I_counts":"{\"15\": 50}","source":265,"target":91,"layer":"L","from":"北京安立路(地铁站)","to":"北京大屯路东(地铁站)"},"geometry":{"type":"LineString","coordinates":[[116.40159,40.001212],[116.411128,40.002438]]}},{"type":"Feature","properties":{"shape_id":"{}","direction_id":"{\"1\": 50}","headsign":"{}","duration_avg":120,"n_vehicles":50,"d":1200,"route_I_counts":"{\"15\": 50}","source":91,"target":265,"layer":"L","from":"北京大屯路东(地铁站)","to":"北京安立路(地铁站)"},"geometry":{"type":"LineString","coordinates":[[116.411128,40.002438],[116.40159,40.001212]]}},{"type":"Feature","properties":{"shape_id":"{}","direction_id":"{\"0\": 50}","headsign":"{}","duration_avg":120,"n_vehicles":50,"d":1200,"route_I_counts":"{\"15\": 50}","source":91,"target":266,"layer":"L","from":"北京大屯路东(地铁站)","to":"北京关庄(地铁站)"},"geometry":{"type":"LineString","coordinates":[[116.411128,40.002438],[116.424715,39.999745]]}},{"type":"Feature","properties":{"shape_id":"{}","direction_id":"{\"1\": 50}","headsign":"{}","duration_avg":120,"n_vehicles":50,"d":1200,"route_I_counts":"{\"15\": 50}","source":266,"target":91,"layer":"L","from":"北京关庄(地铁站)","to":"北京大屯路东(地铁站)"},"geometry":{"type":"LineString","coordinates":[[116.424715,39.999745],[116.411128,40.002438]]}},{"type":"Feature","properties":{"shape_id":"{}","direction_id":"{\"0\": 50}","headsign":"{}","duration_avg":240,"n_vehicles":50,"d":2400,"route_I_counts":"{\"15\": 50}","source":266,"target":227,"layer":"L","from":"北京关庄(地铁站)","to":"北京望京西(地铁站)"},"geometry":{"type":"LineString","coordinates":[[116.424715,39.999745],[116.441165,39.993721]]}},{"type":"Feature","properties":{"shape_id":"{}","direction_id":"{\"1\": 50}","headsign":"{}","duration_avg":240,"n_vehicles":50,"d":2400,"route_I_counts":"{\"15\": 50}","source":227,"target":266,"layer":"L","from":"北京望京西(地铁站)","to":"北京关庄(地铁站)"},"geometry":{"type":"LineString","coordinates":[[116.441165,39.993721],[116.424715,39.999745]]}},{"type":"Feature","properties":{"shape_id":"{}","direction_id":"{\"0\": 50}","headsign":"{}","duration_avg":180,"n_vehicles":50,"d":1800,"route_I_counts":"{\"15\": 50}","source":227,"target":238,"layer":"L","from":"北京望京西(地铁站)","to":"北京望京(地铁站)"},"geometry":{"type":"LineString","coordinates":[[116.441165,39.993721],[116.462078,39.99756]]}},{"type":"Feature","properties":{"shape_id":"{}","direction_id":"{\"1\": 50}","headsign":"{}","duration_avg":180,"n_vehicles":50,"d":1800,"route_I_counts":"{\"15\": 50}","source":238,"target":227,"layer":"L","from":"北京望京(地铁站)","to":"北京望京西(地铁站)"},"geometry":{"type":"LineString","coordinates":[[116.462078,39.99756],[116.441165,39.993721]]}},{"type":"Feature","properties":{"shape_id":"{}","direction_id":"{\"0\": 50}","headsign":"{}","duration_avg":180,"n_vehicles":50,"d":1800,"route_I_counts":"{\"15\": 50}","source":238,"target":267,"layer":"L","from":"北京望京(地铁站)","to":"北京望京东(地铁站)"},"geometry":{"type":"LineString","coordinates":[[116.462078,39.99756],[116.480964,40.001912]]}},{"type":"Feature","properties":{"shape_id":"{}","direction_id":"{\"1\": 50}","headsign":"{}","duration_avg":180,"n_vehicles":50,"d":1800,"route_I_counts":"{\"15\": 50}","source":267,"target":238,"layer":"L","from":"北京望京东(地铁站)","to":"北京望京(地铁站)"},"geometry":{"type":"LineString","coordinates":[[116.480964,40.001912],[116.462078,39.99756]]}},{"type":"Feature","properties":{"shape_id":"{}","direction_id":"{\"0\": 50}","headsign":"{}","duration_avg":180,"n_vehicles":50,"d":1800,"route_I_counts":"{\"15\": 50}","source":267,"target":268,"layer":"L","from":"北京望京东(地铁站)","to":"北京崔各庄(地铁站)"},"geometry":{"type":"LineString","coordinates":[[116.480964,40.001912],[116.486921,40.020955]]}},{"type":"Feature","properties":{"shape_id":"{}","direction_id":"{\"1\": 50}","headsign":"{}","duration_avg":180,"n_vehicles":50,"d":1800,"route_I_counts":"{\"15\": 50}","source":268,"target":267,"layer":"L","from":"北京崔各庄(地铁站)","to":"北京望京东(地铁站)"},"geometry":{"type":"LineString","coordinates":[[116.486921,40.020955],[116.480964,40.001912]]}},{"type":"Feature","properties":{"shape_id":"{}","direction_id":"{\"0\": 50}","headsign":"{}","duration_avg":180,"n_vehicles":50,"d":1800,"route_I_counts":"{\"15\": 50}","source":268,"target":269,"layer":"L","from":"北京崔各庄(地铁站)","to":"北京马泉营(地铁站)"},"geometry":{"type":"LineString","coordinates":[[116.486921,40.020955],[116.497471,40.032505]]}},{"type":"Feature","properties":{"shape_id":"{}","direction_id":"{\"1\": 50}","headsign":"{}","duration_avg":180,"n_vehicles":50,"d":1800,"route_I_counts":"{\"15\": 50}","source":269,"target":268,"layer":"L","from":"北京马泉营(地铁站)","to":"北京崔各庄(地铁站)"},"geometry":{"type":"LineString","coordinates":[[116.497471,40.032505],[116.486921,40.020955]]}},{"type":"Feature","properties":{"shape_id":"{}","direction_id":"{\"0\": 50}","headsign":"{}","duration_avg":240,"n_vehicles":50,"d":2400,"route_I_counts":"{\"15\": 50}","source":269,"target":270,"layer":"L","from":"北京马泉营(地铁站)","to":"北京孙河(地铁站)"},"geometry":{"type":"LineString","coordinates":[[116.497471,40.032505],[116.528799,40.043984]]}},{"type":"Feature","properties":{"shape_id":"{}","direction_id":"{\"1\": 50}","headsign":"{}","duration_avg":240,"n_vehicles":50,"d":2400,"route_I_counts":"{\"15\": 50}","source":270,"target":269,"layer":"L","from":"北京孙河(地铁站)","to":"北京马泉营(地铁站)"},"geometry":{"type":"LineString","coordinates":[[116.528799,40.043984],[116.497471,40.032505]]}},{"type":"Feature","properties":{"shape_id":"{}","direction_id":"{\"0\": 50}","headsign":"{}","duration_avg":240,"n_vehicles":50,"d":2400,"route_I_counts":"{\"15\": 50}","source":270,"target":271,"layer":"L","from":"北京孙河(地铁站)","to":"北京国展(地铁站)"},"geometry":{"type":"LineString","coordinates":[[116.528799,40.043984],[116.549279,40.068943]]}},{"type":"Feature","properties":{"shape_id":"{}","direction_id":"{\"1\": 50}","headsign":"{}","duration_avg":240,"n_vehicles":50,"d":2400,"route_I_counts":"{\"15\": 50}","source":271,"target":270,"layer":"L","from":"北京国展(地铁站)","to":"北京孙河(地铁站)"},"geometry":{"type":"LineString","coordinates":[[116.549279,40.068943],[116.528799,40.043984]]}},{"type":"Feature","properties":{"shape_id":"{}","direction_id":"{\"0\": 50}","headsign":"{}","duration_avg":120,"n_vehicles":50,"d":1200,"route_I_counts":"{\"15\": 50}","source":271,"target":272,"layer":"L","from":"北京国展(地铁站)","to":"北京花梨坎(地铁站)"},"geometry":{"type":"LineString","coordinates":[[116.549279,40.068943],[116.551748,40.083355]]}},{"type":"Feature","properties":{"shape_id":"{}","direction_id":"{\"1\": 50}","headsign":"{}","duration_avg":120,"n_vehicles":50,"d":1200,"route_I_counts":"{\"15\": 50}","source":272,"target":271,"layer":"L","from":"北京花梨坎(地铁站)","to":"北京国展(地铁站)"},"geometry":{"type":"LineString","coordinates":[[116.551748,40.083355],[116.549279,40.068943]]}},{"type":"Feature","properties":{"shape_id":"{}","direction_id":"{\"0\": 50}","headsign":"{}","duration_avg":240,"n_vehicles":50,"d":2400,"route_I_counts":"{\"15\": 50}","source":272,"target":273,"layer":"L","from":"北京花梨坎(地铁站)","to":"北京后沙峪(地铁站)"},"geometry":{"type":"LineString","coordinates":[[116.551748,40.083355],[116.558375,40.113053]]}},{"type":"Feature","properties":{"shape_id":"{}","direction_id":"{\"1\": 50}","headsign":"{}","duration_avg":240,"n_vehicles":50,"d":2400,"route_I_counts":"{\"15\": 50}","source":273,"target":272,"layer":"L","from":"北京后沙峪(地铁站)","to":"北京花梨坎(地铁站)"},"geometry":{"type":"LineString","coordinates":[[116.558375,40.113053],[116.551748,40.083355]]}},{"type":"Feature","properties":{"shape_id":"{}","direction_id":"{\"0\": 50}","headsign":"{}","duration_avg":300,"n_vehicles":50,"d":3000,"route_I_counts":"{\"15\": 50}","source":273,"target":274,"layer":"L","from":"北京后沙峪(地铁站)","to":"北京南法信(地铁站)"},"geometry":{"type":"LineString","coordinates":[[116.558375,40.113053],[116.603716,40.127424]]}},{"type":"Feature","properties":{"shape_id":"{}","direction_id":"{\"1\": 50}","headsign":"{}","duration_avg":300,"n_vehicles":50,"d":3000,"route_I_counts":"{\"15\": 50}","source":274,"target":273,"layer":"L","from":"北京南法信(地铁站)","to":"北京后沙峪(地铁站)"},"geometry":{"type":"LineString","coordinates":[[116.603716,40.127424],[116.558375,40.113053]]}},{"type":"Feature","properties":{"shape_id":"{}","direction_id":"{\"0\": 50}","headsign":"{}","duration_avg":180,"n_vehicles":50,"d":1800,"route_I_counts":"{\"15\": 50}","source":274,"target":275,"layer":"L","from":"北京南法信(地铁站)","to":"北京石门(地铁站)"},"geometry":{"type":"LineString","coordinates":[[116.603716,40.127424],[116.635245,40.128714]]}},{"type":"Feature","properties":{"shape_id":"{}","direction_id":"{\"1\": 50}","headsign":"{}","duration_avg":180,"n_vehicles":50,"d":1800,"route_I_counts":"{\"15\": 50}","source":275,"target":274,"layer":"L","from":"北京石门(地铁站)","to":"北京南法信(地铁站)"},"geometry":{"type":"LineString","coordinates":[[116.635245,40.128714],[116.603716,40.127424]]}},{"type":"Feature","properties":{"shape_id":"{}","direction_id":"{\"0\": 50}","headsign":"{}","duration_avg":180,"n_vehicles":50,"d":1800,"route_I_counts":"{\"15\": 50}","source":275,"target":276,"layer":"L","from":"北京石门(地铁站)","to":"北京顺义(地铁站)"},"geometry":{"type":"LineString","coordinates":[[116.635245,40.128714],[116.651109,40.128878]]}},{"type":"Feature","properties":{"shape_id":"{}","direction_id":"{\"1\": 50}","headsign":"{}","duration_avg":180,"n_vehicles":50,"d":1800,"route_I_counts":"{\"15\": 50}","source":276,"target":275,"layer":"L","from":"北京顺义(地铁站)","to":"北京石门(地铁站)"},"geometry":{"type":"LineString","coordinates":[[116.651109,40.128878],[116.635245,40.128714]]}},{"type":"Feature","properties":{"shape_id":"{}","direction_id":"{\"0\": 50}","headsign":"{}","duration_avg":180,"n_vehicles":50,"d":1800,"route_I_counts":"{\"15\": 50}","source":276,"target":277,"layer":"L","from":"北京顺义(地铁站)","to":"北京俸伯(地铁站)"},"geometry":{"type":"LineString","coordinates":[[116.651109,40.128878],[116.67874,40.131406]]}},{"type":"Feature","properties":{"shape_id":"{}","direction_id":"{\"1\": 50}","headsign":"{}","duration_avg":180,"n_vehicles":50,"d":1800,"route_I_counts":"{\"15\": 50}","source":277,"target":276,"layer":"L","from":"北京俸伯(地铁站)","to":"北京顺义(地铁站)"},"geometry":{"type":"LineString","coordinates":[[116.67874,40.131406],[116.651109,40.128878]]}},{"type":"Feature","properties":{"shape_id":"{}","direction_id":"{\"0\": 50}","headsign":"{}","duration_avg":120,"n_vehicles":50,"d":1200,"route_I_counts":"{\"16\": 50}","source":278,"target":279,"layer":"L","from":"北京北安河(地铁站)","to":"北京温阳路(地铁站)"},"geometry":{"type":"LineString","coordinates":[[116.124315,40.066639],[116.155135,40.067182]]}},{"type":"Feature","properties":{"shape_id":"{}","direction_id":"{\"1\": 50}","headsign":"{}","duration_avg":120,"n_vehicles":50,"d":1200,"route_I_counts":"{\"16\": 50}","source":279,"target":278,"layer":"L","from":"北京温阳路(地铁站)","to":"北京北安河(地铁站)"},"geometry":{"type":"LineString","coordinates":[[116.155135,40.067182],[116.124315,40.066639]]}},{"type":"Feature","properties":{"shape_id":"{}","direction_id":"{\"0\": 50}","headsign":"{}","duration_avg":240,"n_vehicles":50,"d":2400,"route_I_counts":"{\"16\": 50}","source":279,"target":280,"layer":"L","from":"北京温阳路(地铁站)","to":"北京稻香湖路(地铁站)"},"geometry":{"type":"LineString","coordinates":[[116.155135,40.067182],[116.181993,40.06765]]}},{"type":"Feature","properties":{"shape_id":"{}","direction_id":"{\"1\": 50}","headsign":"{}","duration_avg":240,"n_vehicles":50,"d":2400,"route_I_counts":"{\"16\": 50}","source":280,"target":279,"layer":"L","from":"北京稻香湖路(地铁站)","to":"北京温阳路(地铁站)"},"geometry":{"type":"LineString","coordinates":[[116.181993,40.06765],[116.155135,40.067182]]}},{"type":"Feature","properties":{"shape_id":"{}","direction_id":"{\"0\": 50}","headsign":"{}","duration_avg":180,"n_vehicles":50,"d":1800,"route_I_counts":"{\"16\": 50}","source":280,"target":281,"layer":"L","from":"北京稻香湖路(地铁站)","to":"北京屯佃(地铁站)"},"geometry":{"type":"LineString","coordinates":[[116.181993,40.06765],[116.209762,40.067211]]}},{"type":"Feature","properties":{"shape_id":"{}","direction_id":"{\"1\": 50}","headsign":"{}","duration_avg":180,"n_vehicles":50,"d":1800,"route_I_counts":"{\"16\": 50}","source":281,"target":280,"layer":"L","from":"北京屯佃(地铁站)","to":"北京稻香湖路(地铁站)"},"geometry":{"type":"LineString","coordinates":[[116.209762,40.067211],[116.181993,40.06765]]}},{"type":"Feature","properties":{"shape_id":"{}","direction_id":"{\"0\": 50}","headsign":"{}","duration_avg":180,"n_vehicles":50,"d":1800,"route_I_counts":"{\"16\": 50}","source":281,"target":282,"layer":"L","from":"北京屯佃(地铁站)","to":"北京永丰(地铁站)"},"geometry":{"type":"LineString","coordinates":[[116.209762,40.067211],[116.232425,40.070643]]}},{"type":"Feature","properties":{"shape_id":"{}","direction_id":"{\"1\": 50}","headsign":"{}","duration_avg":180,"n_vehicles":50,"d":1800,"route_I_counts":"{\"16\": 50}","source":282,"target":281,"layer":"L","from":"北京永丰(地铁站)","to":"北京屯佃(地铁站)"},"geometry":{"type":"LineString","coordinates":[[116.232425,40.070643],[116.209762,40.067211]]}},{"type":"Feature","properties":{"shape_id":"{}","direction_id":"{\"0\": 50}","headsign":"{}","duration_avg":180,"n_vehicles":50,"d":1800,"route_I_counts":"{\"16\": 50}","source":282,"target":283,"layer":"L","from":"北京永丰(地铁站)","to":"北京永丰南(地铁站)"},"geometry":{"type":"LineString","coordinates":[[116.232425,40.070643],[116.242104,40.064352]]}},{"type":"Feature","properties":{"shape_id":"{}","direction_id":"{\"1\": 50}","headsign":"{}","duration_avg":180,"n_vehicles":50,"d":1800,"route_I_counts":"{\"16\": 50}","source":283,"target":282,"layer":"L","from":"北京永丰南(地铁站)","to":"北京永丰(地铁站)"},"geometry":{"type":"LineString","coordinates":[[116.242104,40.064352],[116.232425,40.070643]]}},{"type":"Feature","properties":{"shape_id":"{}","direction_id":"{\"0\": 50}","headsign":"{}","duration_avg":180,"n_vehicles":50,"d":1800,"route_I_counts":"{\"16\": 50}","source":283,"target":284,"layer":"L","from":"北京永丰南(地铁站)","to":"北京西北旺(地铁站)"},"geometry":{"type":"LineString","coordinates":[[116.242104,40.064352],[116.251877,40.04748]]}},{"type":"Feature","properties":{"shape_id":"{}","direction_id":"{\"1\": 50}","headsign":"{}","duration_avg":180,"n_vehicles":50,"d":1800,"route_I_counts":"{\"16\": 50}","source":284,"target":283,"layer":"L","from":"北京西北旺(地铁站)","to":"北京永丰南(地铁站)"},"geometry":{"type":"LineString","coordinates":[[116.251877,40.04748],[116.242104,40.064352]]}},{"type":"Feature","properties":{"shape_id":"{}","direction_id":"{\"0\": 50}","headsign":"{}","duration_avg":180,"n_vehicles":50,"d":1800,"route_I_counts":"{\"16\": 50}","source":284,"target":285,"layer":"L","from":"北京西北旺(地铁站)","to":"北京马连洼(地铁站)"},"geometry":{"type":"LineString","coordinates":[[116.251877,40.04748],[116.266469,40.031406]]}},{"type":"Feature","properties":{"shape_id":"{}","direction_id":"{\"1\": 50}","headsign":"{}","duration_avg":180,"n_vehicles":50,"d":1800,"route_I_counts":"{\"16\": 50}","source":285,"target":284,"layer":"L","from":"北京马连洼(地铁站)","to":"北京西北旺(地铁站)"},"geometry":{"type":"LineString","coordinates":[[116.266469,40.031406],[116.251877,40.04748]]}},{"type":"Feature","properties":{"shape_id":"{}","direction_id":"{\"0\": 50}","headsign":"{}","duration_avg":180,"n_vehicles":50,"d":1800,"route_I_counts":"{\"16\": 50}","source":285,"target":286,"layer":"L","from":"北京马连洼(地铁站)","to":"北京农大南路(地铁站)"},"geometry":{"type":"LineString","coordinates":[[116.266469,40.031406],[116.276256,40.020111]]}},{"type":"Feature","properties":{"shape_id":"{}","direction_id":"{\"1\": 50}","headsign":"{}","duration_avg":180,"n_vehicles":50,"d":1800,"route_I_counts":"{\"16\": 50}","source":286,"target":285,"layer":"L","from":"北京农大南路(地铁站)","to":"北京马连洼(地铁站)"},"geometry":{"type":"LineString","coordinates":[[116.276256,40.020111],[116.266469,40.031406]]}},{"type":"Feature","properties":{"shape_id":"{}","direction_id":"{\"0\": 50}","headsign":"{}","duration_avg":240,"n_vehicles":50,"d":2400,"route_I_counts":"{\"16\": 50}","source":286,"target":55,"layer":"L","from":"北京农大南路(地铁站)","to":"北京西苑(地铁站)"},"geometry":{"type":"LineString","coordinates":[[116.276256,40.020111],[116.284839,39.997008]]}},{"type":"Feature","properties":{"shape_id":"{}","direction_id":"{\"1\": 50}","headsign":"{}","duration_avg":240,"n_vehicles":50,"d":2400,"route_I_counts":"{\"16\": 50}","source":55,"target":286,"layer":"L","from":"北京西苑(地铁站)","to":"北京农大南路(地铁站)"},"geometry":{"type":"LineString","coordinates":[[116.284839,39.997008],[116.276256,40.020111]]}},{"type":"Feature","properties":{"shape_id":"{}","direction_id":"{\"0\": 50}","headsign":"{}","duration_avg":180,"n_vehicles":50,"d":1800,"route_I_counts":"{\"16\": 50}","source":55,"target":287,"layer":"L","from":"北京西苑(地铁站)","to":"北京万泉河桥(地铁站)"},"geometry":{"type":"LineString","coordinates":[[116.284839,39.997008],[116.292947,39.983986]]}},{"type":"Feature","properties":{"shape_id":"{}","direction_id":"{\"1\": 50}","headsign":"{}","duration_avg":180,"n_vehicles":50,"d":1800,"route_I_counts":"{\"16\": 50}","source":287,"target":55,"layer":"L","from":"北京万泉河桥(地铁站)","to":"北京西苑(地铁站)"},"geometry":{"type":"LineString","coordinates":[[116.292947,39.983986],[116.284839,39.997008]]}},{"type":"Feature","properties":{"shape_id":"{}","direction_id":"{\"0\": 50}","headsign":"{}","duration_avg":240,"n_vehicles":50,"d":2400,"route_I_counts":"{\"16\": 50}","source":287,"target":173,"layer":"L","from":"北京万泉河桥(地铁站)","to":"北京苏州街(地铁站)"},"geometry":{"type":"LineString","coordinates":[[116.292947,39.983986],[116.300237,39.974367]]}},{"type":"Feature","properties":{"shape_id":"{}","direction_id":"{\"1\": 50}","headsign":"{}","duration_avg":240,"n_vehicles":50,"d":2400,"route_I_counts":"{\"16\": 50}","source":173,"target":287,"layer":"L","from":"北京苏州街(地铁站)","to":"北京万泉河桥(地铁站)"},"geometry":{"type":"LineString","coordinates":[[116.300237,39.974367],[116.292947,39.983986]]}},{"type":"Feature","properties":{"shape_id":"{}","direction_id":"{\"0\": 50}","headsign":"{}","duration_avg":180,"n_vehicles":50,"d":1800,"route_I_counts":"{\"16\": 50}","source":173,"target":223,"layer":"L","from":"北京苏州街(地铁站)","to":"北京苏州桥(地铁站)"},"geometry":{"type":"LineString","coordinates":[[116.300237,39.974367],[116.300461,39.960193]]}},{"type":"Feature","properties":{"shape_id":"{}","direction_id":"{\"1\": 50}","headsign":"{}","duration_avg":180,"n_vehicles":50,"d":1800,"route_I_counts":"{\"16\": 50}","source":223,"target":173,"layer":"L","from":"北京苏州桥(地铁站)","to":"北京苏州街(地铁站)"},"geometry":{"type":"LineString","coordinates":[[116.300461,39.960193],[116.300237,39.974367]]}},{"type":"Feature","properties":{"shape_id":"{}","direction_id":"{\"0\": 50}","headsign":"{}","duration_avg":180,"n_vehicles":50,"d":1800,"route_I_counts":"{\"16\": 50}","source":223,"target":288,"layer":"L","from":"北京苏州桥(地铁站)","to":"北京万寿寺(地铁站)"},"geometry":{"type":"LineString","coordinates":[[116.300461,39.960193],[116.303805,39.946493]]}},{"type":"Feature","properties":{"shape_id":"{}","direction_id":"{\"1\": 50}","headsign":"{}","duration_avg":180,"n_vehicles":50,"d":1800,"route_I_counts":"{\"16\": 50}","source":288,"target":223,"layer":"L","from":"北京万寿寺(地铁站)","to":"北京苏州桥(地铁站)"},"geometry":{"type":"LineString","coordinates":[[116.303805,39.946493],[116.300461,39.960193]]}},{"type":"Feature","properties":{"shape_id":"{}","direction_id":"{\"0\": 50}","headsign":"{}","duration_avg":120,"n_vehicles":50,"d":1200,"route_I_counts":"{\"16\": 50}","source":288,"target":62,"layer":"L","from":"北京万寿寺(地铁站)","to":"北京国家图书馆(地铁站)"},"geometry":{"type":"LineString","coordinates":[[116.303805,39.946493],[116.319009,39.941867]]}},{"type":"Feature","properties":{"shape_id":"{}","direction_id":"{\"1\": 50}","headsign":"{}","duration_avg":120,"n_vehicles":50,"d":1200,"route_I_counts":"{\"16\": 50}","source":62,"target":288,"layer":"L","from":"北京国家图书馆(地铁站)","to":"北京万寿寺(地铁站)"},"geometry":{"type":"LineString","coordinates":[[116.319009,39.941867],[116.303805,39.946493]]}},{"type":"Feature","properties":{"shape_id":"{}","direction_id":"{\"0\": 50}","headsign":"{}","duration_avg":240,"n_vehicles":50,"d":2400,"route_I_counts":"{\"16\": 50}","source":62,"target":289,"layer":"L","from":"北京国家图书馆(地铁站)","to":"北京二里沟(地铁站)"},"geometry":{"type":"LineString","coordinates":[[116.319009,39.941867],[116.327552,39.931086]]}},{"type":"Feature","properties":{"shape_id":"{}","direction_id":"{\"1\": 50}","headsign":"{}","duration_avg":240,"n_vehicles":50,"d":2400,"route_I_counts":"{\"16\": 50}","source":289,"target":62,"layer":"L","from":"北京二里沟(地铁站)","to":"北京国家图书馆(地铁站)"},"geometry":{"type":"LineString","coordinates":[[116.327552,39.931086],[116.319009,39.941867]]}},{"type":"Feature","properties":{"shape_id":"{}","direction_id":"{\"0\": 50}","headsign":"{}","duration_avg":120,"n_vehicles":50,"d":1200,"route_I_counts":"{\"16\": 50}","source":289,"target":290,"layer":"L","from":"北京二里沟(地铁站)","to":"北京甘家口(地铁站)"},"geometry":{"type":"LineString","coordinates":[[116.327552,39.931086],[116.328396,39.921843]]}},{"type":"Feature","properties":{"shape_id":"{}","direction_id":"{\"1\": 50}","headsign":"{}","duration_avg":120,"n_vehicles":50,"d":1200,"route_I_counts":"{\"16\": 50}","source":290,"target":289,"layer":"L","from":"北京甘家口(地铁站)","to":"北京二里沟(地铁站)"},"geometry":{"type":"LineString","coordinates":[[116.328396,39.921843],[116.327552,39.931086]]}},{"type":"Feature","properties":{"shape_id":"{}","direction_id":"{\"0\": 50}","headsign":"{}","duration_avg":180,"n_vehicles":50,"d":1800,"route_I_counts":"{\"16\": 50}","source":290,"target":291,"layer":"L","from":"北京甘家口(地铁站)","to":"北京玉渊潭东门(地铁站)"},"geometry":{"type":"LineString","coordinates":[[116.328396,39.921843],[116.328381,39.912632]]}},{"type":"Feature","properties":{"shape_id":"{}","direction_id":"{\"1\": 50}","headsign":"{}","duration_avg":180,"n_vehicles":50,"d":1800,"route_I_counts":"{\"16\": 50}","source":291,"target":290,"layer":"L","from":"北京玉渊潭东门(地铁站)","to":"北京甘家口(地铁站)"},"geometry":{"type":"LineString","coordinates":[[116.328381,39.912632],[116.328396,39.921843]]}},{"type":"Feature","properties":{"shape_id":"{}","direction_id":"{\"0\": 50}","headsign":"{}","duration_avg":120,"n_vehicles":50,"d":1200,"route_I_counts":"{\"16\": 50}","source":291,"target":26,"layer":"L","from":"北京玉渊潭东门(地铁站)","to":"北京木樨地(地铁站)"},"geometry":{"type":"LineString","coordinates":[[116.328381,39.912632],[116.331427,39.90605]]}},{"type":"Feature","properties":{"shape_id":"{}","direction_id":"{\"1\": 50}","headsign":"{}","duration_avg":120,"n_vehicles":50,"d":1200,"route_I_counts":"{\"16\": 50}","source":26,"target":291,"layer":"L","from":"北京木樨地(地铁站)","to":"北京玉渊潭东门(地铁站)"},"geometry":{"type":"LineString","coordinates":[[116.331427,39.90605],[116.328381,39.912632]]}},{"type":"Feature","properties":{"shape_id":"{}","direction_id":"{\"0\": 50}","headsign":"{}","duration_avg":180,"n_vehicles":50,"d":1800,"route_I_counts":"{\"16\": 50}","source":26,"target":107,"layer":"L","from":"北京木樨地(地铁站)","to":"北京达官营(地铁站)"},"geometry":{"type":"LineString","coordinates":[[116.331427,39.90605],[116.329611,39.888577]]}},{"type":"Feature","properties":{"shape_id":"{}","direction_id":"{\"1\": 50}","headsign":"{}","duration_avg":180,"n_vehicles":50,"d":1800,"route_I_counts":"{\"16\": 50}","source":107,"target":26,"layer":"L","from":"北京达官营(地铁站)","to":"北京木樨地(地铁站)"},"geometry":{"type":"LineString","coordinates":[[116.329611,39.888577],[116.331427,39.90605]]}},{"type":"Feature","properties":{"shape_id":"{}","direction_id":"{\"0\": 50}","headsign":"{}","duration_avg":180,"n_vehicles":50,"d":1800,"route_I_counts":"{\"16\": 50}","source":107,"target":292,"layer":"L","from":"北京达官营(地铁站)","to":"北京红莲南路(地铁站)"},"geometry":{"type":"LineString","coordinates":[[116.329611,39.888577],[116.330517,39.876207]]}},{"type":"Feature","properties":{"shape_id":"{}","direction_id":"{\"1\": 50}","headsign":"{}","duration_avg":180,"n_vehicles":50,"d":1800,"route_I_counts":"{\"16\": 50}","source":292,"target":107,"layer":"L","from":"北京红莲南路(地铁站)","to":"北京达官营(地铁站)"},"geometry":{"type":"LineString","coordinates":[[116.330517,39.876207],[116.329611,39.888577]]}},{"type":"Feature","properties":{"shape_id":"{}","direction_id":"{\"0\": 50}","headsign":"{}","duration_avg":120,"n_vehicles":50,"d":1200,"route_I_counts":"{\"16\": 50}","source":292,"target":255,"layer":"L","from":"北京红莲南路(地铁站)","to":"北京丽泽商务区(地铁站)"},"geometry":{"type":"LineString","coordinates":[[116.330517,39.876207],[116.325447,39.866399]]}},{"type":"Feature","properties":{"shape_id":"{}","direction_id":"{\"1\": 50}","headsign":"{}","duration_avg":120,"n_vehicles":50,"d":1200,"route_I_counts":"{\"16\": 50}","source":255,"target":292,"layer":"L","from":"北京丽泽商务区(地铁站)","to":"北京红莲南路(地铁站)"},"geometry":{"type":"LineString","coordinates":[[116.325447,39.866399],[116.330517,39.876207]]}},{"type":"Feature","properties":{"shape_id":"{}","direction_id":"{\"0\": 50}","headsign":"{}","duration_avg":120,"n_vehicles":50,"d":1200,"route_I_counts":"{\"16\": 50}","source":255,"target":293,"layer":"L","from":"北京丽泽商务区(地铁站)","to":"北京东管头南(地铁站)"},"geometry":{"type":"LineString","coordinates":[[116.325447,39.866399],[116.316839,39.853025]]}},{"type":"Feature","properties":{"shape_id":"{}","direction_id":"{\"1\": 50}","headsign":"{}","duration_avg":120,"n_vehicles":50,"d":1200,"route_I_counts":"{\"16\": 50}","source":293,"target":255,"layer":"L","from":"北京东管头南(地铁站)","to":"北京丽泽商务区(地铁站)"},"geometry":{"type":"LineString","coordinates":[[116.316839,39.853025],[116.325447,39.866399]]}},{"type":"Feature","properties":{"shape_id":"{}","direction_id":"{\"0\": 50}","headsign":"{}","duration_avg":120,"n_vehicles":50,"d":1200,"route_I_counts":"{\"16\": 50}","source":293,"target":198,"layer":"L","from":"北京东管头南(地铁站)","to":"北京丰台站(地铁站)"},"geometry":{"type":"LineString","coordinates":[[116.316839,39.853025],[116.298426,39.848984]]}},{"type":"Feature","properties":{"shape_id":"{}","direction_id":"{\"1\": 50}","headsign":"{}","duration_avg":120,"n_vehicles":50,"d":1200,"route_I_counts":"{\"16\": 50}","source":198,"target":293,"layer":"L","from":"北京丰台站(地铁站)","to":"北京东管头南(地铁站)"},"geometry":{"type":"LineString","coordinates":[[116.298426,39.848984],[116.316839,39.853025]]}},{"type":"Feature","properties":{"shape_id":"{}","direction_id":"{\"0\": 50}","headsign":"{}","duration_avg":180,"n_vehicles":50,"d":1800,"route_I_counts":"{\"16\": 50}","source":198,"target":165,"layer":"L","from":"北京丰台站(地铁站)","to":"北京丰台南路(地铁站)"},"geometry":{"type":"LineString","coordinates":[[116.298426,39.848984],[116.290536,39.8395]]}},{"type":"Feature","properties":{"shape_id":"{}","direction_id":"{\"1\": 50}","headsign":"{}","duration_avg":180,"n_vehicles":50,"d":1800,"route_I_counts":"{\"16\": 50}","source":165,"target":198,"layer":"L","from":"北京丰台南路(地铁站)","to":"北京丰台站(地铁站)"},"geometry":{"type":"LineString","coordinates":[[116.290536,39.8395],[116.298426,39.848984]]}},{"type":"Feature","properties":{"shape_id":"{}","direction_id":"{\"0\": 50}","headsign":"{}","duration_avg":180,"n_vehicles":50,"d":1800,"route_I_counts":"{\"16\": 50}","source":165,"target":294,"layer":"L","from":"北京丰台南路(地铁站)","to":"北京富丰桥(地铁站)"},"geometry":{"type":"LineString","coordinates":[[116.290536,39.8395],[116.280979,39.834989]]}},{"type":"Feature","properties":{"shape_id":"{}","direction_id":"{\"1\": 50}","headsign":"{}","duration_avg":180,"n_vehicles":50,"d":1800,"route_I_counts":"{\"16\": 50}","source":294,"target":165,"layer":"L","from":"北京富丰桥(地铁站)","to":"北京丰台南路(地铁站)"},"geometry":{"type":"LineString","coordinates":[[116.280979,39.834989],[116.290536,39.8395]]}},{"type":"Feature","properties":{"shape_id":"{}","direction_id":"{\"0\": 50}","headsign":"{}","duration_avg":120,"n_vehicles":50,"d":1200,"route_I_counts":"{\"16\": 50}","source":294,"target":295,"layer":"L","from":"北京富丰桥(地铁站)","to":"北京看丹(地铁站)"},"geometry":{"type":"LineString","coordinates":[[116.280979,39.834989],[116.266491,39.833688]]}},{"type":"Feature","properties":{"shape_id":"{}","direction_id":"{\"1\": 50}","headsign":"{}","duration_avg":120,"n_vehicles":50,"d":1200,"route_I_counts":"{\"16\": 50}","source":295,"target":294,"layer":"L","from":"北京看丹(地铁站)","to":"北京富丰桥(地铁站)"},"geometry":{"type":"LineString","coordinates":[[116.266491,39.833688],[116.280979,39.834989]]}},{"type":"Feature","properties":{"shape_id":"{}","direction_id":"{\"0\": 50}","headsign":"{}","duration_avg":180,"n_vehicles":50,"d":1800,"route_I_counts":"{\"16\": 50}","source":295,"target":296,"layer":"L","from":"北京看丹(地铁站)","to":"北京榆树庄(地铁站)"},"geometry":{"type":"LineString","coordinates":[[116.266491,39.833688],[116.252943,39.837527]]}},{"type":"Feature","properties":{"shape_id":"{}","direction_id":"{\"1\": 50}","headsign":"{}","duration_avg":180,"n_vehicles":50,"d":1800,"route_I_counts":"{\"16\": 50}","source":296,"target":295,"layer":"L","from":"北京榆树庄(地铁站)","to":"北京看丹(地铁站)"},"geometry":{"type":"LineString","coordinates":[[116.252943,39.837527],[116.266491,39.833688]]}},{"type":"Feature","properties":{"shape_id":"{}","direction_id":"{\"0\": 50}","headsign":"{}","duration_avg":180,"n_vehicles":50,"d":1800,"route_I_counts":"{\"16\": 50}","source":296,"target":297,"layer":"L","from":"北京榆树庄(地铁站)","to":"北京洪泰庄(地铁站)"},"geometry":{"type":"LineString","coordinates":[[116.252943,39.837527],[116.243299,39.847325]]}},{"type":"Feature","properties":{"shape_id":"{}","direction_id":"{\"1\": 50}","headsign":"{}","duration_avg":180,"n_vehicles":50,"d":1800,"route_I_counts":"{\"16\": 50}","source":297,"target":296,"layer":"L","from":"北京洪泰庄(地铁站)","to":"北京榆树庄(地铁站)"},"geometry":{"type":"LineString","coordinates":[[116.243299,39.847325],[116.252943,39.837527]]}},{"type":"Feature","properties":{"shape_id":"{}","direction_id":"{\"0\": 50}","headsign":"{}","duration_avg":120,"n_vehicles":50,"d":1200,"route_I_counts":"{\"16\": 50}","source":297,"target":298,"layer":"L","from":"北京洪泰庄(地铁站)","to":"北京宛平城(地铁站)"},"geometry":{"type":"LineString","coordinates":[[116.243299,39.847325],[116.223532,39.847837]]}},{"type":"Feature","properties":{"shape_id":"{}","direction_id":"{\"1\": 50}","headsign":"{}","duration_avg":120,"n_vehicles":50,"d":1200,"route_I_counts":"{\"16\": 50}","source":298,"target":297,"layer":"L","from":"北京宛平城(地铁站)","to":"北京洪泰庄(地铁站)"},"geometry":{"type":"LineString","coordinates":[[116.223532,39.847837],[116.243299,39.847325]]}},{"type":"Feature","properties":{"shape_id":"{}","direction_id":"{\"0\": 50}","headsign":"{}","duration_avg":120,"n_vehicles":50,"d":1200,"route_I_counts":"{\"17\": 50}","source":74,"target":299,"layer":"L","from":"北京新宫(地铁站)","to":"北京新发地(地铁站)"},"geometry":{"type":"LineString","coordinates":[[116.359348,39.811221],[116.340185,39.82222]]}},{"type":"Feature","properties":{"shape_id":"{}","direction_id":"{\"1\": 50}","headsign":"{}","duration_avg":120,"n_vehicles":50,"d":1200,"route_I_counts":"{\"17\": 50}","source":299,"target":74,"layer":"L","from":"北京新发地(地铁站)","to":"北京新宫(地铁站)"},"geometry":{"type":"LineString","coordinates":[[116.340185,39.82222],[116.359348,39.811221]]}},{"type":"Feature","properties":{"shape_id":"{}","direction_id":"{\"0\": 50}","headsign":"{}","duration_avg":180,"n_vehicles":50,"d":1800,"route_I_counts":"{\"17\": 50}","source":299,"target":195,"layer":"L","from":"北京新发地(地铁站)","to":"北京草桥(地铁站)"},"geometry":{"type":"LineString","coordinates":[[116.340185,39.82222],[116.345209,39.844517]]}},{"type":"Feature","properties":{"shape_id":"{}","direction_id":"{\"1\": 50}","headsign":"{}","duration_avg":180,"n_vehicles":50,"d":1800,"route_I_counts":"{\"17\": 50}","source":195,"target":299,"layer":"L","from":"北京草桥(地铁站)","to":"北京新发地(地铁站)"},"geometry":{"type":"LineString","coordinates":[[116.345209,39.844517],[116.340185,39.82222]]}},{"type":"Feature","properties":{"shape_id":"{}","direction_id":"{\"0\": 50}","headsign":"{}","duration_avg":240,"n_vehicles":50,"d":2400,"route_I_counts":"{\"17\": 50}","source":195,"target":252,"layer":"L","from":"北京草桥(地铁站)","to":"北京景风门(地铁站)"},"geometry":{"type":"LineString","coordinates":[[116.345209,39.844517],[116.359825,39.861255]]}},{"type":"Feature","properties":{"shape_id":"{}","direction_id":"{\"1\": 50}","headsign":"{}","duration_avg":240,"n_vehicles":50,"d":2400,"route_I_counts":"{\"17\": 50}","source":252,"target":195,"layer":"L","from":"北京景风门(地铁站)","to":"北京草桥(地铁站)"},"geometry":{"type":"LineString","coordinates":[[116.359825,39.861255],[116.345209,39.844517]]}},{"type":"Feature","properties":{"shape_id":"{}","direction_id":"{\"0\": 50}","headsign":"{}","duration_avg":240,"n_vehicles":50,"d":2400,"route_I_counts":"{\"17\": 50}","source":252,"target":300,"layer":"L","from":"北京景风门(地铁站)","to":"北京牛街(地铁站)"},"geometry":{"type":"LineString","coordinates":[[116.359825,39.861255],[116.357269,39.889346]]}},{"type":"Feature","properties":{"shape_id":"{}","direction_id":"{\"1\": 50}","headsign":"{}","duration_avg":240,"n_vehicles":50,"d":2400,"route_I_counts":"{\"17\": 50}","source":300,"target":252,"layer":"L","from":"北京牛街(地铁站)","to":"北京景风门(地铁站)"},"geometry":{"type":"LineString","coordinates":[[116.357269,39.889346],[116.359825,39.861255]]}},{"type":"Feature","properties":{"shape_id":"{}","direction_id":"{\"0\": 50}","headsign":"{}","duration_avg":120,"n_vehicles":50,"d":1200,"route_I_counts":"{\"17\": 50}","source":300,"target":301,"layer":"L","from":"北京牛街(地铁站)","to":"北京太平桥(地铁站)"},"geometry":{"type":"LineString","coordinates":[[116.357269,39.889346],[116.357027,39.908156]]}},{"type":"Feature","properties":{"shape_id":"{}","direction_id":"{\"1\": 50}","headsign":"{}","duration_avg":120,"n_vehicles":50,"d":1200,"route_I_counts":"{\"17\": 50}","source":301,"target":300,"layer":"L","from":"北京太平桥(地铁站)","to":"北京牛街(地铁站)"},"geometry":{"type":"LineString","coordinates":[[116.357027,39.908156],[116.357269,39.889346]]}},{"type":"Feature","properties":{"shape_id":"{}","direction_id":"{\"0\": 50}","headsign":"{}","duration_avg":240,"n_vehicles":50,"d":2400,"route_I_counts":"{\"17\": 50}","source":301,"target":65,"layer":"L","from":"北京太平桥(地铁站)","to":"北京平安里(地铁站)"},"geometry":{"type":"LineString","coordinates":[[116.357027,39.908156],[116.366657,39.932562]]}},{"type":"Feature","properties":{"shape_id":"{}","direction_id":"{\"1\": 50}","headsign":"{}","duration_avg":240,"n_vehicles":50,"d":2400,"route_I_counts":"{\"17\": 50}","source":65,"target":301,"layer":"L","from":"北京平安里(地铁站)","to":"北京太平桥(地铁站)"},"geometry":{"type":"LineString","coordinates":[[116.366657,39.932562],[116.357027,39.908156]]}},{"type":"Feature","properties":{"shape_id":"{}","direction_id":"{\"0\": 50}","headsign":"{}","duration_avg":180,"n_vehicles":50,"d":1800,"route_I_counts":"{\"17\": 50}","source":65,"target":37,"layer":"L","from":"北京平安里(地铁站)","to":"北京积水潭(地铁站)"},"geometry":{"type":"LineString","coordinates":[[116.366657,39.932562],[116.366897,39.947266]]}},{"type":"Feature","properties":{"shape_id":"{}","direction_id":"{\"1\": 50}","headsign":"{}","duration_avg":180,"n_vehicles":50,"d":1800,"route_I_counts":"{\"17\": 50}","source":37,"target":65,"layer":"L","from":"北京积水潭(地铁站)","to":"北京平安里(地铁站)"},"geometry":{"type":"LineString","coordinates":[[116.366897,39.947266],[116.366657,39.932562]]}},{"type":"Feature","properties":{"shape_id":"{}","direction_id":"{\"0\": 50}","headsign":"{}","duration_avg":180,"n_vehicles":50,"d":1800,"route_I_counts":"{\"17\": 50}","source":37,"target":220,"layer":"L","from":"北京积水潭(地铁站)","to":"北京北太平庄(地铁站)"},"geometry":{"type":"LineString","coordinates":[[116.366897,39.947266],[116.363809,39.966496]]}},{"type":"Feature","properties":{"shape_id":"{}","direction_id":"{\"1\": 50}","headsign":"{}","duration_avg":180,"n_vehicles":50,"d":1800,"route_I_counts":"{\"17\": 50}","source":220,"target":37,"layer":"L","from":"北京北太平庄(地铁站)","to":"北京积水潭(地铁站)"},"geometry":{"type":"LineString","coordinates":[[116.363809,39.966496],[116.366897,39.947266]]}},{"type":"Feature","properties":{"shape_id":"{}","direction_id":"{\"0\": 50}","headsign":"{}","duration_avg":60,"n_vehicles":50,"d":600,"route_I_counts":"{\"17\": 50}","source":220,"target":177,"layer":"L","from":"北京北太平庄(地铁站)","to":"北京牡丹园(地铁站)"},"geometry":{"type":"LineString","coordinates":[[116.363809,39.966496],[116.363391,39.975003]]}},{"type":"Feature","properties":{"shape_id":"{}","direction_id":"{\"1\": 50}","headsign":"{}","duration_avg":60,"n_vehicles":50,"d":600,"route_I_counts":"{\"17\": 50}","source":177,"target":220,"layer":"L","from":"北京牡丹园(地铁站)","to":"北京北太平庄(地铁站)"},"geometry":{"type":"LineString","coordinates":[[116.363391,39.975003],[116.363809,39.966496]]}},{"type":"Feature","properties":{"shape_id":"{}","direction_id":"{\"0\": 50}","headsign":"{}","duration_avg":120,"n_vehicles":50,"d":1200,"route_I_counts":"{\"18\": 50}","source":302,"target":303,"layer":"L","from":"北京大兴机场(地铁站)","to":"北京大兴新城(地铁站)"},"geometry":{"type":"LineString","coordinates":[[116.410421,39.51195],[116.359331,39.73422]]}},{"type":"Feature","properties":{"shape_id":"{}","direction_id":"{\"1\": 50}","headsign":"{}","duration_avg":120,"n_vehicles":50,"d":1200,"route_I_counts":"{\"18\": 50}","source":303,"target":302,"layer":"L","from":"北京大兴新城(地铁站)","to":"北京大兴机场(地铁站)"},"geometry":{"type":"LineString","coordinates":[[116.359331,39.73422],[116.410421,39.51195]]}},{"type":"Feature","properties":{"shape_id":"{}","direction_id":"{\"0\": 50}","headsign":"{}","duration_avg":120,"n_vehicles":50,"d":1200,"route_I_counts":"{\"18\": 50}","source":303,"target":195,"layer":"L","from":"北京大兴新城(地铁站)","to":"北京草桥(地铁站)"},"geometry":{"type":"LineString","coordinates":[[116.359331,39.73422],[116.345209,39.844517]]}},{"type":"Feature","properties":{"shape_id":"{}","direction_id":"{\"1\": 50}","headsign":"{}","duration_avg":120,"n_vehicles":50,"d":1200,"route_I_counts":"{\"18\": 50}","source":195,"target":303,"layer":"L","from":"北京草桥(地铁站)","to":"北京大兴新城(地铁站)"},"geometry":{"type":"LineString","coordinates":[[116.345209,39.844517],[116.359331,39.73422]]}},{"type":"Feature","properties":{"shape_id":"{}","direction_id":"{\"0\": 50}","headsign":"{}","duration_avg":60,"n_vehicles":50,"d":600,"route_I_counts":"{\"19\": 50}","source":304,"target":305,"layer":"L","from":"北京昌平西山口(地铁站)","to":"北京十三陵景区(地铁站)"},"geometry":{"type":"LineString","coordinates":[[116.189213,40.243336],[116.201511,40.23894]]}},{"type":"Feature","properties":{"shape_id":"{}","direction_id":"{\"1\": 50}","headsign":"{}","duration_avg":60,"n_vehicles":50,"d":600,"route_I_counts":"{\"19\": 50}","source":305,"target":304,"layer":"L","from":"北京十三陵景区(地铁站)","to":"北京昌平西山口(地铁站)"},"geometry":{"type":"LineString","coordinates":[[116.201511,40.23894],[116.189213,40.243336]]}},{"type":"Feature","properties":{"shape_id":"{}","direction_id":"{\"0\": 50}","headsign":"{}","duration_avg":240,"n_vehicles":50,"d":2400,"route_I_counts":"{\"19\": 50}","source":305,"target":306,"layer":"L","from":"北京十三陵景区(地铁站)","to":"北京昌平(地铁站)"},"geometry":{"type":"LineString","coordinates":[[116.201511,40.23894],[116.227511,40.219306]]}},{"type":"Feature","properties":{"shape_id":"{}","direction_id":"{\"1\": 50}","headsign":"{}","duration_avg":240,"n_vehicles":50,"d":2400,"route_I_counts":"{\"19\": 50}","source":306,"target":305,"layer":"L","from":"北京昌平(地铁站)","to":"北京十三陵景区(地铁站)"},"geometry":{"type":"LineString","coordinates":[[116.227511,40.219306],[116.201511,40.23894]]}},{"type":"Feature","properties":{"shape_id":"{}","direction_id":"{\"0\": 50}","headsign":"{}","duration_avg":180,"n_vehicles":50,"d":1800,"route_I_counts":"{\"19\": 50}","source":306,"target":307,"layer":"L","from":"北京昌平(地铁站)","to":"北京昌平东关(地铁站)"},"geometry":{"type":"LineString","coordinates":[[116.227511,40.219306],[116.255991,40.220487]]}},{"type":"Feature","properties":{"shape_id":"{}","direction_id":"{\"1\": 50}","headsign":"{}","duration_avg":180,"n_vehicles":50,"d":1800,"route_I_counts":"{\"19\": 50}","source":307,"target":306,"layer":"L","from":"北京昌平东关(地铁站)","to":"北京昌平(地铁站)"},"geometry":{"type":"LineString","coordinates":[[116.255991,40.220487],[116.227511,40.219306]]}},{"type":"Feature","properties":{"shape_id":"{}","direction_id":"{\"0\": 50}","headsign":"{}","duration_avg":120,"n_vehicles":50,"d":1200,"route_I_counts":"{\"19\": 50}","source":307,"target":308,"layer":"L","from":"北京昌平东关(地铁站)","to":"北京北邵洼(地铁站)"},"geometry":{"type":"LineString","coordinates":[[116.255991,40.220487],[116.275867,40.220751]]}},{"type":"Feature","properties":{"shape_id":"{}","direction_id":"{\"1\": 50}","headsign":"{}","duration_avg":120,"n_vehicles":50,"d":1200,"route_I_counts":"{\"19\": 50}","source":308,"target":307,"layer":"L","from":"北京北邵洼(地铁站)","to":"北京昌平东关(地铁站)"},"geometry":{"type":"LineString","coordinates":[[116.275867,40.220751],[116.255991,40.220487]]}},{"type":"Feature","properties":{"shape_id":"{}","direction_id":"{\"0\": 50}","headsign":"{}","duration_avg":180,"n_vehicles":50,"d":1800,"route_I_counts":"{\"19\": 50}","source":308,"target":309,"layer":"L","from":"北京北邵洼(地铁站)","to":"北京南邵(地铁站)"},"geometry":{"type":"LineString","coordinates":[[116.275867,40.220751],[116.28154,40.206269]]}},{"type":"Feature","properties":{"shape_id":"{}","direction_id":"{\"1\": 50}","headsign":"{}","duration_avg":180,"n_vehicles":50,"d":1800,"route_I_counts":"{\"19\": 50}","source":309,"target":308,"layer":"L","from":"北京南邵(地铁站)","to":"北京北邵洼(地铁站)"},"geometry":{"type":"LineString","coordinates":[[116.28154,40.206269],[116.275867,40.220751]]}},{"type":"Feature","properties":{"shape_id":"{}","direction_id":"{\"0\": 50}","headsign":"{}","duration_avg":300,"n_vehicles":50,"d":3000,"route_I_counts":"{\"19\": 50}","source":309,"target":310,"layer":"L","from":"北京南邵(地铁站)","to":"北京沙河高教园(地铁站)"},"geometry":{"type":"LineString","coordinates":[[116.28154,40.206269],[116.274388,40.163418]]}},{"type":"Feature","properties":{"shape_id":"{}","direction_id":"{\"1\": 50}","headsign":"{}","duration_avg":300,"n_vehicles":50,"d":3000,"route_I_counts":"{\"19\": 50}","source":310,"target":309,"layer":"L","from":"北京沙河高教园(地铁站)","to":"北京南邵(地铁站)"},"geometry":{"type":"LineString","coordinates":[[116.274388,40.163418],[116.28154,40.206269]]}},{"type":"Feature","properties":{"shape_id":"{}","direction_id":"{\"0\": 50}","headsign":"{}","duration_avg":180,"n_vehicles":50,"d":1800,"route_I_counts":"{\"19\": 50}","source":310,"target":311,"layer":"L","from":"北京沙河高教园(地铁站)","to":"北京沙河(地铁站)"},"geometry":{"type":"LineString","coordinates":[[116.274388,40.163418],[116.28278,40.147021]]}},{"type":"Feature","properties":{"shape_id":"{}","direction_id":"{\"1\": 50}","headsign":"{}","duration_avg":180,"n_vehicles":50,"d":1800,"route_I_counts":"{\"19\": 50}","source":311,"target":310,"layer":"L","from":"北京沙河(地铁站)","to":"北京沙河高教园(地铁站)"},"geometry":{"type":"LineString","coordinates":[[116.28278,40.147021],[116.274388,40.163418]]}},{"type":"Feature","properties":{"shape_id":"{}","direction_id":"{\"0\": 50}","headsign":"{}","duration_avg":180,"n_vehicles":50,"d":1800,"route_I_counts":"{\"19\": 50}","source":311,"target":312,"layer":"L","from":"北京沙河(地铁站)","to":"北京巩华城(地铁站)"},"geometry":{"type":"LineString","coordinates":[[116.28278,40.147021],[116.287889,40.129637]]}},{"type":"Feature","properties":{"shape_id":"{}","direction_id":"{\"1\": 50}","headsign":"{}","duration_avg":180,"n_vehicles":50,"d":1800,"route_I_counts":"{\"19\": 50}","source":312,"target":311,"layer":"L","from":"北京巩华城(地铁站)","to":"北京沙河(地铁站)"},"geometry":{"type":"LineString","coordinates":[[116.287889,40.129637],[116.28278,40.147021]]}},{"type":"Feature","properties":{"shape_id":"{}","direction_id":"{\"0\": 50}","headsign":"{}","duration_avg":300,"n_vehicles":50,"d":3000,"route_I_counts":"{\"19\": 50}","source":312,"target":161,"layer":"L","from":"北京巩华城(地铁站)","to":"北京朱辛庄(地铁站)"},"geometry":{"type":"LineString","coordinates":[[116.287889,40.129637],[116.307571,40.103003]]}},{"type":"Feature","properties":{"shape_id":"{}","direction_id":"{\"1\": 50}","headsign":"{}","duration_avg":300,"n_vehicles":50,"d":3000,"route_I_counts":"{\"19\": 50}","source":161,"target":312,"layer":"L","from":"北京朱辛庄(地铁站)","to":"北京巩华城(地铁站)"},"geometry":{"type":"LineString","coordinates":[[116.307571,40.103003],[116.287889,40.129637]]}},{"type":"Feature","properties":{"shape_id":"{}","direction_id":"{\"0\": 50}","headsign":"{}","duration_avg":180,"n_vehicles":50,"d":1800,"route_I_counts":"{\"19\": 50}","source":161,"target":313,"layer":"L","from":"北京朱辛庄(地铁站)","to":"北京生命科学园(地铁站)"},"geometry":{"type":"LineString","coordinates":[[116.307571,40.103003],[116.288144,40.093529]]}},{"type":"Feature","properties":{"shape_id":"{}","direction_id":"{\"1\": 50}","headsign":"{}","duration_avg":180,"n_vehicles":50,"d":1800,"route_I_counts":"{\"19\": 50}","source":313,"target":161,"layer":"L","from":"北京生命科学园(地铁站)","to":"北京朱辛庄(地铁站)"},"geometry":{"type":"LineString","coordinates":[[116.288144,40.093529],[116.307571,40.103003]]}},{"type":"Feature","properties":{"shape_id":"{}","direction_id":"{\"0\": 50}","headsign":"{}","duration_avg":360,"n_vehicles":50,"d":3600,"route_I_counts":"{\"19\": 50}","source":313,"target":231,"layer":"L","from":"北京生命科学园(地铁站)","to":"北京西二旗(地铁站)"},"geometry":{"type":"LineString","coordinates":[[116.288144,40.093529],[116.300191,40.051757]]}},{"type":"Feature","properties":{"shape_id":"{}","direction_id":"{\"1\": 50}","headsign":"{}","duration_avg":360,"n_vehicles":50,"d":3600,"route_I_counts":"{\"19\": 50}","source":231,"target":313,"layer":"L","from":"北京西二旗(地铁站)","to":"北京生命科学园(地铁站)"},"geometry":{"type":"LineString","coordinates":[[116.300191,40.051757],[116.288144,40.093529]]}},{"type":"Feature","properties":{"shape_id":"{}","direction_id":"{\"0\": 50}","headsign":"{}","duration_avg":180,"n_vehicles":50,"d":1800,"route_I_counts":"{\"19\": 50}","source":232,"target":314,"layer":"L","from":"北京清河站(地铁站)","to":"北京朱房北(地铁站)"},"geometry":{"type":"LineString","coordinates":[[116.308677,40.039797],[116.325552,40.03463]]}},{"type":"Feature","properties":{"shape_id":"{}","direction_id":"{\"1\": 50}","headsign":"{}","duration_avg":180,"n_vehicles":50,"d":1800,"route_I_counts":"{\"19\": 50}","source":314,"target":232,"layer":"L","from":"北京朱房北(地铁站)","to":"北京清河站(地铁站)"},"geometry":{"type":"LineString","coordinates":[[116.325552,40.03463],[116.308677,40.039797]]}},{"type":"Feature","properties":{"shape_id":"{}","direction_id":"{\"0\": 50}","headsign":"{}","duration_avg":180,"n_vehicles":50,"d":1800,"route_I_counts":"{\"19\": 50}","source":314,"target":315,"layer":"L","from":"北京朱房北(地铁站)","to":"北京清河小营桥(地铁站)"},"geometry":{"type":"LineString","coordinates":[[116.325552,40.03463],[116.337554,40.033376]]}},{"type":"Feature","properties":{"shape_id":"{}","direction_id":"{\"1\": 50}","headsign":"{}","duration_avg":180,"n_vehicles":50,"d":1800,"route_I_counts":"{\"19\": 50}","source":315,"target":314,"layer":"L","from":"北京清河小营桥(地铁站)","to":"北京朱房北(地铁站)"},"geometry":{"type":"LineString","coordinates":[[116.337554,40.033376],[116.325552,40.03463]]}},{"type":"Feature","properties":{"shape_id":"{}","direction_id":"{\"0\": 50}","headsign":"{}","duration_avg":180,"n_vehicles":50,"d":1800,"route_I_counts":"{\"19\": 50}","source":315,"target":316,"layer":"L","from":"北京清河小营桥(地铁站)","to":"北京学知园(地铁站)"},"geometry":{"type":"LineString","coordinates":[[116.337554,40.033376],[116.345995,40.013651]]}},{"type":"Feature","properties":{"shape_id":"{}","direction_id":"{\"1\": 50}","headsign":"{}","duration_avg":180,"n_vehicles":50,"d":1800,"route_I_counts":"{\"19\": 50}","source":316,"target":315,"layer":"L","from":"北京学知园(地铁站)","to":"北京清河小营桥(地铁站)"},"geometry":{"type":"LineString","coordinates":[[116.345995,40.013651],[116.337554,40.033376]]}},{"type":"Feature","properties":{"shape_id":"{}","direction_id":"{\"0\": 50}","headsign":"{}","duration_avg":180,"n_vehicles":50,"d":1800,"route_I_counts":"{\"19\": 50}","source":316,"target":263,"layer":"L","from":"北京学知园(地铁站)","to":"北京六道口(地铁站)"},"geometry":{"type":"LineString","coordinates":[[116.345995,40.013651],[116.346471,39.999597]]}},{"type":"Feature","properties":{"shape_id":"{}","direction_id":"{\"1\": 50}","headsign":"{}","duration_avg":180,"n_vehicles":50,"d":1800,"route_I_counts":"{\"19\": 50}","source":263,"target":316,"layer":"L","from":"北京六道口(地铁站)","to":"北京学知园(地铁站)"},"geometry":{"type":"LineString","coordinates":[[116.346471,39.999597],[116.345995,40.013651]]}},{"type":"Feature","properties":{"shape_id":"{}","direction_id":"{\"0\": 50}","headsign":"{}","duration_avg":120,"n_vehicles":50,"d":1200,"route_I_counts":"{\"19\": 50}","source":263,"target":317,"layer":"L","from":"北京六道口(地铁站)","to":"北京学院桥(地铁站)"},"geometry":{"type":"LineString","coordinates":[[116.346471,39.999597],[116.347239,39.986844]]}},{"type":"Feature","properties":{"shape_id":"{}","direction_id":"{\"1\": 50}","headsign":"{}","duration_avg":120,"n_vehicles":50,"d":1200,"route_I_counts":"{\"19\": 50}","source":317,"target":263,"layer":"L","from":"北京学院桥(地铁站)","to":"北京六道口(地铁站)"},"geometry":{"type":"LineString","coordinates":[[116.347239,39.986844],[116.346471,39.999597]]}},{"type":"Feature","properties":{"shape_id":"{}","direction_id":"{\"0\": 50}","headsign":"{}","duration_avg":180,"n_vehicles":50,"d":1800,"route_I_counts":"{\"19\": 50}","source":317,"target":176,"layer":"L","from":"北京学院桥(地铁站)","to":"北京西土城(地铁站)"},"geometry":{"type":"LineString","coordinates":[[116.347239,39.986844],[116.348113,39.975011]]}},{"type":"Feature","properties":{"shape_id":"{}","direction_id":"{\"1\": 50}","headsign":"{}","duration_avg":180,"n_vehicles":50,"d":1800,"route_I_counts":"{\"19\": 50}","source":176,"target":317,"layer":"L","from":"北京西土城(地铁站)","to":"北京学院桥(地铁站)"},"geometry":{"type":"LineString","coordinates":[[116.348113,39.975011],[116.347239,39.986844]]}},{"type":"Feature","properties":{"shape_id":"{}","direction_id":"{\"0\": 50}","headsign":"{}","duration_avg":60,"n_vehicles":50,"d":600,"route_I_counts":"{\"19\": 50}","source":176,"target":221,"layer":"L","from":"北京西土城(地铁站)","to":"北京蓟门桥(地铁站)"},"geometry":{"type":"LineString","coordinates":[[116.348113,39.975011],[116.349768,39.966383]]}},{"type":"Feature","properties":{"shape_id":"{}","direction_id":"{\"1\": 50}","headsign":"{}","duration_avg":60,"n_vehicles":50,"d":600,"route_I_counts":"{\"19\": 50}","source":221,"target":176,"layer":"L","from":"北京蓟门桥(地铁站)","to":"北京西土城(地铁站)"},"geometry":{"type":"LineString","coordinates":[[116.349768,39.966383],[116.348113,39.975011]]}},{"type":"Feature","properties":{"shape_id":"{}","direction_id":"{\"0\": 50}","headsign":"{}","duration_avg":120,"n_vehicles":50,"d":1200,"route_I_counts":"{\"20\": 50}","source":293,"target":197,"layer":"L","from":"北京东管头南(地铁站)","to":"北京首经贸(地铁站)"},"geometry":{"type":"LineString","coordinates":[[116.316839,39.853025],[116.314093,39.84317]]}},{"type":"Feature","properties":{"shape_id":"{}","direction_id":"{\"1\": 50}","headsign":"{}","duration_avg":120,"n_vehicles":50,"d":1200,"route_I_counts":"{\"20\": 50}","source":197,"target":293,"layer":"L","from":"北京首经贸(地铁站)","to":"北京东管头南(地铁站)"},"geometry":{"type":"LineString","coordinates":[[116.314093,39.84317],[116.316839,39.853025]]}},{"type":"Feature","properties":{"shape_id":"{}","direction_id":"{\"0\": 50}","headsign":"{}","duration_avg":180,"n_vehicles":50,"d":1800,"route_I_counts":"{\"20\": 50}","source":197,"target":318,"layer":"L","from":"北京首经贸(地铁站)","to":"北京花乡东桥(地铁站)"},"geometry":{"type":"LineString","coordinates":[[116.314093,39.84317],[116.313959,39.82792]]}},{"type":"Feature","properties":{"shape_id":"{}","direction_id":"{\"1\": 50}","headsign":"{}","duration_avg":180,"n_vehicles":50,"d":1800,"route_I_counts":"{\"20\": 50}","source":318,"target":197,"layer":"L","from":"北京花乡东桥(地铁站)","to":"北京首经贸(地铁站)"},"geometry":{"type":"LineString","coordinates":[[116.313959,39.82792],[116.314093,39.84317]]}},{"type":"Feature","properties":{"shape_id":"{}","direction_id":"{\"0\": 50}","headsign":"{}","duration_avg":120,"n_vehicles":50,"d":1200,"route_I_counts":"{\"20\": 50}","source":318,"target":319,"layer":"L","from":"北京花乡东桥(地铁站)","to":"北京白盆窑(地铁站)"},"geometry":{"type":"LineString","coordinates":[[116.313959,39.82792],[116.307301,39.818311]]}},{"type":"Feature","properties":{"shape_id":"{}","direction_id":"{\"1\": 50}","headsign":"{}","duration_avg":120,"n_vehicles":50,"d":1200,"route_I_counts":"{\"20\": 50}","source":319,"target":318,"layer":"L","from":"北京白盆窑(地铁站)","to":"北京花乡东桥(地铁站)"},"geometry":{"type":"LineString","coordinates":[[116.307301,39.818311],[116.313959,39.82792]]}},{"type":"Feature","properties":{"shape_id":"{}","direction_id":"{\"0\": 50}","headsign":"{}","duration_avg":180,"n_vehicles":50,"d":1800,"route_I_counts":"{\"20\": 50}","source":319,"target":162,"layer":"L","from":"北京白盆窑(地铁站)","to":"北京郭公庄(地铁站)"},"geometry":{"type":"LineString","coordinates":[[116.307301,39.818311],[116.295823,39.813064]]}},{"type":"Feature","properties":{"shape_id":"{}","direction_id":"{\"1\": 50}","headsign":"{}","duration_avg":180,"n_vehicles":50,"d":1800,"route_I_counts":"{\"20\": 50}","source":162,"target":319,"layer":"L","from":"北京郭公庄(地铁站)","to":"北京白盆窑(地铁站)"},"geometry":{"type":"LineString","coordinates":[[116.295823,39.813064],[116.307301,39.818311]]}},{"type":"Feature","properties":{"shape_id":"{}","direction_id":"{\"0\": 50}","headsign":"{}","duration_avg":180,"n_vehicles":50,"d":1800,"route_I_counts":"{\"20\": 50}","source":162,"target":320,"layer":"L","from":"北京郭公庄(地铁站)","to":"北京大葆台(地铁站)"},"geometry":{"type":"LineString","coordinates":[[116.295823,39.813064],[116.285634,39.806569]]}},{"type":"Feature","properties":{"shape_id":"{}","direction_id":"{\"1\": 50}","headsign":"{}","duration_avg":180,"n_vehicles":50,"d":1800,"route_I_counts":"{\"20\": 50}","source":320,"target":162,"layer":"L","from":"北京大葆台(地铁站)","to":"北京郭公庄(地铁站)"},"geometry":{"type":"LineString","coordinates":[[116.285634,39.806569],[116.295823,39.813064]]}},{"type":"Feature","properties":{"shape_id":"{}","direction_id":"{\"0\": 50}","headsign":"{}","duration_avg":360,"n_vehicles":50,"d":3600,"route_I_counts":"{\"20\": 50}","source":320,"target":321,"layer":"L","from":"北京大葆台(地铁站)","to":"北京稻田(地铁站)"},"geometry":{"type":"LineString","coordinates":[[116.285634,39.806569],[116.212791,39.793658]]}},{"type":"Feature","properties":{"shape_id":"{}","direction_id":"{\"1\": 50}","headsign":"{}","duration_avg":360,"n_vehicles":50,"d":3600,"route_I_counts":"{\"20\": 50}","source":321,"target":320,"layer":"L","from":"北京稻田(地铁站)","to":"北京大葆台(地铁站)"},"geometry":{"type":"LineString","coordinates":[[116.212791,39.793658],[116.285634,39.806569]]}},{"type":"Feature","properties":{"shape_id":"{}","direction_id":"{\"0\": 50}","headsign":"{}","duration_avg":300,"n_vehicles":50,"d":3000,"route_I_counts":"{\"20\": 50}","source":321,"target":322,"layer":"L","from":"北京稻田(地铁站)","to":"北京长阳(地铁站)"},"geometry":{"type":"LineString","coordinates":[[116.212791,39.793658],[116.206635,39.762641]]}},{"type":"Feature","properties":{"shape_id":"{}","direction_id":"{\"1\": 50}","headsign":"{}","duration_avg":300,"n_vehicles":50,"d":3000,"route_I_counts":"{\"20\": 50}","source":322,"target":321,"layer":"L","from":"北京长阳(地铁站)","to":"北京稻田(地铁站)"},"geometry":{"type":"LineString","coordinates":[[116.206635,39.762641],[116.212791,39.793658]]}},{"type":"Feature","properties":{"shape_id":"{}","direction_id":"{\"0\": 50}","headsign":"{}","duration_avg":180,"n_vehicles":50,"d":1800,"route_I_counts":"{\"20\": 50}","source":322,"target":323,"layer":"L","from":"北京长阳(地铁站)","to":"北京篱笆房(地铁站)"},"geometry":{"type":"LineString","coordinates":[[116.206635,39.762641],[116.183377,39.75937]]}},{"type":"Feature","properties":{"shape_id":"{}","direction_id":"{\"1\": 50}","headsign":"{}","duration_avg":180,"n_vehicles":50,"d":1800,"route_I_counts":"{\"20\": 50}","source":323,"target":322,"layer":"L","from":"北京篱笆房(地铁站)","to":"北京长阳(地铁站)"},"geometry":{"type":"LineString","coordinates":[[116.183377,39.75937],[116.206635,39.762641]]}},{"type":"Feature","properties":{"shape_id":"{}","direction_id":"{\"0\": 50}","headsign":"{}","duration_avg":120,"n_vehicles":50,"d":1200,"route_I_counts":"{\"20\": 50}","source":323,"target":324,"layer":"L","from":"北京篱笆房(地铁站)","to":"北京广阳城(地铁站)"},"geometry":{"type":"LineString","coordinates":[[116.183377,39.75937],[116.178864,39.746657]]}},{"type":"Feature","properties":{"shape_id":"{}","direction_id":"{\"1\": 50}","headsign":"{}","duration_avg":120,"n_vehicles":50,"d":1200,"route_I_counts":"{\"20\": 50}","source":324,"target":323,"layer":"L","from":"北京广阳城(地铁站)","to":"北京篱笆房(地铁站)"},"geometry":{"type":"LineString","coordinates":[[116.178864,39.746657],[116.183377,39.75937]]}},{"type":"Feature","properties":{"shape_id":"{}","direction_id":"{\"0\": 50}","headsign":"{}","duration_avg":180,"n_vehicles":50,"d":1800,"route_I_counts":"{\"20\": 50}","source":324,"target":325,"layer":"L","from":"北京广阳城(地铁站)","to":"北京良乡大学城北(地铁站)"},"geometry":{"type":"LineString","coordinates":[[116.178864,39.746657],[116.177358,39.728634]]}},{"type":"Feature","properties":{"shape_id":"{}","direction_id":"{\"1\": 50}","headsign":"{}","duration_avg":180,"n_vehicles":50,"d":1800,"route_I_counts":"{\"20\": 50}","source":325,"target":324,"layer":"L","from":"北京良乡大学城北(地铁站)","to":"北京广阳城(地铁站)"},"geometry":{"type":"LineString","coordinates":[[116.177358,39.728634],[116.178864,39.746657]]}},{"type":"Feature","properties":{"shape_id":"{}","direction_id":"{\"0\": 50}","headsign":"{}","duration_avg":180,"n_vehicles":50,"d":1800,"route_I_counts":"{\"20\": 50}","source":325,"target":326,"layer":"L","from":"北京良乡大学城北(地铁站)","to":"北京良乡大学城(地铁站)"},"geometry":{"type":"LineString","coordinates":[[116.177358,39.728634],[116.170401,39.721873]]}},{"type":"Feature","properties":{"shape_id":"{}","direction_id":"{\"1\": 50}","headsign":"{}","duration_avg":180,"n_vehicles":50,"d":1800,"route_I_counts":"{\"20\": 50}","source":326,"target":325,"layer":"L","from":"北京良乡大学城(地铁站)","to":"北京良乡大学城北(地铁站)"},"geometry":{"type":"LineString","coordinates":[[116.170401,39.721873],[116.177358,39.728634]]}},{"type":"Feature","properties":{"shape_id":"{}","direction_id":"{\"0\": 50}","headsign":"{}","duration_avg":120,"n_vehicles":50,"d":1200,"route_I_counts":"{\"20\": 50}","source":326,"target":327,"layer":"L","from":"北京良乡大学城(地铁站)","to":"北京良乡大学城西(地铁站)"},"geometry":{"type":"LineString","coordinates":[[116.170401,39.721873],[116.150085,39.721834]]}},{"type":"Feature","properties":{"shape_id":"{}","direction_id":"{\"1\": 50}","headsign":"{}","duration_avg":120,"n_vehicles":50,"d":1200,"route_I_counts":"{\"20\": 50}","source":327,"target":326,"layer":"L","from":"北京良乡大学城西(地铁站)","to":"北京良乡大学城(地铁站)"},"geometry":{"type":"LineString","coordinates":[[116.150085,39.721834],[116.170401,39.721873]]}},{"type":"Feature","properties":{"shape_id":"{}","direction_id":"{\"0\": 50}","headsign":"{}","duration_avg":180,"n_vehicles":50,"d":1800,"route_I_counts":"{\"20\": 50}","source":327,"target":328,"layer":"L","from":"北京良乡大学城西(地铁站)","to":"北京良乡南关(地铁站)"},"geometry":{"type":"LineString","coordinates":[[116.150085,39.721834],[116.134568,39.721854]]}},{"type":"Feature","properties":{"shape_id":"{}","direction_id":"{\"1\": 50}","headsign":"{}","duration_avg":180,"n_vehicles":50,"d":1800,"route_I_counts":"{\"20\": 50}","source":328,"target":327,"layer":"L","from":"北京良乡南关(地铁站)","to":"北京良乡大学城西(地铁站)"},"geometry":{"type":"LineString","coordinates":[[116.134568,39.721854],[116.150085,39.721834]]}},{"type":"Feature","properties":{"shape_id":"{}","direction_id":"{\"0\": 50}","headsign":"{}","duration_avg":120,"n_vehicles":50,"d":1200,"route_I_counts":"{\"20\": 50}","source":328,"target":329,"layer":"L","from":"北京良乡南关(地铁站)","to":"北京苏庄(地铁站)"},"geometry":{"type":"LineString","coordinates":[[116.134568,39.721854],[116.119036,39.721819]]}},{"type":"Feature","properties":{"shape_id":"{}","direction_id":"{\"1\": 50}","headsign":"{}","duration_avg":120,"n_vehicles":50,"d":1200,"route_I_counts":"{\"20\": 50}","source":329,"target":328,"layer":"L","from":"北京苏庄(地铁站)","to":"北京良乡南关(地铁站)"},"geometry":{"type":"LineString","coordinates":[[116.119036,39.721819],[116.134568,39.721854]]}},{"type":"Feature","properties":{"shape_id":"{}","direction_id":"{\"0\": 50}","headsign":"{}","duration_avg":180,"n_vehicles":50,"d":1800,"route_I_counts":"{\"20\": 50}","source":329,"target":330,"layer":"L","from":"北京苏庄(地铁站)","to":"北京阎村东(地铁站)"},"geometry":{"type":"LineString","coordinates":[[116.119036,39.721819],[116.094517,39.727645]]}},{"type":"Feature","properties":{"shape_id":"{}","direction_id":"{\"1\": 50}","headsign":"{}","duration_avg":180,"n_vehicles":50,"d":1800,"route_I_counts":"{\"20\": 50}","source":330,"target":329,"layer":"L","from":"北京阎村东(地铁站)","to":"北京苏庄(地铁站)"},"geometry":{"type":"LineString","coordinates":[[116.094517,39.727645],[116.119036,39.721819]]}},{"type":"Feature","properties":{"shape_id":"{}","direction_id":"{\"0\": 50}","headsign":"{}","duration_avg":120,"n_vehicles":50,"d":1200,"route_I_counts":"{\"21\": 50}","source":331,"target":332,"layer":"L","from":"北京亦庄火车站(地铁站)","to":"北京次渠(地铁站)"},"geometry":{"type":"LineString","coordinates":[[116.596137,39.811573],[116.58579,39.802516]]}},{"type":"Feature","properties":{"shape_id":"{}","direction_id":"{\"1\": 50}","headsign":"{}","duration_avg":120,"n_vehicles":50,"d":1200,"route_I_counts":"{\"21\": 50}","source":332,"target":331,"layer":"L","from":"北京次渠(地铁站)","to":"北京亦庄火车站(地铁站)"},"geometry":{"type":"LineString","coordinates":[[116.58579,39.802516],[116.596137,39.811573]]}},{"type":"Feature","properties":{"shape_id":"{}","direction_id":"{\"0\": 50}","headsign":"{}","duration_avg":180,"n_vehicles":50,"d":1800,"route_I_counts":"{\"21\": 50}","source":332,"target":333,"layer":"L","from":"北京次渠(地铁站)","to":"北京次渠南(地铁站)"},"geometry":{"type":"LineString","coordinates":[[116.58579,39.802516],[116.575581,39.794081]]}},{"type":"Feature","properties":{"shape_id":"{}","direction_id":"{\"1\": 50}","headsign":"{}","duration_avg":180,"n_vehicles":50,"d":1800,"route_I_counts":"{\"21\": 50}","source":333,"target":332,"layer":"L","from":"北京次渠南(地铁站)","to":"北京次渠(地铁站)"},"geometry":{"type":"LineString","coordinates":[[116.575581,39.794081],[116.58579,39.802516]]}},{"type":"Feature","properties":{"shape_id":"{}","direction_id":"{\"0\": 50}","headsign":"{}","duration_avg":180,"n_vehicles":50,"d":1800,"route_I_counts":"{\"21\": 50}","source":333,"target":334,"layer":"L","from":"北京次渠南(地铁站)","to":"北京经海路(地铁站)"},"geometry":{"type":"LineString","coordinates":[[116.575581,39.794081],[116.556447,39.782528]]}},{"type":"Feature","properties":{"shape_id":"{}","direction_id":"{\"1\": 50}","headsign":"{}","duration_avg":180,"n_vehicles":50,"d":1800,"route_I_counts":"{\"21\": 50}","source":334,"target":333,"layer":"L","from":"北京经海路(地铁站)","to":"北京次渠南(地铁站)"},"geometry":{"type":"LineString","coordinates":[[116.556447,39.782528],[116.575581,39.794081]]}},{"type":"Feature","properties":{"shape_id":"{}","direction_id":"{\"0\": 50}","headsign":"{}","duration_avg":180,"n_vehicles":50,"d":1800,"route_I_counts":"{\"21\": 50}","source":334,"target":335,"layer":"L","from":"北京经海路(地铁站)","to":"北京同济南路(地铁站)"},"geometry":{"type":"LineString","coordinates":[[116.556447,39.782528],[116.533984,39.771798]]}},{"type":"Feature","properties":{"shape_id":"{}","direction_id":"{\"1\": 50}","headsign":"{}","duration_avg":180,"n_vehicles":50,"d":1800,"route_I_counts":"{\"21\": 50}","source":335,"target":334,"layer":"L","from":"北京同济南路(地铁站)","to":"北京经海路(地铁站)"},"geometry":{"type":"LineString","coordinates":[[116.533984,39.771798],[116.556447,39.782528]]}},{"type":"Feature","properties":{"shape_id":"{}","direction_id":"{\"0\": 50}","headsign":"{}","duration_avg":180,"n_vehicles":50,"d":1800,"route_I_counts":"{\"21\": 50}","source":335,"target":336,"layer":"L","from":"北京同济南路(地铁站)","to":"北京荣昌东街(地铁站)"},"geometry":{"type":"LineString","coordinates":[[116.533984,39.771798],[116.515825,39.781649]]}},{"type":"Feature","properties":{"shape_id":"{}","direction_id":"{\"1\": 50}","headsign":"{}","duration_avg":180,"n_vehicles":50,"d":1800,"route_I_counts":"{\"21\": 50}","source":336,"target":335,"layer":"L","from":"北京荣昌东街(地铁站)","to":"北京同济南路(地铁站)"},"geometry":{"type":"LineString","coordinates":[[116.515825,39.781649],[116.533984,39.771798]]}},{"type":"Feature","properties":{"shape_id":"{}","direction_id":"{\"0\": 50}","headsign":"{}","duration_avg":120,"n_vehicles":50,"d":1200,"route_I_counts":"{\"21\": 50}","source":336,"target":337,"layer":"L","from":"北京荣昌东街(地铁站)","to":"北京荣京东街(地铁站)"},"geometry":{"type":"LineString","coordinates":[[116.515825,39.781649],[116.507447,39.791957]]}},{"type":"Feature","properties":{"shape_id":"{}","direction_id":"{\"1\": 50}","headsign":"{}","duration_avg":120,"n_vehicles":50,"d":1200,"route_I_counts":"{\"21\": 50}","source":337,"target":336,"layer":"L","from":"北京荣京东街(地铁站)","to":"北京荣昌东街(地铁站)"},"geometry":{"type":"LineString","coordinates":[[116.507447,39.791957],[116.515825,39.781649]]}},{"type":"Feature","properties":{"shape_id":"{}","direction_id":"{\"0\": 50}","headsign":"{}","duration_avg":120,"n_vehicles":50,"d":1200,"route_I_counts":"{\"21\": 50}","source":337,"target":338,"layer":"L","from":"北京荣京东街(地铁站)","to":"北京万源街(地铁站)"},"geometry":{"type":"LineString","coordinates":[[116.507447,39.791957],[116.499473,39.801722]]}},{"type":"Feature","properties":{"shape_id":"{}","direction_id":"{\"1\": 50}","headsign":"{}","duration_avg":120,"n_vehicles":50,"d":1200,"route_I_counts":"{\"21\": 50}","source":338,"target":337,"layer":"L","from":"北京万源街(地铁站)","to":"北京荣京东街(地铁站)"},"geometry":{"type":"LineString","coordinates":[[116.499473,39.801722],[116.507447,39.791957]]}},{"type":"Feature","properties":{"shape_id":"{}","direction_id":"{\"0\": 50}","headsign":"{}","duration_avg":180,"n_vehicles":50,"d":1800,"route_I_counts":"{\"21\": 50}","source":338,"target":339,"layer":"L","from":"北京万源街(地铁站)","to":"北京亦庄文化园(地铁站)"},"geometry":{"type":"LineString","coordinates":[[116.499473,39.801722],[116.484602,39.805647]]}},{"type":"Feature","properties":{"shape_id":"{}","direction_id":"{\"1\": 50}","headsign":"{}","duration_avg":180,"n_vehicles":50,"d":1800,"route_I_counts":"{\"21\": 50}","source":339,"target":338,"layer":"L","from":"北京亦庄文化园(地铁站)","to":"北京万源街(地铁站)"},"geometry":{"type":"LineString","coordinates":[[116.484602,39.805647],[116.499473,39.801722]]}},{"type":"Feature","properties":{"shape_id":"{}","direction_id":"{\"0\": 50}","headsign":"{}","duration_avg":120,"n_vehicles":50,"d":1200,"route_I_counts":"{\"21\": 50}","source":339,"target":340,"layer":"L","from":"北京亦庄文化园(地铁站)","to":"北京亦庄桥(地铁站)"},"geometry":{"type":"LineString","coordinates":[[116.484602,39.805647],[116.474239,39.801738]]}},{"type":"Feature","properties":{"shape_id":"{}","direction_id":"{\"1\": 50}","headsign":"{}","duration_avg":120,"n_vehicles":50,"d":1200,"route_I_counts":"{\"21\": 50}","source":340,"target":339,"layer":"L","from":"北京亦庄桥(地铁站)","to":"北京亦庄文化园(地铁站)"},"geometry":{"type":"LineString","coordinates":[[116.474239,39.801738],[116.484602,39.805647]]}},{"type":"Feature","properties":{"shape_id":"{}","direction_id":"{\"0\": 50}","headsign":"{}","duration_avg":120,"n_vehicles":50,"d":1200,"route_I_counts":"{\"21\": 50}","source":340,"target":341,"layer":"L","from":"北京亦庄桥(地铁站)","to":"北京旧宫(地铁站)"},"geometry":{"type":"LineString","coordinates":[[116.474239,39.801738],[116.454656,39.805586]]}},{"type":"Feature","properties":{"shape_id":"{}","direction_id":"{\"1\": 50}","headsign":"{}","duration_avg":120,"n_vehicles":50,"d":1200,"route_I_counts":"{\"21\": 50}","source":341,"target":340,"layer":"L","from":"北京旧宫(地铁站)","to":"北京亦庄桥(地铁站)"},"geometry":{"type":"LineString","coordinates":[[116.454656,39.805586],[116.474239,39.801738]]}},{"type":"Feature","properties":{"shape_id":"{}","direction_id":"{\"0\": 50}","headsign":"{}","duration_avg":240,"n_vehicles":50,"d":2400,"route_I_counts":"{\"21\": 50}","source":341,"target":342,"layer":"L","from":"北京旧宫(地铁站)","to":"北京小红门(地铁站)"},"geometry":{"type":"LineString","coordinates":[[116.454656,39.805586],[116.453119,39.826719]]}},{"type":"Feature","properties":{"shape_id":"{}","direction_id":"{\"1\": 50}","headsign":"{}","duration_avg":240,"n_vehicles":50,"d":2400,"route_I_counts":"{\"21\": 50}","source":342,"target":341,"layer":"L","from":"北京小红门(地铁站)","to":"北京旧宫(地铁站)"},"geometry":{"type":"LineString","coordinates":[[116.453119,39.826719],[116.454656,39.805586]]}},{"type":"Feature","properties":{"shape_id":"{}","direction_id":"{\"0\": 50}","headsign":"{}","duration_avg":120,"n_vehicles":50,"d":1200,"route_I_counts":"{\"21\": 50}","source":342,"target":343,"layer":"L","from":"北京小红门(地铁站)","to":"北京肖村(地铁站)"},"geometry":{"type":"LineString","coordinates":[[116.453119,39.826719],[116.442191,39.832864]]}},{"type":"Feature","properties":{"shape_id":"{}","direction_id":"{\"1\": 50}","headsign":"{}","duration_avg":120,"n_vehicles":50,"d":1200,"route_I_counts":"{\"21\": 50}","source":343,"target":342,"layer":"L","from":"北京肖村(地铁站)","to":"北京小红门(地铁站)"},"geometry":{"type":"LineString","coordinates":[[116.442191,39.832864],[116.453119,39.826719]]}},{"type":"Feature","properties":{"shape_id":"{}","direction_id":"{\"0\": 50}","headsign":"{}","duration_avg":240,"n_vehicles":50,"d":2400,"route_I_counts":"{\"21\": 50}","source":343,"target":104,"layer":"L","from":"北京肖村(地铁站)","to":"北京宋家庄(地铁站)"},"geometry":{"type":"LineString","coordinates":[[116.442191,39.832864],[116.422154,39.844464]]}},{"type":"Feature","properties":{"shape_id":"{}","direction_id":"{\"1\": 50}","headsign":"{}","duration_avg":240,"n_vehicles":50,"d":2400,"route_I_counts":"{\"21\": 50}","source":104,"target":343,"layer":"L","from":"北京宋家庄(地铁站)","to":"北京肖村(地铁站)"},"geometry":{"type":"LineString","coordinates":[[116.422154,39.844464],[116.442191,39.832864]]}},{"type":"Feature","properties":{"shape_id":"{}","direction_id":"{\"0\": 50}","headsign":"{}","duration_avg":1080,"n_vehicles":50,"d":10800,"route_I_counts":"{\"22\": 50}","source":344,"target":345,"layer":"L","from":"北京3号航站楼(地铁站)","to":"北京2号航站楼(地铁站)"},"geometry":{"type":"LineString","coordinates":[[116.609766,40.051605],[116.587003,40.078264]]}},{"type":"Feature","properties":{"shape_id":"{}","direction_id":"{\"1\": 50}","headsign":"{}","duration_avg":1080,"n_vehicles":50,"d":10800,"route_I_counts":"{\"22\": 50}","source":345,"target":344,"layer":"L","from":"北京2号航站楼(地铁站)","to":"北京3号航站楼(地铁站)"},"geometry":{"type":"LineString","coordinates":[[116.587003,40.078264],[116.609766,40.051605]]}},{"type":"Feature","properties":{"shape_id":"{}","direction_id":"{\"0\": 50}","headsign":"{}","duration_avg":1080,"n_vehicles":50,"d":10800,"route_I_counts":"{\"22\": 50}","source":345,"target":182,"layer":"L","from":"北京2号航站楼(地铁站)","to":"北京三元桥(地铁站)"},"geometry":{"type":"LineString","coordinates":[[116.587003,40.078264],[116.450988,39.959405]]}},{"type":"Feature","properties":{"shape_id":"{}","direction_id":"{\"1\": 50}","headsign":"{}","duration_avg":1080,"n_vehicles":50,"d":10800,"route_I_counts":"{\"22\": 50}","source":182,"target":345,"layer":"L","from":"北京三元桥(地铁站)","to":"北京2号航站楼(地铁站)"},"geometry":{"type":"LineString","coordinates":[[116.450988,39.959405],[116.587003,40.078264]]}},{"type":"Feature","properties":{"shape_id":"{}","direction_id":"{\"0\": 50}","headsign":"{}","duration_avg":240,"n_vehicles":50,"d":2400,"route_I_counts":"{\"22\": 50}","source":182,"target":41,"layer":"L","from":"北京三元桥(地铁站)","to":"北京东直门(地铁站)"},"geometry":{"type":"LineString","coordinates":[[116.450988,39.959405],[116.427332,39.939705]]}},{"type":"Feature","properties":{"shape_id":"{}","direction_id":"{\"1\": 50}","headsign":"{}","duration_avg":240,"n_vehicles":50,"d":2400,"route_I_counts":"{\"22\": 50}","source":41,"target":182,"layer":"L","from":"北京东直门(地铁站)","to":"北京三元桥(地铁站)"},"geometry":{"type":"LineString","coordinates":[[116.427332,39.939705],[116.450988,39.959405]]}},{"type":"Feature","properties":{"shape_id":"{}","direction_id":"{\"0\": 50}","headsign":"{}","duration_avg":240,"n_vehicles":50,"d":2400,"route_I_counts":"{\"22\": 50}","source":41,"target":96,"layer":"L","from":"北京东直门(地铁站)","to":"北京北新桥(地铁站)"},"geometry":{"type":"LineString","coordinates":[[116.427332,39.939705],[116.410644,39.939381]]}},{"type":"Feature","properties":{"shape_id":"{}","direction_id":"{\"1\": 50}","headsign":"{}","duration_avg":240,"n_vehicles":50,"d":2400,"route_I_counts":"{\"22\": 50}","source":96,"target":41,"layer":"L","from":"北京北新桥(地铁站)","to":"北京东直门(地铁站)"},"geometry":{"type":"LineString","coordinates":[[116.410644,39.939381],[116.427332,39.939705]]}},{"type":"Feature","properties":{"shape_id":"{}","direction_id":"{\"0\": 50}","headsign":"{}","duration_avg":1080,"n_vehicles":50,"d":10800,"route_I_counts":"{\"22\": 50}","source":182,"target":344,"layer":"L","from":"北京三元桥(地铁站)","to":"北京3号航站楼(地铁站)"},"geometry":{"type":"LineString","coordinates":[[116.450988,39.959405],[116.609766,40.051605]]}},{"type":"Feature","properties":{"shape_id":"{}","direction_id":"{\"1\": 50}","headsign":"{}","duration_avg":1080,"n_vehicles":50,"d":10800,"route_I_counts":"{\"22\": 50}","source":344,"target":182,"layer":"L","from":"北京3号航站楼(地铁站)","to":"北京三元桥(地铁站)"},"geometry":{"type":"LineString","coordinates":[[116.609766,40.051605],[116.450988,39.959405]]}},{"type":"Feature","properties":{"shape_id":"{}","direction_id":"{\"0\": 50}","headsign":"{}","duration_avg":360,"n_vehicles":50,"d":3600,"route_I_counts":"{\"23\": 50}","source":172,"target":346,"layer":"L","from":"北京巴沟(地铁站)","to":"北京颐和园西门(地铁站)"},"geometry":{"type":"LineString","coordinates":[[116.287287,39.973162],[116.257208,39.984475]]}},{"type":"Feature","properties":{"shape_id":"{}","direction_id":"{\"1\": 50}","headsign":"{}","duration_avg":360,"n_vehicles":50,"d":3600,"route_I_counts":"{\"23\": 50}","source":346,"target":172,"layer":"L","from":"北京颐和园西门(地铁站)","to":"北京巴沟(地铁站)"},"geometry":{"type":"LineString","coordinates":[[116.257208,39.984475],[116.287287,39.973162]]}},{"type":"Feature","properties":{"shape_id":"{}","direction_id":"{\"0\": 50}","headsign":"{}","duration_avg":300,"n_vehicles":50,"d":3000,"route_I_counts":"{\"23\": 50}","source":346,"target":347,"layer":"L","from":"北京颐和园西门(地铁站)","to":"北京茶棚(地铁站)"},"geometry":{"type":"LineString","coordinates":[[116.257208,39.984475],[116.24206,39.980895]]}},{"type":"Feature","properties":{"shape_id":"{}","direction_id":"{\"1\": 50}","headsign":"{}","duration_avg":300,"n_vehicles":50,"d":3000,"route_I_counts":"{\"23\": 50}","source":347,"target":346,"layer":"L","from":"北京茶棚(地铁站)","to":"北京颐和园西门(地铁站)"},"geometry":{"type":"LineString","coordinates":[[116.24206,39.980895],[116.257208,39.984475]]}},{"type":"Feature","properties":{"shape_id":"{}","direction_id":"{\"0\": 50}","headsign":"{}","duration_avg":180,"n_vehicles":50,"d":1800,"route_I_counts":"{\"23\": 50}","source":347,"target":348,"layer":"L","from":"北京茶棚(地铁站)","to":"北京万安(地铁站)"},"geometry":{"type":"LineString","coordinates":[[116.24206,39.980895],[116.225924,39.982776]]}},{"type":"Feature","properties":{"shape_id":"{}","direction_id":"{\"1\": 50}","headsign":"{}","duration_avg":180,"n_vehicles":50,"d":1800,"route_I_counts":"{\"23\": 50}","source":348,"target":347,"layer":"L","from":"北京万安(地铁站)","to":"北京茶棚(地铁站)"},"geometry":{"type":"LineString","coordinates":[[116.225924,39.982776],[116.24206,39.980895]]}},{"type":"Feature","properties":{"shape_id":"{}","direction_id":"{\"0\": 50}","headsign":"{}","duration_avg":240,"n_vehicles":50,"d":2400,"route_I_counts":"{\"23\": 50}","source":348,"target":349,"layer":"L","from":"北京万安(地铁站)","to":"北京国家植物园(地铁站)"},"geometry":{"type":"LineString","coordinates":[[116.225924,39.982776],[116.209644,39.992297]]}},{"type":"Feature","properties":{"shape_id":"{}","direction_id":"{\"1\": 50}","headsign":"{}","duration_avg":240,"n_vehicles":50,"d":2400,"route_I_counts":"{\"23\": 50}","source":349,"target":348,"layer":"L","from":"北京国家植物园(地铁站)","to":"北京万安(地铁站)"},"geometry":{"type":"LineString","coordinates":[[116.209644,39.992297],[116.225924,39.982776]]}},{"type":"Feature","properties":{"shape_id":"{}","direction_id":"{\"0\": 50}","headsign":"{}","duration_avg":240,"n_vehicles":50,"d":2400,"route_I_counts":"{\"23\": 50}","source":349,"target":350,"layer":"L","from":"北京国家植物园(地铁站)","to":"北京香山(地铁站)"},"geometry":{"type":"LineString","coordinates":[[116.209644,39.992297],[116.198389,39.992801]]}},{"type":"Feature","properties":{"shape_id":"{}","direction_id":"{\"1\": 50}","headsign":"{}","duration_avg":240,"n_vehicles":50,"d":2400,"route_I_counts":"{\"23\": 50}","source":350,"target":349,"layer":"L","from":"北京香山(地铁站)","to":"北京国家植物园(地铁站)"},"geometry":{"type":"LineString","coordinates":[[116.198389,39.992801],[116.209644,39.992297]]}},{"type":"Feature","properties":{"shape_id":"{}","direction_id":"{\"0\": 50}","headsign":"{}","duration_avg":120,"n_vehicles":50,"d":1200,"route_I_counts":"{\"24\": 50}","source":351,"target":352,"layer":"L","from":"北京燕山(地铁站)","to":"北京房山城关(地铁站)"},"geometry":{"type":"LineString","coordinates":[[115.967389,39.718461],[115.983551,39.70481]]}},{"type":"Feature","properties":{"shape_id":"{}","direction_id":"{\"1\": 50}","headsign":"{}","duration_avg":120,"n_vehicles":50,"d":1200,"route_I_counts":"{\"24\": 50}","source":352,"target":351,"layer":"L","from":"北京房山城关(地铁站)","to":"北京燕山(地铁站)"},"geometry":{"type":"LineString","coordinates":[[115.983551,39.70481],[115.967389,39.718461]]}},{"type":"Feature","properties":{"shape_id":"{}","direction_id":"{\"0\": 50}","headsign":"{}","duration_avg":180,"n_vehicles":50,"d":1800,"route_I_counts":"{\"24\": 50}","source":352,"target":353,"layer":"L","from":"北京房山城关(地铁站)","to":"北京饶乐府(地铁站)"},"geometry":{"type":"LineString","coordinates":[[115.983551,39.70481],[116.000007,39.700277]]}},{"type":"Feature","properties":{"shape_id":"{}","direction_id":"{\"1\": 50}","headsign":"{}","duration_avg":180,"n_vehicles":50,"d":1800,"route_I_counts":"{\"24\": 50}","source":353,"target":352,"layer":"L","from":"北京饶乐府(地铁站)","to":"北京房山城关(地铁站)"},"geometry":{"type":"LineString","coordinates":[[116.000007,39.700277],[115.983551,39.70481]]}},{"type":"Feature","properties":{"shape_id":"{}","direction_id":"{\"0\": 50}","headsign":"{}","duration_avg":120,"n_vehicles":50,"d":1200,"route_I_counts":"{\"24\": 50}","source":353,"target":354,"layer":"L","from":"北京饶乐府(地铁站)","to":"北京马各庄(地铁站)"},"geometry":{"type":"LineString","coordinates":[[116.000007,39.700277],[116.010542,39.703788]]}},{"type":"Feature","properties":{"shape_id":"{}","direction_id":"{\"1\": 50}","headsign":"{}","duration_avg":120,"n_vehicles":50,"d":1200,"route_I_counts":"{\"24\": 50}","source":354,"target":353,"layer":"L","from":"北京马各庄(地铁站)","to":"北京饶乐府(地铁站)"},"geometry":{"type":"LineString","coordinates":[[116.010542,39.703788],[116.000007,39.700277]]}},{"type":"Feature","properties":{"shape_id":"{}","direction_id":"{\"0\": 50}","headsign":"{}","duration_avg":180,"n_vehicles":50,"d":1800,"route_I_counts":"{\"24\": 50}","source":354,"target":355,"layer":"L","from":"北京马各庄(地铁站)","to":"北京大石河东(地铁站)"},"geometry":{"type":"LineString","coordinates":[[116.010542,39.703788],[116.033674,39.7085]]}},{"type":"Feature","properties":{"shape_id":"{}","direction_id":"{\"1\": 50}","headsign":"{}","duration_avg":180,"n_vehicles":50,"d":1800,"route_I_counts":"{\"24\": 50}","source":355,"target":354,"layer":"L","from":"北京大石河东(地铁站)","to":"北京马各庄(地铁站)"},"geometry":{"type":"LineString","coordinates":[[116.033674,39.7085],[116.010542,39.703788]]}},{"type":"Feature","properties":{"shape_id":"{}","direction_id":"{\"0\": 50}","headsign":"{}","duration_avg":180,"n_vehicles":50,"d":1800,"route_I_counts":"{\"24\": 50}","source":355,"target":356,"layer":"L","from":"北京大石河东(地铁站)","to":"北京星城(地铁站)"},"geometry":{"type":"LineString","coordinates":[[116.033674,39.7085],[116.055057,39.712247]]}},{"type":"Feature","properties":{"shape_id":"{}","direction_id":"{\"1\": 50}","headsign":"{}","duration_avg":180,"n_vehicles":50,"d":1800,"route_I_counts":"{\"24\": 50}","source":356,"target":355,"layer":"L","from":"北京星城(地铁站)","to":"北京大石河东(地铁站)"},"geometry":{"type":"LineString","coordinates":[[116.055057,39.712247],[116.033674,39.7085]]}},{"type":"Feature","properties":{"shape_id":"{}","direction_id":"{\"0\": 50}","headsign":"{}","duration_avg":180,"n_vehicles":50,"d":1800,"route_I_counts":"{\"24\": 50}","source":356,"target":357,"layer":"L","from":"北京星城(地铁站)","to":"北京阎村(地铁站)"},"geometry":{"type":"LineString","coordinates":[[116.055057,39.712247],[116.073969,39.715276]]}},{"type":"Feature","properties":{"shape_id":"{}","direction_id":"{\"1\": 50}","headsign":"{}","duration_avg":180,"n_vehicles":50,"d":1800,"route_I_counts":"{\"24\": 50}","source":357,"target":356,"layer":"L","from":"北京阎村(地铁站)","to":"北京星城(地铁站)"},"geometry":{"type":"LineString","coordinates":[[116.073969,39.715276],[116.055057,39.712247]]}},{"type":"Feature","properties":{"shape_id":"{}","direction_id":"{\"0\": 50}","headsign":"{}","duration_avg":180,"n_vehicles":50,"d":1800,"route_I_counts":"{\"24\": 50}","source":357,"target":358,"layer":"L","from":"北京阎村(地铁站)","to":"北京紫草坞(地铁站)"},"geometry":{"type":"LineString","coordinates":[[116.073969,39.715276],[116.080369,39.72308]]}},{"type":"Feature","properties":{"shape_id":"{}","direction_id":"{\"1\": 50}","headsign":"{}","duration_avg":180,"n_vehicles":50,"d":1800,"route_I_counts":"{\"24\": 50}","source":358,"target":357,"layer":"L","from":"北京紫草坞(地铁站)","to":"北京阎村(地铁站)"},"geometry":{"type":"LineString","coordinates":[[116.080369,39.72308],[116.073969,39.715276]]}},{"type":"Feature","properties":{"shape_id":"{}","direction_id":"{\"0\": 50}","headsign":"{}","duration_avg":120,"n_vehicles":50,"d":1200,"route_I_counts":"{\"24\": 50}","source":358,"target":330,"layer":"L","from":"北京紫草坞(地铁站)","to":"北京阎村东(地铁站)"},"geometry":{"type":"LineString","coordinates":[[116.080369,39.72308],[116.094517,39.727645]]}},{"type":"Feature","properties":{"shape_id":"{}","direction_id":"{\"1\": 50}","headsign":"{}","duration_avg":120,"n_vehicles":50,"d":1200,"route_I_counts":"{\"24\": 50}","source":330,"target":358,"layer":"L","from":"北京阎村东(地铁站)","to":"北京紫草坞(地铁站)"},"geometry":{"type":"LineString","coordinates":[[116.094517,39.727645],[116.080369,39.72308]]}},{"type":"Feature","properties":{"shape_id":"{}","direction_id":"{\"0\": 50}","headsign":"{}","duration_avg":120,"n_vehicles":50,"d":1200,"route_I_counts":"{\"25\": 50}","source":359,"target":360,"layer":"L","from":"北京石厂(地铁站)","to":"北京小园(地铁站)"},"geometry":{"type":"LineString","coordinates":[[116.093925,39.887855],[116.108117,39.888996]]}},{"type":"Feature","properties":{"shape_id":"{}","direction_id":"{\"1\": 50}","headsign":"{}","duration_avg":120,"n_vehicles":50,"d":1200,"route_I_counts":"{\"25\": 50}","source":360,"target":359,"layer":"L","from":"北京小园(地铁站)","to":"北京石厂(地铁站)"},"geometry":{"type":"LineString","coordinates":[[116.108117,39.888996],[116.093925,39.887855]]}},{"type":"Feature","properties":{"shape_id":"{}","direction_id":"{\"0\": 50}","headsign":"{}","duration_avg":180,"n_vehicles":50,"d":1800,"route_I_counts":"{\"25\": 50}","source":360,"target":361,"layer":"L","from":"北京小园(地铁站)","to":"北京栗园庄(地铁站)"},"geometry":{"type":"LineString","coordinates":[[116.108117,39.888996],[116.116922,39.894304]]}},{"type":"Feature","properties":{"shape_id":"{}","direction_id":"{\"1\": 50}","headsign":"{}","duration_avg":180,"n_vehicles":50,"d":1800,"route_I_counts":"{\"25\": 50}","source":361,"target":360,"layer":"L","from":"北京栗园庄(地铁站)","to":"北京小园(地铁站)"},"geometry":{"type":"LineString","coordinates":[[116.116922,39.894304],[116.108117,39.888996]]}},{"type":"Feature","properties":{"shape_id":"{}","direction_id":"{\"0\": 50}","headsign":"{}","duration_avg":360,"n_vehicles":50,"d":3600,"route_I_counts":"{\"25\": 50}","source":361,"target":362,"layer":"L","from":"北京栗园庄(地铁站)","to":"北京上岸(地铁站)"},"geometry":{"type":"LineString","coordinates":[[116.116922,39.894304],[116.115895,39.903684]]}},{"type":"Feature","properties":{"shape_id":"{}","direction_id":"{\"1\": 50}","headsign":"{}","duration_avg":360,"n_vehicles":50,"d":3600,"route_I_counts":"{\"25\": 50}","source":362,"target":361,"layer":"L","from":"北京上岸(地铁站)","to":"北京栗园庄(地铁站)"},"geometry":{"type":"LineString","coordinates":[[116.115895,39.903684],[116.116922,39.894304]]}},{"type":"Feature","properties":{"shape_id":"{}","direction_id":"{\"0\": 50}","headsign":"{}","duration_avg":180,"n_vehicles":50,"d":1800,"route_I_counts":"{\"25\": 50}","source":362,"target":363,"layer":"L","from":"北京上岸(地铁站)","to":"北京桥户营(地铁站)"},"geometry":{"type":"LineString","coordinates":[[116.115895,39.903684],[116.119493,39.910956]]}},{"type":"Feature","properties":{"shape_id":"{}","direction_id":"{\"1\": 50}","headsign":"{}","duration_avg":180,"n_vehicles":50,"d":1800,"route_I_counts":"{\"25\": 50}","source":363,"target":362,"layer":"L","from":"北京桥户营(地铁站)","to":"北京上岸(地铁站)"},"geometry":{"type":"LineString","coordinates":[[116.119493,39.910956],[116.115895,39.903684]]}},{"type":"Feature","properties":{"shape_id":"{}","direction_id":"{\"0\": 50}","headsign":"{}","duration_avg":120,"n_vehicles":50,"d":1200,"route_I_counts":"{\"25\": 50}","source":363,"target":364,"layer":"L","from":"北京桥户营(地铁站)","to":"北京四道桥(地铁站)"},"geometry":{"type":"LineString","coordinates":[[116.119493,39.910956],[116.127707,39.914623]]}},{"type":"Feature","properties":{"shape_id":"{}","direction_id":"{\"1\": 50}","headsign":"{}","duration_avg":120,"n_vehicles":50,"d":1200,"route_I_counts":"{\"25\": 50}","source":364,"target":363,"layer":"L","from":"北京四道桥(地铁站)","to":"北京桥户营(地铁站)"},"geometry":{"type":"LineString","coordinates":[[116.127707,39.914623],[116.119493,39.910956]]}},{"type":"Feature","properties":{"shape_id":"{}","direction_id":"{\"0\": 50}","headsign":"{}","duration_avg":240,"n_vehicles":50,"d":2400,"route_I_counts":"{\"25\": 50}","source":364,"target":208,"layer":"L","from":"北京四道桥(地铁站)","to":"北京金安桥(地铁站)"},"geometry":{"type":"LineString","coordinates":[[116.127707,39.914623],[116.155187,39.921001]]}},{"type":"Feature","properties":{"shape_id":"{}","direction_id":"{\"1\": 50}","headsign":"{}","duration_avg":240,"n_vehicles":50,"d":2400,"route_I_counts":"{\"25\": 50}","source":208,"target":364,"layer":"L","from":"北京金安桥(地铁站)","to":"北京四道桥(地铁站)"},"geometry":{"type":"LineString","coordinates":[[116.155187,39.921001],[116.127707,39.914623]]}},{"type":"Feature","properties":{"shape_id":"{}","direction_id":"{\"0\": 50}","headsign":"{}","duration_avg":180,"n_vehicles":50,"d":1800,"route_I_counts":"{\"25\": 50, \"29\": 50}","source":208,"target":35,"layer":"L","from":"北京金安桥(地铁站)","to":"北京苹果园(地铁站)"},"geometry":{"type":"LineString","coordinates":[[116.155187,39.921001],[116.17224,39.924492]]}},{"type":"Feature","properties":{"shape_id":"{}","direction_id":"{\"1\": 50}","headsign":"{}","duration_avg":180,"n_vehicles":50,"d":1800,"route_I_counts":"{\"25\": 50, \"29\": 50}","source":35,"target":208,"layer":"L","from":"北京苹果园(地铁站)","to":"北京金安桥(地铁站)"},"geometry":{"type":"LineString","coordinates":[[116.17224,39.924492],[116.155187,39.921001]]}},{"type":"Feature","properties":{"shape_id":"{}","direction_id":"{\"0\": 50}","headsign":"{}","duration_avg":240,"n_vehicles":50,"d":2400,"route_I_counts":"{\"26\": 50, \"27\": 50}","source":365,"target":366,"layer":"L","from":"北京屈庄(地铁站)","to":"北京融兴街(地铁站)"},"geometry":{"type":"LineString","coordinates":[[116.501214,39.713691],[116.499436,39.720752]]}},{"type":"Feature","properties":{"shape_id":"{}","direction_id":"{\"1\": 50}","headsign":"{}","duration_avg":240,"n_vehicles":50,"d":2400,"route_I_counts":"{\"26\": 50, \"27\": 50}","source":366,"target":365,"layer":"L","from":"北京融兴街(地铁站)","to":"北京屈庄(地铁站)"},"geometry":{"type":"LineString","coordinates":[[116.499436,39.720752],[116.501214,39.713691]]}},{"type":"Feature","properties":{"shape_id":"{}","direction_id":"{\"0\": 50}","headsign":"{}","duration_avg":180,"n_vehicles":50,"d":1800,"route_I_counts":"{\"26\": 50}","source":366,"target":367,"layer":"L","from":"北京融兴街(地铁站)","to":"北京瑞合庄(地铁站)"},"geometry":{"type":"LineString","coordinates":[[116.499436,39.720752],[116.497632,39.727859]]}},{"type":"Feature","properties":{"shape_id":"{}","direction_id":"{\"1\": 50}","headsign":"{}","duration_avg":180,"n_vehicles":50,"d":1800,"route_I_counts":"{\"26\": 50}","source":367,"target":366,"layer":"L","from":"北京瑞合庄(地铁站)","to":"北京融兴街(地铁站)"},"geometry":{"type":"LineString","coordinates":[[116.497632,39.727859],[116.499436,39.720752]]}},{"type":"Feature","properties":{"shape_id":"{}","direction_id":"{\"0\": 50}","headsign":"{}","duration_avg":360,"n_vehicles":50,"d":3600,"route_I_counts":"{\"26\": 50}","source":367,"target":368,"layer":"L","from":"北京瑞合庄(地铁站)","to":"北京太和桥北(地铁站)"},"geometry":{"type":"LineString","coordinates":[[116.497632,39.727859],[116.495827,39.739901]]}},{"type":"Feature","properties":{"shape_id":"{}","direction_id":"{\"1\": 50}","headsign":"{}","duration_avg":360,"n_vehicles":50,"d":3600,"route_I_counts":"{\"26\": 50}","source":368,"target":367,"layer":"L","from":"北京太和桥北(地铁站)","to":"北京瑞合庄(地铁站)"},"geometry":{"type":"LineString","coordinates":[[116.495827,39.739901],[116.497632,39.727859]]}},{"type":"Feature","properties":{"shape_id":"{}","direction_id":"{\"0\": 50}","headsign":"{}","duration_avg":180,"n_vehicles":50,"d":1800,"route_I_counts":"{\"26\": 50}","source":368,"target":369,"layer":"L","from":"北京太和桥北(地铁站)","to":"北京四海庄(地铁站)"},"geometry":{"type":"LineString","coordinates":[[116.495827,39.739901],[116.498607,39.745473]]}},{"type":"Feature","properties":{"shape_id":"{}","direction_id":"{\"1\": 50}","headsign":"{}","duration_avg":180,"n_vehicles":50,"d":1800,"route_I_counts":"{\"26\": 50}","source":369,"target":368,"layer":"L","from":"北京四海庄(地铁站)","to":"北京太和桥北(地铁站)"},"geometry":{"type":"LineString","coordinates":[[116.498607,39.745473],[116.495827,39.739901]]}},{"type":"Feature","properties":{"shape_id":"{}","direction_id":"{\"0\": 50}","headsign":"{}","duration_avg":300,"n_vehicles":50,"d":3000,"route_I_counts":"{\"26\": 50}","source":369,"target":370,"layer":"L","from":"北京四海庄(地铁站)","to":"北京九号村(地铁站)"},"geometry":{"type":"LineString","coordinates":[[116.498607,39.745473],[116.502756,39.753797]]}},{"type":"Feature","properties":{"shape_id":"{}","direction_id":"{\"1\": 50}","headsign":"{}","duration_avg":300,"n_vehicles":50,"d":3000,"route_I_counts":"{\"26\": 50}","source":370,"target":369,"layer":"L","from":"北京九号村(地铁站)","to":"北京四海庄(地铁站)"},"geometry":{"type":"LineString","coordinates":[[116.502756,39.753797],[116.498607,39.745473]]}},{"type":"Feature","properties":{"shape_id":"{}","direction_id":"{\"0\": 50}","headsign":"{}","duration_avg":180,"n_vehicles":50,"d":1800,"route_I_counts":"{\"26\": 50}","source":370,"target":371,"layer":"L","from":"北京九号村(地铁站)","to":"北京泰河路(地铁站)"},"geometry":{"type":"LineString","coordinates":[[116.502756,39.753797],[116.505425,39.758882]]}},{"type":"Feature","properties":{"shape_id":"{}","direction_id":"{\"1\": 50}","headsign":"{}","duration_avg":180,"n_vehicles":50,"d":1800,"route_I_counts":"{\"26\": 50}","source":371,"target":370,"layer":"L","from":"北京泰河路(地铁站)","to":"北京九号村(地铁站)"},"geometry":{"type":"LineString","coordinates":[[116.505425,39.758882],[116.502756,39.753797]]}},{"type":"Feature","properties":{"shape_id":"{}","direction_id":"{\"0\": 50}","headsign":"{}","duration_avg":240,"n_vehicles":50,"d":2400,"route_I_counts":"{\"26\": 50}","source":371,"target":372,"layer":"L","from":"北京泰河路(地铁站)","to":"北京鹿圈东(地铁站)"},"geometry":{"type":"LineString","coordinates":[[116.505425,39.758882],[116.508094,39.765194]]}},{"type":"Feature","properties":{"shape_id":"{}","direction_id":"{\"1\": 50}","headsign":"{}","duration_avg":240,"n_vehicles":50,"d":2400,"route_I_counts":"{\"26\": 50}","source":372,"target":371,"layer":"L","from":"北京鹿圈东(地铁站)","to":"北京泰河路(地铁站)"},"geometry":{"type":"LineString","coordinates":[[116.508094,39.765194],[116.505425,39.758882]]}},{"type":"Feature","properties":{"shape_id":"{}","direction_id":"{\"0\": 50}","headsign":"{}","duration_avg":360,"n_vehicles":50,"d":3600,"route_I_counts":"{\"26\": 50}","source":372,"target":373,"layer":"L","from":"北京鹿圈东(地铁站)","to":"北京亦庄同仁(地铁站)"},"geometry":{"type":"LineString","coordinates":[[116.508094,39.765194],[116.512321,39.775757]]}},{"type":"Feature","properties":{"shape_id":"{}","direction_id":"{\"1\": 50}","headsign":"{}","duration_avg":360,"n_vehicles":50,"d":3600,"route_I_counts":"{\"26\": 50}","source":373,"target":372,"layer":"L","from":"北京亦庄同仁(地铁站)","to":"北京鹿圈东(地铁站)"},"geometry":{"type":"LineString","coordinates":[[116.512321,39.775757],[116.508094,39.765194]]}},{"type":"Feature","properties":{"shape_id":"{}","direction_id":"{\"0\": 50}","headsign":"{}","duration_avg":180,"n_vehicles":50,"d":1800,"route_I_counts":"{\"26\": 50}","source":373,"target":336,"layer":"L","from":"北京亦庄同仁(地铁站)","to":"北京荣昌东街(地铁站)"},"geometry":{"type":"LineString","coordinates":[[116.512321,39.775757],[116.515825,39.781649]]}},{"type":"Feature","properties":{"shape_id":"{}","direction_id":"{\"1\": 50}","headsign":"{}","duration_avg":180,"n_vehicles":50,"d":1800,"route_I_counts":"{\"26\": 50}","source":336,"target":373,"layer":"L","from":"北京荣昌东街(地铁站)","to":"北京亦庄同仁(地铁站)"},"geometry":{"type":"LineString","coordinates":[[116.515825,39.781649],[116.512321,39.775757]]}},{"type":"Feature","properties":{"shape_id":"{}","direction_id":"{\"0\": 50}","headsign":"{}","duration_avg":180,"n_vehicles":50,"d":1800,"route_I_counts":"{\"26\": 50}","source":336,"target":374,"layer":"L","from":"北京荣昌东街(地铁站)","to":"北京亦创会展中心(地铁站)"},"geometry":{"type":"LineString","coordinates":[[116.515825,39.781649],[116.52155,39.7832]]}},{"type":"Feature","properties":{"shape_id":"{}","direction_id":"{\"1\": 50}","headsign":"{}","duration_avg":180,"n_vehicles":50,"d":1800,"route_I_counts":"{\"26\": 50}","source":374,"target":336,"layer":"L","from":"北京亦创会展中心(地铁站)","to":"北京荣昌东街(地铁站)"},"geometry":{"type":"LineString","coordinates":[[116.52155,39.7832],[116.515825,39.781649]]}},{"type":"Feature","properties":{"shape_id":"{}","direction_id":"{\"0\": 50}","headsign":"{}","duration_avg":300,"n_vehicles":50,"d":3000,"route_I_counts":"{\"26\": 50}","source":374,"target":375,"layer":"L","from":"北京亦创会展中心(地铁站)","to":"北京经海一路(地铁站)"},"geometry":{"type":"LineString","coordinates":[[116.52155,39.7832],[116.534998,39.789681]]}},{"type":"Feature","properties":{"shape_id":"{}","direction_id":"{\"1\": 50}","headsign":"{}","duration_avg":300,"n_vehicles":50,"d":3000,"route_I_counts":"{\"26\": 50}","source":375,"target":374,"layer":"L","from":"北京经海一路(地铁站)","to":"北京亦创会展中心(地铁站)"},"geometry":{"type":"LineString","coordinates":[[116.534998,39.789681],[116.52155,39.7832]]}},{"type":"Feature","properties":{"shape_id":"{}","direction_id":"{\"0\": 50}","headsign":"{}","duration_avg":360,"n_vehicles":50,"d":3600,"route_I_counts":"{\"26\": 50}","source":375,"target":376,"layer":"L","from":"北京经海一路(地铁站)","to":"北京定海园西(地铁站)"},"geometry":{"type":"LineString","coordinates":[[116.534998,39.789681],[116.547449,39.795702]]}},{"type":"Feature","properties":{"shape_id":"{}","direction_id":"{\"1\": 50}","headsign":"{}","duration_avg":360,"n_vehicles":50,"d":3600,"route_I_counts":"{\"26\": 50}","source":376,"target":375,"layer":"L","from":"北京定海园西(地铁站)","to":"北京经海一路(地铁站)"},"geometry":{"type":"LineString","coordinates":[[116.547449,39.795702],[116.534998,39.789681]]}},{"type":"Feature","properties":{"shape_id":"{}","direction_id":"{\"0\": 50}","headsign":"{}","duration_avg":240,"n_vehicles":50,"d":2400,"route_I_counts":"{\"26\": 50}","source":376,"target":377,"layer":"L","from":"北京定海园西(地铁站)","to":"北京定海园(地铁站)"},"geometry":{"type":"LineString","coordinates":[[116.547449,39.795702],[116.556462,39.800043]]}},{"type":"Feature","properties":{"shape_id":"{}","direction_id":"{\"1\": 50}","headsign":"{}","duration_avg":240,"n_vehicles":50,"d":2400,"route_I_counts":"{\"26\": 50}","source":377,"target":376,"layer":"L","from":"北京定海园(地铁站)","to":"北京定海园西(地铁站)"},"geometry":{"type":"LineString","coordinates":[[116.556462,39.800043],[116.547449,39.795702]]}},{"type":"Feature","properties":{"shape_id":"{}","direction_id":"{\"0\": 50}","headsign":"{}","duration_avg":120,"n_vehicles":50,"d":1200,"route_I_counts":"{\"27\": 50}","source":366,"target":190,"layer":"L","from":"北京融兴街(地铁站)","to":"北京十里河(地铁站)"},"geometry":{"type":"LineString","coordinates":[[116.499436,39.720752],[116.452782,39.864286]]}},{"type":"Feature","properties":{"shape_id":"{}","direction_id":"{\"1\": 50}","headsign":"{}","duration_avg":120,"n_vehicles":50,"d":1200,"route_I_counts":"{\"27\": 50}","source":190,"target":366,"layer":"L","from":"北京十里河(地铁站)","to":"北京融兴街(地铁站)"},"geometry":{"type":"LineString","coordinates":[[116.452782,39.864286],[116.499436,39.720752]]}},{"type":"Feature","properties":{"shape_id":"{}","direction_id":"{\"0\": 50}","headsign":"{}","duration_avg":120,"n_vehicles":50,"d":1200,"route_I_counts":"{\"27\": 50}","source":190,"target":378,"layer":"L","from":"北京十里河(地铁站)","to":"北京周家庄(地铁站)"},"geometry":{"type":"LineString","coordinates":[[116.452782,39.864286],[116.47066,39.8551]]}},{"type":"Feature","properties":{"shape_id":"{}","direction_id":"{\"1\": 50}","headsign":"{}","duration_avg":120,"n_vehicles":50,"d":1200,"route_I_counts":"{\"27\": 50}","source":378,"target":190,"layer":"L","from":"北京周家庄(地铁站)","to":"北京十里河(地铁站)"},"geometry":{"type":"LineString","coordinates":[[116.47066,39.8551],[116.452782,39.864286]]}},{"type":"Feature","properties":{"shape_id":"{}","direction_id":"{\"0\": 50}","headsign":"{}","duration_avg":180,"n_vehicles":50,"d":1800,"route_I_counts":"{\"27\": 50}","source":378,"target":379,"layer":"L","from":"北京周家庄(地铁站)","to":"北京十八里店(地铁站)"},"geometry":{"type":"LineString","coordinates":[[116.47066,39.8551],[116.48947,39.84328]]}},{"type":"Feature","properties":{"shape_id":"{}","direction_id":"{\"1\": 50}","headsign":"{}","duration_avg":180,"n_vehicles":50,"d":1800,"route_I_counts":"{\"27\": 50}","source":379,"target":378,"layer":"L","from":"北京十八里店(地铁站)","to":"北京周家庄(地铁站)"},"geometry":{"type":"LineString","coordinates":[[116.48947,39.84328],[116.47066,39.8551]]}},{"type":"Feature","properties":{"shape_id":"{}","direction_id":"{\"0\": 50}","headsign":"{}","duration_avg":360,"n_vehicles":50,"d":3600,"route_I_counts":"{\"27\": 50}","source":379,"target":380,"layer":"L","from":"北京十八里店(地铁站)","to":"北京北神树(地铁站)"},"geometry":{"type":"LineString","coordinates":[[116.48947,39.84328],[116.5467,39.81756]]}},{"type":"Feature","properties":{"shape_id":"{}","direction_id":"{\"1\": 50}","headsign":"{}","duration_avg":360,"n_vehicles":50,"d":3600,"route_I_counts":"{\"27\": 50}","source":380,"target":379,"layer":"L","from":"北京北神树(地铁站)","to":"北京十八里店(地铁站)"},"geometry":{"type":"LineString","coordinates":[[116.5467,39.81756],[116.48947,39.84328]]}},{"type":"Feature","properties":{"shape_id":"{}","direction_id":"{\"0\": 50}","headsign":"{}","duration_avg":180,"n_vehicles":50,"d":1800,"route_I_counts":"{\"27\": 50}","source":380,"target":381,"layer":"L","from":"北京北神树(地铁站)","to":"北京次渠北(地铁站)"},"geometry":{"type":"LineString","coordinates":[[116.5467,39.81756],[116.57058,39.80861]]}},{"type":"Feature","properties":{"shape_id":"{}","direction_id":"{\"1\": 50}","headsign":"{}","duration_avg":180,"n_vehicles":50,"d":1800,"route_I_counts":"{\"27\": 50}","source":381,"target":380,"layer":"L","from":"北京次渠北(地铁站)","to":"北京北神树(地铁站)"},"geometry":{"type":"LineString","coordinates":[[116.57058,39.80861],[116.5467,39.81756]]}},{"type":"Feature","properties":{"shape_id":"{}","direction_id":"{\"0\": 50}","headsign":"{}","duration_avg":180,"n_vehicles":50,"d":1800,"route_I_counts":"{\"27\": 50}","source":381,"target":332,"layer":"L","from":"北京次渠北(地铁站)","to":"北京次渠(地铁站)"},"geometry":{"type":"LineString","coordinates":[[116.57058,39.80861],[116.58579,39.802516]]}},{"type":"Feature","properties":{"shape_id":"{}","direction_id":"{\"1\": 50}","headsign":"{}","duration_avg":180,"n_vehicles":50,"d":1800,"route_I_counts":"{\"27\": 50}","source":332,"target":381,"layer":"L","from":"北京次渠(地铁站)","to":"北京次渠北(地铁站)"},"geometry":{"type":"LineString","coordinates":[[116.58579,39.802516],[116.57058,39.80861]]}},{"type":"Feature","properties":{"shape_id":"{}","direction_id":"{\"0\": 50}","headsign":"{}","duration_avg":120,"n_vehicles":50,"d":1200,"route_I_counts":"{\"27\": 50}","source":332,"target":382,"layer":"L","from":"北京次渠(地铁站)","to":"北京嘉会湖(地铁站)"},"geometry":{"type":"LineString","coordinates":[[116.58579,39.802516],[116.60487,39.79168]]}},{"type":"Feature","properties":{"shape_id":"{}","direction_id":"{\"1\": 50}","headsign":"{}","duration_avg":120,"n_vehicles":50,"d":1200,"route_I_counts":"{\"27\": 50}","source":382,"target":332,"layer":"L","from":"北京嘉会湖(地铁站)","to":"北京次渠(地铁站)"},"geometry":{"type":"LineString","coordinates":[[116.60487,39.79168],[116.58579,39.802516]]}},{"type":"Feature","properties":{"shape_id":"{}","direction_id":"{\"0\": 50}","headsign":"{}","duration_avg":120,"n_vehicles":50,"d":1200,"route_I_counts":"{\"28\": 50}","source":383,"target":384,"layer":"L","from":"北京未来科学城北(地铁站)","to":"北京未来科学城(地铁站)"},"geometry":{"type":"LineString","coordinates":[[116.46271,40.128753],[116.460684,40.114302]]}},{"type":"Feature","properties":{"shape_id":"{}","direction_id":"{\"1\": 50}","headsign":"{}","duration_avg":120,"n_vehicles":50,"d":1200,"route_I_counts":"{\"28\": 50}","source":384,"target":383,"layer":"L","from":"北京未来科学城(地铁站)","to":"北京未来科学城北(地铁站)"},"geometry":{"type":"LineString","coordinates":[[116.460684,40.114302],[116.46271,40.128753]]}},{"type":"Feature","properties":{"shape_id":"{}","direction_id":"{\"0\": 50}","headsign":"{}","duration_avg":300,"n_vehicles":50,"d":3000,"route_I_counts":"{\"28\": 50}","source":384,"target":385,"layer":"L","from":"北京未来科学城(地铁站)","to":"北京天通苑东(地铁站)"},"geometry":{"type":"LineString","coordinates":[[116.460684,40.114302],[116.43594,40.067042]]}},{"type":"Feature","properties":{"shape_id":"{}","direction_id":"{\"1\": 50}","headsign":"{}","duration_avg":300,"n_vehicles":50,"d":3000,"route_I_counts":"{\"28\": 50}","source":385,"target":384,"layer":"L","from":"北京天通苑东(地铁站)","to":"北京未来科学城(地铁站)"},"geometry":{"type":"LineString","coordinates":[[116.43594,40.067042],[116.460684,40.114302]]}},{"type":"Feature","properties":{"shape_id":"{}","direction_id":"{\"0\": 50}","headsign":"{}","duration_avg":180,"n_vehicles":50,"d":1800,"route_I_counts":"{\"28\": 50}","source":385,"target":386,"layer":"L","from":"北京天通苑东(地铁站)","to":"北京清河营(地铁站)"},"geometry":{"type":"LineString","coordinates":[[116.43594,40.067042],[116.435886,40.049408]]}},{"type":"Feature","properties":{"shape_id":"{}","direction_id":"{\"1\": 50}","headsign":"{}","duration_avg":180,"n_vehicles":50,"d":1800,"route_I_counts":"{\"28\": 50}","source":386,"target":385,"layer":"L","from":"北京清河营(地铁站)","to":"北京天通苑东(地铁站)"},"geometry":{"type":"LineString","coordinates":[[116.435886,40.049408],[116.43594,40.067042]]}},{"type":"Feature","properties":{"shape_id":"{}","direction_id":"{\"0\": 50}","headsign":"{}","duration_avg":180,"n_vehicles":50,"d":1800,"route_I_counts":"{\"28\": 50}","source":386,"target":387,"layer":"L","from":"北京清河营(地铁站)","to":"北京红军营(地铁站)"},"geometry":{"type":"LineString","coordinates":[[116.435886,40.049408],[116.435583,40.032347]]}},{"type":"Feature","properties":{"shape_id":"{}","direction_id":"{\"1\": 50}","headsign":"{}","duration_avg":180,"n_vehicles":50,"d":1800,"route_I_counts":"{\"28\": 50}","source":387,"target":386,"layer":"L","from":"北京红军营(地铁站)","to":"北京清河营(地铁站)"},"geometry":{"type":"LineString","coordinates":[[116.435583,40.032347],[116.435886,40.049408]]}},{"type":"Feature","properties":{"shape_id":"{}","direction_id":"{\"0\": 50}","headsign":"{}","duration_avg":480,"n_vehicles":50,"d":4800,"route_I_counts":"{\"28\": 50}","source":387,"target":181,"layer":"L","from":"北京红军营(地铁站)","to":"北京太阳宫(地铁站)"},"geometry":{"type":"LineString","coordinates":[[116.435583,40.032347],[116.441277,39.971315]]}},{"type":"Feature","properties":{"shape_id":"{}","direction_id":"{\"1\": 50}","headsign":"{}","duration_avg":480,"n_vehicles":50,"d":4800,"route_I_counts":"{\"28\": 50}","source":181,"target":387,"layer":"L","from":"北京太阳宫(地铁站)","to":"北京红军营(地铁站)"},"geometry":{"type":"LineString","coordinates":[[116.441277,39.971315],[116.435583,40.032347]]}},{"type":"Feature","properties":{"shape_id":"{}","direction_id":"{\"0\": 50}","headsign":"{}","duration_avg":180,"n_vehicles":50,"d":1800,"route_I_counts":"{\"28\": 50}","source":181,"target":216,"layer":"L","from":"北京太阳宫(地铁站)","to":"北京西坝河(地铁站)"},"geometry":{"type":"LineString","coordinates":[[116.441277,39.971315],[116.436051,39.964339]]}},{"type":"Feature","properties":{"shape_id":"{}","direction_id":"{\"1\": 50}","headsign":"{}","duration_avg":180,"n_vehicles":50,"d":1800,"route_I_counts":"{\"28\": 50}","source":216,"target":181,"layer":"L","from":"北京西坝河(地铁站)","to":"北京太阳宫(地铁站)"},"geometry":{"type":"LineString","coordinates":[[116.436051,39.964339],[116.441277,39.971315]]}},{"type":"Feature","properties":{"shape_id":"{}","direction_id":"{\"0\": 50}","headsign":"{}","duration_avg":240,"n_vehicles":50,"d":2400,"route_I_counts":"{\"28\": 50}","source":216,"target":388,"layer":"L","from":"北京西坝河(地铁站)","to":"北京左家庄(地铁站)"},"geometry":{"type":"LineString","coordinates":[[116.436051,39.964339],[116.436519,39.948599]]}},{"type":"Feature","properties":{"shape_id":"{}","direction_id":"{\"1\": 50}","headsign":"{}","duration_avg":240,"n_vehicles":50,"d":2400,"route_I_counts":"{\"28\": 50}","source":388,"target":216,"layer":"L","from":"北京左家庄(地铁站)","to":"北京西坝河(地铁站)"},"geometry":{"type":"LineString","coordinates":[[116.436519,39.948599],[116.436051,39.964339]]}},{"type":"Feature","properties":{"shape_id":"{}","direction_id":"{\"0\": 50}","headsign":"{}","duration_avg":120,"n_vehicles":50,"d":1200,"route_I_counts":"{\"28\": 50}","source":388,"target":389,"layer":"L","from":"北京左家庄(地铁站)","to":"北京工人体育场(地铁站)"},"geometry":{"type":"LineString","coordinates":[[116.436519,39.948599],[116.44377,39.932233]]}},{"type":"Feature","properties":{"shape_id":"{}","direction_id":"{\"1\": 50}","headsign":"{}","duration_avg":120,"n_vehicles":50,"d":1200,"route_I_counts":"{\"28\": 50}","source":389,"target":388,"layer":"L","from":"北京工人体育场(地铁站)","to":"北京左家庄(地铁站)"},"geometry":{"type":"LineString","coordinates":[[116.44377,39.932233],[116.436519,39.948599]]}},{"type":"Feature","properties":{"shape_id":"{}","direction_id":"{\"0\": 50}","headsign":"{}","duration_avg":120,"n_vehicles":50,"d":1200,"route_I_counts":"{\"29\": 50}","source":35,"target":390,"layer":"L","from":"北京苹果园(地铁站)","to":"北京杨庄(地铁站)"},"geometry":{"type":"LineString","coordinates":[[116.17224,39.924492],[116.182473,39.926729]]}},{"type":"Feature","properties":{"shape_id":"{}","direction_id":"{\"1\": 50}","headsign":"{}","duration_avg":120,"n_vehicles":50,"d":1200,"route_I_counts":"{\"29\": 50}","source":390,"target":35,"layer":"L","from":"北京杨庄(地铁站)","to":"北京苹果园(地铁站)"},"geometry":{"type":"LineString","coordinates":[[116.182473,39.926729],[116.17224,39.924492]]}},{"type":"Feature","properties":{"shape_id":"{}","direction_id":"{\"0\": 50}","headsign":"{}","duration_avg":180,"n_vehicles":50,"d":1800,"route_I_counts":"{\"29\": 50}","source":390,"target":391,"layer":"L","from":"北京杨庄(地铁站)","to":"北京西黄村(地铁站)"},"geometry":{"type":"LineString","coordinates":[[116.182473,39.926729],[116.200174,39.932502]]}},{"type":"Feature","properties":{"shape_id":"{}","direction_id":"{\"1\": 50}","headsign":"{}","duration_avg":180,"n_vehicles":50,"d":1800,"route_I_counts":"{\"29\": 50}","source":391,"target":390,"layer":"L","from":"北京西黄村(地铁站)","to":"北京杨庄(地铁站)"},"geometry":{"type":"LineString","coordinates":[[116.200174,39.932502],[116.182473,39.926729]]}},{"type":"Feature","properties":{"shape_id":"{}","direction_id":"{\"0\": 50}","headsign":"{}","duration_avg":180,"n_vehicles":50,"d":1800,"route_I_counts":"{\"29\": 50}","source":391,"target":392,"layer":"L","from":"北京西黄村(地铁站)","to":"北京廖公庄(地铁站)"},"geometry":{"type":"LineString","coordinates":[[116.200174,39.932502],[116.220863,39.931154]]}},{"type":"Feature","properties":{"shape_id":"{}","direction_id":"{\"1\": 50}","headsign":"{}","duration_avg":180,"n_vehicles":50,"d":1800,"route_I_counts":"{\"29\": 50}","source":392,"target":391,"layer":"L","from":"北京廖公庄(地铁站)","to":"北京西黄村(地铁站)"},"geometry":{"type":"LineString","coordinates":[[116.220863,39.931154],[116.200174,39.932502]]}},{"type":"Feature","properties":{"shape_id":"{}","direction_id":"{\"0\": 50}","headsign":"{}","duration_avg":180,"n_vehicles":50,"d":1800,"route_I_counts":"{\"29\": 50}","source":392,"target":393,"layer":"L","from":"北京廖公庄(地铁站)","to":"北京田村(地铁站)"},"geometry":{"type":"LineString","coordinates":[[116.220863,39.931154],[116.246833,39.928138]]}},{"type":"Feature","properties":{"shape_id":"{}","direction_id":"{\"1\": 50}","headsign":"{}","duration_avg":180,"n_vehicles":50,"d":1800,"route_I_counts":"{\"29\": 50}","source":393,"target":392,"layer":"L","from":"北京田村(地铁站)","to":"北京廖公庄(地铁站)"},"geometry":{"type":"LineString","coordinates":[[116.246833,39.928138],[116.220863,39.931154]]}},{"type":"Feature","properties":{"shape_id":"{}","direction_id":"{\"0\": 50}","headsign":"{}","duration_avg":180,"n_vehicles":50,"d":1800,"route_I_counts":"{\"29\": 50}","source":393,"target":394,"layer":"L","from":"北京田村(地铁站)","to":"北京海淀五路居(地铁站)"},"geometry":{"type":"LineString","coordinates":[[116.246833,39.928138],[116.271139,39.9314]]}},{"type":"Feature","properties":{"shape_id":"{}","direction_id":"{\"1\": 50}","headsign":"{}","duration_avg":180,"n_vehicles":50,"d":1800,"route_I_counts":"{\"29\": 50}","source":394,"target":393,"layer":"L","from":"北京海淀五路居(地铁站)","to":"北京田村(地铁站)"},"geometry":{"type":"LineString","coordinates":[[116.271139,39.9314],[116.246833,39.928138]]}},{"type":"Feature","properties":{"shape_id":"{}","direction_id":"{\"0\": 50}","headsign":"{}","duration_avg":180,"n_vehicles":50,"d":1800,"route_I_counts":"{\"29\": 50}","source":394,"target":203,"layer":"L","from":"北京海淀五路居(地铁站)","to":"北京慈寿寺(地铁站)"},"geometry":{"type":"LineString","coordinates":[[116.271139,39.9314],[116.289234,39.932099]]}},{"type":"Feature","properties":{"shape_id":"{}","direction_id":"{\"1\": 50}","headsign":"{}","duration_avg":180,"n_vehicles":50,"d":1800,"route_I_counts":"{\"29\": 50}","source":203,"target":394,"layer":"L","from":"北京慈寿寺(地铁站)","to":"北京海淀五路居(地铁站)"},"geometry":{"type":"LineString","coordinates":[[116.289234,39.932099],[116.271139,39.9314]]}},{"type":"Feature","properties":{"shape_id":"{}","direction_id":"{\"0\": 50}","headsign":"{}","duration_avg":120,"n_vehicles":50,"d":1200,"route_I_counts":"{\"29\": 50}","source":203,"target":395,"layer":"L","from":"北京慈寿寺(地铁站)","to":"北京花园桥(地铁站)"},"geometry":{"type":"LineString","coordinates":[[116.289234,39.932099],[116.310713,39.9324]]}},{"type":"Feature","properties":{"shape_id":"{}","direction_id":"{\"1\": 50}","headsign":"{}","duration_avg":120,"n_vehicles":50,"d":1200,"route_I_counts":"{\"29\": 50}","source":395,"target":203,"layer":"L","from":"北京花园桥(地铁站)","to":"北京慈寿寺(地铁站)"},"geometry":{"type":"LineString","coordinates":[[116.310713,39.9324],[116.289234,39.932099]]}},{"type":"Feature","properties":{"shape_id":"{}","direction_id":"{\"0\": 50}","headsign":"{}","duration_avg":120,"n_vehicles":50,"d":1200,"route_I_counts":"{\"29\": 50}","source":395,"target":171,"layer":"L","from":"北京花园桥(地铁站)","to":"北京白石桥南(地铁站)"},"geometry":{"type":"LineString","coordinates":[[116.310713,39.9324],[116.319419,39.931762]]}},{"type":"Feature","properties":{"shape_id":"{}","direction_id":"{\"1\": 50}","headsign":"{}","duration_avg":120,"n_vehicles":50,"d":1200,"route_I_counts":"{\"29\": 50}","source":171,"target":395,"layer":"L","from":"北京白石桥南(地铁站)","to":"北京花园桥(地铁站)"},"geometry":{"type":"LineString","coordinates":[[116.319419,39.931762],[116.310713,39.9324]]}},{"type":"Feature","properties":{"shape_id":"{}","direction_id":"{\"0\": 50}","headsign":"{}","duration_avg":120,"n_vehicles":50,"d":1200,"route_I_counts":"{\"29\": 50}","source":171,"target":289,"layer":"L","from":"北京白石桥南(地铁站)","to":"北京二里沟(地铁站)"},"geometry":{"type":"LineString","coordinates":[[116.319419,39.931762],[116.327552,39.931086]]}},{"type":"Feature","properties":{"shape_id":"{}","direction_id":"{\"1\": 50}","headsign":"{}","duration_avg":120,"n_vehicles":50,"d":1200,"route_I_counts":"{\"29\": 50}","source":289,"target":171,"layer":"L","from":"北京二里沟(地铁站)","to":"北京白石桥南(地铁站)"},"geometry":{"type":"LineString","coordinates":[[116.327552,39.931086],[116.319419,39.931762]]}},{"type":"Feature","properties":{"shape_id":"{}","direction_id":"{\"0\": 50}","headsign":"{}","duration_avg":120,"n_vehicles":50,"d":1200,"route_I_counts":"{\"29\": 50}","source":289,"target":396,"layer":"L","from":"北京二里沟(地铁站)","to":"北京车公庄西(地铁站)"},"geometry":{"type":"LineString","coordinates":[[116.327552,39.931086],[116.337992,39.931098]]}},{"type":"Feature","properties":{"shape_id":"{}","direction_id":"{\"1\": 50}","headsign":"{}","duration_avg":120,"n_vehicles":50,"d":1200,"route_I_counts":"{\"29\": 50}","source":396,"target":289,"layer":"L","from":"北京车公庄西(地铁站)","to":"北京二里沟(地铁站)"},"geometry":{"type":"LineString","coordinates":[[116.337992,39.931098],[116.327552,39.931086]]}},{"type":"Feature","properties":{"shape_id":"{}","direction_id":"{\"0\": 50}","headsign":"{}","duration_avg":120,"n_vehicles":50,"d":1200,"route_I_counts":"{\"29\": 50}","source":396,"target":51,"layer":"L","from":"北京车公庄西(地铁站)","to":"北京车公庄(地铁站)"},"geometry":{"type":"LineString","coordinates":[[116.337992,39.931098],[116.349668,39.931075]]}},{"type":"Feature","properties":{"shape_id":"{}","direction_id":"{\"1\": 50}","headsign":"{}","duration_avg":120,"n_vehicles":50,"d":1200,"route_I_counts":"{\"29\": 50}","source":51,"target":396,"layer":"L","from":"北京车公庄(地铁站)","to":"北京车公庄西(地铁站)"},"geometry":{"type":"LineString","coordinates":[[116.349668,39.931075],[116.337992,39.931098]]}},{"type":"Feature","properties":{"shape_id":"{}","direction_id":"{\"0\": 50}","headsign":"{}","duration_avg":180,"n_vehicles":50,"d":1800,"route_I_counts":"{\"29\": 50}","source":51,"target":65,"layer":"L","from":"北京车公庄(地铁站)","to":"北京平安里(地铁站)"},"geometry":{"type":"LineString","coordinates":[[116.349668,39.931075],[116.366657,39.932562]]}},{"type":"Feature","properties":{"shape_id":"{}","direction_id":"{\"1\": 50}","headsign":"{}","duration_avg":180,"n_vehicles":50,"d":1800,"route_I_counts":"{\"29\": 50}","source":65,"target":51,"layer":"L","from":"北京平安里(地铁站)","to":"北京车公庄(地铁站)"},"geometry":{"type":"LineString","coordinates":[[116.366657,39.932562],[116.349668,39.931075]]}},{"type":"Feature","properties":{"shape_id":"{}","direction_id":"{\"0\": 50}","headsign":"{}","duration_avg":120,"n_vehicles":50,"d":1200,"route_I_counts":"{\"29\": 50}","source":65,"target":397,"layer":"L","from":"北京平安里(地铁站)","to":"北京北海北(地铁站)"},"geometry":{"type":"LineString","coordinates":[[116.366657,39.932562],[116.380324,39.93184]]}},{"type":"Feature","properties":{"shape_id":"{}","direction_id":"{\"1\": 50}","headsign":"{}","duration_avg":120,"n_vehicles":50,"d":1200,"route_I_counts":"{\"29\": 50}","source":397,"target":65,"layer":"L","from":"北京北海北(地铁站)","to":"北京平安里(地铁站)"},"geometry":{"type":"LineString","coordinates":[[116.380324,39.93184],[116.366657,39.932562]]}},{"type":"Feature","properties":{"shape_id":"{}","direction_id":"{\"0\": 50}","headsign":"{}","duration_avg":180,"n_vehicles":50,"d":1800,"route_I_counts":"{\"29\": 50}","source":397,"target":145,"layer":"L","from":"北京北海北(地铁站)","to":"北京南锣鼓巷(地铁站)"},"geometry":{"type":"LineString","coordinates":[[116.380324,39.93184],[116.397945,39.932443]]}},{"type":"Feature","properties":{"shape_id":"{}","direction_id":"{\"1\": 50}","headsign":"{}","duration_avg":180,"n_vehicles":50,"d":1800,"route_I_counts":"{\"29\": 50}","source":145,"target":397,"layer":"L","from":"北京南锣鼓巷(地铁站)","to":"北京北海北(地铁站)"},"geometry":{"type":"LineString","coordinates":[[116.397945,39.932443],[116.380324,39.93184]]}},{"type":"Feature","properties":{"shape_id":"{}","direction_id":"{\"0\": 50}","headsign":"{}","duration_avg":180,"n_vehicles":50,"d":1800,"route_I_counts":"{\"29\": 50}","source":145,"target":98,"layer":"L","from":"北京南锣鼓巷(地铁站)","to":"北京东四(地铁站)"},"geometry":{"type":"LineString","coordinates":[[116.397945,39.932443],[116.411255,39.92297]]}},{"type":"Feature","properties":{"shape_id":"{}","direction_id":"{\"1\": 50}","headsign":"{}","duration_avg":180,"n_vehicles":50,"d":1800,"route_I_counts":"{\"29\": 50}","source":98,"target":145,"layer":"L","from":"北京东四(地铁站)","to":"北京南锣鼓巷(地铁站)"},"geometry":{"type":"LineString","coordinates":[[116.411255,39.92297],[116.397945,39.932443]]}},{"type":"Feature","properties":{"shape_id":"{}","direction_id":"{\"0\": 50}","headsign":"{}","duration_avg":120,"n_vehicles":50,"d":1200,"route_I_counts":"{\"29\": 50}","source":98,"target":43,"layer":"L","from":"北京东四(地铁站)","to":"北京朝阳门(地铁站)"},"geometry":{"type":"LineString","coordinates":[[116.411255,39.92297],[116.428294,39.923105]]}},{"type":"Feature","properties":{"shape_id":"{}","direction_id":"{\"1\": 50}","headsign":"{}","duration_avg":120,"n_vehicles":50,"d":1200,"route_I_counts":"{\"29\": 50}","source":43,"target":98,"layer":"L","from":"北京朝阳门(地铁站)","to":"北京东四(地铁站)"},"geometry":{"type":"LineString","coordinates":[[116.428294,39.923105],[116.411255,39.92297]]}},{"type":"Feature","properties":{"shape_id":"{}","direction_id":"{\"0\": 50}","headsign":"{}","duration_avg":180,"n_vehicles":50,"d":1800,"route_I_counts":"{\"29\": 50}","source":43,"target":398,"layer":"L","from":"北京朝阳门(地铁站)","to":"北京东大桥(地铁站)"},"geometry":{"type":"LineString","coordinates":[[116.428294,39.923105],[116.4455,39.9215]]}},{"type":"Feature","properties":{"shape_id":"{}","direction_id":"{\"1\": 50}","headsign":"{}","duration_avg":180,"n_vehicles":50,"d":1800,"route_I_counts":"{\"29\": 50}","source":398,"target":43,"layer":"L","from":"北京东大桥(地铁站)","to":"北京朝阳门(地铁站)"},"geometry":{"type":"LineString","coordinates":[[116.4455,39.9215],[116.428294,39.923105]]}},{"type":"Feature","properties":{"shape_id":"{}","direction_id":"{\"0\": 50}","headsign":"{}","duration_avg":120,"n_vehicles":50,"d":1200,"route_I_counts":"{\"29\": 50}","source":398,"target":186,"layer":"L","from":"北京东大桥(地铁站)","to":"北京呼家楼(地铁站)"},"geometry":{"type":"LineString","coordinates":[[116.4455,39.9215],[116.455455,39.921987]]}},{"type":"Feature","properties":{"shape_id":"{}","direction_id":"{\"1\": 50}","headsign":"{}","duration_avg":120,"n_vehicles":50,"d":1200,"route_I_counts":"{\"29\": 50}","source":186,"target":398,"layer":"L","from":"北京呼家楼(地铁站)","to":"北京东大桥(地铁站)"},"geometry":{"type":"LineString","coordinates":[[116.455455,39.921987],[116.4455,39.9215]]}},{"type":"Feature","properties":{"shape_id":"{}","direction_id":"{\"0\": 50}","headsign":"{}","duration_avg":180,"n_vehicles":50,"d":1800,"route_I_counts":"{\"29\": 50}","source":186,"target":245,"layer":"L","from":"北京呼家楼(地铁站)","to":"北京金台路(地铁站)"},"geometry":{"type":"LineString","coordinates":[[116.455455,39.921987],[116.472024,39.92227]]}},{"type":"Feature","properties":{"shape_id":"{}","direction_id":"{\"1\": 50}","headsign":"{}","duration_avg":180,"n_vehicles":50,"d":1800,"route_I_counts":"{\"29\": 50}","source":245,"target":186,"layer":"L","from":"北京金台路(地铁站)","to":"北京呼家楼(地铁站)"},"geometry":{"type":"LineString","coordinates":[[116.472024,39.92227],[116.455455,39.921987]]}},{"type":"Feature","properties":{"shape_id":"{}","direction_id":"{\"0\": 50}","headsign":"{}","duration_avg":180,"n_vehicles":50,"d":1800,"route_I_counts":"{\"29\": 50}","source":245,"target":399,"layer":"L","from":"北京金台路(地铁站)","to":"北京十里堡(地铁站)"},"geometry":{"type":"LineString","coordinates":[[116.472024,39.92227],[116.496192,39.921597]]}},{"type":"Feature","properties":{"shape_id":"{}","direction_id":"{\"1\": 50}","headsign":"{}","duration_avg":180,"n_vehicles":50,"d":1800,"route_I_counts":"{\"29\": 50}","source":399,"target":245,"layer":"L","from":"北京十里堡(地铁站)","to":"北京金台路(地铁站)"},"geometry":{"type":"LineString","coordinates":[[116.496192,39.921597],[116.472024,39.92227]]}},{"type":"Feature","properties":{"shape_id":"{}","direction_id":"{\"0\": 50}","headsign":"{}","duration_avg":120,"n_vehicles":50,"d":1200,"route_I_counts":"{\"29\": 50}","source":399,"target":400,"layer":"L","from":"北京十里堡(地铁站)","to":"北京青年路(地铁站)"},"geometry":{"type":"LineString","coordinates":[[116.496192,39.921597],[116.5111,39.9218]]}},{"type":"Feature","properties":{"shape_id":"{}","direction_id":"{\"1\": 50}","headsign":"{}","duration_avg":120,"n_vehicles":50,"d":1200,"route_I_counts":"{\"29\": 50}","source":400,"target":399,"layer":"L","from":"北京青年路(地铁站)","to":"北京十里堡(地铁站)"},"geometry":{"type":"LineString","coordinates":[[116.5111,39.9218],[116.496192,39.921597]]}},{"type":"Feature","properties":{"shape_id":"{}","direction_id":"{\"0\": 50}","headsign":"{}","duration_avg":120,"n_vehicles":50,"d":1200,"route_I_counts":"{\"29\": 50}","source":400,"target":401,"layer":"L","from":"北京青年路(地铁站)","to":"北京褡裢坡(地铁站)"},"geometry":{"type":"LineString","coordinates":[[116.5111,39.9218],[116.557578,39.922735]]}},{"type":"Feature","properties":{"shape_id":"{}","direction_id":"{\"1\": 50}","headsign":"{}","duration_avg":120,"n_vehicles":50,"d":1200,"route_I_counts":"{\"29\": 50}","source":401,"target":400,"layer":"L","from":"北京褡裢坡(地铁站)","to":"北京青年路(地铁站)"},"geometry":{"type":"LineString","coordinates":[[116.557578,39.922735],[116.5111,39.9218]]}},{"type":"Feature","properties":{"shape_id":"{}","direction_id":"{\"0\": 50}","headsign":"{}","duration_avg":180,"n_vehicles":50,"d":1800,"route_I_counts":"{\"29\": 50}","source":401,"target":402,"layer":"L","from":"北京褡裢坡(地铁站)","to":"北京黄渠(地铁站)"},"geometry":{"type":"LineString","coordinates":[[116.557578,39.922735],[116.572637,39.92307]]}},{"type":"Feature","properties":{"shape_id":"{}","direction_id":"{\"1\": 50}","headsign":"{}","duration_avg":180,"n_vehicles":50,"d":1800,"route_I_counts":"{\"29\": 50}","source":402,"target":401,"layer":"L","from":"北京黄渠(地铁站)","to":"北京褡裢坡(地铁站)"},"geometry":{"type":"LineString","coordinates":[[116.572637,39.92307],[116.557578,39.922735]]}},{"type":"Feature","properties":{"shape_id":"{}","direction_id":"{\"0\": 50}","headsign":"{}","duration_avg":120,"n_vehicles":50,"d":1200,"route_I_counts":"{\"29\": 50}","source":402,"target":403,"layer":"L","from":"北京黄渠(地铁站)","to":"北京常营(地铁站)"},"geometry":{"type":"LineString","coordinates":[[116.572637,39.92307],[116.59384,39.924571]]}},{"type":"Feature","properties":{"shape_id":"{}","direction_id":"{\"1\": 50}","headsign":"{}","duration_avg":120,"n_vehicles":50,"d":1200,"route_I_counts":"{\"29\": 50}","source":403,"target":402,"layer":"L","from":"北京常营(地铁站)","to":"北京黄渠(地铁站)"},"geometry":{"type":"LineString","coordinates":[[116.59384,39.924571],[116.572637,39.92307]]}},{"type":"Feature","properties":{"shape_id":"{}","direction_id":"{\"0\": 50}","headsign":"{}","duration_avg":120,"n_vehicles":50,"d":1200,"route_I_counts":"{\"29\": 50}","source":403,"target":404,"layer":"L","from":"北京常营(地铁站)","to":"北京草房(地铁站)"},"geometry":{"type":"LineString","coordinates":[[116.59384,39.924571],[116.609583,39.923204]]}},{"type":"Feature","properties":{"shape_id":"{}","direction_id":"{\"1\": 50}","headsign":"{}","duration_avg":120,"n_vehicles":50,"d":1200,"route_I_counts":"{\"29\": 50}","source":404,"target":403,"layer":"L","from":"北京草房(地铁站)","to":"北京常营(地铁站)"},"geometry":{"type":"LineString","coordinates":[[116.609583,39.923204],[116.59384,39.924571]]}},{"type":"Feature","properties":{"shape_id":"{}","direction_id":"{\"0\": 50}","headsign":"{}","duration_avg":180,"n_vehicles":50,"d":1800,"route_I_counts":"{\"29\": 50}","source":404,"target":405,"layer":"L","from":"北京草房(地铁站)","to":"北京物资学院路(地铁站)"},"geometry":{"type":"LineString","coordinates":[[116.609583,39.923204],[116.633806,39.925659]]}},{"type":"Feature","properties":{"shape_id":"{}","direction_id":"{\"1\": 50}","headsign":"{}","duration_avg":180,"n_vehicles":50,"d":1800,"route_I_counts":"{\"29\": 50}","source":405,"target":404,"layer":"L","from":"北京物资学院路(地铁站)","to":"北京草房(地铁站)"},"geometry":{"type":"LineString","coordinates":[[116.633806,39.925659],[116.609583,39.923204]]}},{"type":"Feature","properties":{"shape_id":"{}","direction_id":"{\"0\": 50}","headsign":"{}","duration_avg":240,"n_vehicles":50,"d":2400,"route_I_counts":"{\"29\": 50}","source":405,"target":406,"layer":"L","from":"北京物资学院路(地铁站)","to":"北京通州北关(地铁站)"},"geometry":{"type":"LineString","coordinates":[[116.633806,39.925659],[116.655515,39.917374]]}},{"type":"Feature","properties":{"shape_id":"{}","direction_id":"{\"1\": 50}","headsign":"{}","duration_avg":240,"n_vehicles":50,"d":2400,"route_I_counts":"{\"29\": 50}","source":406,"target":405,"layer":"L","from":"北京通州北关(地铁站)","to":"北京物资学院路(地铁站)"},"geometry":{"type":"LineString","coordinates":[[116.655515,39.917374],[116.633806,39.925659]]}},{"type":"Feature","properties":{"shape_id":"{}","direction_id":"{\"0\": 50}","headsign":"{}","duration_avg":240,"n_vehicles":50,"d":2400,"route_I_counts":"{\"29\": 50}","source":406,"target":407,"layer":"L","from":"北京通州北关(地铁站)","to":"北京北运河西(地铁站)"},"geometry":{"type":"LineString","coordinates":[[116.655515,39.917374],[116.682545,39.901639]]}},{"type":"Feature","properties":{"shape_id":"{}","direction_id":"{\"1\": 50}","headsign":"{}","duration_avg":240,"n_vehicles":50,"d":2400,"route_I_counts":"{\"29\": 50}","source":407,"target":406,"layer":"L","from":"北京北运河西(地铁站)","to":"北京通州北关(地铁站)"},"geometry":{"type":"LineString","coordinates":[[116.682545,39.901639],[116.655515,39.917374]]}},{"type":"Feature","properties":{"shape_id":"{}","direction_id":"{\"0\": 50}","headsign":"{}","duration_avg":180,"n_vehicles":50,"d":1800,"route_I_counts":"{\"29\": 50}","source":407,"target":408,"layer":"L","from":"北京北运河西(地铁站)","to":"北京北运河东(地铁站)"},"geometry":{"type":"LineString","coordinates":[[116.682545,39.901639],[116.701131,39.902006]]}},{"type":"Feature","properties":{"shape_id":"{}","direction_id":"{\"1\": 50}","headsign":"{}","duration_avg":180,"n_vehicles":50,"d":1800,"route_I_counts":"{\"29\": 50}","source":408,"target":407,"layer":"L","from":"北京北运河东(地铁站)","to":"北京北运河西(地铁站)"},"geometry":{"type":"LineString","coordinates":[[116.701131,39.902006],[116.682545,39.901639]]}},{"type":"Feature","properties":{"shape_id":"{}","direction_id":"{\"0\": 50}","headsign":"{}","duration_avg":120,"n_vehicles":50,"d":1200,"route_I_counts":"{\"29\": 50}","source":408,"target":409,"layer":"L","from":"北京北运河东(地铁站)","to":"北京郝家府(地铁站)"},"geometry":{"type":"LineString","coordinates":[[116.701131,39.902006],[116.711023,39.90202]]}},{"type":"Feature","properties":{"shape_id":"{}","direction_id":"{\"1\": 50}","headsign":"{}","duration_avg":120,"n_vehicles":50,"d":1200,"route_I_counts":"{\"29\": 50}","source":409,"target":408,"layer":"L","from":"北京郝家府(地铁站)","to":"北京北运河东(地铁站)"},"geometry":{"type":"LineString","coordinates":[[116.711023,39.90202],[116.701131,39.902006]]}},{"type":"Feature","properties":{"shape_id":"{}","direction_id":"{\"0\": 50}","headsign":"{}","duration_avg":120,"n_vehicles":50,"d":1200,"route_I_counts":"{\"29\": 50}","source":409,"target":410,"layer":"L","from":"北京郝家府(地铁站)","to":"北京东夏园(地铁站)"},"geometry":{"type":"LineString","coordinates":[[116.711023,39.90202],[116.727369,39.902189]]}},{"type":"Feature","properties":{"shape_id":"{}","direction_id":"{\"1\": 50}","headsign":"{}","duration_avg":120,"n_vehicles":50,"d":1200,"route_I_counts":"{\"29\": 50}","source":410,"target":409,"layer":"L","from":"北京东夏园(地铁站)","to":"北京郝家府(地铁站)"},"geometry":{"type":"LineString","coordinates":[[116.727369,39.902189],[116.711023,39.90202]]}},{"type":"Feature","properties":{"shape_id":"{}","direction_id":"{\"0\": 50}","headsign":"{}","duration_avg":120,"n_vehicles":50,"d":1200,"route_I_counts":"{\"29\": 50}","source":410,"target":411,"layer":"L","from":"北京东夏园(地铁站)","to":"北京潞城(地铁站)"},"geometry":{"type":"LineString","coordinates":[[116.727369,39.902189],[116.741787,39.901547]]}},{"type":"Feature","properties":{"shape_id":"{}","direction_id":"{\"1\": 50}","headsign":"{}","duration_avg":120,"n_vehicles":50,"d":1200,"route_I_counts":"{\"29\": 50}","source":411,"target":410,"layer":"L","from":"北京潞城(地铁站)","to":"北京东夏园(地铁站)"},"geometry":{"type":"LineString","coordinates":[[116.741787,39.901547],[116.727369,39.902189]]}},{"type":"Feature","properties":{"shape_id":"{}","direction_id":"{\"0\": 50}","headsign":"{}","duration_avg":60,"n_vehicles":50,"d":600,"route_I_counts":"{\"30\": 50}","source":42,"target":389,"layer":"L","from":"北京东四十条(地铁站)","to":"北京工人体育场(地铁站)"},"geometry":{"type":"LineString","coordinates":[[116.427921,39.932321],[116.44377,39.932233]]}},{"type":"Feature","properties":{"shape_id":"{}","direction_id":"{\"1\": 50}","headsign":"{}","duration_avg":60,"n_vehicles":50,"d":600,"route_I_counts":"{\"30\": 50}","source":389,"target":42,"layer":"L","from":"北京工人体育场(地铁站)","to":"北京东四十条(地铁站)"},"geometry":{"type":"LineString","coordinates":[[116.44377,39.932233],[116.427921,39.932321]]}},{"type":"Feature","properties":{"shape_id":"{}","direction_id":"{\"0\": 50}","headsign":"{}","duration_avg":180,"n_vehicles":50,"d":1800,"route_I_counts":"{\"30\": 50}","source":389,"target":185,"layer":"L","from":"北京工人体育场(地铁站)","to":"北京团结湖(地铁站)"},"geometry":{"type":"LineString","coordinates":[[116.44377,39.932233],[116.455659,39.932418]]}},{"type":"Feature","properties":{"shape_id":"{}","direction_id":"{\"1\": 50}","headsign":"{}","duration_avg":180,"n_vehicles":50,"d":1800,"route_I_counts":"{\"30\": 50}","source":185,"target":389,"layer":"L","from":"北京团结湖(地铁站)","to":"北京工人体育场(地铁站)"},"geometry":{"type":"LineString","coordinates":[[116.455659,39.932418],[116.44377,39.932233]]}},{"type":"Feature","properties":{"shape_id":"{}","direction_id":"{\"0\": 50}","headsign":"{}","duration_avg":180,"n_vehicles":50,"d":1800,"route_I_counts":"{\"30\": 50}","source":185,"target":244,"layer":"L","from":"北京团结湖(地铁站)","to":"北京朝阳公园(地铁站)"},"geometry":{"type":"LineString","coordinates":[[116.455659,39.932418],[116.472199,39.932207]]}},{"type":"Feature","properties":{"shape_id":"{}","direction_id":"{\"1\": 50}","headsign":"{}","duration_avg":180,"n_vehicles":50,"d":1800,"route_I_counts":"{\"30\": 50}","source":244,"target":185,"layer":"L","from":"北京朝阳公园(地铁站)","to":"北京团结湖(地铁站)"},"geometry":{"type":"LineString","coordinates":[[116.472199,39.932207],[116.455659,39.932418]]}},{"type":"Feature","properties":{"shape_id":"{}","direction_id":"{\"0\": 50}","headsign":"{}","duration_avg":120,"n_vehicles":50,"d":1200,"route_I_counts":"{\"30\": 50}","source":244,"target":412,"layer":"L","from":"北京朝阳公园(地铁站)","to":"北京石佛营(地铁站)"},"geometry":{"type":"LineString","coordinates":[[116.472199,39.932207],[116.493011,39.934426]]}},{"type":"Feature","properties":{"shape_id":"{}","direction_id":"{\"1\": 50}","headsign":"{}","duration_avg":120,"n_vehicles":50,"d":1200,"route_I_counts":"{\"30\": 50}","source":412,"target":244,"layer":"L","from":"北京石佛营(地铁站)","to":"北京朝阳公园(地铁站)"},"geometry":{"type":"LineString","coordinates":[[116.493011,39.934426],[116.472199,39.932207]]}},{"type":"Feature","properties":{"shape_id":"{}","direction_id":"{\"0\": 50}","headsign":"{}","duration_avg":120,"n_vehicles":50,"d":1200,"route_I_counts":"{\"30\": 50}","source":412,"target":413,"layer":"L","from":"北京石佛营(地铁站)","to":"北京朝阳站(地铁站)"},"geometry":{"type":"LineString","coordinates":[[116.493011,39.934426],[116.50038,39.94303]]}},{"type":"Feature","properties":{"shape_id":"{}","direction_id":"{\"1\": 50}","headsign":"{}","duration_avg":120,"n_vehicles":50,"d":1200,"route_I_counts":"{\"30\": 50}","source":413,"target":412,"layer":"L","from":"北京朝阳站(地铁站)","to":"北京石佛营(地铁站)"},"geometry":{"type":"LineString","coordinates":[[116.50038,39.94303],[116.493011,39.934426]]}},{"type":"Feature","properties":{"shape_id":"{}","direction_id":"{\"0\": 50}","headsign":"{}","duration_avg":240,"n_vehicles":50,"d":2400,"route_I_counts":"{\"30\": 50}","source":413,"target":414,"layer":"L","from":"北京朝阳站(地铁站)","to":"北京姚家园(地铁站)"},"geometry":{"type":"LineString","coordinates":[[116.50038,39.94303],[116.521177,39.94654]]}},{"type":"Feature","properties":{"shape_id":"{}","direction_id":"{\"1\": 50}","headsign":"{}","duration_avg":240,"n_vehicles":50,"d":2400,"route_I_counts":"{\"30\": 50}","source":414,"target":413,"layer":"L","from":"北京姚家园(地铁站)","to":"北京朝阳站(地铁站)"},"geometry":{"type":"LineString","coordinates":[[116.521177,39.94654],[116.50038,39.94303]]}},{"type":"Feature","properties":{"shape_id":"{}","direction_id":"{\"0\": 50}","headsign":"{}","duration_avg":180,"n_vehicles":50,"d":1800,"route_I_counts":"{\"30\": 50}","source":414,"target":415,"layer":"L","from":"北京姚家园(地铁站)","to":"北京东坝南(地铁站)"},"geometry":{"type":"LineString","coordinates":[[116.521177,39.94654],[116.541112,39.951104]]}},{"type":"Feature","properties":{"shape_id":"{}","direction_id":"{\"1\": 50}","headsign":"{}","duration_avg":180,"n_vehicles":50,"d":1800,"route_I_counts":"{\"30\": 50}","source":415,"target":414,"layer":"L","from":"北京东坝南(地铁站)","to":"北京姚家园(地铁站)"},"geometry":{"type":"LineString","coordinates":[[116.541112,39.951104],[116.521177,39.94654]]}},{"type":"Feature","properties":{"shape_id":"{}","direction_id":"{\"0\": 50}","headsign":"{}","duration_avg":240,"n_vehicles":50,"d":2400,"route_I_counts":"{\"30\": 50}","source":415,"target":416,"layer":"L","from":"北京东坝南(地铁站)","to":"北京东坝(地铁站)"},"geometry":{"type":"LineString","coordinates":[[116.541112,39.951104],[116.541293,39.963767]]}},{"type":"Feature","properties":{"shape_id":"{}","direction_id":"{\"1\": 50}","headsign":"{}","duration_avg":240,"n_vehicles":50,"d":2400,"route_I_counts":"{\"30\": 50}","source":416,"target":415,"layer":"L","from":"北京东坝(地铁站)","to":"北京东坝南(地铁站)"},"geometry":{"type":"LineString","coordinates":[[116.541293,39.963767],[116.541112,39.951104]]}},{"type":"Feature","properties":{"shape_id":"{}","direction_id":"{\"0\": 50}","headsign":"{}","duration_avg":120,"n_vehicles":50,"d":1200,"route_I_counts":"{\"30\": 50}","source":416,"target":211,"layer":"L","from":"北京东坝(地铁站)","to":"北京东坝北(地铁站)"},"geometry":{"type":"LineString","coordinates":[[116.541293,39.963767],[116.551233,39.974555]]}},{"type":"Feature","properties":{"shape_id":"{}","direction_id":"{\"1\": 50}","headsign":"{}","duration_avg":120,"n_vehicles":50,"d":1200,"route_I_counts":"{\"30\": 50}","source":211,"target":416,"layer":"L","from":"北京东坝北(地铁站)","to":"北京东坝(地铁站)"},"geometry":{"type":"LineString","coordinates":[[116.551233,39.974555],[116.541293,39.963767]]}}]}