{"type":"FeatureCollection","features":[{"type":"Feature","geometry":{"type":"Point","coordinates":[104.265582,30.562723]},"properties":{"name":"成都龙泉驿(地铁站)","original_ids":"[1]","id":0,"layer":"stop"}},{"type":"Feature","geometry":{"type":"Point","coordinates":[104.256613,30.575537]},"properties":{"name":"成都龙平路(地铁站)","original_ids":"[2]","id":1,"layer":"stop"}},{"type":"Feature","geometry":{"type":"Point","coordinates":[104.239766,30.578238]},"properties":{"name":"成都书房(地铁站)","original_ids":"[3]","id":2,"layer":"stop"}},{"type":"Feature","geometry":{"type":"Point","coordinates":[104.22276,30.585402]},"properties":{"name":"成都界牌(地铁站)","original_ids":"[4]","id":3,"layer":"stop"}},{"type":"Feature","geometry":{"type":"Point","coordinates":[104.210371,30.590165]},"properties":{"name":"成都连山坡(地铁站)","original_ids":"[5]","id":4,"layer":"stop"}},{"type":"Feature","geometry":{"type":"Point","coordinates":[104.198896,30.594966]},"properties":{"name":"成都大面铺(地铁站)","original_ids":"[6]","id":5,"layer":"stop"}},{"type":"Feature","geometry":{"type":"Point","coordinates":[104.168234,30.599625]},"properties":{"name":"成都成都行政学院(地铁站)","original_ids":"[7]","id":6,"layer":"stop"}},{"type":"Feature","geometry":{"type":"Point","coordinates":[104.155028,30.607498]},"properties":{"name":"成都洪河(地铁站)","original_ids":"[8]","id":7,"layer":"stop"}},{"type":"Feature","geometry":{"type":"Point","coordinates":[104.149594,30.614546]},"properties":{"name":"成都惠王陵(地铁站)","original_ids":"[9]","id":8,"layer":"stop"}},{"type":"Feature","geometry":{"type":"Point","coordinates":[104.144932,30.627279]},"properties":{"name":"成都成渝立交(地铁站)","original_ids":"[10]","id":9,"layer":"stop"}},{"type":"Feature","geometry":{"type":"Point","coordinates":[104.137438,30.631773]},"properties":{"name":"成都成都东客站(地铁站)","original_ids":"[11]","id":10,"layer":"stop"}},{"type":"Feature","geometry":{"type":"Point","coordinates":[104.12039,30.631888]},"properties":{"name":"成都塔子山公园(地铁站)","original_ids":"[12]","id":11,"layer":"stop"}},{"type":"Feature","geometry":{"type":"Point","coordinates":[104.109633,30.636228]},"properties":{"name":"成都东大路(地铁站)","original_ids":"[13]","id":12,"layer":"stop"}},{"type":"Feature","geometry":{"type":"Point","coordinates":[104.105121,30.64032]},"properties":{"name":"成都牛市口(地铁站)","original_ids":"[14]","id":13,"layer":"stop"}},{"type":"Feature","geometry":{"type":"Point","coordinates":[104.091998,30.647426]},"properties":{"name":"成都牛王庙(地铁站)","original_ids":"[15]","id":14,"layer":"stop"}},{"type":"Feature","geometry":{"type":"Point","coordinates":[104.084772,30.650596]},"properties":{"name":"成都东门大桥(地铁站)","original_ids":"[16]","id":15,"layer":"stop"}},{"type":"Feature","geometry":{"type":"Point","coordinates":[104.077491,30.655796]},"properties":{"name":"成都春熙路(地铁站)","original_ids":"[17]","id":16,"layer":"stop"}},{"type":"Feature","geometry":{"type":"Point","coordinates":[104.063382,30.659562]},"properties":{"name":"成都天府广场(地铁站)","original_ids":"[18]","id":17,"layer":"stop"}},{"type":"Feature","geometry":{"type":"Point","coordinates":[104.05429,30.66176]},"properties":{"name":"成都人民公园(地铁站)","original_ids":"[19]","id":18,"layer":"stop"}},{"type":"Feature","geometry":{"type":"Point","coordinates":[104.046055,30.664538]},"properties":{"name":"成都通惠门(地铁站)","original_ids":"[20]","id":19,"layer":"stop"}},{"type":"Feature","geometry":{"type":"Point","coordinates":[104.038166,30.668572]},"properties":{"name":"成都中医大·省医院(地铁站)","original_ids":"[21]","id":20,"layer":"stop"}},{"type":"Feature","geometry":{"type":"Point","coordinates":[104.030853,30.676332]},"properties":{"name":"成都白果林(地铁站)","original_ids":"[22]","id":21,"layer":"stop"}},{"type":"Feature","geometry":{"type":"Point","coordinates":[104.026638,30.685356]},"properties":{"name":"成都蜀汉路东(地铁站)","original_ids":"[23]","id":22,"layer":"stop"}},{"type":"Feature","geometry":{"type":"Point","coordinates":[104.017251,30.691454]},"properties":{"name":"成都一品天下(地铁站)","original_ids":"[24]","id":23,"layer":"stop"}},{"type":"Feature","geometry":{"type":"Point","coordinates":[104.010301,30.696444]},"properties":{"name":"成都羊犀立交(地铁站)","original_ids":"[25]","id":24,"layer":"stop"}},{"type":"Feature","geometry":{"type":"Point","coordinates":[104.011333,30.708507]},"properties":{"name":"成都茶店子客运站(地铁站)","original_ids":"[26]","id":25,"layer":"stop"}},{"type":"Feature","geometry":{"type":"Point","coordinates":[104.011169,30.715687]},"properties":{"name":"成都迎宾大道(地铁站)","original_ids":"[27]","id":26,"layer":"stop"}},{"type":"Feature","geometry":{"type":"Point","coordinates":[104.004302,30.723297]},"properties":{"name":"成都金科北路(地铁站)","original_ids":"[28]","id":27,"layer":"stop"}},{"type":"Feature","geometry":{"type":"Point","coordinates":[103.993881,30.724204]},"properties":{"name":"成都金周路(地铁站)","original_ids":"[29]","id":28,"layer":"stop"}},{"type":"Feature","geometry":{"type":"Point","coordinates":[103.977092,30.735673]},"properties":{"name":"成都百草路(地铁站)","original_ids":"[30]","id":29,"layer":"stop"}},{"type":"Feature","geometry":{"type":"Point","coordinates":[103.973938,30.748496]},"properties":{"name":"成都天河路(地铁站)","original_ids":"[31]","id":30,"layer":"stop"}},{"type":"Feature","geometry":{"type":"Point","coordinates":[103.969167,30.760832]},"properties":{"name":"成都犀浦(地铁站)","original_ids":"[32]","id":31,"layer":"stop"}},{"type":"Feature","geometry":{"type":"Point","coordinates":[104.384875,30.280657]},"properties":{"name":"成都福田(地铁站)","original_ids":"[33]","id":32,"layer":"stop"}},{"type":"Feature","geometry":{"type":"Point","coordinates":[104.439144,30.258007]},"properties":{"name":"成都芦葭(地铁站)","original_ids":"[34]","id":33,"layer":"stop"}},{"type":"Feature","geometry":{"type":"Point","coordinates":[104.582601,30.175683]},"properties":{"name":"成都资阳临空(地铁站)","original_ids":"[35]","id":34,"layer":"stop"}},{"type":"Feature","geometry":{"type":"Point","coordinates":[104.619444,30.129295]},"properties":{"name":"成都幸福大道(地铁站)","original_ids":"[36]","id":35,"layer":"stop"}},{"type":"Feature","geometry":{"type":"Point","coordinates":[104.648043,30.111853]},"properties":{"name":"成都苌弘广场(地铁站)","original_ids":"[37]","id":36,"layer":"stop"}},{"type":"Feature","geometry":{"type":"Point","coordinates":[104.671546,30.116978]},"properties":{"name":"成都宝台(地铁站)","original_ids":"[38]","id":37,"layer":"stop"}},{"type":"Feature","geometry":{"type":"Point","coordinates":[104.67889,30.129425]},"properties":{"name":"成都资阳北站(地铁站)","original_ids":"[39]","id":38,"layer":"stop"}},{"type":"Feature","geometry":{"type":"Point","coordinates":[103.915181,30.546095]},"properties":{"name":"成都双流西站(地铁站)","original_ids":"[40]","id":39,"layer":"stop"}},{"type":"Feature","geometry":{"type":"Point","coordinates":[103.91249,30.556369]},"properties":{"name":"成都三里坝(地铁站)","original_ids":"[41]","id":40,"layer":"stop"}},{"type":"Feature","geometry":{"type":"Point","coordinates":[103.918115,30.567068]},"properties":{"name":"成都双流广场(地铁站)","original_ids":"[42]","id":41,"layer":"stop"}},{"type":"Feature","geometry":{"type":"Point","coordinates":[103.923226,30.574011]},"properties":{"name":"成都东升(地铁站)","original_ids":"[43]","id":42,"layer":"stop"}},{"type":"Feature","geometry":{"type":"Point","coordinates":[103.932816,30.583425]},"properties":{"name":"成都迎春桥(地铁站)","original_ids":"[44]","id":43,"layer":"stop"}},{"type":"Feature","geometry":{"type":"Point","coordinates":[103.934765,30.594093]},"properties":{"name":"成都航都大街(地铁站)","original_ids":"[45]","id":44,"layer":"stop"}},{"type":"Feature","geometry":{"type":"Point","coordinates":[103.942024,30.606688]},"properties":{"name":"成都龙桥路(地铁站)","original_ids":"[46]","id":45,"layer":"stop"}},{"type":"Feature","geometry":{"type":"Point","coordinates":[103.967008,30.618648]},"properties":{"name":"成都双凤桥(地铁站)","original_ids":"[47]","id":46,"layer":"stop"}},{"type":"Feature","geometry":{"type":"Point","coordinates":[103.982829,30.625769]},"properties":{"name":"成都武青南路(地铁站)","original_ids":"[48]","id":47,"layer":"stop"}},{"type":"Feature","geometry":{"type":"Point","coordinates":[103.991139,30.629576]},"properties":{"name":"成都武侯立交(地铁站)","original_ids":"[49]","id":48,"layer":"stop"}},{"type":"Feature","geometry":{"type":"Point","coordinates":[104.004135,30.625514]},"properties":{"name":"成都川藏立交(地铁站)","original_ids":"[50]","id":49,"layer":"stop"}},{"type":"Feature","geometry":{"type":"Point","coordinates":[104.019197,30.627914]},"properties":{"name":"成都太平园(地铁站)","original_ids":"[51]","id":50,"layer":"stop"}},{"type":"Feature","geometry":{"type":"Point","coordinates":[104.027465,30.637211]},"properties":{"name":"成都红牌楼(地铁站)","original_ids":"[52]","id":51,"layer":"stop"}},{"type":"Feature","geometry":{"type":"Point","coordinates":[104.040094,30.642517]},"properties":{"name":"成都高升桥(地铁站)","original_ids":"[53]","id":52,"layer":"stop"}},{"type":"Feature","geometry":{"type":"Point","coordinates":[104.049668,30.636941]},"properties":{"name":"成都衣冠庙(地铁站)","original_ids":"[54]","id":53,"layer":"stop"}},{"type":"Feature","geometry":{"type":"Point","coordinates":[104.063171,30.635964]},"properties":{"name":"成都省体育馆(地铁站)","original_ids":"[55]","id":54,"layer":"stop"}},{"type":"Feature","geometry":{"type":"Point","coordinates":[104.073411,30.639839]},"properties":{"name":"成都磨子桥(地铁站)","original_ids":"[56]","id":55,"layer":"stop"}},{"type":"Feature","geometry":{"type":"Point","coordinates":[104.072639,30.646777]},"properties":{"name":"成都新南门(地铁站)","original_ids":"[57]","id":56,"layer":"stop"}},{"type":"Feature","geometry":{"type":"Point","coordinates":[104.081375,30.663216]},"properties":{"name":"成都市二医院(地铁站)","original_ids":"[58]","id":57,"layer":"stop"}},{"type":"Feature","geometry":{"type":"Point","coordinates":[104.087987,30.673602]},"properties":{"name":"成都红星桥(地铁站)","original_ids":"[59]","id":58,"layer":"stop"}},{"type":"Feature","geometry":{"type":"Point","coordinates":[104.089584,30.681426]},"properties":{"name":"成都前锋路(地铁站)","original_ids":"[60]","id":59,"layer":"stop"}},{"type":"Feature","geometry":{"type":"Point","coordinates":[104.091986,30.691776]},"properties":{"name":"成都李家沱(地铁站)","original_ids":"[61]","id":60,"layer":"stop"}},{"type":"Feature","geometry":{"type":"Point","coordinates":[104.090787,30.697883]},"properties":{"name":"成都驷马桥(地铁站)","original_ids":"[62]","id":61,"layer":"stop"}},{"type":"Feature","geometry":{"type":"Point","coordinates":[104.094278,30.7053]},"properties":{"name":"成都昭觉寺南路(地铁站)","original_ids":"[63]","id":62,"layer":"stop"}},{"type":"Feature","geometry":{"type":"Point","coordinates":[104.100596,30.716022]},"properties":{"name":"成都动物园(地铁站)","original_ids":"[64]","id":63,"layer":"stop"}},{"type":"Feature","geometry":{"type":"Point","coordinates":[104.105457,30.727815]},"properties":{"name":"成都熊猫大道(熊猫基地南大门)(地铁站)","original_ids":"[65]","id":64,"layer":"stop"}},{"type":"Feature","geometry":{"type":"Point","coordinates":[104.111624,30.74711]},"properties":{"name":"成都军区总医院(熊猫基地西大门)(地铁站)","original_ids":"[66]","id":65,"layer":"stop"}},{"type":"Feature","geometry":{"type":"Point","coordinates":[104.118761,30.765715]},"properties":{"name":"成都植物园(地铁站)","original_ids":"[67]","id":66,"layer":"stop"}},{"type":"Feature","geometry":{"type":"Point","coordinates":[104.122912,30.772766]},"properties":{"name":"成都金华寺东路(地铁站)","original_ids":"[68]","id":67,"layer":"stop"}},{"type":"Feature","geometry":{"type":"Point","coordinates":[104.13639,30.787058]},"properties":{"name":"成都三河场(地铁站)","original_ids":"[69]","id":68,"layer":"stop"}},{"type":"Feature","geometry":{"type":"Point","coordinates":[104.150812,30.799838]},"properties":{"name":"成都锦水河(地铁站)","original_ids":"[70]","id":69,"layer":"stop"}},{"type":"Feature","geometry":{"type":"Point","coordinates":[104.156281,30.806778]},"properties":{"name":"成都团结新区(地铁站)","original_ids":"[71]","id":70,"layer":"stop"}},{"type":"Feature","geometry":{"type":"Point","coordinates":[104.162237,30.815542]},"properties":{"name":"成都马超西路(地铁站)","original_ids":"[72]","id":71,"layer":"stop"}},{"type":"Feature","geometry":{"type":"Point","coordinates":[104.172856,30.823376]},"properties":{"name":"成都钟楼(地铁站)","original_ids":"[73]","id":72,"layer":"stop"}},{"type":"Feature","geometry":{"type":"Point","coordinates":[104.184163,30.821188]},"properties":{"name":"成都石油大学(地铁站)","original_ids":"[74]","id":73,"layer":"stop"}},{"type":"Feature","geometry":{"type":"Point","coordinates":[104.192259,30.819363]},"properties":{"name":"成都成都医学院(新都校区)(地铁站)","original_ids":"[75]","id":74,"layer":"stop"}},{"type":"Feature","geometry":{"type":"Point","coordinates":[104.217916,30.649845]},"properties":{"name":"成都西河(地铁站)","original_ids":"[76]","id":75,"layer":"stop"}},{"type":"Feature","geometry":{"type":"Point","coordinates":[104.193933,30.650714]},"properties":{"name":"成都明蜀王陵(地铁站)","original_ids":"[77]","id":76,"layer":"stop"}},{"type":"Feature","geometry":{"type":"Point","coordinates":[104.178744,30.6492]},"properties":{"name":"成都成都大学(地铁站)","original_ids":"[78]","id":77,"layer":"stop"}},{"type":"Feature","geometry":{"type":"Point","coordinates":[104.169983,30.648322]},"properties":{"name":"成都十陵(地铁站)","original_ids":"[79]","id":78,"layer":"stop"}},{"type":"Feature","geometry":{"type":"Point","coordinates":[104.162005,30.649338]},"properties":{"name":"成都来龙(地铁站)","original_ids":"[80]","id":79,"layer":"stop"}},{"type":"Feature","geometry":{"type":"Point","coordinates":[104.136796,30.651313]},"properties":{"name":"成都槐树店(地铁站)","original_ids":"[81]","id":80,"layer":"stop"}},{"type":"Feature","geometry":{"type":"Point","coordinates":[104.116653,30.646643]},"properties":{"name":"成都万年场(地铁站)","original_ids":"[82]","id":81,"layer":"stop"}},{"type":"Feature","geometry":{"type":"Point","coordinates":[104.110739,30.649382]},"properties":{"name":"成都双桥路(地铁站)","original_ids":"[83]","id":82,"layer":"stop"}},{"type":"Feature","geometry":{"type":"Point","coordinates":[104.096773,30.655852]},"properties":{"name":"成都玉双路(地铁站)","original_ids":"[84]","id":83,"layer":"stop"}},{"type":"Feature","geometry":{"type":"Point","coordinates":[104.074053,30.667173]},"properties":{"name":"成都太升南路(地铁站)","original_ids":"[85]","id":84,"layer":"stop"}},{"type":"Feature","geometry":{"type":"Point","coordinates":[104.063754,30.669441]},"properties":{"name":"成都骡马市(地铁站)","original_ids":"[86]","id":85,"layer":"stop"}},{"type":"Feature","geometry":{"type":"Point","coordinates":[104.048205,30.667825]},"properties":{"name":"成都宽窄巷子(地铁站)","original_ids":"[87]","id":86,"layer":"stop"}},{"type":"Feature","geometry":{"type":"Point","coordinates":[104.025777,30.671591]},"properties":{"name":"成都草堂北路(地铁站)","original_ids":"[88]","id":87,"layer":"stop"}},{"type":"Feature","geometry":{"type":"Point","coordinates":[104.017739,30.672989]},"properties":{"name":"成都西南财大(地铁站)","original_ids":"[89]","id":88,"layer":"stop"}},{"type":"Feature","geometry":{"type":"Point","coordinates":[104.007072,30.674807]},"properties":{"name":"成都文化宫(地铁站)","original_ids":"[90]","id":89,"layer":"stop"}},{"type":"Feature","geometry":{"type":"Point","coordinates":[103.996287,30.679184]},"properties":{"name":"成都清江西路(地铁站)","original_ids":"[91]","id":90,"layer":"stop"}},{"type":"Feature","geometry":{"type":"Point","coordinates":[103.974371,30.686072]},"properties":{"name":"成都成都西站(地铁站)","original_ids":"[92]","id":91,"layer":"stop"}},{"type":"Feature","geometry":{"type":"Point","coordinates":[103.961927,30.676171]},"properties":{"name":"成都中坝(地铁站)","original_ids":"[93]","id":92,"layer":"stop"}},{"type":"Feature","geometry":{"type":"Point","coordinates":[103.942958,30.672199]},"properties":{"name":"成都蔡桥(地铁站)","original_ids":"[94]","id":93,"layer":"stop"}},{"type":"Feature","geometry":{"type":"Point","coordinates":[103.92039,30.676841]},"properties":{"name":"成都非遗博览园(地铁站)","original_ids":"[95]","id":94,"layer":"stop"}},{"type":"Feature","geometry":{"type":"Point","coordinates":[103.911721,30.680182]},"properties":{"name":"成都马厂坝(地铁站)","original_ids":"[96]","id":95,"layer":"stop"}},{"type":"Feature","geometry":{"type":"Point","coordinates":[103.887436,30.679703]},"properties":{"name":"成都凤凰大街(地铁站)","original_ids":"[97]","id":96,"layer":"stop"}},{"type":"Feature","geometry":{"type":"Point","coordinates":[103.870979,30.68115]},"properties":{"name":"成都涌泉(地铁站)","original_ids":"[98]","id":97,"layer":"stop"}},{"type":"Feature","geometry":{"type":"Point","coordinates":[103.858447,30.687042]},"properties":{"name":"成都光华公园(地铁站)","original_ids":"[99]","id":98,"layer":"stop"}},{"type":"Feature","geometry":{"type":"Point","coordinates":[103.849659,30.69228]},"properties":{"name":"成都南熏大道(地铁站)","original_ids":"[100]","id":99,"layer":"stop"}},{"type":"Feature","geometry":{"type":"Point","coordinates":[103.840906,30.688805]},"properties":{"name":"成都凤溪河(地铁站)","original_ids":"[101]","id":100,"layer":"stop"}},{"type":"Feature","geometry":{"type":"Point","coordinates":[103.82894,30.683582]},"properties":{"name":"成都杨柳河(地铁站)","original_ids":"[102]","id":101,"layer":"stop"}},{"type":"Feature","geometry":{"type":"Point","coordinates":[103.816703,30.678013]},"properties":{"name":"成都万盛(地铁站)","original_ids":"[103]","id":102,"layer":"stop"}},{"type":"Feature","geometry":{"type":"Point","coordinates":[104.095765,30.827442]},"properties":{"name":"成都华桂路(地铁站)","original_ids":"[104]","id":103,"layer":"stop"}},{"type":"Feature","geometry":{"type":"Point","coordinates":[104.091684,30.817827]},"properties":{"name":"成都柏水场(地铁站)","original_ids":"[105]","id":104,"layer":"stop"}},{"type":"Feature","geometry":{"type":"Point","coordinates":[104.088414,30.810686]},"properties":{"name":"成都廖家湾(地铁站)","original_ids":"[106]","id":105,"layer":"stop"}},{"type":"Feature","geometry":{"type":"Point","coordinates":[104.086417,30.793423]},"properties":{"name":"成都北部商贸城(地铁站)","original_ids":"[107]","id":106,"layer":"stop"}},{"type":"Feature","geometry":{"type":"Point","coordinates":[104.08572,30.779293]},"properties":{"name":"成都幸福桥(地铁站)","original_ids":"[108]","id":107,"layer":"stop"}},{"type":"Feature","geometry":{"type":"Point","coordinates":[104.080358,30.773937]},"properties":{"name":"成都九道堰(凤凰山体育公园东)(地铁站)","original_ids":"[109]","id":108,"layer":"stop"}},{"type":"Feature","geometry":{"type":"Point","coordinates":[104.07273,30.77394]},"properties":{"name":"成都杜家碾(凤凰山体育公园西)(地铁站)","original_ids":"[110]","id":109,"layer":"stop"}},{"type":"Feature","geometry":{"type":"Point","coordinates":[104.062597,30.773982]},"properties":{"name":"成都大丰(地铁站)","original_ids":"[111]","id":110,"layer":"stop"}},{"type":"Feature","geometry":{"type":"Point","coordinates":[104.057269,30.76266]},"properties":{"name":"成都石犀公园(地铁站)","original_ids":"[112]","id":111,"layer":"stop"}},{"type":"Feature","geometry":{"type":"Point","coordinates":[104.057221,30.754717]},"properties":{"name":"成都皇花园(地铁站)","original_ids":"[113]","id":112,"layer":"stop"}},{"type":"Feature","geometry":{"type":"Point","coordinates":[104.056574,30.744414]},"properties":{"name":"成都陆家桥(地铁站)","original_ids":"[114]","id":113,"layer":"stop"}},{"type":"Feature","geometry":{"type":"Point","coordinates":[104.055879,30.732768]},"properties":{"name":"成都泉水路(地铁站)","original_ids":"[115]","id":114,"layer":"stop"}},{"type":"Feature","geometry":{"type":"Point","coordinates":[104.055975,30.72393]},"properties":{"name":"成都洞子口(地铁站)","original_ids":"[116]","id":115,"layer":"stop"}},{"type":"Feature","geometry":{"type":"Point","coordinates":[104.057329,30.716941]},"properties":{"name":"成都福宁路(地铁站)","original_ids":"[117]","id":116,"layer":"stop"}},{"type":"Feature","geometry":{"type":"Point","coordinates":[104.062047,30.70978]},"properties":{"name":"成都五块石(地铁站)","original_ids":"[118]","id":117,"layer":"stop"}},{"type":"Feature","geometry":{"type":"Point","coordinates":[104.063993,30.703001]},"properties":{"name":"成都赛云台(地铁站)","original_ids":"[119]","id":118,"layer":"stop"}},{"type":"Feature","geometry":{"type":"Point","coordinates":[104.063643,30.696164]},"properties":{"name":"成都北站西二路(地铁站)","original_ids":"[120]","id":119,"layer":"stop"}},{"type":"Feature","geometry":{"type":"Point","coordinates":[104.05566,30.688054]},"properties":{"name":"成都西北桥(地铁站)","original_ids":"[121]","id":120,"layer":"stop"}},{"type":"Feature","geometry":{"type":"Point","coordinates":[104.045373,30.685921]},"properties":{"name":"成都花牌坊(地铁站)","original_ids":"[122]","id":121,"layer":"stop"}},{"type":"Feature","geometry":{"type":"Point","coordinates":[104.039654,30.679772]},"properties":{"name":"成都抚琴(地铁站)","original_ids":"[123]","id":122,"layer":"stop"}},{"type":"Feature","geometry":{"type":"Point","coordinates":[104.038326,30.662477]},"properties":{"name":"成都青羊宫(地铁站)","original_ids":"[124]","id":123,"layer":"stop"}},{"type":"Feature","geometry":{"type":"Point","coordinates":[104.038527,30.654306]},"properties":{"name":"成都省骨科医院(地铁站)","original_ids":"[125]","id":124,"layer":"stop"}},{"type":"Feature","geometry":{"type":"Point","coordinates":[104.035393,30.630533]},"properties":{"name":"成都科园(地铁站)","original_ids":"[126]","id":125,"layer":"stop"}},{"type":"Feature","geometry":{"type":"Point","coordinates":[104.037426,30.623168]},"properties":{"name":"成都九兴大道(地铁站)","original_ids":"[127]","id":126,"layer":"stop"}},{"type":"Feature","geometry":{"type":"Point","coordinates":[104.045633,30.61253]},"properties":{"name":"成都神仙树(地铁站)","original_ids":"[128]","id":127,"layer":"stop"}},{"type":"Feature","geometry":{"type":"Point","coordinates":[104.048371,30.597655]},"properties":{"name":"成都石羊立交(地铁站)","original_ids":"[129]","id":128,"layer":"stop"}},{"type":"Feature","geometry":{"type":"Point","coordinates":[104.048077,30.591778]},"properties":{"name":"成都市一医院(地铁站)","original_ids":"[130]","id":129,"layer":"stop"}},{"type":"Feature","geometry":{"type":"Point","coordinates":[104.047741,30.584332]},"properties":{"name":"成都交子大道(地铁站)","original_ids":"[131]","id":130,"layer":"stop"}},{"type":"Feature","geometry":{"type":"Point","coordinates":[104.047998,30.576647]},"properties":{"name":"成都锦城大道(地铁站)","original_ids":"[132]","id":131,"layer":"stop"}},{"type":"Feature","geometry":{"type":"Point","coordinates":[104.043677,30.566253]},"properties":{"name":"成都锦城湖(地铁站)","original_ids":"[133]","id":132,"layer":"stop"}},{"type":"Feature","geometry":{"type":"Point","coordinates":[104.043768,30.552324]},"properties":{"name":"成都大源(地铁站)","original_ids":"[134]","id":133,"layer":"stop"}},{"type":"Feature","geometry":{"type":"Point","coordinates":[104.044064,30.54285]},"properties":{"name":"成都民乐(地铁站)","original_ids":"[135]","id":134,"layer":"stop"}},{"type":"Feature","geometry":{"type":"Point","coordinates":[104.041895,30.528075]},"properties":{"name":"成都骑龙(地铁站)","original_ids":"[136]","id":135,"layer":"stop"}},{"type":"Feature","geometry":{"type":"Point","coordinates":[104.037253,30.51483]},"properties":{"name":"成都警官学院(地铁站)","original_ids":"[137]","id":136,"layer":"stop"}},{"type":"Feature","geometry":{"type":"Point","coordinates":[104.033303,30.502154]},"properties":{"name":"成都二江寺(地铁站)","original_ids":"[138]","id":137,"layer":"stop"}},{"type":"Feature","geometry":{"type":"Point","coordinates":[104.03069,30.49102]},"properties":{"name":"成都南湖立交(地铁站)","original_ids":"[139]","id":138,"layer":"stop"}},{"type":"Feature","geometry":{"type":"Point","coordinates":[104.024392,30.473757]},"properties":{"name":"成都怡心湖(地铁站)","original_ids":"[140]","id":139,"layer":"stop"}},{"type":"Feature","geometry":{"type":"Point","coordinates":[104.017165,30.460244]},"properties":{"name":"成都龙马路(地铁站)","original_ids":"[141]","id":140,"layer":"stop"}},{"type":"Feature","geometry":{"type":"Point","coordinates":[104.009544,30.447215]},"properties":{"name":"成都回龙(地铁站)","original_ids":"[142]","id":141,"layer":"stop"}},{"type":"Feature","geometry":{"type":"Point","coordinates":[103.994328,30.445954]},"properties":{"name":"成都兰家沟(地铁站)","original_ids":"[143]","id":142,"layer":"stop"}},{"type":"Feature","geometry":{"type":"Point","coordinates":[104.030126,30.438984]},"properties":{"name":"成都钓鱼嘴(地铁站)","original_ids":"[144]","id":143,"layer":"stop"}},{"type":"Feature","geometry":{"type":"Point","coordinates":[104.035288,30.434128]},"properties":{"name":"成都芦角(地铁站)","original_ids":"[145]","id":144,"layer":"stop"}},{"type":"Feature","geometry":{"type":"Point","coordinates":[104.044127,30.428358]},"properties":{"name":"成都松林(地铁站)","original_ids":"[146]","id":145,"layer":"stop"}},{"type":"Feature","geometry":{"type":"Point","coordinates":[104.059355,30.426993]},"properties":{"name":"成都秦皇寺(地铁站)","original_ids":"[147]","id":146,"layer":"stop"}},{"type":"Feature","geometry":{"type":"Point","coordinates":[104.073316,30.427249]},"properties":{"name":"成都西博城(地铁站)","original_ids":"[148]","id":147,"layer":"stop"}},{"type":"Feature","geometry":{"type":"Point","coordinates":[104.083734,30.432493]},"properties":{"name":"成都天府商务区(地铁站)","original_ids":"[149]","id":148,"layer":"stop"}},{"type":"Feature","geometry":{"type":"Point","coordinates":[104.086799,30.441362]},"properties":{"name":"成都杭州路(地铁站)","original_ids":"[150]","id":149,"layer":"stop"}},{"type":"Feature","geometry":{"type":"Point","coordinates":[104.091814,30.450939]},"properties":{"name":"成都昌公堰(地铁站)","original_ids":"[151]","id":150,"layer":"stop"}},{"type":"Feature","geometry":{"type":"Point","coordinates":[104.099438,30.461366]},"properties":{"name":"成都青岛路(法务区)(地铁站)","original_ids":"[152]","id":151,"layer":"stop"}},{"type":"Feature","geometry":{"type":"Point","coordinates":[104.09897,30.469813]},"properties":{"name":"成都沈阳路(地铁站)","original_ids":"[153]","id":152,"layer":"stop"}},{"type":"Feature","geometry":{"type":"Point","coordinates":[104.100884,30.485487]},"properties":{"name":"成都麓山大道(地铁站)","original_ids":"[154]","id":153,"layer":"stop"}},{"type":"Feature","geometry":{"type":"Point","coordinates":[104.096916,30.497321]},"properties":{"name":"成都万安(地铁站)","original_ids":"[155]","id":154,"layer":"stop"}},{"type":"Feature","geometry":{"type":"Point","coordinates":[104.095916,30.504088]},"properties":{"name":"成都蒲草塘(地铁站)","original_ids":"[156]","id":155,"layer":"stop"}},{"type":"Feature","geometry":{"type":"Point","coordinates":[104.098677,30.511477]},"properties":{"name":"成都龙灯山(地铁站)","original_ids":"[157]","id":156,"layer":"stop"}},{"type":"Feature","geometry":{"type":"Point","coordinates":[104.097966,30.518115]},"properties":{"name":"成都新川路(地铁站)","original_ids":"[158]","id":157,"layer":"stop"}},{"type":"Feature","geometry":{"type":"Point","coordinates":[104.095909,30.524376]},"properties":{"name":"成都新通大道(地铁站)","original_ids":"[159]","id":158,"layer":"stop"}},{"type":"Feature","geometry":{"type":"Point","coordinates":[104.095837,30.533367]},"properties":{"name":"成都观东(地铁站)","original_ids":"[160]","id":159,"layer":"stop"}},{"type":"Feature","geometry":{"type":"Point","coordinates":[104.095829,30.54024]},"properties":{"name":"成都陆肖(地铁站)","original_ids":"[161]","id":160,"layer":"stop"}},{"type":"Feature","geometry":{"type":"Point","coordinates":[104.095843,30.552575]},"properties":{"name":"成都张家寺(地铁站)","original_ids":"[162]","id":161,"layer":"stop"}},{"type":"Feature","geometry":{"type":"Point","coordinates":[104.093536,30.560994]},"properties":{"name":"成都中和(地铁站)","original_ids":"[163]","id":162,"layer":"stop"}},{"type":"Feature","geometry":{"type":"Point","coordinates":[104.081671,30.582177]},"properties":{"name":"成都金融城东(地铁站)","original_ids":"[164]","id":163,"layer":"stop"}},{"type":"Feature","geometry":{"type":"Point","coordinates":[104.086631,30.592713]},"properties":{"name":"成都金石路(地铁站)","original_ids":"[165]","id":164,"layer":"stop"}},{"type":"Feature","geometry":{"type":"Point","coordinates":[104.095633,30.602773]},"properties":{"name":"成都琉三路(地铁站)","original_ids":"[166]","id":165,"layer":"stop"}},{"type":"Feature","geometry":{"type":"Point","coordinates":[104.096388,30.610053]},"properties":{"name":"成都琉璃场(地铁站)","original_ids":"[167]","id":166,"layer":"stop"}},{"type":"Feature","geometry":{"type":"Point","coordinates":[104.095952,30.62199]},"properties":{"name":"成都东光(地铁站)","original_ids":"[168]","id":167,"layer":"stop"}},{"type":"Feature","geometry":{"type":"Point","coordinates":[104.091925,30.630796]},"properties":{"name":"成都三官堂(地铁站)","original_ids":"[169]","id":168,"layer":"stop"}},{"type":"Feature","geometry":{"type":"Point","coordinates":[104.090418,30.637976]},"properties":{"name":"成都顺江路(地铁站)","original_ids":"[170]","id":169,"layer":"stop"}},{"type":"Feature","geometry":{"type":"Point","coordinates":[104.099623,30.665214]},"properties":{"name":"成都新鸿路(地铁站)","original_ids":"[171]","id":170,"layer":"stop"}},{"type":"Feature","geometry":{"type":"Point","coordinates":[104.096302,30.673413]},"properties":{"name":"成都电子科大建设北路(地铁站)","original_ids":"[172]","id":171,"layer":"stop"}},{"type":"Feature","geometry":{"type":"Point","coordinates":[104.080802,30.684739]},"properties":{"name":"成都梁家巷(地铁站)","original_ids":"[173]","id":172,"layer":"stop"}},{"type":"Feature","geometry":{"type":"Point","coordinates":[104.069517,30.688285]},"properties":{"name":"成都人民北路(地铁站)","original_ids":"[174]","id":173,"layer":"stop"}},{"type":"Feature","geometry":{"type":"Point","coordinates":[104.048608,30.691633]},"properties":{"name":"成都沙湾(地铁站)","original_ids":"[175]","id":174,"layer":"stop"}},{"type":"Feature","geometry":{"type":"Point","coordinates":[104.046855,30.6975]},"properties":{"name":"成都西南交大(地铁站)","original_ids":"[176]","id":175,"layer":"stop"}},{"type":"Feature","geometry":{"type":"Point","coordinates":[104.041654,30.704755]},"properties":{"name":"成都星河(地铁站)","original_ids":"[177]","id":176,"layer":"stop"}},{"type":"Feature","geometry":{"type":"Point","coordinates":[104.034488,30.713873]},"properties":{"name":"成都金府(地铁站)","original_ids":"[178]","id":177,"layer":"stop"}},{"type":"Feature","geometry":{"type":"Point","coordinates":[104.029062,30.720891]},"properties":{"name":"成都西华大道(地铁站)","original_ids":"[179]","id":178,"layer":"stop"}},{"type":"Feature","geometry":{"type":"Point","coordinates":[104.023524,30.728028]},"properties":{"name":"成都青杠(地铁站)","original_ids":"[180]","id":179,"layer":"stop"}},{"type":"Feature","geometry":{"type":"Point","coordinates":[104.019101,30.733273]},"properties":{"name":"成都兴盛(地铁站)","original_ids":"[181]","id":180,"layer":"stop"}},{"type":"Feature","geometry":{"type":"Point","coordinates":[104.002343,30.73956]},"properties":{"name":"成都侯家桥(地铁站)","original_ids":"[182]","id":181,"layer":"stop"}},{"type":"Feature","geometry":{"type":"Point","coordinates":[103.991035,30.750489]},"properties":{"name":"成都梓潼宫(地铁站)","original_ids":"[183]","id":182,"layer":"stop"}},{"type":"Feature","geometry":{"type":"Point","coordinates":[103.981065,30.761287]},"properties":{"name":"成都交大兴业北街(地铁站)","original_ids":"[184]","id":183,"layer":"stop"}},{"type":"Feature","geometry":{"type":"Point","coordinates":[103.952362,30.756794]},"properties":{"name":"成都天宇路(地铁站)","original_ids":"[185]","id":184,"layer":"stop"}},{"type":"Feature","geometry":{"type":"Point","coordinates":[103.934992,30.772111]},"properties":{"name":"成都红高路(地铁站)","original_ids":"[186]","id":185,"layer":"stop"}},{"type":"Feature","geometry":{"type":"Point","coordinates":[103.921324,30.78004]},"properties":{"name":"成都尚锦路(地铁站)","original_ids":"[187]","id":186,"layer":"stop"}},{"type":"Feature","geometry":{"type":"Point","coordinates":[103.912335,30.787298]},"properties":{"name":"成都檬梓(地铁站)","original_ids":"[188]","id":187,"layer":"stop"}},{"type":"Feature","geometry":{"type":"Point","coordinates":[103.901444,30.793705]},"properties":{"name":"成都蜀新大道(地铁站)","original_ids":"[189]","id":188,"layer":"stop"}},{"type":"Feature","geometry":{"type":"Point","coordinates":[103.89249,30.79876]},"properties":{"name":"成都郫筒(地铁站)","original_ids":"[190]","id":189,"layer":"stop"}},{"type":"Feature","geometry":{"type":"Point","coordinates":[103.885197,30.803118]},"properties":{"name":"成都和平街(地铁站)","original_ids":"[191]","id":190,"layer":"stop"}},{"type":"Feature","geometry":{"type":"Point","coordinates":[103.87597,30.809909]},"properties":{"name":"成都望丛祠(地铁站)","original_ids":"[192]","id":191,"layer":"stop"}},{"type":"Feature","geometry":{"type":"Point","coordinates":[104.071533,30.69791]},"properties":{"name":"成都火车北站(地铁站)","original_ids":"[193]","id":192,"layer":"stop"}},{"type":"Feature","geometry":{"type":"Point","coordinates":[104.104683,30.696856]},"properties":{"name":"成都府青路(地铁站)","original_ids":"[194]","id":193,"layer":"stop"}},{"type":"Feature","geometry":{"type":"Point","coordinates":[104.115517,30.689522]},"properties":{"name":"成都八里庄(地铁站)","original_ids":"[195]","id":194,"layer":"stop"}},{"type":"Feature","geometry":{"type":"Point","coordinates":[104.123829,30.683284]},"properties":{"name":"成都二仙桥(地铁站)","original_ids":"[196]","id":195,"layer":"stop"}},{"type":"Feature","geometry":{"type":"Point","coordinates":[104.132678,30.676599]},"properties":{"name":"成都理工大学(地铁站)","original_ids":"[197]","id":196,"layer":"stop"}},{"type":"Feature","geometry":{"type":"Point","coordinates":[104.13391,30.667843]},"properties":{"name":"成都崔家店(地铁站)","original_ids":"[198]","id":197,"layer":"stop"}},{"type":"Feature","geometry":{"type":"Point","coordinates":[104.13444,30.660009]},"properties":{"name":"成都双店路(地铁站)","original_ids":"[199]","id":198,"layer":"stop"}},{"type":"Feature","geometry":{"type":"Point","coordinates":[104.137136,30.640728]},"properties":{"name":"成都迎晖路(地铁站)","original_ids":"[200]","id":199,"layer":"stop"}},{"type":"Feature","geometry":{"type":"Point","coordinates":[104.130412,30.623917]},"properties":{"name":"成都大观(地铁站)","original_ids":"[201]","id":200,"layer":"stop"}},{"type":"Feature","geometry":{"type":"Point","coordinates":[104.121781,30.618371]},"properties":{"name":"成都狮子山(地铁站)","original_ids":"[202]","id":201,"layer":"stop"}},{"type":"Feature","geometry":{"type":"Point","coordinates":[104.113519,30.611792]},"properties":{"name":"成都四川师大(地铁站)","original_ids":"[203]","id":202,"layer":"stop"}},{"type":"Feature","geometry":{"type":"Point","coordinates":[104.074936,30.606538]},"properties":{"name":"成都三瓦窑(地铁站)","original_ids":"[204]","id":203,"layer":"stop"}},{"type":"Feature","geometry":{"type":"Point","coordinates":[104.063621,30.60771]},"properties":{"name":"成都火车南站(地铁站)","original_ids":"[205]","id":204,"layer":"stop"}},{"type":"Feature","geometry":{"type":"Point","coordinates":[104.030239,30.619826]},"properties":{"name":"成都高朋大道(地铁站)","original_ids":"[206]","id":205,"layer":"stop"}},{"type":"Feature","geometry":{"type":"Point","coordinates":[104.010575,30.639565]},"properties":{"name":"成都武侯大道(地铁站)","original_ids":"[207]","id":206,"layer":"stop"}},{"type":"Feature","geometry":{"type":"Point","coordinates":[104.006158,30.653906]},"properties":{"name":"成都龙爪堰(地铁站)","original_ids":"[208]","id":207,"layer":"stop"}},{"type":"Feature","geometry":{"type":"Point","coordinates":[104.005588,30.663426]},"properties":{"name":"成都东坡路(地铁站)","original_ids":"[209]","id":208,"layer":"stop"}},{"type":"Feature","geometry":{"type":"Point","coordinates":[104.010167,30.679974]},"properties":{"name":"成都金沙博物馆(地铁站)","original_ids":"[210]","id":209,"layer":"stop"}},{"type":"Feature","geometry":{"type":"Point","coordinates":[104.028417,30.698706]},"properties":{"name":"成都茶店子(地铁站)","original_ids":"[211]","id":210,"layer":"stop"}},{"type":"Feature","geometry":{"type":"Point","coordinates":[104.038382,30.699077]},"properties":{"name":"成都花照壁(地铁站)","original_ids":"[212]","id":211,"layer":"stop"}},{"type":"Feature","geometry":{"type":"Point","coordinates":[104.054627,30.69706]},"properties":{"name":"成都九里堤(地铁站)","original_ids":"[213]","id":212,"layer":"stop"}},{"type":"Feature","geometry":{"type":"Point","coordinates":[104.186721,30.719341]},"properties":{"name":"成都桂龙路(地铁站)","original_ids":"[214]","id":213,"layer":"stop"}},{"type":"Feature","geometry":{"type":"Point","coordinates":[104.17678,30.719314]},"properties":{"name":"成都桂林(地铁站)","original_ids":"[215]","id":214,"layer":"stop"}},{"type":"Feature","geometry":{"type":"Point","coordinates":[104.167983,30.714243]},"properties":{"name":"成都同乐(地铁站)","original_ids":"[216]","id":215,"layer":"stop"}},{"type":"Feature","geometry":{"type":"Point","coordinates":[104.162498,30.704314]},"properties":{"name":"成都龙潭寺(地铁站)","original_ids":"[217]","id":216,"layer":"stop"}},{"type":"Feature","geometry":{"type":"Point","coordinates":[104.155153,30.696695]},"properties":{"name":"成都龙潭立交(地铁站)","original_ids":"[218]","id":217,"layer":"stop"}},{"type":"Feature","geometry":{"type":"Point","coordinates":[104.148904,30.689926]},"properties":{"name":"成都圣灯公园(地铁站)","original_ids":"[219]","id":218,"layer":"stop"}},{"type":"Feature","geometry":{"type":"Point","coordinates":[104.141687,30.681956]},"properties":{"name":"成都十里店(地铁站)","original_ids":"[220]","id":219,"layer":"stop"}},{"type":"Feature","geometry":{"type":"Point","coordinates":[104.126537,30.670974]},"properties":{"name":"成都东郊记忆(地铁站)","original_ids":"[221]","id":220,"layer":"stop"}},{"type":"Feature","geometry":{"type":"Point","coordinates":[104.116756,30.666575]},"properties":{"name":"成都杉板桥(地铁站)","original_ids":"[222]","id":221,"layer":"stop"}},{"type":"Feature","geometry":{"type":"Point","coordinates":[104.11241,30.657215]},"properties":{"name":"成都万年路(地铁站)","original_ids":"[223]","id":222,"layer":"stop"}},{"type":"Feature","geometry":{"type":"Point","coordinates":[104.101869,30.62503]},"properties":{"name":"成都净居寺(地铁站)","original_ids":"[224]","id":223,"layer":"stop"}},{"type":"Feature","geometry":{"type":"Point","coordinates":[104.085121,30.621864]},"properties":{"name":"成都东湖公园(地铁站)","original_ids":"[225]","id":224,"layer":"stop"}},{"type":"Feature","geometry":{"type":"Point","coordinates":[104.073106,30.62761]},"properties":{"name":"成都川大望江校区(地铁站)","original_ids":"[226]","id":225,"layer":"stop"}},{"type":"Feature","geometry":{"type":"Point","coordinates":[104.063134,30.6274]},"properties":{"name":"成都倪家桥(地铁站)","original_ids":"[227]","id":226,"layer":"stop"}},{"type":"Feature","geometry":{"type":"Point","coordinates":[104.049874,30.628498]},"properties":{"name":"成都芳草街(地铁站)","original_ids":"[228]","id":227,"layer":"stop"}},{"type":"Feature","geometry":{"type":"Point","coordinates":[104.04444,30.630634]},"properties":{"name":"成都永丰(地铁站)","original_ids":"[229]","id":228,"layer":"stop"}},{"type":"Feature","geometry":{"type":"Point","coordinates":[104.031926,30.608435]},"properties":{"name":"成都殷家林(地铁站)","original_ids":"[230]","id":229,"layer":"stop"}},{"type":"Feature","geometry":{"type":"Point","coordinates":[104.031565,30.600905]},"properties":{"name":"成都庆安(地铁站)","original_ids":"[231]","id":230,"layer":"stop"}},{"type":"Feature","geometry":{"type":"Point","coordinates":[104.028709,30.587996]},"properties":{"name":"成都石羊(地铁站)","original_ids":"[232]","id":231,"layer":"stop"}},{"type":"Feature","geometry":{"type":"Point","coordinates":[104.024303,30.58403]},"properties":{"name":"成都三元(地铁站)","original_ids":"[233]","id":232,"layer":"stop"}},{"type":"Feature","geometry":{"type":"Point","coordinates":[104.00862,30.579732]},"properties":{"name":"成都顺风(地铁站)","original_ids":"[234]","id":233,"layer":"stop"}},{"type":"Feature","geometry":{"type":"Point","coordinates":[104.005806,30.568866]},"properties":{"name":"成都珠江路(地铁站)","original_ids":"[235]","id":234,"layer":"stop"}},{"type":"Feature","geometry":{"type":"Point","coordinates":[104.004768,30.557841]},"properties":{"name":"成都川大江安校区(地铁站)","original_ids":"[236]","id":235,"layer":"stop"}},{"type":"Feature","geometry":{"type":"Point","coordinates":[103.988298,30.553247]},"properties":{"name":"成都文星(地铁站)","original_ids":"[237]","id":236,"layer":"stop"}},{"type":"Feature","geometry":{"type":"Point","coordinates":[103.9771,30.548822]},"properties":{"name":"成都莲花(地铁站)","original_ids":"[238]","id":237,"layer":"stop"}},{"type":"Feature","geometry":{"type":"Point","coordinates":[103.971934,30.538093]},"properties":{"name":"成都龙港(地铁站)","original_ids":"[239]","id":238,"layer":"stop"}},{"type":"Feature","geometry":{"type":"Point","coordinates":[103.969286,30.700599]},"properties":{"name":"成都黄田坝(地铁站)","original_ids":"[240]","id":239,"layer":"stop"}},{"type":"Feature","geometry":{"type":"Point","coordinates":[103.97497,30.662763]},"properties":{"name":"成都培风(地铁站)","original_ids":"[241]","id":240,"layer":"stop"}},{"type":"Feature","geometry":{"type":"Point","coordinates":[103.975903,30.648681]},"properties":{"name":"成都机投桥(地铁站)","original_ids":"[242]","id":241,"layer":"stop"}},{"type":"Feature","geometry":{"type":"Point","coordinates":[103.987656,30.610305]},"properties":{"name":"成都簇桥(地铁站)","original_ids":"[243]","id":242,"layer":"stop"}},{"type":"Feature","geometry":{"type":"Point","coordinates":[104.000464,30.601162]},"properties":{"name":"成都华兴(地铁站)","original_ids":"[244]","id":243,"layer":"stop"}},{"type":"Feature","geometry":{"type":"Point","coordinates":[104.009799,30.593905]},"properties":{"name":"成都太平寺(地铁站)","original_ids":"[245]","id":244,"layer":"stop"}},{"type":"Feature","geometry":{"type":"Point","coordinates":[104.063913,30.578029]},"properties":{"name":"成都孵化园(地铁站)","original_ids":"[246]","id":245,"layer":"stop"}},{"type":"Feature","geometry":{"type":"Point","coordinates":[104.069985,30.578165]},"properties":{"name":"成都心岛(地铁站)","original_ids":"[247]","id":246,"layer":"stop"}},{"type":"Feature","geometry":{"type":"Point","coordinates":[104.00591,30.613761]},"properties":{"name":"成都簇锦(地铁站)","original_ids":"[248]","id":247,"layer":"stop"}},{"type":"Feature","geometry":{"type":"Point","coordinates":[103.967866,30.594276]},"properties":{"name":"成都金花(地铁站)","original_ids":"[249]","id":248,"layer":"stop"}},{"type":"Feature","geometry":{"type":"Point","coordinates":[103.957093,30.581273]},"properties":{"name":"成都双流机场1航站楼(地铁站)","original_ids":"[250]","id":249,"layer":"stop"}},{"type":"Feature","geometry":{"type":"Point","coordinates":[103.953455,30.572635]},"properties":{"name":"成都双流机场2航站楼(地铁站)","original_ids":"[251]","id":250,"layer":"stop"}},{"type":"Feature","geometry":{"type":"Point","coordinates":[103.90261,30.53854]},"properties":{"name":"成都应天寺(地铁站)","original_ids":"[252]","id":251,"layer":"stop"}},{"type":"Feature","geometry":{"type":"Point","coordinates":[103.889269,30.5218]},"properties":{"name":"成都黄水(地铁站)","original_ids":"[253]","id":252,"layer":"stop"}},{"type":"Feature","geometry":{"type":"Point","coordinates":[103.878838,30.488167]},"properties":{"name":"成都花源(地铁站)","original_ids":"[254]","id":253,"layer":"stop"}},{"type":"Feature","geometry":{"type":"Point","coordinates":[103.871163,30.465781]},"properties":{"name":"成都新津站(地铁站)","original_ids":"[255]","id":254,"layer":"stop"}},{"type":"Feature","geometry":{"type":"Point","coordinates":[103.855164,30.444481]},"properties":{"name":"成都花桥(地铁站)","original_ids":"[256]","id":255,"layer":"stop"}},{"type":"Feature","geometry":{"type":"Point","coordinates":[103.811158,30.426391]},"properties":{"name":"成都五津(地铁站)","original_ids":"[257]","id":256,"layer":"stop"}},{"type":"Feature","geometry":{"type":"Point","coordinates":[103.800891,30.419039]},"properties":{"name":"成都儒林路(地铁站)","original_ids":"[258]","id":257,"layer":"stop"}},{"type":"Feature","geometry":{"type":"Point","coordinates":[103.789149,30.417916]},"properties":{"name":"成都刘家碾(地铁站)","original_ids":"[259]","id":258,"layer":"stop"}},{"type":"Feature","geometry":{"type":"Point","coordinates":[103.779289,30.411016]},"properties":{"name":"成都新平(宝墩)(地铁站)","original_ids":"[260]","id":259,"layer":"stop"}},{"type":"Feature","geometry":{"type":"Point","coordinates":[103.991212,30.691918]},"properties":{"name":"成都蜀鑫路(地铁站)","original_ids":"[261]","id":260,"layer":"stop"}},{"type":"Feature","geometry":{"type":"Point","coordinates":[103.99912,30.688831]},"properties":{"name":"成都金沙滨河公园(地铁站)","original_ids":"[262]","id":261,"layer":"stop"}},{"type":"Feature","geometry":{"type":"Point","coordinates":[104.005343,30.689951]},"properties":{"name":"成都黄忠(地铁站)","original_ids":"[263]","id":262,"layer":"stop"}},{"type":"Feature","geometry":{"type":"Point","coordinates":[104.020602,30.706893]},"properties":{"name":"成都金牛公园(地铁站)","original_ids":"[264]","id":263,"layer":"stop"}},{"type":"Feature","geometry":{"type":"Point","coordinates":[104.027827,30.71069]},"properties":{"name":"成都花照壁北(地铁站)","original_ids":"[265]","id":264,"layer":"stop"}},{"type":"Feature","geometry":{"type":"Point","coordinates":[104.041761,30.719462]},"properties":{"name":"成都新桥(地铁站)","original_ids":"[266]","id":265,"layer":"stop"}},{"type":"Feature","geometry":{"type":"Point","coordinates":[104.048214,30.725182]},"properties":{"name":"成都沙河源(地铁站)","original_ids":"[267]","id":266,"layer":"stop"}},{"type":"Feature","geometry":{"type":"Point","coordinates":[104.065871,30.719759]},"properties":{"name":"成都王贾桥(地铁站)","original_ids":"[268]","id":267,"layer":"stop"}},{"type":"Feature","geometry":{"type":"Point","coordinates":[104.073653,30.715577]},"properties":{"name":"成都双水碾(地铁站)","original_ids":"[269]","id":268,"layer":"stop"}},{"type":"Feature","geometry":{"type":"Point","coordinates":[104.084321,30.720017]},"properties":{"name":"成都韦家碾(地铁站)","original_ids":"[270]","id":269,"layer":"stop"}},{"type":"Feature","geometry":{"type":"Point","coordinates":[104.086174,30.734918]},"properties":{"name":"成都赖家店(地铁站)","original_ids":"[271]","id":270,"layer":"stop"}},{"type":"Feature","geometry":{"type":"Point","coordinates":[104.090554,30.743364]},"properties":{"name":"成都白仁店(地铁站)","original_ids":"[272]","id":271,"layer":"stop"}},{"type":"Feature","geometry":{"type":"Point","coordinates":[104.09673,30.75494]},"properties":{"name":"成都鲤鱼湾(地铁站)","original_ids":"[273]","id":272,"layer":"stop"}},{"type":"Feature","geometry":{"type":"Point","coordinates":[104.100132,30.76277]},"properties":{"name":"成都范家巷(地铁站)","original_ids":"[274]","id":273,"layer":"stop"}},{"type":"Feature","geometry":{"type":"Point","coordinates":[104.099393,30.772625]},"properties":{"name":"成都三圣寺(地铁站)","original_ids":"[275]","id":274,"layer":"stop"}},{"type":"Feature","geometry":{"type":"Point","coordinates":[104.099223,30.779113]},"properties":{"name":"成都石门坎(地铁站)","original_ids":"[276]","id":275,"layer":"stop"}},{"type":"Feature","geometry":{"type":"Point","coordinates":[104.103087,30.801959]},"properties":{"name":"成都旃檀寺(地铁站)","original_ids":"[277]","id":276,"layer":"stop"}},{"type":"Feature","geometry":{"type":"Point","coordinates":[104.107709,30.812606]},"properties":{"name":"成都兴城大道(地铁站)","original_ids":"[278]","id":277,"layer":"stop"}},{"type":"Feature","geometry":{"type":"Point","coordinates":[104.112388,30.820032]},"properties":{"name":"成都慈义(地铁站)","original_ids":"[279]","id":278,"layer":"stop"}},{"type":"Feature","geometry":{"type":"Point","coordinates":[104.109348,30.827486]},"properties":{"name":"成都石佛(地铁站)","original_ids":"[280]","id":279,"layer":"stop"}},{"type":"Feature","geometry":{"type":"Point","coordinates":[104.080938,30.707006]},"properties":{"name":"成都升仙湖(地铁站)","original_ids":"[281]","id":280,"layer":"stop"}},{"type":"Feature","geometry":{"type":"Point","coordinates":[104.065525,30.674946]},"properties":{"name":"成都文殊院(地铁站)","original_ids":"[282]","id":281,"layer":"stop"}},{"type":"Feature","geometry":{"type":"Point","coordinates":[104.063546,30.65247]},"properties":{"name":"成都锦江宾馆(地铁站)","original_ids":"[283]","id":282,"layer":"stop"}},{"type":"Feature","geometry":{"type":"Point","coordinates":[104.063772,30.645249]},"properties":{"name":"成都华西坝(地铁站)","original_ids":"[284]","id":283,"layer":"stop"}},{"type":"Feature","geometry":{"type":"Point","coordinates":[104.064607,30.617748]},"properties":{"name":"成都桐梓林(地铁站)","original_ids":"[285]","id":284,"layer":"stop"}},{"type":"Feature","geometry":{"type":"Point","coordinates":[104.061347,30.596818]},"properties":{"name":"成都高新(地铁站)","original_ids":"[286]","id":285,"layer":"stop"}},{"type":"Feature","geometry":{"type":"Point","coordinates":[104.061645,30.585033]},"properties":{"name":"成都金融城(地铁站)","original_ids":"[287]","id":286,"layer":"stop"}},{"type":"Feature","geometry":{"type":"Point","coordinates":[104.064023,30.570178]},"properties":{"name":"成都锦城广场(地铁站)","original_ids":"[288]","id":287,"layer":"stop"}},{"type":"Feature","geometry":{"type":"Point","coordinates":[104.066421,30.557328]},"properties":{"name":"成都世纪城(地铁站)","original_ids":"[289]","id":288,"layer":"stop"}},{"type":"Feature","geometry":{"type":"Point","coordinates":[104.066696,30.548663]},"properties":{"name":"成都天府三街(地铁站)","original_ids":"[290]","id":289,"layer":"stop"}},{"type":"Feature","geometry":{"type":"Point","coordinates":[104.067002,30.539569]},"properties":{"name":"成都天府五街(地铁站)","original_ids":"[291]","id":290,"layer":"stop"}},{"type":"Feature","geometry":{"type":"Point","coordinates":[104.067326,30.528211]},"properties":{"name":"成都华府大道(地铁站)","original_ids":"[292]","id":291,"layer":"stop"}},{"type":"Feature","geometry":{"type":"Point","coordinates":[104.067617,30.5186]},"properties":{"name":"成都四河(地铁站)","original_ids":"[293]","id":292,"layer":"stop"}},{"type":"Feature","geometry":{"type":"Point","coordinates":[104.069389,30.506]},"properties":{"name":"成都华阳(地铁站)","original_ids":"[294]","id":293,"layer":"stop"}},{"type":"Feature","geometry":{"type":"Point","coordinates":[104.069081,30.49639]},"properties":{"name":"成都海昌路(地铁站)","original_ids":"[295]","id":294,"layer":"stop"}},{"type":"Feature","geometry":{"type":"Point","coordinates":[104.06715,30.480981]},"properties":{"name":"成都广福(地铁站)","original_ids":"[296]","id":295,"layer":"stop"}},{"type":"Feature","geometry":{"type":"Point","coordinates":[104.070431,30.466781]},"properties":{"name":"成都红石公园(地铁站)","original_ids":"[297]","id":296,"layer":"stop"}},{"type":"Feature","geometry":{"type":"Point","coordinates":[104.070769,30.457281]},"properties":{"name":"成都麓湖(地铁站)","original_ids":"[298]","id":297,"layer":"stop"}},{"type":"Feature","geometry":{"type":"Point","coordinates":[104.071024,30.444821]},"properties":{"name":"成都武汉路(地铁站)","original_ids":"[299]","id":298,"layer":"stop"}},{"type":"Feature","geometry":{"type":"Point","coordinates":[104.075611,30.435694]},"properties":{"name":"成都天府公园(地铁站)","original_ids":"[300]","id":299,"layer":"stop"}},{"type":"Feature","geometry":{"type":"Point","coordinates":[104.074889,30.420389]},"properties":{"name":"成都广州路(地铁站)","original_ids":"[301]","id":300,"layer":"stop"}},{"type":"Feature","geometry":{"type":"Point","coordinates":[104.071806,30.404306]},"properties":{"name":"成都兴隆湖(地铁站)","original_ids":"[302]","id":301,"layer":"stop"}},{"type":"Feature","geometry":{"type":"Point","coordinates":[104.0705,30.393389]},"properties":{"name":"成都科学城(地铁站)","original_ids":"[303]","id":302,"layer":"stop"}},{"type":"Feature","geometry":{"type":"Point","coordinates":[104.073197,30.513215]},"properties":{"name":"成都广都(地铁站)","original_ids":"[304]","id":303,"layer":"stop"}},{"type":"Feature","geometry":{"type":"Point","coordinates":[104.078846,30.504502]},"properties":{"name":"成都五根松(地铁站)","original_ids":"[305]","id":304,"layer":"stop"}},{"type":"Feature","geometry":{"type":"Point","coordinates":[103.9195,30.6373]},"properties":{"name":"成都九江北(地铁站)","original_ids":"[306]","id":305,"layer":"stop"}},{"type":"Feature","geometry":{"type":"Point","coordinates":[103.961053,30.643709]},"properties":{"name":"成都白佛桥(地铁站)","original_ids":"[307]","id":306,"layer":"stop"}},{"type":"Feature","geometry":{"type":"Point","coordinates":[104.0708,30.5692]},"properties":{"name":"成都锦城广场东(地铁站)","original_ids":"[308]","id":307,"layer":"stop"}},{"type":"Feature","geometry":{"type":"Point","coordinates":[104.09915,30.41201]},"properties":{"name":"成都兴隆(地铁站)","original_ids":"[309]","id":308,"layer":"stop"}},{"type":"Feature","geometry":{"type":"Point","coordinates":[104.148534,30.392786]},"properties":{"name":"成都天府站(地铁站)","original_ids":"[310]","id":309,"layer":"stop"}},{"type":"Feature","geometry":{"type":"Point","coordinates":[104.3148,30.31394]},"properties":{"name":"成都三岔(地铁站)","original_ids":"[311]","id":310,"layer":"stop"}},{"type":"Feature","geometry":{"type":"Point","coordinates":[104.4424,30.3154]},"properties":{"name":"成都天府机场1号2号航站楼(地铁站)","original_ids":"[312]","id":311,"layer":"stop"}},{"type":"Feature","geometry":{"type":"Point","coordinates":[104.452436,30.336955]},"properties":{"name":"成都天府机场北(地铁站)","original_ids":"[313]","id":312,"layer":"stop"}},{"type":"Feature","geometry":{"type":"Point","coordinates":[103.791881,30.75865]},"properties":{"name":"成都金星(地铁站)","original_ids":"[314]","id":313,"layer":"stop"}},{"type":"Feature","geometry":{"type":"Point","coordinates":[103.809944,30.754611]},"properties":{"name":"成都黄石(地铁站)","original_ids":"[315]","id":314,"layer":"stop"}},{"type":"Feature","geometry":{"type":"Point","coordinates":[103.830421,30.74672]},"properties":{"name":"成都市五医院(地铁站)","original_ids":"[316]","id":315,"layer":"stop"}},{"type":"Feature","geometry":{"type":"Point","coordinates":[103.8831,30.7261]},"properties":{"name":"成都温泉大道(地铁站)","original_ids":"[317]","id":316,"layer":"stop"}},{"type":"Feature","geometry":{"type":"Point","coordinates":[103.927178,30.690048]},"properties":{"name":"成都明光(地铁站)","original_ids":"[318]","id":317,"layer":"stop"}},{"type":"Feature","geometry":{"type":"Point","coordinates":[103.956474,30.57285]},"properties":{"name":"成都双流机场2航站楼东(地铁站)","original_ids":"[319]","id":318,"layer":"stop"}},{"type":"Feature","geometry":{"type":"Point","coordinates":[104.006819,30.501481]},"properties":{"name":"成都温家山(地铁站)","original_ids":"[320]","id":319,"layer":"stop"}},{"type":"Feature","geometry":{"type":"Point","coordinates":[104.008783,30.487703]},"properties":{"name":"成都牧华路(地铁站)","original_ids":"[321]","id":320,"layer":"stop"}},{"type":"Feature","geometry":{"type":"Point","coordinates":[104.039189,30.455139]},"properties":{"name":"成都正兴湾(地铁站)","original_ids":"[322]","id":321,"layer":"stop"}},{"type":"Feature","geometry":{"type":"Point","coordinates":[104.0598,30.43525]},"properties":{"name":"成都红莲(地铁站)","original_ids":"[323]","id":322,"layer":"stop"}},{"type":"Feature","geometry":{"type":"Point","coordinates":[104.106611,30.420211]},"properties":{"name":"成都蓝家店(地铁站)","original_ids":"[324]","id":323,"layer":"stop"}},{"type":"Feature","properties":{"shape_id":"{}","direction_id":"{\"0\": 50}","headsign":"{}","duration_avg":180,"n_vehicles":50,"d":1800,"route_I_counts":"{\"1\": 50}","source":0,"target":1,"layer":"L","from":"成都龙泉驿(地铁站)","to":"成都龙平路(地铁站)"},"geometry":{"type":"LineString","coordinates":[[104.265582,30.562723],[104.256613,30.575537]]}},{"type":"Feature","properties":{"shape_id":"{}","direction_id":"{\"1\": 50}","headsign":"{}","duration_avg":180,"n_vehicles":50,"d":1800,"route_I_counts":"{\"1\": 50}","source":1,"target":0,"layer":"L","from":"成都龙平路(地铁站)","to":"成都龙泉驿(地铁站)"},"geometry":{"type":"LineString","coordinates":[[104.256613,30.575537],[104.265582,30.562723]]}},{"type":"Feature","properties":{"shape_id":"{}","direction_id":"{\"0\": 50}","headsign":"{}","duration_avg":180,"n_vehicles":50,"d":1800,"route_I_counts":"{\"1\": 50}","source":1,"target":2,"layer":"L","from":"成都龙平路(地铁站)","to":"成都书房(地铁站)"},"geometry":{"type":"LineString","coordinates":[[104.256613,30.575537],[104.239766,30.578238]]}},{"type":"Feature","properties":{"shape_id":"{}","direction_id":"{\"1\": 50}","headsign":"{}","duration_avg":180,"n_vehicles":50,"d":1800,"route_I_counts":"{\"1\": 50}","source":2,"target":1,"layer":"L","from":"成都书房(地铁站)","to":"成都龙平路(地铁站)"},"geometry":{"type":"LineString","coordinates":[[104.239766,30.578238],[104.256613,30.575537]]}},{"type":"Feature","properties":{"shape_id":"{}","direction_id":"{\"0\": 50}","headsign":"{}","duration_avg":120,"n_vehicles":50,"d":1200,"route_I_counts":"{\"1\": 50}","source":2,"target":3,"layer":"L","from":"成都书房(地铁站)","to":"成都界牌(地铁站)"},"geometry":{"type":"LineString","coordinates":[[104.239766,30.578238],[104.22276,30.585402]]}},{"type":"Feature","properties":{"shape_id":"{}","direction_id":"{\"1\": 50}","headsign":"{}","duration_avg":120,"n_vehicles":50,"d":1200,"route_I_counts":"{\"1\": 50}","source":3,"target":2,"layer":"L","from":"成都界牌(地铁站)","to":"成都书房(地铁站)"},"geometry":{"type":"LineString","coordinates":[[104.22276,30.585402],[104.239766,30.578238]]}},{"type":"Feature","properties":{"shape_id":"{}","direction_id":"{\"0\": 50}","headsign":"{}","duration_avg":120,"n_vehicles":50,"d":1200,"route_I_counts":"{\"1\": 50}","source":3,"target":4,"layer":"L","from":"成都界牌(地铁站)","to":"成都连山坡(地铁站)"},"geometry":{"type":"LineString","coordinates":[[104.22276,30.585402],[104.210371,30.590165]]}},{"type":"Feature","properties":{"shape_id":"{}","direction_id":"{\"1\": 50}","headsign":"{}","duration_avg":120,"n_vehicles":50,"d":1200,"route_I_counts":"{\"1\": 50}","source":4,"target":3,"layer":"L","from":"成都连山坡(地铁站)","to":"成都界牌(地铁站)"},"geometry":{"type":"LineString","coordinates":[[104.210371,30.590165],[104.22276,30.585402]]}},{"type":"Feature","properties":{"shape_id":"{}","direction_id":"{\"0\": 50}","headsign":"{}","duration_avg":120,"n_vehicles":50,"d":1200,"route_I_counts":"{\"1\": 50}","source":4,"target":5,"layer":"L","from":"成都连山坡(地铁站)","to":"成都大面铺(地铁站)"},"geometry":{"type":"LineString","coordinates":[[104.210371,30.590165],[104.198896,30.594966]]}},{"type":"Feature","properties":{"shape_id":"{}","direction_id":"{\"1\": 50}","headsign":"{}","duration_avg":120,"n_vehicles":50,"d":1200,"route_I_counts":"{\"1\": 50}","source":5,"target":4,"layer":"L","from":"成都大面铺(地铁站)","to":"成都连山坡(地铁站)"},"geometry":{"type":"LineString","coordinates":[[104.198896,30.594966],[104.210371,30.590165]]}},{"type":"Feature","properties":{"shape_id":"{}","direction_id":"{\"0\": 50}","headsign":"{}","duration_avg":240,"n_vehicles":50,"d":2400,"route_I_counts":"{\"1\": 50}","source":5,"target":6,"layer":"L","from":"成都大面铺(地铁站)","to":"成都成都行政学院(地铁站)"},"geometry":{"type":"LineString","coordinates":[[104.198896,30.594966],[104.168234,30.599625]]}},{"type":"Feature","properties":{"shape_id":"{}","direction_id":"{\"1\": 50}","headsign":"{}","duration_avg":240,"n_vehicles":50,"d":2400,"route_I_counts":"{\"1\": 50}","source":6,"target":5,"layer":"L","from":"成都成都行政学院(地铁站)","to":"成都大面铺(地铁站)"},"geometry":{"type":"LineString","coordinates":[[104.168234,30.599625],[104.198896,30.594966]]}},{"type":"Feature","properties":{"shape_id":"{}","direction_id":"{\"0\": 50}","headsign":"{}","duration_avg":180,"n_vehicles":50,"d":1800,"route_I_counts":"{\"1\": 50}","source":6,"target":7,"layer":"L","from":"成都成都行政学院(地铁站)","to":"成都洪河(地铁站)"},"geometry":{"type":"LineString","coordinates":[[104.168234,30.599625],[104.155028,30.607498]]}},{"type":"Feature","properties":{"shape_id":"{}","direction_id":"{\"1\": 50}","headsign":"{}","duration_avg":180,"n_vehicles":50,"d":1800,"route_I_counts":"{\"1\": 50}","source":7,"target":6,"layer":"L","from":"成都洪河(地铁站)","to":"成都成都行政学院(地铁站)"},"geometry":{"type":"LineString","coordinates":[[104.155028,30.607498],[104.168234,30.599625]]}},{"type":"Feature","properties":{"shape_id":"{}","direction_id":"{\"0\": 50}","headsign":"{}","duration_avg":120,"n_vehicles":50,"d":1200,"route_I_counts":"{\"1\": 50}","source":7,"target":8,"layer":"L","from":"成都洪河(地铁站)","to":"成都惠王陵(地铁站)"},"geometry":{"type":"LineString","coordinates":[[104.155028,30.607498],[104.149594,30.614546]]}},{"type":"Feature","properties":{"shape_id":"{}","direction_id":"{\"1\": 50}","headsign":"{}","duration_avg":120,"n_vehicles":50,"d":1200,"route_I_counts":"{\"1\": 50}","source":8,"target":7,"layer":"L","from":"成都惠王陵(地铁站)","to":"成都洪河(地铁站)"},"geometry":{"type":"LineString","coordinates":[[104.149594,30.614546],[104.155028,30.607498]]}},{"type":"Feature","properties":{"shape_id":"{}","direction_id":"{\"0\": 50}","headsign":"{}","duration_avg":120,"n_vehicles":50,"d":1200,"route_I_counts":"{\"1\": 50}","source":8,"target":9,"layer":"L","from":"成都惠王陵(地铁站)","to":"成都成渝立交(地铁站)"},"geometry":{"type":"LineString","coordinates":[[104.149594,30.614546],[104.144932,30.627279]]}},{"type":"Feature","properties":{"shape_id":"{}","direction_id":"{\"1\": 50}","headsign":"{}","duration_avg":120,"n_vehicles":50,"d":1200,"route_I_counts":"{\"1\": 50}","source":9,"target":8,"layer":"L","from":"成都成渝立交(地铁站)","to":"成都惠王陵(地铁站)"},"geometry":{"type":"LineString","coordinates":[[104.144932,30.627279],[104.149594,30.614546]]}},{"type":"Feature","properties":{"shape_id":"{}","direction_id":"{\"0\": 50}","headsign":"{}","duration_avg":120,"n_vehicles":50,"d":1200,"route_I_counts":"{\"1\": 50}","source":9,"target":10,"layer":"L","from":"成都成渝立交(地铁站)","to":"成都成都东客站(地铁站)"},"geometry":{"type":"LineString","coordinates":[[104.144932,30.627279],[104.137438,30.631773]]}},{"type":"Feature","properties":{"shape_id":"{}","direction_id":"{\"1\": 50}","headsign":"{}","duration_avg":120,"n_vehicles":50,"d":1200,"route_I_counts":"{\"1\": 50}","source":10,"target":9,"layer":"L","from":"成都成都东客站(地铁站)","to":"成都成渝立交(地铁站)"},"geometry":{"type":"LineString","coordinates":[[104.137438,30.631773],[104.144932,30.627279]]}},{"type":"Feature","properties":{"shape_id":"{}","direction_id":"{\"0\": 50}","headsign":"{}","duration_avg":180,"n_vehicles":50,"d":1800,"route_I_counts":"{\"1\": 50}","source":10,"target":11,"layer":"L","from":"成都成都东客站(地铁站)","to":"成都塔子山公园(地铁站)"},"geometry":{"type":"LineString","coordinates":[[104.137438,30.631773],[104.12039,30.631888]]}},{"type":"Feature","properties":{"shape_id":"{}","direction_id":"{\"1\": 50}","headsign":"{}","duration_avg":180,"n_vehicles":50,"d":1800,"route_I_counts":"{\"1\": 50}","source":11,"target":10,"layer":"L","from":"成都塔子山公园(地铁站)","to":"成都成都东客站(地铁站)"},"geometry":{"type":"LineString","coordinates":[[104.12039,30.631888],[104.137438,30.631773]]}},{"type":"Feature","properties":{"shape_id":"{}","direction_id":"{\"0\": 50}","headsign":"{}","duration_avg":120,"n_vehicles":50,"d":1200,"route_I_counts":"{\"1\": 50}","source":11,"target":12,"layer":"L","from":"成都塔子山公园(地铁站)","to":"成都东大路(地铁站)"},"geometry":{"type":"LineString","coordinates":[[104.12039,30.631888],[104.109633,30.636228]]}},{"type":"Feature","properties":{"shape_id":"{}","direction_id":"{\"1\": 50}","headsign":"{}","duration_avg":120,"n_vehicles":50,"d":1200,"route_I_counts":"{\"1\": 50}","source":12,"target":11,"layer":"L","from":"成都东大路(地铁站)","to":"成都塔子山公园(地铁站)"},"geometry":{"type":"LineString","coordinates":[[104.109633,30.636228],[104.12039,30.631888]]}},{"type":"Feature","properties":{"shape_id":"{}","direction_id":"{\"0\": 50}","headsign":"{}","duration_avg":120,"n_vehicles":50,"d":1200,"route_I_counts":"{\"1\": 50}","source":12,"target":13,"layer":"L","from":"成都东大路(地铁站)","to":"成都牛市口(地铁站)"},"geometry":{"type":"LineString","coordinates":[[104.109633,30.636228],[104.105121,30.64032]]}},{"type":"Feature","properties":{"shape_id":"{}","direction_id":"{\"1\": 50}","headsign":"{}","duration_avg":120,"n_vehicles":50,"d":1200,"route_I_counts":"{\"1\": 50}","source":13,"target":12,"layer":"L","from":"成都牛市口(地铁站)","to":"成都东大路(地铁站)"},"geometry":{"type":"LineString","coordinates":[[104.105121,30.64032],[104.109633,30.636228]]}},{"type":"Feature","properties":{"shape_id":"{}","direction_id":"{\"0\": 50}","headsign":"{}","duration_avg":120,"n_vehicles":50,"d":1200,"route_I_counts":"{\"1\": 50}","source":13,"target":14,"layer":"L","from":"成都牛市口(地铁站)","to":"成都牛王庙(地铁站)"},"geometry":{"type":"LineString","coordinates":[[104.105121,30.64032],[104.091998,30.647426]]}},{"type":"Feature","properties":{"shape_id":"{}","direction_id":"{\"1\": 50}","headsign":"{}","duration_avg":120,"n_vehicles":50,"d":1200,"route_I_counts":"{\"1\": 50}","source":14,"target":13,"layer":"L","from":"成都牛王庙(地铁站)","to":"成都牛市口(地铁站)"},"geometry":{"type":"LineString","coordinates":[[104.091998,30.647426],[104.105121,30.64032]]}},{"type":"Feature","properties":{"shape_id":"{}","direction_id":"{\"0\": 50}","headsign":"{}","duration_avg":120,"n_vehicles":50,"d":1200,"route_I_counts":"{\"1\": 50}","source":14,"target":15,"layer":"L","from":"成都牛王庙(地铁站)","to":"成都东门大桥(地铁站)"},"geometry":{"type":"LineString","coordinates":[[104.091998,30.647426],[104.084772,30.650596]]}},{"type":"Feature","properties":{"shape_id":"{}","direction_id":"{\"1\": 50}","headsign":"{}","duration_avg":120,"n_vehicles":50,"d":1200,"route_I_counts":"{\"1\": 50}","source":15,"target":14,"layer":"L","from":"成都东门大桥(地铁站)","to":"成都牛王庙(地铁站)"},"geometry":{"type":"LineString","coordinates":[[104.084772,30.650596],[104.091998,30.647426]]}},{"type":"Feature","properties":{"shape_id":"{}","direction_id":"{\"0\": 50}","headsign":"{}","duration_avg":120,"n_vehicles":50,"d":1200,"route_I_counts":"{\"1\": 50}","source":15,"target":16,"layer":"L","from":"成都东门大桥(地铁站)","to":"成都春熙路(地铁站)"},"geometry":{"type":"LineString","coordinates":[[104.084772,30.650596],[104.077491,30.655796]]}},{"type":"Feature","properties":{"shape_id":"{}","direction_id":"{\"1\": 50}","headsign":"{}","duration_avg":120,"n_vehicles":50,"d":1200,"route_I_counts":"{\"1\": 50}","source":16,"target":15,"layer":"L","from":"成都春熙路(地铁站)","to":"成都东门大桥(地铁站)"},"geometry":{"type":"LineString","coordinates":[[104.077491,30.655796],[104.084772,30.650596]]}},{"type":"Feature","properties":{"shape_id":"{}","direction_id":"{\"0\": 50}","headsign":"{}","duration_avg":180,"n_vehicles":50,"d":1800,"route_I_counts":"{\"1\": 50}","source":16,"target":17,"layer":"L","from":"成都春熙路(地铁站)","to":"成都天府广场(地铁站)"},"geometry":{"type":"LineString","coordinates":[[104.077491,30.655796],[104.063382,30.659562]]}},{"type":"Feature","properties":{"shape_id":"{}","direction_id":"{\"1\": 50}","headsign":"{}","duration_avg":180,"n_vehicles":50,"d":1800,"route_I_counts":"{\"1\": 50}","source":17,"target":16,"layer":"L","from":"成都天府广场(地铁站)","to":"成都春熙路(地铁站)"},"geometry":{"type":"LineString","coordinates":[[104.063382,30.659562],[104.077491,30.655796]]}},{"type":"Feature","properties":{"shape_id":"{}","direction_id":"{\"0\": 50}","headsign":"{}","duration_avg":120,"n_vehicles":50,"d":1200,"route_I_counts":"{\"1\": 50}","source":17,"target":18,"layer":"L","from":"成都天府广场(地铁站)","to":"成都人民公园(地铁站)"},"geometry":{"type":"LineString","coordinates":[[104.063382,30.659562],[104.05429,30.66176]]}},{"type":"Feature","properties":{"shape_id":"{}","direction_id":"{\"1\": 50}","headsign":"{}","duration_avg":120,"n_vehicles":50,"d":1200,"route_I_counts":"{\"1\": 50}","source":18,"target":17,"layer":"L","from":"成都人民公园(地铁站)","to":"成都天府广场(地铁站)"},"geometry":{"type":"LineString","coordinates":[[104.05429,30.66176],[104.063382,30.659562]]}},{"type":"Feature","properties":{"shape_id":"{}","direction_id":"{\"0\": 50}","headsign":"{}","duration_avg":120,"n_vehicles":50,"d":1200,"route_I_counts":"{\"1\": 50}","source":18,"target":19,"layer":"L","from":"成都人民公园(地铁站)","to":"成都通惠门(地铁站)"},"geometry":{"type":"LineString","coordinates":[[104.05429,30.66176],[104.046055,30.664538]]}},{"type":"Feature","properties":{"shape_id":"{}","direction_id":"{\"1\": 50}","headsign":"{}","duration_avg":120,"n_vehicles":50,"d":1200,"route_I_counts":"{\"1\": 50}","source":19,"target":18,"layer":"L","from":"成都通惠门(地铁站)","to":"成都人民公园(地铁站)"},"geometry":{"type":"LineString","coordinates":[[104.046055,30.664538],[104.05429,30.66176]]}},{"type":"Feature","properties":{"shape_id":"{}","direction_id":"{\"0\": 50}","headsign":"{}","duration_avg":120,"n_vehicles":50,"d":1200,"route_I_counts":"{\"1\": 50}","source":19,"target":20,"layer":"L","from":"成都通惠门(地铁站)","to":"成都中医大·省医院(地铁站)"},"geometry":{"type":"LineString","coordinates":[[104.046055,30.664538],[104.038166,30.668572]]}},{"type":"Feature","properties":{"shape_id":"{}","direction_id":"{\"1\": 50}","headsign":"{}","duration_avg":120,"n_vehicles":50,"d":1200,"route_I_counts":"{\"1\": 50}","source":20,"target":19,"layer":"L","from":"成都中医大·省医院(地铁站)","to":"成都通惠门(地铁站)"},"geometry":{"type":"LineString","coordinates":[[104.038166,30.668572],[104.046055,30.664538]]}},{"type":"Feature","properties":{"shape_id":"{}","direction_id":"{\"0\": 50}","headsign":"{}","duration_avg":120,"n_vehicles":50,"d":1200,"route_I_counts":"{\"1\": 50}","source":20,"target":21,"layer":"L","from":"成都中医大·省医院(地铁站)","to":"成都白果林(地铁站)"},"geometry":{"type":"LineString","coordinates":[[104.038166,30.668572],[104.030853,30.676332]]}},{"type":"Feature","properties":{"shape_id":"{}","direction_id":"{\"1\": 50}","headsign":"{}","duration_avg":120,"n_vehicles":50,"d":1200,"route_I_counts":"{\"1\": 50}","source":21,"target":20,"layer":"L","from":"成都白果林(地铁站)","to":"成都中医大·省医院(地铁站)"},"geometry":{"type":"LineString","coordinates":[[104.030853,30.676332],[104.038166,30.668572]]}},{"type":"Feature","properties":{"shape_id":"{}","direction_id":"{\"0\": 50}","headsign":"{}","duration_avg":180,"n_vehicles":50,"d":1800,"route_I_counts":"{\"1\": 50}","source":21,"target":22,"layer":"L","from":"成都白果林(地铁站)","to":"成都蜀汉路东(地铁站)"},"geometry":{"type":"LineString","coordinates":[[104.030853,30.676332],[104.026638,30.685356]]}},{"type":"Feature","properties":{"shape_id":"{}","direction_id":"{\"1\": 50}","headsign":"{}","duration_avg":180,"n_vehicles":50,"d":1800,"route_I_counts":"{\"1\": 50}","source":22,"target":21,"layer":"L","from":"成都蜀汉路东(地铁站)","to":"成都白果林(地铁站)"},"geometry":{"type":"LineString","coordinates":[[104.026638,30.685356],[104.030853,30.676332]]}},{"type":"Feature","properties":{"shape_id":"{}","direction_id":"{\"0\": 50}","headsign":"{}","duration_avg":120,"n_vehicles":50,"d":1200,"route_I_counts":"{\"1\": 50}","source":22,"target":23,"layer":"L","from":"成都蜀汉路东(地铁站)","to":"成都一品天下(地铁站)"},"geometry":{"type":"LineString","coordinates":[[104.026638,30.685356],[104.017251,30.691454]]}},{"type":"Feature","properties":{"shape_id":"{}","direction_id":"{\"1\": 50}","headsign":"{}","duration_avg":120,"n_vehicles":50,"d":1200,"route_I_counts":"{\"1\": 50}","source":23,"target":22,"layer":"L","from":"成都一品天下(地铁站)","to":"成都蜀汉路东(地铁站)"},"geometry":{"type":"LineString","coordinates":[[104.017251,30.691454],[104.026638,30.685356]]}},{"type":"Feature","properties":{"shape_id":"{}","direction_id":"{\"0\": 50}","headsign":"{}","duration_avg":120,"n_vehicles":50,"d":1200,"route_I_counts":"{\"1\": 50}","source":23,"target":24,"layer":"L","from":"成都一品天下(地铁站)","to":"成都羊犀立交(地铁站)"},"geometry":{"type":"LineString","coordinates":[[104.017251,30.691454],[104.010301,30.696444]]}},{"type":"Feature","properties":{"shape_id":"{}","direction_id":"{\"1\": 50}","headsign":"{}","duration_avg":120,"n_vehicles":50,"d":1200,"route_I_counts":"{\"1\": 50}","source":24,"target":23,"layer":"L","from":"成都羊犀立交(地铁站)","to":"成都一品天下(地铁站)"},"geometry":{"type":"LineString","coordinates":[[104.010301,30.696444],[104.017251,30.691454]]}},{"type":"Feature","properties":{"shape_id":"{}","direction_id":"{\"0\": 50}","headsign":"{}","duration_avg":120,"n_vehicles":50,"d":1200,"route_I_counts":"{\"1\": 50}","source":24,"target":25,"layer":"L","from":"成都羊犀立交(地铁站)","to":"成都茶店子客运站(地铁站)"},"geometry":{"type":"LineString","coordinates":[[104.010301,30.696444],[104.011333,30.708507]]}},{"type":"Feature","properties":{"shape_id":"{}","direction_id":"{\"1\": 50}","headsign":"{}","duration_avg":120,"n_vehicles":50,"d":1200,"route_I_counts":"{\"1\": 50}","source":25,"target":24,"layer":"L","from":"成都茶店子客运站(地铁站)","to":"成都羊犀立交(地铁站)"},"geometry":{"type":"LineString","coordinates":[[104.011333,30.708507],[104.010301,30.696444]]}},{"type":"Feature","properties":{"shape_id":"{}","direction_id":"{\"0\": 50}","headsign":"{}","duration_avg":120,"n_vehicles":50,"d":1200,"route_I_counts":"{\"1\": 50}","source":25,"target":26,"layer":"L","from":"成都茶店子客运站(地铁站)","to":"成都迎宾大道(地铁站)"},"geometry":{"type":"LineString","coordinates":[[104.011333,30.708507],[104.011169,30.715687]]}},{"type":"Feature","properties":{"shape_id":"{}","direction_id":"{\"1\": 50}","headsign":"{}","duration_avg":120,"n_vehicles":50,"d":1200,"route_I_counts":"{\"1\": 50}","source":26,"target":25,"layer":"L","from":"成都迎宾大道(地铁站)","to":"成都茶店子客运站(地铁站)"},"geometry":{"type":"LineString","coordinates":[[104.011169,30.715687],[104.011333,30.708507]]}},{"type":"Feature","properties":{"shape_id":"{}","direction_id":"{\"0\": 50}","headsign":"{}","duration_avg":120,"n_vehicles":50,"d":1200,"route_I_counts":"{\"1\": 50}","source":26,"target":27,"layer":"L","from":"成都迎宾大道(地铁站)","to":"成都金科北路(地铁站)"},"geometry":{"type":"LineString","coordinates":[[104.011169,30.715687],[104.004302,30.723297]]}},{"type":"Feature","properties":{"shape_id":"{}","direction_id":"{\"1\": 50}","headsign":"{}","duration_avg":120,"n_vehicles":50,"d":1200,"route_I_counts":"{\"1\": 50}","source":27,"target":26,"layer":"L","from":"成都金科北路(地铁站)","to":"成都迎宾大道(地铁站)"},"geometry":{"type":"LineString","coordinates":[[104.004302,30.723297],[104.011169,30.715687]]}},{"type":"Feature","properties":{"shape_id":"{}","direction_id":"{\"0\": 50}","headsign":"{}","duration_avg":120,"n_vehicles":50,"d":1200,"route_I_counts":"{\"1\": 50}","source":27,"target":28,"layer":"L","from":"成都金科北路(地铁站)","to":"成都金周路(地铁站)"},"geometry":{"type":"LineString","coordinates":[[104.004302,30.723297],[103.993881,30.724204]]}},{"type":"Feature","properties":{"shape_id":"{}","direction_id":"{\"1\": 50}","headsign":"{}","duration_avg":120,"n_vehicles":50,"d":1200,"route_I_counts":"{\"1\": 50}","source":28,"target":27,"layer":"L","from":"成都金周路(地铁站)","to":"成都金科北路(地铁站)"},"geometry":{"type":"LineString","coordinates":[[103.993881,30.724204],[104.004302,30.723297]]}},{"type":"Feature","properties":{"shape_id":"{}","direction_id":"{\"0\": 50}","headsign":"{}","duration_avg":180,"n_vehicles":50,"d":1800,"route_I_counts":"{\"1\": 50}","source":28,"target":29,"layer":"L","from":"成都金周路(地铁站)","to":"成都百草路(地铁站)"},"geometry":{"type":"LineString","coordinates":[[103.993881,30.724204],[103.977092,30.735673]]}},{"type":"Feature","properties":{"shape_id":"{}","direction_id":"{\"1\": 50}","headsign":"{}","duration_avg":180,"n_vehicles":50,"d":1800,"route_I_counts":"{\"1\": 50}","source":29,"target":28,"layer":"L","from":"成都百草路(地铁站)","to":"成都金周路(地铁站)"},"geometry":{"type":"LineString","coordinates":[[103.977092,30.735673],[103.993881,30.724204]]}},{"type":"Feature","properties":{"shape_id":"{}","direction_id":"{\"0\": 50}","headsign":"{}","duration_avg":180,"n_vehicles":50,"d":1800,"route_I_counts":"{\"1\": 50}","source":29,"target":30,"layer":"L","from":"成都百草路(地铁站)","to":"成都天河路(地铁站)"},"geometry":{"type":"LineString","coordinates":[[103.977092,30.735673],[103.973938,30.748496]]}},{"type":"Feature","properties":{"shape_id":"{}","direction_id":"{\"1\": 50}","headsign":"{}","duration_avg":180,"n_vehicles":50,"d":1800,"route_I_counts":"{\"1\": 50}","source":30,"target":29,"layer":"L","from":"成都天河路(地铁站)","to":"成都百草路(地铁站)"},"geometry":{"type":"LineString","coordinates":[[103.973938,30.748496],[103.977092,30.735673]]}},{"type":"Feature","properties":{"shape_id":"{}","direction_id":"{\"0\": 50}","headsign":"{}","duration_avg":180,"n_vehicles":50,"d":1800,"route_I_counts":"{\"1\": 50}","source":30,"target":31,"layer":"L","from":"成都天河路(地铁站)","to":"成都犀浦(地铁站)"},"geometry":{"type":"LineString","coordinates":[[103.973938,30.748496],[103.969167,30.760832]]}},{"type":"Feature","properties":{"shape_id":"{}","direction_id":"{\"1\": 50}","headsign":"{}","duration_avg":180,"n_vehicles":50,"d":1800,"route_I_counts":"{\"1\": 50}","source":31,"target":30,"layer":"L","from":"成都犀浦(地铁站)","to":"成都天河路(地铁站)"},"geometry":{"type":"LineString","coordinates":[[103.969167,30.760832],[103.973938,30.748496]]}},{"type":"Feature","properties":{"shape_id":"{}","direction_id":"{\"0\": 50}","headsign":"{}","duration_avg":300,"n_vehicles":50,"d":3000,"route_I_counts":"{\"2\": 50}","source":32,"target":33,"layer":"L","from":"成都福田(地铁站)","to":"成都芦葭(地铁站)"},"geometry":{"type":"LineString","coordinates":[[104.384875,30.280657],[104.439144,30.258007]]}},{"type":"Feature","properties":{"shape_id":"{}","direction_id":"{\"1\": 50}","headsign":"{}","duration_avg":300,"n_vehicles":50,"d":3000,"route_I_counts":"{\"2\": 50}","source":33,"target":32,"layer":"L","from":"成都芦葭(地铁站)","to":"成都福田(地铁站)"},"geometry":{"type":"LineString","coordinates":[[104.439144,30.258007],[104.384875,30.280657]]}},{"type":"Feature","properties":{"shape_id":"{}","direction_id":"{\"0\": 50}","headsign":"{}","duration_avg":360,"n_vehicles":50,"d":3600,"route_I_counts":"{\"2\": 50}","source":33,"target":34,"layer":"L","from":"成都芦葭(地铁站)","to":"成都资阳临空(地铁站)"},"geometry":{"type":"LineString","coordinates":[[104.439144,30.258007],[104.582601,30.175683]]}},{"type":"Feature","properties":{"shape_id":"{}","direction_id":"{\"1\": 50}","headsign":"{}","duration_avg":360,"n_vehicles":50,"d":3600,"route_I_counts":"{\"2\": 50}","source":34,"target":33,"layer":"L","from":"成都资阳临空(地铁站)","to":"成都芦葭(地铁站)"},"geometry":{"type":"LineString","coordinates":[[104.582601,30.175683],[104.439144,30.258007]]}},{"type":"Feature","properties":{"shape_id":"{}","direction_id":"{\"0\": 50}","headsign":"{}","duration_avg":360,"n_vehicles":50,"d":3600,"route_I_counts":"{\"2\": 50}","source":34,"target":35,"layer":"L","from":"成都资阳临空(地铁站)","to":"成都幸福大道(地铁站)"},"geometry":{"type":"LineString","coordinates":[[104.582601,30.175683],[104.619444,30.129295]]}},{"type":"Feature","properties":{"shape_id":"{}","direction_id":"{\"1\": 50}","headsign":"{}","duration_avg":360,"n_vehicles":50,"d":3600,"route_I_counts":"{\"2\": 50}","source":35,"target":34,"layer":"L","from":"成都幸福大道(地铁站)","to":"成都资阳临空(地铁站)"},"geometry":{"type":"LineString","coordinates":[[104.619444,30.129295],[104.582601,30.175683]]}},{"type":"Feature","properties":{"shape_id":"{}","direction_id":"{\"0\": 50}","headsign":"{}","duration_avg":180,"n_vehicles":50,"d":1800,"route_I_counts":"{\"2\": 50}","source":35,"target":36,"layer":"L","from":"成都幸福大道(地铁站)","to":"成都苌弘广场(地铁站)"},"geometry":{"type":"LineString","coordinates":[[104.619444,30.129295],[104.648043,30.111853]]}},{"type":"Feature","properties":{"shape_id":"{}","direction_id":"{\"1\": 50}","headsign":"{}","duration_avg":180,"n_vehicles":50,"d":1800,"route_I_counts":"{\"2\": 50}","source":36,"target":35,"layer":"L","from":"成都苌弘广场(地铁站)","to":"成都幸福大道(地铁站)"},"geometry":{"type":"LineString","coordinates":[[104.648043,30.111853],[104.619444,30.129295]]}},{"type":"Feature","properties":{"shape_id":"{}","direction_id":"{\"0\": 50}","headsign":"{}","duration_avg":240,"n_vehicles":50,"d":2400,"route_I_counts":"{\"2\": 50}","source":36,"target":37,"layer":"L","from":"成都苌弘广场(地铁站)","to":"成都宝台(地铁站)"},"geometry":{"type":"LineString","coordinates":[[104.648043,30.111853],[104.671546,30.116978]]}},{"type":"Feature","properties":{"shape_id":"{}","direction_id":"{\"1\": 50}","headsign":"{}","duration_avg":240,"n_vehicles":50,"d":2400,"route_I_counts":"{\"2\": 50}","source":37,"target":36,"layer":"L","from":"成都宝台(地铁站)","to":"成都苌弘广场(地铁站)"},"geometry":{"type":"LineString","coordinates":[[104.671546,30.116978],[104.648043,30.111853]]}},{"type":"Feature","properties":{"shape_id":"{}","direction_id":"{\"0\": 50}","headsign":"{}","duration_avg":180,"n_vehicles":50,"d":1800,"route_I_counts":"{\"2\": 50}","source":37,"target":38,"layer":"L","from":"成都宝台(地铁站)","to":"成都资阳北站(地铁站)"},"geometry":{"type":"LineString","coordinates":[[104.671546,30.116978],[104.67889,30.129425]]}},{"type":"Feature","properties":{"shape_id":"{}","direction_id":"{\"1\": 50}","headsign":"{}","duration_avg":180,"n_vehicles":50,"d":1800,"route_I_counts":"{\"2\": 50}","source":38,"target":37,"layer":"L","from":"成都资阳北站(地铁站)","to":"成都宝台(地铁站)"},"geometry":{"type":"LineString","coordinates":[[104.67889,30.129425],[104.671546,30.116978]]}},{"type":"Feature","properties":{"shape_id":"{}","direction_id":"{\"0\": 50}","headsign":"{}","duration_avg":180,"n_vehicles":50,"d":1800,"route_I_counts":"{\"3\": 50}","source":39,"target":40,"layer":"L","from":"成都双流西站(地铁站)","to":"成都三里坝(地铁站)"},"geometry":{"type":"LineString","coordinates":[[103.915181,30.546095],[103.91249,30.556369]]}},{"type":"Feature","properties":{"shape_id":"{}","direction_id":"{\"1\": 50}","headsign":"{}","duration_avg":180,"n_vehicles":50,"d":1800,"route_I_counts":"{\"3\": 50}","source":40,"target":39,"layer":"L","from":"成都三里坝(地铁站)","to":"成都双流西站(地铁站)"},"geometry":{"type":"LineString","coordinates":[[103.91249,30.556369],[103.915181,30.546095]]}},{"type":"Feature","properties":{"shape_id":"{}","direction_id":"{\"0\": 50}","headsign":"{}","duration_avg":120,"n_vehicles":50,"d":1200,"route_I_counts":"{\"3\": 50}","source":40,"target":41,"layer":"L","from":"成都三里坝(地铁站)","to":"成都双流广场(地铁站)"},"geometry":{"type":"LineString","coordinates":[[103.91249,30.556369],[103.918115,30.567068]]}},{"type":"Feature","properties":{"shape_id":"{}","direction_id":"{\"1\": 50}","headsign":"{}","duration_avg":120,"n_vehicles":50,"d":1200,"route_I_counts":"{\"3\": 50}","source":41,"target":40,"layer":"L","from":"成都双流广场(地铁站)","to":"成都三里坝(地铁站)"},"geometry":{"type":"LineString","coordinates":[[103.918115,30.567068],[103.91249,30.556369]]}},{"type":"Feature","properties":{"shape_id":"{}","direction_id":"{\"0\": 50}","headsign":"{}","duration_avg":120,"n_vehicles":50,"d":1200,"route_I_counts":"{\"3\": 50}","source":41,"target":42,"layer":"L","from":"成都双流广场(地铁站)","to":"成都东升(地铁站)"},"geometry":{"type":"LineString","coordinates":[[103.918115,30.567068],[103.923226,30.574011]]}},{"type":"Feature","properties":{"shape_id":"{}","direction_id":"{\"1\": 50}","headsign":"{}","duration_avg":120,"n_vehicles":50,"d":1200,"route_I_counts":"{\"3\": 50}","source":42,"target":41,"layer":"L","from":"成都东升(地铁站)","to":"成都双流广场(地铁站)"},"geometry":{"type":"LineString","coordinates":[[103.923226,30.574011],[103.918115,30.567068]]}},{"type":"Feature","properties":{"shape_id":"{}","direction_id":"{\"0\": 50}","headsign":"{}","duration_avg":120,"n_vehicles":50,"d":1200,"route_I_counts":"{\"3\": 50}","source":42,"target":43,"layer":"L","from":"成都东升(地铁站)","to":"成都迎春桥(地铁站)"},"geometry":{"type":"LineString","coordinates":[[103.923226,30.574011],[103.932816,30.583425]]}},{"type":"Feature","properties":{"shape_id":"{}","direction_id":"{\"1\": 50}","headsign":"{}","duration_avg":120,"n_vehicles":50,"d":1200,"route_I_counts":"{\"3\": 50}","source":43,"target":42,"layer":"L","from":"成都迎春桥(地铁站)","to":"成都东升(地铁站)"},"geometry":{"type":"LineString","coordinates":[[103.932816,30.583425],[103.923226,30.574011]]}},{"type":"Feature","properties":{"shape_id":"{}","direction_id":"{\"0\": 50}","headsign":"{}","duration_avg":180,"n_vehicles":50,"d":1800,"route_I_counts":"{\"3\": 50}","source":43,"target":44,"layer":"L","from":"成都迎春桥(地铁站)","to":"成都航都大街(地铁站)"},"geometry":{"type":"LineString","coordinates":[[103.932816,30.583425],[103.934765,30.594093]]}},{"type":"Feature","properties":{"shape_id":"{}","direction_id":"{\"1\": 50}","headsign":"{}","duration_avg":180,"n_vehicles":50,"d":1800,"route_I_counts":"{\"3\": 50}","source":44,"target":43,"layer":"L","from":"成都航都大街(地铁站)","to":"成都迎春桥(地铁站)"},"geometry":{"type":"LineString","coordinates":[[103.934765,30.594093],[103.932816,30.583425]]}},{"type":"Feature","properties":{"shape_id":"{}","direction_id":"{\"0\": 50}","headsign":"{}","duration_avg":120,"n_vehicles":50,"d":1200,"route_I_counts":"{\"3\": 50}","source":44,"target":45,"layer":"L","from":"成都航都大街(地铁站)","to":"成都龙桥路(地铁站)"},"geometry":{"type":"LineString","coordinates":[[103.934765,30.594093],[103.942024,30.606688]]}},{"type":"Feature","properties":{"shape_id":"{}","direction_id":"{\"1\": 50}","headsign":"{}","duration_avg":120,"n_vehicles":50,"d":1200,"route_I_counts":"{\"3\": 50}","source":45,"target":44,"layer":"L","from":"成都龙桥路(地铁站)","to":"成都航都大街(地铁站)"},"geometry":{"type":"LineString","coordinates":[[103.942024,30.606688],[103.934765,30.594093]]}},{"type":"Feature","properties":{"shape_id":"{}","direction_id":"{\"0\": 50}","headsign":"{}","duration_avg":240,"n_vehicles":50,"d":2400,"route_I_counts":"{\"3\": 50}","source":45,"target":46,"layer":"L","from":"成都龙桥路(地铁站)","to":"成都双凤桥(地铁站)"},"geometry":{"type":"LineString","coordinates":[[103.942024,30.606688],[103.967008,30.618648]]}},{"type":"Feature","properties":{"shape_id":"{}","direction_id":"{\"1\": 50}","headsign":"{}","duration_avg":240,"n_vehicles":50,"d":2400,"route_I_counts":"{\"3\": 50}","source":46,"target":45,"layer":"L","from":"成都双凤桥(地铁站)","to":"成都龙桥路(地铁站)"},"geometry":{"type":"LineString","coordinates":[[103.967008,30.618648],[103.942024,30.606688]]}},{"type":"Feature","properties":{"shape_id":"{}","direction_id":"{\"0\": 50}","headsign":"{}","duration_avg":120,"n_vehicles":50,"d":1200,"route_I_counts":"{\"3\": 50}","source":46,"target":47,"layer":"L","from":"成都双凤桥(地铁站)","to":"成都武青南路(地铁站)"},"geometry":{"type":"LineString","coordinates":[[103.967008,30.618648],[103.982829,30.625769]]}},{"type":"Feature","properties":{"shape_id":"{}","direction_id":"{\"1\": 50}","headsign":"{}","duration_avg":120,"n_vehicles":50,"d":1200,"route_I_counts":"{\"3\": 50}","source":47,"target":46,"layer":"L","from":"成都武青南路(地铁站)","to":"成都双凤桥(地铁站)"},"geometry":{"type":"LineString","coordinates":[[103.982829,30.625769],[103.967008,30.618648]]}},{"type":"Feature","properties":{"shape_id":"{}","direction_id":"{\"0\": 50}","headsign":"{}","duration_avg":120,"n_vehicles":50,"d":1200,"route_I_counts":"{\"3\": 50}","source":47,"target":48,"layer":"L","from":"成都武青南路(地铁站)","to":"成都武侯立交(地铁站)"},"geometry":{"type":"LineString","coordinates":[[103.982829,30.625769],[103.991139,30.629576]]}},{"type":"Feature","properties":{"shape_id":"{}","direction_id":"{\"1\": 50}","headsign":"{}","duration_avg":120,"n_vehicles":50,"d":1200,"route_I_counts":"{\"3\": 50}","source":48,"target":47,"layer":"L","from":"成都武侯立交(地铁站)","to":"成都武青南路(地铁站)"},"geometry":{"type":"LineString","coordinates":[[103.991139,30.629576],[103.982829,30.625769]]}},{"type":"Feature","properties":{"shape_id":"{}","direction_id":"{\"0\": 50}","headsign":"{}","duration_avg":120,"n_vehicles":50,"d":1200,"route_I_counts":"{\"3\": 50}","source":48,"target":49,"layer":"L","from":"成都武侯立交(地铁站)","to":"成都川藏立交(地铁站)"},"geometry":{"type":"LineString","coordinates":[[103.991139,30.629576],[104.004135,30.625514]]}},{"type":"Feature","properties":{"shape_id":"{}","direction_id":"{\"1\": 50}","headsign":"{}","duration_avg":120,"n_vehicles":50,"d":1200,"route_I_counts":"{\"3\": 50}","source":49,"target":48,"layer":"L","from":"成都川藏立交(地铁站)","to":"成都武侯立交(地铁站)"},"geometry":{"type":"LineString","coordinates":[[104.004135,30.625514],[103.991139,30.629576]]}},{"type":"Feature","properties":{"shape_id":"{}","direction_id":"{\"0\": 50}","headsign":"{}","duration_avg":180,"n_vehicles":50,"d":1800,"route_I_counts":"{\"3\": 50}","source":49,"target":50,"layer":"L","from":"成都川藏立交(地铁站)","to":"成都太平园(地铁站)"},"geometry":{"type":"LineString","coordinates":[[104.004135,30.625514],[104.019197,30.627914]]}},{"type":"Feature","properties":{"shape_id":"{}","direction_id":"{\"1\": 50}","headsign":"{}","duration_avg":180,"n_vehicles":50,"d":1800,"route_I_counts":"{\"3\": 50}","source":50,"target":49,"layer":"L","from":"成都太平园(地铁站)","to":"成都川藏立交(地铁站)"},"geometry":{"type":"LineString","coordinates":[[104.019197,30.627914],[104.004135,30.625514]]}},{"type":"Feature","properties":{"shape_id":"{}","direction_id":"{\"0\": 50}","headsign":"{}","duration_avg":120,"n_vehicles":50,"d":1200,"route_I_counts":"{\"3\": 50}","source":50,"target":51,"layer":"L","from":"成都太平园(地铁站)","to":"成都红牌楼(地铁站)"},"geometry":{"type":"LineString","coordinates":[[104.019197,30.627914],[104.027465,30.637211]]}},{"type":"Feature","properties":{"shape_id":"{}","direction_id":"{\"1\": 50}","headsign":"{}","duration_avg":120,"n_vehicles":50,"d":1200,"route_I_counts":"{\"3\": 50}","source":51,"target":50,"layer":"L","from":"成都红牌楼(地铁站)","to":"成都太平园(地铁站)"},"geometry":{"type":"LineString","coordinates":[[104.027465,30.637211],[104.019197,30.627914]]}},{"type":"Feature","properties":{"shape_id":"{}","direction_id":"{\"0\": 50}","headsign":"{}","duration_avg":180,"n_vehicles":50,"d":1800,"route_I_counts":"{\"3\": 50}","source":51,"target":52,"layer":"L","from":"成都红牌楼(地铁站)","to":"成都高升桥(地铁站)"},"geometry":{"type":"LineString","coordinates":[[104.027465,30.637211],[104.040094,30.642517]]}},{"type":"Feature","properties":{"shape_id":"{}","direction_id":"{\"1\": 50}","headsign":"{}","duration_avg":180,"n_vehicles":50,"d":1800,"route_I_counts":"{\"3\": 50}","source":52,"target":51,"layer":"L","from":"成都高升桥(地铁站)","to":"成都红牌楼(地铁站)"},"geometry":{"type":"LineString","coordinates":[[104.040094,30.642517],[104.027465,30.637211]]}},{"type":"Feature","properties":{"shape_id":"{}","direction_id":"{\"0\": 50}","headsign":"{}","duration_avg":120,"n_vehicles":50,"d":1200,"route_I_counts":"{\"3\": 50}","source":52,"target":53,"layer":"L","from":"成都高升桥(地铁站)","to":"成都衣冠庙(地铁站)"},"geometry":{"type":"LineString","coordinates":[[104.040094,30.642517],[104.049668,30.636941]]}},{"type":"Feature","properties":{"shape_id":"{}","direction_id":"{\"1\": 50}","headsign":"{}","duration_avg":120,"n_vehicles":50,"d":1200,"route_I_counts":"{\"3\": 50}","source":53,"target":52,"layer":"L","from":"成都衣冠庙(地铁站)","to":"成都高升桥(地铁站)"},"geometry":{"type":"LineString","coordinates":[[104.049668,30.636941],[104.040094,30.642517]]}},{"type":"Feature","properties":{"shape_id":"{}","direction_id":"{\"0\": 50}","headsign":"{}","duration_avg":120,"n_vehicles":50,"d":1200,"route_I_counts":"{\"3\": 50}","source":53,"target":54,"layer":"L","from":"成都衣冠庙(地铁站)","to":"成都省体育馆(地铁站)"},"geometry":{"type":"LineString","coordinates":[[104.049668,30.636941],[104.063171,30.635964]]}},{"type":"Feature","properties":{"shape_id":"{}","direction_id":"{\"1\": 50}","headsign":"{}","duration_avg":120,"n_vehicles":50,"d":1200,"route_I_counts":"{\"3\": 50}","source":54,"target":53,"layer":"L","from":"成都省体育馆(地铁站)","to":"成都衣冠庙(地铁站)"},"geometry":{"type":"LineString","coordinates":[[104.063171,30.635964],[104.049668,30.636941]]}},{"type":"Feature","properties":{"shape_id":"{}","direction_id":"{\"0\": 50}","headsign":"{}","duration_avg":180,"n_vehicles":50,"d":1800,"route_I_counts":"{\"3\": 50}","source":54,"target":55,"layer":"L","from":"成都省体育馆(地铁站)","to":"成都磨子桥(地铁站)"},"geometry":{"type":"LineString","coordinates":[[104.063171,30.635964],[104.073411,30.639839]]}},{"type":"Feature","properties":{"shape_id":"{}","direction_id":"{\"1\": 50}","headsign":"{}","duration_avg":180,"n_vehicles":50,"d":1800,"route_I_counts":"{\"3\": 50}","source":55,"target":54,"layer":"L","from":"成都磨子桥(地铁站)","to":"成都省体育馆(地铁站)"},"geometry":{"type":"LineString","coordinates":[[104.073411,30.639839],[104.063171,30.635964]]}},{"type":"Feature","properties":{"shape_id":"{}","direction_id":"{\"0\": 50}","headsign":"{}","duration_avg":60,"n_vehicles":50,"d":600,"route_I_counts":"{\"3\": 50}","source":55,"target":56,"layer":"L","from":"成都磨子桥(地铁站)","to":"成都新南门(地铁站)"},"geometry":{"type":"LineString","coordinates":[[104.073411,30.639839],[104.072639,30.646777]]}},{"type":"Feature","properties":{"shape_id":"{}","direction_id":"{\"1\": 50}","headsign":"{}","duration_avg":60,"n_vehicles":50,"d":600,"route_I_counts":"{\"3\": 50}","source":56,"target":55,"layer":"L","from":"成都新南门(地铁站)","to":"成都磨子桥(地铁站)"},"geometry":{"type":"LineString","coordinates":[[104.072639,30.646777],[104.073411,30.639839]]}},{"type":"Feature","properties":{"shape_id":"{}","direction_id":"{\"0\": 50}","headsign":"{}","duration_avg":180,"n_vehicles":50,"d":1800,"route_I_counts":"{\"3\": 50}","source":56,"target":16,"layer":"L","from":"成都新南门(地铁站)","to":"成都春熙路(地铁站)"},"geometry":{"type":"LineString","coordinates":[[104.072639,30.646777],[104.077491,30.655796]]}},{"type":"Feature","properties":{"shape_id":"{}","direction_id":"{\"1\": 50}","headsign":"{}","duration_avg":180,"n_vehicles":50,"d":1800,"route_I_counts":"{\"3\": 50}","source":16,"target":56,"layer":"L","from":"成都春熙路(地铁站)","to":"成都新南门(地铁站)"},"geometry":{"type":"LineString","coordinates":[[104.077491,30.655796],[104.072639,30.646777]]}},{"type":"Feature","properties":{"shape_id":"{}","direction_id":"{\"0\": 50}","headsign":"{}","duration_avg":120,"n_vehicles":50,"d":1200,"route_I_counts":"{\"3\": 50}","source":16,"target":57,"layer":"L","from":"成都春熙路(地铁站)","to":"成都市二医院(地铁站)"},"geometry":{"type":"LineString","coordinates":[[104.077491,30.655796],[104.081375,30.663216]]}},{"type":"Feature","properties":{"shape_id":"{}","direction_id":"{\"1\": 50}","headsign":"{}","duration_avg":120,"n_vehicles":50,"d":1200,"route_I_counts":"{\"3\": 50}","source":57,"target":16,"layer":"L","from":"成都市二医院(地铁站)","to":"成都春熙路(地铁站)"},"geometry":{"type":"LineString","coordinates":[[104.081375,30.663216],[104.077491,30.655796]]}},{"type":"Feature","properties":{"shape_id":"{}","direction_id":"{\"0\": 50}","headsign":"{}","duration_avg":120,"n_vehicles":50,"d":1200,"route_I_counts":"{\"3\": 50}","source":57,"target":58,"layer":"L","from":"成都市二医院(地铁站)","to":"成都红星桥(地铁站)"},"geometry":{"type":"LineString","coordinates":[[104.081375,30.663216],[104.087987,30.673602]]}},{"type":"Feature","properties":{"shape_id":"{}","direction_id":"{\"1\": 50}","headsign":"{}","duration_avg":120,"n_vehicles":50,"d":1200,"route_I_counts":"{\"3\": 50}","source":58,"target":57,"layer":"L","from":"成都红星桥(地铁站)","to":"成都市二医院(地铁站)"},"geometry":{"type":"LineString","coordinates":[[104.087987,30.673602],[104.081375,30.663216]]}},{"type":"Feature","properties":{"shape_id":"{}","direction_id":"{\"0\": 50}","headsign":"{}","duration_avg":120,"n_vehicles":50,"d":1200,"route_I_counts":"{\"3\": 50}","source":58,"target":59,"layer":"L","from":"成都红星桥(地铁站)","to":"成都前锋路(地铁站)"},"geometry":{"type":"LineString","coordinates":[[104.087987,30.673602],[104.089584,30.681426]]}},{"type":"Feature","properties":{"shape_id":"{}","direction_id":"{\"1\": 50}","headsign":"{}","duration_avg":120,"n_vehicles":50,"d":1200,"route_I_counts":"{\"3\": 50}","source":59,"target":58,"layer":"L","from":"成都前锋路(地铁站)","to":"成都红星桥(地铁站)"},"geometry":{"type":"LineString","coordinates":[[104.089584,30.681426],[104.087987,30.673602]]}},{"type":"Feature","properties":{"shape_id":"{}","direction_id":"{\"0\": 50}","headsign":"{}","duration_avg":120,"n_vehicles":50,"d":1200,"route_I_counts":"{\"3\": 50}","source":59,"target":60,"layer":"L","from":"成都前锋路(地铁站)","to":"成都李家沱(地铁站)"},"geometry":{"type":"LineString","coordinates":[[104.089584,30.681426],[104.091986,30.691776]]}},{"type":"Feature","properties":{"shape_id":"{}","direction_id":"{\"1\": 50}","headsign":"{}","duration_avg":120,"n_vehicles":50,"d":1200,"route_I_counts":"{\"3\": 50}","source":60,"target":59,"layer":"L","from":"成都李家沱(地铁站)","to":"成都前锋路(地铁站)"},"geometry":{"type":"LineString","coordinates":[[104.091986,30.691776],[104.089584,30.681426]]}},{"type":"Feature","properties":{"shape_id":"{}","direction_id":"{\"0\": 50}","headsign":"{}","duration_avg":120,"n_vehicles":50,"d":1200,"route_I_counts":"{\"3\": 50}","source":60,"target":61,"layer":"L","from":"成都李家沱(地铁站)","to":"成都驷马桥(地铁站)"},"geometry":{"type":"LineString","coordinates":[[104.091986,30.691776],[104.090787,30.697883]]}},{"type":"Feature","properties":{"shape_id":"{}","direction_id":"{\"1\": 50}","headsign":"{}","duration_avg":120,"n_vehicles":50,"d":1200,"route_I_counts":"{\"3\": 50}","source":61,"target":60,"layer":"L","from":"成都驷马桥(地铁站)","to":"成都李家沱(地铁站)"},"geometry":{"type":"LineString","coordinates":[[104.090787,30.697883],[104.091986,30.691776]]}},{"type":"Feature","properties":{"shape_id":"{}","direction_id":"{\"0\": 50}","headsign":"{}","duration_avg":120,"n_vehicles":50,"d":1200,"route_I_counts":"{\"3\": 50}","source":61,"target":62,"layer":"L","from":"成都驷马桥(地铁站)","to":"成都昭觉寺南路(地铁站)"},"geometry":{"type":"LineString","coordinates":[[104.090787,30.697883],[104.094278,30.7053]]}},{"type":"Feature","properties":{"shape_id":"{}","direction_id":"{\"1\": 50}","headsign":"{}","duration_avg":120,"n_vehicles":50,"d":1200,"route_I_counts":"{\"3\": 50}","source":62,"target":61,"layer":"L","from":"成都昭觉寺南路(地铁站)","to":"成都驷马桥(地铁站)"},"geometry":{"type":"LineString","coordinates":[[104.094278,30.7053],[104.090787,30.697883]]}},{"type":"Feature","properties":{"shape_id":"{}","direction_id":"{\"0\": 50}","headsign":"{}","duration_avg":120,"n_vehicles":50,"d":1200,"route_I_counts":"{\"3\": 50}","source":62,"target":63,"layer":"L","from":"成都昭觉寺南路(地铁站)","to":"成都动物园(地铁站)"},"geometry":{"type":"LineString","coordinates":[[104.094278,30.7053],[104.100596,30.716022]]}},{"type":"Feature","properties":{"shape_id":"{}","direction_id":"{\"1\": 50}","headsign":"{}","duration_avg":120,"n_vehicles":50,"d":1200,"route_I_counts":"{\"3\": 50}","source":63,"target":62,"layer":"L","from":"成都动物园(地铁站)","to":"成都昭觉寺南路(地铁站)"},"geometry":{"type":"LineString","coordinates":[[104.100596,30.716022],[104.094278,30.7053]]}},{"type":"Feature","properties":{"shape_id":"{}","direction_id":"{\"0\": 50}","headsign":"{}","duration_avg":120,"n_vehicles":50,"d":1200,"route_I_counts":"{\"3\": 50}","source":63,"target":64,"layer":"L","from":"成都动物园(地铁站)","to":"成都熊猫大道(熊猫基地南大门)(地铁站)"},"geometry":{"type":"LineString","coordinates":[[104.100596,30.716022],[104.105457,30.727815]]}},{"type":"Feature","properties":{"shape_id":"{}","direction_id":"{\"1\": 50}","headsign":"{}","duration_avg":120,"n_vehicles":50,"d":1200,"route_I_counts":"{\"3\": 50}","source":64,"target":63,"layer":"L","from":"成都熊猫大道(熊猫基地南大门)(地铁站)","to":"成都动物园(地铁站)"},"geometry":{"type":"LineString","coordinates":[[104.105457,30.727815],[104.100596,30.716022]]}},{"type":"Feature","properties":{"shape_id":"{}","direction_id":"{\"0\": 50}","headsign":"{}","duration_avg":180,"n_vehicles":50,"d":1800,"route_I_counts":"{\"3\": 50}","source":64,"target":65,"layer":"L","from":"成都熊猫大道(熊猫基地南大门)(地铁站)","to":"成都军区总医院(熊猫基地西大门)(地铁站)"},"geometry":{"type":"LineString","coordinates":[[104.105457,30.727815],[104.111624,30.74711]]}},{"type":"Feature","properties":{"shape_id":"{}","direction_id":"{\"1\": 50}","headsign":"{}","duration_avg":180,"n_vehicles":50,"d":1800,"route_I_counts":"{\"3\": 50}","source":65,"target":64,"layer":"L","from":"成都军区总医院(熊猫基地西大门)(地铁站)","to":"成都熊猫大道(熊猫基地南大门)(地铁站)"},"geometry":{"type":"LineString","coordinates":[[104.111624,30.74711],[104.105457,30.727815]]}},{"type":"Feature","properties":{"shape_id":"{}","direction_id":"{\"0\": 50}","headsign":"{}","duration_avg":180,"n_vehicles":50,"d":1800,"route_I_counts":"{\"3\": 50}","source":65,"target":66,"layer":"L","from":"成都军区总医院(熊猫基地西大门)(地铁站)","to":"成都植物园(地铁站)"},"geometry":{"type":"LineString","coordinates":[[104.111624,30.74711],[104.118761,30.765715]]}},{"type":"Feature","properties":{"shape_id":"{}","direction_id":"{\"1\": 50}","headsign":"{}","duration_avg":180,"n_vehicles":50,"d":1800,"route_I_counts":"{\"3\": 50}","source":66,"target":65,"layer":"L","from":"成都植物园(地铁站)","to":"成都军区总医院(熊猫基地西大门)(地铁站)"},"geometry":{"type":"LineString","coordinates":[[104.118761,30.765715],[104.111624,30.74711]]}},{"type":"Feature","properties":{"shape_id":"{}","direction_id":"{\"0\": 50}","headsign":"{}","duration_avg":120,"n_vehicles":50,"d":1200,"route_I_counts":"{\"3\": 50}","source":66,"target":67,"layer":"L","from":"成都植物园(地铁站)","to":"成都金华寺东路(地铁站)"},"geometry":{"type":"LineString","coordinates":[[104.118761,30.765715],[104.122912,30.772766]]}},{"type":"Feature","properties":{"shape_id":"{}","direction_id":"{\"1\": 50}","headsign":"{}","duration_avg":120,"n_vehicles":50,"d":1200,"route_I_counts":"{\"3\": 50}","source":67,"target":66,"layer":"L","from":"成都金华寺东路(地铁站)","to":"成都植物园(地铁站)"},"geometry":{"type":"LineString","coordinates":[[104.122912,30.772766],[104.118761,30.765715]]}},{"type":"Feature","properties":{"shape_id":"{}","direction_id":"{\"0\": 50}","headsign":"{}","duration_avg":120,"n_vehicles":50,"d":1200,"route_I_counts":"{\"3\": 50}","source":67,"target":68,"layer":"L","from":"成都金华寺东路(地铁站)","to":"成都三河场(地铁站)"},"geometry":{"type":"LineString","coordinates":[[104.122912,30.772766],[104.13639,30.787058]]}},{"type":"Feature","properties":{"shape_id":"{}","direction_id":"{\"1\": 50}","headsign":"{}","duration_avg":120,"n_vehicles":50,"d":1200,"route_I_counts":"{\"3\": 50}","source":68,"target":67,"layer":"L","from":"成都三河场(地铁站)","to":"成都金华寺东路(地铁站)"},"geometry":{"type":"LineString","coordinates":[[104.13639,30.787058],[104.122912,30.772766]]}},{"type":"Feature","properties":{"shape_id":"{}","direction_id":"{\"0\": 50}","headsign":"{}","duration_avg":180,"n_vehicles":50,"d":1800,"route_I_counts":"{\"3\": 50}","source":68,"target":69,"layer":"L","from":"成都三河场(地铁站)","to":"成都锦水河(地铁站)"},"geometry":{"type":"LineString","coordinates":[[104.13639,30.787058],[104.150812,30.799838]]}},{"type":"Feature","properties":{"shape_id":"{}","direction_id":"{\"1\": 50}","headsign":"{}","duration_avg":180,"n_vehicles":50,"d":1800,"route_I_counts":"{\"3\": 50}","source":69,"target":68,"layer":"L","from":"成都锦水河(地铁站)","to":"成都三河场(地铁站)"},"geometry":{"type":"LineString","coordinates":[[104.150812,30.799838],[104.13639,30.787058]]}},{"type":"Feature","properties":{"shape_id":"{}","direction_id":"{\"0\": 50}","headsign":"{}","duration_avg":120,"n_vehicles":50,"d":1200,"route_I_counts":"{\"3\": 50}","source":69,"target":70,"layer":"L","from":"成都锦水河(地铁站)","to":"成都团结新区(地铁站)"},"geometry":{"type":"LineString","coordinates":[[104.150812,30.799838],[104.156281,30.806778]]}},{"type":"Feature","properties":{"shape_id":"{}","direction_id":"{\"1\": 50}","headsign":"{}","duration_avg":120,"n_vehicles":50,"d":1200,"route_I_counts":"{\"3\": 50}","source":70,"target":69,"layer":"L","from":"成都团结新区(地铁站)","to":"成都锦水河(地铁站)"},"geometry":{"type":"LineString","coordinates":[[104.156281,30.806778],[104.150812,30.799838]]}},{"type":"Feature","properties":{"shape_id":"{}","direction_id":"{\"0\": 50}","headsign":"{}","duration_avg":120,"n_vehicles":50,"d":1200,"route_I_counts":"{\"3\": 50}","source":70,"target":71,"layer":"L","from":"成都团结新区(地铁站)","to":"成都马超西路(地铁站)"},"geometry":{"type":"LineString","coordinates":[[104.156281,30.806778],[104.162237,30.815542]]}},{"type":"Feature","properties":{"shape_id":"{}","direction_id":"{\"1\": 50}","headsign":"{}","duration_avg":120,"n_vehicles":50,"d":1200,"route_I_counts":"{\"3\": 50}","source":71,"target":70,"layer":"L","from":"成都马超西路(地铁站)","to":"成都团结新区(地铁站)"},"geometry":{"type":"LineString","coordinates":[[104.162237,30.815542],[104.156281,30.806778]]}},{"type":"Feature","properties":{"shape_id":"{}","direction_id":"{\"0\": 50}","headsign":"{}","duration_avg":120,"n_vehicles":50,"d":1200,"route_I_counts":"{\"3\": 50}","source":71,"target":72,"layer":"L","from":"成都马超西路(地铁站)","to":"成都钟楼(地铁站)"},"geometry":{"type":"LineString","coordinates":[[104.162237,30.815542],[104.172856,30.823376]]}},{"type":"Feature","properties":{"shape_id":"{}","direction_id":"{\"1\": 50}","headsign":"{}","duration_avg":120,"n_vehicles":50,"d":1200,"route_I_counts":"{\"3\": 50}","source":72,"target":71,"layer":"L","from":"成都钟楼(地铁站)","to":"成都马超西路(地铁站)"},"geometry":{"type":"LineString","coordinates":[[104.172856,30.823376],[104.162237,30.815542]]}},{"type":"Feature","properties":{"shape_id":"{}","direction_id":"{\"0\": 50}","headsign":"{}","duration_avg":120,"n_vehicles":50,"d":1200,"route_I_counts":"{\"3\": 50}","source":72,"target":73,"layer":"L","from":"成都钟楼(地铁站)","to":"成都石油大学(地铁站)"},"geometry":{"type":"LineString","coordinates":[[104.172856,30.823376],[104.184163,30.821188]]}},{"type":"Feature","properties":{"shape_id":"{}","direction_id":"{\"1\": 50}","headsign":"{}","duration_avg":120,"n_vehicles":50,"d":1200,"route_I_counts":"{\"3\": 50}","source":73,"target":72,"layer":"L","from":"成都石油大学(地铁站)","to":"成都钟楼(地铁站)"},"geometry":{"type":"LineString","coordinates":[[104.184163,30.821188],[104.172856,30.823376]]}},{"type":"Feature","properties":{"shape_id":"{}","direction_id":"{\"0\": 50}","headsign":"{}","duration_avg":120,"n_vehicles":50,"d":1200,"route_I_counts":"{\"3\": 50}","source":73,"target":74,"layer":"L","from":"成都石油大学(地铁站)","to":"成都成都医学院(新都校区)(地铁站)"},"geometry":{"type":"LineString","coordinates":[[104.184163,30.821188],[104.192259,30.819363]]}},{"type":"Feature","properties":{"shape_id":"{}","direction_id":"{\"1\": 50}","headsign":"{}","duration_avg":120,"n_vehicles":50,"d":1200,"route_I_counts":"{\"3\": 50}","source":74,"target":73,"layer":"L","from":"成都成都医学院(新都校区)(地铁站)","to":"成都石油大学(地铁站)"},"geometry":{"type":"LineString","coordinates":[[104.192259,30.819363],[104.184163,30.821188]]}},{"type":"Feature","properties":{"shape_id":"{}","direction_id":"{\"0\": 50}","headsign":"{}","duration_avg":180,"n_vehicles":50,"d":1800,"route_I_counts":"{\"4\": 50}","source":75,"target":76,"layer":"L","from":"成都西河(地铁站)","to":"成都明蜀王陵(地铁站)"},"geometry":{"type":"LineString","coordinates":[[104.217916,30.649845],[104.193933,30.650714]]}},{"type":"Feature","properties":{"shape_id":"{}","direction_id":"{\"1\": 50}","headsign":"{}","duration_avg":180,"n_vehicles":50,"d":1800,"route_I_counts":"{\"4\": 50}","source":76,"target":75,"layer":"L","from":"成都明蜀王陵(地铁站)","to":"成都西河(地铁站)"},"geometry":{"type":"LineString","coordinates":[[104.193933,30.650714],[104.217916,30.649845]]}},{"type":"Feature","properties":{"shape_id":"{}","direction_id":"{\"0\": 50}","headsign":"{}","duration_avg":180,"n_vehicles":50,"d":1800,"route_I_counts":"{\"4\": 50}","source":76,"target":77,"layer":"L","from":"成都明蜀王陵(地铁站)","to":"成都成都大学(地铁站)"},"geometry":{"type":"LineString","coordinates":[[104.193933,30.650714],[104.178744,30.6492]]}},{"type":"Feature","properties":{"shape_id":"{}","direction_id":"{\"1\": 50}","headsign":"{}","duration_avg":180,"n_vehicles":50,"d":1800,"route_I_counts":"{\"4\": 50}","source":77,"target":76,"layer":"L","from":"成都成都大学(地铁站)","to":"成都明蜀王陵(地铁站)"},"geometry":{"type":"LineString","coordinates":[[104.178744,30.6492],[104.193933,30.650714]]}},{"type":"Feature","properties":{"shape_id":"{}","direction_id":"{\"0\": 50}","headsign":"{}","duration_avg":120,"n_vehicles":50,"d":1200,"route_I_counts":"{\"4\": 50}","source":77,"target":78,"layer":"L","from":"成都成都大学(地铁站)","to":"成都十陵(地铁站)"},"geometry":{"type":"LineString","coordinates":[[104.178744,30.6492],[104.169983,30.648322]]}},{"type":"Feature","properties":{"shape_id":"{}","direction_id":"{\"1\": 50}","headsign":"{}","duration_avg":120,"n_vehicles":50,"d":1200,"route_I_counts":"{\"4\": 50}","source":78,"target":77,"layer":"L","from":"成都十陵(地铁站)","to":"成都成都大学(地铁站)"},"geometry":{"type":"LineString","coordinates":[[104.169983,30.648322],[104.178744,30.6492]]}},{"type":"Feature","properties":{"shape_id":"{}","direction_id":"{\"0\": 50}","headsign":"{}","duration_avg":120,"n_vehicles":50,"d":1200,"route_I_counts":"{\"4\": 50}","source":78,"target":79,"layer":"L","from":"成都十陵(地铁站)","to":"成都来龙(地铁站)"},"geometry":{"type":"LineString","coordinates":[[104.169983,30.648322],[104.162005,30.649338]]}},{"type":"Feature","properties":{"shape_id":"{}","direction_id":"{\"1\": 50}","headsign":"{}","duration_avg":120,"n_vehicles":50,"d":1200,"route_I_counts":"{\"4\": 50}","source":79,"target":78,"layer":"L","from":"成都来龙(地铁站)","to":"成都十陵(地铁站)"},"geometry":{"type":"LineString","coordinates":[[104.162005,30.649338],[104.169983,30.648322]]}},{"type":"Feature","properties":{"shape_id":"{}","direction_id":"{\"0\": 50}","headsign":"{}","duration_avg":180,"n_vehicles":50,"d":1800,"route_I_counts":"{\"4\": 50}","source":79,"target":80,"layer":"L","from":"成都来龙(地铁站)","to":"成都槐树店(地铁站)"},"geometry":{"type":"LineString","coordinates":[[104.162005,30.649338],[104.136796,30.651313]]}},{"type":"Feature","properties":{"shape_id":"{}","direction_id":"{\"1\": 50}","headsign":"{}","duration_avg":180,"n_vehicles":50,"d":1800,"route_I_counts":"{\"4\": 50}","source":80,"target":79,"layer":"L","from":"成都槐树店(地铁站)","to":"成都来龙(地铁站)"},"geometry":{"type":"LineString","coordinates":[[104.136796,30.651313],[104.162005,30.649338]]}},{"type":"Feature","properties":{"shape_id":"{}","direction_id":"{\"0\": 50}","headsign":"{}","duration_avg":180,"n_vehicles":50,"d":1800,"route_I_counts":"{\"4\": 50}","source":80,"target":81,"layer":"L","from":"成都槐树店(地铁站)","to":"成都万年场(地铁站)"},"geometry":{"type":"LineString","coordinates":[[104.136796,30.651313],[104.116653,30.646643]]}},{"type":"Feature","properties":{"shape_id":"{}","direction_id":"{\"1\": 50}","headsign":"{}","duration_avg":180,"n_vehicles":50,"d":1800,"route_I_counts":"{\"4\": 50}","source":81,"target":80,"layer":"L","from":"成都万年场(地铁站)","to":"成都槐树店(地铁站)"},"geometry":{"type":"LineString","coordinates":[[104.116653,30.646643],[104.136796,30.651313]]}},{"type":"Feature","properties":{"shape_id":"{}","direction_id":"{\"0\": 50}","headsign":"{}","duration_avg":120,"n_vehicles":50,"d":1200,"route_I_counts":"{\"4\": 50}","source":81,"target":82,"layer":"L","from":"成都万年场(地铁站)","to":"成都双桥路(地铁站)"},"geometry":{"type":"LineString","coordinates":[[104.116653,30.646643],[104.110739,30.649382]]}},{"type":"Feature","properties":{"shape_id":"{}","direction_id":"{\"1\": 50}","headsign":"{}","duration_avg":120,"n_vehicles":50,"d":1200,"route_I_counts":"{\"4\": 50}","source":82,"target":81,"layer":"L","from":"成都双桥路(地铁站)","to":"成都万年场(地铁站)"},"geometry":{"type":"LineString","coordinates":[[104.110739,30.649382],[104.116653,30.646643]]}},{"type":"Feature","properties":{"shape_id":"{}","direction_id":"{\"0\": 50}","headsign":"{}","duration_avg":120,"n_vehicles":50,"d":1200,"route_I_counts":"{\"4\": 50}","source":82,"target":83,"layer":"L","from":"成都双桥路(地铁站)","to":"成都玉双路(地铁站)"},"geometry":{"type":"LineString","coordinates":[[104.110739,30.649382],[104.096773,30.655852]]}},{"type":"Feature","properties":{"shape_id":"{}","direction_id":"{\"1\": 50}","headsign":"{}","duration_avg":120,"n_vehicles":50,"d":1200,"route_I_counts":"{\"4\": 50}","source":83,"target":82,"layer":"L","from":"成都玉双路(地铁站)","to":"成都双桥路(地铁站)"},"geometry":{"type":"LineString","coordinates":[[104.096773,30.655852],[104.110739,30.649382]]}},{"type":"Feature","properties":{"shape_id":"{}","direction_id":"{\"0\": 50}","headsign":"{}","duration_avg":180,"n_vehicles":50,"d":1800,"route_I_counts":"{\"4\": 50}","source":83,"target":57,"layer":"L","from":"成都玉双路(地铁站)","to":"成都市二医院(地铁站)"},"geometry":{"type":"LineString","coordinates":[[104.096773,30.655852],[104.081375,30.663216]]}},{"type":"Feature","properties":{"shape_id":"{}","direction_id":"{\"1\": 50}","headsign":"{}","duration_avg":180,"n_vehicles":50,"d":1800,"route_I_counts":"{\"4\": 50}","source":57,"target":83,"layer":"L","from":"成都市二医院(地铁站)","to":"成都玉双路(地铁站)"},"geometry":{"type":"LineString","coordinates":[[104.081375,30.663216],[104.096773,30.655852]]}},{"type":"Feature","properties":{"shape_id":"{}","direction_id":"{\"0\": 50}","headsign":"{}","duration_avg":120,"n_vehicles":50,"d":1200,"route_I_counts":"{\"4\": 50}","source":57,"target":84,"layer":"L","from":"成都市二医院(地铁站)","to":"成都太升南路(地铁站)"},"geometry":{"type":"LineString","coordinates":[[104.081375,30.663216],[104.074053,30.667173]]}},{"type":"Feature","properties":{"shape_id":"{}","direction_id":"{\"1\": 50}","headsign":"{}","duration_avg":120,"n_vehicles":50,"d":1200,"route_I_counts":"{\"4\": 50}","source":84,"target":57,"layer":"L","from":"成都太升南路(地铁站)","to":"成都市二医院(地铁站)"},"geometry":{"type":"LineString","coordinates":[[104.074053,30.667173],[104.081375,30.663216]]}},{"type":"Feature","properties":{"shape_id":"{}","direction_id":"{\"0\": 50}","headsign":"{}","duration_avg":120,"n_vehicles":50,"d":1200,"route_I_counts":"{\"4\": 50}","source":84,"target":85,"layer":"L","from":"成都太升南路(地铁站)","to":"成都骡马市(地铁站)"},"geometry":{"type":"LineString","coordinates":[[104.074053,30.667173],[104.063754,30.669441]]}},{"type":"Feature","properties":{"shape_id":"{}","direction_id":"{\"1\": 50}","headsign":"{}","duration_avg":120,"n_vehicles":50,"d":1200,"route_I_counts":"{\"4\": 50}","source":85,"target":84,"layer":"L","from":"成都骡马市(地铁站)","to":"成都太升南路(地铁站)"},"geometry":{"type":"LineString","coordinates":[[104.063754,30.669441],[104.074053,30.667173]]}},{"type":"Feature","properties":{"shape_id":"{}","direction_id":"{\"0\": 50}","headsign":"{}","duration_avg":180,"n_vehicles":50,"d":1800,"route_I_counts":"{\"4\": 50}","source":85,"target":86,"layer":"L","from":"成都骡马市(地铁站)","to":"成都宽窄巷子(地铁站)"},"geometry":{"type":"LineString","coordinates":[[104.063754,30.669441],[104.048205,30.667825]]}},{"type":"Feature","properties":{"shape_id":"{}","direction_id":"{\"1\": 50}","headsign":"{}","duration_avg":180,"n_vehicles":50,"d":1800,"route_I_counts":"{\"4\": 50}","source":86,"target":85,"layer":"L","from":"成都宽窄巷子(地铁站)","to":"成都骡马市(地铁站)"},"geometry":{"type":"LineString","coordinates":[[104.048205,30.667825],[104.063754,30.669441]]}},{"type":"Feature","properties":{"shape_id":"{}","direction_id":"{\"0\": 50}","headsign":"{}","duration_avg":120,"n_vehicles":50,"d":1200,"route_I_counts":"{\"4\": 50}","source":86,"target":20,"layer":"L","from":"成都宽窄巷子(地铁站)","to":"成都中医大·省医院(地铁站)"},"geometry":{"type":"LineString","coordinates":[[104.048205,30.667825],[104.038166,30.668572]]}},{"type":"Feature","properties":{"shape_id":"{}","direction_id":"{\"1\": 50}","headsign":"{}","duration_avg":120,"n_vehicles":50,"d":1200,"route_I_counts":"{\"4\": 50}","source":20,"target":86,"layer":"L","from":"成都中医大·省医院(地铁站)","to":"成都宽窄巷子(地铁站)"},"geometry":{"type":"LineString","coordinates":[[104.038166,30.668572],[104.048205,30.667825]]}},{"type":"Feature","properties":{"shape_id":"{}","direction_id":"{\"0\": 50}","headsign":"{}","duration_avg":120,"n_vehicles":50,"d":1200,"route_I_counts":"{\"4\": 50}","source":20,"target":87,"layer":"L","from":"成都中医大·省医院(地铁站)","to":"成都草堂北路(地铁站)"},"geometry":{"type":"LineString","coordinates":[[104.038166,30.668572],[104.025777,30.671591]]}},{"type":"Feature","properties":{"shape_id":"{}","direction_id":"{\"1\": 50}","headsign":"{}","duration_avg":120,"n_vehicles":50,"d":1200,"route_I_counts":"{\"4\": 50}","source":87,"target":20,"layer":"L","from":"成都草堂北路(地铁站)","to":"成都中医大·省医院(地铁站)"},"geometry":{"type":"LineString","coordinates":[[104.025777,30.671591],[104.038166,30.668572]]}},{"type":"Feature","properties":{"shape_id":"{}","direction_id":"{\"0\": 50}","headsign":"{}","duration_avg":120,"n_vehicles":50,"d":1200,"route_I_counts":"{\"4\": 50}","source":87,"target":88,"layer":"L","from":"成都草堂北路(地铁站)","to":"成都西南财大(地铁站)"},"geometry":{"type":"LineString","coordinates":[[104.025777,30.671591],[104.017739,30.672989]]}},{"type":"Feature","properties":{"shape_id":"{}","direction_id":"{\"1\": 50}","headsign":"{}","duration_avg":120,"n_vehicles":50,"d":1200,"route_I_counts":"{\"4\": 50}","source":88,"target":87,"layer":"L","from":"成都西南财大(地铁站)","to":"成都草堂北路(地铁站)"},"geometry":{"type":"LineString","coordinates":[[104.017739,30.672989],[104.025777,30.671591]]}},{"type":"Feature","properties":{"shape_id":"{}","direction_id":"{\"0\": 50}","headsign":"{}","duration_avg":120,"n_vehicles":50,"d":1200,"route_I_counts":"{\"4\": 50}","source":88,"target":89,"layer":"L","from":"成都西南财大(地铁站)","to":"成都文化宫(地铁站)"},"geometry":{"type":"LineString","coordinates":[[104.017739,30.672989],[104.007072,30.674807]]}},{"type":"Feature","properties":{"shape_id":"{}","direction_id":"{\"1\": 50}","headsign":"{}","duration_avg":120,"n_vehicles":50,"d":1200,"route_I_counts":"{\"4\": 50}","source":89,"target":88,"layer":"L","from":"成都文化宫(地铁站)","to":"成都西南财大(地铁站)"},"geometry":{"type":"LineString","coordinates":[[104.007072,30.674807],[104.017739,30.672989]]}},{"type":"Feature","properties":{"shape_id":"{}","direction_id":"{\"0\": 50}","headsign":"{}","duration_avg":120,"n_vehicles":50,"d":1200,"route_I_counts":"{\"4\": 50}","source":89,"target":90,"layer":"L","from":"成都文化宫(地铁站)","to":"成都清江西路(地铁站)"},"geometry":{"type":"LineString","coordinates":[[104.007072,30.674807],[103.996287,30.679184]]}},{"type":"Feature","properties":{"shape_id":"{}","direction_id":"{\"1\": 50}","headsign":"{}","duration_avg":120,"n_vehicles":50,"d":1200,"route_I_counts":"{\"4\": 50}","source":90,"target":89,"layer":"L","from":"成都清江西路(地铁站)","to":"成都文化宫(地铁站)"},"geometry":{"type":"LineString","coordinates":[[103.996287,30.679184],[104.007072,30.674807]]}},{"type":"Feature","properties":{"shape_id":"{}","direction_id":"{\"0\": 50}","headsign":"{}","duration_avg":180,"n_vehicles":50,"d":1800,"route_I_counts":"{\"4\": 50}","source":90,"target":91,"layer":"L","from":"成都清江西路(地铁站)","to":"成都成都西站(地铁站)"},"geometry":{"type":"LineString","coordinates":[[103.996287,30.679184],[103.974371,30.686072]]}},{"type":"Feature","properties":{"shape_id":"{}","direction_id":"{\"1\": 50}","headsign":"{}","duration_avg":180,"n_vehicles":50,"d":1800,"route_I_counts":"{\"4\": 50}","source":91,"target":90,"layer":"L","from":"成都成都西站(地铁站)","to":"成都清江西路(地铁站)"},"geometry":{"type":"LineString","coordinates":[[103.974371,30.686072],[103.996287,30.679184]]}},{"type":"Feature","properties":{"shape_id":"{}","direction_id":"{\"0\": 50}","headsign":"{}","duration_avg":180,"n_vehicles":50,"d":1800,"route_I_counts":"{\"4\": 50}","source":91,"target":92,"layer":"L","from":"成都成都西站(地铁站)","to":"成都中坝(地铁站)"},"geometry":{"type":"LineString","coordinates":[[103.974371,30.686072],[103.961927,30.676171]]}},{"type":"Feature","properties":{"shape_id":"{}","direction_id":"{\"1\": 50}","headsign":"{}","duration_avg":180,"n_vehicles":50,"d":1800,"route_I_counts":"{\"4\": 50}","source":92,"target":91,"layer":"L","from":"成都中坝(地铁站)","to":"成都成都西站(地铁站)"},"geometry":{"type":"LineString","coordinates":[[103.961927,30.676171],[103.974371,30.686072]]}},{"type":"Feature","properties":{"shape_id":"{}","direction_id":"{\"0\": 50}","headsign":"{}","duration_avg":180,"n_vehicles":50,"d":1800,"route_I_counts":"{\"4\": 50}","source":92,"target":93,"layer":"L","from":"成都中坝(地铁站)","to":"成都蔡桥(地铁站)"},"geometry":{"type":"LineString","coordinates":[[103.961927,30.676171],[103.942958,30.672199]]}},{"type":"Feature","properties":{"shape_id":"{}","direction_id":"{\"1\": 50}","headsign":"{}","duration_avg":180,"n_vehicles":50,"d":1800,"route_I_counts":"{\"4\": 50}","source":93,"target":92,"layer":"L","from":"成都蔡桥(地铁站)","to":"成都中坝(地铁站)"},"geometry":{"type":"LineString","coordinates":[[103.942958,30.672199],[103.961927,30.676171]]}},{"type":"Feature","properties":{"shape_id":"{}","direction_id":"{\"0\": 50}","headsign":"{}","duration_avg":180,"n_vehicles":50,"d":1800,"route_I_counts":"{\"4\": 50}","source":93,"target":94,"layer":"L","from":"成都蔡桥(地铁站)","to":"成都非遗博览园(地铁站)"},"geometry":{"type":"LineString","coordinates":[[103.942958,30.672199],[103.92039,30.676841]]}},{"type":"Feature","properties":{"shape_id":"{}","direction_id":"{\"1\": 50}","headsign":"{}","duration_avg":180,"n_vehicles":50,"d":1800,"route_I_counts":"{\"4\": 50}","source":94,"target":93,"layer":"L","from":"成都非遗博览园(地铁站)","to":"成都蔡桥(地铁站)"},"geometry":{"type":"LineString","coordinates":[[103.92039,30.676841],[103.942958,30.672199]]}},{"type":"Feature","properties":{"shape_id":"{}","direction_id":"{\"0\": 50}","headsign":"{}","duration_avg":120,"n_vehicles":50,"d":1200,"route_I_counts":"{\"4\": 50}","source":94,"target":95,"layer":"L","from":"成都非遗博览园(地铁站)","to":"成都马厂坝(地铁站)"},"geometry":{"type":"LineString","coordinates":[[103.92039,30.676841],[103.911721,30.680182]]}},{"type":"Feature","properties":{"shape_id":"{}","direction_id":"{\"1\": 50}","headsign":"{}","duration_avg":120,"n_vehicles":50,"d":1200,"route_I_counts":"{\"4\": 50}","source":95,"target":94,"layer":"L","from":"成都马厂坝(地铁站)","to":"成都非遗博览园(地铁站)"},"geometry":{"type":"LineString","coordinates":[[103.911721,30.680182],[103.92039,30.676841]]}},{"type":"Feature","properties":{"shape_id":"{}","direction_id":"{\"0\": 50}","headsign":"{}","duration_avg":180,"n_vehicles":50,"d":1800,"route_I_counts":"{\"4\": 50}","source":95,"target":96,"layer":"L","from":"成都马厂坝(地铁站)","to":"成都凤凰大街(地铁站)"},"geometry":{"type":"LineString","coordinates":[[103.911721,30.680182],[103.887436,30.679703]]}},{"type":"Feature","properties":{"shape_id":"{}","direction_id":"{\"1\": 50}","headsign":"{}","duration_avg":180,"n_vehicles":50,"d":1800,"route_I_counts":"{\"4\": 50}","source":96,"target":95,"layer":"L","from":"成都凤凰大街(地铁站)","to":"成都马厂坝(地铁站)"},"geometry":{"type":"LineString","coordinates":[[103.887436,30.679703],[103.911721,30.680182]]}},{"type":"Feature","properties":{"shape_id":"{}","direction_id":"{\"0\": 50}","headsign":"{}","duration_avg":120,"n_vehicles":50,"d":1200,"route_I_counts":"{\"4\": 50}","source":96,"target":97,"layer":"L","from":"成都凤凰大街(地铁站)","to":"成都涌泉(地铁站)"},"geometry":{"type":"LineString","coordinates":[[103.887436,30.679703],[103.870979,30.68115]]}},{"type":"Feature","properties":{"shape_id":"{}","direction_id":"{\"1\": 50}","headsign":"{}","duration_avg":120,"n_vehicles":50,"d":1200,"route_I_counts":"{\"4\": 50}","source":97,"target":96,"layer":"L","from":"成都涌泉(地铁站)","to":"成都凤凰大街(地铁站)"},"geometry":{"type":"LineString","coordinates":[[103.870979,30.68115],[103.887436,30.679703]]}},{"type":"Feature","properties":{"shape_id":"{}","direction_id":"{\"0\": 50}","headsign":"{}","duration_avg":180,"n_vehicles":50,"d":1800,"route_I_counts":"{\"4\": 50}","source":97,"target":98,"layer":"L","from":"成都涌泉(地铁站)","to":"成都光华公园(地铁站)"},"geometry":{"type":"LineString","coordinates":[[103.870979,30.68115],[103.858447,30.687042]]}},{"type":"Feature","properties":{"shape_id":"{}","direction_id":"{\"1\": 50}","headsign":"{}","duration_avg":180,"n_vehicles":50,"d":1800,"route_I_counts":"{\"4\": 50}","source":98,"target":97,"layer":"L","from":"成都光华公园(地铁站)","to":"成都涌泉(地铁站)"},"geometry":{"type":"LineString","coordinates":[[103.858447,30.687042],[103.870979,30.68115]]}},{"type":"Feature","properties":{"shape_id":"{}","direction_id":"{\"0\": 50}","headsign":"{}","duration_avg":120,"n_vehicles":50,"d":1200,"route_I_counts":"{\"4\": 50}","source":98,"target":99,"layer":"L","from":"成都光华公园(地铁站)","to":"成都南熏大道(地铁站)"},"geometry":{"type":"LineString","coordinates":[[103.858447,30.687042],[103.849659,30.69228]]}},{"type":"Feature","properties":{"shape_id":"{}","direction_id":"{\"1\": 50}","headsign":"{}","duration_avg":120,"n_vehicles":50,"d":1200,"route_I_counts":"{\"4\": 50}","source":99,"target":98,"layer":"L","from":"成都南熏大道(地铁站)","to":"成都光华公园(地铁站)"},"geometry":{"type":"LineString","coordinates":[[103.849659,30.69228],[103.858447,30.687042]]}},{"type":"Feature","properties":{"shape_id":"{}","direction_id":"{\"0\": 50}","headsign":"{}","duration_avg":120,"n_vehicles":50,"d":1200,"route_I_counts":"{\"4\": 50}","source":99,"target":100,"layer":"L","from":"成都南熏大道(地铁站)","to":"成都凤溪河(地铁站)"},"geometry":{"type":"LineString","coordinates":[[103.849659,30.69228],[103.840906,30.688805]]}},{"type":"Feature","properties":{"shape_id":"{}","direction_id":"{\"1\": 50}","headsign":"{}","duration_avg":120,"n_vehicles":50,"d":1200,"route_I_counts":"{\"4\": 50}","source":100,"target":99,"layer":"L","from":"成都凤溪河(地铁站)","to":"成都南熏大道(地铁站)"},"geometry":{"type":"LineString","coordinates":[[103.840906,30.688805],[103.849659,30.69228]]}},{"type":"Feature","properties":{"shape_id":"{}","direction_id":"{\"0\": 50}","headsign":"{}","duration_avg":120,"n_vehicles":50,"d":1200,"route_I_counts":"{\"4\": 50}","source":100,"target":101,"layer":"L","from":"成都凤溪河(地铁站)","to":"成都杨柳河(地铁站)"},"geometry":{"type":"LineString","coordinates":[[103.840906,30.688805],[103.82894,30.683582]]}},{"type":"Feature","properties":{"shape_id":"{}","direction_id":"{\"1\": 50}","headsign":"{}","duration_avg":120,"n_vehicles":50,"d":1200,"route_I_counts":"{\"4\": 50}","source":101,"target":100,"layer":"L","from":"成都杨柳河(地铁站)","to":"成都凤溪河(地铁站)"},"geometry":{"type":"LineString","coordinates":[[103.82894,30.683582],[103.840906,30.688805]]}},{"type":"Feature","properties":{"shape_id":"{}","direction_id":"{\"0\": 50}","headsign":"{}","duration_avg":180,"n_vehicles":50,"d":1800,"route_I_counts":"{\"4\": 50}","source":101,"target":102,"layer":"L","from":"成都杨柳河(地铁站)","to":"成都万盛(地铁站)"},"geometry":{"type":"LineString","coordinates":[[103.82894,30.683582],[103.816703,30.678013]]}},{"type":"Feature","properties":{"shape_id":"{}","direction_id":"{\"1\": 50}","headsign":"{}","duration_avg":180,"n_vehicles":50,"d":1800,"route_I_counts":"{\"4\": 50}","source":102,"target":101,"layer":"L","from":"成都万盛(地铁站)","to":"成都杨柳河(地铁站)"},"geometry":{"type":"LineString","coordinates":[[103.816703,30.678013],[103.82894,30.683582]]}},{"type":"Feature","properties":{"shape_id":"{}","direction_id":"{\"0\": 50}","headsign":"{}","duration_avg":120,"n_vehicles":50,"d":1200,"route_I_counts":"{\"5\": 50}","source":103,"target":104,"layer":"L","from":"成都华桂路(地铁站)","to":"成都柏水场(地铁站)"},"geometry":{"type":"LineString","coordinates":[[104.095765,30.827442],[104.091684,30.817827]]}},{"type":"Feature","properties":{"shape_id":"{}","direction_id":"{\"1\": 50}","headsign":"{}","duration_avg":120,"n_vehicles":50,"d":1200,"route_I_counts":"{\"5\": 50}","source":104,"target":103,"layer":"L","from":"成都柏水场(地铁站)","to":"成都华桂路(地铁站)"},"geometry":{"type":"LineString","coordinates":[[104.091684,30.817827],[104.095765,30.827442]]}},{"type":"Feature","properties":{"shape_id":"{}","direction_id":"{\"0\": 50}","headsign":"{}","duration_avg":120,"n_vehicles":50,"d":1200,"route_I_counts":"{\"5\": 50}","source":104,"target":105,"layer":"L","from":"成都柏水场(地铁站)","to":"成都廖家湾(地铁站)"},"geometry":{"type":"LineString","coordinates":[[104.091684,30.817827],[104.088414,30.810686]]}},{"type":"Feature","properties":{"shape_id":"{}","direction_id":"{\"1\": 50}","headsign":"{}","duration_avg":120,"n_vehicles":50,"d":1200,"route_I_counts":"{\"5\": 50}","source":105,"target":104,"layer":"L","from":"成都廖家湾(地铁站)","to":"成都柏水场(地铁站)"},"geometry":{"type":"LineString","coordinates":[[104.088414,30.810686],[104.091684,30.817827]]}},{"type":"Feature","properties":{"shape_id":"{}","direction_id":"{\"0\": 50}","headsign":"{}","duration_avg":180,"n_vehicles":50,"d":1800,"route_I_counts":"{\"5\": 50}","source":105,"target":106,"layer":"L","from":"成都廖家湾(地铁站)","to":"成都北部商贸城(地铁站)"},"geometry":{"type":"LineString","coordinates":[[104.088414,30.810686],[104.086417,30.793423]]}},{"type":"Feature","properties":{"shape_id":"{}","direction_id":"{\"1\": 50}","headsign":"{}","duration_avg":180,"n_vehicles":50,"d":1800,"route_I_counts":"{\"5\": 50}","source":106,"target":105,"layer":"L","from":"成都北部商贸城(地铁站)","to":"成都廖家湾(地铁站)"},"geometry":{"type":"LineString","coordinates":[[104.086417,30.793423],[104.088414,30.810686]]}},{"type":"Feature","properties":{"shape_id":"{}","direction_id":"{\"0\": 50}","headsign":"{}","duration_avg":180,"n_vehicles":50,"d":1800,"route_I_counts":"{\"5\": 50}","source":106,"target":107,"layer":"L","from":"成都北部商贸城(地铁站)","to":"成都幸福桥(地铁站)"},"geometry":{"type":"LineString","coordinates":[[104.086417,30.793423],[104.08572,30.779293]]}},{"type":"Feature","properties":{"shape_id":"{}","direction_id":"{\"1\": 50}","headsign":"{}","duration_avg":180,"n_vehicles":50,"d":1800,"route_I_counts":"{\"5\": 50}","source":107,"target":106,"layer":"L","from":"成都幸福桥(地铁站)","to":"成都北部商贸城(地铁站)"},"geometry":{"type":"LineString","coordinates":[[104.08572,30.779293],[104.086417,30.793423]]}},{"type":"Feature","properties":{"shape_id":"{}","direction_id":"{\"0\": 50}","headsign":"{}","duration_avg":120,"n_vehicles":50,"d":1200,"route_I_counts":"{\"5\": 50}","source":107,"target":108,"layer":"L","from":"成都幸福桥(地铁站)","to":"成都九道堰(凤凰山体育公园东)(地铁站)"},"geometry":{"type":"LineString","coordinates":[[104.08572,30.779293],[104.080358,30.773937]]}},{"type":"Feature","properties":{"shape_id":"{}","direction_id":"{\"1\": 50}","headsign":"{}","duration_avg":120,"n_vehicles":50,"d":1200,"route_I_counts":"{\"5\": 50}","source":108,"target":107,"layer":"L","from":"成都九道堰(凤凰山体育公园东)(地铁站)","to":"成都幸福桥(地铁站)"},"geometry":{"type":"LineString","coordinates":[[104.080358,30.773937],[104.08572,30.779293]]}},{"type":"Feature","properties":{"shape_id":"{}","direction_id":"{\"0\": 50}","headsign":"{}","duration_avg":60,"n_vehicles":50,"d":600,"route_I_counts":"{\"5\": 50}","source":108,"target":109,"layer":"L","from":"成都九道堰(凤凰山体育公园东)(地铁站)","to":"成都杜家碾(凤凰山体育公园西)(地铁站)"},"geometry":{"type":"LineString","coordinates":[[104.080358,30.773937],[104.07273,30.77394]]}},{"type":"Feature","properties":{"shape_id":"{}","direction_id":"{\"1\": 50}","headsign":"{}","duration_avg":60,"n_vehicles":50,"d":600,"route_I_counts":"{\"5\": 50}","source":109,"target":108,"layer":"L","from":"成都杜家碾(凤凰山体育公园西)(地铁站)","to":"成都九道堰(凤凰山体育公园东)(地铁站)"},"geometry":{"type":"LineString","coordinates":[[104.07273,30.77394],[104.080358,30.773937]]}},{"type":"Feature","properties":{"shape_id":"{}","direction_id":"{\"0\": 50}","headsign":"{}","duration_avg":120,"n_vehicles":50,"d":1200,"route_I_counts":"{\"5\": 50}","source":109,"target":110,"layer":"L","from":"成都杜家碾(凤凰山体育公园西)(地铁站)","to":"成都大丰(地铁站)"},"geometry":{"type":"LineString","coordinates":[[104.07273,30.77394],[104.062597,30.773982]]}},{"type":"Feature","properties":{"shape_id":"{}","direction_id":"{\"1\": 50}","headsign":"{}","duration_avg":120,"n_vehicles":50,"d":1200,"route_I_counts":"{\"5\": 50}","source":110,"target":109,"layer":"L","from":"成都大丰(地铁站)","to":"成都杜家碾(凤凰山体育公园西)(地铁站)"},"geometry":{"type":"LineString","coordinates":[[104.062597,30.773982],[104.07273,30.77394]]}},{"type":"Feature","properties":{"shape_id":"{}","direction_id":"{\"0\": 50}","headsign":"{}","duration_avg":180,"n_vehicles":50,"d":1800,"route_I_counts":"{\"5\": 50}","source":110,"target":111,"layer":"L","from":"成都大丰(地铁站)","to":"成都石犀公园(地铁站)"},"geometry":{"type":"LineString","coordinates":[[104.062597,30.773982],[104.057269,30.76266]]}},{"type":"Feature","properties":{"shape_id":"{}","direction_id":"{\"1\": 50}","headsign":"{}","duration_avg":180,"n_vehicles":50,"d":1800,"route_I_counts":"{\"5\": 50}","source":111,"target":110,"layer":"L","from":"成都石犀公园(地铁站)","to":"成都大丰(地铁站)"},"geometry":{"type":"LineString","coordinates":[[104.057269,30.76266],[104.062597,30.773982]]}},{"type":"Feature","properties":{"shape_id":"{}","direction_id":"{\"0\": 50}","headsign":"{}","duration_avg":120,"n_vehicles":50,"d":1200,"route_I_counts":"{\"5\": 50}","source":111,"target":112,"layer":"L","from":"成都石犀公园(地铁站)","to":"成都皇花园(地铁站)"},"geometry":{"type":"LineString","coordinates":[[104.057269,30.76266],[104.057221,30.754717]]}},{"type":"Feature","properties":{"shape_id":"{}","direction_id":"{\"1\": 50}","headsign":"{}","duration_avg":120,"n_vehicles":50,"d":1200,"route_I_counts":"{\"5\": 50}","source":112,"target":111,"layer":"L","from":"成都皇花园(地铁站)","to":"成都石犀公园(地铁站)"},"geometry":{"type":"LineString","coordinates":[[104.057221,30.754717],[104.057269,30.76266]]}},{"type":"Feature","properties":{"shape_id":"{}","direction_id":"{\"0\": 50}","headsign":"{}","duration_avg":120,"n_vehicles":50,"d":1200,"route_I_counts":"{\"5\": 50}","source":112,"target":113,"layer":"L","from":"成都皇花园(地铁站)","to":"成都陆家桥(地铁站)"},"geometry":{"type":"LineString","coordinates":[[104.057221,30.754717],[104.056574,30.744414]]}},{"type":"Feature","properties":{"shape_id":"{}","direction_id":"{\"1\": 50}","headsign":"{}","duration_avg":120,"n_vehicles":50,"d":1200,"route_I_counts":"{\"5\": 50}","source":113,"target":112,"layer":"L","from":"成都陆家桥(地铁站)","to":"成都皇花园(地铁站)"},"geometry":{"type":"LineString","coordinates":[[104.056574,30.744414],[104.057221,30.754717]]}},{"type":"Feature","properties":{"shape_id":"{}","direction_id":"{\"0\": 50}","headsign":"{}","duration_avg":120,"n_vehicles":50,"d":1200,"route_I_counts":"{\"5\": 50}","source":113,"target":114,"layer":"L","from":"成都陆家桥(地铁站)","to":"成都泉水路(地铁站)"},"geometry":{"type":"LineString","coordinates":[[104.056574,30.744414],[104.055879,30.732768]]}},{"type":"Feature","properties":{"shape_id":"{}","direction_id":"{\"1\": 50}","headsign":"{}","duration_avg":120,"n_vehicles":50,"d":1200,"route_I_counts":"{\"5\": 50}","source":114,"target":113,"layer":"L","from":"成都泉水路(地铁站)","to":"成都陆家桥(地铁站)"},"geometry":{"type":"LineString","coordinates":[[104.055879,30.732768],[104.056574,30.744414]]}},{"type":"Feature","properties":{"shape_id":"{}","direction_id":"{\"0\": 50}","headsign":"{}","duration_avg":120,"n_vehicles":50,"d":1200,"route_I_counts":"{\"5\": 50}","source":114,"target":115,"layer":"L","from":"成都泉水路(地铁站)","to":"成都洞子口(地铁站)"},"geometry":{"type":"LineString","coordinates":[[104.055879,30.732768],[104.055975,30.72393]]}},{"type":"Feature","properties":{"shape_id":"{}","direction_id":"{\"1\": 50}","headsign":"{}","duration_avg":120,"n_vehicles":50,"d":1200,"route_I_counts":"{\"5\": 50}","source":115,"target":114,"layer":"L","from":"成都洞子口(地铁站)","to":"成都泉水路(地铁站)"},"geometry":{"type":"LineString","coordinates":[[104.055975,30.72393],[104.055879,30.732768]]}},{"type":"Feature","properties":{"shape_id":"{}","direction_id":"{\"0\": 50}","headsign":"{}","duration_avg":120,"n_vehicles":50,"d":1200,"route_I_counts":"{\"5\": 50}","source":115,"target":116,"layer":"L","from":"成都洞子口(地铁站)","to":"成都福宁路(地铁站)"},"geometry":{"type":"LineString","coordinates":[[104.055975,30.72393],[104.057329,30.716941]]}},{"type":"Feature","properties":{"shape_id":"{}","direction_id":"{\"1\": 50}","headsign":"{}","duration_avg":120,"n_vehicles":50,"d":1200,"route_I_counts":"{\"5\": 50}","source":116,"target":115,"layer":"L","from":"成都福宁路(地铁站)","to":"成都洞子口(地铁站)"},"geometry":{"type":"LineString","coordinates":[[104.057329,30.716941],[104.055975,30.72393]]}},{"type":"Feature","properties":{"shape_id":"{}","direction_id":"{\"0\": 50}","headsign":"{}","duration_avg":120,"n_vehicles":50,"d":1200,"route_I_counts":"{\"5\": 50}","source":116,"target":117,"layer":"L","from":"成都福宁路(地铁站)","to":"成都五块石(地铁站)"},"geometry":{"type":"LineString","coordinates":[[104.057329,30.716941],[104.062047,30.70978]]}},{"type":"Feature","properties":{"shape_id":"{}","direction_id":"{\"1\": 50}","headsign":"{}","duration_avg":120,"n_vehicles":50,"d":1200,"route_I_counts":"{\"5\": 50}","source":117,"target":116,"layer":"L","from":"成都五块石(地铁站)","to":"成都福宁路(地铁站)"},"geometry":{"type":"LineString","coordinates":[[104.062047,30.70978],[104.057329,30.716941]]}},{"type":"Feature","properties":{"shape_id":"{}","direction_id":"{\"0\": 50}","headsign":"{}","duration_avg":120,"n_vehicles":50,"d":1200,"route_I_counts":"{\"5\": 50}","source":117,"target":118,"layer":"L","from":"成都五块石(地铁站)","to":"成都赛云台(地铁站)"},"geometry":{"type":"LineString","coordinates":[[104.062047,30.70978],[104.063993,30.703001]]}},{"type":"Feature","properties":{"shape_id":"{}","direction_id":"{\"1\": 50}","headsign":"{}","duration_avg":120,"n_vehicles":50,"d":1200,"route_I_counts":"{\"5\": 50}","source":118,"target":117,"layer":"L","from":"成都赛云台(地铁站)","to":"成都五块石(地铁站)"},"geometry":{"type":"LineString","coordinates":[[104.063993,30.703001],[104.062047,30.70978]]}},{"type":"Feature","properties":{"shape_id":"{}","direction_id":"{\"0\": 50}","headsign":"{}","duration_avg":120,"n_vehicles":50,"d":1200,"route_I_counts":"{\"5\": 50}","source":118,"target":119,"layer":"L","from":"成都赛云台(地铁站)","to":"成都北站西二路(地铁站)"},"geometry":{"type":"LineString","coordinates":[[104.063993,30.703001],[104.063643,30.696164]]}},{"type":"Feature","properties":{"shape_id":"{}","direction_id":"{\"1\": 50}","headsign":"{}","duration_avg":120,"n_vehicles":50,"d":1200,"route_I_counts":"{\"5\": 50}","source":119,"target":118,"layer":"L","from":"成都北站西二路(地铁站)","to":"成都赛云台(地铁站)"},"geometry":{"type":"LineString","coordinates":[[104.063643,30.696164],[104.063993,30.703001]]}},{"type":"Feature","properties":{"shape_id":"{}","direction_id":"{\"0\": 50}","headsign":"{}","duration_avg":180,"n_vehicles":50,"d":1800,"route_I_counts":"{\"5\": 50}","source":119,"target":120,"layer":"L","from":"成都北站西二路(地铁站)","to":"成都西北桥(地铁站)"},"geometry":{"type":"LineString","coordinates":[[104.063643,30.696164],[104.05566,30.688054]]}},{"type":"Feature","properties":{"shape_id":"{}","direction_id":"{\"1\": 50}","headsign":"{}","duration_avg":180,"n_vehicles":50,"d":1800,"route_I_counts":"{\"5\": 50}","source":120,"target":119,"layer":"L","from":"成都西北桥(地铁站)","to":"成都北站西二路(地铁站)"},"geometry":{"type":"LineString","coordinates":[[104.05566,30.688054],[104.063643,30.696164]]}},{"type":"Feature","properties":{"shape_id":"{}","direction_id":"{\"0\": 50}","headsign":"{}","duration_avg":120,"n_vehicles":50,"d":1200,"route_I_counts":"{\"5\": 50}","source":120,"target":121,"layer":"L","from":"成都西北桥(地铁站)","to":"成都花牌坊(地铁站)"},"geometry":{"type":"LineString","coordinates":[[104.05566,30.688054],[104.045373,30.685921]]}},{"type":"Feature","properties":{"shape_id":"{}","direction_id":"{\"1\": 50}","headsign":"{}","duration_avg":120,"n_vehicles":50,"d":1200,"route_I_counts":"{\"5\": 50}","source":121,"target":120,"layer":"L","from":"成都花牌坊(地铁站)","to":"成都西北桥(地铁站)"},"geometry":{"type":"LineString","coordinates":[[104.045373,30.685921],[104.05566,30.688054]]}},{"type":"Feature","properties":{"shape_id":"{}","direction_id":"{\"0\": 50}","headsign":"{}","duration_avg":120,"n_vehicles":50,"d":1200,"route_I_counts":"{\"5\": 50}","source":121,"target":122,"layer":"L","from":"成都花牌坊(地铁站)","to":"成都抚琴(地铁站)"},"geometry":{"type":"LineString","coordinates":[[104.045373,30.685921],[104.039654,30.679772]]}},{"type":"Feature","properties":{"shape_id":"{}","direction_id":"{\"1\": 50}","headsign":"{}","duration_avg":120,"n_vehicles":50,"d":1200,"route_I_counts":"{\"5\": 50}","source":122,"target":121,"layer":"L","from":"成都抚琴(地铁站)","to":"成都花牌坊(地铁站)"},"geometry":{"type":"LineString","coordinates":[[104.039654,30.679772],[104.045373,30.685921]]}},{"type":"Feature","properties":{"shape_id":"{}","direction_id":"{\"0\": 50}","headsign":"{}","duration_avg":120,"n_vehicles":50,"d":1200,"route_I_counts":"{\"5\": 50}","source":122,"target":20,"layer":"L","from":"成都抚琴(地铁站)","to":"成都中医大·省医院(地铁站)"},"geometry":{"type":"LineString","coordinates":[[104.039654,30.679772],[104.038166,30.668572]]}},{"type":"Feature","properties":{"shape_id":"{}","direction_id":"{\"1\": 50}","headsign":"{}","duration_avg":120,"n_vehicles":50,"d":1200,"route_I_counts":"{\"5\": 50}","source":20,"target":122,"layer":"L","from":"成都中医大·省医院(地铁站)","to":"成都抚琴(地铁站)"},"geometry":{"type":"LineString","coordinates":[[104.038166,30.668572],[104.039654,30.679772]]}},{"type":"Feature","properties":{"shape_id":"{}","direction_id":"{\"0\": 50}","headsign":"{}","duration_avg":120,"n_vehicles":50,"d":1200,"route_I_counts":"{\"5\": 50}","source":20,"target":123,"layer":"L","from":"成都中医大·省医院(地铁站)","to":"成都青羊宫(地铁站)"},"geometry":{"type":"LineString","coordinates":[[104.038166,30.668572],[104.038326,30.662477]]}},{"type":"Feature","properties":{"shape_id":"{}","direction_id":"{\"1\": 50}","headsign":"{}","duration_avg":120,"n_vehicles":50,"d":1200,"route_I_counts":"{\"5\": 50}","source":123,"target":20,"layer":"L","from":"成都青羊宫(地铁站)","to":"成都中医大·省医院(地铁站)"},"geometry":{"type":"LineString","coordinates":[[104.038326,30.662477],[104.038166,30.668572]]}},{"type":"Feature","properties":{"shape_id":"{}","direction_id":"{\"0\": 50}","headsign":"{}","duration_avg":120,"n_vehicles":50,"d":1200,"route_I_counts":"{\"5\": 50}","source":123,"target":124,"layer":"L","from":"成都青羊宫(地铁站)","to":"成都省骨科医院(地铁站)"},"geometry":{"type":"LineString","coordinates":[[104.038326,30.662477],[104.038527,30.654306]]}},{"type":"Feature","properties":{"shape_id":"{}","direction_id":"{\"1\": 50}","headsign":"{}","duration_avg":120,"n_vehicles":50,"d":1200,"route_I_counts":"{\"5\": 50}","source":124,"target":123,"layer":"L","from":"成都省骨科医院(地铁站)","to":"成都青羊宫(地铁站)"},"geometry":{"type":"LineString","coordinates":[[104.038527,30.654306],[104.038326,30.662477]]}},{"type":"Feature","properties":{"shape_id":"{}","direction_id":"{\"0\": 50}","headsign":"{}","duration_avg":180,"n_vehicles":50,"d":1800,"route_I_counts":"{\"5\": 50}","source":124,"target":52,"layer":"L","from":"成都省骨科医院(地铁站)","to":"成都高升桥(地铁站)"},"geometry":{"type":"LineString","coordinates":[[104.038527,30.654306],[104.040094,30.642517]]}},{"type":"Feature","properties":{"shape_id":"{}","direction_id":"{\"1\": 50}","headsign":"{}","duration_avg":180,"n_vehicles":50,"d":1800,"route_I_counts":"{\"5\": 50}","source":52,"target":124,"layer":"L","from":"成都高升桥(地铁站)","to":"成都省骨科医院(地铁站)"},"geometry":{"type":"LineString","coordinates":[[104.040094,30.642517],[104.038527,30.654306]]}},{"type":"Feature","properties":{"shape_id":"{}","direction_id":"{\"0\": 50}","headsign":"{}","duration_avg":120,"n_vehicles":50,"d":1200,"route_I_counts":"{\"5\": 50}","source":52,"target":125,"layer":"L","from":"成都高升桥(地铁站)","to":"成都科园(地铁站)"},"geometry":{"type":"LineString","coordinates":[[104.040094,30.642517],[104.035393,30.630533]]}},{"type":"Feature","properties":{"shape_id":"{}","direction_id":"{\"1\": 50}","headsign":"{}","duration_avg":120,"n_vehicles":50,"d":1200,"route_I_counts":"{\"5\": 50}","source":125,"target":52,"layer":"L","from":"成都科园(地铁站)","to":"成都高升桥(地铁站)"},"geometry":{"type":"LineString","coordinates":[[104.035393,30.630533],[104.040094,30.642517]]}},{"type":"Feature","properties":{"shape_id":"{}","direction_id":"{\"0\": 50}","headsign":"{}","duration_avg":120,"n_vehicles":50,"d":1200,"route_I_counts":"{\"5\": 50}","source":125,"target":126,"layer":"L","from":"成都科园(地铁站)","to":"成都九兴大道(地铁站)"},"geometry":{"type":"LineString","coordinates":[[104.035393,30.630533],[104.037426,30.623168]]}},{"type":"Feature","properties":{"shape_id":"{}","direction_id":"{\"1\": 50}","headsign":"{}","duration_avg":120,"n_vehicles":50,"d":1200,"route_I_counts":"{\"5\": 50}","source":126,"target":125,"layer":"L","from":"成都九兴大道(地铁站)","to":"成都科园(地铁站)"},"geometry":{"type":"LineString","coordinates":[[104.037426,30.623168],[104.035393,30.630533]]}},{"type":"Feature","properties":{"shape_id":"{}","direction_id":"{\"0\": 50}","headsign":"{}","duration_avg":180,"n_vehicles":50,"d":1800,"route_I_counts":"{\"5\": 50}","source":126,"target":127,"layer":"L","from":"成都九兴大道(地铁站)","to":"成都神仙树(地铁站)"},"geometry":{"type":"LineString","coordinates":[[104.037426,30.623168],[104.045633,30.61253]]}},{"type":"Feature","properties":{"shape_id":"{}","direction_id":"{\"1\": 50}","headsign":"{}","duration_avg":180,"n_vehicles":50,"d":1800,"route_I_counts":"{\"5\": 50}","source":127,"target":126,"layer":"L","from":"成都神仙树(地铁站)","to":"成都九兴大道(地铁站)"},"geometry":{"type":"LineString","coordinates":[[104.045633,30.61253],[104.037426,30.623168]]}},{"type":"Feature","properties":{"shape_id":"{}","direction_id":"{\"0\": 50}","headsign":"{}","duration_avg":180,"n_vehicles":50,"d":1800,"route_I_counts":"{\"5\": 50}","source":127,"target":128,"layer":"L","from":"成都神仙树(地铁站)","to":"成都石羊立交(地铁站)"},"geometry":{"type":"LineString","coordinates":[[104.045633,30.61253],[104.048371,30.597655]]}},{"type":"Feature","properties":{"shape_id":"{}","direction_id":"{\"1\": 50}","headsign":"{}","duration_avg":180,"n_vehicles":50,"d":1800,"route_I_counts":"{\"5\": 50}","source":128,"target":127,"layer":"L","from":"成都石羊立交(地铁站)","to":"成都神仙树(地铁站)"},"geometry":{"type":"LineString","coordinates":[[104.048371,30.597655],[104.045633,30.61253]]}},{"type":"Feature","properties":{"shape_id":"{}","direction_id":"{\"0\": 50}","headsign":"{}","duration_avg":120,"n_vehicles":50,"d":1200,"route_I_counts":"{\"5\": 50}","source":128,"target":129,"layer":"L","from":"成都石羊立交(地铁站)","to":"成都市一医院(地铁站)"},"geometry":{"type":"LineString","coordinates":[[104.048371,30.597655],[104.048077,30.591778]]}},{"type":"Feature","properties":{"shape_id":"{}","direction_id":"{\"1\": 50}","headsign":"{}","duration_avg":120,"n_vehicles":50,"d":1200,"route_I_counts":"{\"5\": 50}","source":129,"target":128,"layer":"L","from":"成都市一医院(地铁站)","to":"成都石羊立交(地铁站)"},"geometry":{"type":"LineString","coordinates":[[104.048077,30.591778],[104.048371,30.597655]]}},{"type":"Feature","properties":{"shape_id":"{}","direction_id":"{\"0\": 50}","headsign":"{}","duration_avg":60,"n_vehicles":50,"d":600,"route_I_counts":"{\"5\": 50}","source":129,"target":130,"layer":"L","from":"成都市一医院(地铁站)","to":"成都交子大道(地铁站)"},"geometry":{"type":"LineString","coordinates":[[104.048077,30.591778],[104.047741,30.584332]]}},{"type":"Feature","properties":{"shape_id":"{}","direction_id":"{\"1\": 50}","headsign":"{}","duration_avg":60,"n_vehicles":50,"d":600,"route_I_counts":"{\"5\": 50}","source":130,"target":129,"layer":"L","from":"成都交子大道(地铁站)","to":"成都市一医院(地铁站)"},"geometry":{"type":"LineString","coordinates":[[104.047741,30.584332],[104.048077,30.591778]]}},{"type":"Feature","properties":{"shape_id":"{}","direction_id":"{\"0\": 50}","headsign":"{}","duration_avg":120,"n_vehicles":50,"d":1200,"route_I_counts":"{\"5\": 50}","source":130,"target":131,"layer":"L","from":"成都交子大道(地铁站)","to":"成都锦城大道(地铁站)"},"geometry":{"type":"LineString","coordinates":[[104.047741,30.584332],[104.047998,30.576647]]}},{"type":"Feature","properties":{"shape_id":"{}","direction_id":"{\"1\": 50}","headsign":"{}","duration_avg":120,"n_vehicles":50,"d":1200,"route_I_counts":"{\"5\": 50}","source":131,"target":130,"layer":"L","from":"成都锦城大道(地铁站)","to":"成都交子大道(地铁站)"},"geometry":{"type":"LineString","coordinates":[[104.047998,30.576647],[104.047741,30.584332]]}},{"type":"Feature","properties":{"shape_id":"{}","direction_id":"{\"0\": 50}","headsign":"{}","duration_avg":180,"n_vehicles":50,"d":1800,"route_I_counts":"{\"5\": 50}","source":131,"target":132,"layer":"L","from":"成都锦城大道(地铁站)","to":"成都锦城湖(地铁站)"},"geometry":{"type":"LineString","coordinates":[[104.047998,30.576647],[104.043677,30.566253]]}},{"type":"Feature","properties":{"shape_id":"{}","direction_id":"{\"1\": 50}","headsign":"{}","duration_avg":180,"n_vehicles":50,"d":1800,"route_I_counts":"{\"5\": 50}","source":132,"target":131,"layer":"L","from":"成都锦城湖(地铁站)","to":"成都锦城大道(地铁站)"},"geometry":{"type":"LineString","coordinates":[[104.043677,30.566253],[104.047998,30.576647]]}},{"type":"Feature","properties":{"shape_id":"{}","direction_id":"{\"0\": 50}","headsign":"{}","duration_avg":120,"n_vehicles":50,"d":1200,"route_I_counts":"{\"5\": 50}","source":132,"target":133,"layer":"L","from":"成都锦城湖(地铁站)","to":"成都大源(地铁站)"},"geometry":{"type":"LineString","coordinates":[[104.043677,30.566253],[104.043768,30.552324]]}},{"type":"Feature","properties":{"shape_id":"{}","direction_id":"{\"1\": 50}","headsign":"{}","duration_avg":120,"n_vehicles":50,"d":1200,"route_I_counts":"{\"5\": 50}","source":133,"target":132,"layer":"L","from":"成都大源(地铁站)","to":"成都锦城湖(地铁站)"},"geometry":{"type":"LineString","coordinates":[[104.043768,30.552324],[104.043677,30.566253]]}},{"type":"Feature","properties":{"shape_id":"{}","direction_id":"{\"0\": 50}","headsign":"{}","duration_avg":120,"n_vehicles":50,"d":1200,"route_I_counts":"{\"5\": 50}","source":133,"target":134,"layer":"L","from":"成都大源(地铁站)","to":"成都民乐(地铁站)"},"geometry":{"type":"LineString","coordinates":[[104.043768,30.552324],[104.044064,30.54285]]}},{"type":"Feature","properties":{"shape_id":"{}","direction_id":"{\"1\": 50}","headsign":"{}","duration_avg":120,"n_vehicles":50,"d":1200,"route_I_counts":"{\"5\": 50}","source":134,"target":133,"layer":"L","from":"成都民乐(地铁站)","to":"成都大源(地铁站)"},"geometry":{"type":"LineString","coordinates":[[104.044064,30.54285],[104.043768,30.552324]]}},{"type":"Feature","properties":{"shape_id":"{}","direction_id":"{\"0\": 50}","headsign":"{}","duration_avg":180,"n_vehicles":50,"d":1800,"route_I_counts":"{\"5\": 50}","source":134,"target":135,"layer":"L","from":"成都民乐(地铁站)","to":"成都骑龙(地铁站)"},"geometry":{"type":"LineString","coordinates":[[104.044064,30.54285],[104.041895,30.528075]]}},{"type":"Feature","properties":{"shape_id":"{}","direction_id":"{\"1\": 50}","headsign":"{}","duration_avg":180,"n_vehicles":50,"d":1800,"route_I_counts":"{\"5\": 50}","source":135,"target":134,"layer":"L","from":"成都骑龙(地铁站)","to":"成都民乐(地铁站)"},"geometry":{"type":"LineString","coordinates":[[104.041895,30.528075],[104.044064,30.54285]]}},{"type":"Feature","properties":{"shape_id":"{}","direction_id":"{\"0\": 50}","headsign":"{}","duration_avg":120,"n_vehicles":50,"d":1200,"route_I_counts":"{\"5\": 50}","source":135,"target":136,"layer":"L","from":"成都骑龙(地铁站)","to":"成都警官学院(地铁站)"},"geometry":{"type":"LineString","coordinates":[[104.041895,30.528075],[104.037253,30.51483]]}},{"type":"Feature","properties":{"shape_id":"{}","direction_id":"{\"1\": 50}","headsign":"{}","duration_avg":120,"n_vehicles":50,"d":1200,"route_I_counts":"{\"5\": 50}","source":136,"target":135,"layer":"L","from":"成都警官学院(地铁站)","to":"成都骑龙(地铁站)"},"geometry":{"type":"LineString","coordinates":[[104.037253,30.51483],[104.041895,30.528075]]}},{"type":"Feature","properties":{"shape_id":"{}","direction_id":"{\"0\": 50}","headsign":"{}","duration_avg":120,"n_vehicles":50,"d":1200,"route_I_counts":"{\"5\": 50}","source":136,"target":137,"layer":"L","from":"成都警官学院(地铁站)","to":"成都二江寺(地铁站)"},"geometry":{"type":"LineString","coordinates":[[104.037253,30.51483],[104.033303,30.502154]]}},{"type":"Feature","properties":{"shape_id":"{}","direction_id":"{\"1\": 50}","headsign":"{}","duration_avg":120,"n_vehicles":50,"d":1200,"route_I_counts":"{\"5\": 50}","source":137,"target":136,"layer":"L","from":"成都二江寺(地铁站)","to":"成都警官学院(地铁站)"},"geometry":{"type":"LineString","coordinates":[[104.033303,30.502154],[104.037253,30.51483]]}},{"type":"Feature","properties":{"shape_id":"{}","direction_id":"{\"0\": 50}","headsign":"{}","duration_avg":180,"n_vehicles":50,"d":1800,"route_I_counts":"{\"5\": 50}","source":137,"target":138,"layer":"L","from":"成都二江寺(地铁站)","to":"成都南湖立交(地铁站)"},"geometry":{"type":"LineString","coordinates":[[104.033303,30.502154],[104.03069,30.49102]]}},{"type":"Feature","properties":{"shape_id":"{}","direction_id":"{\"1\": 50}","headsign":"{}","duration_avg":180,"n_vehicles":50,"d":1800,"route_I_counts":"{\"5\": 50}","source":138,"target":137,"layer":"L","from":"成都南湖立交(地铁站)","to":"成都二江寺(地铁站)"},"geometry":{"type":"LineString","coordinates":[[104.03069,30.49102],[104.033303,30.502154]]}},{"type":"Feature","properties":{"shape_id":"{}","direction_id":"{\"0\": 50}","headsign":"{}","duration_avg":120,"n_vehicles":50,"d":1200,"route_I_counts":"{\"5\": 50}","source":138,"target":139,"layer":"L","from":"成都南湖立交(地铁站)","to":"成都怡心湖(地铁站)"},"geometry":{"type":"LineString","coordinates":[[104.03069,30.49102],[104.024392,30.473757]]}},{"type":"Feature","properties":{"shape_id":"{}","direction_id":"{\"1\": 50}","headsign":"{}","duration_avg":120,"n_vehicles":50,"d":1200,"route_I_counts":"{\"5\": 50}","source":139,"target":138,"layer":"L","from":"成都怡心湖(地铁站)","to":"成都南湖立交(地铁站)"},"geometry":{"type":"LineString","coordinates":[[104.024392,30.473757],[104.03069,30.49102]]}},{"type":"Feature","properties":{"shape_id":"{}","direction_id":"{\"0\": 50}","headsign":"{}","duration_avg":180,"n_vehicles":50,"d":1800,"route_I_counts":"{\"5\": 50}","source":139,"target":140,"layer":"L","from":"成都怡心湖(地铁站)","to":"成都龙马路(地铁站)"},"geometry":{"type":"LineString","coordinates":[[104.024392,30.473757],[104.017165,30.460244]]}},{"type":"Feature","properties":{"shape_id":"{}","direction_id":"{\"1\": 50}","headsign":"{}","duration_avg":180,"n_vehicles":50,"d":1800,"route_I_counts":"{\"5\": 50}","source":140,"target":139,"layer":"L","from":"成都龙马路(地铁站)","to":"成都怡心湖(地铁站)"},"geometry":{"type":"LineString","coordinates":[[104.017165,30.460244],[104.024392,30.473757]]}},{"type":"Feature","properties":{"shape_id":"{}","direction_id":"{\"0\": 50}","headsign":"{}","duration_avg":180,"n_vehicles":50,"d":1800,"route_I_counts":"{\"5\": 50}","source":140,"target":141,"layer":"L","from":"成都龙马路(地铁站)","to":"成都回龙(地铁站)"},"geometry":{"type":"LineString","coordinates":[[104.017165,30.460244],[104.009544,30.447215]]}},{"type":"Feature","properties":{"shape_id":"{}","direction_id":"{\"1\": 50}","headsign":"{}","duration_avg":180,"n_vehicles":50,"d":1800,"route_I_counts":"{\"5\": 50}","source":141,"target":140,"layer":"L","from":"成都回龙(地铁站)","to":"成都龙马路(地铁站)"},"geometry":{"type":"LineString","coordinates":[[104.009544,30.447215],[104.017165,30.460244]]}},{"type":"Feature","properties":{"shape_id":"{}","direction_id":"{\"0\": 50}","headsign":"{}","duration_avg":180,"n_vehicles":50,"d":1800,"route_I_counts":"{\"6\": 50}","source":142,"target":141,"layer":"L","from":"成都兰家沟(地铁站)","to":"成都回龙(地铁站)"},"geometry":{"type":"LineString","coordinates":[[103.994328,30.445954],[104.009544,30.447215]]}},{"type":"Feature","properties":{"shape_id":"{}","direction_id":"{\"1\": 50}","headsign":"{}","duration_avg":180,"n_vehicles":50,"d":1800,"route_I_counts":"{\"6\": 50}","source":141,"target":142,"layer":"L","from":"成都回龙(地铁站)","to":"成都兰家沟(地铁站)"},"geometry":{"type":"LineString","coordinates":[[104.009544,30.447215],[103.994328,30.445954]]}},{"type":"Feature","properties":{"shape_id":"{}","direction_id":"{\"0\": 50}","headsign":"{}","duration_avg":180,"n_vehicles":50,"d":1800,"route_I_counts":"{\"6\": 50}","source":141,"target":143,"layer":"L","from":"成都回龙(地铁站)","to":"成都钓鱼嘴(地铁站)"},"geometry":{"type":"LineString","coordinates":[[104.009544,30.447215],[104.030126,30.438984]]}},{"type":"Feature","properties":{"shape_id":"{}","direction_id":"{\"1\": 50}","headsign":"{}","duration_avg":180,"n_vehicles":50,"d":1800,"route_I_counts":"{\"6\": 50}","source":143,"target":141,"layer":"L","from":"成都钓鱼嘴(地铁站)","to":"成都回龙(地铁站)"},"geometry":{"type":"LineString","coordinates":[[104.030126,30.438984],[104.009544,30.447215]]}},{"type":"Feature","properties":{"shape_id":"{}","direction_id":"{\"0\": 50}","headsign":"{}","duration_avg":120,"n_vehicles":50,"d":1200,"route_I_counts":"{\"6\": 50}","source":143,"target":144,"layer":"L","from":"成都钓鱼嘴(地铁站)","to":"成都芦角(地铁站)"},"geometry":{"type":"LineString","coordinates":[[104.030126,30.438984],[104.035288,30.434128]]}},{"type":"Feature","properties":{"shape_id":"{}","direction_id":"{\"1\": 50}","headsign":"{}","duration_avg":120,"n_vehicles":50,"d":1200,"route_I_counts":"{\"6\": 50}","source":144,"target":143,"layer":"L","from":"成都芦角(地铁站)","to":"成都钓鱼嘴(地铁站)"},"geometry":{"type":"LineString","coordinates":[[104.035288,30.434128],[104.030126,30.438984]]}},{"type":"Feature","properties":{"shape_id":"{}","direction_id":"{\"0\": 50}","headsign":"{}","duration_avg":120,"n_vehicles":50,"d":1200,"route_I_counts":"{\"6\": 50}","source":144,"target":145,"layer":"L","from":"成都芦角(地铁站)","to":"成都松林(地铁站)"},"geometry":{"type":"LineString","coordinates":[[104.035288,30.434128],[104.044127,30.428358]]}},{"type":"Feature","properties":{"shape_id":"{}","direction_id":"{\"1\": 50}","headsign":"{}","duration_avg":120,"n_vehicles":50,"d":1200,"route_I_counts":"{\"6\": 50}","source":145,"target":144,"layer":"L","from":"成都松林(地铁站)","to":"成都芦角(地铁站)"},"geometry":{"type":"LineString","coordinates":[[104.044127,30.428358],[104.035288,30.434128]]}},{"type":"Feature","properties":{"shape_id":"{}","direction_id":"{\"0\": 50}","headsign":"{}","duration_avg":120,"n_vehicles":50,"d":1200,"route_I_counts":"{\"6\": 50}","source":145,"target":146,"layer":"L","from":"成都松林(地铁站)","to":"成都秦皇寺(地铁站)"},"geometry":{"type":"LineString","coordinates":[[104.044127,30.428358],[104.059355,30.426993]]}},{"type":"Feature","properties":{"shape_id":"{}","direction_id":"{\"1\": 50}","headsign":"{}","duration_avg":120,"n_vehicles":50,"d":1200,"route_I_counts":"{\"6\": 50}","source":146,"target":145,"layer":"L","from":"成都秦皇寺(地铁站)","to":"成都松林(地铁站)"},"geometry":{"type":"LineString","coordinates":[[104.059355,30.426993],[104.044127,30.428358]]}},{"type":"Feature","properties":{"shape_id":"{}","direction_id":"{\"0\": 50}","headsign":"{}","duration_avg":120,"n_vehicles":50,"d":1200,"route_I_counts":"{\"6\": 50}","source":146,"target":147,"layer":"L","from":"成都秦皇寺(地铁站)","to":"成都西博城(地铁站)"},"geometry":{"type":"LineString","coordinates":[[104.059355,30.426993],[104.073316,30.427249]]}},{"type":"Feature","properties":{"shape_id":"{}","direction_id":"{\"1\": 50}","headsign":"{}","duration_avg":120,"n_vehicles":50,"d":1200,"route_I_counts":"{\"6\": 50}","source":147,"target":146,"layer":"L","from":"成都西博城(地铁站)","to":"成都秦皇寺(地铁站)"},"geometry":{"type":"LineString","coordinates":[[104.073316,30.427249],[104.059355,30.426993]]}},{"type":"Feature","properties":{"shape_id":"{}","direction_id":"{\"0\": 50}","headsign":"{}","duration_avg":180,"n_vehicles":50,"d":1800,"route_I_counts":"{\"6\": 50}","source":147,"target":148,"layer":"L","from":"成都西博城(地铁站)","to":"成都天府商务区(地铁站)"},"geometry":{"type":"LineString","coordinates":[[104.073316,30.427249],[104.083734,30.432493]]}},{"type":"Feature","properties":{"shape_id":"{}","direction_id":"{\"1\": 50}","headsign":"{}","duration_avg":180,"n_vehicles":50,"d":1800,"route_I_counts":"{\"6\": 50}","source":148,"target":147,"layer":"L","from":"成都天府商务区(地铁站)","to":"成都西博城(地铁站)"},"geometry":{"type":"LineString","coordinates":[[104.083734,30.432493],[104.073316,30.427249]]}},{"type":"Feature","properties":{"shape_id":"{}","direction_id":"{\"0\": 50}","headsign":"{}","duration_avg":120,"n_vehicles":50,"d":1200,"route_I_counts":"{\"6\": 50}","source":148,"target":149,"layer":"L","from":"成都天府商务区(地铁站)","to":"成都杭州路(地铁站)"},"geometry":{"type":"LineString","coordinates":[[104.083734,30.432493],[104.086799,30.441362]]}},{"type":"Feature","properties":{"shape_id":"{}","direction_id":"{\"1\": 50}","headsign":"{}","duration_avg":120,"n_vehicles":50,"d":1200,"route_I_counts":"{\"6\": 50}","source":149,"target":148,"layer":"L","from":"成都杭州路(地铁站)","to":"成都天府商务区(地铁站)"},"geometry":{"type":"LineString","coordinates":[[104.086799,30.441362],[104.083734,30.432493]]}},{"type":"Feature","properties":{"shape_id":"{}","direction_id":"{\"0\": 50}","headsign":"{}","duration_avg":120,"n_vehicles":50,"d":1200,"route_I_counts":"{\"6\": 50}","source":149,"target":150,"layer":"L","from":"成都杭州路(地铁站)","to":"成都昌公堰(地铁站)"},"geometry":{"type":"LineString","coordinates":[[104.086799,30.441362],[104.091814,30.450939]]}},{"type":"Feature","properties":{"shape_id":"{}","direction_id":"{\"1\": 50}","headsign":"{}","duration_avg":120,"n_vehicles":50,"d":1200,"route_I_counts":"{\"6\": 50}","source":150,"target":149,"layer":"L","from":"成都昌公堰(地铁站)","to":"成都杭州路(地铁站)"},"geometry":{"type":"LineString","coordinates":[[104.091814,30.450939],[104.086799,30.441362]]}},{"type":"Feature","properties":{"shape_id":"{}","direction_id":"{\"0\": 50}","headsign":"{}","duration_avg":120,"n_vehicles":50,"d":1200,"route_I_counts":"{\"6\": 50}","source":150,"target":151,"layer":"L","from":"成都昌公堰(地铁站)","to":"成都青岛路(法务区)(地铁站)"},"geometry":{"type":"LineString","coordinates":[[104.091814,30.450939],[104.099438,30.461366]]}},{"type":"Feature","properties":{"shape_id":"{}","direction_id":"{\"1\": 50}","headsign":"{}","duration_avg":120,"n_vehicles":50,"d":1200,"route_I_counts":"{\"6\": 50}","source":151,"target":150,"layer":"L","from":"成都青岛路(法务区)(地铁站)","to":"成都昌公堰(地铁站)"},"geometry":{"type":"LineString","coordinates":[[104.099438,30.461366],[104.091814,30.450939]]}},{"type":"Feature","properties":{"shape_id":"{}","direction_id":"{\"0\": 50}","headsign":"{}","duration_avg":120,"n_vehicles":50,"d":1200,"route_I_counts":"{\"6\": 50}","source":151,"target":152,"layer":"L","from":"成都青岛路(法务区)(地铁站)","to":"成都沈阳路(地铁站)"},"geometry":{"type":"LineString","coordinates":[[104.099438,30.461366],[104.09897,30.469813]]}},{"type":"Feature","properties":{"shape_id":"{}","direction_id":"{\"1\": 50}","headsign":"{}","duration_avg":120,"n_vehicles":50,"d":1200,"route_I_counts":"{\"6\": 50}","source":152,"target":151,"layer":"L","from":"成都沈阳路(地铁站)","to":"成都青岛路(法务区)(地铁站)"},"geometry":{"type":"LineString","coordinates":[[104.09897,30.469813],[104.099438,30.461366]]}},{"type":"Feature","properties":{"shape_id":"{}","direction_id":"{\"0\": 50}","headsign":"{}","duration_avg":180,"n_vehicles":50,"d":1800,"route_I_counts":"{\"6\": 50}","source":152,"target":153,"layer":"L","from":"成都沈阳路(地铁站)","to":"成都麓山大道(地铁站)"},"geometry":{"type":"LineString","coordinates":[[104.09897,30.469813],[104.100884,30.485487]]}},{"type":"Feature","properties":{"shape_id":"{}","direction_id":"{\"1\": 50}","headsign":"{}","duration_avg":180,"n_vehicles":50,"d":1800,"route_I_counts":"{\"6\": 50}","source":153,"target":152,"layer":"L","from":"成都麓山大道(地铁站)","to":"成都沈阳路(地铁站)"},"geometry":{"type":"LineString","coordinates":[[104.100884,30.485487],[104.09897,30.469813]]}},{"type":"Feature","properties":{"shape_id":"{}","direction_id":"{\"0\": 50}","headsign":"{}","duration_avg":120,"n_vehicles":50,"d":1200,"route_I_counts":"{\"6\": 50}","source":153,"target":154,"layer":"L","from":"成都麓山大道(地铁站)","to":"成都万安(地铁站)"},"geometry":{"type":"LineString","coordinates":[[104.100884,30.485487],[104.096916,30.497321]]}},{"type":"Feature","properties":{"shape_id":"{}","direction_id":"{\"1\": 50}","headsign":"{}","duration_avg":120,"n_vehicles":50,"d":1200,"route_I_counts":"{\"6\": 50}","source":154,"target":153,"layer":"L","from":"成都万安(地铁站)","to":"成都麓山大道(地铁站)"},"geometry":{"type":"LineString","coordinates":[[104.096916,30.497321],[104.100884,30.485487]]}},{"type":"Feature","properties":{"shape_id":"{}","direction_id":"{\"0\": 50}","headsign":"{}","duration_avg":120,"n_vehicles":50,"d":1200,"route_I_counts":"{\"6\": 50}","source":154,"target":155,"layer":"L","from":"成都万安(地铁站)","to":"成都蒲草塘(地铁站)"},"geometry":{"type":"LineString","coordinates":[[104.096916,30.497321],[104.095916,30.504088]]}},{"type":"Feature","properties":{"shape_id":"{}","direction_id":"{\"1\": 50}","headsign":"{}","duration_avg":120,"n_vehicles":50,"d":1200,"route_I_counts":"{\"6\": 50}","source":155,"target":154,"layer":"L","from":"成都蒲草塘(地铁站)","to":"成都万安(地铁站)"},"geometry":{"type":"LineString","coordinates":[[104.095916,30.504088],[104.096916,30.497321]]}},{"type":"Feature","properties":{"shape_id":"{}","direction_id":"{\"0\": 50}","headsign":"{}","duration_avg":120,"n_vehicles":50,"d":1200,"route_I_counts":"{\"6\": 50}","source":155,"target":156,"layer":"L","from":"成都蒲草塘(地铁站)","to":"成都龙灯山(地铁站)"},"geometry":{"type":"LineString","coordinates":[[104.095916,30.504088],[104.098677,30.511477]]}},{"type":"Feature","properties":{"shape_id":"{}","direction_id":"{\"1\": 50}","headsign":"{}","duration_avg":120,"n_vehicles":50,"d":1200,"route_I_counts":"{\"6\": 50}","source":156,"target":155,"layer":"L","from":"成都龙灯山(地铁站)","to":"成都蒲草塘(地铁站)"},"geometry":{"type":"LineString","coordinates":[[104.098677,30.511477],[104.095916,30.504088]]}},{"type":"Feature","properties":{"shape_id":"{}","direction_id":"{\"0\": 50}","headsign":"{}","duration_avg":120,"n_vehicles":50,"d":1200,"route_I_counts":"{\"6\": 50}","source":156,"target":157,"layer":"L","from":"成都龙灯山(地铁站)","to":"成都新川路(地铁站)"},"geometry":{"type":"LineString","coordinates":[[104.098677,30.511477],[104.097966,30.518115]]}},{"type":"Feature","properties":{"shape_id":"{}","direction_id":"{\"1\": 50}","headsign":"{}","duration_avg":120,"n_vehicles":50,"d":1200,"route_I_counts":"{\"6\": 50}","source":157,"target":156,"layer":"L","from":"成都新川路(地铁站)","to":"成都龙灯山(地铁站)"},"geometry":{"type":"LineString","coordinates":[[104.097966,30.518115],[104.098677,30.511477]]}},{"type":"Feature","properties":{"shape_id":"{}","direction_id":"{\"0\": 50}","headsign":"{}","duration_avg":60,"n_vehicles":50,"d":600,"route_I_counts":"{\"6\": 50}","source":157,"target":158,"layer":"L","from":"成都新川路(地铁站)","to":"成都新通大道(地铁站)"},"geometry":{"type":"LineString","coordinates":[[104.097966,30.518115],[104.095909,30.524376]]}},{"type":"Feature","properties":{"shape_id":"{}","direction_id":"{\"1\": 50}","headsign":"{}","duration_avg":60,"n_vehicles":50,"d":600,"route_I_counts":"{\"6\": 50}","source":158,"target":157,"layer":"L","from":"成都新通大道(地铁站)","to":"成都新川路(地铁站)"},"geometry":{"type":"LineString","coordinates":[[104.095909,30.524376],[104.097966,30.518115]]}},{"type":"Feature","properties":{"shape_id":"{}","direction_id":"{\"0\": 50}","headsign":"{}","duration_avg":180,"n_vehicles":50,"d":1800,"route_I_counts":"{\"6\": 50}","source":158,"target":159,"layer":"L","from":"成都新通大道(地铁站)","to":"成都观东(地铁站)"},"geometry":{"type":"LineString","coordinates":[[104.095909,30.524376],[104.095837,30.533367]]}},{"type":"Feature","properties":{"shape_id":"{}","direction_id":"{\"1\": 50}","headsign":"{}","duration_avg":180,"n_vehicles":50,"d":1800,"route_I_counts":"{\"6\": 50}","source":159,"target":158,"layer":"L","from":"成都观东(地铁站)","to":"成都新通大道(地铁站)"},"geometry":{"type":"LineString","coordinates":[[104.095837,30.533367],[104.095909,30.524376]]}},{"type":"Feature","properties":{"shape_id":"{}","direction_id":"{\"0\": 50}","headsign":"{}","duration_avg":60,"n_vehicles":50,"d":600,"route_I_counts":"{\"6\": 50}","source":159,"target":160,"layer":"L","from":"成都观东(地铁站)","to":"成都陆肖(地铁站)"},"geometry":{"type":"LineString","coordinates":[[104.095837,30.533367],[104.095829,30.54024]]}},{"type":"Feature","properties":{"shape_id":"{}","direction_id":"{\"1\": 50}","headsign":"{}","duration_avg":60,"n_vehicles":50,"d":600,"route_I_counts":"{\"6\": 50}","source":160,"target":159,"layer":"L","from":"成都陆肖(地铁站)","to":"成都观东(地铁站)"},"geometry":{"type":"LineString","coordinates":[[104.095829,30.54024],[104.095837,30.533367]]}},{"type":"Feature","properties":{"shape_id":"{}","direction_id":"{\"0\": 50}","headsign":"{}","duration_avg":180,"n_vehicles":50,"d":1800,"route_I_counts":"{\"6\": 50}","source":160,"target":161,"layer":"L","from":"成都陆肖(地铁站)","to":"成都张家寺(地铁站)"},"geometry":{"type":"LineString","coordinates":[[104.095829,30.54024],[104.095843,30.552575]]}},{"type":"Feature","properties":{"shape_id":"{}","direction_id":"{\"1\": 50}","headsign":"{}","duration_avg":180,"n_vehicles":50,"d":1800,"route_I_counts":"{\"6\": 50}","source":161,"target":160,"layer":"L","from":"成都张家寺(地铁站)","to":"成都陆肖(地铁站)"},"geometry":{"type":"LineString","coordinates":[[104.095843,30.552575],[104.095829,30.54024]]}},{"type":"Feature","properties":{"shape_id":"{}","direction_id":"{\"0\": 50}","headsign":"{}","duration_avg":120,"n_vehicles":50,"d":1200,"route_I_counts":"{\"6\": 50}","source":161,"target":162,"layer":"L","from":"成都张家寺(地铁站)","to":"成都中和(地铁站)"},"geometry":{"type":"LineString","coordinates":[[104.095843,30.552575],[104.093536,30.560994]]}},{"type":"Feature","properties":{"shape_id":"{}","direction_id":"{\"1\": 50}","headsign":"{}","duration_avg":120,"n_vehicles":50,"d":1200,"route_I_counts":"{\"6\": 50}","source":162,"target":161,"layer":"L","from":"成都中和(地铁站)","to":"成都张家寺(地铁站)"},"geometry":{"type":"LineString","coordinates":[[104.093536,30.560994],[104.095843,30.552575]]}},{"type":"Feature","properties":{"shape_id":"{}","direction_id":"{\"0\": 50}","headsign":"{}","duration_avg":180,"n_vehicles":50,"d":1800,"route_I_counts":"{\"6\": 50}","source":162,"target":163,"layer":"L","from":"成都中和(地铁站)","to":"成都金融城东(地铁站)"},"geometry":{"type":"LineString","coordinates":[[104.093536,30.560994],[104.081671,30.582177]]}},{"type":"Feature","properties":{"shape_id":"{}","direction_id":"{\"1\": 50}","headsign":"{}","duration_avg":180,"n_vehicles":50,"d":1800,"route_I_counts":"{\"6\": 50}","source":163,"target":162,"layer":"L","from":"成都金融城东(地铁站)","to":"成都中和(地铁站)"},"geometry":{"type":"LineString","coordinates":[[104.081671,30.582177],[104.093536,30.560994]]}},{"type":"Feature","properties":{"shape_id":"{}","direction_id":"{\"0\": 50}","headsign":"{}","duration_avg":120,"n_vehicles":50,"d":1200,"route_I_counts":"{\"6\": 50}","source":163,"target":164,"layer":"L","from":"成都金融城东(地铁站)","to":"成都金石路(地铁站)"},"geometry":{"type":"LineString","coordinates":[[104.081671,30.582177],[104.086631,30.592713]]}},{"type":"Feature","properties":{"shape_id":"{}","direction_id":"{\"1\": 50}","headsign":"{}","duration_avg":120,"n_vehicles":50,"d":1200,"route_I_counts":"{\"6\": 50}","source":164,"target":163,"layer":"L","from":"成都金石路(地铁站)","to":"成都金融城东(地铁站)"},"geometry":{"type":"LineString","coordinates":[[104.086631,30.592713],[104.081671,30.582177]]}},{"type":"Feature","properties":{"shape_id":"{}","direction_id":"{\"0\": 50}","headsign":"{}","duration_avg":120,"n_vehicles":50,"d":1200,"route_I_counts":"{\"6\": 50}","source":164,"target":165,"layer":"L","from":"成都金石路(地铁站)","to":"成都琉三路(地铁站)"},"geometry":{"type":"LineString","coordinates":[[104.086631,30.592713],[104.095633,30.602773]]}},{"type":"Feature","properties":{"shape_id":"{}","direction_id":"{\"1\": 50}","headsign":"{}","duration_avg":120,"n_vehicles":50,"d":1200,"route_I_counts":"{\"6\": 50}","source":165,"target":164,"layer":"L","from":"成都琉三路(地铁站)","to":"成都金石路(地铁站)"},"geometry":{"type":"LineString","coordinates":[[104.095633,30.602773],[104.086631,30.592713]]}},{"type":"Feature","properties":{"shape_id":"{}","direction_id":"{\"0\": 50}","headsign":"{}","duration_avg":120,"n_vehicles":50,"d":1200,"route_I_counts":"{\"6\": 50}","source":165,"target":166,"layer":"L","from":"成都琉三路(地铁站)","to":"成都琉璃场(地铁站)"},"geometry":{"type":"LineString","coordinates":[[104.095633,30.602773],[104.096388,30.610053]]}},{"type":"Feature","properties":{"shape_id":"{}","direction_id":"{\"1\": 50}","headsign":"{}","duration_avg":120,"n_vehicles":50,"d":1200,"route_I_counts":"{\"6\": 50}","source":166,"target":165,"layer":"L","from":"成都琉璃场(地铁站)","to":"成都琉三路(地铁站)"},"geometry":{"type":"LineString","coordinates":[[104.096388,30.610053],[104.095633,30.602773]]}},{"type":"Feature","properties":{"shape_id":"{}","direction_id":"{\"0\": 50}","headsign":"{}","duration_avg":120,"n_vehicles":50,"d":1200,"route_I_counts":"{\"6\": 50}","source":166,"target":167,"layer":"L","from":"成都琉璃场(地铁站)","to":"成都东光(地铁站)"},"geometry":{"type":"LineString","coordinates":[[104.096388,30.610053],[104.095952,30.62199]]}},{"type":"Feature","properties":{"shape_id":"{}","direction_id":"{\"1\": 50}","headsign":"{}","duration_avg":120,"n_vehicles":50,"d":1200,"route_I_counts":"{\"6\": 50}","source":167,"target":166,"layer":"L","from":"成都东光(地铁站)","to":"成都琉璃场(地铁站)"},"geometry":{"type":"LineString","coordinates":[[104.095952,30.62199],[104.096388,30.610053]]}},{"type":"Feature","properties":{"shape_id":"{}","direction_id":"{\"0\": 50}","headsign":"{}","duration_avg":120,"n_vehicles":50,"d":1200,"route_I_counts":"{\"6\": 50}","source":167,"target":168,"layer":"L","from":"成都东光(地铁站)","to":"成都三官堂(地铁站)"},"geometry":{"type":"LineString","coordinates":[[104.095952,30.62199],[104.091925,30.630796]]}},{"type":"Feature","properties":{"shape_id":"{}","direction_id":"{\"1\": 50}","headsign":"{}","duration_avg":120,"n_vehicles":50,"d":1200,"route_I_counts":"{\"6\": 50}","source":168,"target":167,"layer":"L","from":"成都三官堂(地铁站)","to":"成都东光(地铁站)"},"geometry":{"type":"LineString","coordinates":[[104.091925,30.630796],[104.095952,30.62199]]}},{"type":"Feature","properties":{"shape_id":"{}","direction_id":"{\"0\": 50}","headsign":"{}","duration_avg":120,"n_vehicles":50,"d":1200,"route_I_counts":"{\"6\": 50}","source":168,"target":169,"layer":"L","from":"成都三官堂(地铁站)","to":"成都顺江路(地铁站)"},"geometry":{"type":"LineString","coordinates":[[104.091925,30.630796],[104.090418,30.637976]]}},{"type":"Feature","properties":{"shape_id":"{}","direction_id":"{\"1\": 50}","headsign":"{}","duration_avg":120,"n_vehicles":50,"d":1200,"route_I_counts":"{\"6\": 50}","source":169,"target":168,"layer":"L","from":"成都顺江路(地铁站)","to":"成都三官堂(地铁站)"},"geometry":{"type":"LineString","coordinates":[[104.090418,30.637976],[104.091925,30.630796]]}},{"type":"Feature","properties":{"shape_id":"{}","direction_id":"{\"0\": 50}","headsign":"{}","duration_avg":120,"n_vehicles":50,"d":1200,"route_I_counts":"{\"6\": 50}","source":169,"target":14,"layer":"L","from":"成都顺江路(地铁站)","to":"成都牛王庙(地铁站)"},"geometry":{"type":"LineString","coordinates":[[104.090418,30.637976],[104.091998,30.647426]]}},{"type":"Feature","properties":{"shape_id":"{}","direction_id":"{\"1\": 50}","headsign":"{}","duration_avg":120,"n_vehicles":50,"d":1200,"route_I_counts":"{\"6\": 50}","source":14,"target":169,"layer":"L","from":"成都牛王庙(地铁站)","to":"成都顺江路(地铁站)"},"geometry":{"type":"LineString","coordinates":[[104.091998,30.647426],[104.090418,30.637976]]}},{"type":"Feature","properties":{"shape_id":"{}","direction_id":"{\"0\": 50}","headsign":"{}","duration_avg":120,"n_vehicles":50,"d":1200,"route_I_counts":"{\"6\": 50}","source":14,"target":83,"layer":"L","from":"成都牛王庙(地铁站)","to":"成都玉双路(地铁站)"},"geometry":{"type":"LineString","coordinates":[[104.091998,30.647426],[104.096773,30.655852]]}},{"type":"Feature","properties":{"shape_id":"{}","direction_id":"{\"1\": 50}","headsign":"{}","duration_avg":120,"n_vehicles":50,"d":1200,"route_I_counts":"{\"6\": 50}","source":83,"target":14,"layer":"L","from":"成都玉双路(地铁站)","to":"成都牛王庙(地铁站)"},"geometry":{"type":"LineString","coordinates":[[104.096773,30.655852],[104.091998,30.647426]]}},{"type":"Feature","properties":{"shape_id":"{}","direction_id":"{\"0\": 50}","headsign":"{}","duration_avg":120,"n_vehicles":50,"d":1200,"route_I_counts":"{\"6\": 50}","source":83,"target":170,"layer":"L","from":"成都玉双路(地铁站)","to":"成都新鸿路(地铁站)"},"geometry":{"type":"LineString","coordinates":[[104.096773,30.655852],[104.099623,30.665214]]}},{"type":"Feature","properties":{"shape_id":"{}","direction_id":"{\"1\": 50}","headsign":"{}","duration_avg":120,"n_vehicles":50,"d":1200,"route_I_counts":"{\"6\": 50}","source":170,"target":83,"layer":"L","from":"成都新鸿路(地铁站)","to":"成都玉双路(地铁站)"},"geometry":{"type":"LineString","coordinates":[[104.099623,30.665214],[104.096773,30.655852]]}},{"type":"Feature","properties":{"shape_id":"{}","direction_id":"{\"0\": 50}","headsign":"{}","duration_avg":120,"n_vehicles":50,"d":1200,"route_I_counts":"{\"6\": 50}","source":170,"target":171,"layer":"L","from":"成都新鸿路(地铁站)","to":"成都电子科大建设北路(地铁站)"},"geometry":{"type":"LineString","coordinates":[[104.099623,30.665214],[104.096302,30.673413]]}},{"type":"Feature","properties":{"shape_id":"{}","direction_id":"{\"1\": 50}","headsign":"{}","duration_avg":120,"n_vehicles":50,"d":1200,"route_I_counts":"{\"6\": 50}","source":171,"target":170,"layer":"L","from":"成都电子科大建设北路(地铁站)","to":"成都新鸿路(地铁站)"},"geometry":{"type":"LineString","coordinates":[[104.096302,30.673413],[104.099623,30.665214]]}},{"type":"Feature","properties":{"shape_id":"{}","direction_id":"{\"0\": 50}","headsign":"{}","duration_avg":120,"n_vehicles":50,"d":1200,"route_I_counts":"{\"6\": 50}","source":171,"target":59,"layer":"L","from":"成都电子科大建设北路(地铁站)","to":"成都前锋路(地铁站)"},"geometry":{"type":"LineString","coordinates":[[104.096302,30.673413],[104.089584,30.681426]]}},{"type":"Feature","properties":{"shape_id":"{}","direction_id":"{\"1\": 50}","headsign":"{}","duration_avg":120,"n_vehicles":50,"d":1200,"route_I_counts":"{\"6\": 50}","source":59,"target":171,"layer":"L","from":"成都前锋路(地铁站)","to":"成都电子科大建设北路(地铁站)"},"geometry":{"type":"LineString","coordinates":[[104.089584,30.681426],[104.096302,30.673413]]}},{"type":"Feature","properties":{"shape_id":"{}","direction_id":"{\"0\": 50}","headsign":"{}","duration_avg":120,"n_vehicles":50,"d":1200,"route_I_counts":"{\"6\": 50}","source":59,"target":172,"layer":"L","from":"成都前锋路(地铁站)","to":"成都梁家巷(地铁站)"},"geometry":{"type":"LineString","coordinates":[[104.089584,30.681426],[104.080802,30.684739]]}},{"type":"Feature","properties":{"shape_id":"{}","direction_id":"{\"1\": 50}","headsign":"{}","duration_avg":120,"n_vehicles":50,"d":1200,"route_I_counts":"{\"6\": 50}","source":172,"target":59,"layer":"L","from":"成都梁家巷(地铁站)","to":"成都前锋路(地铁站)"},"geometry":{"type":"LineString","coordinates":[[104.080802,30.684739],[104.089584,30.681426]]}},{"type":"Feature","properties":{"shape_id":"{}","direction_id":"{\"0\": 50}","headsign":"{}","duration_avg":120,"n_vehicles":50,"d":1200,"route_I_counts":"{\"6\": 50}","source":172,"target":173,"layer":"L","from":"成都梁家巷(地铁站)","to":"成都人民北路(地铁站)"},"geometry":{"type":"LineString","coordinates":[[104.080802,30.684739],[104.069517,30.688285]]}},{"type":"Feature","properties":{"shape_id":"{}","direction_id":"{\"1\": 50}","headsign":"{}","duration_avg":120,"n_vehicles":50,"d":1200,"route_I_counts":"{\"6\": 50}","source":173,"target":172,"layer":"L","from":"成都人民北路(地铁站)","to":"成都梁家巷(地铁站)"},"geometry":{"type":"LineString","coordinates":[[104.069517,30.688285],[104.080802,30.684739]]}},{"type":"Feature","properties":{"shape_id":"{}","direction_id":"{\"0\": 50}","headsign":"{}","duration_avg":180,"n_vehicles":50,"d":1800,"route_I_counts":"{\"6\": 50}","source":173,"target":120,"layer":"L","from":"成都人民北路(地铁站)","to":"成都西北桥(地铁站)"},"geometry":{"type":"LineString","coordinates":[[104.069517,30.688285],[104.05566,30.688054]]}},{"type":"Feature","properties":{"shape_id":"{}","direction_id":"{\"1\": 50}","headsign":"{}","duration_avg":180,"n_vehicles":50,"d":1800,"route_I_counts":"{\"6\": 50}","source":120,"target":173,"layer":"L","from":"成都西北桥(地铁站)","to":"成都人民北路(地铁站)"},"geometry":{"type":"LineString","coordinates":[[104.05566,30.688054],[104.069517,30.688285]]}},{"type":"Feature","properties":{"shape_id":"{}","direction_id":"{\"0\": 50}","headsign":"{}","duration_avg":120,"n_vehicles":50,"d":1200,"route_I_counts":"{\"6\": 50}","source":120,"target":174,"layer":"L","from":"成都西北桥(地铁站)","to":"成都沙湾(地铁站)"},"geometry":{"type":"LineString","coordinates":[[104.05566,30.688054],[104.048608,30.691633]]}},{"type":"Feature","properties":{"shape_id":"{}","direction_id":"{\"1\": 50}","headsign":"{}","duration_avg":120,"n_vehicles":50,"d":1200,"route_I_counts":"{\"6\": 50}","source":174,"target":120,"layer":"L","from":"成都沙湾(地铁站)","to":"成都西北桥(地铁站)"},"geometry":{"type":"LineString","coordinates":[[104.048608,30.691633],[104.05566,30.688054]]}},{"type":"Feature","properties":{"shape_id":"{}","direction_id":"{\"0\": 50}","headsign":"{}","duration_avg":120,"n_vehicles":50,"d":1200,"route_I_counts":"{\"6\": 50}","source":174,"target":175,"layer":"L","from":"成都沙湾(地铁站)","to":"成都西南交大(地铁站)"},"geometry":{"type":"LineString","coordinates":[[104.048608,30.691633],[104.046855,30.6975]]}},{"type":"Feature","properties":{"shape_id":"{}","direction_id":"{\"1\": 50}","headsign":"{}","duration_avg":120,"n_vehicles":50,"d":1200,"route_I_counts":"{\"6\": 50}","source":175,"target":174,"layer":"L","from":"成都西南交大(地铁站)","to":"成都沙湾(地铁站)"},"geometry":{"type":"LineString","coordinates":[[104.046855,30.6975],[104.048608,30.691633]]}},{"type":"Feature","properties":{"shape_id":"{}","direction_id":"{\"0\": 50}","headsign":"{}","duration_avg":120,"n_vehicles":50,"d":1200,"route_I_counts":"{\"6\": 50}","source":175,"target":176,"layer":"L","from":"成都西南交大(地铁站)","to":"成都星河(地铁站)"},"geometry":{"type":"LineString","coordinates":[[104.046855,30.6975],[104.041654,30.704755]]}},{"type":"Feature","properties":{"shape_id":"{}","direction_id":"{\"1\": 50}","headsign":"{}","duration_avg":120,"n_vehicles":50,"d":1200,"route_I_counts":"{\"6\": 50}","source":176,"target":175,"layer":"L","from":"成都星河(地铁站)","to":"成都西南交大(地铁站)"},"geometry":{"type":"LineString","coordinates":[[104.041654,30.704755],[104.046855,30.6975]]}},{"type":"Feature","properties":{"shape_id":"{}","direction_id":"{\"0\": 50}","headsign":"{}","duration_avg":120,"n_vehicles":50,"d":1200,"route_I_counts":"{\"6\": 50}","source":176,"target":177,"layer":"L","from":"成都星河(地铁站)","to":"成都金府(地铁站)"},"geometry":{"type":"LineString","coordinates":[[104.041654,30.704755],[104.034488,30.713873]]}},{"type":"Feature","properties":{"shape_id":"{}","direction_id":"{\"1\": 50}","headsign":"{}","duration_avg":120,"n_vehicles":50,"d":1200,"route_I_counts":"{\"6\": 50}","source":177,"target":176,"layer":"L","from":"成都金府(地铁站)","to":"成都星河(地铁站)"},"geometry":{"type":"LineString","coordinates":[[104.034488,30.713873],[104.041654,30.704755]]}},{"type":"Feature","properties":{"shape_id":"{}","direction_id":"{\"0\": 50}","headsign":"{}","duration_avg":60,"n_vehicles":50,"d":600,"route_I_counts":"{\"6\": 50}","source":177,"target":178,"layer":"L","from":"成都金府(地铁站)","to":"成都西华大道(地铁站)"},"geometry":{"type":"LineString","coordinates":[[104.034488,30.713873],[104.029062,30.720891]]}},{"type":"Feature","properties":{"shape_id":"{}","direction_id":"{\"1\": 50}","headsign":"{}","duration_avg":60,"n_vehicles":50,"d":600,"route_I_counts":"{\"6\": 50}","source":178,"target":177,"layer":"L","from":"成都西华大道(地铁站)","to":"成都金府(地铁站)"},"geometry":{"type":"LineString","coordinates":[[104.029062,30.720891],[104.034488,30.713873]]}},{"type":"Feature","properties":{"shape_id":"{}","direction_id":"{\"0\": 50}","headsign":"{}","duration_avg":120,"n_vehicles":50,"d":1200,"route_I_counts":"{\"6\": 50}","source":178,"target":179,"layer":"L","from":"成都西华大道(地铁站)","to":"成都青杠(地铁站)"},"geometry":{"type":"LineString","coordinates":[[104.029062,30.720891],[104.023524,30.728028]]}},{"type":"Feature","properties":{"shape_id":"{}","direction_id":"{\"1\": 50}","headsign":"{}","duration_avg":120,"n_vehicles":50,"d":1200,"route_I_counts":"{\"6\": 50}","source":179,"target":178,"layer":"L","from":"成都青杠(地铁站)","to":"成都西华大道(地铁站)"},"geometry":{"type":"LineString","coordinates":[[104.023524,30.728028],[104.029062,30.720891]]}},{"type":"Feature","properties":{"shape_id":"{}","direction_id":"{\"0\": 50}","headsign":"{}","duration_avg":120,"n_vehicles":50,"d":1200,"route_I_counts":"{\"6\": 50}","source":179,"target":180,"layer":"L","from":"成都青杠(地铁站)","to":"成都兴盛(地铁站)"},"geometry":{"type":"LineString","coordinates":[[104.023524,30.728028],[104.019101,30.733273]]}},{"type":"Feature","properties":{"shape_id":"{}","direction_id":"{\"1\": 50}","headsign":"{}","duration_avg":120,"n_vehicles":50,"d":1200,"route_I_counts":"{\"6\": 50}","source":180,"target":179,"layer":"L","from":"成都兴盛(地铁站)","to":"成都青杠(地铁站)"},"geometry":{"type":"LineString","coordinates":[[104.019101,30.733273],[104.023524,30.728028]]}},{"type":"Feature","properties":{"shape_id":"{}","direction_id":"{\"0\": 50}","headsign":"{}","duration_avg":180,"n_vehicles":50,"d":1800,"route_I_counts":"{\"6\": 50}","source":180,"target":181,"layer":"L","from":"成都兴盛(地铁站)","to":"成都侯家桥(地铁站)"},"geometry":{"type":"LineString","coordinates":[[104.019101,30.733273],[104.002343,30.73956]]}},{"type":"Feature","properties":{"shape_id":"{}","direction_id":"{\"1\": 50}","headsign":"{}","duration_avg":180,"n_vehicles":50,"d":1800,"route_I_counts":"{\"6\": 50}","source":181,"target":180,"layer":"L","from":"成都侯家桥(地铁站)","to":"成都兴盛(地铁站)"},"geometry":{"type":"LineString","coordinates":[[104.002343,30.73956],[104.019101,30.733273]]}},{"type":"Feature","properties":{"shape_id":"{}","direction_id":"{\"0\": 50}","headsign":"{}","duration_avg":120,"n_vehicles":50,"d":1200,"route_I_counts":"{\"6\": 50}","source":181,"target":182,"layer":"L","from":"成都侯家桥(地铁站)","to":"成都梓潼宫(地铁站)"},"geometry":{"type":"LineString","coordinates":[[104.002343,30.73956],[103.991035,30.750489]]}},{"type":"Feature","properties":{"shape_id":"{}","direction_id":"{\"1\": 50}","headsign":"{}","duration_avg":120,"n_vehicles":50,"d":1200,"route_I_counts":"{\"6\": 50}","source":182,"target":181,"layer":"L","from":"成都梓潼宫(地铁站)","to":"成都侯家桥(地铁站)"},"geometry":{"type":"LineString","coordinates":[[103.991035,30.750489],[104.002343,30.73956]]}},{"type":"Feature","properties":{"shape_id":"{}","direction_id":"{\"0\": 50}","headsign":"{}","duration_avg":180,"n_vehicles":50,"d":1800,"route_I_counts":"{\"6\": 50}","source":182,"target":183,"layer":"L","from":"成都梓潼宫(地铁站)","to":"成都交大兴业北街(地铁站)"},"geometry":{"type":"LineString","coordinates":[[103.991035,30.750489],[103.981065,30.761287]]}},{"type":"Feature","properties":{"shape_id":"{}","direction_id":"{\"1\": 50}","headsign":"{}","duration_avg":180,"n_vehicles":50,"d":1800,"route_I_counts":"{\"6\": 50}","source":183,"target":182,"layer":"L","from":"成都交大兴业北街(地铁站)","to":"成都梓潼宫(地铁站)"},"geometry":{"type":"LineString","coordinates":[[103.981065,30.761287],[103.991035,30.750489]]}},{"type":"Feature","properties":{"shape_id":"{}","direction_id":"{\"0\": 50}","headsign":"{}","duration_avg":120,"n_vehicles":50,"d":1200,"route_I_counts":"{\"6\": 50}","source":183,"target":31,"layer":"L","from":"成都交大兴业北街(地铁站)","to":"成都犀浦(地铁站)"},"geometry":{"type":"LineString","coordinates":[[103.981065,30.761287],[103.969167,30.760832]]}},{"type":"Feature","properties":{"shape_id":"{}","direction_id":"{\"1\": 50}","headsign":"{}","duration_avg":120,"n_vehicles":50,"d":1200,"route_I_counts":"{\"6\": 50}","source":31,"target":183,"layer":"L","from":"成都犀浦(地铁站)","to":"成都交大兴业北街(地铁站)"},"geometry":{"type":"LineString","coordinates":[[103.969167,30.760832],[103.981065,30.761287]]}},{"type":"Feature","properties":{"shape_id":"{}","direction_id":"{\"0\": 50}","headsign":"{}","duration_avg":180,"n_vehicles":50,"d":1800,"route_I_counts":"{\"6\": 50}","source":31,"target":184,"layer":"L","from":"成都犀浦(地铁站)","to":"成都天宇路(地铁站)"},"geometry":{"type":"LineString","coordinates":[[103.969167,30.760832],[103.952362,30.756794]]}},{"type":"Feature","properties":{"shape_id":"{}","direction_id":"{\"1\": 50}","headsign":"{}","duration_avg":180,"n_vehicles":50,"d":1800,"route_I_counts":"{\"6\": 50}","source":184,"target":31,"layer":"L","from":"成都天宇路(地铁站)","to":"成都犀浦(地铁站)"},"geometry":{"type":"LineString","coordinates":[[103.952362,30.756794],[103.969167,30.760832]]}},{"type":"Feature","properties":{"shape_id":"{}","direction_id":"{\"0\": 50}","headsign":"{}","duration_avg":180,"n_vehicles":50,"d":1800,"route_I_counts":"{\"6\": 50}","source":184,"target":185,"layer":"L","from":"成都天宇路(地铁站)","to":"成都红高路(地铁站)"},"geometry":{"type":"LineString","coordinates":[[103.952362,30.756794],[103.934992,30.772111]]}},{"type":"Feature","properties":{"shape_id":"{}","direction_id":"{\"1\": 50}","headsign":"{}","duration_avg":180,"n_vehicles":50,"d":1800,"route_I_counts":"{\"6\": 50}","source":185,"target":184,"layer":"L","from":"成都红高路(地铁站)","to":"成都天宇路(地铁站)"},"geometry":{"type":"LineString","coordinates":[[103.934992,30.772111],[103.952362,30.756794]]}},{"type":"Feature","properties":{"shape_id":"{}","direction_id":"{\"0\": 50}","headsign":"{}","duration_avg":120,"n_vehicles":50,"d":1200,"route_I_counts":"{\"6\": 50}","source":185,"target":186,"layer":"L","from":"成都红高路(地铁站)","to":"成都尚锦路(地铁站)"},"geometry":{"type":"LineString","coordinates":[[103.934992,30.772111],[103.921324,30.78004]]}},{"type":"Feature","properties":{"shape_id":"{}","direction_id":"{\"1\": 50}","headsign":"{}","duration_avg":120,"n_vehicles":50,"d":1200,"route_I_counts":"{\"6\": 50}","source":186,"target":185,"layer":"L","from":"成都尚锦路(地铁站)","to":"成都红高路(地铁站)"},"geometry":{"type":"LineString","coordinates":[[103.921324,30.78004],[103.934992,30.772111]]}},{"type":"Feature","properties":{"shape_id":"{}","direction_id":"{\"0\": 50}","headsign":"{}","duration_avg":120,"n_vehicles":50,"d":1200,"route_I_counts":"{\"6\": 50}","source":186,"target":187,"layer":"L","from":"成都尚锦路(地铁站)","to":"成都檬梓(地铁站)"},"geometry":{"type":"LineString","coordinates":[[103.921324,30.78004],[103.912335,30.787298]]}},{"type":"Feature","properties":{"shape_id":"{}","direction_id":"{\"1\": 50}","headsign":"{}","duration_avg":120,"n_vehicles":50,"d":1200,"route_I_counts":"{\"6\": 50}","source":187,"target":186,"layer":"L","from":"成都檬梓(地铁站)","to":"成都尚锦路(地铁站)"},"geometry":{"type":"LineString","coordinates":[[103.912335,30.787298],[103.921324,30.78004]]}},{"type":"Feature","properties":{"shape_id":"{}","direction_id":"{\"0\": 50}","headsign":"{}","duration_avg":120,"n_vehicles":50,"d":1200,"route_I_counts":"{\"6\": 50}","source":187,"target":188,"layer":"L","from":"成都檬梓(地铁站)","to":"成都蜀新大道(地铁站)"},"geometry":{"type":"LineString","coordinates":[[103.912335,30.787298],[103.901444,30.793705]]}},{"type":"Feature","properties":{"shape_id":"{}","direction_id":"{\"1\": 50}","headsign":"{}","duration_avg":120,"n_vehicles":50,"d":1200,"route_I_counts":"{\"6\": 50}","source":188,"target":187,"layer":"L","from":"成都蜀新大道(地铁站)","to":"成都檬梓(地铁站)"},"geometry":{"type":"LineString","coordinates":[[103.901444,30.793705],[103.912335,30.787298]]}},{"type":"Feature","properties":{"shape_id":"{}","direction_id":"{\"0\": 50}","headsign":"{}","duration_avg":120,"n_vehicles":50,"d":1200,"route_I_counts":"{\"6\": 50}","source":188,"target":189,"layer":"L","from":"成都蜀新大道(地铁站)","to":"成都郫筒(地铁站)"},"geometry":{"type":"LineString","coordinates":[[103.901444,30.793705],[103.89249,30.79876]]}},{"type":"Feature","properties":{"shape_id":"{}","direction_id":"{\"1\": 50}","headsign":"{}","duration_avg":120,"n_vehicles":50,"d":1200,"route_I_counts":"{\"6\": 50}","source":189,"target":188,"layer":"L","from":"成都郫筒(地铁站)","to":"成都蜀新大道(地铁站)"},"geometry":{"type":"LineString","coordinates":[[103.89249,30.79876],[103.901444,30.793705]]}},{"type":"Feature","properties":{"shape_id":"{}","direction_id":"{\"0\": 50}","headsign":"{}","duration_avg":120,"n_vehicles":50,"d":1200,"route_I_counts":"{\"6\": 50}","source":189,"target":190,"layer":"L","from":"成都郫筒(地铁站)","to":"成都和平街(地铁站)"},"geometry":{"type":"LineString","coordinates":[[103.89249,30.79876],[103.885197,30.803118]]}},{"type":"Feature","properties":{"shape_id":"{}","direction_id":"{\"1\": 50}","headsign":"{}","duration_avg":120,"n_vehicles":50,"d":1200,"route_I_counts":"{\"6\": 50}","source":190,"target":189,"layer":"L","from":"成都和平街(地铁站)","to":"成都郫筒(地铁站)"},"geometry":{"type":"LineString","coordinates":[[103.885197,30.803118],[103.89249,30.79876]]}},{"type":"Feature","properties":{"shape_id":"{}","direction_id":"{\"0\": 50}","headsign":"{}","duration_avg":120,"n_vehicles":50,"d":1200,"route_I_counts":"{\"6\": 50}","source":190,"target":191,"layer":"L","from":"成都和平街(地铁站)","to":"成都望丛祠(地铁站)"},"geometry":{"type":"LineString","coordinates":[[103.885197,30.803118],[103.87597,30.809909]]}},{"type":"Feature","properties":{"shape_id":"{}","direction_id":"{\"1\": 50}","headsign":"{}","duration_avg":120,"n_vehicles":50,"d":1200,"route_I_counts":"{\"6\": 50}","source":191,"target":190,"layer":"L","from":"成都望丛祠(地铁站)","to":"成都和平街(地铁站)"},"geometry":{"type":"LineString","coordinates":[[103.87597,30.809909],[103.885197,30.803118]]}},{"type":"Feature","properties":{"shape_id":"{}","direction_id":"{\"0\": 50}","headsign":"{}","duration_avg":180,"n_vehicles":50,"d":1800,"route_I_counts":"{\"8\": 50, \"7\": 50}","source":192,"target":61,"layer":"L","from":"成都火车北站(地铁站)","to":"成都驷马桥(地铁站)"},"geometry":{"type":"LineString","coordinates":[[104.071533,30.69791],[104.090787,30.697883]]}},{"type":"Feature","properties":{"shape_id":"{}","direction_id":"{\"1\": 50}","headsign":"{}","duration_avg":180,"n_vehicles":50,"d":1800,"route_I_counts":"{\"8\": 50, \"7\": 50}","source":61,"target":192,"layer":"L","from":"成都驷马桥(地铁站)","to":"成都火车北站(地铁站)"},"geometry":{"type":"LineString","coordinates":[[104.090787,30.697883],[104.071533,30.69791]]}},{"type":"Feature","properties":{"shape_id":"{}","direction_id":"{\"0\": 50}","headsign":"{}","duration_avg":120,"n_vehicles":50,"d":1200,"route_I_counts":"{\"8\": 50, \"7\": 50}","source":61,"target":193,"layer":"L","from":"成都驷马桥(地铁站)","to":"成都府青路(地铁站)"},"geometry":{"type":"LineString","coordinates":[[104.090787,30.697883],[104.104683,30.696856]]}},{"type":"Feature","properties":{"shape_id":"{}","direction_id":"{\"1\": 50}","headsign":"{}","duration_avg":120,"n_vehicles":50,"d":1200,"route_I_counts":"{\"8\": 50, \"7\": 50}","source":193,"target":61,"layer":"L","from":"成都府青路(地铁站)","to":"成都驷马桥(地铁站)"},"geometry":{"type":"LineString","coordinates":[[104.104683,30.696856],[104.090787,30.697883]]}},{"type":"Feature","properties":{"shape_id":"{}","direction_id":"{\"0\": 50}","headsign":"{}","duration_avg":120,"n_vehicles":50,"d":1200,"route_I_counts":"{\"8\": 50, \"7\": 50}","source":193,"target":194,"layer":"L","from":"成都府青路(地铁站)","to":"成都八里庄(地铁站)"},"geometry":{"type":"LineString","coordinates":[[104.104683,30.696856],[104.115517,30.689522]]}},{"type":"Feature","properties":{"shape_id":"{}","direction_id":"{\"1\": 50}","headsign":"{}","duration_avg":120,"n_vehicles":50,"d":1200,"route_I_counts":"{\"8\": 50, \"7\": 50}","source":194,"target":193,"layer":"L","from":"成都八里庄(地铁站)","to":"成都府青路(地铁站)"},"geometry":{"type":"LineString","coordinates":[[104.115517,30.689522],[104.104683,30.696856]]}},{"type":"Feature","properties":{"shape_id":"{}","direction_id":"{\"0\": 50}","headsign":"{}","duration_avg":120,"n_vehicles":50,"d":1200,"route_I_counts":"{\"8\": 50, \"7\": 50}","source":194,"target":195,"layer":"L","from":"成都八里庄(地铁站)","to":"成都二仙桥(地铁站)"},"geometry":{"type":"LineString","coordinates":[[104.115517,30.689522],[104.123829,30.683284]]}},{"type":"Feature","properties":{"shape_id":"{}","direction_id":"{\"1\": 50}","headsign":"{}","duration_avg":120,"n_vehicles":50,"d":1200,"route_I_counts":"{\"8\": 50, \"7\": 50}","source":195,"target":194,"layer":"L","from":"成都二仙桥(地铁站)","to":"成都八里庄(地铁站)"},"geometry":{"type":"LineString","coordinates":[[104.123829,30.683284],[104.115517,30.689522]]}},{"type":"Feature","properties":{"shape_id":"{}","direction_id":"{\"0\": 50}","headsign":"{}","duration_avg":120,"n_vehicles":50,"d":1200,"route_I_counts":"{\"8\": 50, \"7\": 50}","source":195,"target":196,"layer":"L","from":"成都二仙桥(地铁站)","to":"成都理工大学(地铁站)"},"geometry":{"type":"LineString","coordinates":[[104.123829,30.683284],[104.132678,30.676599]]}},{"type":"Feature","properties":{"shape_id":"{}","direction_id":"{\"1\": 50}","headsign":"{}","duration_avg":120,"n_vehicles":50,"d":1200,"route_I_counts":"{\"8\": 50, \"7\": 50}","source":196,"target":195,"layer":"L","from":"成都理工大学(地铁站)","to":"成都二仙桥(地铁站)"},"geometry":{"type":"LineString","coordinates":[[104.132678,30.676599],[104.123829,30.683284]]}},{"type":"Feature","properties":{"shape_id":"{}","direction_id":"{\"0\": 50}","headsign":"{}","duration_avg":120,"n_vehicles":50,"d":1200,"route_I_counts":"{\"8\": 50, \"7\": 50}","source":196,"target":197,"layer":"L","from":"成都理工大学(地铁站)","to":"成都崔家店(地铁站)"},"geometry":{"type":"LineString","coordinates":[[104.132678,30.676599],[104.13391,30.667843]]}},{"type":"Feature","properties":{"shape_id":"{}","direction_id":"{\"1\": 50}","headsign":"{}","duration_avg":120,"n_vehicles":50,"d":1200,"route_I_counts":"{\"8\": 50, \"7\": 50}","source":197,"target":196,"layer":"L","from":"成都崔家店(地铁站)","to":"成都理工大学(地铁站)"},"geometry":{"type":"LineString","coordinates":[[104.13391,30.667843],[104.132678,30.676599]]}},{"type":"Feature","properties":{"shape_id":"{}","direction_id":"{\"0\": 50}","headsign":"{}","duration_avg":120,"n_vehicles":50,"d":1200,"route_I_counts":"{\"8\": 50, \"7\": 50}","source":197,"target":198,"layer":"L","from":"成都崔家店(地铁站)","to":"成都双店路(地铁站)"},"geometry":{"type":"LineString","coordinates":[[104.13391,30.667843],[104.13444,30.660009]]}},{"type":"Feature","properties":{"shape_id":"{}","direction_id":"{\"1\": 50}","headsign":"{}","duration_avg":120,"n_vehicles":50,"d":1200,"route_I_counts":"{\"8\": 50, \"7\": 50}","source":198,"target":197,"layer":"L","from":"成都双店路(地铁站)","to":"成都崔家店(地铁站)"},"geometry":{"type":"LineString","coordinates":[[104.13444,30.660009],[104.13391,30.667843]]}},{"type":"Feature","properties":{"shape_id":"{}","direction_id":"{\"0\": 50}","headsign":"{}","duration_avg":120,"n_vehicles":50,"d":1200,"route_I_counts":"{\"8\": 50, \"7\": 50}","source":198,"target":80,"layer":"L","from":"成都双店路(地铁站)","to":"成都槐树店(地铁站)"},"geometry":{"type":"LineString","coordinates":[[104.13444,30.660009],[104.136796,30.651313]]}},{"type":"Feature","properties":{"shape_id":"{}","direction_id":"{\"1\": 50}","headsign":"{}","duration_avg":120,"n_vehicles":50,"d":1200,"route_I_counts":"{\"8\": 50, \"7\": 50}","source":80,"target":198,"layer":"L","from":"成都槐树店(地铁站)","to":"成都双店路(地铁站)"},"geometry":{"type":"LineString","coordinates":[[104.136796,30.651313],[104.13444,30.660009]]}},{"type":"Feature","properties":{"shape_id":"{}","direction_id":"{\"0\": 50}","headsign":"{}","duration_avg":120,"n_vehicles":50,"d":1200,"route_I_counts":"{\"8\": 50, \"7\": 50}","source":80,"target":199,"layer":"L","from":"成都槐树店(地铁站)","to":"成都迎晖路(地铁站)"},"geometry":{"type":"LineString","coordinates":[[104.136796,30.651313],[104.137136,30.640728]]}},{"type":"Feature","properties":{"shape_id":"{}","direction_id":"{\"1\": 50}","headsign":"{}","duration_avg":120,"n_vehicles":50,"d":1200,"route_I_counts":"{\"8\": 50, \"7\": 50}","source":199,"target":80,"layer":"L","from":"成都迎晖路(地铁站)","to":"成都槐树店(地铁站)"},"geometry":{"type":"LineString","coordinates":[[104.137136,30.640728],[104.136796,30.651313]]}},{"type":"Feature","properties":{"shape_id":"{}","direction_id":"{\"0\": 50}","headsign":"{}","duration_avg":120,"n_vehicles":50,"d":1200,"route_I_counts":"{\"8\": 50, \"7\": 50}","source":199,"target":10,"layer":"L","from":"成都迎晖路(地铁站)","to":"成都成都东客站(地铁站)"},"geometry":{"type":"LineString","coordinates":[[104.137136,30.640728],[104.137438,30.631773]]}},{"type":"Feature","properties":{"shape_id":"{}","direction_id":"{\"1\": 50}","headsign":"{}","duration_avg":120,"n_vehicles":50,"d":1200,"route_I_counts":"{\"8\": 50, \"7\": 50}","source":10,"target":199,"layer":"L","from":"成都成都东客站(地铁站)","to":"成都迎晖路(地铁站)"},"geometry":{"type":"LineString","coordinates":[[104.137438,30.631773],[104.137136,30.640728]]}},{"type":"Feature","properties":{"shape_id":"{}","direction_id":"{\"0\": 50}","headsign":"{}","duration_avg":120,"n_vehicles":50,"d":1200,"route_I_counts":"{\"8\": 50, \"7\": 50}","source":10,"target":200,"layer":"L","from":"成都成都东客站(地铁站)","to":"成都大观(地铁站)"},"geometry":{"type":"LineString","coordinates":[[104.137438,30.631773],[104.130412,30.623917]]}},{"type":"Feature","properties":{"shape_id":"{}","direction_id":"{\"1\": 50}","headsign":"{}","duration_avg":120,"n_vehicles":50,"d":1200,"route_I_counts":"{\"8\": 50, \"7\": 50}","source":200,"target":10,"layer":"L","from":"成都大观(地铁站)","to":"成都成都东客站(地铁站)"},"geometry":{"type":"LineString","coordinates":[[104.130412,30.623917],[104.137438,30.631773]]}},{"type":"Feature","properties":{"shape_id":"{}","direction_id":"{\"0\": 50}","headsign":"{}","duration_avg":120,"n_vehicles":50,"d":1200,"route_I_counts":"{\"8\": 50, \"7\": 50}","source":200,"target":201,"layer":"L","from":"成都大观(地铁站)","to":"成都狮子山(地铁站)"},"geometry":{"type":"LineString","coordinates":[[104.130412,30.623917],[104.121781,30.618371]]}},{"type":"Feature","properties":{"shape_id":"{}","direction_id":"{\"1\": 50}","headsign":"{}","duration_avg":120,"n_vehicles":50,"d":1200,"route_I_counts":"{\"8\": 50, \"7\": 50}","source":201,"target":200,"layer":"L","from":"成都狮子山(地铁站)","to":"成都大观(地铁站)"},"geometry":{"type":"LineString","coordinates":[[104.121781,30.618371],[104.130412,30.623917]]}},{"type":"Feature","properties":{"shape_id":"{}","direction_id":"{\"0\": 50}","headsign":"{}","duration_avg":120,"n_vehicles":50,"d":1200,"route_I_counts":"{\"8\": 50, \"7\": 50}","source":201,"target":202,"layer":"L","from":"成都狮子山(地铁站)","to":"成都四川师大(地铁站)"},"geometry":{"type":"LineString","coordinates":[[104.121781,30.618371],[104.113519,30.611792]]}},{"type":"Feature","properties":{"shape_id":"{}","direction_id":"{\"1\": 50}","headsign":"{}","duration_avg":120,"n_vehicles":50,"d":1200,"route_I_counts":"{\"8\": 50, \"7\": 50}","source":202,"target":201,"layer":"L","from":"成都四川师大(地铁站)","to":"成都狮子山(地铁站)"},"geometry":{"type":"LineString","coordinates":[[104.113519,30.611792],[104.121781,30.618371]]}},{"type":"Feature","properties":{"shape_id":"{}","direction_id":"{\"0\": 50}","headsign":"{}","duration_avg":180,"n_vehicles":50,"d":1800,"route_I_counts":"{\"8\": 50, \"7\": 50}","source":202,"target":166,"layer":"L","from":"成都四川师大(地铁站)","to":"成都琉璃场(地铁站)"},"geometry":{"type":"LineString","coordinates":[[104.113519,30.611792],[104.096388,30.610053]]}},{"type":"Feature","properties":{"shape_id":"{}","direction_id":"{\"1\": 50}","headsign":"{}","duration_avg":180,"n_vehicles":50,"d":1800,"route_I_counts":"{\"8\": 50, \"7\": 50}","source":166,"target":202,"layer":"L","from":"成都琉璃场(地铁站)","to":"成都四川师大(地铁站)"},"geometry":{"type":"LineString","coordinates":[[104.096388,30.610053],[104.113519,30.611792]]}},{"type":"Feature","properties":{"shape_id":"{}","direction_id":"{\"0\": 50}","headsign":"{}","duration_avg":120,"n_vehicles":50,"d":1200,"route_I_counts":"{\"8\": 50, \"7\": 50}","source":166,"target":203,"layer":"L","from":"成都琉璃场(地铁站)","to":"成都三瓦窑(地铁站)"},"geometry":{"type":"LineString","coordinates":[[104.096388,30.610053],[104.074936,30.606538]]}},{"type":"Feature","properties":{"shape_id":"{}","direction_id":"{\"1\": 50}","headsign":"{}","duration_avg":120,"n_vehicles":50,"d":1200,"route_I_counts":"{\"8\": 50, \"7\": 50}","source":203,"target":166,"layer":"L","from":"成都三瓦窑(地铁站)","to":"成都琉璃场(地铁站)"},"geometry":{"type":"LineString","coordinates":[[104.074936,30.606538],[104.096388,30.610053]]}},{"type":"Feature","properties":{"shape_id":"{}","direction_id":"{\"0\": 50}","headsign":"{}","duration_avg":120,"n_vehicles":50,"d":1200,"route_I_counts":"{\"8\": 50, \"7\": 50}","source":203,"target":204,"layer":"L","from":"成都三瓦窑(地铁站)","to":"成都火车南站(地铁站)"},"geometry":{"type":"LineString","coordinates":[[104.074936,30.606538],[104.063621,30.60771]]}},{"type":"Feature","properties":{"shape_id":"{}","direction_id":"{\"1\": 50}","headsign":"{}","duration_avg":120,"n_vehicles":50,"d":1200,"route_I_counts":"{\"8\": 50, \"7\": 50}","source":204,"target":203,"layer":"L","from":"成都火车南站(地铁站)","to":"成都三瓦窑(地铁站)"},"geometry":{"type":"LineString","coordinates":[[104.063621,30.60771],[104.074936,30.606538]]}},{"type":"Feature","properties":{"shape_id":"{}","direction_id":"{\"0\": 50}","headsign":"{}","duration_avg":180,"n_vehicles":50,"d":1800,"route_I_counts":"{\"8\": 50, \"7\": 50}","source":204,"target":127,"layer":"L","from":"成都火车南站(地铁站)","to":"成都神仙树(地铁站)"},"geometry":{"type":"LineString","coordinates":[[104.063621,30.60771],[104.045633,30.61253]]}},{"type":"Feature","properties":{"shape_id":"{}","direction_id":"{\"1\": 50}","headsign":"{}","duration_avg":180,"n_vehicles":50,"d":1800,"route_I_counts":"{\"8\": 50, \"7\": 50}","source":127,"target":204,"layer":"L","from":"成都神仙树(地铁站)","to":"成都火车南站(地铁站)"},"geometry":{"type":"LineString","coordinates":[[104.045633,30.61253],[104.063621,30.60771]]}},{"type":"Feature","properties":{"shape_id":"{}","direction_id":"{\"0\": 50}","headsign":"{}","duration_avg":120,"n_vehicles":50,"d":1200,"route_I_counts":"{\"8\": 50, \"7\": 50}","source":127,"target":205,"layer":"L","from":"成都神仙树(地铁站)","to":"成都高朋大道(地铁站)"},"geometry":{"type":"LineString","coordinates":[[104.045633,30.61253],[104.030239,30.619826]]}},{"type":"Feature","properties":{"shape_id":"{}","direction_id":"{\"1\": 50}","headsign":"{}","duration_avg":120,"n_vehicles":50,"d":1200,"route_I_counts":"{\"8\": 50, \"7\": 50}","source":205,"target":127,"layer":"L","from":"成都高朋大道(地铁站)","to":"成都神仙树(地铁站)"},"geometry":{"type":"LineString","coordinates":[[104.030239,30.619826],[104.045633,30.61253]]}},{"type":"Feature","properties":{"shape_id":"{}","direction_id":"{\"0\": 50}","headsign":"{}","duration_avg":120,"n_vehicles":50,"d":1200,"route_I_counts":"{\"8\": 50, \"7\": 50}","source":205,"target":50,"layer":"L","from":"成都高朋大道(地铁站)","to":"成都太平园(地铁站)"},"geometry":{"type":"LineString","coordinates":[[104.030239,30.619826],[104.019197,30.627914]]}},{"type":"Feature","properties":{"shape_id":"{}","direction_id":"{\"1\": 50}","headsign":"{}","duration_avg":120,"n_vehicles":50,"d":1200,"route_I_counts":"{\"8\": 50, \"7\": 50}","source":50,"target":205,"layer":"L","from":"成都太平园(地铁站)","to":"成都高朋大道(地铁站)"},"geometry":{"type":"LineString","coordinates":[[104.019197,30.627914],[104.030239,30.619826]]}},{"type":"Feature","properties":{"shape_id":"{}","direction_id":"{\"0\": 50}","headsign":"{}","duration_avg":120,"n_vehicles":50,"d":1200,"route_I_counts":"{\"8\": 50, \"7\": 50}","source":50,"target":206,"layer":"L","from":"成都太平园(地铁站)","to":"成都武侯大道(地铁站)"},"geometry":{"type":"LineString","coordinates":[[104.019197,30.627914],[104.010575,30.639565]]}},{"type":"Feature","properties":{"shape_id":"{}","direction_id":"{\"1\": 50}","headsign":"{}","duration_avg":120,"n_vehicles":50,"d":1200,"route_I_counts":"{\"8\": 50, \"7\": 50}","source":206,"target":50,"layer":"L","from":"成都武侯大道(地铁站)","to":"成都太平园(地铁站)"},"geometry":{"type":"LineString","coordinates":[[104.010575,30.639565],[104.019197,30.627914]]}},{"type":"Feature","properties":{"shape_id":"{}","direction_id":"{\"0\": 50}","headsign":"{}","duration_avg":120,"n_vehicles":50,"d":1200,"route_I_counts":"{\"8\": 50, \"7\": 50}","source":206,"target":207,"layer":"L","from":"成都武侯大道(地铁站)","to":"成都龙爪堰(地铁站)"},"geometry":{"type":"LineString","coordinates":[[104.010575,30.639565],[104.006158,30.653906]]}},{"type":"Feature","properties":{"shape_id":"{}","direction_id":"{\"1\": 50}","headsign":"{}","duration_avg":120,"n_vehicles":50,"d":1200,"route_I_counts":"{\"8\": 50, \"7\": 50}","source":207,"target":206,"layer":"L","from":"成都龙爪堰(地铁站)","to":"成都武侯大道(地铁站)"},"geometry":{"type":"LineString","coordinates":[[104.006158,30.653906],[104.010575,30.639565]]}},{"type":"Feature","properties":{"shape_id":"{}","direction_id":"{\"0\": 50}","headsign":"{}","duration_avg":120,"n_vehicles":50,"d":1200,"route_I_counts":"{\"8\": 50, \"7\": 50}","source":207,"target":208,"layer":"L","from":"成都龙爪堰(地铁站)","to":"成都东坡路(地铁站)"},"geometry":{"type":"LineString","coordinates":[[104.006158,30.653906],[104.005588,30.663426]]}},{"type":"Feature","properties":{"shape_id":"{}","direction_id":"{\"1\": 50}","headsign":"{}","duration_avg":120,"n_vehicles":50,"d":1200,"route_I_counts":"{\"8\": 50, \"7\": 50}","source":208,"target":207,"layer":"L","from":"成都东坡路(地铁站)","to":"成都龙爪堰(地铁站)"},"geometry":{"type":"LineString","coordinates":[[104.005588,30.663426],[104.006158,30.653906]]}},{"type":"Feature","properties":{"shape_id":"{}","direction_id":"{\"0\": 50}","headsign":"{}","duration_avg":180,"n_vehicles":50,"d":1800,"route_I_counts":"{\"8\": 50, \"7\": 50}","source":208,"target":89,"layer":"L","from":"成都东坡路(地铁站)","to":"成都文化宫(地铁站)"},"geometry":{"type":"LineString","coordinates":[[104.005588,30.663426],[104.007072,30.674807]]}},{"type":"Feature","properties":{"shape_id":"{}","direction_id":"{\"1\": 50}","headsign":"{}","duration_avg":180,"n_vehicles":50,"d":1800,"route_I_counts":"{\"8\": 50, \"7\": 50}","source":89,"target":208,"layer":"L","from":"成都文化宫(地铁站)","to":"成都东坡路(地铁站)"},"geometry":{"type":"LineString","coordinates":[[104.007072,30.674807],[104.005588,30.663426]]}},{"type":"Feature","properties":{"shape_id":"{}","direction_id":"{\"0\": 50}","headsign":"{}","duration_avg":120,"n_vehicles":50,"d":1200,"route_I_counts":"{\"8\": 50, \"7\": 50}","source":89,"target":209,"layer":"L","from":"成都文化宫(地铁站)","to":"成都金沙博物馆(地铁站)"},"geometry":{"type":"LineString","coordinates":[[104.007072,30.674807],[104.010167,30.679974]]}},{"type":"Feature","properties":{"shape_id":"{}","direction_id":"{\"1\": 50}","headsign":"{}","duration_avg":120,"n_vehicles":50,"d":1200,"route_I_counts":"{\"8\": 50, \"7\": 50}","source":209,"target":89,"layer":"L","from":"成都金沙博物馆(地铁站)","to":"成都文化宫(地铁站)"},"geometry":{"type":"LineString","coordinates":[[104.010167,30.679974],[104.007072,30.674807]]}},{"type":"Feature","properties":{"shape_id":"{}","direction_id":"{\"0\": 50}","headsign":"{}","duration_avg":180,"n_vehicles":50,"d":1800,"route_I_counts":"{\"8\": 50, \"7\": 50}","source":209,"target":23,"layer":"L","from":"成都金沙博物馆(地铁站)","to":"成都一品天下(地铁站)"},"geometry":{"type":"LineString","coordinates":[[104.010167,30.679974],[104.017251,30.691454]]}},{"type":"Feature","properties":{"shape_id":"{}","direction_id":"{\"1\": 50}","headsign":"{}","duration_avg":180,"n_vehicles":50,"d":1800,"route_I_counts":"{\"8\": 50, \"7\": 50}","source":23,"target":209,"layer":"L","from":"成都一品天下(地铁站)","to":"成都金沙博物馆(地铁站)"},"geometry":{"type":"LineString","coordinates":[[104.017251,30.691454],[104.010167,30.679974]]}},{"type":"Feature","properties":{"shape_id":"{}","direction_id":"{\"0\": 50}","headsign":"{}","duration_avg":120,"n_vehicles":50,"d":1200,"route_I_counts":"{\"8\": 50, \"7\": 50}","source":23,"target":210,"layer":"L","from":"成都一品天下(地铁站)","to":"成都茶店子(地铁站)"},"geometry":{"type":"LineString","coordinates":[[104.017251,30.691454],[104.028417,30.698706]]}},{"type":"Feature","properties":{"shape_id":"{}","direction_id":"{\"1\": 50}","headsign":"{}","duration_avg":120,"n_vehicles":50,"d":1200,"route_I_counts":"{\"8\": 50, \"7\": 50}","source":210,"target":23,"layer":"L","from":"成都茶店子(地铁站)","to":"成都一品天下(地铁站)"},"geometry":{"type":"LineString","coordinates":[[104.028417,30.698706],[104.017251,30.691454]]}},{"type":"Feature","properties":{"shape_id":"{}","direction_id":"{\"0\": 50}","headsign":"{}","duration_avg":120,"n_vehicles":50,"d":1200,"route_I_counts":"{\"8\": 50, \"7\": 50}","source":210,"target":211,"layer":"L","from":"成都茶店子(地铁站)","to":"成都花照壁(地铁站)"},"geometry":{"type":"LineString","coordinates":[[104.028417,30.698706],[104.038382,30.699077]]}},{"type":"Feature","properties":{"shape_id":"{}","direction_id":"{\"1\": 50}","headsign":"{}","duration_avg":120,"n_vehicles":50,"d":1200,"route_I_counts":"{\"8\": 50, \"7\": 50}","source":211,"target":210,"layer":"L","from":"成都花照壁(地铁站)","to":"成都茶店子(地铁站)"},"geometry":{"type":"LineString","coordinates":[[104.038382,30.699077],[104.028417,30.698706]]}},{"type":"Feature","properties":{"shape_id":"{}","direction_id":"{\"0\": 50}","headsign":"{}","duration_avg":120,"n_vehicles":50,"d":1200,"route_I_counts":"{\"8\": 50, \"7\": 50}","source":211,"target":175,"layer":"L","from":"成都花照壁(地铁站)","to":"成都西南交大(地铁站)"},"geometry":{"type":"LineString","coordinates":[[104.038382,30.699077],[104.046855,30.6975]]}},{"type":"Feature","properties":{"shape_id":"{}","direction_id":"{\"1\": 50}","headsign":"{}","duration_avg":120,"n_vehicles":50,"d":1200,"route_I_counts":"{\"8\": 50, \"7\": 50}","source":175,"target":211,"layer":"L","from":"成都西南交大(地铁站)","to":"成都花照壁(地铁站)"},"geometry":{"type":"LineString","coordinates":[[104.046855,30.6975],[104.038382,30.699077]]}},{"type":"Feature","properties":{"shape_id":"{}","direction_id":"{\"0\": 50}","headsign":"{}","duration_avg":60,"n_vehicles":50,"d":600,"route_I_counts":"{\"8\": 50, \"7\": 50}","source":175,"target":212,"layer":"L","from":"成都西南交大(地铁站)","to":"成都九里堤(地铁站)"},"geometry":{"type":"LineString","coordinates":[[104.046855,30.6975],[104.054627,30.69706]]}},{"type":"Feature","properties":{"shape_id":"{}","direction_id":"{\"1\": 50}","headsign":"{}","duration_avg":60,"n_vehicles":50,"d":600,"route_I_counts":"{\"8\": 50, \"7\": 50}","source":212,"target":175,"layer":"L","from":"成都九里堤(地铁站)","to":"成都西南交大(地铁站)"},"geometry":{"type":"LineString","coordinates":[[104.054627,30.69706],[104.046855,30.6975]]}},{"type":"Feature","properties":{"shape_id":"{}","direction_id":"{\"0\": 50}","headsign":"{}","duration_avg":120,"n_vehicles":50,"d":1200,"route_I_counts":"{\"8\": 50, \"7\": 50}","source":212,"target":119,"layer":"L","from":"成都九里堤(地铁站)","to":"成都北站西二路(地铁站)"},"geometry":{"type":"LineString","coordinates":[[104.054627,30.69706],[104.063643,30.696164]]}},{"type":"Feature","properties":{"shape_id":"{}","direction_id":"{\"1\": 50}","headsign":"{}","duration_avg":120,"n_vehicles":50,"d":1200,"route_I_counts":"{\"8\": 50, \"7\": 50}","source":119,"target":212,"layer":"L","from":"成都北站西二路(地铁站)","to":"成都九里堤(地铁站)"},"geometry":{"type":"LineString","coordinates":[[104.063643,30.696164],[104.054627,30.69706]]}},{"type":"Feature","properties":{"shape_id":"{}","direction_id":"{\"0\": 50}","headsign":"{}","duration_avg":120,"n_vehicles":50,"d":1200,"route_I_counts":"{\"8\": 50, \"7\": 50}","source":119,"target":192,"layer":"L","from":"成都北站西二路(地铁站)","to":"成都火车北站(地铁站)"},"geometry":{"type":"LineString","coordinates":[[104.063643,30.696164],[104.071533,30.69791]]}},{"type":"Feature","properties":{"shape_id":"{}","direction_id":"{\"1\": 50}","headsign":"{}","duration_avg":120,"n_vehicles":50,"d":1200,"route_I_counts":"{\"8\": 50, \"7\": 50}","source":192,"target":119,"layer":"L","from":"成都火车北站(地铁站)","to":"成都北站西二路(地铁站)"},"geometry":{"type":"LineString","coordinates":[[104.071533,30.69791],[104.063643,30.696164]]}},{"type":"Feature","properties":{"shape_id":"{}","direction_id":"{\"0\": 50}","headsign":"{}","duration_avg":120,"n_vehicles":50,"d":1200,"route_I_counts":"{\"9\": 50}","source":213,"target":214,"layer":"L","from":"成都桂龙路(地铁站)","to":"成都桂林(地铁站)"},"geometry":{"type":"LineString","coordinates":[[104.186721,30.719341],[104.17678,30.719314]]}},{"type":"Feature","properties":{"shape_id":"{}","direction_id":"{\"1\": 50}","headsign":"{}","duration_avg":120,"n_vehicles":50,"d":1200,"route_I_counts":"{\"9\": 50}","source":214,"target":213,"layer":"L","from":"成都桂林(地铁站)","to":"成都桂龙路(地铁站)"},"geometry":{"type":"LineString","coordinates":[[104.17678,30.719314],[104.186721,30.719341]]}},{"type":"Feature","properties":{"shape_id":"{}","direction_id":"{\"0\": 50}","headsign":"{}","duration_avg":120,"n_vehicles":50,"d":1200,"route_I_counts":"{\"9\": 50}","source":214,"target":215,"layer":"L","from":"成都桂林(地铁站)","to":"成都同乐(地铁站)"},"geometry":{"type":"LineString","coordinates":[[104.17678,30.719314],[104.167983,30.714243]]}},{"type":"Feature","properties":{"shape_id":"{}","direction_id":"{\"1\": 50}","headsign":"{}","duration_avg":120,"n_vehicles":50,"d":1200,"route_I_counts":"{\"9\": 50}","source":215,"target":214,"layer":"L","from":"成都同乐(地铁站)","to":"成都桂林(地铁站)"},"geometry":{"type":"LineString","coordinates":[[104.167983,30.714243],[104.17678,30.719314]]}},{"type":"Feature","properties":{"shape_id":"{}","direction_id":"{\"0\": 50}","headsign":"{}","duration_avg":120,"n_vehicles":50,"d":1200,"route_I_counts":"{\"9\": 50}","source":215,"target":216,"layer":"L","from":"成都同乐(地铁站)","to":"成都龙潭寺(地铁站)"},"geometry":{"type":"LineString","coordinates":[[104.167983,30.714243],[104.162498,30.704314]]}},{"type":"Feature","properties":{"shape_id":"{}","direction_id":"{\"1\": 50}","headsign":"{}","duration_avg":120,"n_vehicles":50,"d":1200,"route_I_counts":"{\"9\": 50}","source":216,"target":215,"layer":"L","from":"成都龙潭寺(地铁站)","to":"成都同乐(地铁站)"},"geometry":{"type":"LineString","coordinates":[[104.162498,30.704314],[104.167983,30.714243]]}},{"type":"Feature","properties":{"shape_id":"{}","direction_id":"{\"0\": 50}","headsign":"{}","duration_avg":180,"n_vehicles":50,"d":1800,"route_I_counts":"{\"9\": 50}","source":216,"target":217,"layer":"L","from":"成都龙潭寺(地铁站)","to":"成都龙潭立交(地铁站)"},"geometry":{"type":"LineString","coordinates":[[104.162498,30.704314],[104.155153,30.696695]]}},{"type":"Feature","properties":{"shape_id":"{}","direction_id":"{\"1\": 50}","headsign":"{}","duration_avg":180,"n_vehicles":50,"d":1800,"route_I_counts":"{\"9\": 50}","source":217,"target":216,"layer":"L","from":"成都龙潭立交(地铁站)","to":"成都龙潭寺(地铁站)"},"geometry":{"type":"LineString","coordinates":[[104.155153,30.696695],[104.162498,30.704314]]}},{"type":"Feature","properties":{"shape_id":"{}","direction_id":"{\"0\": 50}","headsign":"{}","duration_avg":60,"n_vehicles":50,"d":600,"route_I_counts":"{\"9\": 50}","source":217,"target":218,"layer":"L","from":"成都龙潭立交(地铁站)","to":"成都圣灯公园(地铁站)"},"geometry":{"type":"LineString","coordinates":[[104.155153,30.696695],[104.148904,30.689926]]}},{"type":"Feature","properties":{"shape_id":"{}","direction_id":"{\"1\": 50}","headsign":"{}","duration_avg":60,"n_vehicles":50,"d":600,"route_I_counts":"{\"9\": 50}","source":218,"target":217,"layer":"L","from":"成都圣灯公园(地铁站)","to":"成都龙潭立交(地铁站)"},"geometry":{"type":"LineString","coordinates":[[104.148904,30.689926],[104.155153,30.696695]]}},{"type":"Feature","properties":{"shape_id":"{}","direction_id":"{\"0\": 50}","headsign":"{}","duration_avg":180,"n_vehicles":50,"d":1800,"route_I_counts":"{\"9\": 50}","source":218,"target":219,"layer":"L","from":"成都圣灯公园(地铁站)","to":"成都十里店(地铁站)"},"geometry":{"type":"LineString","coordinates":[[104.148904,30.689926],[104.141687,30.681956]]}},{"type":"Feature","properties":{"shape_id":"{}","direction_id":"{\"1\": 50}","headsign":"{}","duration_avg":180,"n_vehicles":50,"d":1800,"route_I_counts":"{\"9\": 50}","source":219,"target":218,"layer":"L","from":"成都十里店(地铁站)","to":"成都圣灯公园(地铁站)"},"geometry":{"type":"LineString","coordinates":[[104.141687,30.681956],[104.148904,30.689926]]}},{"type":"Feature","properties":{"shape_id":"{}","direction_id":"{\"0\": 50}","headsign":"{}","duration_avg":60,"n_vehicles":50,"d":600,"route_I_counts":"{\"9\": 50}","source":219,"target":196,"layer":"L","from":"成都十里店(地铁站)","to":"成都理工大学(地铁站)"},"geometry":{"type":"LineString","coordinates":[[104.141687,30.681956],[104.132678,30.676599]]}},{"type":"Feature","properties":{"shape_id":"{}","direction_id":"{\"1\": 50}","headsign":"{}","duration_avg":60,"n_vehicles":50,"d":600,"route_I_counts":"{\"9\": 50}","source":196,"target":219,"layer":"L","from":"成都理工大学(地铁站)","to":"成都十里店(地铁站)"},"geometry":{"type":"LineString","coordinates":[[104.132678,30.676599],[104.141687,30.681956]]}},{"type":"Feature","properties":{"shape_id":"{}","direction_id":"{\"0\": 50}","headsign":"{}","duration_avg":120,"n_vehicles":50,"d":1200,"route_I_counts":"{\"9\": 50}","source":196,"target":220,"layer":"L","from":"成都理工大学(地铁站)","to":"成都东郊记忆(地铁站)"},"geometry":{"type":"LineString","coordinates":[[104.132678,30.676599],[104.126537,30.670974]]}},{"type":"Feature","properties":{"shape_id":"{}","direction_id":"{\"1\": 50}","headsign":"{}","duration_avg":120,"n_vehicles":50,"d":1200,"route_I_counts":"{\"9\": 50}","source":220,"target":196,"layer":"L","from":"成都东郊记忆(地铁站)","to":"成都理工大学(地铁站)"},"geometry":{"type":"LineString","coordinates":[[104.126537,30.670974],[104.132678,30.676599]]}},{"type":"Feature","properties":{"shape_id":"{}","direction_id":"{\"0\": 50}","headsign":"{}","duration_avg":120,"n_vehicles":50,"d":1200,"route_I_counts":"{\"9\": 50}","source":220,"target":221,"layer":"L","from":"成都东郊记忆(地铁站)","to":"成都杉板桥(地铁站)"},"geometry":{"type":"LineString","coordinates":[[104.126537,30.670974],[104.116756,30.666575]]}},{"type":"Feature","properties":{"shape_id":"{}","direction_id":"{\"1\": 50}","headsign":"{}","duration_avg":120,"n_vehicles":50,"d":1200,"route_I_counts":"{\"9\": 50}","source":221,"target":220,"layer":"L","from":"成都杉板桥(地铁站)","to":"成都东郊记忆(地铁站)"},"geometry":{"type":"LineString","coordinates":[[104.116756,30.666575],[104.126537,30.670974]]}},{"type":"Feature","properties":{"shape_id":"{}","direction_id":"{\"0\": 50}","headsign":"{}","duration_avg":120,"n_vehicles":50,"d":1200,"route_I_counts":"{\"9\": 50}","source":221,"target":222,"layer":"L","from":"成都杉板桥(地铁站)","to":"成都万年路(地铁站)"},"geometry":{"type":"LineString","coordinates":[[104.116756,30.666575],[104.11241,30.657215]]}},{"type":"Feature","properties":{"shape_id":"{}","direction_id":"{\"1\": 50}","headsign":"{}","duration_avg":120,"n_vehicles":50,"d":1200,"route_I_counts":"{\"9\": 50}","source":222,"target":221,"layer":"L","from":"成都万年路(地铁站)","to":"成都杉板桥(地铁站)"},"geometry":{"type":"LineString","coordinates":[[104.11241,30.657215],[104.116756,30.666575]]}},{"type":"Feature","properties":{"shape_id":"{}","direction_id":"{\"0\": 50}","headsign":"{}","duration_avg":120,"n_vehicles":50,"d":1200,"route_I_counts":"{\"9\": 50}","source":222,"target":82,"layer":"L","from":"成都万年路(地铁站)","to":"成都双桥路(地铁站)"},"geometry":{"type":"LineString","coordinates":[[104.11241,30.657215],[104.110739,30.649382]]}},{"type":"Feature","properties":{"shape_id":"{}","direction_id":"{\"1\": 50}","headsign":"{}","duration_avg":120,"n_vehicles":50,"d":1200,"route_I_counts":"{\"9\": 50}","source":82,"target":222,"layer":"L","from":"成都双桥路(地铁站)","to":"成都万年路(地铁站)"},"geometry":{"type":"LineString","coordinates":[[104.110739,30.649382],[104.11241,30.657215]]}},{"type":"Feature","properties":{"shape_id":"{}","direction_id":"{\"0\": 50}","headsign":"{}","duration_avg":180,"n_vehicles":50,"d":1800,"route_I_counts":"{\"9\": 50}","source":82,"target":12,"layer":"L","from":"成都双桥路(地铁站)","to":"成都东大路(地铁站)"},"geometry":{"type":"LineString","coordinates":[[104.110739,30.649382],[104.109633,30.636228]]}},{"type":"Feature","properties":{"shape_id":"{}","direction_id":"{\"1\": 50}","headsign":"{}","duration_avg":180,"n_vehicles":50,"d":1800,"route_I_counts":"{\"9\": 50}","source":12,"target":82,"layer":"L","from":"成都东大路(地铁站)","to":"成都双桥路(地铁站)"},"geometry":{"type":"LineString","coordinates":[[104.109633,30.636228],[104.110739,30.649382]]}},{"type":"Feature","properties":{"shape_id":"{}","direction_id":"{\"0\": 50}","headsign":"{}","duration_avg":120,"n_vehicles":50,"d":1200,"route_I_counts":"{\"9\": 50}","source":12,"target":223,"layer":"L","from":"成都东大路(地铁站)","to":"成都净居寺(地铁站)"},"geometry":{"type":"LineString","coordinates":[[104.109633,30.636228],[104.101869,30.62503]]}},{"type":"Feature","properties":{"shape_id":"{}","direction_id":"{\"1\": 50}","headsign":"{}","duration_avg":120,"n_vehicles":50,"d":1200,"route_I_counts":"{\"9\": 50}","source":223,"target":12,"layer":"L","from":"成都净居寺(地铁站)","to":"成都东大路(地铁站)"},"geometry":{"type":"LineString","coordinates":[[104.101869,30.62503],[104.109633,30.636228]]}},{"type":"Feature","properties":{"shape_id":"{}","direction_id":"{\"0\": 50}","headsign":"{}","duration_avg":120,"n_vehicles":50,"d":1200,"route_I_counts":"{\"9\": 50}","source":223,"target":167,"layer":"L","from":"成都净居寺(地铁站)","to":"成都东光(地铁站)"},"geometry":{"type":"LineString","coordinates":[[104.101869,30.62503],[104.095952,30.62199]]}},{"type":"Feature","properties":{"shape_id":"{}","direction_id":"{\"1\": 50}","headsign":"{}","duration_avg":120,"n_vehicles":50,"d":1200,"route_I_counts":"{\"9\": 50}","source":167,"target":223,"layer":"L","from":"成都东光(地铁站)","to":"成都净居寺(地铁站)"},"geometry":{"type":"LineString","coordinates":[[104.095952,30.62199],[104.101869,30.62503]]}},{"type":"Feature","properties":{"shape_id":"{}","direction_id":"{\"0\": 50}","headsign":"{}","duration_avg":120,"n_vehicles":50,"d":1200,"route_I_counts":"{\"9\": 50}","source":167,"target":224,"layer":"L","from":"成都东光(地铁站)","to":"成都东湖公园(地铁站)"},"geometry":{"type":"LineString","coordinates":[[104.095952,30.62199],[104.085121,30.621864]]}},{"type":"Feature","properties":{"shape_id":"{}","direction_id":"{\"1\": 50}","headsign":"{}","duration_avg":120,"n_vehicles":50,"d":1200,"route_I_counts":"{\"9\": 50}","source":224,"target":167,"layer":"L","from":"成都东湖公园(地铁站)","to":"成都东光(地铁站)"},"geometry":{"type":"LineString","coordinates":[[104.085121,30.621864],[104.095952,30.62199]]}},{"type":"Feature","properties":{"shape_id":"{}","direction_id":"{\"0\": 50}","headsign":"{}","duration_avg":120,"n_vehicles":50,"d":1200,"route_I_counts":"{\"9\": 50}","source":224,"target":225,"layer":"L","from":"成都东湖公园(地铁站)","to":"成都川大望江校区(地铁站)"},"geometry":{"type":"LineString","coordinates":[[104.085121,30.621864],[104.073106,30.62761]]}},{"type":"Feature","properties":{"shape_id":"{}","direction_id":"{\"1\": 50}","headsign":"{}","duration_avg":120,"n_vehicles":50,"d":1200,"route_I_counts":"{\"9\": 50}","source":225,"target":224,"layer":"L","from":"成都川大望江校区(地铁站)","to":"成都东湖公园(地铁站)"},"geometry":{"type":"LineString","coordinates":[[104.073106,30.62761],[104.085121,30.621864]]}},{"type":"Feature","properties":{"shape_id":"{}","direction_id":"{\"0\": 50}","headsign":"{}","duration_avg":120,"n_vehicles":50,"d":1200,"route_I_counts":"{\"9\": 50}","source":225,"target":226,"layer":"L","from":"成都川大望江校区(地铁站)","to":"成都倪家桥(地铁站)"},"geometry":{"type":"LineString","coordinates":[[104.073106,30.62761],[104.063134,30.6274]]}},{"type":"Feature","properties":{"shape_id":"{}","direction_id":"{\"1\": 50}","headsign":"{}","duration_avg":120,"n_vehicles":50,"d":1200,"route_I_counts":"{\"9\": 50}","source":226,"target":225,"layer":"L","from":"成都倪家桥(地铁站)","to":"成都川大望江校区(地铁站)"},"geometry":{"type":"LineString","coordinates":[[104.063134,30.6274],[104.073106,30.62761]]}},{"type":"Feature","properties":{"shape_id":"{}","direction_id":"{\"0\": 50}","headsign":"{}","duration_avg":120,"n_vehicles":50,"d":1200,"route_I_counts":"{\"9\": 50}","source":226,"target":227,"layer":"L","from":"成都倪家桥(地铁站)","to":"成都芳草街(地铁站)"},"geometry":{"type":"LineString","coordinates":[[104.063134,30.6274],[104.049874,30.628498]]}},{"type":"Feature","properties":{"shape_id":"{}","direction_id":"{\"1\": 50}","headsign":"{}","duration_avg":120,"n_vehicles":50,"d":1200,"route_I_counts":"{\"9\": 50}","source":227,"target":226,"layer":"L","from":"成都芳草街(地铁站)","to":"成都倪家桥(地铁站)"},"geometry":{"type":"LineString","coordinates":[[104.049874,30.628498],[104.063134,30.6274]]}},{"type":"Feature","properties":{"shape_id":"{}","direction_id":"{\"0\": 50}","headsign":"{}","duration_avg":120,"n_vehicles":50,"d":1200,"route_I_counts":"{\"9\": 50}","source":227,"target":228,"layer":"L","from":"成都芳草街(地铁站)","to":"成都永丰(地铁站)"},"geometry":{"type":"LineString","coordinates":[[104.049874,30.628498],[104.04444,30.630634]]}},{"type":"Feature","properties":{"shape_id":"{}","direction_id":"{\"1\": 50}","headsign":"{}","duration_avg":120,"n_vehicles":50,"d":1200,"route_I_counts":"{\"9\": 50}","source":228,"target":227,"layer":"L","from":"成都永丰(地铁站)","to":"成都芳草街(地铁站)"},"geometry":{"type":"LineString","coordinates":[[104.04444,30.630634],[104.049874,30.628498]]}},{"type":"Feature","properties":{"shape_id":"{}","direction_id":"{\"0\": 50}","headsign":"{}","duration_avg":120,"n_vehicles":50,"d":1200,"route_I_counts":"{\"9\": 50}","source":228,"target":126,"layer":"L","from":"成都永丰(地铁站)","to":"成都九兴大道(地铁站)"},"geometry":{"type":"LineString","coordinates":[[104.04444,30.630634],[104.037426,30.623168]]}},{"type":"Feature","properties":{"shape_id":"{}","direction_id":"{\"1\": 50}","headsign":"{}","duration_avg":120,"n_vehicles":50,"d":1200,"route_I_counts":"{\"9\": 50}","source":126,"target":228,"layer":"L","from":"成都九兴大道(地铁站)","to":"成都永丰(地铁站)"},"geometry":{"type":"LineString","coordinates":[[104.037426,30.623168],[104.04444,30.630634]]}},{"type":"Feature","properties":{"shape_id":"{}","direction_id":"{\"0\": 50}","headsign":"{}","duration_avg":60,"n_vehicles":50,"d":600,"route_I_counts":"{\"9\": 50}","source":126,"target":205,"layer":"L","from":"成都九兴大道(地铁站)","to":"成都高朋大道(地铁站)"},"geometry":{"type":"LineString","coordinates":[[104.037426,30.623168],[104.030239,30.619826]]}},{"type":"Feature","properties":{"shape_id":"{}","direction_id":"{\"1\": 50}","headsign":"{}","duration_avg":60,"n_vehicles":50,"d":600,"route_I_counts":"{\"9\": 50}","source":205,"target":126,"layer":"L","from":"成都高朋大道(地铁站)","to":"成都九兴大道(地铁站)"},"geometry":{"type":"LineString","coordinates":[[104.030239,30.619826],[104.037426,30.623168]]}},{"type":"Feature","properties":{"shape_id":"{}","direction_id":"{\"0\": 50}","headsign":"{}","duration_avg":120,"n_vehicles":50,"d":1200,"route_I_counts":"{\"9\": 50}","source":205,"target":229,"layer":"L","from":"成都高朋大道(地铁站)","to":"成都殷家林(地铁站)"},"geometry":{"type":"LineString","coordinates":[[104.030239,30.619826],[104.031926,30.608435]]}},{"type":"Feature","properties":{"shape_id":"{}","direction_id":"{\"1\": 50}","headsign":"{}","duration_avg":120,"n_vehicles":50,"d":1200,"route_I_counts":"{\"9\": 50}","source":229,"target":205,"layer":"L","from":"成都殷家林(地铁站)","to":"成都高朋大道(地铁站)"},"geometry":{"type":"LineString","coordinates":[[104.031926,30.608435],[104.030239,30.619826]]}},{"type":"Feature","properties":{"shape_id":"{}","direction_id":"{\"0\": 50}","headsign":"{}","duration_avg":120,"n_vehicles":50,"d":1200,"route_I_counts":"{\"9\": 50}","source":229,"target":230,"layer":"L","from":"成都殷家林(地铁站)","to":"成都庆安(地铁站)"},"geometry":{"type":"LineString","coordinates":[[104.031926,30.608435],[104.031565,30.600905]]}},{"type":"Feature","properties":{"shape_id":"{}","direction_id":"{\"1\": 50}","headsign":"{}","duration_avg":120,"n_vehicles":50,"d":1200,"route_I_counts":"{\"9\": 50}","source":230,"target":229,"layer":"L","from":"成都庆安(地铁站)","to":"成都殷家林(地铁站)"},"geometry":{"type":"LineString","coordinates":[[104.031565,30.600905],[104.031926,30.608435]]}},{"type":"Feature","properties":{"shape_id":"{}","direction_id":"{\"0\": 50}","headsign":"{}","duration_avg":120,"n_vehicles":50,"d":1200,"route_I_counts":"{\"9\": 50}","source":230,"target":231,"layer":"L","from":"成都庆安(地铁站)","to":"成都石羊(地铁站)"},"geometry":{"type":"LineString","coordinates":[[104.031565,30.600905],[104.028709,30.587996]]}},{"type":"Feature","properties":{"shape_id":"{}","direction_id":"{\"1\": 50}","headsign":"{}","duration_avg":120,"n_vehicles":50,"d":1200,"route_I_counts":"{\"9\": 50}","source":231,"target":230,"layer":"L","from":"成都石羊(地铁站)","to":"成都庆安(地铁站)"},"geometry":{"type":"LineString","coordinates":[[104.028709,30.587996],[104.031565,30.600905]]}},{"type":"Feature","properties":{"shape_id":"{}","direction_id":"{\"0\": 50}","headsign":"{}","duration_avg":120,"n_vehicles":50,"d":1200,"route_I_counts":"{\"9\": 50}","source":231,"target":232,"layer":"L","from":"成都石羊(地铁站)","to":"成都三元(地铁站)"},"geometry":{"type":"LineString","coordinates":[[104.028709,30.587996],[104.024303,30.58403]]}},{"type":"Feature","properties":{"shape_id":"{}","direction_id":"{\"1\": 50}","headsign":"{}","duration_avg":120,"n_vehicles":50,"d":1200,"route_I_counts":"{\"9\": 50}","source":232,"target":231,"layer":"L","from":"成都三元(地铁站)","to":"成都石羊(地铁站)"},"geometry":{"type":"LineString","coordinates":[[104.024303,30.58403],[104.028709,30.587996]]}},{"type":"Feature","properties":{"shape_id":"{}","direction_id":"{\"0\": 50}","headsign":"{}","duration_avg":120,"n_vehicles":50,"d":1200,"route_I_counts":"{\"9\": 50}","source":232,"target":233,"layer":"L","from":"成都三元(地铁站)","to":"成都顺风(地铁站)"},"geometry":{"type":"LineString","coordinates":[[104.024303,30.58403],[104.00862,30.579732]]}},{"type":"Feature","properties":{"shape_id":"{}","direction_id":"{\"1\": 50}","headsign":"{}","duration_avg":120,"n_vehicles":50,"d":1200,"route_I_counts":"{\"9\": 50}","source":233,"target":232,"layer":"L","from":"成都顺风(地铁站)","to":"成都三元(地铁站)"},"geometry":{"type":"LineString","coordinates":[[104.00862,30.579732],[104.024303,30.58403]]}},{"type":"Feature","properties":{"shape_id":"{}","direction_id":"{\"0\": 50}","headsign":"{}","duration_avg":180,"n_vehicles":50,"d":1800,"route_I_counts":"{\"9\": 50}","source":233,"target":234,"layer":"L","from":"成都顺风(地铁站)","to":"成都珠江路(地铁站)"},"geometry":{"type":"LineString","coordinates":[[104.00862,30.579732],[104.005806,30.568866]]}},{"type":"Feature","properties":{"shape_id":"{}","direction_id":"{\"1\": 50}","headsign":"{}","duration_avg":180,"n_vehicles":50,"d":1800,"route_I_counts":"{\"9\": 50}","source":234,"target":233,"layer":"L","from":"成都珠江路(地铁站)","to":"成都顺风(地铁站)"},"geometry":{"type":"LineString","coordinates":[[104.005806,30.568866],[104.00862,30.579732]]}},{"type":"Feature","properties":{"shape_id":"{}","direction_id":"{\"0\": 50}","headsign":"{}","duration_avg":120,"n_vehicles":50,"d":1200,"route_I_counts":"{\"9\": 50}","source":234,"target":235,"layer":"L","from":"成都珠江路(地铁站)","to":"成都川大江安校区(地铁站)"},"geometry":{"type":"LineString","coordinates":[[104.005806,30.568866],[104.004768,30.557841]]}},{"type":"Feature","properties":{"shape_id":"{}","direction_id":"{\"1\": 50}","headsign":"{}","duration_avg":120,"n_vehicles":50,"d":1200,"route_I_counts":"{\"9\": 50}","source":235,"target":234,"layer":"L","from":"成都川大江安校区(地铁站)","to":"成都珠江路(地铁站)"},"geometry":{"type":"LineString","coordinates":[[104.004768,30.557841],[104.005806,30.568866]]}},{"type":"Feature","properties":{"shape_id":"{}","direction_id":"{\"0\": 50}","headsign":"{}","duration_avg":120,"n_vehicles":50,"d":1200,"route_I_counts":"{\"9\": 50}","source":235,"target":236,"layer":"L","from":"成都川大江安校区(地铁站)","to":"成都文星(地铁站)"},"geometry":{"type":"LineString","coordinates":[[104.004768,30.557841],[103.988298,30.553247]]}},{"type":"Feature","properties":{"shape_id":"{}","direction_id":"{\"1\": 50}","headsign":"{}","duration_avg":120,"n_vehicles":50,"d":1200,"route_I_counts":"{\"9\": 50}","source":236,"target":235,"layer":"L","from":"成都文星(地铁站)","to":"成都川大江安校区(地铁站)"},"geometry":{"type":"LineString","coordinates":[[103.988298,30.553247],[104.004768,30.557841]]}},{"type":"Feature","properties":{"shape_id":"{}","direction_id":"{\"0\": 50}","headsign":"{}","duration_avg":180,"n_vehicles":50,"d":1800,"route_I_counts":"{\"9\": 50}","source":236,"target":237,"layer":"L","from":"成都文星(地铁站)","to":"成都莲花(地铁站)"},"geometry":{"type":"LineString","coordinates":[[103.988298,30.553247],[103.9771,30.548822]]}},{"type":"Feature","properties":{"shape_id":"{}","direction_id":"{\"1\": 50}","headsign":"{}","duration_avg":180,"n_vehicles":50,"d":1800,"route_I_counts":"{\"9\": 50}","source":237,"target":236,"layer":"L","from":"成都莲花(地铁站)","to":"成都文星(地铁站)"},"geometry":{"type":"LineString","coordinates":[[103.9771,30.548822],[103.988298,30.553247]]}},{"type":"Feature","properties":{"shape_id":"{}","direction_id":"{\"0\": 50}","headsign":"{}","duration_avg":180,"n_vehicles":50,"d":1800,"route_I_counts":"{\"9\": 50}","source":237,"target":238,"layer":"L","from":"成都莲花(地铁站)","to":"成都龙港(地铁站)"},"geometry":{"type":"LineString","coordinates":[[103.9771,30.548822],[103.971934,30.538093]]}},{"type":"Feature","properties":{"shape_id":"{}","direction_id":"{\"1\": 50}","headsign":"{}","duration_avg":180,"n_vehicles":50,"d":1800,"route_I_counts":"{\"9\": 50}","source":238,"target":237,"layer":"L","from":"成都龙港(地铁站)","to":"成都莲花(地铁站)"},"geometry":{"type":"LineString","coordinates":[[103.971934,30.538093],[103.9771,30.548822]]}},{"type":"Feature","properties":{"shape_id":"{}","direction_id":"{\"0\": 50}","headsign":"{}","duration_avg":180,"n_vehicles":50,"d":1800,"route_I_counts":"{\"10\": 50}","source":239,"target":91,"layer":"L","from":"成都黄田坝(地铁站)","to":"成都成都西站(地铁站)"},"geometry":{"type":"LineString","coordinates":[[103.969286,30.700599],[103.974371,30.686072]]}},{"type":"Feature","properties":{"shape_id":"{}","direction_id":"{\"1\": 50}","headsign":"{}","duration_avg":180,"n_vehicles":50,"d":1800,"route_I_counts":"{\"10\": 50}","source":91,"target":239,"layer":"L","from":"成都成都西站(地铁站)","to":"成都黄田坝(地铁站)"},"geometry":{"type":"LineString","coordinates":[[103.974371,30.686072],[103.969286,30.700599]]}},{"type":"Feature","properties":{"shape_id":"{}","direction_id":"{\"0\": 50}","headsign":"{}","duration_avg":180,"n_vehicles":50,"d":1800,"route_I_counts":"{\"10\": 50}","source":91,"target":240,"layer":"L","from":"成都成都西站(地铁站)","to":"成都培风(地铁站)"},"geometry":{"type":"LineString","coordinates":[[103.974371,30.686072],[103.97497,30.662763]]}},{"type":"Feature","properties":{"shape_id":"{}","direction_id":"{\"1\": 50}","headsign":"{}","duration_avg":180,"n_vehicles":50,"d":1800,"route_I_counts":"{\"10\": 50}","source":240,"target":91,"layer":"L","from":"成都培风(地铁站)","to":"成都成都西站(地铁站)"},"geometry":{"type":"LineString","coordinates":[[103.97497,30.662763],[103.974371,30.686072]]}},{"type":"Feature","properties":{"shape_id":"{}","direction_id":"{\"0\": 50}","headsign":"{}","duration_avg":120,"n_vehicles":50,"d":1200,"route_I_counts":"{\"10\": 50}","source":240,"target":241,"layer":"L","from":"成都培风(地铁站)","to":"成都机投桥(地铁站)"},"geometry":{"type":"LineString","coordinates":[[103.97497,30.662763],[103.975903,30.648681]]}},{"type":"Feature","properties":{"shape_id":"{}","direction_id":"{\"1\": 50}","headsign":"{}","duration_avg":120,"n_vehicles":50,"d":1200,"route_I_counts":"{\"10\": 50}","source":241,"target":240,"layer":"L","from":"成都机投桥(地铁站)","to":"成都培风(地铁站)"},"geometry":{"type":"LineString","coordinates":[[103.975903,30.648681],[103.97497,30.662763]]}},{"type":"Feature","properties":{"shape_id":"{}","direction_id":"{\"0\": 50}","headsign":"{}","duration_avg":180,"n_vehicles":50,"d":1800,"route_I_counts":"{\"10\": 50}","source":241,"target":47,"layer":"L","from":"成都机投桥(地铁站)","to":"成都武青南路(地铁站)"},"geometry":{"type":"LineString","coordinates":[[103.975903,30.648681],[103.982829,30.625769]]}},{"type":"Feature","properties":{"shape_id":"{}","direction_id":"{\"1\": 50}","headsign":"{}","duration_avg":180,"n_vehicles":50,"d":1800,"route_I_counts":"{\"10\": 50}","source":47,"target":241,"layer":"L","from":"成都武青南路(地铁站)","to":"成都机投桥(地铁站)"},"geometry":{"type":"LineString","coordinates":[[103.982829,30.625769],[103.975903,30.648681]]}},{"type":"Feature","properties":{"shape_id":"{}","direction_id":"{\"0\": 50}","headsign":"{}","duration_avg":120,"n_vehicles":50,"d":1200,"route_I_counts":"{\"10\": 50}","source":47,"target":242,"layer":"L","from":"成都武青南路(地铁站)","to":"成都簇桥(地铁站)"},"geometry":{"type":"LineString","coordinates":[[103.982829,30.625769],[103.987656,30.610305]]}},{"type":"Feature","properties":{"shape_id":"{}","direction_id":"{\"1\": 50}","headsign":"{}","duration_avg":120,"n_vehicles":50,"d":1200,"route_I_counts":"{\"10\": 50}","source":242,"target":47,"layer":"L","from":"成都簇桥(地铁站)","to":"成都武青南路(地铁站)"},"geometry":{"type":"LineString","coordinates":[[103.987656,30.610305],[103.982829,30.625769]]}},{"type":"Feature","properties":{"shape_id":"{}","direction_id":"{\"0\": 50}","headsign":"{}","duration_avg":120,"n_vehicles":50,"d":1200,"route_I_counts":"{\"10\": 50}","source":242,"target":243,"layer":"L","from":"成都簇桥(地铁站)","to":"成都华兴(地铁站)"},"geometry":{"type":"LineString","coordinates":[[103.987656,30.610305],[104.000464,30.601162]]}},{"type":"Feature","properties":{"shape_id":"{}","direction_id":"{\"1\": 50}","headsign":"{}","duration_avg":120,"n_vehicles":50,"d":1200,"route_I_counts":"{\"10\": 50}","source":243,"target":242,"layer":"L","from":"成都华兴(地铁站)","to":"成都簇桥(地铁站)"},"geometry":{"type":"LineString","coordinates":[[104.000464,30.601162],[103.987656,30.610305]]}},{"type":"Feature","properties":{"shape_id":"{}","direction_id":"{\"0\": 50}","headsign":"{}","duration_avg":120,"n_vehicles":50,"d":1200,"route_I_counts":"{\"10\": 50}","source":243,"target":244,"layer":"L","from":"成都华兴(地铁站)","to":"成都太平寺(地铁站)"},"geometry":{"type":"LineString","coordinates":[[104.000464,30.601162],[104.009799,30.593905]]}},{"type":"Feature","properties":{"shape_id":"{}","direction_id":"{\"1\": 50}","headsign":"{}","duration_avg":120,"n_vehicles":50,"d":1200,"route_I_counts":"{\"10\": 50}","source":244,"target":243,"layer":"L","from":"成都太平寺(地铁站)","to":"成都华兴(地铁站)"},"geometry":{"type":"LineString","coordinates":[[104.009799,30.593905],[104.000464,30.601162]]}},{"type":"Feature","properties":{"shape_id":"{}","direction_id":"{\"0\": 50}","headsign":"{}","duration_avg":120,"n_vehicles":50,"d":1200,"route_I_counts":"{\"10\": 50}","source":244,"target":232,"layer":"L","from":"成都太平寺(地铁站)","to":"成都三元(地铁站)"},"geometry":{"type":"LineString","coordinates":[[104.009799,30.593905],[104.024303,30.58403]]}},{"type":"Feature","properties":{"shape_id":"{}","direction_id":"{\"1\": 50}","headsign":"{}","duration_avg":120,"n_vehicles":50,"d":1200,"route_I_counts":"{\"10\": 50}","source":232,"target":244,"layer":"L","from":"成都三元(地铁站)","to":"成都太平寺(地铁站)"},"geometry":{"type":"LineString","coordinates":[[104.024303,30.58403],[104.009799,30.593905]]}},{"type":"Feature","properties":{"shape_id":"{}","direction_id":"{\"0\": 50}","headsign":"{}","duration_avg":180,"n_vehicles":50,"d":1800,"route_I_counts":"{\"10\": 50}","source":232,"target":131,"layer":"L","from":"成都三元(地铁站)","to":"成都锦城大道(地铁站)"},"geometry":{"type":"LineString","coordinates":[[104.024303,30.58403],[104.047998,30.576647]]}},{"type":"Feature","properties":{"shape_id":"{}","direction_id":"{\"1\": 50}","headsign":"{}","duration_avg":180,"n_vehicles":50,"d":1800,"route_I_counts":"{\"10\": 50}","source":131,"target":232,"layer":"L","from":"成都锦城大道(地铁站)","to":"成都三元(地铁站)"},"geometry":{"type":"LineString","coordinates":[[104.047998,30.576647],[104.024303,30.58403]]}},{"type":"Feature","properties":{"shape_id":"{}","direction_id":"{\"0\": 50}","headsign":"{}","duration_avg":120,"n_vehicles":50,"d":1200,"route_I_counts":"{\"10\": 50}","source":131,"target":245,"layer":"L","from":"成都锦城大道(地铁站)","to":"成都孵化园(地铁站)"},"geometry":{"type":"LineString","coordinates":[[104.047998,30.576647],[104.063913,30.578029]]}},{"type":"Feature","properties":{"shape_id":"{}","direction_id":"{\"1\": 50}","headsign":"{}","duration_avg":120,"n_vehicles":50,"d":1200,"route_I_counts":"{\"10\": 50}","source":245,"target":131,"layer":"L","from":"成都孵化园(地铁站)","to":"成都锦城大道(地铁站)"},"geometry":{"type":"LineString","coordinates":[[104.063913,30.578029],[104.047998,30.576647]]}},{"type":"Feature","properties":{"shape_id":"{}","direction_id":"{\"0\": 50}","headsign":"{}","duration_avg":120,"n_vehicles":50,"d":1200,"route_I_counts":"{\"10\": 50}","source":245,"target":246,"layer":"L","from":"成都孵化园(地铁站)","to":"成都心岛(地铁站)"},"geometry":{"type":"LineString","coordinates":[[104.063913,30.578029],[104.069985,30.578165]]}},{"type":"Feature","properties":{"shape_id":"{}","direction_id":"{\"1\": 50}","headsign":"{}","duration_avg":120,"n_vehicles":50,"d":1200,"route_I_counts":"{\"10\": 50}","source":246,"target":245,"layer":"L","from":"成都心岛(地铁站)","to":"成都孵化园(地铁站)"},"geometry":{"type":"LineString","coordinates":[[104.069985,30.578165],[104.063913,30.578029]]}},{"type":"Feature","properties":{"shape_id":"{}","direction_id":"{\"0\": 50}","headsign":"{}","duration_avg":120,"n_vehicles":50,"d":1200,"route_I_counts":"{\"10\": 50}","source":246,"target":163,"layer":"L","from":"成都心岛(地铁站)","to":"成都金融城东(地铁站)"},"geometry":{"type":"LineString","coordinates":[[104.069985,30.578165],[104.081671,30.582177]]}},{"type":"Feature","properties":{"shape_id":"{}","direction_id":"{\"1\": 50}","headsign":"{}","duration_avg":120,"n_vehicles":50,"d":1200,"route_I_counts":"{\"10\": 50}","source":163,"target":246,"layer":"L","from":"成都金融城东(地铁站)","to":"成都心岛(地铁站)"},"geometry":{"type":"LineString","coordinates":[[104.081671,30.582177],[104.069985,30.578165]]}},{"type":"Feature","properties":{"shape_id":"{}","direction_id":"{\"0\": 50}","headsign":"{}","duration_avg":180,"n_vehicles":50,"d":1800,"route_I_counts":"{\"11\": 50}","source":50,"target":247,"layer":"L","from":"成都太平园(地铁站)","to":"成都簇锦(地铁站)"},"geometry":{"type":"LineString","coordinates":[[104.019197,30.627914],[104.00591,30.613761]]}},{"type":"Feature","properties":{"shape_id":"{}","direction_id":"{\"1\": 50}","headsign":"{}","duration_avg":180,"n_vehicles":50,"d":1800,"route_I_counts":"{\"11\": 50}","source":247,"target":50,"layer":"L","from":"成都簇锦(地铁站)","to":"成都太平园(地铁站)"},"geometry":{"type":"LineString","coordinates":[[104.00591,30.613761],[104.019197,30.627914]]}},{"type":"Feature","properties":{"shape_id":"{}","direction_id":"{\"0\": 50}","headsign":"{}","duration_avg":120,"n_vehicles":50,"d":1200,"route_I_counts":"{\"11\": 50}","source":247,"target":243,"layer":"L","from":"成都簇锦(地铁站)","to":"成都华兴(地铁站)"},"geometry":{"type":"LineString","coordinates":[[104.00591,30.613761],[104.000464,30.601162]]}},{"type":"Feature","properties":{"shape_id":"{}","direction_id":"{\"1\": 50}","headsign":"{}","duration_avg":120,"n_vehicles":50,"d":1200,"route_I_counts":"{\"11\": 50}","source":243,"target":247,"layer":"L","from":"成都华兴(地铁站)","to":"成都簇锦(地铁站)"},"geometry":{"type":"LineString","coordinates":[[104.000464,30.601162],[104.00591,30.613761]]}},{"type":"Feature","properties":{"shape_id":"{}","direction_id":"{\"0\": 50}","headsign":"{}","duration_avg":240,"n_vehicles":50,"d":2400,"route_I_counts":"{\"11\": 50}","source":243,"target":248,"layer":"L","from":"成都华兴(地铁站)","to":"成都金花(地铁站)"},"geometry":{"type":"LineString","coordinates":[[104.000464,30.601162],[103.967866,30.594276]]}},{"type":"Feature","properties":{"shape_id":"{}","direction_id":"{\"1\": 50}","headsign":"{}","duration_avg":240,"n_vehicles":50,"d":2400,"route_I_counts":"{\"11\": 50}","source":248,"target":243,"layer":"L","from":"成都金花(地铁站)","to":"成都华兴(地铁站)"},"geometry":{"type":"LineString","coordinates":[[103.967866,30.594276],[104.000464,30.601162]]}},{"type":"Feature","properties":{"shape_id":"{}","direction_id":"{\"0\": 50}","headsign":"{}","duration_avg":180,"n_vehicles":50,"d":1800,"route_I_counts":"{\"11\": 50}","source":248,"target":249,"layer":"L","from":"成都金花(地铁站)","to":"成都双流机场1航站楼(地铁站)"},"geometry":{"type":"LineString","coordinates":[[103.967866,30.594276],[103.957093,30.581273]]}},{"type":"Feature","properties":{"shape_id":"{}","direction_id":"{\"1\": 50}","headsign":"{}","duration_avg":180,"n_vehicles":50,"d":1800,"route_I_counts":"{\"11\": 50}","source":249,"target":248,"layer":"L","from":"成都双流机场1航站楼(地铁站)","to":"成都金花(地铁站)"},"geometry":{"type":"LineString","coordinates":[[103.957093,30.581273],[103.967866,30.594276]]}},{"type":"Feature","properties":{"shape_id":"{}","direction_id":"{\"0\": 50}","headsign":"{}","duration_avg":180,"n_vehicles":50,"d":1800,"route_I_counts":"{\"11\": 50}","source":249,"target":250,"layer":"L","from":"成都双流机场1航站楼(地铁站)","to":"成都双流机场2航站楼(地铁站)"},"geometry":{"type":"LineString","coordinates":[[103.957093,30.581273],[103.953455,30.572635]]}},{"type":"Feature","properties":{"shape_id":"{}","direction_id":"{\"1\": 50}","headsign":"{}","duration_avg":180,"n_vehicles":50,"d":1800,"route_I_counts":"{\"11\": 50}","source":250,"target":249,"layer":"L","from":"成都双流机场2航站楼(地铁站)","to":"成都双流机场1航站楼(地铁站)"},"geometry":{"type":"LineString","coordinates":[[103.953455,30.572635],[103.957093,30.581273]]}},{"type":"Feature","properties":{"shape_id":"{}","direction_id":"{\"0\": 50}","headsign":"{}","duration_avg":300,"n_vehicles":50,"d":3000,"route_I_counts":"{\"11\": 50}","source":250,"target":39,"layer":"L","from":"成都双流机场2航站楼(地铁站)","to":"成都双流西站(地铁站)"},"geometry":{"type":"LineString","coordinates":[[103.953455,30.572635],[103.915181,30.546095]]}},{"type":"Feature","properties":{"shape_id":"{}","direction_id":"{\"1\": 50}","headsign":"{}","duration_avg":300,"n_vehicles":50,"d":3000,"route_I_counts":"{\"11\": 50}","source":39,"target":250,"layer":"L","from":"成都双流西站(地铁站)","to":"成都双流机场2航站楼(地铁站)"},"geometry":{"type":"LineString","coordinates":[[103.915181,30.546095],[103.953455,30.572635]]}},{"type":"Feature","properties":{"shape_id":"{}","direction_id":"{\"0\": 50}","headsign":"{}","duration_avg":120,"n_vehicles":50,"d":1200,"route_I_counts":"{\"11\": 50}","source":39,"target":251,"layer":"L","from":"成都双流西站(地铁站)","to":"成都应天寺(地铁站)"},"geometry":{"type":"LineString","coordinates":[[103.915181,30.546095],[103.90261,30.53854]]}},{"type":"Feature","properties":{"shape_id":"{}","direction_id":"{\"1\": 50}","headsign":"{}","duration_avg":120,"n_vehicles":50,"d":1200,"route_I_counts":"{\"11\": 50}","source":251,"target":39,"layer":"L","from":"成都应天寺(地铁站)","to":"成都双流西站(地铁站)"},"geometry":{"type":"LineString","coordinates":[[103.90261,30.53854],[103.915181,30.546095]]}},{"type":"Feature","properties":{"shape_id":"{}","direction_id":"{\"0\": 50}","headsign":"{}","duration_avg":180,"n_vehicles":50,"d":1800,"route_I_counts":"{\"11\": 50}","source":251,"target":252,"layer":"L","from":"成都应天寺(地铁站)","to":"成都黄水(地铁站)"},"geometry":{"type":"LineString","coordinates":[[103.90261,30.53854],[103.889269,30.5218]]}},{"type":"Feature","properties":{"shape_id":"{}","direction_id":"{\"1\": 50}","headsign":"{}","duration_avg":180,"n_vehicles":50,"d":1800,"route_I_counts":"{\"11\": 50}","source":252,"target":251,"layer":"L","from":"成都黄水(地铁站)","to":"成都应天寺(地铁站)"},"geometry":{"type":"LineString","coordinates":[[103.889269,30.5218],[103.90261,30.53854]]}},{"type":"Feature","properties":{"shape_id":"{}","direction_id":"{\"0\": 50}","headsign":"{}","duration_avg":180,"n_vehicles":50,"d":1800,"route_I_counts":"{\"11\": 50}","source":252,"target":253,"layer":"L","from":"成都黄水(地铁站)","to":"成都花源(地铁站)"},"geometry":{"type":"LineString","coordinates":[[103.889269,30.5218],[103.878838,30.488167]]}},{"type":"Feature","properties":{"shape_id":"{}","direction_id":"{\"1\": 50}","headsign":"{}","duration_avg":180,"n_vehicles":50,"d":1800,"route_I_counts":"{\"11\": 50}","source":253,"target":252,"layer":"L","from":"成都花源(地铁站)","to":"成都黄水(地铁站)"},"geometry":{"type":"LineString","coordinates":[[103.878838,30.488167],[103.889269,30.5218]]}},{"type":"Feature","properties":{"shape_id":"{}","direction_id":"{\"0\": 50}","headsign":"{}","duration_avg":180,"n_vehicles":50,"d":1800,"route_I_counts":"{\"11\": 50}","source":253,"target":254,"layer":"L","from":"成都花源(地铁站)","to":"成都新津站(地铁站)"},"geometry":{"type":"LineString","coordinates":[[103.878838,30.488167],[103.871163,30.465781]]}},{"type":"Feature","properties":{"shape_id":"{}","direction_id":"{\"1\": 50}","headsign":"{}","duration_avg":180,"n_vehicles":50,"d":1800,"route_I_counts":"{\"11\": 50}","source":254,"target":253,"layer":"L","from":"成都新津站(地铁站)","to":"成都花源(地铁站)"},"geometry":{"type":"LineString","coordinates":[[103.871163,30.465781],[103.878838,30.488167]]}},{"type":"Feature","properties":{"shape_id":"{}","direction_id":"{\"0\": 50}","headsign":"{}","duration_avg":180,"n_vehicles":50,"d":1800,"route_I_counts":"{\"11\": 50}","source":254,"target":255,"layer":"L","from":"成都新津站(地铁站)","to":"成都花桥(地铁站)"},"geometry":{"type":"LineString","coordinates":[[103.871163,30.465781],[103.855164,30.444481]]}},{"type":"Feature","properties":{"shape_id":"{}","direction_id":"{\"1\": 50}","headsign":"{}","duration_avg":180,"n_vehicles":50,"d":1800,"route_I_counts":"{\"11\": 50}","source":255,"target":254,"layer":"L","from":"成都花桥(地铁站)","to":"成都新津站(地铁站)"},"geometry":{"type":"LineString","coordinates":[[103.855164,30.444481],[103.871163,30.465781]]}},{"type":"Feature","properties":{"shape_id":"{}","direction_id":"{\"0\": 50}","headsign":"{}","duration_avg":300,"n_vehicles":50,"d":3000,"route_I_counts":"{\"11\": 50}","source":255,"target":256,"layer":"L","from":"成都花桥(地铁站)","to":"成都五津(地铁站)"},"geometry":{"type":"LineString","coordinates":[[103.855164,30.444481],[103.811158,30.426391]]}},{"type":"Feature","properties":{"shape_id":"{}","direction_id":"{\"1\": 50}","headsign":"{}","duration_avg":300,"n_vehicles":50,"d":3000,"route_I_counts":"{\"11\": 50}","source":256,"target":255,"layer":"L","from":"成都五津(地铁站)","to":"成都花桥(地铁站)"},"geometry":{"type":"LineString","coordinates":[[103.811158,30.426391],[103.855164,30.444481]]}},{"type":"Feature","properties":{"shape_id":"{}","direction_id":"{\"0\": 50}","headsign":"{}","duration_avg":120,"n_vehicles":50,"d":1200,"route_I_counts":"{\"11\": 50}","source":256,"target":257,"layer":"L","from":"成都五津(地铁站)","to":"成都儒林路(地铁站)"},"geometry":{"type":"LineString","coordinates":[[103.811158,30.426391],[103.800891,30.419039]]}},{"type":"Feature","properties":{"shape_id":"{}","direction_id":"{\"1\": 50}","headsign":"{}","duration_avg":120,"n_vehicles":50,"d":1200,"route_I_counts":"{\"11\": 50}","source":257,"target":256,"layer":"L","from":"成都儒林路(地铁站)","to":"成都五津(地铁站)"},"geometry":{"type":"LineString","coordinates":[[103.800891,30.419039],[103.811158,30.426391]]}},{"type":"Feature","properties":{"shape_id":"{}","direction_id":"{\"0\": 50}","headsign":"{}","duration_avg":120,"n_vehicles":50,"d":1200,"route_I_counts":"{\"11\": 50}","source":257,"target":258,"layer":"L","from":"成都儒林路(地铁站)","to":"成都刘家碾(地铁站)"},"geometry":{"type":"LineString","coordinates":[[103.800891,30.419039],[103.789149,30.417916]]}},{"type":"Feature","properties":{"shape_id":"{}","direction_id":"{\"1\": 50}","headsign":"{}","duration_avg":120,"n_vehicles":50,"d":1200,"route_I_counts":"{\"11\": 50}","source":258,"target":257,"layer":"L","from":"成都刘家碾(地铁站)","to":"成都儒林路(地铁站)"},"geometry":{"type":"LineString","coordinates":[[103.789149,30.417916],[103.800891,30.419039]]}},{"type":"Feature","properties":{"shape_id":"{}","direction_id":"{\"0\": 50}","headsign":"{}","duration_avg":120,"n_vehicles":50,"d":1200,"route_I_counts":"{\"11\": 50}","source":258,"target":259,"layer":"L","from":"成都刘家碾(地铁站)","to":"成都新平(宝墩)(地铁站)"},"geometry":{"type":"LineString","coordinates":[[103.789149,30.417916],[103.779289,30.411016]]}},{"type":"Feature","properties":{"shape_id":"{}","direction_id":"{\"1\": 50}","headsign":"{}","duration_avg":120,"n_vehicles":50,"d":1200,"route_I_counts":"{\"11\": 50}","source":259,"target":258,"layer":"L","from":"成都新平(宝墩)(地铁站)","to":"成都刘家碾(地铁站)"},"geometry":{"type":"LineString","coordinates":[[103.779289,30.411016],[103.789149,30.417916]]}},{"type":"Feature","properties":{"shape_id":"{}","direction_id":"{\"0\": 50}","headsign":"{}","duration_avg":120,"n_vehicles":50,"d":1200,"route_I_counts":"{\"12\": 50}","source":260,"target":261,"layer":"L","from":"成都蜀鑫路(地铁站)","to":"成都金沙滨河公园(地铁站)"},"geometry":{"type":"LineString","coordinates":[[103.991212,30.691918],[103.99912,30.688831]]}},{"type":"Feature","properties":{"shape_id":"{}","direction_id":"{\"1\": 50}","headsign":"{}","duration_avg":120,"n_vehicles":50,"d":1200,"route_I_counts":"{\"12\": 50}","source":261,"target":260,"layer":"L","from":"成都金沙滨河公园(地铁站)","to":"成都蜀鑫路(地铁站)"},"geometry":{"type":"LineString","coordinates":[[103.99912,30.688831],[103.991212,30.691918]]}},{"type":"Feature","properties":{"shape_id":"{}","direction_id":"{\"0\": 50}","headsign":"{}","duration_avg":120,"n_vehicles":50,"d":1200,"route_I_counts":"{\"12\": 50}","source":261,"target":262,"layer":"L","from":"成都金沙滨河公园(地铁站)","to":"成都黄忠(地铁站)"},"geometry":{"type":"LineString","coordinates":[[103.99912,30.688831],[104.005343,30.689951]]}},{"type":"Feature","properties":{"shape_id":"{}","direction_id":"{\"1\": 50}","headsign":"{}","duration_avg":120,"n_vehicles":50,"d":1200,"route_I_counts":"{\"12\": 50}","source":262,"target":261,"layer":"L","from":"成都黄忠(地铁站)","to":"成都金沙滨河公园(地铁站)"},"geometry":{"type":"LineString","coordinates":[[104.005343,30.689951],[103.99912,30.688831]]}},{"type":"Feature","properties":{"shape_id":"{}","direction_id":"{\"0\": 50}","headsign":"{}","duration_avg":60,"n_vehicles":50,"d":600,"route_I_counts":"{\"12\": 50}","source":262,"target":24,"layer":"L","from":"成都黄忠(地铁站)","to":"成都羊犀立交(地铁站)"},"geometry":{"type":"LineString","coordinates":[[104.005343,30.689951],[104.010301,30.696444]]}},{"type":"Feature","properties":{"shape_id":"{}","direction_id":"{\"1\": 50}","headsign":"{}","duration_avg":60,"n_vehicles":50,"d":600,"route_I_counts":"{\"12\": 50}","source":24,"target":262,"layer":"L","from":"成都羊犀立交(地铁站)","to":"成都黄忠(地铁站)"},"geometry":{"type":"LineString","coordinates":[[104.010301,30.696444],[104.005343,30.689951]]}},{"type":"Feature","properties":{"shape_id":"{}","direction_id":"{\"0\": 50}","headsign":"{}","duration_avg":180,"n_vehicles":50,"d":1800,"route_I_counts":"{\"12\": 50}","source":24,"target":263,"layer":"L","from":"成都羊犀立交(地铁站)","to":"成都金牛公园(地铁站)"},"geometry":{"type":"LineString","coordinates":[[104.010301,30.696444],[104.020602,30.706893]]}},{"type":"Feature","properties":{"shape_id":"{}","direction_id":"{\"1\": 50}","headsign":"{}","duration_avg":180,"n_vehicles":50,"d":1800,"route_I_counts":"{\"12\": 50}","source":263,"target":24,"layer":"L","from":"成都金牛公园(地铁站)","to":"成都羊犀立交(地铁站)"},"geometry":{"type":"LineString","coordinates":[[104.020602,30.706893],[104.010301,30.696444]]}},{"type":"Feature","properties":{"shape_id":"{}","direction_id":"{\"0\": 50}","headsign":"{}","duration_avg":120,"n_vehicles":50,"d":1200,"route_I_counts":"{\"12\": 50}","source":263,"target":264,"layer":"L","from":"成都金牛公园(地铁站)","to":"成都花照壁北(地铁站)"},"geometry":{"type":"LineString","coordinates":[[104.020602,30.706893],[104.027827,30.71069]]}},{"type":"Feature","properties":{"shape_id":"{}","direction_id":"{\"1\": 50}","headsign":"{}","duration_avg":120,"n_vehicles":50,"d":1200,"route_I_counts":"{\"12\": 50}","source":264,"target":263,"layer":"L","from":"成都花照壁北(地铁站)","to":"成都金牛公园(地铁站)"},"geometry":{"type":"LineString","coordinates":[[104.027827,30.71069],[104.020602,30.706893]]}},{"type":"Feature","properties":{"shape_id":"{}","direction_id":"{\"0\": 50}","headsign":"{}","duration_avg":60,"n_vehicles":50,"d":600,"route_I_counts":"{\"12\": 50}","source":264,"target":177,"layer":"L","from":"成都花照壁北(地铁站)","to":"成都金府(地铁站)"},"geometry":{"type":"LineString","coordinates":[[104.027827,30.71069],[104.034488,30.713873]]}},{"type":"Feature","properties":{"shape_id":"{}","direction_id":"{\"1\": 50}","headsign":"{}","duration_avg":60,"n_vehicles":50,"d":600,"route_I_counts":"{\"12\": 50}","source":177,"target":264,"layer":"L","from":"成都金府(地铁站)","to":"成都花照壁北(地铁站)"},"geometry":{"type":"LineString","coordinates":[[104.034488,30.713873],[104.027827,30.71069]]}},{"type":"Feature","properties":{"shape_id":"{}","direction_id":"{\"0\": 50}","headsign":"{}","duration_avg":120,"n_vehicles":50,"d":1200,"route_I_counts":"{\"12\": 50}","source":177,"target":265,"layer":"L","from":"成都金府(地铁站)","to":"成都新桥(地铁站)"},"geometry":{"type":"LineString","coordinates":[[104.034488,30.713873],[104.041761,30.719462]]}},{"type":"Feature","properties":{"shape_id":"{}","direction_id":"{\"1\": 50}","headsign":"{}","duration_avg":120,"n_vehicles":50,"d":1200,"route_I_counts":"{\"12\": 50}","source":265,"target":177,"layer":"L","from":"成都新桥(地铁站)","to":"成都金府(地铁站)"},"geometry":{"type":"LineString","coordinates":[[104.041761,30.719462],[104.034488,30.713873]]}},{"type":"Feature","properties":{"shape_id":"{}","direction_id":"{\"0\": 50}","headsign":"{}","duration_avg":120,"n_vehicles":50,"d":1200,"route_I_counts":"{\"12\": 50}","source":265,"target":266,"layer":"L","from":"成都新桥(地铁站)","to":"成都沙河源(地铁站)"},"geometry":{"type":"LineString","coordinates":[[104.041761,30.719462],[104.048214,30.725182]]}},{"type":"Feature","properties":{"shape_id":"{}","direction_id":"{\"1\": 50}","headsign":"{}","duration_avg":120,"n_vehicles":50,"d":1200,"route_I_counts":"{\"12\": 50}","source":266,"target":265,"layer":"L","from":"成都沙河源(地铁站)","to":"成都新桥(地铁站)"},"geometry":{"type":"LineString","coordinates":[[104.048214,30.725182],[104.041761,30.719462]]}},{"type":"Feature","properties":{"shape_id":"{}","direction_id":"{\"0\": 50}","headsign":"{}","duration_avg":120,"n_vehicles":50,"d":1200,"route_I_counts":"{\"12\": 50}","source":266,"target":115,"layer":"L","from":"成都沙河源(地铁站)","to":"成都洞子口(地铁站)"},"geometry":{"type":"LineString","coordinates":[[104.048214,30.725182],[104.055975,30.72393]]}},{"type":"Feature","properties":{"shape_id":"{}","direction_id":"{\"1\": 50}","headsign":"{}","duration_avg":120,"n_vehicles":50,"d":1200,"route_I_counts":"{\"12\": 50}","source":115,"target":266,"layer":"L","from":"成都洞子口(地铁站)","to":"成都沙河源(地铁站)"},"geometry":{"type":"LineString","coordinates":[[104.055975,30.72393],[104.048214,30.725182]]}},{"type":"Feature","properties":{"shape_id":"{}","direction_id":"{\"0\": 50}","headsign":"{}","duration_avg":120,"n_vehicles":50,"d":1200,"route_I_counts":"{\"12\": 50}","source":115,"target":267,"layer":"L","from":"成都洞子口(地铁站)","to":"成都王贾桥(地铁站)"},"geometry":{"type":"LineString","coordinates":[[104.055975,30.72393],[104.065871,30.719759]]}},{"type":"Feature","properties":{"shape_id":"{}","direction_id":"{\"1\": 50}","headsign":"{}","duration_avg":120,"n_vehicles":50,"d":1200,"route_I_counts":"{\"12\": 50}","source":267,"target":115,"layer":"L","from":"成都王贾桥(地铁站)","to":"成都洞子口(地铁站)"},"geometry":{"type":"LineString","coordinates":[[104.065871,30.719759],[104.055975,30.72393]]}},{"type":"Feature","properties":{"shape_id":"{}","direction_id":"{\"0\": 50}","headsign":"{}","duration_avg":120,"n_vehicles":50,"d":1200,"route_I_counts":"{\"12\": 50}","source":267,"target":268,"layer":"L","from":"成都王贾桥(地铁站)","to":"成都双水碾(地铁站)"},"geometry":{"type":"LineString","coordinates":[[104.065871,30.719759],[104.073653,30.715577]]}},{"type":"Feature","properties":{"shape_id":"{}","direction_id":"{\"1\": 50}","headsign":"{}","duration_avg":120,"n_vehicles":50,"d":1200,"route_I_counts":"{\"12\": 50}","source":268,"target":267,"layer":"L","from":"成都双水碾(地铁站)","to":"成都王贾桥(地铁站)"},"geometry":{"type":"LineString","coordinates":[[104.073653,30.715577],[104.065871,30.719759]]}},{"type":"Feature","properties":{"shape_id":"{}","direction_id":"{\"0\": 50}","headsign":"{}","duration_avg":120,"n_vehicles":50,"d":1200,"route_I_counts":"{\"12\": 50}","source":268,"target":269,"layer":"L","from":"成都双水碾(地铁站)","to":"成都韦家碾(地铁站)"},"geometry":{"type":"LineString","coordinates":[[104.073653,30.715577],[104.084321,30.720017]]}},{"type":"Feature","properties":{"shape_id":"{}","direction_id":"{\"1\": 50}","headsign":"{}","duration_avg":120,"n_vehicles":50,"d":1200,"route_I_counts":"{\"12\": 50}","source":269,"target":268,"layer":"L","from":"成都韦家碾(地铁站)","to":"成都双水碾(地铁站)"},"geometry":{"type":"LineString","coordinates":[[104.084321,30.720017],[104.073653,30.715577]]}},{"type":"Feature","properties":{"shape_id":"{}","direction_id":"{\"0\": 50}","headsign":"{}","duration_avg":120,"n_vehicles":50,"d":1200,"route_I_counts":"{\"12\": 50}","source":269,"target":270,"layer":"L","from":"成都韦家碾(地铁站)","to":"成都赖家店(地铁站)"},"geometry":{"type":"LineString","coordinates":[[104.084321,30.720017],[104.086174,30.734918]]}},{"type":"Feature","properties":{"shape_id":"{}","direction_id":"{\"1\": 50}","headsign":"{}","duration_avg":120,"n_vehicles":50,"d":1200,"route_I_counts":"{\"12\": 50}","source":270,"target":269,"layer":"L","from":"成都赖家店(地铁站)","to":"成都韦家碾(地铁站)"},"geometry":{"type":"LineString","coordinates":[[104.086174,30.734918],[104.084321,30.720017]]}},{"type":"Feature","properties":{"shape_id":"{}","direction_id":"{\"0\": 50}","headsign":"{}","duration_avg":120,"n_vehicles":50,"d":1200,"route_I_counts":"{\"12\": 50}","source":270,"target":271,"layer":"L","from":"成都赖家店(地铁站)","to":"成都白仁店(地铁站)"},"geometry":{"type":"LineString","coordinates":[[104.086174,30.734918],[104.090554,30.743364]]}},{"type":"Feature","properties":{"shape_id":"{}","direction_id":"{\"1\": 50}","headsign":"{}","duration_avg":120,"n_vehicles":50,"d":1200,"route_I_counts":"{\"12\": 50}","source":271,"target":270,"layer":"L","from":"成都白仁店(地铁站)","to":"成都赖家店(地铁站)"},"geometry":{"type":"LineString","coordinates":[[104.090554,30.743364],[104.086174,30.734918]]}},{"type":"Feature","properties":{"shape_id":"{}","direction_id":"{\"0\": 50}","headsign":"{}","duration_avg":120,"n_vehicles":50,"d":1200,"route_I_counts":"{\"12\": 50}","source":271,"target":272,"layer":"L","from":"成都白仁店(地铁站)","to":"成都鲤鱼湾(地铁站)"},"geometry":{"type":"LineString","coordinates":[[104.090554,30.743364],[104.09673,30.75494]]}},{"type":"Feature","properties":{"shape_id":"{}","direction_id":"{\"1\": 50}","headsign":"{}","duration_avg":120,"n_vehicles":50,"d":1200,"route_I_counts":"{\"12\": 50}","source":272,"target":271,"layer":"L","from":"成都鲤鱼湾(地铁站)","to":"成都白仁店(地铁站)"},"geometry":{"type":"LineString","coordinates":[[104.09673,30.75494],[104.090554,30.743364]]}},{"type":"Feature","properties":{"shape_id":"{}","direction_id":"{\"0\": 50}","headsign":"{}","duration_avg":120,"n_vehicles":50,"d":1200,"route_I_counts":"{\"12\": 50}","source":272,"target":273,"layer":"L","from":"成都鲤鱼湾(地铁站)","to":"成都范家巷(地铁站)"},"geometry":{"type":"LineString","coordinates":[[104.09673,30.75494],[104.100132,30.76277]]}},{"type":"Feature","properties":{"shape_id":"{}","direction_id":"{\"1\": 50}","headsign":"{}","duration_avg":120,"n_vehicles":50,"d":1200,"route_I_counts":"{\"12\": 50}","source":273,"target":272,"layer":"L","from":"成都范家巷(地铁站)","to":"成都鲤鱼湾(地铁站)"},"geometry":{"type":"LineString","coordinates":[[104.100132,30.76277],[104.09673,30.75494]]}},{"type":"Feature","properties":{"shape_id":"{}","direction_id":"{\"0\": 50}","headsign":"{}","duration_avg":120,"n_vehicles":50,"d":1200,"route_I_counts":"{\"12\": 50}","source":273,"target":274,"layer":"L","from":"成都范家巷(地铁站)","to":"成都三圣寺(地铁站)"},"geometry":{"type":"LineString","coordinates":[[104.100132,30.76277],[104.099393,30.772625]]}},{"type":"Feature","properties":{"shape_id":"{}","direction_id":"{\"1\": 50}","headsign":"{}","duration_avg":120,"n_vehicles":50,"d":1200,"route_I_counts":"{\"12\": 50}","source":274,"target":273,"layer":"L","from":"成都三圣寺(地铁站)","to":"成都范家巷(地铁站)"},"geometry":{"type":"LineString","coordinates":[[104.099393,30.772625],[104.100132,30.76277]]}},{"type":"Feature","properties":{"shape_id":"{}","direction_id":"{\"0\": 50}","headsign":"{}","duration_avg":60,"n_vehicles":50,"d":600,"route_I_counts":"{\"12\": 50}","source":274,"target":275,"layer":"L","from":"成都三圣寺(地铁站)","to":"成都石门坎(地铁站)"},"geometry":{"type":"LineString","coordinates":[[104.099393,30.772625],[104.099223,30.779113]]}},{"type":"Feature","properties":{"shape_id":"{}","direction_id":"{\"1\": 50}","headsign":"{}","duration_avg":60,"n_vehicles":50,"d":600,"route_I_counts":"{\"12\": 50}","source":275,"target":274,"layer":"L","from":"成都石门坎(地铁站)","to":"成都三圣寺(地铁站)"},"geometry":{"type":"LineString","coordinates":[[104.099223,30.779113],[104.099393,30.772625]]}},{"type":"Feature","properties":{"shape_id":"{}","direction_id":"{\"0\": 50}","headsign":"{}","duration_avg":180,"n_vehicles":50,"d":1800,"route_I_counts":"{\"12\": 50}","source":275,"target":276,"layer":"L","from":"成都石门坎(地铁站)","to":"成都旃檀寺(地铁站)"},"geometry":{"type":"LineString","coordinates":[[104.099223,30.779113],[104.103087,30.801959]]}},{"type":"Feature","properties":{"shape_id":"{}","direction_id":"{\"1\": 50}","headsign":"{}","duration_avg":180,"n_vehicles":50,"d":1800,"route_I_counts":"{\"12\": 50}","source":276,"target":275,"layer":"L","from":"成都旃檀寺(地铁站)","to":"成都石门坎(地铁站)"},"geometry":{"type":"LineString","coordinates":[[104.103087,30.801959],[104.099223,30.779113]]}},{"type":"Feature","properties":{"shape_id":"{}","direction_id":"{\"0\": 50}","headsign":"{}","duration_avg":120,"n_vehicles":50,"d":1200,"route_I_counts":"{\"12\": 50}","source":276,"target":277,"layer":"L","from":"成都旃檀寺(地铁站)","to":"成都兴城大道(地铁站)"},"geometry":{"type":"LineString","coordinates":[[104.103087,30.801959],[104.107709,30.812606]]}},{"type":"Feature","properties":{"shape_id":"{}","direction_id":"{\"1\": 50}","headsign":"{}","duration_avg":120,"n_vehicles":50,"d":1200,"route_I_counts":"{\"12\": 50}","source":277,"target":276,"layer":"L","from":"成都兴城大道(地铁站)","to":"成都旃檀寺(地铁站)"},"geometry":{"type":"LineString","coordinates":[[104.107709,30.812606],[104.103087,30.801959]]}},{"type":"Feature","properties":{"shape_id":"{}","direction_id":"{\"0\": 50}","headsign":"{}","duration_avg":120,"n_vehicles":50,"d":1200,"route_I_counts":"{\"12\": 50}","source":277,"target":278,"layer":"L","from":"成都兴城大道(地铁站)","to":"成都慈义(地铁站)"},"geometry":{"type":"LineString","coordinates":[[104.107709,30.812606],[104.112388,30.820032]]}},{"type":"Feature","properties":{"shape_id":"{}","direction_id":"{\"1\": 50}","headsign":"{}","duration_avg":120,"n_vehicles":50,"d":1200,"route_I_counts":"{\"12\": 50}","source":278,"target":277,"layer":"L","from":"成都慈义(地铁站)","to":"成都兴城大道(地铁站)"},"geometry":{"type":"LineString","coordinates":[[104.112388,30.820032],[104.107709,30.812606]]}},{"type":"Feature","properties":{"shape_id":"{}","direction_id":"{\"0\": 50}","headsign":"{}","duration_avg":120,"n_vehicles":50,"d":1200,"route_I_counts":"{\"12\": 50}","source":278,"target":279,"layer":"L","from":"成都慈义(地铁站)","to":"成都石佛(地铁站)"},"geometry":{"type":"LineString","coordinates":[[104.112388,30.820032],[104.109348,30.827486]]}},{"type":"Feature","properties":{"shape_id":"{}","direction_id":"{\"1\": 50}","headsign":"{}","duration_avg":120,"n_vehicles":50,"d":1200,"route_I_counts":"{\"12\": 50}","source":279,"target":278,"layer":"L","from":"成都石佛(地铁站)","to":"成都慈义(地铁站)"},"geometry":{"type":"LineString","coordinates":[[104.109348,30.827486],[104.112388,30.820032]]}},{"type":"Feature","properties":{"shape_id":"{}","direction_id":"{\"0\": 50}","headsign":"{}","duration_avg":180,"n_vehicles":50,"d":1800,"route_I_counts":"{\"13\": 50}","source":269,"target":280,"layer":"L","from":"成都韦家碾(地铁站)","to":"成都升仙湖(地铁站)"},"geometry":{"type":"LineString","coordinates":[[104.084321,30.720017],[104.080938,30.707006]]}},{"type":"Feature","properties":{"shape_id":"{}","direction_id":"{\"1\": 50}","headsign":"{}","duration_avg":180,"n_vehicles":50,"d":1800,"route_I_counts":"{\"13\": 50}","source":280,"target":269,"layer":"L","from":"成都升仙湖(地铁站)","to":"成都韦家碾(地铁站)"},"geometry":{"type":"LineString","coordinates":[[104.080938,30.707006],[104.084321,30.720017]]}},{"type":"Feature","properties":{"shape_id":"{}","direction_id":"{\"0\": 50}","headsign":"{}","duration_avg":180,"n_vehicles":50,"d":1800,"route_I_counts":"{\"13\": 50}","source":280,"target":192,"layer":"L","from":"成都升仙湖(地铁站)","to":"成都火车北站(地铁站)"},"geometry":{"type":"LineString","coordinates":[[104.080938,30.707006],[104.071533,30.69791]]}},{"type":"Feature","properties":{"shape_id":"{}","direction_id":"{\"1\": 50}","headsign":"{}","duration_avg":180,"n_vehicles":50,"d":1800,"route_I_counts":"{\"13\": 50}","source":192,"target":280,"layer":"L","from":"成都火车北站(地铁站)","to":"成都升仙湖(地铁站)"},"geometry":{"type":"LineString","coordinates":[[104.071533,30.69791],[104.080938,30.707006]]}},{"type":"Feature","properties":{"shape_id":"{}","direction_id":"{\"0\": 50}","headsign":"{}","duration_avg":120,"n_vehicles":50,"d":1200,"route_I_counts":"{\"13\": 50}","source":192,"target":173,"layer":"L","from":"成都火车北站(地铁站)","to":"成都人民北路(地铁站)"},"geometry":{"type":"LineString","coordinates":[[104.071533,30.69791],[104.069517,30.688285]]}},{"type":"Feature","properties":{"shape_id":"{}","direction_id":"{\"1\": 50}","headsign":"{}","duration_avg":120,"n_vehicles":50,"d":1200,"route_I_counts":"{\"13\": 50}","source":173,"target":192,"layer":"L","from":"成都人民北路(地铁站)","to":"成都火车北站(地铁站)"},"geometry":{"type":"LineString","coordinates":[[104.069517,30.688285],[104.071533,30.69791]]}},{"type":"Feature","properties":{"shape_id":"{}","direction_id":"{\"0\": 50}","headsign":"{}","duration_avg":120,"n_vehicles":50,"d":1200,"route_I_counts":"{\"13\": 50}","source":173,"target":281,"layer":"L","from":"成都人民北路(地铁站)","to":"成都文殊院(地铁站)"},"geometry":{"type":"LineString","coordinates":[[104.069517,30.688285],[104.065525,30.674946]]}},{"type":"Feature","properties":{"shape_id":"{}","direction_id":"{\"1\": 50}","headsign":"{}","duration_avg":120,"n_vehicles":50,"d":1200,"route_I_counts":"{\"13\": 50}","source":281,"target":173,"layer":"L","from":"成都文殊院(地铁站)","to":"成都人民北路(地铁站)"},"geometry":{"type":"LineString","coordinates":[[104.065525,30.674946],[104.069517,30.688285]]}},{"type":"Feature","properties":{"shape_id":"{}","direction_id":"{\"0\": 50}","headsign":"{}","duration_avg":120,"n_vehicles":50,"d":1200,"route_I_counts":"{\"13\": 50}","source":281,"target":85,"layer":"L","from":"成都文殊院(地铁站)","to":"成都骡马市(地铁站)"},"geometry":{"type":"LineString","coordinates":[[104.065525,30.674946],[104.063754,30.669441]]}},{"type":"Feature","properties":{"shape_id":"{}","direction_id":"{\"1\": 50}","headsign":"{}","duration_avg":120,"n_vehicles":50,"d":1200,"route_I_counts":"{\"13\": 50}","source":85,"target":281,"layer":"L","from":"成都骡马市(地铁站)","to":"成都文殊院(地铁站)"},"geometry":{"type":"LineString","coordinates":[[104.063754,30.669441],[104.065525,30.674946]]}},{"type":"Feature","properties":{"shape_id":"{}","direction_id":"{\"0\": 50}","headsign":"{}","duration_avg":120,"n_vehicles":50,"d":1200,"route_I_counts":"{\"13\": 50}","source":85,"target":17,"layer":"L","from":"成都骡马市(地铁站)","to":"成都天府广场(地铁站)"},"geometry":{"type":"LineString","coordinates":[[104.063754,30.669441],[104.063382,30.659562]]}},{"type":"Feature","properties":{"shape_id":"{}","direction_id":"{\"1\": 50}","headsign":"{}","duration_avg":120,"n_vehicles":50,"d":1200,"route_I_counts":"{\"13\": 50}","source":17,"target":85,"layer":"L","from":"成都天府广场(地铁站)","to":"成都骡马市(地铁站)"},"geometry":{"type":"LineString","coordinates":[[104.063382,30.659562],[104.063754,30.669441]]}},{"type":"Feature","properties":{"shape_id":"{}","direction_id":"{\"0\": 50}","headsign":"{}","duration_avg":120,"n_vehicles":50,"d":1200,"route_I_counts":"{\"13\": 50}","source":17,"target":282,"layer":"L","from":"成都天府广场(地铁站)","to":"成都锦江宾馆(地铁站)"},"geometry":{"type":"LineString","coordinates":[[104.063382,30.659562],[104.063546,30.65247]]}},{"type":"Feature","properties":{"shape_id":"{}","direction_id":"{\"1\": 50}","headsign":"{}","duration_avg":120,"n_vehicles":50,"d":1200,"route_I_counts":"{\"13\": 50}","source":282,"target":17,"layer":"L","from":"成都锦江宾馆(地铁站)","to":"成都天府广场(地铁站)"},"geometry":{"type":"LineString","coordinates":[[104.063546,30.65247],[104.063382,30.659562]]}},{"type":"Feature","properties":{"shape_id":"{}","direction_id":"{\"0\": 50}","headsign":"{}","duration_avg":120,"n_vehicles":50,"d":1200,"route_I_counts":"{\"13\": 50}","source":282,"target":283,"layer":"L","from":"成都锦江宾馆(地铁站)","to":"成都华西坝(地铁站)"},"geometry":{"type":"LineString","coordinates":[[104.063546,30.65247],[104.063772,30.645249]]}},{"type":"Feature","properties":{"shape_id":"{}","direction_id":"{\"1\": 50}","headsign":"{}","duration_avg":120,"n_vehicles":50,"d":1200,"route_I_counts":"{\"13\": 50}","source":283,"target":282,"layer":"L","from":"成都华西坝(地铁站)","to":"成都锦江宾馆(地铁站)"},"geometry":{"type":"LineString","coordinates":[[104.063772,30.645249],[104.063546,30.65247]]}},{"type":"Feature","properties":{"shape_id":"{}","direction_id":"{\"0\": 50}","headsign":"{}","duration_avg":120,"n_vehicles":50,"d":1200,"route_I_counts":"{\"13\": 50}","source":283,"target":54,"layer":"L","from":"成都华西坝(地铁站)","to":"成都省体育馆(地铁站)"},"geometry":{"type":"LineString","coordinates":[[104.063772,30.645249],[104.063171,30.635964]]}},{"type":"Feature","properties":{"shape_id":"{}","direction_id":"{\"1\": 50}","headsign":"{}","duration_avg":120,"n_vehicles":50,"d":1200,"route_I_counts":"{\"13\": 50}","source":54,"target":283,"layer":"L","from":"成都省体育馆(地铁站)","to":"成都华西坝(地铁站)"},"geometry":{"type":"LineString","coordinates":[[104.063171,30.635964],[104.063772,30.645249]]}},{"type":"Feature","properties":{"shape_id":"{}","direction_id":"{\"0\": 50}","headsign":"{}","duration_avg":60,"n_vehicles":50,"d":600,"route_I_counts":"{\"13\": 50}","source":54,"target":226,"layer":"L","from":"成都省体育馆(地铁站)","to":"成都倪家桥(地铁站)"},"geometry":{"type":"LineString","coordinates":[[104.063171,30.635964],[104.063134,30.6274]]}},{"type":"Feature","properties":{"shape_id":"{}","direction_id":"{\"1\": 50}","headsign":"{}","duration_avg":60,"n_vehicles":50,"d":600,"route_I_counts":"{\"13\": 50}","source":226,"target":54,"layer":"L","from":"成都倪家桥(地铁站)","to":"成都省体育馆(地铁站)"},"geometry":{"type":"LineString","coordinates":[[104.063134,30.6274],[104.063171,30.635964]]}},{"type":"Feature","properties":{"shape_id":"{}","direction_id":"{\"0\": 50}","headsign":"{}","duration_avg":120,"n_vehicles":50,"d":1200,"route_I_counts":"{\"13\": 50}","source":226,"target":284,"layer":"L","from":"成都倪家桥(地铁站)","to":"成都桐梓林(地铁站)"},"geometry":{"type":"LineString","coordinates":[[104.063134,30.6274],[104.064607,30.617748]]}},{"type":"Feature","properties":{"shape_id":"{}","direction_id":"{\"1\": 50}","headsign":"{}","duration_avg":120,"n_vehicles":50,"d":1200,"route_I_counts":"{\"13\": 50}","source":284,"target":226,"layer":"L","from":"成都桐梓林(地铁站)","to":"成都倪家桥(地铁站)"},"geometry":{"type":"LineString","coordinates":[[104.064607,30.617748],[104.063134,30.6274]]}},{"type":"Feature","properties":{"shape_id":"{}","direction_id":"{\"0\": 50}","headsign":"{}","duration_avg":180,"n_vehicles":50,"d":1800,"route_I_counts":"{\"13\": 50}","source":284,"target":204,"layer":"L","from":"成都桐梓林(地铁站)","to":"成都火车南站(地铁站)"},"geometry":{"type":"LineString","coordinates":[[104.064607,30.617748],[104.063621,30.60771]]}},{"type":"Feature","properties":{"shape_id":"{}","direction_id":"{\"1\": 50}","headsign":"{}","duration_avg":180,"n_vehicles":50,"d":1800,"route_I_counts":"{\"13\": 50}","source":204,"target":284,"layer":"L","from":"成都火车南站(地铁站)","to":"成都桐梓林(地铁站)"},"geometry":{"type":"LineString","coordinates":[[104.063621,30.60771],[104.064607,30.617748]]}},{"type":"Feature","properties":{"shape_id":"{}","direction_id":"{\"0\": 50}","headsign":"{}","duration_avg":120,"n_vehicles":50,"d":1200,"route_I_counts":"{\"13\": 50}","source":204,"target":285,"layer":"L","from":"成都火车南站(地铁站)","to":"成都高新(地铁站)"},"geometry":{"type":"LineString","coordinates":[[104.063621,30.60771],[104.061347,30.596818]]}},{"type":"Feature","properties":{"shape_id":"{}","direction_id":"{\"1\": 50}","headsign":"{}","duration_avg":120,"n_vehicles":50,"d":1200,"route_I_counts":"{\"13\": 50}","source":285,"target":204,"layer":"L","from":"成都高新(地铁站)","to":"成都火车南站(地铁站)"},"geometry":{"type":"LineString","coordinates":[[104.061347,30.596818],[104.063621,30.60771]]}},{"type":"Feature","properties":{"shape_id":"{}","direction_id":"{\"0\": 50}","headsign":"{}","duration_avg":120,"n_vehicles":50,"d":1200,"route_I_counts":"{\"13\": 50}","source":285,"target":286,"layer":"L","from":"成都高新(地铁站)","to":"成都金融城(地铁站)"},"geometry":{"type":"LineString","coordinates":[[104.061347,30.596818],[104.061645,30.585033]]}},{"type":"Feature","properties":{"shape_id":"{}","direction_id":"{\"1\": 50}","headsign":"{}","duration_avg":120,"n_vehicles":50,"d":1200,"route_I_counts":"{\"13\": 50}","source":286,"target":285,"layer":"L","from":"成都金融城(地铁站)","to":"成都高新(地铁站)"},"geometry":{"type":"LineString","coordinates":[[104.061645,30.585033],[104.061347,30.596818]]}},{"type":"Feature","properties":{"shape_id":"{}","direction_id":"{\"0\": 50}","headsign":"{}","duration_avg":120,"n_vehicles":50,"d":1200,"route_I_counts":"{\"13\": 50}","source":286,"target":245,"layer":"L","from":"成都金融城(地铁站)","to":"成都孵化园(地铁站)"},"geometry":{"type":"LineString","coordinates":[[104.061645,30.585033],[104.063913,30.578029]]}},{"type":"Feature","properties":{"shape_id":"{}","direction_id":"{\"1\": 50}","headsign":"{}","duration_avg":120,"n_vehicles":50,"d":1200,"route_I_counts":"{\"13\": 50}","source":245,"target":286,"layer":"L","from":"成都孵化园(地铁站)","to":"成都金融城(地铁站)"},"geometry":{"type":"LineString","coordinates":[[104.063913,30.578029],[104.061645,30.585033]]}},{"type":"Feature","properties":{"shape_id":"{}","direction_id":"{\"0\": 50}","headsign":"{}","duration_avg":60,"n_vehicles":50,"d":600,"route_I_counts":"{\"13\": 50}","source":245,"target":287,"layer":"L","from":"成都孵化园(地铁站)","to":"成都锦城广场(地铁站)"},"geometry":{"type":"LineString","coordinates":[[104.063913,30.578029],[104.064023,30.570178]]}},{"type":"Feature","properties":{"shape_id":"{}","direction_id":"{\"1\": 50}","headsign":"{}","duration_avg":60,"n_vehicles":50,"d":600,"route_I_counts":"{\"13\": 50}","source":287,"target":245,"layer":"L","from":"成都锦城广场(地铁站)","to":"成都孵化园(地铁站)"},"geometry":{"type":"LineString","coordinates":[[104.064023,30.570178],[104.063913,30.578029]]}},{"type":"Feature","properties":{"shape_id":"{}","direction_id":"{\"0\": 50}","headsign":"{}","duration_avg":180,"n_vehicles":50,"d":1800,"route_I_counts":"{\"13\": 50}","source":287,"target":288,"layer":"L","from":"成都锦城广场(地铁站)","to":"成都世纪城(地铁站)"},"geometry":{"type":"LineString","coordinates":[[104.064023,30.570178],[104.066421,30.557328]]}},{"type":"Feature","properties":{"shape_id":"{}","direction_id":"{\"1\": 50}","headsign":"{}","duration_avg":180,"n_vehicles":50,"d":1800,"route_I_counts":"{\"13\": 50}","source":288,"target":287,"layer":"L","from":"成都世纪城(地铁站)","to":"成都锦城广场(地铁站)"},"geometry":{"type":"LineString","coordinates":[[104.066421,30.557328],[104.064023,30.570178]]}},{"type":"Feature","properties":{"shape_id":"{}","direction_id":"{\"0\": 50}","headsign":"{}","duration_avg":120,"n_vehicles":50,"d":1200,"route_I_counts":"{\"13\": 50}","source":288,"target":289,"layer":"L","from":"成都世纪城(地铁站)","to":"成都天府三街(地铁站)"},"geometry":{"type":"LineString","coordinates":[[104.066421,30.557328],[104.066696,30.548663]]}},{"type":"Feature","properties":{"shape_id":"{}","direction_id":"{\"1\": 50}","headsign":"{}","duration_avg":120,"n_vehicles":50,"d":1200,"route_I_counts":"{\"13\": 50}","source":289,"target":288,"layer":"L","from":"成都天府三街(地铁站)","to":"成都世纪城(地铁站)"},"geometry":{"type":"LineString","coordinates":[[104.066696,30.548663],[104.066421,30.557328]]}},{"type":"Feature","properties":{"shape_id":"{}","direction_id":"{\"0\": 50}","headsign":"{}","duration_avg":120,"n_vehicles":50,"d":1200,"route_I_counts":"{\"13\": 50}","source":289,"target":290,"layer":"L","from":"成都天府三街(地铁站)","to":"成都天府五街(地铁站)"},"geometry":{"type":"LineString","coordinates":[[104.066696,30.548663],[104.067002,30.539569]]}},{"type":"Feature","properties":{"shape_id":"{}","direction_id":"{\"1\": 50}","headsign":"{}","duration_avg":120,"n_vehicles":50,"d":1200,"route_I_counts":"{\"13\": 50}","source":290,"target":289,"layer":"L","from":"成都天府五街(地铁站)","to":"成都天府三街(地铁站)"},"geometry":{"type":"LineString","coordinates":[[104.067002,30.539569],[104.066696,30.548663]]}},{"type":"Feature","properties":{"shape_id":"{}","direction_id":"{\"0\": 50}","headsign":"{}","duration_avg":120,"n_vehicles":50,"d":1200,"route_I_counts":"{\"13\": 50}","source":290,"target":291,"layer":"L","from":"成都天府五街(地铁站)","to":"成都华府大道(地铁站)"},"geometry":{"type":"LineString","coordinates":[[104.067002,30.539569],[104.067326,30.528211]]}},{"type":"Feature","properties":{"shape_id":"{}","direction_id":"{\"1\": 50}","headsign":"{}","duration_avg":120,"n_vehicles":50,"d":1200,"route_I_counts":"{\"13\": 50}","source":291,"target":290,"layer":"L","from":"成都华府大道(地铁站)","to":"成都天府五街(地铁站)"},"geometry":{"type":"LineString","coordinates":[[104.067326,30.528211],[104.067002,30.539569]]}},{"type":"Feature","properties":{"shape_id":"{}","direction_id":"{\"0\": 50}","headsign":"{}","duration_avg":180,"n_vehicles":50,"d":1800,"route_I_counts":"{\"13\": 50}","source":291,"target":292,"layer":"L","from":"成都华府大道(地铁站)","to":"成都四河(地铁站)"},"geometry":{"type":"LineString","coordinates":[[104.067326,30.528211],[104.067617,30.5186]]}},{"type":"Feature","properties":{"shape_id":"{}","direction_id":"{\"1\": 50}","headsign":"{}","duration_avg":180,"n_vehicles":50,"d":1800,"route_I_counts":"{\"13\": 50}","source":292,"target":291,"layer":"L","from":"成都四河(地铁站)","to":"成都华府大道(地铁站)"},"geometry":{"type":"LineString","coordinates":[[104.067617,30.5186],[104.067326,30.528211]]}},{"type":"Feature","properties":{"shape_id":"{}","direction_id":"{\"0\": 50}","headsign":"{}","duration_avg":120,"n_vehicles":50,"d":1200,"route_I_counts":"{\"13\": 50}","source":292,"target":293,"layer":"L","from":"成都四河(地铁站)","to":"成都华阳(地铁站)"},"geometry":{"type":"LineString","coordinates":[[104.067617,30.5186],[104.069389,30.506]]}},{"type":"Feature","properties":{"shape_id":"{}","direction_id":"{\"1\": 50}","headsign":"{}","duration_avg":120,"n_vehicles":50,"d":1200,"route_I_counts":"{\"13\": 50}","source":293,"target":292,"layer":"L","from":"成都华阳(地铁站)","to":"成都四河(地铁站)"},"geometry":{"type":"LineString","coordinates":[[104.069389,30.506],[104.067617,30.5186]]}},{"type":"Feature","properties":{"shape_id":"{}","direction_id":"{\"0\": 50}","headsign":"{}","duration_avg":120,"n_vehicles":50,"d":1200,"route_I_counts":"{\"13\": 50}","source":293,"target":294,"layer":"L","from":"成都华阳(地铁站)","to":"成都海昌路(地铁站)"},"geometry":{"type":"LineString","coordinates":[[104.069389,30.506],[104.069081,30.49639]]}},{"type":"Feature","properties":{"shape_id":"{}","direction_id":"{\"1\": 50}","headsign":"{}","duration_avg":120,"n_vehicles":50,"d":1200,"route_I_counts":"{\"13\": 50}","source":294,"target":293,"layer":"L","from":"成都海昌路(地铁站)","to":"成都华阳(地铁站)"},"geometry":{"type":"LineString","coordinates":[[104.069081,30.49639],[104.069389,30.506]]}},{"type":"Feature","properties":{"shape_id":"{}","direction_id":"{\"0\": 50}","headsign":"{}","duration_avg":180,"n_vehicles":50,"d":1800,"route_I_counts":"{\"13\": 50}","source":294,"target":295,"layer":"L","from":"成都海昌路(地铁站)","to":"成都广福(地铁站)"},"geometry":{"type":"LineString","coordinates":[[104.069081,30.49639],[104.06715,30.480981]]}},{"type":"Feature","properties":{"shape_id":"{}","direction_id":"{\"1\": 50}","headsign":"{}","duration_avg":180,"n_vehicles":50,"d":1800,"route_I_counts":"{\"13\": 50}","source":295,"target":294,"layer":"L","from":"成都广福(地铁站)","to":"成都海昌路(地铁站)"},"geometry":{"type":"LineString","coordinates":[[104.06715,30.480981],[104.069081,30.49639]]}},{"type":"Feature","properties":{"shape_id":"{}","direction_id":"{\"0\": 50}","headsign":"{}","duration_avg":120,"n_vehicles":50,"d":1200,"route_I_counts":"{\"13\": 50}","source":295,"target":296,"layer":"L","from":"成都广福(地铁站)","to":"成都红石公园(地铁站)"},"geometry":{"type":"LineString","coordinates":[[104.06715,30.480981],[104.070431,30.466781]]}},{"type":"Feature","properties":{"shape_id":"{}","direction_id":"{\"1\": 50}","headsign":"{}","duration_avg":120,"n_vehicles":50,"d":1200,"route_I_counts":"{\"13\": 50}","source":296,"target":295,"layer":"L","from":"成都红石公园(地铁站)","to":"成都广福(地铁站)"},"geometry":{"type":"LineString","coordinates":[[104.070431,30.466781],[104.06715,30.480981]]}},{"type":"Feature","properties":{"shape_id":"{}","direction_id":"{\"0\": 50}","headsign":"{}","duration_avg":120,"n_vehicles":50,"d":1200,"route_I_counts":"{\"13\": 50}","source":296,"target":297,"layer":"L","from":"成都红石公园(地铁站)","to":"成都麓湖(地铁站)"},"geometry":{"type":"LineString","coordinates":[[104.070431,30.466781],[104.070769,30.457281]]}},{"type":"Feature","properties":{"shape_id":"{}","direction_id":"{\"1\": 50}","headsign":"{}","duration_avg":120,"n_vehicles":50,"d":1200,"route_I_counts":"{\"13\": 50}","source":297,"target":296,"layer":"L","from":"成都麓湖(地铁站)","to":"成都红石公园(地铁站)"},"geometry":{"type":"LineString","coordinates":[[104.070769,30.457281],[104.070431,30.466781]]}},{"type":"Feature","properties":{"shape_id":"{}","direction_id":"{\"0\": 50}","headsign":"{}","duration_avg":120,"n_vehicles":50,"d":1200,"route_I_counts":"{\"13\": 50}","source":297,"target":298,"layer":"L","from":"成都麓湖(地铁站)","to":"成都武汉路(地铁站)"},"geometry":{"type":"LineString","coordinates":[[104.070769,30.457281],[104.071024,30.444821]]}},{"type":"Feature","properties":{"shape_id":"{}","direction_id":"{\"1\": 50}","headsign":"{}","duration_avg":120,"n_vehicles":50,"d":1200,"route_I_counts":"{\"13\": 50}","source":298,"target":297,"layer":"L","from":"成都武汉路(地铁站)","to":"成都麓湖(地铁站)"},"geometry":{"type":"LineString","coordinates":[[104.071024,30.444821],[104.070769,30.457281]]}},{"type":"Feature","properties":{"shape_id":"{}","direction_id":"{\"0\": 50}","headsign":"{}","duration_avg":120,"n_vehicles":50,"d":1200,"route_I_counts":"{\"13\": 50}","source":298,"target":299,"layer":"L","from":"成都武汉路(地铁站)","to":"成都天府公园(地铁站)"},"geometry":{"type":"LineString","coordinates":[[104.071024,30.444821],[104.075611,30.435694]]}},{"type":"Feature","properties":{"shape_id":"{}","direction_id":"{\"1\": 50}","headsign":"{}","duration_avg":120,"n_vehicles":50,"d":1200,"route_I_counts":"{\"13\": 50}","source":299,"target":298,"layer":"L","from":"成都天府公园(地铁站)","to":"成都武汉路(地铁站)"},"geometry":{"type":"LineString","coordinates":[[104.075611,30.435694],[104.071024,30.444821]]}},{"type":"Feature","properties":{"shape_id":"{}","direction_id":"{\"0\": 50}","headsign":"{}","duration_avg":120,"n_vehicles":50,"d":1200,"route_I_counts":"{\"13\": 50}","source":299,"target":147,"layer":"L","from":"成都天府公园(地铁站)","to":"成都西博城(地铁站)"},"geometry":{"type":"LineString","coordinates":[[104.075611,30.435694],[104.073316,30.427249]]}},{"type":"Feature","properties":{"shape_id":"{}","direction_id":"{\"1\": 50}","headsign":"{}","duration_avg":120,"n_vehicles":50,"d":1200,"route_I_counts":"{\"13\": 50}","source":147,"target":299,"layer":"L","from":"成都西博城(地铁站)","to":"成都天府公园(地铁站)"},"geometry":{"type":"LineString","coordinates":[[104.073316,30.427249],[104.075611,30.435694]]}},{"type":"Feature","properties":{"shape_id":"{}","direction_id":"{\"0\": 50}","headsign":"{}","duration_avg":120,"n_vehicles":50,"d":1200,"route_I_counts":"{\"13\": 50}","source":147,"target":300,"layer":"L","from":"成都西博城(地铁站)","to":"成都广州路(地铁站)"},"geometry":{"type":"LineString","coordinates":[[104.073316,30.427249],[104.074889,30.420389]]}},{"type":"Feature","properties":{"shape_id":"{}","direction_id":"{\"1\": 50}","headsign":"{}","duration_avg":120,"n_vehicles":50,"d":1200,"route_I_counts":"{\"13\": 50}","source":300,"target":147,"layer":"L","from":"成都广州路(地铁站)","to":"成都西博城(地铁站)"},"geometry":{"type":"LineString","coordinates":[[104.074889,30.420389],[104.073316,30.427249]]}},{"type":"Feature","properties":{"shape_id":"{}","direction_id":"{\"0\": 50}","headsign":"{}","duration_avg":180,"n_vehicles":50,"d":1800,"route_I_counts":"{\"13\": 50}","source":300,"target":301,"layer":"L","from":"成都广州路(地铁站)","to":"成都兴隆湖(地铁站)"},"geometry":{"type":"LineString","coordinates":[[104.074889,30.420389],[104.071806,30.404306]]}},{"type":"Feature","properties":{"shape_id":"{}","direction_id":"{\"1\": 50}","headsign":"{}","duration_avg":180,"n_vehicles":50,"d":1800,"route_I_counts":"{\"13\": 50}","source":301,"target":300,"layer":"L","from":"成都兴隆湖(地铁站)","to":"成都广州路(地铁站)"},"geometry":{"type":"LineString","coordinates":[[104.071806,30.404306],[104.074889,30.420389]]}},{"type":"Feature","properties":{"shape_id":"{}","direction_id":"{\"0\": 50}","headsign":"{}","duration_avg":180,"n_vehicles":50,"d":1800,"route_I_counts":"{\"13\": 50}","source":301,"target":302,"layer":"L","from":"成都兴隆湖(地铁站)","to":"成都科学城(地铁站)"},"geometry":{"type":"LineString","coordinates":[[104.071806,30.404306],[104.0705,30.393389]]}},{"type":"Feature","properties":{"shape_id":"{}","direction_id":"{\"1\": 50}","headsign":"{}","duration_avg":180,"n_vehicles":50,"d":1800,"route_I_counts":"{\"13\": 50}","source":302,"target":301,"layer":"L","from":"成都科学城(地铁站)","to":"成都兴隆湖(地铁站)"},"geometry":{"type":"LineString","coordinates":[[104.0705,30.393389],[104.071806,30.404306]]}},{"type":"Feature","properties":{"shape_id":"{}","direction_id":"{\"0\": 50}","headsign":"{}","duration_avg":120,"n_vehicles":50,"d":1200,"route_I_counts":"{\"14\": 50}","source":292,"target":303,"layer":"L","from":"成都四河(地铁站)","to":"成都广都(地铁站)"},"geometry":{"type":"LineString","coordinates":[[104.067617,30.5186],[104.073197,30.513215]]}},{"type":"Feature","properties":{"shape_id":"{}","direction_id":"{\"1\": 50}","headsign":"{}","duration_avg":120,"n_vehicles":50,"d":1200,"route_I_counts":"{\"14\": 50}","source":303,"target":292,"layer":"L","from":"成都广都(地铁站)","to":"成都四河(地铁站)"},"geometry":{"type":"LineString","coordinates":[[104.073197,30.513215],[104.067617,30.5186]]}},{"type":"Feature","properties":{"shape_id":"{}","direction_id":"{\"0\": 50}","headsign":"{}","duration_avg":180,"n_vehicles":50,"d":1800,"route_I_counts":"{\"14\": 50}","source":303,"target":304,"layer":"L","from":"成都广都(地铁站)","to":"成都五根松(地铁站)"},"geometry":{"type":"LineString","coordinates":[[104.073197,30.513215],[104.078846,30.504502]]}},{"type":"Feature","properties":{"shape_id":"{}","direction_id":"{\"1\": 50}","headsign":"{}","duration_avg":180,"n_vehicles":50,"d":1800,"route_I_counts":"{\"14\": 50}","source":304,"target":303,"layer":"L","from":"成都五根松(地铁站)","to":"成都广都(地铁站)"},"geometry":{"type":"LineString","coordinates":[[104.078846,30.504502],[104.073197,30.513215]]}},{"type":"Feature","properties":{"shape_id":"{}","direction_id":"{\"0\": 50}","headsign":"{}","duration_avg":240,"n_vehicles":50,"d":2400,"route_I_counts":"{\"15\": 50}","source":305,"target":306,"layer":"L","from":"成都九江北(地铁站)","to":"成都白佛桥(地铁站)"},"geometry":{"type":"LineString","coordinates":[[103.9195,30.6373],[103.961053,30.643709]]}},{"type":"Feature","properties":{"shape_id":"{}","direction_id":"{\"1\": 50}","headsign":"{}","duration_avg":240,"n_vehicles":50,"d":2400,"route_I_counts":"{\"15\": 50}","source":306,"target":305,"layer":"L","from":"成都白佛桥(地铁站)","to":"成都九江北(地铁站)"},"geometry":{"type":"LineString","coordinates":[[103.961053,30.643709],[103.9195,30.6373]]}},{"type":"Feature","properties":{"shape_id":"{}","direction_id":"{\"0\": 50}","headsign":"{}","duration_avg":120,"n_vehicles":50,"d":1200,"route_I_counts":"{\"15\": 50}","source":306,"target":241,"layer":"L","from":"成都白佛桥(地铁站)","to":"成都机投桥(地铁站)"},"geometry":{"type":"LineString","coordinates":[[103.961053,30.643709],[103.975903,30.648681]]}},{"type":"Feature","properties":{"shape_id":"{}","direction_id":"{\"1\": 50}","headsign":"{}","duration_avg":120,"n_vehicles":50,"d":1200,"route_I_counts":"{\"15\": 50}","source":241,"target":306,"layer":"L","from":"成都机投桥(地铁站)","to":"成都白佛桥(地铁站)"},"geometry":{"type":"LineString","coordinates":[[103.975903,30.648681],[103.961053,30.643709]]}},{"type":"Feature","properties":{"shape_id":"{}","direction_id":"{\"0\": 50}","headsign":"{}","duration_avg":180,"n_vehicles":50,"d":1800,"route_I_counts":"{\"16\": 50}","source":204,"target":245,"layer":"L","from":"成都火车南站(地铁站)","to":"成都孵化园(地铁站)"},"geometry":{"type":"LineString","coordinates":[[104.063621,30.60771],[104.063913,30.578029]]}},{"type":"Feature","properties":{"shape_id":"{}","direction_id":"{\"1\": 50}","headsign":"{}","duration_avg":180,"n_vehicles":50,"d":1800,"route_I_counts":"{\"16\": 50}","source":245,"target":204,"layer":"L","from":"成都孵化园(地铁站)","to":"成都火车南站(地铁站)"},"geometry":{"type":"LineString","coordinates":[[104.063913,30.578029],[104.063621,30.60771]]}},{"type":"Feature","properties":{"shape_id":"{}","direction_id":"{\"0\": 50}","headsign":"{}","duration_avg":120,"n_vehicles":50,"d":1200,"route_I_counts":"{\"16\": 50}","source":245,"target":307,"layer":"L","from":"成都孵化园(地铁站)","to":"成都锦城广场东(地铁站)"},"geometry":{"type":"LineString","coordinates":[[104.063913,30.578029],[104.0708,30.5692]]}},{"type":"Feature","properties":{"shape_id":"{}","direction_id":"{\"1\": 50}","headsign":"{}","duration_avg":120,"n_vehicles":50,"d":1200,"route_I_counts":"{\"16\": 50}","source":307,"target":245,"layer":"L","from":"成都锦城广场东(地铁站)","to":"成都孵化园(地铁站)"},"geometry":{"type":"LineString","coordinates":[[104.0708,30.5692],[104.063913,30.578029]]}},{"type":"Feature","properties":{"shape_id":"{}","direction_id":"{\"0\": 50}","headsign":"{}","duration_avg":120,"n_vehicles":50,"d":1200,"route_I_counts":"{\"16\": 50}","source":307,"target":288,"layer":"L","from":"成都锦城广场东(地铁站)","to":"成都世纪城(地铁站)"},"geometry":{"type":"LineString","coordinates":[[104.0708,30.5692],[104.066421,30.557328]]}},{"type":"Feature","properties":{"shape_id":"{}","direction_id":"{\"1\": 50}","headsign":"{}","duration_avg":120,"n_vehicles":50,"d":1200,"route_I_counts":"{\"16\": 50}","source":288,"target":307,"layer":"L","from":"成都世纪城(地铁站)","to":"成都锦城广场东(地铁站)"},"geometry":{"type":"LineString","coordinates":[[104.066421,30.557328],[104.0708,30.5692]]}},{"type":"Feature","properties":{"shape_id":"{}","direction_id":"{\"0\": 50}","headsign":"{}","duration_avg":300,"n_vehicles":50,"d":3000,"route_I_counts":"{\"16\": 50}","source":288,"target":294,"layer":"L","from":"成都世纪城(地铁站)","to":"成都海昌路(地铁站)"},"geometry":{"type":"LineString","coordinates":[[104.066421,30.557328],[104.069081,30.49639]]}},{"type":"Feature","properties":{"shape_id":"{}","direction_id":"{\"1\": 50}","headsign":"{}","duration_avg":300,"n_vehicles":50,"d":3000,"route_I_counts":"{\"16\": 50}","source":294,"target":288,"layer":"L","from":"成都海昌路(地铁站)","to":"成都世纪城(地铁站)"},"geometry":{"type":"LineString","coordinates":[[104.069081,30.49639],[104.066421,30.557328]]}},{"type":"Feature","properties":{"shape_id":"{}","direction_id":"{\"0\": 50}","headsign":"{}","duration_avg":360,"n_vehicles":50,"d":3600,"route_I_counts":"{\"16\": 50}","source":294,"target":147,"layer":"L","from":"成都海昌路(地铁站)","to":"成都西博城(地铁站)"},"geometry":{"type":"LineString","coordinates":[[104.069081,30.49639],[104.073316,30.427249]]}},{"type":"Feature","properties":{"shape_id":"{}","direction_id":"{\"1\": 50}","headsign":"{}","duration_avg":360,"n_vehicles":50,"d":3600,"route_I_counts":"{\"16\": 50}","source":147,"target":294,"layer":"L","from":"成都西博城(地铁站)","to":"成都海昌路(地铁站)"},"geometry":{"type":"LineString","coordinates":[[104.073316,30.427249],[104.069081,30.49639]]}},{"type":"Feature","properties":{"shape_id":"{}","direction_id":"{\"0\": 50}","headsign":"{}","duration_avg":180,"n_vehicles":50,"d":1800,"route_I_counts":"{\"16\": 50}","source":147,"target":308,"layer":"L","from":"成都西博城(地铁站)","to":"成都兴隆(地铁站)"},"geometry":{"type":"LineString","coordinates":[[104.073316,30.427249],[104.09915,30.41201]]}},{"type":"Feature","properties":{"shape_id":"{}","direction_id":"{\"1\": 50}","headsign":"{}","duration_avg":180,"n_vehicles":50,"d":1800,"route_I_counts":"{\"16\": 50}","source":308,"target":147,"layer":"L","from":"成都兴隆(地铁站)","to":"成都西博城(地铁站)"},"geometry":{"type":"LineString","coordinates":[[104.09915,30.41201],[104.073316,30.427249]]}},{"type":"Feature","properties":{"shape_id":"{}","direction_id":"{\"0\": 50}","headsign":"{}","duration_avg":240,"n_vehicles":50,"d":2400,"route_I_counts":"{\"16\": 50}","source":308,"target":309,"layer":"L","from":"成都兴隆(地铁站)","to":"成都天府站(地铁站)"},"geometry":{"type":"LineString","coordinates":[[104.09915,30.41201],[104.148534,30.392786]]}},{"type":"Feature","properties":{"shape_id":"{}","direction_id":"{\"1\": 50}","headsign":"{}","duration_avg":240,"n_vehicles":50,"d":2400,"route_I_counts":"{\"16\": 50}","source":309,"target":308,"layer":"L","from":"成都天府站(地铁站)","to":"成都兴隆(地铁站)"},"geometry":{"type":"LineString","coordinates":[[104.148534,30.392786],[104.09915,30.41201]]}},{"type":"Feature","properties":{"shape_id":"{}","direction_id":"{\"0\": 50}","headsign":"{}","duration_avg":660,"n_vehicles":50,"d":6600,"route_I_counts":"{\"16\": 50, \"18\": 50}","source":309,"target":310,"layer":"L","from":"成都天府站(地铁站)","to":"成都三岔(地铁站)"},"geometry":{"type":"LineString","coordinates":[[104.148534,30.392786],[104.3148,30.31394]]}},{"type":"Feature","properties":{"shape_id":"{}","direction_id":"{\"1\": 50}","headsign":"{}","duration_avg":660,"n_vehicles":50,"d":6600,"route_I_counts":"{\"16\": 50, \"18\": 50}","source":310,"target":309,"layer":"L","from":"成都三岔(地铁站)","to":"成都天府站(地铁站)"},"geometry":{"type":"LineString","coordinates":[[104.3148,30.31394],[104.148534,30.392786]]}},{"type":"Feature","properties":{"shape_id":"{}","direction_id":"{\"0\": 50}","headsign":"{}","duration_avg":300,"n_vehicles":50,"d":3000,"route_I_counts":"{\"16\": 50, \"18\": 50}","source":310,"target":32,"layer":"L","from":"成都三岔(地铁站)","to":"成都福田(地铁站)"},"geometry":{"type":"LineString","coordinates":[[104.3148,30.31394],[104.384875,30.280657]]}},{"type":"Feature","properties":{"shape_id":"{}","direction_id":"{\"1\": 50}","headsign":"{}","duration_avg":300,"n_vehicles":50,"d":3000,"route_I_counts":"{\"16\": 50, \"18\": 50}","source":32,"target":310,"layer":"L","from":"成都福田(地铁站)","to":"成都三岔(地铁站)"},"geometry":{"type":"LineString","coordinates":[[104.384875,30.280657],[104.3148,30.31394]]}},{"type":"Feature","properties":{"shape_id":"{}","direction_id":"{\"0\": 50}","headsign":"{}","duration_avg":360,"n_vehicles":50,"d":3600,"route_I_counts":"{\"16\": 50, \"18\": 50}","source":32,"target":311,"layer":"L","from":"成都福田(地铁站)","to":"成都天府机场1号2号航站楼(地铁站)"},"geometry":{"type":"LineString","coordinates":[[104.384875,30.280657],[104.4424,30.3154]]}},{"type":"Feature","properties":{"shape_id":"{}","direction_id":"{\"1\": 50}","headsign":"{}","duration_avg":360,"n_vehicles":50,"d":3600,"route_I_counts":"{\"16\": 50, \"18\": 50}","source":311,"target":32,"layer":"L","from":"成都天府机场1号2号航站楼(地铁站)","to":"成都福田(地铁站)"},"geometry":{"type":"LineString","coordinates":[[104.4424,30.3154],[104.384875,30.280657]]}},{"type":"Feature","properties":{"shape_id":"{}","direction_id":"{\"0\": 50}","headsign":"{}","duration_avg":240,"n_vehicles":50,"d":2400,"route_I_counts":"{\"16\": 50, \"18\": 50}","source":311,"target":312,"layer":"L","from":"成都天府机场1号2号航站楼(地铁站)","to":"成都天府机场北(地铁站)"},"geometry":{"type":"LineString","coordinates":[[104.4424,30.3154],[104.452436,30.336955]]}},{"type":"Feature","properties":{"shape_id":"{}","direction_id":"{\"1\": 50}","headsign":"{}","duration_avg":240,"n_vehicles":50,"d":2400,"route_I_counts":"{\"16\": 50, \"18\": 50}","source":312,"target":311,"layer":"L","from":"成都天府机场北(地铁站)","to":"成都天府机场1号2号航站楼(地铁站)"},"geometry":{"type":"LineString","coordinates":[[104.452436,30.336955],[104.4424,30.3154]]}},{"type":"Feature","properties":{"shape_id":"{}","direction_id":"{\"0\": 50}","headsign":"{}","duration_avg":240,"n_vehicles":50,"d":2400,"route_I_counts":"{\"17\": 50}","source":313,"target":314,"layer":"L","from":"成都金星(地铁站)","to":"成都黄石(地铁站)"},"geometry":{"type":"LineString","coordinates":[[103.791881,30.75865],[103.809944,30.754611]]}},{"type":"Feature","properties":{"shape_id":"{}","direction_id":"{\"1\": 50}","headsign":"{}","duration_avg":240,"n_vehicles":50,"d":2400,"route_I_counts":"{\"17\": 50}","source":314,"target":313,"layer":"L","from":"成都黄石(地铁站)","to":"成都金星(地铁站)"},"geometry":{"type":"LineString","coordinates":[[103.809944,30.754611],[103.791881,30.75865]]}},{"type":"Feature","properties":{"shape_id":"{}","direction_id":"{\"0\": 50}","headsign":"{}","duration_avg":180,"n_vehicles":50,"d":1800,"route_I_counts":"{\"17\": 50}","source":314,"target":315,"layer":"L","from":"成都黄石(地铁站)","to":"成都市五医院(地铁站)"},"geometry":{"type":"LineString","coordinates":[[103.809944,30.754611],[103.830421,30.74672]]}},{"type":"Feature","properties":{"shape_id":"{}","direction_id":"{\"1\": 50}","headsign":"{}","duration_avg":180,"n_vehicles":50,"d":1800,"route_I_counts":"{\"17\": 50}","source":315,"target":314,"layer":"L","from":"成都市五医院(地铁站)","to":"成都黄石(地铁站)"},"geometry":{"type":"LineString","coordinates":[[103.830421,30.74672],[103.809944,30.754611]]}},{"type":"Feature","properties":{"shape_id":"{}","direction_id":"{\"0\": 50}","headsign":"{}","duration_avg":180,"n_vehicles":50,"d":1800,"route_I_counts":"{\"17\": 50}","source":315,"target":100,"layer":"L","from":"成都市五医院(地铁站)","to":"成都凤溪河(地铁站)"},"geometry":{"type":"LineString","coordinates":[[103.830421,30.74672],[103.840906,30.688805]]}},{"type":"Feature","properties":{"shape_id":"{}","direction_id":"{\"1\": 50}","headsign":"{}","duration_avg":180,"n_vehicles":50,"d":1800,"route_I_counts":"{\"17\": 50}","source":100,"target":315,"layer":"L","from":"成都凤溪河(地铁站)","to":"成都市五医院(地铁站)"},"geometry":{"type":"LineString","coordinates":[[103.840906,30.688805],[103.830421,30.74672]]}},{"type":"Feature","properties":{"shape_id":"{}","direction_id":"{\"0\": 50}","headsign":"{}","duration_avg":180,"n_vehicles":50,"d":1800,"route_I_counts":"{\"17\": 50}","source":100,"target":316,"layer":"L","from":"成都凤溪河(地铁站)","to":"成都温泉大道(地铁站)"},"geometry":{"type":"LineString","coordinates":[[103.840906,30.688805],[103.8831,30.7261]]}},{"type":"Feature","properties":{"shape_id":"{}","direction_id":"{\"1\": 50}","headsign":"{}","duration_avg":180,"n_vehicles":50,"d":1800,"route_I_counts":"{\"17\": 50}","source":316,"target":100,"layer":"L","from":"成都温泉大道(地铁站)","to":"成都凤溪河(地铁站)"},"geometry":{"type":"LineString","coordinates":[[103.8831,30.7261],[103.840906,30.688805]]}},{"type":"Feature","properties":{"shape_id":"{}","direction_id":"{\"0\": 50}","headsign":"{}","duration_avg":120,"n_vehicles":50,"d":1200,"route_I_counts":"{\"17\": 50}","source":316,"target":317,"layer":"L","from":"成都温泉大道(地铁站)","to":"成都明光(地铁站)"},"geometry":{"type":"LineString","coordinates":[[103.8831,30.7261],[103.927178,30.690048]]}},{"type":"Feature","properties":{"shape_id":"{}","direction_id":"{\"1\": 50}","headsign":"{}","duration_avg":120,"n_vehicles":50,"d":1200,"route_I_counts":"{\"17\": 50}","source":317,"target":316,"layer":"L","from":"成都明光(地铁站)","to":"成都温泉大道(地铁站)"},"geometry":{"type":"LineString","coordinates":[[103.927178,30.690048],[103.8831,30.7261]]}},{"type":"Feature","properties":{"shape_id":"{}","direction_id":"{\"0\": 50}","headsign":"{}","duration_avg":360,"n_vehicles":50,"d":3600,"route_I_counts":"{\"17\": 50}","source":317,"target":305,"layer":"L","from":"成都明光(地铁站)","to":"成都九江北(地铁站)"},"geometry":{"type":"LineString","coordinates":[[103.927178,30.690048],[103.9195,30.6373]]}},{"type":"Feature","properties":{"shape_id":"{}","direction_id":"{\"1\": 50}","headsign":"{}","duration_avg":360,"n_vehicles":50,"d":3600,"route_I_counts":"{\"17\": 50}","source":305,"target":317,"layer":"L","from":"成都九江北(地铁站)","to":"成都明光(地铁站)"},"geometry":{"type":"LineString","coordinates":[[103.9195,30.6373],[103.927178,30.690048]]}},{"type":"Feature","properties":{"shape_id":"{}","direction_id":"{\"0\": 50}","headsign":"{}","duration_avg":240,"n_vehicles":50,"d":2400,"route_I_counts":"{\"17\": 50}","source":305,"target":45,"layer":"L","from":"成都九江北(地铁站)","to":"成都龙桥路(地铁站)"},"geometry":{"type":"LineString","coordinates":[[103.9195,30.6373],[103.942024,30.606688]]}},{"type":"Feature","properties":{"shape_id":"{}","direction_id":"{\"1\": 50}","headsign":"{}","duration_avg":240,"n_vehicles":50,"d":2400,"route_I_counts":"{\"17\": 50}","source":45,"target":305,"layer":"L","from":"成都龙桥路(地铁站)","to":"成都九江北(地铁站)"},"geometry":{"type":"LineString","coordinates":[[103.942024,30.606688],[103.9195,30.6373]]}},{"type":"Feature","properties":{"shape_id":"{}","direction_id":"{\"0\": 50}","headsign":"{}","duration_avg":300,"n_vehicles":50,"d":3000,"route_I_counts":"{\"17\": 50}","source":45,"target":318,"layer":"L","from":"成都龙桥路(地铁站)","to":"成都双流机场2航站楼东(地铁站)"},"geometry":{"type":"LineString","coordinates":[[103.942024,30.606688],[103.956474,30.57285]]}},{"type":"Feature","properties":{"shape_id":"{}","direction_id":"{\"1\": 50}","headsign":"{}","duration_avg":300,"n_vehicles":50,"d":3000,"route_I_counts":"{\"17\": 50}","source":318,"target":45,"layer":"L","from":"成都双流机场2航站楼东(地铁站)","to":"成都龙桥路(地铁站)"},"geometry":{"type":"LineString","coordinates":[[103.956474,30.57285],[103.942024,30.606688]]}},{"type":"Feature","properties":{"shape_id":"{}","direction_id":"{\"0\": 50}","headsign":"{}","duration_avg":180,"n_vehicles":50,"d":1800,"route_I_counts":"{\"17\": 50}","source":318,"target":238,"layer":"L","from":"成都双流机场2航站楼东(地铁站)","to":"成都龙港(地铁站)"},"geometry":{"type":"LineString","coordinates":[[103.956474,30.57285],[103.971934,30.538093]]}},{"type":"Feature","properties":{"shape_id":"{}","direction_id":"{\"1\": 50}","headsign":"{}","duration_avg":180,"n_vehicles":50,"d":1800,"route_I_counts":"{\"17\": 50}","source":238,"target":318,"layer":"L","from":"成都龙港(地铁站)","to":"成都双流机场2航站楼东(地铁站)"},"geometry":{"type":"LineString","coordinates":[[103.971934,30.538093],[103.956474,30.57285]]}},{"type":"Feature","properties":{"shape_id":"{}","direction_id":"{\"0\": 50}","headsign":"{}","duration_avg":300,"n_vehicles":50,"d":3000,"route_I_counts":"{\"17\": 50}","source":238,"target":319,"layer":"L","from":"成都龙港(地铁站)","to":"成都温家山(地铁站)"},"geometry":{"type":"LineString","coordinates":[[103.971934,30.538093],[104.006819,30.501481]]}},{"type":"Feature","properties":{"shape_id":"{}","direction_id":"{\"1\": 50}","headsign":"{}","duration_avg":300,"n_vehicles":50,"d":3000,"route_I_counts":"{\"17\": 50}","source":319,"target":238,"layer":"L","from":"成都温家山(地铁站)","to":"成都龙港(地铁站)"},"geometry":{"type":"LineString","coordinates":[[104.006819,30.501481],[103.971934,30.538093]]}},{"type":"Feature","properties":{"shape_id":"{}","direction_id":"{\"0\": 50}","headsign":"{}","duration_avg":120,"n_vehicles":50,"d":1200,"route_I_counts":"{\"17\": 50}","source":319,"target":320,"layer":"L","from":"成都温家山(地铁站)","to":"成都牧华路(地铁站)"},"geometry":{"type":"LineString","coordinates":[[104.006819,30.501481],[104.008783,30.487703]]}},{"type":"Feature","properties":{"shape_id":"{}","direction_id":"{\"1\": 50}","headsign":"{}","duration_avg":120,"n_vehicles":50,"d":1200,"route_I_counts":"{\"17\": 50}","source":320,"target":319,"layer":"L","from":"成都牧华路(地铁站)","to":"成都温家山(地铁站)"},"geometry":{"type":"LineString","coordinates":[[104.008783,30.487703],[104.006819,30.501481]]}},{"type":"Feature","properties":{"shape_id":"{}","direction_id":"{\"0\": 50}","headsign":"{}","duration_avg":120,"n_vehicles":50,"d":1200,"route_I_counts":"{\"17\": 50}","source":320,"target":139,"layer":"L","from":"成都牧华路(地铁站)","to":"成都怡心湖(地铁站)"},"geometry":{"type":"LineString","coordinates":[[104.008783,30.487703],[104.024392,30.473757]]}},{"type":"Feature","properties":{"shape_id":"{}","direction_id":"{\"1\": 50}","headsign":"{}","duration_avg":120,"n_vehicles":50,"d":1200,"route_I_counts":"{\"17\": 50}","source":139,"target":320,"layer":"L","from":"成都怡心湖(地铁站)","to":"成都牧华路(地铁站)"},"geometry":{"type":"LineString","coordinates":[[104.024392,30.473757],[104.008783,30.487703]]}},{"type":"Feature","properties":{"shape_id":"{}","direction_id":"{\"0\": 50}","headsign":"{}","duration_avg":240,"n_vehicles":50,"d":2400,"route_I_counts":"{\"17\": 50}","source":139,"target":321,"layer":"L","from":"成都怡心湖(地铁站)","to":"成都正兴湾(地铁站)"},"geometry":{"type":"LineString","coordinates":[[104.024392,30.473757],[104.039189,30.455139]]}},{"type":"Feature","properties":{"shape_id":"{}","direction_id":"{\"1\": 50}","headsign":"{}","duration_avg":240,"n_vehicles":50,"d":2400,"route_I_counts":"{\"17\": 50}","source":321,"target":139,"layer":"L","from":"成都正兴湾(地铁站)","to":"成都怡心湖(地铁站)"},"geometry":{"type":"LineString","coordinates":[[104.039189,30.455139],[104.024392,30.473757]]}},{"type":"Feature","properties":{"shape_id":"{}","direction_id":"{\"0\": 50}","headsign":"{}","duration_avg":180,"n_vehicles":50,"d":1800,"route_I_counts":"{\"17\": 50}","source":321,"target":322,"layer":"L","from":"成都正兴湾(地铁站)","to":"成都红莲(地铁站)"},"geometry":{"type":"LineString","coordinates":[[104.039189,30.455139],[104.0598,30.43525]]}},{"type":"Feature","properties":{"shape_id":"{}","direction_id":"{\"1\": 50}","headsign":"{}","duration_avg":180,"n_vehicles":50,"d":1800,"route_I_counts":"{\"17\": 50}","source":322,"target":321,"layer":"L","from":"成都红莲(地铁站)","to":"成都正兴湾(地铁站)"},"geometry":{"type":"LineString","coordinates":[[104.0598,30.43525],[104.039189,30.455139]]}},{"type":"Feature","properties":{"shape_id":"{}","direction_id":"{\"0\": 50}","headsign":"{}","duration_avg":180,"n_vehicles":50,"d":1800,"route_I_counts":"{\"17\": 50}","source":322,"target":148,"layer":"L","from":"成都红莲(地铁站)","to":"成都天府商务区(地铁站)"},"geometry":{"type":"LineString","coordinates":[[104.0598,30.43525],[104.083734,30.432493]]}},{"type":"Feature","properties":{"shape_id":"{}","direction_id":"{\"1\": 50}","headsign":"{}","duration_avg":180,"n_vehicles":50,"d":1800,"route_I_counts":"{\"17\": 50}","source":148,"target":322,"layer":"L","from":"成都天府商务区(地铁站)","to":"成都红莲(地铁站)"},"geometry":{"type":"LineString","coordinates":[[104.083734,30.432493],[104.0598,30.43525]]}},{"type":"Feature","properties":{"shape_id":"{}","direction_id":"{\"0\": 50}","headsign":"{}","duration_avg":120,"n_vehicles":50,"d":1200,"route_I_counts":"{\"17\": 50}","source":148,"target":323,"layer":"L","from":"成都天府商务区(地铁站)","to":"成都蓝家店(地铁站)"},"geometry":{"type":"LineString","coordinates":[[104.083734,30.432493],[104.106611,30.420211]]}},{"type":"Feature","properties":{"shape_id":"{}","direction_id":"{\"1\": 50}","headsign":"{}","duration_avg":120,"n_vehicles":50,"d":1200,"route_I_counts":"{\"17\": 50}","source":323,"target":148,"layer":"L","from":"成都蓝家店(地铁站)","to":"成都天府商务区(地铁站)"},"geometry":{"type":"LineString","coordinates":[[104.106611,30.420211],[104.083734,30.432493]]}},{"type":"Feature","properties":{"shape_id":"{}","direction_id":"{\"0\": 50}","headsign":"{}","duration_avg":240,"n_vehicles":50,"d":2400,"route_I_counts":"{\"17\": 50}","source":323,"target":309,"layer":"L","from":"成都蓝家店(地铁站)","to":"成都天府站(地铁站)"},"geometry":{"type":"LineString","coordinates":[[104.106611,30.420211],[104.148534,30.392786]]}},{"type":"Feature","properties":{"shape_id":"{}","direction_id":"{\"1\": 50}","headsign":"{}","duration_avg":240,"n_vehicles":50,"d":2400,"route_I_counts":"{\"17\": 50}","source":309,"target":323,"layer":"L","from":"成都天府站(地铁站)","to":"成都蓝家店(地铁站)"},"geometry":{"type":"LineString","coordinates":[[104.148534,30.392786],[104.106611,30.420211]]}}]}