{"type":"FeatureCollection","features":[{"type":"Feature","geometry":{"type":"Point","coordinates":[106.22885,29.614949]},"properties":{"name":"重庆璧山(地铁站)","original_ids":"[1]","id":0,"layer":"stop"}},{"type":"Feature","geometry":{"type":"Point","coordinates":[106.289153,29.609991]},"properties":{"name":"重庆尖顶坡(地铁站)","original_ids":"[2]","id":1,"layer":"stop"}},{"type":"Feature","geometry":{"type":"Point","coordinates":[106.305061,29.609992]},"properties":{"name":"重庆大学城(地铁站)","original_ids":"[3]","id":2,"layer":"stop"}},{"type":"Feature","geometry":{"type":"Point","coordinates":[106.324605,29.610031]},"properties":{"name":"重庆陈家桥(地铁站)","original_ids":"[4]","id":3,"layer":"stop"}},{"type":"Feature","geometry":{"type":"Point","coordinates":[106.358919,29.612209]},"properties":{"name":"重庆微电园(地铁站)","original_ids":"[5]","id":4,"layer":"stop"}},{"type":"Feature","geometry":{"type":"Point","coordinates":[106.377435,29.612808]},"properties":{"name":"重庆赖家桥(地铁站)","original_ids":"[6]","id":5,"layer":"stop"}},{"type":"Feature","geometry":{"type":"Point","coordinates":[106.440376,29.608328]},"properties":{"name":"重庆双碑(地铁站)","original_ids":"[7]","id":6,"layer":"stop"}},{"type":"Feature","geometry":{"type":"Point","coordinates":[106.440289,29.591973]},"properties":{"name":"重庆石井坡(地铁站)","original_ids":"[8]","id":7,"layer":"stop"}},{"type":"Feature","geometry":{"type":"Point","coordinates":[106.442431,29.579286]},"properties":{"name":"重庆磁器口(地铁站)","original_ids":"[9]","id":8,"layer":"stop"}},{"type":"Feature","geometry":{"type":"Point","coordinates":[106.441448,29.570001]},"properties":{"name":"重庆烈士墓(地铁站)","original_ids":"[10]","id":9,"layer":"stop"}},{"type":"Feature","geometry":{"type":"Point","coordinates":[106.446247,29.564122]},"properties":{"name":"重庆杨公桥(地铁站)","original_ids":"[11]","id":10,"layer":"stop"}},{"type":"Feature","geometry":{"type":"Point","coordinates":[106.456466,29.558607]},"properties":{"name":"重庆沙坪坝(地铁站)","original_ids":"[12]","id":11,"layer":"stop"}},{"type":"Feature","geometry":{"type":"Point","coordinates":[106.464286,29.55632]},"properties":{"name":"重庆小龙坎(地铁站)","original_ids":"[13]","id":12,"layer":"stop"}},{"type":"Feature","geometry":{"type":"Point","coordinates":[106.464093,29.54761]},"properties":{"name":"重庆马家岩(地铁站)","original_ids":"[14]","id":13,"layer":"stop"}},{"type":"Feature","geometry":{"type":"Point","coordinates":[106.465276,29.539041]},"properties":{"name":"重庆高庙村(地铁站)","original_ids":"[15]","id":14,"layer":"stop"}},{"type":"Feature","geometry":{"type":"Point","coordinates":[106.480999,29.535448]},"properties":{"name":"重庆石桥铺(地铁站)","original_ids":"[16]","id":15,"layer":"stop"}},{"type":"Feature","geometry":{"type":"Point","coordinates":[106.4945,29.538198]},"properties":{"name":"重庆歇台子(地铁站)","original_ids":"[17]","id":16,"layer":"stop"}},{"type":"Feature","geometry":{"type":"Point","coordinates":[106.504485,29.540856]},"properties":{"name":"重庆石油路(地铁站)","original_ids":"[18]","id":17,"layer":"stop"}},{"type":"Feature","geometry":{"type":"Point","coordinates":[106.515023,29.543427]},"properties":{"name":"重庆大坪(地铁站)","original_ids":"[19]","id":18,"layer":"stop"}},{"type":"Feature","geometry":{"type":"Point","coordinates":[106.530169,29.5508]},"properties":{"name":"重庆鹅岭(地铁站)","original_ids":"[20]","id":19,"layer":"stop"}},{"type":"Feature","geometry":{"type":"Point","coordinates":[106.544792,29.55571]},"properties":{"name":"重庆两路口(地铁站)","original_ids":"[21]","id":20,"layer":"stop"}},{"type":"Feature","geometry":{"type":"Point","coordinates":[106.55921,29.557786]},"properties":{"name":"重庆七星岗(地铁站)","original_ids":"[22]","id":21,"layer":"stop"}},{"type":"Feature","geometry":{"type":"Point","coordinates":[106.568137,29.556057]},"properties":{"name":"重庆较场口(地铁站)","original_ids":"[23]","id":22,"layer":"stop"}},{"type":"Feature","geometry":{"type":"Point","coordinates":[106.579474,29.56206]},"properties":{"name":"重庆小什字(地铁站)","original_ids":"[24]","id":23,"layer":"stop"}},{"type":"Feature","geometry":{"type":"Point","coordinates":[106.582159,29.567033]},"properties":{"name":"重庆朝天门(地铁站)","original_ids":"[25]","id":24,"layer":"stop"}},{"type":"Feature","geometry":{"type":"Point","coordinates":[106.571333,29.561242]},"properties":{"name":"重庆临江门(地铁站)","original_ids":"[26]","id":25,"layer":"stop"}},{"type":"Feature","geometry":{"type":"Point","coordinates":[106.561141,29.566267]},"properties":{"name":"重庆黄花园(地铁站)","original_ids":"[27]","id":26,"layer":"stop"}},{"type":"Feature","geometry":{"type":"Point","coordinates":[106.55469,29.569036]},"properties":{"name":"重庆大溪沟(地铁站)","original_ids":"[28]","id":27,"layer":"stop"}},{"type":"Feature","geometry":{"type":"Point","coordinates":[106.546403,29.569286]},"properties":{"name":"重庆曾家岩(地铁站)","original_ids":"[29]","id":28,"layer":"stop"}},{"type":"Feature","geometry":{"type":"Point","coordinates":[106.538871,29.563509]},"properties":{"name":"重庆牛角沱(地铁站)","original_ids":"[30]","id":29,"layer":"stop"}},{"type":"Feature","geometry":{"type":"Point","coordinates":[106.533915,29.555714]},"properties":{"name":"重庆李子坝(地铁站)","original_ids":"[31]","id":30,"layer":"stop"}},{"type":"Feature","geometry":{"type":"Point","coordinates":[106.527743,29.552153]},"properties":{"name":"重庆佛图关(地铁站)","original_ids":"[32]","id":31,"layer":"stop"}},{"type":"Feature","geometry":{"type":"Point","coordinates":[106.509935,29.531573]},"properties":{"name":"重庆袁家岗(地铁站)","original_ids":"[33]","id":32,"layer":"stop"}},{"type":"Feature","geometry":{"type":"Point","coordinates":[106.513795,29.521877]},"properties":{"name":"重庆谢家湾(地铁站)","original_ids":"[34]","id":33,"layer":"stop"}},{"type":"Feature","geometry":{"type":"Point","coordinates":[106.510099,29.510613]},"properties":{"name":"重庆杨家坪(地铁站)","original_ids":"[35]","id":34,"layer":"stop"}},{"type":"Feature","geometry":{"type":"Point","coordinates":[106.505583,29.502818]},"properties":{"name":"重庆动物园(地铁站)","original_ids":"[36]","id":35,"layer":"stop"}},{"type":"Feature","geometry":{"type":"Point","coordinates":[106.495344,29.502352]},"properties":{"name":"重庆大堰村(地铁站)","original_ids":"[37]","id":36,"layer":"stop"}},{"type":"Feature","geometry":{"type":"Point","coordinates":[106.48487,29.498796]},"properties":{"name":"重庆马王场(地铁站)","original_ids":"[38]","id":37,"layer":"stop"}},{"type":"Feature","geometry":{"type":"Point","coordinates":[106.481159,29.491431]},"properties":{"name":"重庆平安(地铁站)","original_ids":"[39]","id":38,"layer":"stop"}},{"type":"Feature","geometry":{"type":"Point","coordinates":[106.474301,29.484517]},"properties":{"name":"重庆大渡口(地铁站)","original_ids":"[40]","id":39,"layer":"stop"}},{"type":"Feature","geometry":{"type":"Point","coordinates":[106.472489,29.474657]},"properties":{"name":"重庆新山村(地铁站)","original_ids":"[41]","id":40,"layer":"stop"}},{"type":"Feature","geometry":{"type":"Point","coordinates":[106.468394,29.469501]},"properties":{"name":"重庆天堂堡(地铁站)","original_ids":"[42]","id":41,"layer":"stop"}},{"type":"Feature","geometry":{"type":"Point","coordinates":[106.470811,29.452626]},"properties":{"name":"重庆建桥(地铁站)","original_ids":"[43]","id":42,"layer":"stop"}},{"type":"Feature","geometry":{"type":"Point","coordinates":[106.471613,29.440492]},"properties":{"name":"重庆金家湾(地铁站)","original_ids":"[44]","id":43,"layer":"stop"}},{"type":"Feature","geometry":{"type":"Point","coordinates":[106.478843,29.430248]},"properties":{"name":"重庆刘家坝(地铁站)","original_ids":"[45]","id":44,"layer":"stop"}},{"type":"Feature","geometry":{"type":"Point","coordinates":[106.488109,29.417372]},"properties":{"name":"重庆白居寺(地铁站)","original_ids":"[46]","id":45,"layer":"stop"}},{"type":"Feature","geometry":{"type":"Point","coordinates":[106.497245,29.386934]},"properties":{"name":"重庆大江(地铁站)","original_ids":"[47]","id":46,"layer":"stop"}},{"type":"Feature","geometry":{"type":"Point","coordinates":[106.502076,29.378684]},"properties":{"name":"重庆鱼洞(地铁站)","original_ids":"[48]","id":47,"layer":"stop"}},{"type":"Feature","geometry":{"type":"Point","coordinates":[106.628899,29.713987]},"properties":{"name":"重庆碧津(地铁站)","original_ids":"[49]","id":48,"layer":"stop"}},{"type":"Feature","geometry":{"type":"Point","coordinates":[106.62892,29.731751]},"properties":{"name":"重庆双凤桥(地铁站)","original_ids":"[50]","id":49,"layer":"stop"}},{"type":"Feature","geometry":{"type":"Point","coordinates":[106.629868,29.739154]},"properties":{"name":"重庆空港广场(地铁站)","original_ids":"[51]","id":50,"layer":"stop"}},{"type":"Feature","geometry":{"type":"Point","coordinates":[106.63921,29.754706]},"properties":{"name":"重庆高堡湖(地铁站)","original_ids":"[52]","id":51,"layer":"stop"}},{"type":"Feature","geometry":{"type":"Point","coordinates":[106.648999,29.777747]},"properties":{"name":"重庆观月路(地铁站)","original_ids":"[53]","id":52,"layer":"stop"}},{"type":"Feature","geometry":{"type":"Point","coordinates":[106.652087,29.788305]},"properties":{"name":"重庆莲花(地铁站)","original_ids":"[54]","id":53,"layer":"stop"}},{"type":"Feature","geometry":{"type":"Point","coordinates":[106.663603,29.794138]},"properties":{"name":"重庆举人坝(地铁站)","original_ids":"[55]","id":54,"layer":"stop"}},{"type":"Feature","geometry":{"type":"Point","coordinates":[106.433569,29.410872]},"properties":{"name":"重庆跳磴(地铁站)","original_ids":"[56]","id":55,"layer":"stop"}},{"type":"Feature","geometry":{"type":"Point","coordinates":[106.436438,29.431777]},"properties":{"name":"重庆华岩中心(地铁站)","original_ids":"[57]","id":56,"layer":"stop"}},{"type":"Feature","geometry":{"type":"Point","coordinates":[106.438097,29.445152]},"properties":{"name":"重庆金建路(地铁站)","original_ids":"[58]","id":57,"layer":"stop"}},{"type":"Feature","geometry":{"type":"Point","coordinates":[106.442099,29.461864]},"properties":{"name":"重庆中梁山(地铁站)","original_ids":"[59]","id":58,"layer":"stop"}},{"type":"Feature","geometry":{"type":"Point","coordinates":[106.446572,29.475848]},"properties":{"name":"重庆半山(地铁站)","original_ids":"[60]","id":59,"layer":"stop"}},{"type":"Feature","geometry":{"type":"Point","coordinates":[106.449563,29.483074]},"properties":{"name":"重庆华成路(地铁站)","original_ids":"[61]","id":60,"layer":"stop"}},{"type":"Feature","geometry":{"type":"Point","coordinates":[106.441612,29.496549]},"properties":{"name":"重庆华岩寺(地铁站)","original_ids":"[62]","id":61,"layer":"stop"}},{"type":"Feature","geometry":{"type":"Point","coordinates":[106.43539,29.502688]},"properties":{"name":"重庆重庆西站(地铁站)","original_ids":"[63]","id":62,"layer":"stop"}},{"type":"Feature","geometry":{"type":"Point","coordinates":[106.450331,29.51631]},"properties":{"name":"重庆凤西路(地铁站)","original_ids":"[64]","id":63,"layer":"stop"}},{"type":"Feature","geometry":{"type":"Point","coordinates":[106.465583,29.523214]},"properties":{"name":"重庆巴山(地铁站)","original_ids":"[65]","id":64,"layer":"stop"}},{"type":"Feature","geometry":{"type":"Point","coordinates":[106.473559,29.528368]},"properties":{"name":"重庆石新路(地铁站)","original_ids":"[66]","id":65,"layer":"stop"}},{"type":"Feature","geometry":{"type":"Point","coordinates":[106.490687,29.553858]},"properties":{"name":"重庆红岩村(地铁站)","original_ids":"[67]","id":66,"layer":"stop"}},{"type":"Feature","geometry":{"type":"Point","coordinates":[106.490175,29.565772]},"properties":{"name":"重庆忠恕沱(地铁站)","original_ids":"[68]","id":67,"layer":"stop"}},{"type":"Feature","geometry":{"type":"Point","coordinates":[106.49136,29.573482]},"properties":{"name":"重庆大石坝(地铁站)","original_ids":"[69]","id":68,"layer":"stop"}},{"type":"Feature","geometry":{"type":"Point","coordinates":[106.494937,29.59219]},"properties":{"name":"重庆大龙山(地铁站)","original_ids":"[70]","id":69,"layer":"stop"}},{"type":"Feature","geometry":{"type":"Point","coordinates":[106.494966,29.601324]},"properties":{"name":"重庆冉家坝(地铁站)","original_ids":"[71]","id":70,"layer":"stop"}},{"type":"Feature","geometry":{"type":"Point","coordinates":[106.504373,29.61928]},"properties":{"name":"重庆幸福广场(地铁站)","original_ids":"[72]","id":71,"layer":"stop"}},{"type":"Feature","geometry":{"type":"Point","coordinates":[106.518459,29.626083]},"properties":{"name":"重庆人和(地铁站)","original_ids":"[73]","id":72,"layer":"stop"}},{"type":"Feature","geometry":{"type":"Point","coordinates":[106.529695,29.632467]},"properties":{"name":"重庆和睦路(地铁站)","original_ids":"[74]","id":73,"layer":"stop"}},{"type":"Feature","geometry":{"type":"Point","coordinates":[106.526307,29.651801]},"properties":{"name":"重庆重光(地铁站)","original_ids":"[75]","id":74,"layer":"stop"}},{"type":"Feature","geometry":{"type":"Point","coordinates":[106.534831,29.662579]},"properties":{"name":"重庆湖霞街(地铁站)","original_ids":"[76]","id":75,"layer":"stop"}},{"type":"Feature","geometry":{"type":"Point","coordinates":[106.547234,29.669473]},"properties":{"name":"重庆丹鹤(地铁站)","original_ids":"[77]","id":76,"layer":"stop"}},{"type":"Feature","geometry":{"type":"Point","coordinates":[106.556732,29.678124]},"properties":{"name":"重庆园博中心(地铁站)","original_ids":"[78]","id":77,"layer":"stop"}},{"type":"Feature","geometry":{"type":"Point","coordinates":[106.565568,29.697244]},"properties":{"name":"重庆玉河沟(地铁站)","original_ids":"[79]","id":78,"layer":"stop"}},{"type":"Feature","geometry":{"type":"Point","coordinates":[106.565368,29.705768]},"properties":{"name":"重庆甘悦大道(地铁站)","original_ids":"[80]","id":79,"layer":"stop"}},{"type":"Feature","geometry":{"type":"Point","coordinates":[106.567533,29.714123]},"properties":{"name":"重庆鲁家沟(地铁站)","original_ids":"[81]","id":80,"layer":"stop"}},{"type":"Feature","geometry":{"type":"Point","coordinates":[106.568698,29.725348]},"properties":{"name":"重庆中央公园西(地铁站)","original_ids":"[82]","id":81,"layer":"stop"}},{"type":"Feature","geometry":{"type":"Point","coordinates":[106.567123,29.736693]},"properties":{"name":"重庆椿萱大道(地铁站)","original_ids":"[83]","id":82,"layer":"stop"}},{"type":"Feature","geometry":{"type":"Point","coordinates":[106.565644,29.747663]},"properties":{"name":"重庆悦港大道(地铁站)","original_ids":"[84]","id":83,"layer":"stop"}},{"type":"Feature","geometry":{"type":"Point","coordinates":[106.565819,29.756296]},"properties":{"name":"重庆悦港北路(地铁站)","original_ids":"[85]","id":84,"layer":"stop"}},{"type":"Feature","geometry":{"type":"Point","coordinates":[106.639142,29.490444]},"properties":{"name":"重庆茶园(地铁站)","original_ids":"[86]","id":85,"layer":"stop"}},{"type":"Feature","geometry":{"type":"Point","coordinates":[106.645837,29.500785]},"properties":{"name":"重庆邱家湾(地铁站)","original_ids":"[87]","id":86,"layer":"stop"}},{"type":"Feature","geometry":{"type":"Point","coordinates":[106.654252,29.513774]},"properties":{"name":"重庆长生桥(地铁站)","original_ids":"[88]","id":87,"layer":"stop"}},{"type":"Feature","geometry":{"type":"Point","coordinates":[106.651943,29.527565]},"properties":{"name":"重庆刘家坪(地铁站)","original_ids":"[89]","id":88,"layer":"stop"}},{"type":"Feature","geometry":{"type":"Point","coordinates":[106.593507,29.558991]},"properties":{"name":"重庆上新街(地铁站)","original_ids":"[90]","id":89,"layer":"stop"}},{"type":"Feature","geometry":{"type":"Point","coordinates":[106.573255,29.572467]},"properties":{"name":"重庆大剧院(地铁站)","original_ids":"[91]","id":90,"layer":"stop"}},{"type":"Feature","geometry":{"type":"Point","coordinates":[106.568374,29.578702]},"properties":{"name":"重庆江北城(地铁站)","original_ids":"[92]","id":91,"layer":"stop"}},{"type":"Feature","geometry":{"type":"Point","coordinates":[106.561475,29.588034]},"properties":{"name":"重庆五里店(地铁站)","original_ids":"[93]","id":92,"layer":"stop"}},{"type":"Feature","geometry":{"type":"Point","coordinates":[106.547456,29.58686]},"properties":{"name":"重庆红土地(地铁站)","original_ids":"[94]","id":93,"layer":"stop"}},{"type":"Feature","geometry":{"type":"Point","coordinates":[106.534325,29.591277]},"properties":{"name":"重庆黄泥塝(地铁站)","original_ids":"[95]","id":94,"layer":"stop"}},{"type":"Feature","geometry":{"type":"Point","coordinates":[106.52244,29.588168]},"properties":{"name":"重庆红旗河沟(地铁站)","original_ids":"[96]","id":95,"layer":"stop"}},{"type":"Feature","geometry":{"type":"Point","coordinates":[106.509122,29.585969]},"properties":{"name":"重庆花卉园(地铁站)","original_ids":"[97]","id":96,"layer":"stop"}},{"type":"Feature","geometry":{"type":"Point","coordinates":[106.495546,29.618771]},"properties":{"name":"重庆光电园(地铁站)","original_ids":"[98]","id":97,"layer":"stop"}},{"type":"Feature","geometry":{"type":"Point","coordinates":[106.474434,29.630682]},"properties":{"name":"重庆大竹林(地铁站)","original_ids":"[99]","id":98,"layer":"stop"}},{"type":"Feature","geometry":{"type":"Point","coordinates":[106.475055,29.637416]},"properties":{"name":"重庆康庄(地铁站)","original_ids":"[100]","id":99,"layer":"stop"}},{"type":"Feature","geometry":{"type":"Point","coordinates":[106.478969,29.656629]},"properties":{"name":"重庆九曲河(地铁站)","original_ids":"[101]","id":100,"layer":"stop"}},{"type":"Feature","geometry":{"type":"Point","coordinates":[106.484223,29.669879]},"properties":{"name":"重庆礼嘉(地铁站)","original_ids":"[102]","id":101,"layer":"stop"}},{"type":"Feature","geometry":{"type":"Point","coordinates":[106.488224,29.681948]},"properties":{"name":"重庆金山寺(地铁站)","original_ids":"[103]","id":102,"layer":"stop"}},{"type":"Feature","geometry":{"type":"Point","coordinates":[106.49044,29.723671]},"properties":{"name":"重庆曹家湾(地铁站)","original_ids":"[104]","id":103,"layer":"stop"}},{"type":"Feature","geometry":{"type":"Point","coordinates":[106.488386,29.738662]},"properties":{"name":"重庆蔡家(地铁站)","original_ids":"[105]","id":104,"layer":"stop"}},{"type":"Feature","geometry":{"type":"Point","coordinates":[106.469294,29.741863]},"properties":{"name":"重庆向家岗(地铁站)","original_ids":"[106]","id":105,"layer":"stop"}},{"type":"Feature","geometry":{"type":"Point","coordinates":[106.399876,29.791969]},"properties":{"name":"重庆龙凤溪(地铁站)","original_ids":"[107]","id":106,"layer":"stop"}},{"type":"Feature","geometry":{"type":"Point","coordinates":[106.394857,29.805665]},"properties":{"name":"重庆状元碑(地铁站)","original_ids":"[108]","id":107,"layer":"stop"}},{"type":"Feature","geometry":{"type":"Point","coordinates":[106.419723,29.818748]},"properties":{"name":"重庆西南大学(地铁站)","original_ids":"[109]","id":108,"layer":"stop"}},{"type":"Feature","geometry":{"type":"Point","coordinates":[106.433641,29.827952]},"properties":{"name":"重庆北碚(地铁站)","original_ids":"[110]","id":109,"layer":"stop"}},{"type":"Feature","geometry":{"type":"Point","coordinates":[106.435905,29.528866]},"properties":{"name":"重庆新桥(地铁站)","original_ids":"[111]","id":110,"layer":"stop"}},{"type":"Feature","geometry":{"type":"Point","coordinates":[106.445736,29.542029]},"properties":{"name":"重庆高滩岩(地铁站)","original_ids":"[112]","id":111,"layer":"stop"}},{"type":"Feature","geometry":{"type":"Point","coordinates":[106.446798,29.552294]},"properties":{"name":"重庆天梨路(地铁站)","original_ids":"[113]","id":112,"layer":"stop"}},{"type":"Feature","geometry":{"type":"Point","coordinates":[106.476544,29.55389]},"properties":{"name":"重庆土湾(地铁站)","original_ids":"[114]","id":113,"layer":"stop"}},{"type":"Feature","geometry":{"type":"Point","coordinates":[106.500268,29.55365]},"properties":{"name":"重庆富华路(地铁站)","original_ids":"[115]","id":114,"layer":"stop"}},{"type":"Feature","geometry":{"type":"Point","coordinates":[106.515064,29.552642]},"properties":{"name":"重庆化龙桥(地铁站)","original_ids":"[116]","id":115,"layer":"stop"}},{"type":"Feature","geometry":{"type":"Point","coordinates":[106.517262,29.566476]},"properties":{"name":"重庆李家坪(地铁站)","original_ids":"[117]","id":116,"layer":"stop"}},{"type":"Feature","geometry":{"type":"Point","coordinates":[106.521509,29.572613]},"properties":{"name":"重庆蚂蝗梁(地铁站)","original_ids":"[118]","id":117,"layer":"stop"}},{"type":"Feature","geometry":{"type":"Point","coordinates":[106.530772,29.575738]},"properties":{"name":"重庆观音桥(地铁站)","original_ids":"[119]","id":118,"layer":"stop"}},{"type":"Feature","geometry":{"type":"Point","coordinates":[106.548025,29.575701]},"properties":{"name":"重庆鲤鱼池(地铁站)","original_ids":"[120]","id":119,"layer":"stop"}},{"type":"Feature","geometry":{"type":"Point","coordinates":[106.559963,29.57568]},"properties":{"name":"重庆刘家台(地铁站)","original_ids":"[121]","id":120,"layer":"stop"}},{"type":"Feature","geometry":{"type":"Point","coordinates":[106.567938,29.597236]},"properties":{"name":"重庆溉澜溪(地铁站)","original_ids":"[122]","id":121,"layer":"stop"}},{"type":"Feature","geometry":{"type":"Point","coordinates":[106.569632,29.611077]},"properties":{"name":"重庆头塘(地铁站)","original_ids":"[123]","id":122,"layer":"stop"}},{"type":"Feature","geometry":{"type":"Point","coordinates":[106.579998,29.619481]},"properties":{"name":"重庆保税港(地铁站)","original_ids":"[124]","id":123,"layer":"stop"}},{"type":"Feature","geometry":{"type":"Point","coordinates":[106.588474,29.622552]},"properties":{"name":"重庆邮轮母港(地铁站)","original_ids":"[125]","id":124,"layer":"stop"}},{"type":"Feature","geometry":{"type":"Point","coordinates":[106.592354,29.627937]},"properties":{"name":"重庆何家梁(地铁站)","original_ids":"[126]","id":125,"layer":"stop"}},{"type":"Feature","geometry":{"type":"Point","coordinates":[106.593513,29.64127]},"properties":{"name":"重庆石盘河(地铁站)","original_ids":"[127]","id":126,"layer":"stop"}},{"type":"Feature","geometry":{"type":"Point","coordinates":[106.605248,29.652755]},"properties":{"name":"重庆上湾路(地铁站)","original_ids":"[128]","id":127,"layer":"stop"}},{"type":"Feature","geometry":{"type":"Point","coordinates":[106.613114,29.663662]},"properties":{"name":"重庆青岗坪(地铁站)","original_ids":"[129]","id":128,"layer":"stop"}},{"type":"Feature","geometry":{"type":"Point","coordinates":[106.605781,29.680791]},"properties":{"name":"重庆宝圣湖(地铁站)","original_ids":"[130]","id":129,"layer":"stop"}},{"type":"Feature","geometry":{"type":"Point","coordinates":[106.599869,29.690586]},"properties":{"name":"重庆兴科大道(地铁站)","original_ids":"[131]","id":130,"layer":"stop"}},{"type":"Feature","geometry":{"type":"Point","coordinates":[106.596032,29.709226]},"properties":{"name":"重庆春华大道(地铁站)","original_ids":"[132]","id":131,"layer":"stop"}},{"type":"Feature","geometry":{"type":"Point","coordinates":[106.592741,29.717128]},"properties":{"name":"重庆兰桂大道(地铁站)","original_ids":"[133]","id":132,"layer":"stop"}},{"type":"Feature","geometry":{"type":"Point","coordinates":[106.589823,29.726728]},"properties":{"name":"重庆中央公园东(地铁站)","original_ids":"[134]","id":133,"layer":"stop"}},{"type":"Feature","geometry":{"type":"Point","coordinates":[106.581477,29.747331]},"properties":{"name":"重庆丛岩寺(地铁站)","original_ids":"[135]","id":134,"layer":"stop"}},{"type":"Feature","geometry":{"type":"Point","coordinates":[106.586613,29.755526]},"properties":{"name":"重庆花石沟(地铁站)","original_ids":"[136]","id":135,"layer":"stop"}},{"type":"Feature","geometry":{"type":"Point","coordinates":[106.541919,29.746289]},"properties":{"name":"重庆王家庄(地铁站)","original_ids":"[137]","id":136,"layer":"stop"}},{"type":"Feature","geometry":{"type":"Point","coordinates":[106.544222,29.728308]},"properties":{"name":"重庆悦来(地铁站)","original_ids":"[138]","id":137,"layer":"stop"}},{"type":"Feature","geometry":{"type":"Point","coordinates":[106.579878,29.726523]},"properties":{"name":"重庆中央公园(地铁站)","original_ids":"[139]","id":138,"layer":"stop"}},{"type":"Feature","geometry":{"type":"Point","coordinates":[106.604656,29.723442]},"properties":{"name":"重庆鹿山(地铁站)","original_ids":"[140]","id":139,"layer":"stop"}},{"type":"Feature","geometry":{"type":"Point","coordinates":[106.626035,29.72139]},"properties":{"name":"重庆渝北广场(地铁站)","original_ids":"[141]","id":140,"layer":"stop"}},{"type":"Feature","geometry":{"type":"Point","coordinates":[106.63258,29.719686]},"properties":{"name":"重庆江北机场T2航站楼(地铁站)","original_ids":"[142]","id":141,"layer":"stop"}},{"type":"Feature","geometry":{"type":"Point","coordinates":[106.651475,29.71122]},"properties":{"name":"重庆江北机场T3航站楼(地铁站)","original_ids":"[143]","id":142,"layer":"stop"}},{"type":"Feature","geometry":{"type":"Point","coordinates":[106.625689,29.676899]},"properties":{"name":"重庆长河(地铁站)","original_ids":"[144]","id":143,"layer":"stop"}},{"type":"Feature","geometry":{"type":"Point","coordinates":[106.618395,29.661702]},"properties":{"name":"重庆环山公园(地铁站)","original_ids":"[145]","id":144,"layer":"stop"}},{"type":"Feature","geometry":{"type":"Point","coordinates":[106.581094,29.641207]},"properties":{"name":"重庆三亚湾(地铁站)","original_ids":"[146]","id":145,"layer":"stop"}},{"type":"Feature","geometry":{"type":"Point","coordinates":[106.563922,29.629465]},"properties":{"name":"重庆民心佳园(地铁站)","original_ids":"[147]","id":146,"layer":"stop"}},{"type":"Feature","geometry":{"type":"Point","coordinates":[106.547451,29.614864]},"properties":{"name":"重庆重庆北站北广场(地铁站)","original_ids":"[148]","id":147,"layer":"stop"}},{"type":"Feature","geometry":{"type":"Point","coordinates":[106.547141,29.609401]},"properties":{"name":"重庆重庆北站南广场(地铁站)","original_ids":"[149]","id":148,"layer":"stop"}},{"type":"Feature","geometry":{"type":"Point","coordinates":[106.546896,29.601397]},"properties":{"name":"重庆龙头寺公园(地铁站)","original_ids":"[150]","id":149,"layer":"stop"}},{"type":"Feature","geometry":{"type":"Point","coordinates":[106.551965,29.564601]},"properties":{"name":"重庆大礼堂(地铁站)","original_ids":"[151]","id":150,"layer":"stop"}},{"type":"Feature","geometry":{"type":"Point","coordinates":[106.565435,29.541402]},"properties":{"name":"重庆后堡(地铁站)","original_ids":"[152]","id":151,"layer":"stop"}},{"type":"Feature","geometry":{"type":"Point","coordinates":[106.566249,29.530037]},"properties":{"name":"重庆南坪(地铁站)","original_ids":"[153]","id":152,"layer":"stop"}},{"type":"Feature","geometry":{"type":"Point","coordinates":[106.559199,29.526148]},"properties":{"name":"重庆万寿路(地铁站)","original_ids":"[154]","id":153,"layer":"stop"}},{"type":"Feature","geometry":{"type":"Point","coordinates":[106.552687,29.518194]},"properties":{"name":"重庆南湖(地铁站)","original_ids":"[155]","id":154,"layer":"stop"}},{"type":"Feature","geometry":{"type":"Point","coordinates":[106.553999,29.507184]},"properties":{"name":"重庆兰花路(地铁站)","original_ids":"[156]","id":155,"layer":"stop"}},{"type":"Feature","geometry":{"type":"Point","coordinates":[106.497434,29.527625]},"properties":{"name":"重庆奥体中心(地铁站)","original_ids":"[157]","id":156,"layer":"stop"}},{"type":"Feature","geometry":{"type":"Point","coordinates":[106.502436,29.518424]},"properties":{"name":"重庆石坪桥(地铁站)","original_ids":"[158]","id":157,"layer":"stop"}},{"type":"Feature","geometry":{"type":"Point","coordinates":[106.523599,29.502341]},"properties":{"name":"重庆滩子口(地铁站)","original_ids":"[159]","id":158,"layer":"stop"}},{"type":"Feature","geometry":{"type":"Point","coordinates":[106.532913,29.499364]},"properties":{"name":"重庆黄桷坪(地铁站)","original_ids":"[160]","id":159,"layer":"stop"}},{"type":"Feature","geometry":{"type":"Point","coordinates":[106.539397,29.491046]},"properties":{"name":"重庆四川美术学院(地铁站)","original_ids":"[161]","id":160,"layer":"stop"}},{"type":"Feature","geometry":{"type":"Point","coordinates":[106.534206,29.485496]},"properties":{"name":"重庆电厂(地铁站)","original_ids":"[162]","id":161,"layer":"stop"}},{"type":"Feature","geometry":{"type":"Point","coordinates":[106.524038,29.471624]},"properties":{"name":"重庆李家沱大桥(地铁站)","original_ids":"[163]","id":162,"layer":"stop"}},{"type":"Feature","geometry":{"type":"Point","coordinates":[106.517288,29.463283]},"properties":{"name":"重庆重庆理工大学(地铁站)","original_ids":"[164]","id":163,"layer":"stop"}},{"type":"Feature","geometry":{"type":"Point","coordinates":[106.512907,29.450619]},"properties":{"name":"重庆花溪工业园(地铁站)","original_ids":"[165]","id":164,"layer":"stop"}},{"type":"Feature","geometry":{"type":"Point","coordinates":[106.513782,29.435509]},"properties":{"name":"重庆巴滨路湿地公园(地铁站)","original_ids":"[166]","id":165,"layer":"stop"}},{"type":"Feature","geometry":{"type":"Point","coordinates":[106.500192,29.426733]},"properties":{"name":"重庆茄子溪(地铁站)","original_ids":"[167]","id":166,"layer":"stop"}},{"type":"Feature","geometry":{"type":"Point","coordinates":[106.477216,29.418433]},"properties":{"name":"重庆伏牛溪(地铁站)","original_ids":"[168]","id":167,"layer":"stop"}},{"type":"Feature","geometry":{"type":"Point","coordinates":[106.454938,29.417682]},"properties":{"name":"重庆金鳌山(地铁站)","original_ids":"[169]","id":168,"layer":"stop"}},{"type":"Feature","geometry":{"type":"Point","coordinates":[106.43131,29.396455]},"properties":{"name":"重庆跳磴南(地铁站)","original_ids":"[170]","id":169,"layer":"stop"}},{"type":"Feature","geometry":{"type":"Point","coordinates":[106.042136,29.828212]},"properties":{"name":"重庆铜梁西(地铁站)","original_ids":"[171]","id":170,"layer":"stop"}},{"type":"Feature","geometry":{"type":"Point","coordinates":[106.075306,29.833812]},"properties":{"name":"重庆铜梁龙城天街(地铁站)","original_ids":"[172]","id":171,"layer":"stop"}},{"type":"Feature","geometry":{"type":"Point","coordinates":[106.1042,29.818568]},"properties":{"name":"重庆科创新城(地铁站)","original_ids":"[173]","id":172,"layer":"stop"}},{"type":"Feature","geometry":{"type":"Point","coordinates":[106.14575,29.791991]},"properties":{"name":"重庆庆隆(地铁站)","original_ids":"[174]","id":173,"layer":"stop"}},{"type":"Feature","geometry":{"type":"Point","coordinates":[106.215701,29.725728]},"properties":{"name":"重庆大路(地铁站)","original_ids":"[175]","id":174,"layer":"stop"}},{"type":"Feature","geometry":{"type":"Point","coordinates":[106.20688,29.704617]},"properties":{"name":"重庆青龙湖(地铁站)","original_ids":"[176]","id":175,"layer":"stop"}},{"type":"Feature","geometry":{"type":"Point","coordinates":[106.207194,29.653942]},"properties":{"name":"重庆河边(地铁站)","original_ids":"[177]","id":176,"layer":"stop"}},{"type":"Feature","geometry":{"type":"Point","coordinates":[106.217982,29.627366]},"properties":{"name":"重庆璧城(地铁站)","original_ids":"[178]","id":177,"layer":"stop"}},{"type":"Feature","geometry":{"type":"Point","coordinates":[106.505026,29.671824]},"properties":{"name":"重庆欢乐谷(地铁站)","original_ids":"[179]","id":178,"layer":"stop"}},{"type":"Feature","geometry":{"type":"Point","coordinates":[106.527717,29.678983]},"properties":{"name":"重庆黄茅坪(地铁站)","original_ids":"[180]","id":179,"layer":"stop"}},{"type":"Feature","geometry":{"type":"Point","coordinates":[106.524124,29.705532]},"properties":{"name":"重庆高义口(地铁站)","original_ids":"[181]","id":180,"layer":"stop"}},{"type":"Feature","geometry":{"type":"Point","coordinates":[106.541689,29.719412]},"properties":{"name":"重庆国博中心(地铁站)","original_ids":"[182]","id":181,"layer":"stop"}},{"type":"Feature","geometry":{"type":"Point","coordinates":[106.544211,29.766816]},"properties":{"name":"重庆清溪河(地铁站)","original_ids":"[183]","id":182,"layer":"stop"}},{"type":"Feature","geometry":{"type":"Point","coordinates":[106.550765,29.78468]},"properties":{"name":"重庆刘家院子(地铁站)","original_ids":"[184]","id":183,"layer":"stop"}},{"type":"Feature","geometry":{"type":"Point","coordinates":[106.545521,29.809828]},"properties":{"name":"重庆思源(地铁站)","original_ids":"[185]","id":184,"layer":"stop"}},{"type":"Feature","geometry":{"type":"Point","coordinates":[106.546298,29.824944]},"properties":{"name":"重庆复兴(地铁站)","original_ids":"[186]","id":185,"layer":"stop"}},{"type":"Feature","geometry":{"type":"Point","coordinates":[106.545625,29.835877]},"properties":{"name":"重庆红岩坪(地铁站)","original_ids":"[187]","id":186,"layer":"stop"}},{"type":"Feature","geometry":{"type":"Point","coordinates":[106.552745,29.84699]},"properties":{"name":"重庆沙河坝(地铁站)","original_ids":"[188]","id":187,"layer":"stop"}},{"type":"Feature","geometry":{"type":"Point","coordinates":[106.451818,29.535136]},"properties":{"name":"重庆重庆图书馆(地铁站)","original_ids":"[189]","id":188,"layer":"stop"}},{"type":"Feature","geometry":{"type":"Point","coordinates":[106.454873,29.544306]},"properties":{"name":"重庆天星桥(地铁站)","original_ids":"[190]","id":189,"layer":"stop"}},{"type":"Feature","geometry":{"type":"Point","coordinates":[106.459664,29.570938]},"properties":{"name":"重庆重庆大学(地铁站)","original_ids":"[191]","id":190,"layer":"stop"}},{"type":"Feature","geometry":{"type":"Point","coordinates":[106.472388,29.583212]},"properties":{"name":"重庆玉带山(地铁站)","original_ids":"[192]","id":191,"layer":"stop"}},{"type":"Feature","geometry":{"type":"Point","coordinates":[106.478534,29.593009]},"properties":{"name":"重庆南桥寺(地铁站)","original_ids":"[193]","id":192,"layer":"stop"}},{"type":"Feature","geometry":{"type":"Point","coordinates":[106.483754,29.601279]},"properties":{"name":"重庆体育公园(地铁站)","original_ids":"[194]","id":193,"layer":"stop"}},{"type":"Feature","geometry":{"type":"Point","coordinates":[106.501512,29.606654]},"properties":{"name":"重庆动步公园(地铁站)","original_ids":"[195]","id":194,"layer":"stop"}},{"type":"Feature","geometry":{"type":"Point","coordinates":[106.508706,29.610383]},"properties":{"name":"重庆洪湖东路(地铁站)","original_ids":"[196]","id":195,"layer":"stop"}},{"type":"Feature","geometry":{"type":"Point","coordinates":[106.524646,29.61149]},"properties":{"name":"重庆民安大道(地铁站)","original_ids":"[197]","id":196,"layer":"stop"}},{"type":"Feature","geometry":{"type":"Point","coordinates":[106.556129,29.598471]},"properties":{"name":"重庆渝鲁(地铁站)","original_ids":"[198]","id":197,"layer":"stop"}},{"type":"Feature","geometry":{"type":"Point","coordinates":[106.588732,29.588775]},"properties":{"name":"重庆弹子石(地铁站)","original_ids":"[199]","id":198,"layer":"stop"}},{"type":"Feature","geometry":{"type":"Point","coordinates":[106.596443,29.578846]},"properties":{"name":"重庆涂山(地铁站)","original_ids":"[200]","id":199,"layer":"stop"}},{"type":"Feature","geometry":{"type":"Point","coordinates":[106.595906,29.567857]},"properties":{"name":"重庆仁济(地铁站)","original_ids":"[201]","id":200,"layer":"stop"}},{"type":"Feature","geometry":{"type":"Point","coordinates":[106.59012,29.549386]},"properties":{"name":"重庆上浩(地铁站)","original_ids":"[202]","id":201,"layer":"stop"}},{"type":"Feature","geometry":{"type":"Point","coordinates":[106.583375,29.537448]},"properties":{"name":"重庆海棠溪(地铁站)","original_ids":"[203]","id":202,"layer":"stop"}},{"type":"Feature","geometry":{"type":"Point","coordinates":[106.57922,29.529128]},"properties":{"name":"重庆罗家坝(地铁站)","original_ids":"[204]","id":203,"layer":"stop"}},{"type":"Feature","geometry":{"type":"Point","coordinates":[106.574084,29.520866]},"properties":{"name":"重庆四公里(地铁站)","original_ids":"[205]","id":204,"layer":"stop"}},{"type":"Feature","geometry":{"type":"Point","coordinates":[106.54264,29.521249]},"properties":{"name":"重庆海峡路(地铁站)","original_ids":"[206]","id":205,"layer":"stop"}},{"type":"Feature","geometry":{"type":"Point","coordinates":[106.485613,29.526571]},"properties":{"name":"重庆陈家坪(地铁站)","original_ids":"[207]","id":206,"layer":"stop"}},{"type":"Feature","geometry":{"type":"Point","coordinates":[106.467904,29.518684]},"properties":{"name":"重庆彩云湖(地铁站)","original_ids":"[208]","id":207,"layer":"stop"}},{"type":"Feature","geometry":{"type":"Point","coordinates":[106.458206,29.507661]},"properties":{"name":"重庆二郎(地铁站)","original_ids":"[209]","id":208,"layer":"stop"}},{"type":"Feature","geometry":{"type":"Point","coordinates":[106.449188,29.498158]},"properties":{"name":"重庆华龙(地铁站)","original_ids":"[210]","id":209,"layer":"stop"}},{"type":"Feature","geometry":{"type":"Point","coordinates":[106.438427,29.520274]},"properties":{"name":"重庆上桥(地铁站)","original_ids":"[211]","id":210,"layer":"stop"}},{"type":"Feature","geometry":{"type":"Point","coordinates":[106.445386,29.527048]},"properties":{"name":"重庆凤鸣山(地铁站)","original_ids":"[212]","id":211,"layer":"stop"}},{"type":"Feature","geometry":{"type":"Point","coordinates":[106.662572,29.517265]},"properties":{"name":"重庆百乐园(地铁站)","original_ids":"[213]","id":212,"layer":"stop"}},{"type":"Feature","geometry":{"type":"Point","coordinates":[106.658306,29.506644]},"properties":{"name":"重庆桃花桥(地铁站)","original_ids":"[214]","id":213,"layer":"stop"}},{"type":"Feature","geometry":{"type":"Point","coordinates":[106.664187,29.489543]},"properties":{"name":"重庆重庆东站(地铁站)","original_ids":"[215]","id":214,"layer":"stop"}},{"type":"Feature","geometry":{"type":"Point","coordinates":[106.426111,29.406961]},"properties":{"name":"石林寺","original_ids":"[216]","id":215,"layer":"stop"}},{"type":"Feature","geometry":{"type":"Point","coordinates":[106.350869,29.401769]},"properties":{"name":"九龙园","original_ids":"[217]","id":216,"layer":"stop"}},{"type":"Feature","geometry":{"type":"Point","coordinates":[106.30841,29.4013]},"properties":{"name":"双福","original_ids":"[218]","id":217,"layer":"stop"}},{"type":"Feature","geometry":{"type":"Point","coordinates":[106.25793,29.38433]},"properties":{"name":"享堂","original_ids":"[219]","id":218,"layer":"stop"}},{"type":"Feature","geometry":{"type":"Point","coordinates":[106.25308,29.34558]},"properties":{"name":"江津高铁","original_ids":"[220]","id":219,"layer":"stop"}},{"type":"Feature","geometry":{"type":"Point","coordinates":[106.25593,29.31028]},"properties":{"name":"圣泉寺","original_ids":"[221]","id":220,"layer":"stop"}},{"type":"Feature","geometry":{"type":"Point","coordinates":[106.520039,29.378469]},"properties":{"name":"重庆金竹(地铁站)","original_ids":"[222]","id":221,"layer":"stop"}},{"type":"Feature","geometry":{"type":"Point","coordinates":[106.53545,29.380561]},"properties":{"name":"重庆鱼胡路(地铁站)","original_ids":"[223]","id":222,"layer":"stop"}},{"type":"Feature","geometry":{"type":"Point","coordinates":[106.53935,29.40095]},"properties":{"name":"重庆学堂湾(地铁站)","original_ids":"[224]","id":223,"layer":"stop"}},{"type":"Feature","geometry":{"type":"Point","coordinates":[106.539889,29.415694]},"properties":{"name":"重庆大山村(地铁站)","original_ids":"[225]","id":224,"layer":"stop"}},{"type":"Feature","geometry":{"type":"Point","coordinates":[106.546669,29.435161]},"properties":{"name":"重庆花溪(地铁站)","original_ids":"[226]","id":225,"layer":"stop"}},{"type":"Feature","geometry":{"type":"Point","coordinates":[106.550861,29.451511]},"properties":{"name":"重庆岔路口(地铁站)","original_ids":"[227]","id":226,"layer":"stop"}},{"type":"Feature","geometry":{"type":"Point","coordinates":[106.555339,29.461319]},"properties":{"name":"重庆九公里(地铁站)","original_ids":"[228]","id":227,"layer":"stop"}},{"type":"Feature","geometry":{"type":"Point","coordinates":[106.558889,29.469889]},"properties":{"name":"重庆麒龙(地铁站)","original_ids":"[229]","id":228,"layer":"stop"}},{"type":"Feature","geometry":{"type":"Point","coordinates":[106.562211,29.481061]},"properties":{"name":"重庆八公里(地铁站)","original_ids":"[230]","id":229,"layer":"stop"}},{"type":"Feature","geometry":{"type":"Point","coordinates":[106.569131,29.491419]},"properties":{"name":"重庆重庆交通大学(地铁站)","original_ids":"[231]","id":230,"layer":"stop"}},{"type":"Feature","geometry":{"type":"Point","coordinates":[106.569631,29.50055]},"properties":{"name":"重庆六公里(地铁站)","original_ids":"[232]","id":231,"layer":"stop"}},{"type":"Feature","geometry":{"type":"Point","coordinates":[106.570139,29.510281]},"properties":{"name":"重庆重庆工商大学(地铁站)","original_ids":"[233]","id":232,"layer":"stop"}},{"type":"Feature","geometry":{"type":"Point","coordinates":[106.559691,29.535102]},"properties":{"name":"重庆工贸(地铁站)","original_ids":"[234]","id":233,"layer":"stop"}},{"type":"Feature","geometry":{"type":"Point","coordinates":[106.547807,29.539167]},"properties":{"name":"重庆铜元局(地铁站)","original_ids":"[235]","id":234,"layer":"stop"}},{"type":"Feature","geometry":{"type":"Point","coordinates":[106.53346,29.566776]},"properties":{"name":"重庆华新街(地铁站)","original_ids":"[236]","id":235,"layer":"stop"}},{"type":"Feature","geometry":{"type":"Point","coordinates":[106.51824,29.598358]},"properties":{"name":"重庆嘉州路(地铁站)","original_ids":"[237]","id":236,"layer":"stop"}},{"type":"Feature","geometry":{"type":"Point","coordinates":[106.52665,29.602361]},"properties":{"name":"重庆郑家院子(地铁站)","original_ids":"[238]","id":237,"layer":"stop"}},{"type":"Feature","geometry":{"type":"Point","coordinates":[106.536869,29.601989]},"properties":{"name":"重庆唐家院子(地铁站)","original_ids":"[239]","id":238,"layer":"stop"}},{"type":"Feature","geometry":{"type":"Point","coordinates":[106.545411,29.604119]},"properties":{"name":"重庆狮子坪(地铁站)","original_ids":"[240]","id":239,"layer":"stop"}},{"type":"Feature","geometry":{"type":"Point","coordinates":[106.545944,29.619655]},"properties":{"name":"重庆龙头寺(地铁站)","original_ids":"[241]","id":240,"layer":"stop"}},{"type":"Feature","geometry":{"type":"Point","coordinates":[106.551437,29.631229]},"properties":{"name":"重庆童家院子(地铁站)","original_ids":"[242]","id":241,"layer":"stop"}},{"type":"Feature","geometry":{"type":"Point","coordinates":[106.566905,29.638195]},"properties":{"name":"重庆金渝(地铁站)","original_ids":"[243]","id":242,"layer":"stop"}},{"type":"Feature","geometry":{"type":"Point","coordinates":[106.56378,29.646105]},"properties":{"name":"重庆金童路(地铁站)","original_ids":"[244]","id":243,"layer":"stop"}},{"type":"Feature","geometry":{"type":"Point","coordinates":[106.556497,29.664187]},"properties":{"name":"重庆鸳鸯(地铁站)","original_ids":"[245]","id":244,"layer":"stop"}},{"type":"Feature","geometry":{"type":"Point","coordinates":[106.560104,29.677499]},"properties":{"name":"重庆园博园(地铁站)","original_ids":"[246]","id":245,"layer":"stop"}},{"type":"Feature","geometry":{"type":"Point","coordinates":[106.568903,29.688668]},"properties":{"name":"重庆翠云(地铁站)","original_ids":"[247]","id":246,"layer":"stop"}},{"type":"Feature","geometry":{"type":"Point","coordinates":[106.584949,29.690379]},"properties":{"name":"重庆长福路(地铁站)","original_ids":"[248]","id":247,"layer":"stop"}},{"type":"Feature","geometry":{"type":"Point","coordinates":[106.602011,29.693181]},"properties":{"name":"重庆回兴(地铁站)","original_ids":"[249]","id":248,"layer":"stop"}},{"type":"Feature","geometry":{"type":"Point","coordinates":[106.615111,29.700719]},"properties":{"name":"重庆双龙(地铁站)","original_ids":"[250]","id":249,"layer":"stop"}},{"type":"Feature","geometry":{"type":"Point","coordinates":[106.60258,29.62469]},"properties":{"name":"重庆寸滩(地铁站)","original_ids":"[251]","id":250,"layer":"stop"}},{"type":"Feature","geometry":{"type":"Point","coordinates":[106.616881,29.627531]},"properties":{"name":"重庆黑石子(地铁站)","original_ids":"[252]","id":251,"layer":"stop"}},{"type":"Feature","geometry":{"type":"Point","coordinates":[106.63029,29.62199]},"properties":{"name":"重庆港城(地铁站)","original_ids":"[253]","id":252,"layer":"stop"}},{"type":"Feature","geometry":{"type":"Point","coordinates":[106.63783,29.60873]},"properties":{"name":"重庆太平冲(地铁站)","original_ids":"[254]","id":253,"layer":"stop"}},{"type":"Feature","geometry":{"type":"Point","coordinates":[106.656733,29.609194]},"properties":{"name":"重庆唐家沱(地铁站)","original_ids":"[255]","id":254,"layer":"stop"}},{"type":"Feature","geometry":{"type":"Point","coordinates":[106.66586,29.61691]},"properties":{"name":"重庆铁山坪(地铁站)","original_ids":"[256]","id":255,"layer":"stop"}},{"type":"Feature","geometry":{"type":"Point","coordinates":[106.71226,29.60328]},"properties":{"name":"重庆鹿栖(地铁站)","original_ids":"[257]","id":256,"layer":"stop"}},{"type":"Feature","geometry":{"type":"Point","coordinates":[106.735581,29.613161]},"properties":{"name":"重庆果园物流枢纽(地铁站)","original_ids":"[258]","id":257,"layer":"stop"}},{"type":"Feature","geometry":{"type":"Point","coordinates":[106.75918,29.62632]},"properties":{"name":"重庆鱼嘴(地铁站)","original_ids":"[259]","id":258,"layer":"stop"}},{"type":"Feature","geometry":{"type":"Point","coordinates":[106.771511,29.629719]},"properties":{"name":"重庆雁坪(地铁站)","original_ids":"[260]","id":259,"layer":"stop"}},{"type":"Feature","geometry":{"type":"Point","coordinates":[106.795689,29.641061]},"properties":{"name":"重庆石河清(地铁站)","original_ids":"[261]","id":260,"layer":"stop"}},{"type":"Feature","geometry":{"type":"Point","coordinates":[106.79638,29.6588]},"properties":{"name":"重庆复盛(地铁站)","original_ids":"[262]","id":261,"layer":"stop"}},{"type":"Feature","geometry":{"type":"Point","coordinates":[106.793431,29.670661]},"properties":{"name":"重庆三板溪(地铁站)","original_ids":"[263]","id":262,"layer":"stop"}},{"type":"Feature","geometry":{"type":"Point","coordinates":[106.78985,29.69212]},"properties":{"name":"重庆龙驿大道(地铁站)","original_ids":"[264]","id":263,"layer":"stop"}},{"type":"Feature","geometry":{"type":"Point","coordinates":[106.79795,29.7041]},"properties":{"name":"重庆龙兴(地铁站)","original_ids":"[265]","id":264,"layer":"stop"}},{"type":"Feature","geometry":{"type":"Point","coordinates":[106.79913,29.71387]},"properties":{"name":"重庆高石塔(地铁站)","original_ids":"[266]","id":265,"layer":"stop"}},{"type":"Feature","geometry":{"type":"Point","coordinates":[106.80023,29.73176]},"properties":{"name":"重庆普福(地铁站)","original_ids":"[267]","id":266,"layer":"stop"}},{"type":"Feature","geometry":{"type":"Point","coordinates":[106.81135,29.74451]},"properties":{"name":"重庆桐梓林(地铁站)","original_ids":"[268]","id":267,"layer":"stop"}},{"type":"Feature","geometry":{"type":"Point","coordinates":[106.8298,29.76229]},"properties":{"name":"重庆石船(地铁站)","original_ids":"[269]","id":268,"layer":"stop"}},{"type":"Feature","geometry":{"type":"Point","coordinates":[106.83729,29.77431]},"properties":{"name":"重庆黄岭(地铁站)","original_ids":"[270]","id":269,"layer":"stop"}},{"type":"Feature","properties":{"shape_id":"{}","direction_id":"{\"0\": 50}","headsign":"{}","duration_avg":360,"n_vehicles":50,"d":3600,"route_I_counts":"{\"1\": 50}","source":0,"target":1,"layer":"L","from":"重庆璧山(地铁站)","to":"重庆尖顶坡(地铁站)"},"geometry":{"type":"LineString","coordinates":[[106.22885,29.614949],[106.289153,29.609991]]}},{"type":"Feature","properties":{"shape_id":"{}","direction_id":"{\"1\": 50}","headsign":"{}","duration_avg":360,"n_vehicles":50,"d":3600,"route_I_counts":"{\"1\": 50}","source":1,"target":0,"layer":"L","from":"重庆尖顶坡(地铁站)","to":"重庆璧山(地铁站)"},"geometry":{"type":"LineString","coordinates":[[106.289153,29.609991],[106.22885,29.614949]]}},{"type":"Feature","properties":{"shape_id":"{}","direction_id":"{\"0\": 50}","headsign":"{}","duration_avg":180,"n_vehicles":50,"d":1800,"route_I_counts":"{\"1\": 50}","source":1,"target":2,"layer":"L","from":"重庆尖顶坡(地铁站)","to":"重庆大学城(地铁站)"},"geometry":{"type":"LineString","coordinates":[[106.289153,29.609991],[106.305061,29.609992]]}},{"type":"Feature","properties":{"shape_id":"{}","direction_id":"{\"1\": 50}","headsign":"{}","duration_avg":180,"n_vehicles":50,"d":1800,"route_I_counts":"{\"1\": 50}","source":2,"target":1,"layer":"L","from":"重庆大学城(地铁站)","to":"重庆尖顶坡(地铁站)"},"geometry":{"type":"LineString","coordinates":[[106.305061,29.609992],[106.289153,29.609991]]}},{"type":"Feature","properties":{"shape_id":"{}","direction_id":"{\"0\": 50}","headsign":"{}","duration_avg":120,"n_vehicles":50,"d":1200,"route_I_counts":"{\"1\": 50}","source":2,"target":3,"layer":"L","from":"重庆大学城(地铁站)","to":"重庆陈家桥(地铁站)"},"geometry":{"type":"LineString","coordinates":[[106.305061,29.609992],[106.324605,29.610031]]}},{"type":"Feature","properties":{"shape_id":"{}","direction_id":"{\"1\": 50}","headsign":"{}","duration_avg":120,"n_vehicles":50,"d":1200,"route_I_counts":"{\"1\": 50}","source":3,"target":2,"layer":"L","from":"重庆陈家桥(地铁站)","to":"重庆大学城(地铁站)"},"geometry":{"type":"LineString","coordinates":[[106.324605,29.610031],[106.305061,29.609992]]}},{"type":"Feature","properties":{"shape_id":"{}","direction_id":"{\"0\": 50}","headsign":"{}","duration_avg":240,"n_vehicles":50,"d":2400,"route_I_counts":"{\"1\": 50}","source":3,"target":4,"layer":"L","from":"重庆陈家桥(地铁站)","to":"重庆微电园(地铁站)"},"geometry":{"type":"LineString","coordinates":[[106.324605,29.610031],[106.358919,29.612209]]}},{"type":"Feature","properties":{"shape_id":"{}","direction_id":"{\"1\": 50}","headsign":"{}","duration_avg":240,"n_vehicles":50,"d":2400,"route_I_counts":"{\"1\": 50}","source":4,"target":3,"layer":"L","from":"重庆微电园(地铁站)","to":"重庆陈家桥(地铁站)"},"geometry":{"type":"LineString","coordinates":[[106.358919,29.612209],[106.324605,29.610031]]}},{"type":"Feature","properties":{"shape_id":"{}","direction_id":"{\"0\": 50}","headsign":"{}","duration_avg":240,"n_vehicles":50,"d":2400,"route_I_counts":"{\"1\": 50}","source":4,"target":5,"layer":"L","from":"重庆微电园(地铁站)","to":"重庆赖家桥(地铁站)"},"geometry":{"type":"LineString","coordinates":[[106.358919,29.612209],[106.377435,29.612808]]}},{"type":"Feature","properties":{"shape_id":"{}","direction_id":"{\"1\": 50}","headsign":"{}","duration_avg":240,"n_vehicles":50,"d":2400,"route_I_counts":"{\"1\": 50}","source":5,"target":4,"layer":"L","from":"重庆赖家桥(地铁站)","to":"重庆微电园(地铁站)"},"geometry":{"type":"LineString","coordinates":[[106.377435,29.612808],[106.358919,29.612209]]}},{"type":"Feature","properties":{"shape_id":"{}","direction_id":"{\"0\": 50}","headsign":"{}","duration_avg":300,"n_vehicles":50,"d":3000,"route_I_counts":"{\"1\": 50}","source":5,"target":6,"layer":"L","from":"重庆赖家桥(地铁站)","to":"重庆双碑(地铁站)"},"geometry":{"type":"LineString","coordinates":[[106.377435,29.612808],[106.440376,29.608328]]}},{"type":"Feature","properties":{"shape_id":"{}","direction_id":"{\"1\": 50}","headsign":"{}","duration_avg":300,"n_vehicles":50,"d":3000,"route_I_counts":"{\"1\": 50}","source":6,"target":5,"layer":"L","from":"重庆双碑(地铁站)","to":"重庆赖家桥(地铁站)"},"geometry":{"type":"LineString","coordinates":[[106.440376,29.608328],[106.377435,29.612808]]}},{"type":"Feature","properties":{"shape_id":"{}","direction_id":"{\"0\": 50}","headsign":"{}","duration_avg":180,"n_vehicles":50,"d":1800,"route_I_counts":"{\"1\": 50}","source":6,"target":7,"layer":"L","from":"重庆双碑(地铁站)","to":"重庆石井坡(地铁站)"},"geometry":{"type":"LineString","coordinates":[[106.440376,29.608328],[106.440289,29.591973]]}},{"type":"Feature","properties":{"shape_id":"{}","direction_id":"{\"1\": 50}","headsign":"{}","duration_avg":180,"n_vehicles":50,"d":1800,"route_I_counts":"{\"1\": 50}","source":7,"target":6,"layer":"L","from":"重庆石井坡(地铁站)","to":"重庆双碑(地铁站)"},"geometry":{"type":"LineString","coordinates":[[106.440289,29.591973],[106.440376,29.608328]]}},{"type":"Feature","properties":{"shape_id":"{}","direction_id":"{\"0\": 50}","headsign":"{}","duration_avg":120,"n_vehicles":50,"d":1200,"route_I_counts":"{\"1\": 50}","source":7,"target":8,"layer":"L","from":"重庆石井坡(地铁站)","to":"重庆磁器口(地铁站)"},"geometry":{"type":"LineString","coordinates":[[106.440289,29.591973],[106.442431,29.579286]]}},{"type":"Feature","properties":{"shape_id":"{}","direction_id":"{\"1\": 50}","headsign":"{}","duration_avg":120,"n_vehicles":50,"d":1200,"route_I_counts":"{\"1\": 50}","source":8,"target":7,"layer":"L","from":"重庆磁器口(地铁站)","to":"重庆石井坡(地铁站)"},"geometry":{"type":"LineString","coordinates":[[106.442431,29.579286],[106.440289,29.591973]]}},{"type":"Feature","properties":{"shape_id":"{}","direction_id":"{\"0\": 50}","headsign":"{}","duration_avg":120,"n_vehicles":50,"d":1200,"route_I_counts":"{\"1\": 50}","source":8,"target":9,"layer":"L","from":"重庆磁器口(地铁站)","to":"重庆烈士墓(地铁站)"},"geometry":{"type":"LineString","coordinates":[[106.442431,29.579286],[106.441448,29.570001]]}},{"type":"Feature","properties":{"shape_id":"{}","direction_id":"{\"1\": 50}","headsign":"{}","duration_avg":120,"n_vehicles":50,"d":1200,"route_I_counts":"{\"1\": 50}","source":9,"target":8,"layer":"L","from":"重庆烈士墓(地铁站)","to":"重庆磁器口(地铁站)"},"geometry":{"type":"LineString","coordinates":[[106.441448,29.570001],[106.442431,29.579286]]}},{"type":"Feature","properties":{"shape_id":"{}","direction_id":"{\"0\": 50}","headsign":"{}","duration_avg":120,"n_vehicles":50,"d":1200,"route_I_counts":"{\"1\": 50}","source":9,"target":10,"layer":"L","from":"重庆烈士墓(地铁站)","to":"重庆杨公桥(地铁站)"},"geometry":{"type":"LineString","coordinates":[[106.441448,29.570001],[106.446247,29.564122]]}},{"type":"Feature","properties":{"shape_id":"{}","direction_id":"{\"1\": 50}","headsign":"{}","duration_avg":120,"n_vehicles":50,"d":1200,"route_I_counts":"{\"1\": 50}","source":10,"target":9,"layer":"L","from":"重庆杨公桥(地铁站)","to":"重庆烈士墓(地铁站)"},"geometry":{"type":"LineString","coordinates":[[106.446247,29.564122],[106.441448,29.570001]]}},{"type":"Feature","properties":{"shape_id":"{}","direction_id":"{\"0\": 50}","headsign":"{}","duration_avg":120,"n_vehicles":50,"d":1200,"route_I_counts":"{\"1\": 50}","source":10,"target":11,"layer":"L","from":"重庆杨公桥(地铁站)","to":"重庆沙坪坝(地铁站)"},"geometry":{"type":"LineString","coordinates":[[106.446247,29.564122],[106.456466,29.558607]]}},{"type":"Feature","properties":{"shape_id":"{}","direction_id":"{\"1\": 50}","headsign":"{}","duration_avg":120,"n_vehicles":50,"d":1200,"route_I_counts":"{\"1\": 50}","source":11,"target":10,"layer":"L","from":"重庆沙坪坝(地铁站)","to":"重庆杨公桥(地铁站)"},"geometry":{"type":"LineString","coordinates":[[106.456466,29.558607],[106.446247,29.564122]]}},{"type":"Feature","properties":{"shape_id":"{}","direction_id":"{\"0\": 50}","headsign":"{}","duration_avg":120,"n_vehicles":50,"d":1200,"route_I_counts":"{\"1\": 50, \"7\": 50}","source":11,"target":12,"layer":"L","from":"重庆沙坪坝(地铁站)","to":"重庆小龙坎(地铁站)"},"geometry":{"type":"LineString","coordinates":[[106.456466,29.558607],[106.464286,29.55632]]}},{"type":"Feature","properties":{"shape_id":"{}","direction_id":"{\"1\": 50}","headsign":"{}","duration_avg":120,"n_vehicles":50,"d":1200,"route_I_counts":"{\"1\": 50, \"7\": 50}","source":12,"target":11,"layer":"L","from":"重庆小龙坎(地铁站)","to":"重庆沙坪坝(地铁站)"},"geometry":{"type":"LineString","coordinates":[[106.464286,29.55632],[106.456466,29.558607]]}},{"type":"Feature","properties":{"shape_id":"{}","direction_id":"{\"0\": 50}","headsign":"{}","duration_avg":120,"n_vehicles":50,"d":1200,"route_I_counts":"{\"1\": 50}","source":12,"target":13,"layer":"L","from":"重庆小龙坎(地铁站)","to":"重庆马家岩(地铁站)"},"geometry":{"type":"LineString","coordinates":[[106.464286,29.55632],[106.464093,29.54761]]}},{"type":"Feature","properties":{"shape_id":"{}","direction_id":"{\"1\": 50}","headsign":"{}","duration_avg":120,"n_vehicles":50,"d":1200,"route_I_counts":"{\"1\": 50}","source":13,"target":12,"layer":"L","from":"重庆马家岩(地铁站)","to":"重庆小龙坎(地铁站)"},"geometry":{"type":"LineString","coordinates":[[106.464093,29.54761],[106.464286,29.55632]]}},{"type":"Feature","properties":{"shape_id":"{}","direction_id":"{\"0\": 50}","headsign":"{}","duration_avg":120,"n_vehicles":50,"d":1200,"route_I_counts":"{\"1\": 50}","source":13,"target":14,"layer":"L","from":"重庆马家岩(地铁站)","to":"重庆高庙村(地铁站)"},"geometry":{"type":"LineString","coordinates":[[106.464093,29.54761],[106.465276,29.539041]]}},{"type":"Feature","properties":{"shape_id":"{}","direction_id":"{\"1\": 50}","headsign":"{}","duration_avg":120,"n_vehicles":50,"d":1200,"route_I_counts":"{\"1\": 50}","source":14,"target":13,"layer":"L","from":"重庆高庙村(地铁站)","to":"重庆马家岩(地铁站)"},"geometry":{"type":"LineString","coordinates":[[106.465276,29.539041],[106.464093,29.54761]]}},{"type":"Feature","properties":{"shape_id":"{}","direction_id":"{\"0\": 50}","headsign":"{}","duration_avg":120,"n_vehicles":50,"d":1200,"route_I_counts":"{\"1\": 50}","source":14,"target":15,"layer":"L","from":"重庆高庙村(地铁站)","to":"重庆石桥铺(地铁站)"},"geometry":{"type":"LineString","coordinates":[[106.465276,29.539041],[106.480999,29.535448]]}},{"type":"Feature","properties":{"shape_id":"{}","direction_id":"{\"1\": 50}","headsign":"{}","duration_avg":120,"n_vehicles":50,"d":1200,"route_I_counts":"{\"1\": 50}","source":15,"target":14,"layer":"L","from":"重庆石桥铺(地铁站)","to":"重庆高庙村(地铁站)"},"geometry":{"type":"LineString","coordinates":[[106.480999,29.535448],[106.465276,29.539041]]}},{"type":"Feature","properties":{"shape_id":"{}","direction_id":"{\"0\": 50}","headsign":"{}","duration_avg":180,"n_vehicles":50,"d":1800,"route_I_counts":"{\"1\": 50, \"5\": 50}","source":15,"target":16,"layer":"L","from":"重庆石桥铺(地铁站)","to":"重庆歇台子(地铁站)"},"geometry":{"type":"LineString","coordinates":[[106.480999,29.535448],[106.4945,29.538198]]}},{"type":"Feature","properties":{"shape_id":"{}","direction_id":"{\"1\": 50}","headsign":"{}","duration_avg":180,"n_vehicles":50,"d":1800,"route_I_counts":"{\"1\": 50, \"5\": 50}","source":16,"target":15,"layer":"L","from":"重庆歇台子(地铁站)","to":"重庆石桥铺(地铁站)"},"geometry":{"type":"LineString","coordinates":[[106.4945,29.538198],[106.480999,29.535448]]}},{"type":"Feature","properties":{"shape_id":"{}","direction_id":"{\"0\": 50}","headsign":"{}","duration_avg":120,"n_vehicles":50,"d":1200,"route_I_counts":"{\"1\": 50}","source":16,"target":17,"layer":"L","from":"重庆歇台子(地铁站)","to":"重庆石油路(地铁站)"},"geometry":{"type":"LineString","coordinates":[[106.4945,29.538198],[106.504485,29.540856]]}},{"type":"Feature","properties":{"shape_id":"{}","direction_id":"{\"1\": 50}","headsign":"{}","duration_avg":120,"n_vehicles":50,"d":1200,"route_I_counts":"{\"1\": 50}","source":17,"target":16,"layer":"L","from":"重庆石油路(地铁站)","to":"重庆歇台子(地铁站)"},"geometry":{"type":"LineString","coordinates":[[106.504485,29.540856],[106.4945,29.538198]]}},{"type":"Feature","properties":{"shape_id":"{}","direction_id":"{\"0\": 50}","headsign":"{}","duration_avg":120,"n_vehicles":50,"d":1200,"route_I_counts":"{\"1\": 50}","source":17,"target":18,"layer":"L","from":"重庆石油路(地铁站)","to":"重庆大坪(地铁站)"},"geometry":{"type":"LineString","coordinates":[[106.504485,29.540856],[106.515023,29.543427]]}},{"type":"Feature","properties":{"shape_id":"{}","direction_id":"{\"1\": 50}","headsign":"{}","duration_avg":120,"n_vehicles":50,"d":1200,"route_I_counts":"{\"1\": 50}","source":18,"target":17,"layer":"L","from":"重庆大坪(地铁站)","to":"重庆石油路(地铁站)"},"geometry":{"type":"LineString","coordinates":[[106.515023,29.543427],[106.504485,29.540856]]}},{"type":"Feature","properties":{"shape_id":"{}","direction_id":"{\"0\": 50}","headsign":"{}","duration_avg":180,"n_vehicles":50,"d":1800,"route_I_counts":"{\"1\": 50}","source":18,"target":19,"layer":"L","from":"重庆大坪(地铁站)","to":"重庆鹅岭(地铁站)"},"geometry":{"type":"LineString","coordinates":[[106.515023,29.543427],[106.530169,29.5508]]}},{"type":"Feature","properties":{"shape_id":"{}","direction_id":"{\"1\": 50}","headsign":"{}","duration_avg":180,"n_vehicles":50,"d":1800,"route_I_counts":"{\"1\": 50}","source":19,"target":18,"layer":"L","from":"重庆鹅岭(地铁站)","to":"重庆大坪(地铁站)"},"geometry":{"type":"LineString","coordinates":[[106.530169,29.5508],[106.515023,29.543427]]}},{"type":"Feature","properties":{"shape_id":"{}","direction_id":"{\"0\": 50}","headsign":"{}","duration_avg":120,"n_vehicles":50,"d":1200,"route_I_counts":"{\"1\": 50}","source":19,"target":20,"layer":"L","from":"重庆鹅岭(地铁站)","to":"重庆两路口(地铁站)"},"geometry":{"type":"LineString","coordinates":[[106.530169,29.5508],[106.544792,29.55571]]}},{"type":"Feature","properties":{"shape_id":"{}","direction_id":"{\"1\": 50}","headsign":"{}","duration_avg":120,"n_vehicles":50,"d":1200,"route_I_counts":"{\"1\": 50}","source":20,"target":19,"layer":"L","from":"重庆两路口(地铁站)","to":"重庆鹅岭(地铁站)"},"geometry":{"type":"LineString","coordinates":[[106.544792,29.55571],[106.530169,29.5508]]}},{"type":"Feature","properties":{"shape_id":"{}","direction_id":"{\"0\": 50}","headsign":"{}","duration_avg":180,"n_vehicles":50,"d":1800,"route_I_counts":"{\"1\": 50}","source":20,"target":21,"layer":"L","from":"重庆两路口(地铁站)","to":"重庆七星岗(地铁站)"},"geometry":{"type":"LineString","coordinates":[[106.544792,29.55571],[106.55921,29.557786]]}},{"type":"Feature","properties":{"shape_id":"{}","direction_id":"{\"1\": 50}","headsign":"{}","duration_avg":180,"n_vehicles":50,"d":1800,"route_I_counts":"{\"1\": 50}","source":21,"target":20,"layer":"L","from":"重庆七星岗(地铁站)","to":"重庆两路口(地铁站)"},"geometry":{"type":"LineString","coordinates":[[106.55921,29.557786],[106.544792,29.55571]]}},{"type":"Feature","properties":{"shape_id":"{}","direction_id":"{\"0\": 50}","headsign":"{}","duration_avg":120,"n_vehicles":50,"d":1200,"route_I_counts":"{\"1\": 50}","source":21,"target":22,"layer":"L","from":"重庆七星岗(地铁站)","to":"重庆较场口(地铁站)"},"geometry":{"type":"LineString","coordinates":[[106.55921,29.557786],[106.568137,29.556057]]}},{"type":"Feature","properties":{"shape_id":"{}","direction_id":"{\"1\": 50}","headsign":"{}","duration_avg":120,"n_vehicles":50,"d":1200,"route_I_counts":"{\"1\": 50}","source":22,"target":21,"layer":"L","from":"重庆较场口(地铁站)","to":"重庆七星岗(地铁站)"},"geometry":{"type":"LineString","coordinates":[[106.568137,29.556057],[106.55921,29.557786]]}},{"type":"Feature","properties":{"shape_id":"{}","direction_id":"{\"0\": 50}","headsign":"{}","duration_avg":120,"n_vehicles":50,"d":1200,"route_I_counts":"{\"1\": 50}","source":22,"target":23,"layer":"L","from":"重庆较场口(地铁站)","to":"重庆小什字(地铁站)"},"geometry":{"type":"LineString","coordinates":[[106.568137,29.556057],[106.579474,29.56206]]}},{"type":"Feature","properties":{"shape_id":"{}","direction_id":"{\"1\": 50}","headsign":"{}","duration_avg":120,"n_vehicles":50,"d":1200,"route_I_counts":"{\"1\": 50}","source":23,"target":22,"layer":"L","from":"重庆小什字(地铁站)","to":"重庆较场口(地铁站)"},"geometry":{"type":"LineString","coordinates":[[106.579474,29.56206],[106.568137,29.556057]]}},{"type":"Feature","properties":{"shape_id":"{}","direction_id":"{\"0\": 50}","headsign":"{}","duration_avg":120,"n_vehicles":50,"d":1200,"route_I_counts":"{\"1\": 50}","source":23,"target":24,"layer":"L","from":"重庆小什字(地铁站)","to":"重庆朝天门(地铁站)"},"geometry":{"type":"LineString","coordinates":[[106.579474,29.56206],[106.582159,29.567033]]}},{"type":"Feature","properties":{"shape_id":"{}","direction_id":"{\"1\": 50}","headsign":"{}","duration_avg":120,"n_vehicles":50,"d":1200,"route_I_counts":"{\"1\": 50}","source":24,"target":23,"layer":"L","from":"重庆朝天门(地铁站)","to":"重庆小什字(地铁站)"},"geometry":{"type":"LineString","coordinates":[[106.582159,29.567033],[106.579474,29.56206]]}},{"type":"Feature","properties":{"shape_id":"{}","direction_id":"{\"0\": 50}","headsign":"{}","duration_avg":120,"n_vehicles":50,"d":1200,"route_I_counts":"{\"2\": 50}","source":22,"target":25,"layer":"L","from":"重庆较场口(地铁站)","to":"重庆临江门(地铁站)"},"geometry":{"type":"LineString","coordinates":[[106.568137,29.556057],[106.571333,29.561242]]}},{"type":"Feature","properties":{"shape_id":"{}","direction_id":"{\"1\": 50}","headsign":"{}","duration_avg":120,"n_vehicles":50,"d":1200,"route_I_counts":"{\"2\": 50}","source":25,"target":22,"layer":"L","from":"重庆临江门(地铁站)","to":"重庆较场口(地铁站)"},"geometry":{"type":"LineString","coordinates":[[106.571333,29.561242],[106.568137,29.556057]]}},{"type":"Feature","properties":{"shape_id":"{}","direction_id":"{\"0\": 50}","headsign":"{}","duration_avg":120,"n_vehicles":50,"d":1200,"route_I_counts":"{\"2\": 50}","source":25,"target":26,"layer":"L","from":"重庆临江门(地铁站)","to":"重庆黄花园(地铁站)"},"geometry":{"type":"LineString","coordinates":[[106.571333,29.561242],[106.561141,29.566267]]}},{"type":"Feature","properties":{"shape_id":"{}","direction_id":"{\"1\": 50}","headsign":"{}","duration_avg":120,"n_vehicles":50,"d":1200,"route_I_counts":"{\"2\": 50}","source":26,"target":25,"layer":"L","from":"重庆黄花园(地铁站)","to":"重庆临江门(地铁站)"},"geometry":{"type":"LineString","coordinates":[[106.561141,29.566267],[106.571333,29.561242]]}},{"type":"Feature","properties":{"shape_id":"{}","direction_id":"{\"0\": 50}","headsign":"{}","duration_avg":120,"n_vehicles":50,"d":1200,"route_I_counts":"{\"2\": 50}","source":26,"target":27,"layer":"L","from":"重庆黄花园(地铁站)","to":"重庆大溪沟(地铁站)"},"geometry":{"type":"LineString","coordinates":[[106.561141,29.566267],[106.55469,29.569036]]}},{"type":"Feature","properties":{"shape_id":"{}","direction_id":"{\"1\": 50}","headsign":"{}","duration_avg":120,"n_vehicles":50,"d":1200,"route_I_counts":"{\"2\": 50}","source":27,"target":26,"layer":"L","from":"重庆大溪沟(地铁站)","to":"重庆黄花园(地铁站)"},"geometry":{"type":"LineString","coordinates":[[106.55469,29.569036],[106.561141,29.566267]]}},{"type":"Feature","properties":{"shape_id":"{}","direction_id":"{\"0\": 50}","headsign":"{}","duration_avg":120,"n_vehicles":50,"d":1200,"route_I_counts":"{\"2\": 50}","source":27,"target":28,"layer":"L","from":"重庆大溪沟(地铁站)","to":"重庆曾家岩(地铁站)"},"geometry":{"type":"LineString","coordinates":[[106.55469,29.569036],[106.546403,29.569286]]}},{"type":"Feature","properties":{"shape_id":"{}","direction_id":"{\"1\": 50}","headsign":"{}","duration_avg":120,"n_vehicles":50,"d":1200,"route_I_counts":"{\"2\": 50}","source":28,"target":27,"layer":"L","from":"重庆曾家岩(地铁站)","to":"重庆大溪沟(地铁站)"},"geometry":{"type":"LineString","coordinates":[[106.546403,29.569286],[106.55469,29.569036]]}},{"type":"Feature","properties":{"shape_id":"{}","direction_id":"{\"0\": 50}","headsign":"{}","duration_avg":180,"n_vehicles":50,"d":1800,"route_I_counts":"{\"2\": 50}","source":28,"target":29,"layer":"L","from":"重庆曾家岩(地铁站)","to":"重庆牛角沱(地铁站)"},"geometry":{"type":"LineString","coordinates":[[106.546403,29.569286],[106.538871,29.563509]]}},{"type":"Feature","properties":{"shape_id":"{}","direction_id":"{\"1\": 50}","headsign":"{}","duration_avg":180,"n_vehicles":50,"d":1800,"route_I_counts":"{\"2\": 50}","source":29,"target":28,"layer":"L","from":"重庆牛角沱(地铁站)","to":"重庆曾家岩(地铁站)"},"geometry":{"type":"LineString","coordinates":[[106.538871,29.563509],[106.546403,29.569286]]}},{"type":"Feature","properties":{"shape_id":"{}","direction_id":"{\"0\": 50}","headsign":"{}","duration_avg":120,"n_vehicles":50,"d":1200,"route_I_counts":"{\"2\": 50}","source":29,"target":30,"layer":"L","from":"重庆牛角沱(地铁站)","to":"重庆李子坝(地铁站)"},"geometry":{"type":"LineString","coordinates":[[106.538871,29.563509],[106.533915,29.555714]]}},{"type":"Feature","properties":{"shape_id":"{}","direction_id":"{\"1\": 50}","headsign":"{}","duration_avg":120,"n_vehicles":50,"d":1200,"route_I_counts":"{\"2\": 50}","source":30,"target":29,"layer":"L","from":"重庆李子坝(地铁站)","to":"重庆牛角沱(地铁站)"},"geometry":{"type":"LineString","coordinates":[[106.533915,29.555714],[106.538871,29.563509]]}},{"type":"Feature","properties":{"shape_id":"{}","direction_id":"{\"0\": 50}","headsign":"{}","duration_avg":120,"n_vehicles":50,"d":1200,"route_I_counts":"{\"2\": 50}","source":30,"target":31,"layer":"L","from":"重庆李子坝(地铁站)","to":"重庆佛图关(地铁站)"},"geometry":{"type":"LineString","coordinates":[[106.533915,29.555714],[106.527743,29.552153]]}},{"type":"Feature","properties":{"shape_id":"{}","direction_id":"{\"1\": 50}","headsign":"{}","duration_avg":120,"n_vehicles":50,"d":1200,"route_I_counts":"{\"2\": 50}","source":31,"target":30,"layer":"L","from":"重庆佛图关(地铁站)","to":"重庆李子坝(地铁站)"},"geometry":{"type":"LineString","coordinates":[[106.527743,29.552153],[106.533915,29.555714]]}},{"type":"Feature","properties":{"shape_id":"{}","direction_id":"{\"0\": 50}","headsign":"{}","duration_avg":180,"n_vehicles":50,"d":1800,"route_I_counts":"{\"2\": 50}","source":31,"target":18,"layer":"L","from":"重庆佛图关(地铁站)","to":"重庆大坪(地铁站)"},"geometry":{"type":"LineString","coordinates":[[106.527743,29.552153],[106.515023,29.543427]]}},{"type":"Feature","properties":{"shape_id":"{}","direction_id":"{\"1\": 50}","headsign":"{}","duration_avg":180,"n_vehicles":50,"d":1800,"route_I_counts":"{\"2\": 50}","source":18,"target":31,"layer":"L","from":"重庆大坪(地铁站)","to":"重庆佛图关(地铁站)"},"geometry":{"type":"LineString","coordinates":[[106.515023,29.543427],[106.527743,29.552153]]}},{"type":"Feature","properties":{"shape_id":"{}","direction_id":"{\"0\": 50}","headsign":"{}","duration_avg":180,"n_vehicles":50,"d":1800,"route_I_counts":"{\"2\": 50}","source":18,"target":32,"layer":"L","from":"重庆大坪(地铁站)","to":"重庆袁家岗(地铁站)"},"geometry":{"type":"LineString","coordinates":[[106.515023,29.543427],[106.509935,29.531573]]}},{"type":"Feature","properties":{"shape_id":"{}","direction_id":"{\"1\": 50}","headsign":"{}","duration_avg":180,"n_vehicles":50,"d":1800,"route_I_counts":"{\"2\": 50}","source":32,"target":18,"layer":"L","from":"重庆袁家岗(地铁站)","to":"重庆大坪(地铁站)"},"geometry":{"type":"LineString","coordinates":[[106.509935,29.531573],[106.515023,29.543427]]}},{"type":"Feature","properties":{"shape_id":"{}","direction_id":"{\"0\": 50}","headsign":"{}","duration_avg":180,"n_vehicles":50,"d":1800,"route_I_counts":"{\"2\": 50}","source":32,"target":33,"layer":"L","from":"重庆袁家岗(地铁站)","to":"重庆谢家湾(地铁站)"},"geometry":{"type":"LineString","coordinates":[[106.509935,29.531573],[106.513795,29.521877]]}},{"type":"Feature","properties":{"shape_id":"{}","direction_id":"{\"1\": 50}","headsign":"{}","duration_avg":180,"n_vehicles":50,"d":1800,"route_I_counts":"{\"2\": 50}","source":33,"target":32,"layer":"L","from":"重庆谢家湾(地铁站)","to":"重庆袁家岗(地铁站)"},"geometry":{"type":"LineString","coordinates":[[106.513795,29.521877],[106.509935,29.531573]]}},{"type":"Feature","properties":{"shape_id":"{}","direction_id":"{\"0\": 50}","headsign":"{}","duration_avg":120,"n_vehicles":50,"d":1200,"route_I_counts":"{\"2\": 50}","source":33,"target":34,"layer":"L","from":"重庆谢家湾(地铁站)","to":"重庆杨家坪(地铁站)"},"geometry":{"type":"LineString","coordinates":[[106.513795,29.521877],[106.510099,29.510613]]}},{"type":"Feature","properties":{"shape_id":"{}","direction_id":"{\"1\": 50}","headsign":"{}","duration_avg":120,"n_vehicles":50,"d":1200,"route_I_counts":"{\"2\": 50}","source":34,"target":33,"layer":"L","from":"重庆杨家坪(地铁站)","to":"重庆谢家湾(地铁站)"},"geometry":{"type":"LineString","coordinates":[[106.510099,29.510613],[106.513795,29.521877]]}},{"type":"Feature","properties":{"shape_id":"{}","direction_id":"{\"0\": 50}","headsign":"{}","duration_avg":180,"n_vehicles":50,"d":1800,"route_I_counts":"{\"2\": 50}","source":34,"target":35,"layer":"L","from":"重庆杨家坪(地铁站)","to":"重庆动物园(地铁站)"},"geometry":{"type":"LineString","coordinates":[[106.510099,29.510613],[106.505583,29.502818]]}},{"type":"Feature","properties":{"shape_id":"{}","direction_id":"{\"1\": 50}","headsign":"{}","duration_avg":180,"n_vehicles":50,"d":1800,"route_I_counts":"{\"2\": 50}","source":35,"target":34,"layer":"L","from":"重庆动物园(地铁站)","to":"重庆杨家坪(地铁站)"},"geometry":{"type":"LineString","coordinates":[[106.505583,29.502818],[106.510099,29.510613]]}},{"type":"Feature","properties":{"shape_id":"{}","direction_id":"{\"0\": 50}","headsign":"{}","duration_avg":180,"n_vehicles":50,"d":1800,"route_I_counts":"{\"2\": 50}","source":35,"target":36,"layer":"L","from":"重庆动物园(地铁站)","to":"重庆大堰村(地铁站)"},"geometry":{"type":"LineString","coordinates":[[106.505583,29.502818],[106.495344,29.502352]]}},{"type":"Feature","properties":{"shape_id":"{}","direction_id":"{\"1\": 50}","headsign":"{}","duration_avg":180,"n_vehicles":50,"d":1800,"route_I_counts":"{\"2\": 50}","source":36,"target":35,"layer":"L","from":"重庆大堰村(地铁站)","to":"重庆动物园(地铁站)"},"geometry":{"type":"LineString","coordinates":[[106.495344,29.502352],[106.505583,29.502818]]}},{"type":"Feature","properties":{"shape_id":"{}","direction_id":"{\"0\": 50}","headsign":"{}","duration_avg":180,"n_vehicles":50,"d":1800,"route_I_counts":"{\"2\": 50}","source":36,"target":37,"layer":"L","from":"重庆大堰村(地铁站)","to":"重庆马王场(地铁站)"},"geometry":{"type":"LineString","coordinates":[[106.495344,29.502352],[106.48487,29.498796]]}},{"type":"Feature","properties":{"shape_id":"{}","direction_id":"{\"1\": 50}","headsign":"{}","duration_avg":180,"n_vehicles":50,"d":1800,"route_I_counts":"{\"2\": 50}","source":37,"target":36,"layer":"L","from":"重庆马王场(地铁站)","to":"重庆大堰村(地铁站)"},"geometry":{"type":"LineString","coordinates":[[106.48487,29.498796],[106.495344,29.502352]]}},{"type":"Feature","properties":{"shape_id":"{}","direction_id":"{\"0\": 50}","headsign":"{}","duration_avg":180,"n_vehicles":50,"d":1800,"route_I_counts":"{\"2\": 50}","source":37,"target":38,"layer":"L","from":"重庆马王场(地铁站)","to":"重庆平安(地铁站)"},"geometry":{"type":"LineString","coordinates":[[106.48487,29.498796],[106.481159,29.491431]]}},{"type":"Feature","properties":{"shape_id":"{}","direction_id":"{\"1\": 50}","headsign":"{}","duration_avg":180,"n_vehicles":50,"d":1800,"route_I_counts":"{\"2\": 50}","source":38,"target":37,"layer":"L","from":"重庆平安(地铁站)","to":"重庆马王场(地铁站)"},"geometry":{"type":"LineString","coordinates":[[106.481159,29.491431],[106.48487,29.498796]]}},{"type":"Feature","properties":{"shape_id":"{}","direction_id":"{\"0\": 50}","headsign":"{}","duration_avg":180,"n_vehicles":50,"d":1800,"route_I_counts":"{\"2\": 50}","source":38,"target":39,"layer":"L","from":"重庆平安(地铁站)","to":"重庆大渡口(地铁站)"},"geometry":{"type":"LineString","coordinates":[[106.481159,29.491431],[106.474301,29.484517]]}},{"type":"Feature","properties":{"shape_id":"{}","direction_id":"{\"1\": 50}","headsign":"{}","duration_avg":180,"n_vehicles":50,"d":1800,"route_I_counts":"{\"2\": 50}","source":39,"target":38,"layer":"L","from":"重庆大渡口(地铁站)","to":"重庆平安(地铁站)"},"geometry":{"type":"LineString","coordinates":[[106.474301,29.484517],[106.481159,29.491431]]}},{"type":"Feature","properties":{"shape_id":"{}","direction_id":"{\"0\": 50}","headsign":"{}","duration_avg":180,"n_vehicles":50,"d":1800,"route_I_counts":"{\"2\": 50}","source":39,"target":40,"layer":"L","from":"重庆大渡口(地铁站)","to":"重庆新山村(地铁站)"},"geometry":{"type":"LineString","coordinates":[[106.474301,29.484517],[106.472489,29.474657]]}},{"type":"Feature","properties":{"shape_id":"{}","direction_id":"{\"1\": 50}","headsign":"{}","duration_avg":180,"n_vehicles":50,"d":1800,"route_I_counts":"{\"2\": 50}","source":40,"target":39,"layer":"L","from":"重庆新山村(地铁站)","to":"重庆大渡口(地铁站)"},"geometry":{"type":"LineString","coordinates":[[106.472489,29.474657],[106.474301,29.484517]]}},{"type":"Feature","properties":{"shape_id":"{}","direction_id":"{\"0\": 50}","headsign":"{}","duration_avg":180,"n_vehicles":50,"d":1800,"route_I_counts":"{\"2\": 50}","source":40,"target":41,"layer":"L","from":"重庆新山村(地铁站)","to":"重庆天堂堡(地铁站)"},"geometry":{"type":"LineString","coordinates":[[106.472489,29.474657],[106.468394,29.469501]]}},{"type":"Feature","properties":{"shape_id":"{}","direction_id":"{\"1\": 50}","headsign":"{}","duration_avg":180,"n_vehicles":50,"d":1800,"route_I_counts":"{\"2\": 50}","source":41,"target":40,"layer":"L","from":"重庆天堂堡(地铁站)","to":"重庆新山村(地铁站)"},"geometry":{"type":"LineString","coordinates":[[106.468394,29.469501],[106.472489,29.474657]]}},{"type":"Feature","properties":{"shape_id":"{}","direction_id":"{\"0\": 50}","headsign":"{}","duration_avg":240,"n_vehicles":50,"d":2400,"route_I_counts":"{\"2\": 50}","source":41,"target":42,"layer":"L","from":"重庆天堂堡(地铁站)","to":"重庆建桥(地铁站)"},"geometry":{"type":"LineString","coordinates":[[106.468394,29.469501],[106.470811,29.452626]]}},{"type":"Feature","properties":{"shape_id":"{}","direction_id":"{\"1\": 50}","headsign":"{}","duration_avg":240,"n_vehicles":50,"d":2400,"route_I_counts":"{\"2\": 50}","source":42,"target":41,"layer":"L","from":"重庆建桥(地铁站)","to":"重庆天堂堡(地铁站)"},"geometry":{"type":"LineString","coordinates":[[106.470811,29.452626],[106.468394,29.469501]]}},{"type":"Feature","properties":{"shape_id":"{}","direction_id":"{\"0\": 50}","headsign":"{}","duration_avg":120,"n_vehicles":50,"d":1200,"route_I_counts":"{\"2\": 50}","source":42,"target":43,"layer":"L","from":"重庆建桥(地铁站)","to":"重庆金家湾(地铁站)"},"geometry":{"type":"LineString","coordinates":[[106.470811,29.452626],[106.471613,29.440492]]}},{"type":"Feature","properties":{"shape_id":"{}","direction_id":"{\"1\": 50}","headsign":"{}","duration_avg":120,"n_vehicles":50,"d":1200,"route_I_counts":"{\"2\": 50}","source":43,"target":42,"layer":"L","from":"重庆金家湾(地铁站)","to":"重庆建桥(地铁站)"},"geometry":{"type":"LineString","coordinates":[[106.471613,29.440492],[106.470811,29.452626]]}},{"type":"Feature","properties":{"shape_id":"{}","direction_id":"{\"0\": 50}","headsign":"{}","duration_avg":120,"n_vehicles":50,"d":1200,"route_I_counts":"{\"2\": 50}","source":43,"target":44,"layer":"L","from":"重庆金家湾(地铁站)","to":"重庆刘家坝(地铁站)"},"geometry":{"type":"LineString","coordinates":[[106.471613,29.440492],[106.478843,29.430248]]}},{"type":"Feature","properties":{"shape_id":"{}","direction_id":"{\"1\": 50}","headsign":"{}","duration_avg":120,"n_vehicles":50,"d":1200,"route_I_counts":"{\"2\": 50}","source":44,"target":43,"layer":"L","from":"重庆刘家坝(地铁站)","to":"重庆金家湾(地铁站)"},"geometry":{"type":"LineString","coordinates":[[106.478843,29.430248],[106.471613,29.440492]]}},{"type":"Feature","properties":{"shape_id":"{}","direction_id":"{\"0\": 50}","headsign":"{}","duration_avg":180,"n_vehicles":50,"d":1800,"route_I_counts":"{\"2\": 50}","source":44,"target":45,"layer":"L","from":"重庆刘家坝(地铁站)","to":"重庆白居寺(地铁站)"},"geometry":{"type":"LineString","coordinates":[[106.478843,29.430248],[106.488109,29.417372]]}},{"type":"Feature","properties":{"shape_id":"{}","direction_id":"{\"1\": 50}","headsign":"{}","duration_avg":180,"n_vehicles":50,"d":1800,"route_I_counts":"{\"2\": 50}","source":45,"target":44,"layer":"L","from":"重庆白居寺(地铁站)","to":"重庆刘家坝(地铁站)"},"geometry":{"type":"LineString","coordinates":[[106.488109,29.417372],[106.478843,29.430248]]}},{"type":"Feature","properties":{"shape_id":"{}","direction_id":"{\"0\": 50}","headsign":"{}","duration_avg":300,"n_vehicles":50,"d":3000,"route_I_counts":"{\"2\": 50}","source":45,"target":46,"layer":"L","from":"重庆白居寺(地铁站)","to":"重庆大江(地铁站)"},"geometry":{"type":"LineString","coordinates":[[106.488109,29.417372],[106.497245,29.386934]]}},{"type":"Feature","properties":{"shape_id":"{}","direction_id":"{\"1\": 50}","headsign":"{}","duration_avg":300,"n_vehicles":50,"d":3000,"route_I_counts":"{\"2\": 50}","source":46,"target":45,"layer":"L","from":"重庆大江(地铁站)","to":"重庆白居寺(地铁站)"},"geometry":{"type":"LineString","coordinates":[[106.497245,29.386934],[106.488109,29.417372]]}},{"type":"Feature","properties":{"shape_id":"{}","direction_id":"{\"0\": 50}","headsign":"{}","duration_avg":120,"n_vehicles":50,"d":1200,"route_I_counts":"{\"2\": 50}","source":46,"target":47,"layer":"L","from":"重庆大江(地铁站)","to":"重庆鱼洞(地铁站)"},"geometry":{"type":"LineString","coordinates":[[106.497245,29.386934],[106.502076,29.378684]]}},{"type":"Feature","properties":{"shape_id":"{}","direction_id":"{\"1\": 50}","headsign":"{}","duration_avg":120,"n_vehicles":50,"d":1200,"route_I_counts":"{\"2\": 50}","source":47,"target":46,"layer":"L","from":"重庆鱼洞(地铁站)","to":"重庆大江(地铁站)"},"geometry":{"type":"LineString","coordinates":[[106.502076,29.378684],[106.497245,29.386934]]}},{"type":"Feature","properties":{"shape_id":"{}","direction_id":"{\"0\": 50}","headsign":"{}","duration_avg":180,"n_vehicles":50,"d":1800,"route_I_counts":"{\"3\": 50}","source":48,"target":49,"layer":"L","from":"重庆碧津(地铁站)","to":"重庆双凤桥(地铁站)"},"geometry":{"type":"LineString","coordinates":[[106.628899,29.713987],[106.62892,29.731751]]}},{"type":"Feature","properties":{"shape_id":"{}","direction_id":"{\"1\": 50}","headsign":"{}","duration_avg":180,"n_vehicles":50,"d":1800,"route_I_counts":"{\"3\": 50}","source":49,"target":48,"layer":"L","from":"重庆双凤桥(地铁站)","to":"重庆碧津(地铁站)"},"geometry":{"type":"LineString","coordinates":[[106.62892,29.731751],[106.628899,29.713987]]}},{"type":"Feature","properties":{"shape_id":"{}","direction_id":"{\"0\": 50}","headsign":"{}","duration_avg":120,"n_vehicles":50,"d":1200,"route_I_counts":"{\"3\": 50}","source":49,"target":50,"layer":"L","from":"重庆双凤桥(地铁站)","to":"重庆空港广场(地铁站)"},"geometry":{"type":"LineString","coordinates":[[106.62892,29.731751],[106.629868,29.739154]]}},{"type":"Feature","properties":{"shape_id":"{}","direction_id":"{\"1\": 50}","headsign":"{}","duration_avg":120,"n_vehicles":50,"d":1200,"route_I_counts":"{\"3\": 50}","source":50,"target":49,"layer":"L","from":"重庆空港广场(地铁站)","to":"重庆双凤桥(地铁站)"},"geometry":{"type":"LineString","coordinates":[[106.629868,29.739154],[106.62892,29.731751]]}},{"type":"Feature","properties":{"shape_id":"{}","direction_id":"{\"0\": 50}","headsign":"{}","duration_avg":180,"n_vehicles":50,"d":1800,"route_I_counts":"{\"3\": 50}","source":50,"target":51,"layer":"L","from":"重庆空港广场(地铁站)","to":"重庆高堡湖(地铁站)"},"geometry":{"type":"LineString","coordinates":[[106.629868,29.739154],[106.63921,29.754706]]}},{"type":"Feature","properties":{"shape_id":"{}","direction_id":"{\"1\": 50}","headsign":"{}","duration_avg":180,"n_vehicles":50,"d":1800,"route_I_counts":"{\"3\": 50}","source":51,"target":50,"layer":"L","from":"重庆高堡湖(地铁站)","to":"重庆空港广场(地铁站)"},"geometry":{"type":"LineString","coordinates":[[106.63921,29.754706],[106.629868,29.739154]]}},{"type":"Feature","properties":{"shape_id":"{}","direction_id":"{\"0\": 50}","headsign":"{}","duration_avg":180,"n_vehicles":50,"d":1800,"route_I_counts":"{\"3\": 50}","source":51,"target":52,"layer":"L","from":"重庆高堡湖(地铁站)","to":"重庆观月路(地铁站)"},"geometry":{"type":"LineString","coordinates":[[106.63921,29.754706],[106.648999,29.777747]]}},{"type":"Feature","properties":{"shape_id":"{}","direction_id":"{\"1\": 50}","headsign":"{}","duration_avg":180,"n_vehicles":50,"d":1800,"route_I_counts":"{\"3\": 50}","source":52,"target":51,"layer":"L","from":"重庆观月路(地铁站)","to":"重庆高堡湖(地铁站)"},"geometry":{"type":"LineString","coordinates":[[106.648999,29.777747],[106.63921,29.754706]]}},{"type":"Feature","properties":{"shape_id":"{}","direction_id":"{\"0\": 50}","headsign":"{}","duration_avg":120,"n_vehicles":50,"d":1200,"route_I_counts":"{\"3\": 50}","source":52,"target":53,"layer":"L","from":"重庆观月路(地铁站)","to":"重庆莲花(地铁站)"},"geometry":{"type":"LineString","coordinates":[[106.648999,29.777747],[106.652087,29.788305]]}},{"type":"Feature","properties":{"shape_id":"{}","direction_id":"{\"1\": 50}","headsign":"{}","duration_avg":120,"n_vehicles":50,"d":1200,"route_I_counts":"{\"3\": 50}","source":53,"target":52,"layer":"L","from":"重庆莲花(地铁站)","to":"重庆观月路(地铁站)"},"geometry":{"type":"LineString","coordinates":[[106.652087,29.788305],[106.648999,29.777747]]}},{"type":"Feature","properties":{"shape_id":"{}","direction_id":"{\"0\": 50}","headsign":"{}","duration_avg":120,"n_vehicles":50,"d":1200,"route_I_counts":"{\"3\": 50}","source":53,"target":54,"layer":"L","from":"重庆莲花(地铁站)","to":"重庆举人坝(地铁站)"},"geometry":{"type":"LineString","coordinates":[[106.652087,29.788305],[106.663603,29.794138]]}},{"type":"Feature","properties":{"shape_id":"{}","direction_id":"{\"1\": 50}","headsign":"{}","duration_avg":120,"n_vehicles":50,"d":1200,"route_I_counts":"{\"3\": 50}","source":54,"target":53,"layer":"L","from":"重庆举人坝(地铁站)","to":"重庆莲花(地铁站)"},"geometry":{"type":"LineString","coordinates":[[106.663603,29.794138],[106.652087,29.788305]]}},{"type":"Feature","properties":{"shape_id":"{}","direction_id":"{\"0\": 50}","headsign":"{}","duration_avg":180,"n_vehicles":50,"d":1800,"route_I_counts":"{\"5\": 50}","source":55,"target":56,"layer":"L","from":"重庆跳磴(地铁站)","to":"重庆华岩中心(地铁站)"},"geometry":{"type":"LineString","coordinates":[[106.433569,29.410872],[106.436438,29.431777]]}},{"type":"Feature","properties":{"shape_id":"{}","direction_id":"{\"1\": 50}","headsign":"{}","duration_avg":180,"n_vehicles":50,"d":1800,"route_I_counts":"{\"5\": 50}","source":56,"target":55,"layer":"L","from":"重庆华岩中心(地铁站)","to":"重庆跳磴(地铁站)"},"geometry":{"type":"LineString","coordinates":[[106.436438,29.431777],[106.433569,29.410872]]}},{"type":"Feature","properties":{"shape_id":"{}","direction_id":"{\"0\": 50}","headsign":"{}","duration_avg":120,"n_vehicles":50,"d":1200,"route_I_counts":"{\"5\": 50}","source":56,"target":57,"layer":"L","from":"重庆华岩中心(地铁站)","to":"重庆金建路(地铁站)"},"geometry":{"type":"LineString","coordinates":[[106.436438,29.431777],[106.438097,29.445152]]}},{"type":"Feature","properties":{"shape_id":"{}","direction_id":"{\"1\": 50}","headsign":"{}","duration_avg":120,"n_vehicles":50,"d":1200,"route_I_counts":"{\"5\": 50}","source":57,"target":56,"layer":"L","from":"重庆金建路(地铁站)","to":"重庆华岩中心(地铁站)"},"geometry":{"type":"LineString","coordinates":[[106.438097,29.445152],[106.436438,29.431777]]}},{"type":"Feature","properties":{"shape_id":"{}","direction_id":"{\"0\": 50}","headsign":"{}","duration_avg":240,"n_vehicles":50,"d":2400,"route_I_counts":"{\"5\": 50}","source":57,"target":58,"layer":"L","from":"重庆金建路(地铁站)","to":"重庆中梁山(地铁站)"},"geometry":{"type":"LineString","coordinates":[[106.438097,29.445152],[106.442099,29.461864]]}},{"type":"Feature","properties":{"shape_id":"{}","direction_id":"{\"1\": 50}","headsign":"{}","duration_avg":240,"n_vehicles":50,"d":2400,"route_I_counts":"{\"5\": 50}","source":58,"target":57,"layer":"L","from":"重庆中梁山(地铁站)","to":"重庆金建路(地铁站)"},"geometry":{"type":"LineString","coordinates":[[106.442099,29.461864],[106.438097,29.445152]]}},{"type":"Feature","properties":{"shape_id":"{}","direction_id":"{\"0\": 50}","headsign":"{}","duration_avg":180,"n_vehicles":50,"d":1800,"route_I_counts":"{\"5\": 50}","source":58,"target":59,"layer":"L","from":"重庆中梁山(地铁站)","to":"重庆半山(地铁站)"},"geometry":{"type":"LineString","coordinates":[[106.442099,29.461864],[106.446572,29.475848]]}},{"type":"Feature","properties":{"shape_id":"{}","direction_id":"{\"1\": 50}","headsign":"{}","duration_avg":180,"n_vehicles":50,"d":1800,"route_I_counts":"{\"5\": 50}","source":59,"target":58,"layer":"L","from":"重庆半山(地铁站)","to":"重庆中梁山(地铁站)"},"geometry":{"type":"LineString","coordinates":[[106.446572,29.475848],[106.442099,29.461864]]}},{"type":"Feature","properties":{"shape_id":"{}","direction_id":"{\"0\": 50}","headsign":"{}","duration_avg":120,"n_vehicles":50,"d":1200,"route_I_counts":"{\"5\": 50}","source":59,"target":60,"layer":"L","from":"重庆半山(地铁站)","to":"重庆华成路(地铁站)"},"geometry":{"type":"LineString","coordinates":[[106.446572,29.475848],[106.449563,29.483074]]}},{"type":"Feature","properties":{"shape_id":"{}","direction_id":"{\"1\": 50}","headsign":"{}","duration_avg":120,"n_vehicles":50,"d":1200,"route_I_counts":"{\"5\": 50}","source":60,"target":59,"layer":"L","from":"重庆华成路(地铁站)","to":"重庆半山(地铁站)"},"geometry":{"type":"LineString","coordinates":[[106.449563,29.483074],[106.446572,29.475848]]}},{"type":"Feature","properties":{"shape_id":"{}","direction_id":"{\"0\": 50}","headsign":"{}","duration_avg":180,"n_vehicles":50,"d":1800,"route_I_counts":"{\"5\": 50}","source":60,"target":61,"layer":"L","from":"重庆华成路(地铁站)","to":"重庆华岩寺(地铁站)"},"geometry":{"type":"LineString","coordinates":[[106.449563,29.483074],[106.441612,29.496549]]}},{"type":"Feature","properties":{"shape_id":"{}","direction_id":"{\"1\": 50}","headsign":"{}","duration_avg":180,"n_vehicles":50,"d":1800,"route_I_counts":"{\"5\": 50}","source":61,"target":60,"layer":"L","from":"重庆华岩寺(地铁站)","to":"重庆华成路(地铁站)"},"geometry":{"type":"LineString","coordinates":[[106.441612,29.496549],[106.449563,29.483074]]}},{"type":"Feature","properties":{"shape_id":"{}","direction_id":"{\"0\": 50}","headsign":"{}","duration_avg":120,"n_vehicles":50,"d":1200,"route_I_counts":"{\"5\": 50}","source":61,"target":62,"layer":"L","from":"重庆华岩寺(地铁站)","to":"重庆重庆西站(地铁站)"},"geometry":{"type":"LineString","coordinates":[[106.441612,29.496549],[106.43539,29.502688]]}},{"type":"Feature","properties":{"shape_id":"{}","direction_id":"{\"1\": 50}","headsign":"{}","duration_avg":120,"n_vehicles":50,"d":1200,"route_I_counts":"{\"5\": 50}","source":62,"target":61,"layer":"L","from":"重庆重庆西站(地铁站)","to":"重庆华岩寺(地铁站)"},"geometry":{"type":"LineString","coordinates":[[106.43539,29.502688],[106.441612,29.496549]]}},{"type":"Feature","properties":{"shape_id":"{}","direction_id":"{\"0\": 50}","headsign":"{}","duration_avg":240,"n_vehicles":50,"d":2400,"route_I_counts":"{\"5\": 50}","source":62,"target":63,"layer":"L","from":"重庆重庆西站(地铁站)","to":"重庆凤西路(地铁站)"},"geometry":{"type":"LineString","coordinates":[[106.43539,29.502688],[106.450331,29.51631]]}},{"type":"Feature","properties":{"shape_id":"{}","direction_id":"{\"1\": 50}","headsign":"{}","duration_avg":240,"n_vehicles":50,"d":2400,"route_I_counts":"{\"5\": 50}","source":63,"target":62,"layer":"L","from":"重庆凤西路(地铁站)","to":"重庆重庆西站(地铁站)"},"geometry":{"type":"LineString","coordinates":[[106.450331,29.51631],[106.43539,29.502688]]}},{"type":"Feature","properties":{"shape_id":"{}","direction_id":"{\"0\": 50}","headsign":"{}","duration_avg":180,"n_vehicles":50,"d":1800,"route_I_counts":"{\"5\": 50}","source":63,"target":64,"layer":"L","from":"重庆凤西路(地铁站)","to":"重庆巴山(地铁站)"},"geometry":{"type":"LineString","coordinates":[[106.450331,29.51631],[106.465583,29.523214]]}},{"type":"Feature","properties":{"shape_id":"{}","direction_id":"{\"1\": 50}","headsign":"{}","duration_avg":180,"n_vehicles":50,"d":1800,"route_I_counts":"{\"5\": 50}","source":64,"target":63,"layer":"L","from":"重庆巴山(地铁站)","to":"重庆凤西路(地铁站)"},"geometry":{"type":"LineString","coordinates":[[106.465583,29.523214],[106.450331,29.51631]]}},{"type":"Feature","properties":{"shape_id":"{}","direction_id":"{\"0\": 50}","headsign":"{}","duration_avg":120,"n_vehicles":50,"d":1200,"route_I_counts":"{\"5\": 50}","source":64,"target":65,"layer":"L","from":"重庆巴山(地铁站)","to":"重庆石新路(地铁站)"},"geometry":{"type":"LineString","coordinates":[[106.465583,29.523214],[106.473559,29.528368]]}},{"type":"Feature","properties":{"shape_id":"{}","direction_id":"{\"1\": 50}","headsign":"{}","duration_avg":120,"n_vehicles":50,"d":1200,"route_I_counts":"{\"5\": 50}","source":65,"target":64,"layer":"L","from":"重庆石新路(地铁站)","to":"重庆巴山(地铁站)"},"geometry":{"type":"LineString","coordinates":[[106.473559,29.528368],[106.465583,29.523214]]}},{"type":"Feature","properties":{"shape_id":"{}","direction_id":"{\"0\": 50}","headsign":"{}","duration_avg":180,"n_vehicles":50,"d":1800,"route_I_counts":"{\"5\": 50}","source":65,"target":15,"layer":"L","from":"重庆石新路(地铁站)","to":"重庆石桥铺(地铁站)"},"geometry":{"type":"LineString","coordinates":[[106.473559,29.528368],[106.480999,29.535448]]}},{"type":"Feature","properties":{"shape_id":"{}","direction_id":"{\"1\": 50}","headsign":"{}","duration_avg":180,"n_vehicles":50,"d":1800,"route_I_counts":"{\"5\": 50}","source":15,"target":65,"layer":"L","from":"重庆石桥铺(地铁站)","to":"重庆石新路(地铁站)"},"geometry":{"type":"LineString","coordinates":[[106.480999,29.535448],[106.473559,29.528368]]}},{"type":"Feature","properties":{"shape_id":"{}","direction_id":"{\"0\": 50}","headsign":"{}","duration_avg":180,"n_vehicles":50,"d":1800,"route_I_counts":"{\"5\": 50}","source":16,"target":66,"layer":"L","from":"重庆歇台子(地铁站)","to":"重庆红岩村(地铁站)"},"geometry":{"type":"LineString","coordinates":[[106.4945,29.538198],[106.490687,29.553858]]}},{"type":"Feature","properties":{"shape_id":"{}","direction_id":"{\"1\": 50}","headsign":"{}","duration_avg":180,"n_vehicles":50,"d":1800,"route_I_counts":"{\"5\": 50}","source":66,"target":16,"layer":"L","from":"重庆红岩村(地铁站)","to":"重庆歇台子(地铁站)"},"geometry":{"type":"LineString","coordinates":[[106.490687,29.553858],[106.4945,29.538198]]}},{"type":"Feature","properties":{"shape_id":"{}","direction_id":"{\"0\": 50}","headsign":"{}","duration_avg":120,"n_vehicles":50,"d":1200,"route_I_counts":"{\"5\": 50}","source":66,"target":67,"layer":"L","from":"重庆红岩村(地铁站)","to":"重庆忠恕沱(地铁站)"},"geometry":{"type":"LineString","coordinates":[[106.490687,29.553858],[106.490175,29.565772]]}},{"type":"Feature","properties":{"shape_id":"{}","direction_id":"{\"1\": 50}","headsign":"{}","duration_avg":120,"n_vehicles":50,"d":1200,"route_I_counts":"{\"5\": 50}","source":67,"target":66,"layer":"L","from":"重庆忠恕沱(地铁站)","to":"重庆红岩村(地铁站)"},"geometry":{"type":"LineString","coordinates":[[106.490175,29.565772],[106.490687,29.553858]]}},{"type":"Feature","properties":{"shape_id":"{}","direction_id":"{\"0\": 50}","headsign":"{}","duration_avg":120,"n_vehicles":50,"d":1200,"route_I_counts":"{\"5\": 50}","source":67,"target":68,"layer":"L","from":"重庆忠恕沱(地铁站)","to":"重庆大石坝(地铁站)"},"geometry":{"type":"LineString","coordinates":[[106.490175,29.565772],[106.49136,29.573482]]}},{"type":"Feature","properties":{"shape_id":"{}","direction_id":"{\"1\": 50}","headsign":"{}","duration_avg":120,"n_vehicles":50,"d":1200,"route_I_counts":"{\"5\": 50}","source":68,"target":67,"layer":"L","from":"重庆大石坝(地铁站)","to":"重庆忠恕沱(地铁站)"},"geometry":{"type":"LineString","coordinates":[[106.49136,29.573482],[106.490175,29.565772]]}},{"type":"Feature","properties":{"shape_id":"{}","direction_id":"{\"0\": 50}","headsign":"{}","duration_avg":180,"n_vehicles":50,"d":1800,"route_I_counts":"{\"5\": 50}","source":68,"target":69,"layer":"L","from":"重庆大石坝(地铁站)","to":"重庆大龙山(地铁站)"},"geometry":{"type":"LineString","coordinates":[[106.49136,29.573482],[106.494937,29.59219]]}},{"type":"Feature","properties":{"shape_id":"{}","direction_id":"{\"1\": 50}","headsign":"{}","duration_avg":180,"n_vehicles":50,"d":1800,"route_I_counts":"{\"5\": 50}","source":69,"target":68,"layer":"L","from":"重庆大龙山(地铁站)","to":"重庆大石坝(地铁站)"},"geometry":{"type":"LineString","coordinates":[[106.494937,29.59219],[106.49136,29.573482]]}},{"type":"Feature","properties":{"shape_id":"{}","direction_id":"{\"0\": 50}","headsign":"{}","duration_avg":120,"n_vehicles":50,"d":1200,"route_I_counts":"{\"5\": 50, \"6\": 50}","source":69,"target":70,"layer":"L","from":"重庆大龙山(地铁站)","to":"重庆冉家坝(地铁站)"},"geometry":{"type":"LineString","coordinates":[[106.494937,29.59219],[106.494966,29.601324]]}},{"type":"Feature","properties":{"shape_id":"{}","direction_id":"{\"1\": 50}","headsign":"{}","duration_avg":120,"n_vehicles":50,"d":1200,"route_I_counts":"{\"5\": 50, \"6\": 50}","source":70,"target":69,"layer":"L","from":"重庆冉家坝(地铁站)","to":"重庆大龙山(地铁站)"},"geometry":{"type":"LineString","coordinates":[[106.494966,29.601324],[106.494937,29.59219]]}},{"type":"Feature","properties":{"shape_id":"{}","direction_id":"{\"0\": 50}","headsign":"{}","duration_avg":180,"n_vehicles":50,"d":1800,"route_I_counts":"{\"5\": 50}","source":70,"target":71,"layer":"L","from":"重庆冉家坝(地铁站)","to":"重庆幸福广场(地铁站)"},"geometry":{"type":"LineString","coordinates":[[106.494966,29.601324],[106.504373,29.61928]]}},{"type":"Feature","properties":{"shape_id":"{}","direction_id":"{\"1\": 50}","headsign":"{}","duration_avg":180,"n_vehicles":50,"d":1800,"route_I_counts":"{\"5\": 50}","source":71,"target":70,"layer":"L","from":"重庆幸福广场(地铁站)","to":"重庆冉家坝(地铁站)"},"geometry":{"type":"LineString","coordinates":[[106.504373,29.61928],[106.494966,29.601324]]}},{"type":"Feature","properties":{"shape_id":"{}","direction_id":"{\"0\": 50}","headsign":"{}","duration_avg":180,"n_vehicles":50,"d":1800,"route_I_counts":"{\"5\": 50}","source":71,"target":72,"layer":"L","from":"重庆幸福广场(地铁站)","to":"重庆人和(地铁站)"},"geometry":{"type":"LineString","coordinates":[[106.504373,29.61928],[106.518459,29.626083]]}},{"type":"Feature","properties":{"shape_id":"{}","direction_id":"{\"1\": 50}","headsign":"{}","duration_avg":180,"n_vehicles":50,"d":1800,"route_I_counts":"{\"5\": 50}","source":72,"target":71,"layer":"L","from":"重庆人和(地铁站)","to":"重庆幸福广场(地铁站)"},"geometry":{"type":"LineString","coordinates":[[106.518459,29.626083],[106.504373,29.61928]]}},{"type":"Feature","properties":{"shape_id":"{}","direction_id":"{\"0\": 50}","headsign":"{}","duration_avg":180,"n_vehicles":50,"d":1800,"route_I_counts":"{\"5\": 50}","source":72,"target":73,"layer":"L","from":"重庆人和(地铁站)","to":"重庆和睦路(地铁站)"},"geometry":{"type":"LineString","coordinates":[[106.518459,29.626083],[106.529695,29.632467]]}},{"type":"Feature","properties":{"shape_id":"{}","direction_id":"{\"1\": 50}","headsign":"{}","duration_avg":180,"n_vehicles":50,"d":1800,"route_I_counts":"{\"5\": 50}","source":73,"target":72,"layer":"L","from":"重庆和睦路(地铁站)","to":"重庆人和(地铁站)"},"geometry":{"type":"LineString","coordinates":[[106.529695,29.632467],[106.518459,29.626083]]}},{"type":"Feature","properties":{"shape_id":"{}","direction_id":"{\"0\": 50}","headsign":"{}","duration_avg":180,"n_vehicles":50,"d":1800,"route_I_counts":"{\"5\": 50}","source":73,"target":74,"layer":"L","from":"重庆和睦路(地铁站)","to":"重庆重光(地铁站)"},"geometry":{"type":"LineString","coordinates":[[106.529695,29.632467],[106.526307,29.651801]]}},{"type":"Feature","properties":{"shape_id":"{}","direction_id":"{\"1\": 50}","headsign":"{}","duration_avg":180,"n_vehicles":50,"d":1800,"route_I_counts":"{\"5\": 50}","source":74,"target":73,"layer":"L","from":"重庆重光(地铁站)","to":"重庆和睦路(地铁站)"},"geometry":{"type":"LineString","coordinates":[[106.526307,29.651801],[106.529695,29.632467]]}},{"type":"Feature","properties":{"shape_id":"{}","direction_id":"{\"0\": 50}","headsign":"{}","duration_avg":180,"n_vehicles":50,"d":1800,"route_I_counts":"{\"5\": 50}","source":74,"target":75,"layer":"L","from":"重庆重光(地铁站)","to":"重庆湖霞街(地铁站)"},"geometry":{"type":"LineString","coordinates":[[106.526307,29.651801],[106.534831,29.662579]]}},{"type":"Feature","properties":{"shape_id":"{}","direction_id":"{\"1\": 50}","headsign":"{}","duration_avg":180,"n_vehicles":50,"d":1800,"route_I_counts":"{\"5\": 50}","source":75,"target":74,"layer":"L","from":"重庆湖霞街(地铁站)","to":"重庆重光(地铁站)"},"geometry":{"type":"LineString","coordinates":[[106.534831,29.662579],[106.526307,29.651801]]}},{"type":"Feature","properties":{"shape_id":"{}","direction_id":"{\"0\": 50}","headsign":"{}","duration_avg":120,"n_vehicles":50,"d":1200,"route_I_counts":"{\"5\": 50}","source":75,"target":76,"layer":"L","from":"重庆湖霞街(地铁站)","to":"重庆丹鹤(地铁站)"},"geometry":{"type":"LineString","coordinates":[[106.534831,29.662579],[106.547234,29.669473]]}},{"type":"Feature","properties":{"shape_id":"{}","direction_id":"{\"1\": 50}","headsign":"{}","duration_avg":120,"n_vehicles":50,"d":1200,"route_I_counts":"{\"5\": 50}","source":76,"target":75,"layer":"L","from":"重庆丹鹤(地铁站)","to":"重庆湖霞街(地铁站)"},"geometry":{"type":"LineString","coordinates":[[106.547234,29.669473],[106.534831,29.662579]]}},{"type":"Feature","properties":{"shape_id":"{}","direction_id":"{\"0\": 50}","headsign":"{}","duration_avg":120,"n_vehicles":50,"d":1200,"route_I_counts":"{\"5\": 50}","source":76,"target":77,"layer":"L","from":"重庆丹鹤(地铁站)","to":"重庆园博中心(地铁站)"},"geometry":{"type":"LineString","coordinates":[[106.547234,29.669473],[106.556732,29.678124]]}},{"type":"Feature","properties":{"shape_id":"{}","direction_id":"{\"1\": 50}","headsign":"{}","duration_avg":120,"n_vehicles":50,"d":1200,"route_I_counts":"{\"5\": 50}","source":77,"target":76,"layer":"L","from":"重庆园博中心(地铁站)","to":"重庆丹鹤(地铁站)"},"geometry":{"type":"LineString","coordinates":[[106.556732,29.678124],[106.547234,29.669473]]}},{"type":"Feature","properties":{"shape_id":"{}","direction_id":"{\"0\": 50}","headsign":"{}","duration_avg":120,"n_vehicles":50,"d":1200,"route_I_counts":"{\"5\": 50}","source":77,"target":78,"layer":"L","from":"重庆园博中心(地铁站)","to":"重庆玉河沟(地铁站)"},"geometry":{"type":"LineString","coordinates":[[106.556732,29.678124],[106.565568,29.697244]]}},{"type":"Feature","properties":{"shape_id":"{}","direction_id":"{\"1\": 50}","headsign":"{}","duration_avg":120,"n_vehicles":50,"d":1200,"route_I_counts":"{\"5\": 50}","source":78,"target":77,"layer":"L","from":"重庆玉河沟(地铁站)","to":"重庆园博中心(地铁站)"},"geometry":{"type":"LineString","coordinates":[[106.565568,29.697244],[106.556732,29.678124]]}},{"type":"Feature","properties":{"shape_id":"{}","direction_id":"{\"0\": 50}","headsign":"{}","duration_avg":120,"n_vehicles":50,"d":1200,"route_I_counts":"{\"5\": 50}","source":78,"target":79,"layer":"L","from":"重庆玉河沟(地铁站)","to":"重庆甘悦大道(地铁站)"},"geometry":{"type":"LineString","coordinates":[[106.565568,29.697244],[106.565368,29.705768]]}},{"type":"Feature","properties":{"shape_id":"{}","direction_id":"{\"1\": 50}","headsign":"{}","duration_avg":120,"n_vehicles":50,"d":1200,"route_I_counts":"{\"5\": 50}","source":79,"target":78,"layer":"L","from":"重庆甘悦大道(地铁站)","to":"重庆玉河沟(地铁站)"},"geometry":{"type":"LineString","coordinates":[[106.565368,29.705768],[106.565568,29.697244]]}},{"type":"Feature","properties":{"shape_id":"{}","direction_id":"{\"0\": 50}","headsign":"{}","duration_avg":120,"n_vehicles":50,"d":1200,"route_I_counts":"{\"5\": 50}","source":79,"target":80,"layer":"L","from":"重庆甘悦大道(地铁站)","to":"重庆鲁家沟(地铁站)"},"geometry":{"type":"LineString","coordinates":[[106.565368,29.705768],[106.567533,29.714123]]}},{"type":"Feature","properties":{"shape_id":"{}","direction_id":"{\"1\": 50}","headsign":"{}","duration_avg":120,"n_vehicles":50,"d":1200,"route_I_counts":"{\"5\": 50}","source":80,"target":79,"layer":"L","from":"重庆鲁家沟(地铁站)","to":"重庆甘悦大道(地铁站)"},"geometry":{"type":"LineString","coordinates":[[106.567533,29.714123],[106.565368,29.705768]]}},{"type":"Feature","properties":{"shape_id":"{}","direction_id":"{\"0\": 50}","headsign":"{}","duration_avg":180,"n_vehicles":50,"d":1800,"route_I_counts":"{\"5\": 50}","source":80,"target":81,"layer":"L","from":"重庆鲁家沟(地铁站)","to":"重庆中央公园西(地铁站)"},"geometry":{"type":"LineString","coordinates":[[106.567533,29.714123],[106.568698,29.725348]]}},{"type":"Feature","properties":{"shape_id":"{}","direction_id":"{\"1\": 50}","headsign":"{}","duration_avg":180,"n_vehicles":50,"d":1800,"route_I_counts":"{\"5\": 50}","source":81,"target":80,"layer":"L","from":"重庆中央公园西(地铁站)","to":"重庆鲁家沟(地铁站)"},"geometry":{"type":"LineString","coordinates":[[106.568698,29.725348],[106.567533,29.714123]]}},{"type":"Feature","properties":{"shape_id":"{}","direction_id":"{\"0\": 50}","headsign":"{}","duration_avg":120,"n_vehicles":50,"d":1200,"route_I_counts":"{\"5\": 50}","source":81,"target":82,"layer":"L","from":"重庆中央公园西(地铁站)","to":"重庆椿萱大道(地铁站)"},"geometry":{"type":"LineString","coordinates":[[106.568698,29.725348],[106.567123,29.736693]]}},{"type":"Feature","properties":{"shape_id":"{}","direction_id":"{\"1\": 50}","headsign":"{}","duration_avg":120,"n_vehicles":50,"d":1200,"route_I_counts":"{\"5\": 50}","source":82,"target":81,"layer":"L","from":"重庆椿萱大道(地铁站)","to":"重庆中央公园西(地铁站)"},"geometry":{"type":"LineString","coordinates":[[106.567123,29.736693],[106.568698,29.725348]]}},{"type":"Feature","properties":{"shape_id":"{}","direction_id":"{\"0\": 50}","headsign":"{}","duration_avg":120,"n_vehicles":50,"d":1200,"route_I_counts":"{\"5\": 50}","source":82,"target":83,"layer":"L","from":"重庆椿萱大道(地铁站)","to":"重庆悦港大道(地铁站)"},"geometry":{"type":"LineString","coordinates":[[106.567123,29.736693],[106.565644,29.747663]]}},{"type":"Feature","properties":{"shape_id":"{}","direction_id":"{\"1\": 50}","headsign":"{}","duration_avg":120,"n_vehicles":50,"d":1200,"route_I_counts":"{\"5\": 50}","source":83,"target":82,"layer":"L","from":"重庆悦港大道(地铁站)","to":"重庆椿萱大道(地铁站)"},"geometry":{"type":"LineString","coordinates":[[106.565644,29.747663],[106.567123,29.736693]]}},{"type":"Feature","properties":{"shape_id":"{}","direction_id":"{\"0\": 50}","headsign":"{}","duration_avg":120,"n_vehicles":50,"d":1200,"route_I_counts":"{\"5\": 50}","source":83,"target":84,"layer":"L","from":"重庆悦港大道(地铁站)","to":"重庆悦港北路(地铁站)"},"geometry":{"type":"LineString","coordinates":[[106.565644,29.747663],[106.565819,29.756296]]}},{"type":"Feature","properties":{"shape_id":"{}","direction_id":"{\"1\": 50}","headsign":"{}","duration_avg":120,"n_vehicles":50,"d":1200,"route_I_counts":"{\"5\": 50}","source":84,"target":83,"layer":"L","from":"重庆悦港北路(地铁站)","to":"重庆悦港大道(地铁站)"},"geometry":{"type":"LineString","coordinates":[[106.565819,29.756296],[106.565644,29.747663]]}},{"type":"Feature","properties":{"shape_id":"{}","direction_id":"{\"0\": 50}","headsign":"{}","duration_avg":120,"n_vehicles":50,"d":1200,"route_I_counts":"{\"6\": 50}","source":85,"target":86,"layer":"L","from":"重庆茶园(地铁站)","to":"重庆邱家湾(地铁站)"},"geometry":{"type":"LineString","coordinates":[[106.639142,29.490444],[106.645837,29.500785]]}},{"type":"Feature","properties":{"shape_id":"{}","direction_id":"{\"1\": 50}","headsign":"{}","duration_avg":120,"n_vehicles":50,"d":1200,"route_I_counts":"{\"6\": 50}","source":86,"target":85,"layer":"L","from":"重庆邱家湾(地铁站)","to":"重庆茶园(地铁站)"},"geometry":{"type":"LineString","coordinates":[[106.645837,29.500785],[106.639142,29.490444]]}},{"type":"Feature","properties":{"shape_id":"{}","direction_id":"{\"0\": 50}","headsign":"{}","duration_avg":180,"n_vehicles":50,"d":1800,"route_I_counts":"{\"6\": 50}","source":86,"target":87,"layer":"L","from":"重庆邱家湾(地铁站)","to":"重庆长生桥(地铁站)"},"geometry":{"type":"LineString","coordinates":[[106.645837,29.500785],[106.654252,29.513774]]}},{"type":"Feature","properties":{"shape_id":"{}","direction_id":"{\"1\": 50}","headsign":"{}","duration_avg":180,"n_vehicles":50,"d":1800,"route_I_counts":"{\"6\": 50}","source":87,"target":86,"layer":"L","from":"重庆长生桥(地铁站)","to":"重庆邱家湾(地铁站)"},"geometry":{"type":"LineString","coordinates":[[106.654252,29.513774],[106.645837,29.500785]]}},{"type":"Feature","properties":{"shape_id":"{}","direction_id":"{\"0\": 50}","headsign":"{}","duration_avg":120,"n_vehicles":50,"d":1200,"route_I_counts":"{\"6\": 50}","source":87,"target":88,"layer":"L","from":"重庆长生桥(地铁站)","to":"重庆刘家坪(地铁站)"},"geometry":{"type":"LineString","coordinates":[[106.654252,29.513774],[106.651943,29.527565]]}},{"type":"Feature","properties":{"shape_id":"{}","direction_id":"{\"1\": 50}","headsign":"{}","duration_avg":120,"n_vehicles":50,"d":1200,"route_I_counts":"{\"6\": 50}","source":88,"target":87,"layer":"L","from":"重庆刘家坪(地铁站)","to":"重庆长生桥(地铁站)"},"geometry":{"type":"LineString","coordinates":[[106.651943,29.527565],[106.654252,29.513774]]}},{"type":"Feature","properties":{"shape_id":"{}","direction_id":"{\"0\": 50}","headsign":"{}","duration_avg":360,"n_vehicles":50,"d":3600,"route_I_counts":"{\"6\": 50}","source":88,"target":89,"layer":"L","from":"重庆刘家坪(地铁站)","to":"重庆上新街(地铁站)"},"geometry":{"type":"LineString","coordinates":[[106.651943,29.527565],[106.593507,29.558991]]}},{"type":"Feature","properties":{"shape_id":"{}","direction_id":"{\"1\": 50}","headsign":"{}","duration_avg":360,"n_vehicles":50,"d":3600,"route_I_counts":"{\"6\": 50}","source":89,"target":88,"layer":"L","from":"重庆上新街(地铁站)","to":"重庆刘家坪(地铁站)"},"geometry":{"type":"LineString","coordinates":[[106.593507,29.558991],[106.651943,29.527565]]}},{"type":"Feature","properties":{"shape_id":"{}","direction_id":"{\"0\": 50}","headsign":"{}","duration_avg":240,"n_vehicles":50,"d":2400,"route_I_counts":"{\"6\": 50}","source":89,"target":23,"layer":"L","from":"重庆上新街(地铁站)","to":"重庆小什字(地铁站)"},"geometry":{"type":"LineString","coordinates":[[106.593507,29.558991],[106.579474,29.56206]]}},{"type":"Feature","properties":{"shape_id":"{}","direction_id":"{\"1\": 50}","headsign":"{}","duration_avg":240,"n_vehicles":50,"d":2400,"route_I_counts":"{\"6\": 50}","source":23,"target":89,"layer":"L","from":"重庆小什字(地铁站)","to":"重庆上新街(地铁站)"},"geometry":{"type":"LineString","coordinates":[[106.579474,29.56206],[106.593507,29.558991]]}},{"type":"Feature","properties":{"shape_id":"{}","direction_id":"{\"0\": 50}","headsign":"{}","duration_avg":120,"n_vehicles":50,"d":1200,"route_I_counts":"{\"6\": 50}","source":23,"target":90,"layer":"L","from":"重庆小什字(地铁站)","to":"重庆大剧院(地铁站)"},"geometry":{"type":"LineString","coordinates":[[106.579474,29.56206],[106.573255,29.572467]]}},{"type":"Feature","properties":{"shape_id":"{}","direction_id":"{\"1\": 50}","headsign":"{}","duration_avg":120,"n_vehicles":50,"d":1200,"route_I_counts":"{\"6\": 50}","source":90,"target":23,"layer":"L","from":"重庆大剧院(地铁站)","to":"重庆小什字(地铁站)"},"geometry":{"type":"LineString","coordinates":[[106.573255,29.572467],[106.579474,29.56206]]}},{"type":"Feature","properties":{"shape_id":"{}","direction_id":"{\"0\": 50}","headsign":"{}","duration_avg":120,"n_vehicles":50,"d":1200,"route_I_counts":"{\"6\": 50}","source":90,"target":91,"layer":"L","from":"重庆大剧院(地铁站)","to":"重庆江北城(地铁站)"},"geometry":{"type":"LineString","coordinates":[[106.573255,29.572467],[106.568374,29.578702]]}},{"type":"Feature","properties":{"shape_id":"{}","direction_id":"{\"1\": 50}","headsign":"{}","duration_avg":120,"n_vehicles":50,"d":1200,"route_I_counts":"{\"6\": 50}","source":91,"target":90,"layer":"L","from":"重庆江北城(地铁站)","to":"重庆大剧院(地铁站)"},"geometry":{"type":"LineString","coordinates":[[106.568374,29.578702],[106.573255,29.572467]]}},{"type":"Feature","properties":{"shape_id":"{}","direction_id":"{\"0\": 50}","headsign":"{}","duration_avg":180,"n_vehicles":50,"d":1800,"route_I_counts":"{\"6\": 50, \"7\": 50}","source":91,"target":92,"layer":"L","from":"重庆江北城(地铁站)","to":"重庆五里店(地铁站)"},"geometry":{"type":"LineString","coordinates":[[106.568374,29.578702],[106.561475,29.588034]]}},{"type":"Feature","properties":{"shape_id":"{}","direction_id":"{\"1\": 50}","headsign":"{}","duration_avg":180,"n_vehicles":50,"d":1800,"route_I_counts":"{\"6\": 50, \"7\": 50}","source":92,"target":91,"layer":"L","from":"重庆五里店(地铁站)","to":"重庆江北城(地铁站)"},"geometry":{"type":"LineString","coordinates":[[106.561475,29.588034],[106.568374,29.578702]]}},{"type":"Feature","properties":{"shape_id":"{}","direction_id":"{\"0\": 50}","headsign":"{}","duration_avg":180,"n_vehicles":50,"d":1800,"route_I_counts":"{\"6\": 50}","source":92,"target":93,"layer":"L","from":"重庆五里店(地铁站)","to":"重庆红土地(地铁站)"},"geometry":{"type":"LineString","coordinates":[[106.561475,29.588034],[106.547456,29.58686]]}},{"type":"Feature","properties":{"shape_id":"{}","direction_id":"{\"1\": 50}","headsign":"{}","duration_avg":180,"n_vehicles":50,"d":1800,"route_I_counts":"{\"6\": 50}","source":93,"target":92,"layer":"L","from":"重庆红土地(地铁站)","to":"重庆五里店(地铁站)"},"geometry":{"type":"LineString","coordinates":[[106.547456,29.58686],[106.561475,29.588034]]}},{"type":"Feature","properties":{"shape_id":"{}","direction_id":"{\"0\": 50}","headsign":"{}","duration_avg":180,"n_vehicles":50,"d":1800,"route_I_counts":"{\"6\": 50}","source":93,"target":94,"layer":"L","from":"重庆红土地(地铁站)","to":"重庆黄泥塝(地铁站)"},"geometry":{"type":"LineString","coordinates":[[106.547456,29.58686],[106.534325,29.591277]]}},{"type":"Feature","properties":{"shape_id":"{}","direction_id":"{\"1\": 50}","headsign":"{}","duration_avg":180,"n_vehicles":50,"d":1800,"route_I_counts":"{\"6\": 50}","source":94,"target":93,"layer":"L","from":"重庆黄泥塝(地铁站)","to":"重庆红土地(地铁站)"},"geometry":{"type":"LineString","coordinates":[[106.534325,29.591277],[106.547456,29.58686]]}},{"type":"Feature","properties":{"shape_id":"{}","direction_id":"{\"0\": 50}","headsign":"{}","duration_avg":120,"n_vehicles":50,"d":1200,"route_I_counts":"{\"6\": 50}","source":94,"target":95,"layer":"L","from":"重庆黄泥塝(地铁站)","to":"重庆红旗河沟(地铁站)"},"geometry":{"type":"LineString","coordinates":[[106.534325,29.591277],[106.52244,29.588168]]}},{"type":"Feature","properties":{"shape_id":"{}","direction_id":"{\"1\": 50}","headsign":"{}","duration_avg":120,"n_vehicles":50,"d":1200,"route_I_counts":"{\"6\": 50}","source":95,"target":94,"layer":"L","from":"重庆红旗河沟(地铁站)","to":"重庆黄泥塝(地铁站)"},"geometry":{"type":"LineString","coordinates":[[106.52244,29.588168],[106.534325,29.591277]]}},{"type":"Feature","properties":{"shape_id":"{}","direction_id":"{\"0\": 50}","headsign":"{}","duration_avg":180,"n_vehicles":50,"d":1800,"route_I_counts":"{\"6\": 50}","source":95,"target":96,"layer":"L","from":"重庆红旗河沟(地铁站)","to":"重庆花卉园(地铁站)"},"geometry":{"type":"LineString","coordinates":[[106.52244,29.588168],[106.509122,29.585969]]}},{"type":"Feature","properties":{"shape_id":"{}","direction_id":"{\"1\": 50}","headsign":"{}","duration_avg":180,"n_vehicles":50,"d":1800,"route_I_counts":"{\"6\": 50}","source":96,"target":95,"layer":"L","from":"重庆花卉园(地铁站)","to":"重庆红旗河沟(地铁站)"},"geometry":{"type":"LineString","coordinates":[[106.509122,29.585969],[106.52244,29.588168]]}},{"type":"Feature","properties":{"shape_id":"{}","direction_id":"{\"0\": 50}","headsign":"{}","duration_avg":180,"n_vehicles":50,"d":1800,"route_I_counts":"{\"6\": 50}","source":96,"target":69,"layer":"L","from":"重庆花卉园(地铁站)","to":"重庆大龙山(地铁站)"},"geometry":{"type":"LineString","coordinates":[[106.509122,29.585969],[106.494937,29.59219]]}},{"type":"Feature","properties":{"shape_id":"{}","direction_id":"{\"1\": 50}","headsign":"{}","duration_avg":180,"n_vehicles":50,"d":1800,"route_I_counts":"{\"6\": 50}","source":69,"target":96,"layer":"L","from":"重庆大龙山(地铁站)","to":"重庆花卉园(地铁站)"},"geometry":{"type":"LineString","coordinates":[[106.494937,29.59219],[106.509122,29.585969]]}},{"type":"Feature","properties":{"shape_id":"{}","direction_id":"{\"0\": 50}","headsign":"{}","duration_avg":180,"n_vehicles":50,"d":1800,"route_I_counts":"{\"6\": 50}","source":70,"target":97,"layer":"L","from":"重庆冉家坝(地铁站)","to":"重庆光电园(地铁站)"},"geometry":{"type":"LineString","coordinates":[[106.494966,29.601324],[106.495546,29.618771]]}},{"type":"Feature","properties":{"shape_id":"{}","direction_id":"{\"1\": 50}","headsign":"{}","duration_avg":180,"n_vehicles":50,"d":1800,"route_I_counts":"{\"6\": 50}","source":97,"target":70,"layer":"L","from":"重庆光电园(地铁站)","to":"重庆冉家坝(地铁站)"},"geometry":{"type":"LineString","coordinates":[[106.495546,29.618771],[106.494966,29.601324]]}},{"type":"Feature","properties":{"shape_id":"{}","direction_id":"{\"0\": 50}","headsign":"{}","duration_avg":180,"n_vehicles":50,"d":1800,"route_I_counts":"{\"6\": 50}","source":97,"target":98,"layer":"L","from":"重庆光电园(地铁站)","to":"重庆大竹林(地铁站)"},"geometry":{"type":"LineString","coordinates":[[106.495546,29.618771],[106.474434,29.630682]]}},{"type":"Feature","properties":{"shape_id":"{}","direction_id":"{\"1\": 50}","headsign":"{}","duration_avg":180,"n_vehicles":50,"d":1800,"route_I_counts":"{\"6\": 50}","source":98,"target":97,"layer":"L","from":"重庆大竹林(地铁站)","to":"重庆光电园(地铁站)"},"geometry":{"type":"LineString","coordinates":[[106.474434,29.630682],[106.495546,29.618771]]}},{"type":"Feature","properties":{"shape_id":"{}","direction_id":"{\"0\": 50}","headsign":"{}","duration_avg":120,"n_vehicles":50,"d":1200,"route_I_counts":"{\"6\": 50}","source":98,"target":99,"layer":"L","from":"重庆大竹林(地铁站)","to":"重庆康庄(地铁站)"},"geometry":{"type":"LineString","coordinates":[[106.474434,29.630682],[106.475055,29.637416]]}},{"type":"Feature","properties":{"shape_id":"{}","direction_id":"{\"1\": 50}","headsign":"{}","duration_avg":120,"n_vehicles":50,"d":1200,"route_I_counts":"{\"6\": 50}","source":99,"target":98,"layer":"L","from":"重庆康庄(地铁站)","to":"重庆大竹林(地铁站)"},"geometry":{"type":"LineString","coordinates":[[106.475055,29.637416],[106.474434,29.630682]]}},{"type":"Feature","properties":{"shape_id":"{}","direction_id":"{\"0\": 50}","headsign":"{}","duration_avg":300,"n_vehicles":50,"d":3000,"route_I_counts":"{\"6\": 50}","source":99,"target":100,"layer":"L","from":"重庆康庄(地铁站)","to":"重庆九曲河(地铁站)"},"geometry":{"type":"LineString","coordinates":[[106.475055,29.637416],[106.478969,29.656629]]}},{"type":"Feature","properties":{"shape_id":"{}","direction_id":"{\"1\": 50}","headsign":"{}","duration_avg":300,"n_vehicles":50,"d":3000,"route_I_counts":"{\"6\": 50}","source":100,"target":99,"layer":"L","from":"重庆九曲河(地铁站)","to":"重庆康庄(地铁站)"},"geometry":{"type":"LineString","coordinates":[[106.478969,29.656629],[106.475055,29.637416]]}},{"type":"Feature","properties":{"shape_id":"{}","direction_id":"{\"0\": 50}","headsign":"{}","duration_avg":180,"n_vehicles":50,"d":1800,"route_I_counts":"{\"6\": 50}","source":100,"target":101,"layer":"L","from":"重庆九曲河(地铁站)","to":"重庆礼嘉(地铁站)"},"geometry":{"type":"LineString","coordinates":[[106.478969,29.656629],[106.484223,29.669879]]}},{"type":"Feature","properties":{"shape_id":"{}","direction_id":"{\"1\": 50}","headsign":"{}","duration_avg":180,"n_vehicles":50,"d":1800,"route_I_counts":"{\"6\": 50}","source":101,"target":100,"layer":"L","from":"重庆礼嘉(地铁站)","to":"重庆九曲河(地铁站)"},"geometry":{"type":"LineString","coordinates":[[106.484223,29.669879],[106.478969,29.656629]]}},{"type":"Feature","properties":{"shape_id":"{}","direction_id":"{\"0\": 50}","headsign":"{}","duration_avg":180,"n_vehicles":50,"d":1800,"route_I_counts":"{\"6\": 50}","source":101,"target":102,"layer":"L","from":"重庆礼嘉(地铁站)","to":"重庆金山寺(地铁站)"},"geometry":{"type":"LineString","coordinates":[[106.484223,29.669879],[106.488224,29.681948]]}},{"type":"Feature","properties":{"shape_id":"{}","direction_id":"{\"1\": 50}","headsign":"{}","duration_avg":180,"n_vehicles":50,"d":1800,"route_I_counts":"{\"6\": 50}","source":102,"target":101,"layer":"L","from":"重庆金山寺(地铁站)","to":"重庆礼嘉(地铁站)"},"geometry":{"type":"LineString","coordinates":[[106.488224,29.681948],[106.484223,29.669879]]}},{"type":"Feature","properties":{"shape_id":"{}","direction_id":"{\"0\": 50}","headsign":"{}","duration_avg":300,"n_vehicles":50,"d":3000,"route_I_counts":"{\"6\": 50}","source":102,"target":103,"layer":"L","from":"重庆金山寺(地铁站)","to":"重庆曹家湾(地铁站)"},"geometry":{"type":"LineString","coordinates":[[106.488224,29.681948],[106.49044,29.723671]]}},{"type":"Feature","properties":{"shape_id":"{}","direction_id":"{\"1\": 50}","headsign":"{}","duration_avg":300,"n_vehicles":50,"d":3000,"route_I_counts":"{\"6\": 50}","source":103,"target":102,"layer":"L","from":"重庆曹家湾(地铁站)","to":"重庆金山寺(地铁站)"},"geometry":{"type":"LineString","coordinates":[[106.49044,29.723671],[106.488224,29.681948]]}},{"type":"Feature","properties":{"shape_id":"{}","direction_id":"{\"0\": 50}","headsign":"{}","duration_avg":120,"n_vehicles":50,"d":1200,"route_I_counts":"{\"6\": 50}","source":103,"target":104,"layer":"L","from":"重庆曹家湾(地铁站)","to":"重庆蔡家(地铁站)"},"geometry":{"type":"LineString","coordinates":[[106.49044,29.723671],[106.488386,29.738662]]}},{"type":"Feature","properties":{"shape_id":"{}","direction_id":"{\"1\": 50}","headsign":"{}","duration_avg":120,"n_vehicles":50,"d":1200,"route_I_counts":"{\"6\": 50}","source":104,"target":103,"layer":"L","from":"重庆蔡家(地铁站)","to":"重庆曹家湾(地铁站)"},"geometry":{"type":"LineString","coordinates":[[106.488386,29.738662],[106.49044,29.723671]]}},{"type":"Feature","properties":{"shape_id":"{}","direction_id":"{\"0\": 50}","headsign":"{}","duration_avg":180,"n_vehicles":50,"d":1800,"route_I_counts":"{\"6\": 50}","source":104,"target":105,"layer":"L","from":"重庆蔡家(地铁站)","to":"重庆向家岗(地铁站)"},"geometry":{"type":"LineString","coordinates":[[106.488386,29.738662],[106.469294,29.741863]]}},{"type":"Feature","properties":{"shape_id":"{}","direction_id":"{\"1\": 50}","headsign":"{}","duration_avg":180,"n_vehicles":50,"d":1800,"route_I_counts":"{\"6\": 50}","source":105,"target":104,"layer":"L","from":"重庆向家岗(地铁站)","to":"重庆蔡家(地铁站)"},"geometry":{"type":"LineString","coordinates":[[106.469294,29.741863],[106.488386,29.738662]]}},{"type":"Feature","properties":{"shape_id":"{}","direction_id":"{\"0\": 50}","headsign":"{}","duration_avg":420,"n_vehicles":50,"d":4200,"route_I_counts":"{\"6\": 50}","source":105,"target":106,"layer":"L","from":"重庆向家岗(地铁站)","to":"重庆龙凤溪(地铁站)"},"geometry":{"type":"LineString","coordinates":[[106.469294,29.741863],[106.399876,29.791969]]}},{"type":"Feature","properties":{"shape_id":"{}","direction_id":"{\"1\": 50}","headsign":"{}","duration_avg":420,"n_vehicles":50,"d":4200,"route_I_counts":"{\"6\": 50}","source":106,"target":105,"layer":"L","from":"重庆龙凤溪(地铁站)","to":"重庆向家岗(地铁站)"},"geometry":{"type":"LineString","coordinates":[[106.399876,29.791969],[106.469294,29.741863]]}},{"type":"Feature","properties":{"shape_id":"{}","direction_id":"{\"0\": 50}","headsign":"{}","duration_avg":180,"n_vehicles":50,"d":1800,"route_I_counts":"{\"6\": 50}","source":106,"target":107,"layer":"L","from":"重庆龙凤溪(地铁站)","to":"重庆状元碑(地铁站)"},"geometry":{"type":"LineString","coordinates":[[106.399876,29.791969],[106.394857,29.805665]]}},{"type":"Feature","properties":{"shape_id":"{}","direction_id":"{\"1\": 50}","headsign":"{}","duration_avg":180,"n_vehicles":50,"d":1800,"route_I_counts":"{\"6\": 50}","source":107,"target":106,"layer":"L","from":"重庆状元碑(地铁站)","to":"重庆龙凤溪(地铁站)"},"geometry":{"type":"LineString","coordinates":[[106.394857,29.805665],[106.399876,29.791969]]}},{"type":"Feature","properties":{"shape_id":"{}","direction_id":"{\"0\": 50}","headsign":"{}","duration_avg":180,"n_vehicles":50,"d":1800,"route_I_counts":"{\"6\": 50}","source":107,"target":108,"layer":"L","from":"重庆状元碑(地铁站)","to":"重庆西南大学(地铁站)"},"geometry":{"type":"LineString","coordinates":[[106.394857,29.805665],[106.419723,29.818748]]}},{"type":"Feature","properties":{"shape_id":"{}","direction_id":"{\"1\": 50}","headsign":"{}","duration_avg":180,"n_vehicles":50,"d":1800,"route_I_counts":"{\"6\": 50}","source":108,"target":107,"layer":"L","from":"重庆西南大学(地铁站)","to":"重庆状元碑(地铁站)"},"geometry":{"type":"LineString","coordinates":[[106.419723,29.818748],[106.394857,29.805665]]}},{"type":"Feature","properties":{"shape_id":"{}","direction_id":"{\"0\": 50}","headsign":"{}","duration_avg":120,"n_vehicles":50,"d":1200,"route_I_counts":"{\"6\": 50}","source":108,"target":109,"layer":"L","from":"重庆西南大学(地铁站)","to":"重庆北碚(地铁站)"},"geometry":{"type":"LineString","coordinates":[[106.419723,29.818748],[106.433641,29.827952]]}},{"type":"Feature","properties":{"shape_id":"{}","direction_id":"{\"1\": 50}","headsign":"{}","duration_avg":120,"n_vehicles":50,"d":1200,"route_I_counts":"{\"6\": 50}","source":109,"target":108,"layer":"L","from":"重庆北碚(地铁站)","to":"重庆西南大学(地铁站)"},"geometry":{"type":"LineString","coordinates":[[106.433641,29.827952],[106.419723,29.818748]]}},{"type":"Feature","properties":{"shape_id":"{}","direction_id":"{\"0\": 50}","headsign":"{}","duration_avg":120,"n_vehicles":50,"d":1200,"route_I_counts":"{\"7\": 50}","source":110,"target":111,"layer":"L","from":"重庆新桥(地铁站)","to":"重庆高滩岩(地铁站)"},"geometry":{"type":"LineString","coordinates":[[106.435905,29.528866],[106.445736,29.542029]]}},{"type":"Feature","properties":{"shape_id":"{}","direction_id":"{\"1\": 50}","headsign":"{}","duration_avg":120,"n_vehicles":50,"d":1200,"route_I_counts":"{\"7\": 50}","source":111,"target":110,"layer":"L","from":"重庆高滩岩(地铁站)","to":"重庆新桥(地铁站)"},"geometry":{"type":"LineString","coordinates":[[106.445736,29.542029],[106.435905,29.528866]]}},{"type":"Feature","properties":{"shape_id":"{}","direction_id":"{\"0\": 50}","headsign":"{}","duration_avg":120,"n_vehicles":50,"d":1200,"route_I_counts":"{\"7\": 50}","source":111,"target":112,"layer":"L","from":"重庆高滩岩(地铁站)","to":"重庆天梨路(地铁站)"},"geometry":{"type":"LineString","coordinates":[[106.445736,29.542029],[106.446798,29.552294]]}},{"type":"Feature","properties":{"shape_id":"{}","direction_id":"{\"1\": 50}","headsign":"{}","duration_avg":120,"n_vehicles":50,"d":1200,"route_I_counts":"{\"7\": 50}","source":112,"target":111,"layer":"L","from":"重庆天梨路(地铁站)","to":"重庆高滩岩(地铁站)"},"geometry":{"type":"LineString","coordinates":[[106.446798,29.552294],[106.445736,29.542029]]}},{"type":"Feature","properties":{"shape_id":"{}","direction_id":"{\"0\": 50}","headsign":"{}","duration_avg":120,"n_vehicles":50,"d":1200,"route_I_counts":"{\"7\": 50}","source":112,"target":11,"layer":"L","from":"重庆天梨路(地铁站)","to":"重庆沙坪坝(地铁站)"},"geometry":{"type":"LineString","coordinates":[[106.446798,29.552294],[106.456466,29.558607]]}},{"type":"Feature","properties":{"shape_id":"{}","direction_id":"{\"1\": 50}","headsign":"{}","duration_avg":120,"n_vehicles":50,"d":1200,"route_I_counts":"{\"7\": 50}","source":11,"target":112,"layer":"L","from":"重庆沙坪坝(地铁站)","to":"重庆天梨路(地铁站)"},"geometry":{"type":"LineString","coordinates":[[106.456466,29.558607],[106.446798,29.552294]]}},{"type":"Feature","properties":{"shape_id":"{}","direction_id":"{\"0\": 50}","headsign":"{}","duration_avg":180,"n_vehicles":50,"d":1800,"route_I_counts":"{\"7\": 50}","source":12,"target":113,"layer":"L","from":"重庆小龙坎(地铁站)","to":"重庆土湾(地铁站)"},"geometry":{"type":"LineString","coordinates":[[106.464286,29.55632],[106.476544,29.55389]]}},{"type":"Feature","properties":{"shape_id":"{}","direction_id":"{\"1\": 50}","headsign":"{}","duration_avg":180,"n_vehicles":50,"d":1800,"route_I_counts":"{\"7\": 50}","source":113,"target":12,"layer":"L","from":"重庆土湾(地铁站)","to":"重庆小龙坎(地铁站)"},"geometry":{"type":"LineString","coordinates":[[106.476544,29.55389],[106.464286,29.55632]]}},{"type":"Feature","properties":{"shape_id":"{}","direction_id":"{\"0\": 50}","headsign":"{}","duration_avg":120,"n_vehicles":50,"d":1200,"route_I_counts":"{\"7\": 50}","source":113,"target":66,"layer":"L","from":"重庆土湾(地铁站)","to":"重庆红岩村(地铁站)"},"geometry":{"type":"LineString","coordinates":[[106.476544,29.55389],[106.490687,29.553858]]}},{"type":"Feature","properties":{"shape_id":"{}","direction_id":"{\"1\": 50}","headsign":"{}","duration_avg":120,"n_vehicles":50,"d":1200,"route_I_counts":"{\"7\": 50}","source":66,"target":113,"layer":"L","from":"重庆红岩村(地铁站)","to":"重庆土湾(地铁站)"},"geometry":{"type":"LineString","coordinates":[[106.490687,29.553858],[106.476544,29.55389]]}},{"type":"Feature","properties":{"shape_id":"{}","direction_id":"{\"0\": 50}","headsign":"{}","duration_avg":120,"n_vehicles":50,"d":1200,"route_I_counts":"{\"7\": 50}","source":66,"target":114,"layer":"L","from":"重庆红岩村(地铁站)","to":"重庆富华路(地铁站)"},"geometry":{"type":"LineString","coordinates":[[106.490687,29.553858],[106.500268,29.55365]]}},{"type":"Feature","properties":{"shape_id":"{}","direction_id":"{\"1\": 50}","headsign":"{}","duration_avg":120,"n_vehicles":50,"d":1200,"route_I_counts":"{\"7\": 50}","source":114,"target":66,"layer":"L","from":"重庆富华路(地铁站)","to":"重庆红岩村(地铁站)"},"geometry":{"type":"LineString","coordinates":[[106.500268,29.55365],[106.490687,29.553858]]}},{"type":"Feature","properties":{"shape_id":"{}","direction_id":"{\"0\": 50}","headsign":"{}","duration_avg":180,"n_vehicles":50,"d":1800,"route_I_counts":"{\"7\": 50}","source":114,"target":115,"layer":"L","from":"重庆富华路(地铁站)","to":"重庆化龙桥(地铁站)"},"geometry":{"type":"LineString","coordinates":[[106.500268,29.55365],[106.515064,29.552642]]}},{"type":"Feature","properties":{"shape_id":"{}","direction_id":"{\"1\": 50}","headsign":"{}","duration_avg":180,"n_vehicles":50,"d":1800,"route_I_counts":"{\"7\": 50}","source":115,"target":114,"layer":"L","from":"重庆化龙桥(地铁站)","to":"重庆富华路(地铁站)"},"geometry":{"type":"LineString","coordinates":[[106.515064,29.552642],[106.500268,29.55365]]}},{"type":"Feature","properties":{"shape_id":"{}","direction_id":"{\"0\": 50}","headsign":"{}","duration_avg":180,"n_vehicles":50,"d":1800,"route_I_counts":"{\"7\": 50}","source":115,"target":116,"layer":"L","from":"重庆化龙桥(地铁站)","to":"重庆李家坪(地铁站)"},"geometry":{"type":"LineString","coordinates":[[106.515064,29.552642],[106.517262,29.566476]]}},{"type":"Feature","properties":{"shape_id":"{}","direction_id":"{\"1\": 50}","headsign":"{}","duration_avg":180,"n_vehicles":50,"d":1800,"route_I_counts":"{\"7\": 50}","source":116,"target":115,"layer":"L","from":"重庆李家坪(地铁站)","to":"重庆化龙桥(地铁站)"},"geometry":{"type":"LineString","coordinates":[[106.517262,29.566476],[106.515064,29.552642]]}},{"type":"Feature","properties":{"shape_id":"{}","direction_id":"{\"0\": 50}","headsign":"{}","duration_avg":120,"n_vehicles":50,"d":1200,"route_I_counts":"{\"7\": 50}","source":116,"target":117,"layer":"L","from":"重庆李家坪(地铁站)","to":"重庆蚂蝗梁(地铁站)"},"geometry":{"type":"LineString","coordinates":[[106.517262,29.566476],[106.521509,29.572613]]}},{"type":"Feature","properties":{"shape_id":"{}","direction_id":"{\"1\": 50}","headsign":"{}","duration_avg":120,"n_vehicles":50,"d":1200,"route_I_counts":"{\"7\": 50}","source":117,"target":116,"layer":"L","from":"重庆蚂蝗梁(地铁站)","to":"重庆李家坪(地铁站)"},"geometry":{"type":"LineString","coordinates":[[106.521509,29.572613],[106.517262,29.566476]]}},{"type":"Feature","properties":{"shape_id":"{}","direction_id":"{\"0\": 50}","headsign":"{}","duration_avg":120,"n_vehicles":50,"d":1200,"route_I_counts":"{\"7\": 50}","source":117,"target":118,"layer":"L","from":"重庆蚂蝗梁(地铁站)","to":"重庆观音桥(地铁站)"},"geometry":{"type":"LineString","coordinates":[[106.521509,29.572613],[106.530772,29.575738]]}},{"type":"Feature","properties":{"shape_id":"{}","direction_id":"{\"1\": 50}","headsign":"{}","duration_avg":120,"n_vehicles":50,"d":1200,"route_I_counts":"{\"7\": 50}","source":118,"target":117,"layer":"L","from":"重庆观音桥(地铁站)","to":"重庆蚂蝗梁(地铁站)"},"geometry":{"type":"LineString","coordinates":[[106.530772,29.575738],[106.521509,29.572613]]}},{"type":"Feature","properties":{"shape_id":"{}","direction_id":"{\"0\": 50}","headsign":"{}","duration_avg":180,"n_vehicles":50,"d":1800,"route_I_counts":"{\"7\": 50}","source":118,"target":119,"layer":"L","from":"重庆观音桥(地铁站)","to":"重庆鲤鱼池(地铁站)"},"geometry":{"type":"LineString","coordinates":[[106.530772,29.575738],[106.548025,29.575701]]}},{"type":"Feature","properties":{"shape_id":"{}","direction_id":"{\"1\": 50}","headsign":"{}","duration_avg":180,"n_vehicles":50,"d":1800,"route_I_counts":"{\"7\": 50}","source":119,"target":118,"layer":"L","from":"重庆鲤鱼池(地铁站)","to":"重庆观音桥(地铁站)"},"geometry":{"type":"LineString","coordinates":[[106.548025,29.575701],[106.530772,29.575738]]}},{"type":"Feature","properties":{"shape_id":"{}","direction_id":"{\"0\": 50}","headsign":"{}","duration_avg":120,"n_vehicles":50,"d":1200,"route_I_counts":"{\"7\": 50}","source":119,"target":120,"layer":"L","from":"重庆鲤鱼池(地铁站)","to":"重庆刘家台(地铁站)"},"geometry":{"type":"LineString","coordinates":[[106.548025,29.575701],[106.559963,29.57568]]}},{"type":"Feature","properties":{"shape_id":"{}","direction_id":"{\"1\": 50}","headsign":"{}","duration_avg":120,"n_vehicles":50,"d":1200,"route_I_counts":"{\"7\": 50}","source":120,"target":119,"layer":"L","from":"重庆刘家台(地铁站)","to":"重庆鲤鱼池(地铁站)"},"geometry":{"type":"LineString","coordinates":[[106.559963,29.57568],[106.548025,29.575701]]}},{"type":"Feature","properties":{"shape_id":"{}","direction_id":"{\"0\": 50}","headsign":"{}","duration_avg":180,"n_vehicles":50,"d":1800,"route_I_counts":"{\"7\": 50}","source":120,"target":91,"layer":"L","from":"重庆刘家台(地铁站)","to":"重庆江北城(地铁站)"},"geometry":{"type":"LineString","coordinates":[[106.559963,29.57568],[106.568374,29.578702]]}},{"type":"Feature","properties":{"shape_id":"{}","direction_id":"{\"1\": 50}","headsign":"{}","duration_avg":180,"n_vehicles":50,"d":1800,"route_I_counts":"{\"7\": 50}","source":91,"target":120,"layer":"L","from":"重庆江北城(地铁站)","to":"重庆刘家台(地铁站)"},"geometry":{"type":"LineString","coordinates":[[106.568374,29.578702],[106.559963,29.57568]]}},{"type":"Feature","properties":{"shape_id":"{}","direction_id":"{\"0\": 50}","headsign":"{}","duration_avg":120,"n_vehicles":50,"d":1200,"route_I_counts":"{\"7\": 50}","source":92,"target":121,"layer":"L","from":"重庆五里店(地铁站)","to":"重庆溉澜溪(地铁站)"},"geometry":{"type":"LineString","coordinates":[[106.561475,29.588034],[106.567938,29.597236]]}},{"type":"Feature","properties":{"shape_id":"{}","direction_id":"{\"1\": 50}","headsign":"{}","duration_avg":120,"n_vehicles":50,"d":1200,"route_I_counts":"{\"7\": 50}","source":121,"target":92,"layer":"L","from":"重庆溉澜溪(地铁站)","to":"重庆五里店(地铁站)"},"geometry":{"type":"LineString","coordinates":[[106.567938,29.597236],[106.561475,29.588034]]}},{"type":"Feature","properties":{"shape_id":"{}","direction_id":"{\"0\": 50}","headsign":"{}","duration_avg":180,"n_vehicles":50,"d":1800,"route_I_counts":"{\"7\": 50}","source":121,"target":122,"layer":"L","from":"重庆溉澜溪(地铁站)","to":"重庆头塘(地铁站)"},"geometry":{"type":"LineString","coordinates":[[106.567938,29.597236],[106.569632,29.611077]]}},{"type":"Feature","properties":{"shape_id":"{}","direction_id":"{\"1\": 50}","headsign":"{}","duration_avg":180,"n_vehicles":50,"d":1800,"route_I_counts":"{\"7\": 50}","source":122,"target":121,"layer":"L","from":"重庆头塘(地铁站)","to":"重庆溉澜溪(地铁站)"},"geometry":{"type":"LineString","coordinates":[[106.569632,29.611077],[106.567938,29.597236]]}},{"type":"Feature","properties":{"shape_id":"{}","direction_id":"{\"0\": 50}","headsign":"{}","duration_avg":120,"n_vehicles":50,"d":1200,"route_I_counts":"{\"17\": 50, \"7\": 50}","source":122,"target":123,"layer":"L","from":"重庆头塘(地铁站)","to":"重庆保税港(地铁站)"},"geometry":{"type":"LineString","coordinates":[[106.569632,29.611077],[106.579998,29.619481]]}},{"type":"Feature","properties":{"shape_id":"{}","direction_id":"{\"1\": 50}","headsign":"{}","duration_avg":120,"n_vehicles":50,"d":1200,"route_I_counts":"{\"17\": 50, \"7\": 50}","source":123,"target":122,"layer":"L","from":"重庆保税港(地铁站)","to":"重庆头塘(地铁站)"},"geometry":{"type":"LineString","coordinates":[[106.579998,29.619481],[106.569632,29.611077]]}},{"type":"Feature","properties":{"shape_id":"{}","direction_id":"{\"0\": 50}","headsign":"{}","duration_avg":90,"n_vehicles":50,"d":900,"route_I_counts":"{\"7\": 50}","source":123,"target":124,"layer":"L","from":"重庆保税港(地铁站)","to":"重庆邮轮母港(地铁站)"},"geometry":{"type":"LineString","coordinates":[[106.579998,29.619481],[106.588474,29.622552]]}},{"type":"Feature","properties":{"shape_id":"{}","direction_id":"{\"1\": 50}","headsign":"{}","duration_avg":90,"n_vehicles":50,"d":900,"route_I_counts":"{\"7\": 50}","source":124,"target":123,"layer":"L","from":"重庆邮轮母港(地铁站)","to":"重庆保税港(地铁站)"},"geometry":{"type":"LineString","coordinates":[[106.588474,29.622552],[106.579998,29.619481]]}},{"type":"Feature","properties":{"shape_id":"{}","direction_id":"{\"0\": 50}","headsign":"{}","duration_avg":90,"n_vehicles":50,"d":900,"route_I_counts":"{\"7\": 50}","source":124,"target":125,"layer":"L","from":"重庆邮轮母港(地铁站)","to":"重庆何家梁(地铁站)"},"geometry":{"type":"LineString","coordinates":[[106.588474,29.622552],[106.592354,29.627937]]}},{"type":"Feature","properties":{"shape_id":"{}","direction_id":"{\"1\": 50}","headsign":"{}","duration_avg":90,"n_vehicles":50,"d":900,"route_I_counts":"{\"7\": 50}","source":125,"target":124,"layer":"L","from":"重庆何家梁(地铁站)","to":"重庆邮轮母港(地铁站)"},"geometry":{"type":"LineString","coordinates":[[106.592354,29.627937],[106.588474,29.622552]]}},{"type":"Feature","properties":{"shape_id":"{}","direction_id":"{\"0\": 50}","headsign":"{}","duration_avg":180,"n_vehicles":50,"d":1800,"route_I_counts":"{\"7\": 50}","source":125,"target":126,"layer":"L","from":"重庆何家梁(地铁站)","to":"重庆石盘河(地铁站)"},"geometry":{"type":"LineString","coordinates":[[106.592354,29.627937],[106.593513,29.64127]]}},{"type":"Feature","properties":{"shape_id":"{}","direction_id":"{\"1\": 50}","headsign":"{}","duration_avg":180,"n_vehicles":50,"d":1800,"route_I_counts":"{\"7\": 50}","source":126,"target":125,"layer":"L","from":"重庆石盘河(地铁站)","to":"重庆何家梁(地铁站)"},"geometry":{"type":"LineString","coordinates":[[106.593513,29.64127],[106.592354,29.627937]]}},{"type":"Feature","properties":{"shape_id":"{}","direction_id":"{\"0\": 50}","headsign":"{}","duration_avg":120,"n_vehicles":50,"d":1200,"route_I_counts":"{\"7\": 50}","source":126,"target":127,"layer":"L","from":"重庆石盘河(地铁站)","to":"重庆上湾路(地铁站)"},"geometry":{"type":"LineString","coordinates":[[106.593513,29.64127],[106.605248,29.652755]]}},{"type":"Feature","properties":{"shape_id":"{}","direction_id":"{\"1\": 50}","headsign":"{}","duration_avg":120,"n_vehicles":50,"d":1200,"route_I_counts":"{\"7\": 50}","source":127,"target":126,"layer":"L","from":"重庆上湾路(地铁站)","to":"重庆石盘河(地铁站)"},"geometry":{"type":"LineString","coordinates":[[106.605248,29.652755],[106.593513,29.64127]]}},{"type":"Feature","properties":{"shape_id":"{}","direction_id":"{\"0\": 50}","headsign":"{}","duration_avg":180,"n_vehicles":50,"d":1800,"route_I_counts":"{\"7\": 50}","source":127,"target":128,"layer":"L","from":"重庆上湾路(地铁站)","to":"重庆青岗坪(地铁站)"},"geometry":{"type":"LineString","coordinates":[[106.605248,29.652755],[106.613114,29.663662]]}},{"type":"Feature","properties":{"shape_id":"{}","direction_id":"{\"1\": 50}","headsign":"{}","duration_avg":180,"n_vehicles":50,"d":1800,"route_I_counts":"{\"7\": 50}","source":128,"target":127,"layer":"L","from":"重庆青岗坪(地铁站)","to":"重庆上湾路(地铁站)"},"geometry":{"type":"LineString","coordinates":[[106.613114,29.663662],[106.605248,29.652755]]}},{"type":"Feature","properties":{"shape_id":"{}","direction_id":"{\"0\": 50}","headsign":"{}","duration_avg":180,"n_vehicles":50,"d":1800,"route_I_counts":"{\"7\": 50}","source":128,"target":129,"layer":"L","from":"重庆青岗坪(地铁站)","to":"重庆宝圣湖(地铁站)"},"geometry":{"type":"LineString","coordinates":[[106.613114,29.663662],[106.605781,29.680791]]}},{"type":"Feature","properties":{"shape_id":"{}","direction_id":"{\"1\": 50}","headsign":"{}","duration_avg":180,"n_vehicles":50,"d":1800,"route_I_counts":"{\"7\": 50}","source":129,"target":128,"layer":"L","from":"重庆宝圣湖(地铁站)","to":"重庆青岗坪(地铁站)"},"geometry":{"type":"LineString","coordinates":[[106.605781,29.680791],[106.613114,29.663662]]}},{"type":"Feature","properties":{"shape_id":"{}","direction_id":"{\"0\": 50}","headsign":"{}","duration_avg":120,"n_vehicles":50,"d":1200,"route_I_counts":"{\"7\": 50}","source":129,"target":130,"layer":"L","from":"重庆宝圣湖(地铁站)","to":"重庆兴科大道(地铁站)"},"geometry":{"type":"LineString","coordinates":[[106.605781,29.680791],[106.599869,29.690586]]}},{"type":"Feature","properties":{"shape_id":"{}","direction_id":"{\"1\": 50}","headsign":"{}","duration_avg":120,"n_vehicles":50,"d":1200,"route_I_counts":"{\"7\": 50}","source":130,"target":129,"layer":"L","from":"重庆兴科大道(地铁站)","to":"重庆宝圣湖(地铁站)"},"geometry":{"type":"LineString","coordinates":[[106.599869,29.690586],[106.605781,29.680791]]}},{"type":"Feature","properties":{"shape_id":"{}","direction_id":"{\"0\": 50}","headsign":"{}","duration_avg":180,"n_vehicles":50,"d":1800,"route_I_counts":"{\"7\": 50}","source":130,"target":131,"layer":"L","from":"重庆兴科大道(地铁站)","to":"重庆春华大道(地铁站)"},"geometry":{"type":"LineString","coordinates":[[106.599869,29.690586],[106.596032,29.709226]]}},{"type":"Feature","properties":{"shape_id":"{}","direction_id":"{\"1\": 50}","headsign":"{}","duration_avg":180,"n_vehicles":50,"d":1800,"route_I_counts":"{\"7\": 50}","source":131,"target":130,"layer":"L","from":"重庆春华大道(地铁站)","to":"重庆兴科大道(地铁站)"},"geometry":{"type":"LineString","coordinates":[[106.596032,29.709226],[106.599869,29.690586]]}},{"type":"Feature","properties":{"shape_id":"{}","direction_id":"{\"0\": 50}","headsign":"{}","duration_avg":120,"n_vehicles":50,"d":1200,"route_I_counts":"{\"7\": 50}","source":131,"target":132,"layer":"L","from":"重庆春华大道(地铁站)","to":"重庆兰桂大道(地铁站)"},"geometry":{"type":"LineString","coordinates":[[106.596032,29.709226],[106.592741,29.717128]]}},{"type":"Feature","properties":{"shape_id":"{}","direction_id":"{\"1\": 50}","headsign":"{}","duration_avg":120,"n_vehicles":50,"d":1200,"route_I_counts":"{\"7\": 50}","source":132,"target":131,"layer":"L","from":"重庆兰桂大道(地铁站)","to":"重庆春华大道(地铁站)"},"geometry":{"type":"LineString","coordinates":[[106.592741,29.717128],[106.596032,29.709226]]}},{"type":"Feature","properties":{"shape_id":"{}","direction_id":"{\"0\": 50}","headsign":"{}","duration_avg":120,"n_vehicles":50,"d":1200,"route_I_counts":"{\"7\": 50}","source":132,"target":133,"layer":"L","from":"重庆兰桂大道(地铁站)","to":"重庆中央公园东(地铁站)"},"geometry":{"type":"LineString","coordinates":[[106.592741,29.717128],[106.589823,29.726728]]}},{"type":"Feature","properties":{"shape_id":"{}","direction_id":"{\"1\": 50}","headsign":"{}","duration_avg":120,"n_vehicles":50,"d":1200,"route_I_counts":"{\"7\": 50}","source":133,"target":132,"layer":"L","from":"重庆中央公园东(地铁站)","to":"重庆兰桂大道(地铁站)"},"geometry":{"type":"LineString","coordinates":[[106.589823,29.726728],[106.592741,29.717128]]}},{"type":"Feature","properties":{"shape_id":"{}","direction_id":"{\"0\": 50}","headsign":"{}","duration_avg":240,"n_vehicles":50,"d":2400,"route_I_counts":"{\"7\": 50}","source":133,"target":134,"layer":"L","from":"重庆中央公园东(地铁站)","to":"重庆丛岩寺(地铁站)"},"geometry":{"type":"LineString","coordinates":[[106.589823,29.726728],[106.581477,29.747331]]}},{"type":"Feature","properties":{"shape_id":"{}","direction_id":"{\"1\": 50}","headsign":"{}","duration_avg":240,"n_vehicles":50,"d":2400,"route_I_counts":"{\"7\": 50}","source":134,"target":133,"layer":"L","from":"重庆丛岩寺(地铁站)","to":"重庆中央公园东(地铁站)"},"geometry":{"type":"LineString","coordinates":[[106.581477,29.747331],[106.589823,29.726728]]}},{"type":"Feature","properties":{"shape_id":"{}","direction_id":"{\"0\": 50}","headsign":"{}","duration_avg":120,"n_vehicles":50,"d":1200,"route_I_counts":"{\"7\": 50}","source":134,"target":135,"layer":"L","from":"重庆丛岩寺(地铁站)","to":"重庆花石沟(地铁站)"},"geometry":{"type":"LineString","coordinates":[[106.581477,29.747331],[106.586613,29.755526]]}},{"type":"Feature","properties":{"shape_id":"{}","direction_id":"{\"1\": 50}","headsign":"{}","duration_avg":120,"n_vehicles":50,"d":1200,"route_I_counts":"{\"7\": 50}","source":135,"target":134,"layer":"L","from":"重庆花石沟(地铁站)","to":"重庆丛岩寺(地铁站)"},"geometry":{"type":"LineString","coordinates":[[106.586613,29.755526],[106.581477,29.747331]]}},{"type":"Feature","properties":{"shape_id":"{}","direction_id":"{\"0\": 50}","headsign":"{}","duration_avg":180,"n_vehicles":50,"d":1800,"route_I_counts":"{\"8\": 50, \"11\": 50}","source":136,"target":137,"layer":"L","from":"重庆王家庄(地铁站)","to":"重庆悦来(地铁站)"},"geometry":{"type":"LineString","coordinates":[[106.541919,29.746289],[106.544222,29.728308]]}},{"type":"Feature","properties":{"shape_id":"{}","direction_id":"{\"1\": 50}","headsign":"{}","duration_avg":180,"n_vehicles":50,"d":1800,"route_I_counts":"{\"8\": 50, \"11\": 50}","source":137,"target":136,"layer":"L","from":"重庆悦来(地铁站)","to":"重庆王家庄(地铁站)"},"geometry":{"type":"LineString","coordinates":[[106.544222,29.728308],[106.541919,29.746289]]}},{"type":"Feature","properties":{"shape_id":"{}","direction_id":"{\"0\": 50}","headsign":"{}","duration_avg":180,"n_vehicles":50,"d":1800,"route_I_counts":"{\"8\": 50}","source":137,"target":81,"layer":"L","from":"重庆悦来(地铁站)","to":"重庆中央公园西(地铁站)"},"geometry":{"type":"LineString","coordinates":[[106.544222,29.728308],[106.568698,29.725348]]}},{"type":"Feature","properties":{"shape_id":"{}","direction_id":"{\"1\": 50}","headsign":"{}","duration_avg":180,"n_vehicles":50,"d":1800,"route_I_counts":"{\"8\": 50}","source":81,"target":137,"layer":"L","from":"重庆中央公园西(地铁站)","to":"重庆悦来(地铁站)"},"geometry":{"type":"LineString","coordinates":[[106.568698,29.725348],[106.544222,29.728308]]}},{"type":"Feature","properties":{"shape_id":"{}","direction_id":"{\"0\": 50}","headsign":"{}","duration_avg":120,"n_vehicles":50,"d":1200,"route_I_counts":"{\"8\": 50}","source":81,"target":138,"layer":"L","from":"重庆中央公园西(地铁站)","to":"重庆中央公园(地铁站)"},"geometry":{"type":"LineString","coordinates":[[106.568698,29.725348],[106.579878,29.726523]]}},{"type":"Feature","properties":{"shape_id":"{}","direction_id":"{\"1\": 50}","headsign":"{}","duration_avg":120,"n_vehicles":50,"d":1200,"route_I_counts":"{\"8\": 50}","source":138,"target":81,"layer":"L","from":"重庆中央公园(地铁站)","to":"重庆中央公园西(地铁站)"},"geometry":{"type":"LineString","coordinates":[[106.579878,29.726523],[106.568698,29.725348]]}},{"type":"Feature","properties":{"shape_id":"{}","direction_id":"{\"0\": 50}","headsign":"{}","duration_avg":120,"n_vehicles":50,"d":1200,"route_I_counts":"{\"8\": 50}","source":138,"target":133,"layer":"L","from":"重庆中央公园(地铁站)","to":"重庆中央公园东(地铁站)"},"geometry":{"type":"LineString","coordinates":[[106.579878,29.726523],[106.589823,29.726728]]}},{"type":"Feature","properties":{"shape_id":"{}","direction_id":"{\"1\": 50}","headsign":"{}","duration_avg":120,"n_vehicles":50,"d":1200,"route_I_counts":"{\"8\": 50}","source":133,"target":138,"layer":"L","from":"重庆中央公园东(地铁站)","to":"重庆中央公园(地铁站)"},"geometry":{"type":"LineString","coordinates":[[106.589823,29.726728],[106.579878,29.726523]]}},{"type":"Feature","properties":{"shape_id":"{}","direction_id":"{\"0\": 50}","headsign":"{}","duration_avg":180,"n_vehicles":50,"d":1800,"route_I_counts":"{\"8\": 50}","source":133,"target":139,"layer":"L","from":"重庆中央公园东(地铁站)","to":"重庆鹿山(地铁站)"},"geometry":{"type":"LineString","coordinates":[[106.589823,29.726728],[106.604656,29.723442]]}},{"type":"Feature","properties":{"shape_id":"{}","direction_id":"{\"1\": 50}","headsign":"{}","duration_avg":180,"n_vehicles":50,"d":1800,"route_I_counts":"{\"8\": 50}","source":139,"target":133,"layer":"L","from":"重庆鹿山(地铁站)","to":"重庆中央公园东(地铁站)"},"geometry":{"type":"LineString","coordinates":[[106.604656,29.723442],[106.589823,29.726728]]}},{"type":"Feature","properties":{"shape_id":"{}","direction_id":"{\"0\": 50}","headsign":"{}","duration_avg":180,"n_vehicles":50,"d":1800,"route_I_counts":"{\"8\": 50}","source":139,"target":140,"layer":"L","from":"重庆鹿山(地铁站)","to":"重庆渝北广场(地铁站)"},"geometry":{"type":"LineString","coordinates":[[106.604656,29.723442],[106.626035,29.72139]]}},{"type":"Feature","properties":{"shape_id":"{}","direction_id":"{\"1\": 50}","headsign":"{}","duration_avg":180,"n_vehicles":50,"d":1800,"route_I_counts":"{\"8\": 50}","source":140,"target":139,"layer":"L","from":"重庆渝北广场(地铁站)","to":"重庆鹿山(地铁站)"},"geometry":{"type":"LineString","coordinates":[[106.626035,29.72139],[106.604656,29.723442]]}},{"type":"Feature","properties":{"shape_id":"{}","direction_id":"{\"0\": 50}","headsign":"{}","duration_avg":180,"n_vehicles":50,"d":1800,"route_I_counts":"{\"8\": 50}","source":140,"target":141,"layer":"L","from":"重庆渝北广场(地铁站)","to":"重庆江北机场T2航站楼(地铁站)"},"geometry":{"type":"LineString","coordinates":[[106.626035,29.72139],[106.63258,29.719686]]}},{"type":"Feature","properties":{"shape_id":"{}","direction_id":"{\"1\": 50}","headsign":"{}","duration_avg":180,"n_vehicles":50,"d":1800,"route_I_counts":"{\"8\": 50}","source":141,"target":140,"layer":"L","from":"重庆江北机场T2航站楼(地铁站)","to":"重庆渝北广场(地铁站)"},"geometry":{"type":"LineString","coordinates":[[106.63258,29.719686],[106.626035,29.72139]]}},{"type":"Feature","properties":{"shape_id":"{}","direction_id":"{\"0\": 50}","headsign":"{}","duration_avg":180,"n_vehicles":50,"d":1800,"route_I_counts":"{\"8\": 50}","source":141,"target":142,"layer":"L","from":"重庆江北机场T2航站楼(地铁站)","to":"重庆江北机场T3航站楼(地铁站)"},"geometry":{"type":"LineString","coordinates":[[106.63258,29.719686],[106.651475,29.71122]]}},{"type":"Feature","properties":{"shape_id":"{}","direction_id":"{\"1\": 50}","headsign":"{}","duration_avg":180,"n_vehicles":50,"d":1800,"route_I_counts":"{\"8\": 50}","source":142,"target":141,"layer":"L","from":"重庆江北机场T3航站楼(地铁站)","to":"重庆江北机场T2航站楼(地铁站)"},"geometry":{"type":"LineString","coordinates":[[106.651475,29.71122],[106.63258,29.719686]]}},{"type":"Feature","properties":{"shape_id":"{}","direction_id":"{\"0\": 50}","headsign":"{}","duration_avg":300,"n_vehicles":50,"d":3000,"route_I_counts":"{\"8\": 50}","source":142,"target":143,"layer":"L","from":"重庆江北机场T3航站楼(地铁站)","to":"重庆长河(地铁站)"},"geometry":{"type":"LineString","coordinates":[[106.651475,29.71122],[106.625689,29.676899]]}},{"type":"Feature","properties":{"shape_id":"{}","direction_id":"{\"1\": 50}","headsign":"{}","duration_avg":300,"n_vehicles":50,"d":3000,"route_I_counts":"{\"8\": 50}","source":143,"target":142,"layer":"L","from":"重庆长河(地铁站)","to":"重庆江北机场T3航站楼(地铁站)"},"geometry":{"type":"LineString","coordinates":[[106.625689,29.676899],[106.651475,29.71122]]}},{"type":"Feature","properties":{"shape_id":"{}","direction_id":"{\"0\": 50}","headsign":"{}","duration_avg":180,"n_vehicles":50,"d":1800,"route_I_counts":"{\"8\": 50}","source":143,"target":144,"layer":"L","from":"重庆长河(地铁站)","to":"重庆环山公园(地铁站)"},"geometry":{"type":"LineString","coordinates":[[106.625689,29.676899],[106.618395,29.661702]]}},{"type":"Feature","properties":{"shape_id":"{}","direction_id":"{\"1\": 50}","headsign":"{}","duration_avg":180,"n_vehicles":50,"d":1800,"route_I_counts":"{\"8\": 50}","source":144,"target":143,"layer":"L","from":"重庆环山公园(地铁站)","to":"重庆长河(地铁站)"},"geometry":{"type":"LineString","coordinates":[[106.618395,29.661702],[106.625689,29.676899]]}},{"type":"Feature","properties":{"shape_id":"{}","direction_id":"{\"0\": 50}","headsign":"{}","duration_avg":120,"n_vehicles":50,"d":1200,"route_I_counts":"{\"8\": 50}","source":144,"target":127,"layer":"L","from":"重庆环山公园(地铁站)","to":"重庆上湾路(地铁站)"},"geometry":{"type":"LineString","coordinates":[[106.618395,29.661702],[106.605248,29.652755]]}},{"type":"Feature","properties":{"shape_id":"{}","direction_id":"{\"1\": 50}","headsign":"{}","duration_avg":120,"n_vehicles":50,"d":1200,"route_I_counts":"{\"8\": 50}","source":127,"target":144,"layer":"L","from":"重庆上湾路(地铁站)","to":"重庆环山公园(地铁站)"},"geometry":{"type":"LineString","coordinates":[[106.605248,29.652755],[106.618395,29.661702]]}},{"type":"Feature","properties":{"shape_id":"{}","direction_id":"{\"0\": 50}","headsign":"{}","duration_avg":240,"n_vehicles":50,"d":2400,"route_I_counts":"{\"8\": 50}","source":127,"target":145,"layer":"L","from":"重庆上湾路(地铁站)","to":"重庆三亚湾(地铁站)"},"geometry":{"type":"LineString","coordinates":[[106.605248,29.652755],[106.581094,29.641207]]}},{"type":"Feature","properties":{"shape_id":"{}","direction_id":"{\"1\": 50}","headsign":"{}","duration_avg":240,"n_vehicles":50,"d":2400,"route_I_counts":"{\"8\": 50}","source":145,"target":127,"layer":"L","from":"重庆三亚湾(地铁站)","to":"重庆上湾路(地铁站)"},"geometry":{"type":"LineString","coordinates":[[106.581094,29.641207],[106.605248,29.652755]]}},{"type":"Feature","properties":{"shape_id":"{}","direction_id":"{\"0\": 50}","headsign":"{}","duration_avg":240,"n_vehicles":50,"d":2400,"route_I_counts":"{\"8\": 50}","source":145,"target":146,"layer":"L","from":"重庆三亚湾(地铁站)","to":"重庆民心佳园(地铁站)"},"geometry":{"type":"LineString","coordinates":[[106.581094,29.641207],[106.563922,29.629465]]}},{"type":"Feature","properties":{"shape_id":"{}","direction_id":"{\"1\": 50}","headsign":"{}","duration_avg":240,"n_vehicles":50,"d":2400,"route_I_counts":"{\"8\": 50}","source":146,"target":145,"layer":"L","from":"重庆民心佳园(地铁站)","to":"重庆三亚湾(地铁站)"},"geometry":{"type":"LineString","coordinates":[[106.563922,29.629465],[106.581094,29.641207]]}},{"type":"Feature","properties":{"shape_id":"{}","direction_id":"{\"0\": 50}","headsign":"{}","duration_avg":240,"n_vehicles":50,"d":2400,"route_I_counts":"{\"8\": 50}","source":146,"target":147,"layer":"L","from":"重庆民心佳园(地铁站)","to":"重庆重庆北站北广场(地铁站)"},"geometry":{"type":"LineString","coordinates":[[106.563922,29.629465],[106.547451,29.614864]]}},{"type":"Feature","properties":{"shape_id":"{}","direction_id":"{\"1\": 50}","headsign":"{}","duration_avg":240,"n_vehicles":50,"d":2400,"route_I_counts":"{\"8\": 50}","source":147,"target":146,"layer":"L","from":"重庆重庆北站北广场(地铁站)","to":"重庆民心佳园(地铁站)"},"geometry":{"type":"LineString","coordinates":[[106.547451,29.614864],[106.563922,29.629465]]}},{"type":"Feature","properties":{"shape_id":"{}","direction_id":"{\"0\": 50}","headsign":"{}","duration_avg":120,"n_vehicles":50,"d":1200,"route_I_counts":"{\"8\": 50}","source":147,"target":148,"layer":"L","from":"重庆重庆北站北广场(地铁站)","to":"重庆重庆北站南广场(地铁站)"},"geometry":{"type":"LineString","coordinates":[[106.547451,29.614864],[106.547141,29.609401]]}},{"type":"Feature","properties":{"shape_id":"{}","direction_id":"{\"1\": 50}","headsign":"{}","duration_avg":120,"n_vehicles":50,"d":1200,"route_I_counts":"{\"8\": 50}","source":148,"target":147,"layer":"L","from":"重庆重庆北站南广场(地铁站)","to":"重庆重庆北站北广场(地铁站)"},"geometry":{"type":"LineString","coordinates":[[106.547141,29.609401],[106.547451,29.614864]]}},{"type":"Feature","properties":{"shape_id":"{}","direction_id":"{\"0\": 50}","headsign":"{}","duration_avg":120,"n_vehicles":50,"d":1200,"route_I_counts":"{\"8\": 50}","source":148,"target":149,"layer":"L","from":"重庆重庆北站南广场(地铁站)","to":"重庆龙头寺公园(地铁站)"},"geometry":{"type":"LineString","coordinates":[[106.547141,29.609401],[106.546896,29.601397]]}},{"type":"Feature","properties":{"shape_id":"{}","direction_id":"{\"1\": 50}","headsign":"{}","duration_avg":120,"n_vehicles":50,"d":1200,"route_I_counts":"{\"8\": 50}","source":149,"target":148,"layer":"L","from":"重庆龙头寺公园(地铁站)","to":"重庆重庆北站南广场(地铁站)"},"geometry":{"type":"LineString","coordinates":[[106.546896,29.601397],[106.547141,29.609401]]}},{"type":"Feature","properties":{"shape_id":"{}","direction_id":"{\"0\": 50}","headsign":"{}","duration_avg":180,"n_vehicles":50,"d":1800,"route_I_counts":"{\"8\": 50}","source":149,"target":93,"layer":"L","from":"重庆龙头寺公园(地铁站)","to":"重庆红土地(地铁站)"},"geometry":{"type":"LineString","coordinates":[[106.546896,29.601397],[106.547456,29.58686]]}},{"type":"Feature","properties":{"shape_id":"{}","direction_id":"{\"1\": 50}","headsign":"{}","duration_avg":180,"n_vehicles":50,"d":1800,"route_I_counts":"{\"8\": 50}","source":93,"target":149,"layer":"L","from":"重庆红土地(地铁站)","to":"重庆龙头寺公园(地铁站)"},"geometry":{"type":"LineString","coordinates":[[106.547456,29.58686],[106.546896,29.601397]]}},{"type":"Feature","properties":{"shape_id":"{}","direction_id":"{\"0\": 50}","headsign":"{}","duration_avg":180,"n_vehicles":50,"d":1800,"route_I_counts":"{\"8\": 50}","source":93,"target":119,"layer":"L","from":"重庆红土地(地铁站)","to":"重庆鲤鱼池(地铁站)"},"geometry":{"type":"LineString","coordinates":[[106.547456,29.58686],[106.548025,29.575701]]}},{"type":"Feature","properties":{"shape_id":"{}","direction_id":"{\"1\": 50}","headsign":"{}","duration_avg":180,"n_vehicles":50,"d":1800,"route_I_counts":"{\"8\": 50}","source":119,"target":93,"layer":"L","from":"重庆鲤鱼池(地铁站)","to":"重庆红土地(地铁站)"},"geometry":{"type":"LineString","coordinates":[[106.548025,29.575701],[106.547456,29.58686]]}},{"type":"Feature","properties":{"shape_id":"{}","direction_id":"{\"0\": 50}","headsign":"{}","duration_avg":120,"n_vehicles":50,"d":1200,"route_I_counts":"{\"8\": 50}","source":119,"target":28,"layer":"L","from":"重庆鲤鱼池(地铁站)","to":"重庆曾家岩(地铁站)"},"geometry":{"type":"LineString","coordinates":[[106.548025,29.575701],[106.546403,29.569286]]}},{"type":"Feature","properties":{"shape_id":"{}","direction_id":"{\"1\": 50}","headsign":"{}","duration_avg":120,"n_vehicles":50,"d":1200,"route_I_counts":"{\"8\": 50}","source":28,"target":119,"layer":"L","from":"重庆曾家岩(地铁站)","to":"重庆鲤鱼池(地铁站)"},"geometry":{"type":"LineString","coordinates":[[106.546403,29.569286],[106.548025,29.575701]]}},{"type":"Feature","properties":{"shape_id":"{}","direction_id":"{\"0\": 50}","headsign":"{}","duration_avg":120,"n_vehicles":50,"d":1200,"route_I_counts":"{\"8\": 50}","source":28,"target":150,"layer":"L","from":"重庆曾家岩(地铁站)","to":"重庆大礼堂(地铁站)"},"geometry":{"type":"LineString","coordinates":[[106.546403,29.569286],[106.551965,29.564601]]}},{"type":"Feature","properties":{"shape_id":"{}","direction_id":"{\"1\": 50}","headsign":"{}","duration_avg":120,"n_vehicles":50,"d":1200,"route_I_counts":"{\"8\": 50}","source":150,"target":28,"layer":"L","from":"重庆大礼堂(地铁站)","to":"重庆曾家岩(地铁站)"},"geometry":{"type":"LineString","coordinates":[[106.551965,29.564601],[106.546403,29.569286]]}},{"type":"Feature","properties":{"shape_id":"{}","direction_id":"{\"0\": 50}","headsign":"{}","duration_avg":120,"n_vehicles":50,"d":1200,"route_I_counts":"{\"8\": 50}","source":150,"target":21,"layer":"L","from":"重庆大礼堂(地铁站)","to":"重庆七星岗(地铁站)"},"geometry":{"type":"LineString","coordinates":[[106.551965,29.564601],[106.55921,29.557786]]}},{"type":"Feature","properties":{"shape_id":"{}","direction_id":"{\"1\": 50}","headsign":"{}","duration_avg":120,"n_vehicles":50,"d":1200,"route_I_counts":"{\"8\": 50}","source":21,"target":150,"layer":"L","from":"重庆七星岗(地铁站)","to":"重庆大礼堂(地铁站)"},"geometry":{"type":"LineString","coordinates":[[106.55921,29.557786],[106.551965,29.564601]]}},{"type":"Feature","properties":{"shape_id":"{}","direction_id":"{\"0\": 50}","headsign":"{}","duration_avg":240,"n_vehicles":50,"d":2400,"route_I_counts":"{\"8\": 50}","source":21,"target":151,"layer":"L","from":"重庆七星岗(地铁站)","to":"重庆后堡(地铁站)"},"geometry":{"type":"LineString","coordinates":[[106.55921,29.557786],[106.565435,29.541402]]}},{"type":"Feature","properties":{"shape_id":"{}","direction_id":"{\"1\": 50}","headsign":"{}","duration_avg":240,"n_vehicles":50,"d":2400,"route_I_counts":"{\"8\": 50}","source":151,"target":21,"layer":"L","from":"重庆后堡(地铁站)","to":"重庆七星岗(地铁站)"},"geometry":{"type":"LineString","coordinates":[[106.565435,29.541402],[106.55921,29.557786]]}},{"type":"Feature","properties":{"shape_id":"{}","direction_id":"{\"0\": 50}","headsign":"{}","duration_avg":90,"n_vehicles":50,"d":900,"route_I_counts":"{\"8\": 50}","source":151,"target":152,"layer":"L","from":"重庆后堡(地铁站)","to":"重庆南坪(地铁站)"},"geometry":{"type":"LineString","coordinates":[[106.565435,29.541402],[106.566249,29.530037]]}},{"type":"Feature","properties":{"shape_id":"{}","direction_id":"{\"1\": 50}","headsign":"{}","duration_avg":90,"n_vehicles":50,"d":900,"route_I_counts":"{\"8\": 50}","source":152,"target":151,"layer":"L","from":"重庆南坪(地铁站)","to":"重庆后堡(地铁站)"},"geometry":{"type":"LineString","coordinates":[[106.566249,29.530037],[106.565435,29.541402]]}},{"type":"Feature","properties":{"shape_id":"{}","direction_id":"{\"0\": 50}","headsign":"{}","duration_avg":90,"n_vehicles":50,"d":900,"route_I_counts":"{\"8\": 50}","source":152,"target":153,"layer":"L","from":"重庆南坪(地铁站)","to":"重庆万寿路(地铁站)"},"geometry":{"type":"LineString","coordinates":[[106.566249,29.530037],[106.559199,29.526148]]}},{"type":"Feature","properties":{"shape_id":"{}","direction_id":"{\"1\": 50}","headsign":"{}","duration_avg":90,"n_vehicles":50,"d":900,"route_I_counts":"{\"8\": 50}","source":153,"target":152,"layer":"L","from":"重庆万寿路(地铁站)","to":"重庆南坪(地铁站)"},"geometry":{"type":"LineString","coordinates":[[106.559199,29.526148],[106.566249,29.530037]]}},{"type":"Feature","properties":{"shape_id":"{}","direction_id":"{\"0\": 50}","headsign":"{}","duration_avg":120,"n_vehicles":50,"d":1200,"route_I_counts":"{\"8\": 50}","source":153,"target":154,"layer":"L","from":"重庆万寿路(地铁站)","to":"重庆南湖(地铁站)"},"geometry":{"type":"LineString","coordinates":[[106.559199,29.526148],[106.552687,29.518194]]}},{"type":"Feature","properties":{"shape_id":"{}","direction_id":"{\"1\": 50}","headsign":"{}","duration_avg":120,"n_vehicles":50,"d":1200,"route_I_counts":"{\"8\": 50}","source":154,"target":153,"layer":"L","from":"重庆南湖(地铁站)","to":"重庆万寿路(地铁站)"},"geometry":{"type":"LineString","coordinates":[[106.552687,29.518194],[106.559199,29.526148]]}},{"type":"Feature","properties":{"shape_id":"{}","direction_id":"{\"0\": 50}","headsign":"{}","duration_avg":120,"n_vehicles":50,"d":1200,"route_I_counts":"{\"8\": 50}","source":154,"target":155,"layer":"L","from":"重庆南湖(地铁站)","to":"重庆兰花路(地铁站)"},"geometry":{"type":"LineString","coordinates":[[106.552687,29.518194],[106.553999,29.507184]]}},{"type":"Feature","properties":{"shape_id":"{}","direction_id":"{\"1\": 50}","headsign":"{}","duration_avg":120,"n_vehicles":50,"d":1200,"route_I_counts":"{\"8\": 50}","source":155,"target":154,"layer":"L","from":"重庆兰花路(地铁站)","to":"重庆南湖(地铁站)"},"geometry":{"type":"LineString","coordinates":[[106.553999,29.507184],[106.552687,29.518194]]}},{"type":"Feature","properties":{"shape_id":"{}","direction_id":"{\"0\": 50}","headsign":"{}","duration_avg":150,"n_vehicles":50,"d":1500,"route_I_counts":"{\"9\": 50}","source":114,"target":16,"layer":"L","from":"重庆富华路(地铁站)","to":"重庆歇台子(地铁站)"},"geometry":{"type":"LineString","coordinates":[[106.500268,29.55365],[106.4945,29.538198]]}},{"type":"Feature","properties":{"shape_id":"{}","direction_id":"{\"1\": 50}","headsign":"{}","duration_avg":150,"n_vehicles":50,"d":1500,"route_I_counts":"{\"9\": 50}","source":16,"target":114,"layer":"L","from":"重庆歇台子(地铁站)","to":"重庆富华路(地铁站)"},"geometry":{"type":"LineString","coordinates":[[106.4945,29.538198],[106.500268,29.55365]]}},{"type":"Feature","properties":{"shape_id":"{}","direction_id":"{\"0\": 50}","headsign":"{}","duration_avg":150,"n_vehicles":50,"d":1500,"route_I_counts":"{\"9\": 50}","source":16,"target":156,"layer":"L","from":"重庆歇台子(地铁站)","to":"重庆奥体中心(地铁站)"},"geometry":{"type":"LineString","coordinates":[[106.4945,29.538198],[106.497434,29.527625]]}},{"type":"Feature","properties":{"shape_id":"{}","direction_id":"{\"1\": 50}","headsign":"{}","duration_avg":150,"n_vehicles":50,"d":1500,"route_I_counts":"{\"9\": 50}","source":156,"target":16,"layer":"L","from":"重庆奥体中心(地铁站)","to":"重庆歇台子(地铁站)"},"geometry":{"type":"LineString","coordinates":[[106.497434,29.527625],[106.4945,29.538198]]}},{"type":"Feature","properties":{"shape_id":"{}","direction_id":"{\"0\": 50}","headsign":"{}","duration_avg":180,"n_vehicles":50,"d":1800,"route_I_counts":"{\"9\": 50}","source":156,"target":157,"layer":"L","from":"重庆奥体中心(地铁站)","to":"重庆石坪桥(地铁站)"},"geometry":{"type":"LineString","coordinates":[[106.497434,29.527625],[106.502436,29.518424]]}},{"type":"Feature","properties":{"shape_id":"{}","direction_id":"{\"1\": 50}","headsign":"{}","duration_avg":180,"n_vehicles":50,"d":1800,"route_I_counts":"{\"9\": 50}","source":157,"target":156,"layer":"L","from":"重庆石坪桥(地铁站)","to":"重庆奥体中心(地铁站)"},"geometry":{"type":"LineString","coordinates":[[106.502436,29.518424],[106.497434,29.527625]]}},{"type":"Feature","properties":{"shape_id":"{}","direction_id":"{\"0\": 50}","headsign":"{}","duration_avg":120,"n_vehicles":50,"d":1200,"route_I_counts":"{\"9\": 50}","source":157,"target":34,"layer":"L","from":"重庆石坪桥(地铁站)","to":"重庆杨家坪(地铁站)"},"geometry":{"type":"LineString","coordinates":[[106.502436,29.518424],[106.510099,29.510613]]}},{"type":"Feature","properties":{"shape_id":"{}","direction_id":"{\"1\": 50}","headsign":"{}","duration_avg":120,"n_vehicles":50,"d":1200,"route_I_counts":"{\"9\": 50}","source":34,"target":157,"layer":"L","from":"重庆杨家坪(地铁站)","to":"重庆石坪桥(地铁站)"},"geometry":{"type":"LineString","coordinates":[[106.510099,29.510613],[106.502436,29.518424]]}},{"type":"Feature","properties":{"shape_id":"{}","direction_id":"{\"0\": 50}","headsign":"{}","duration_avg":180,"n_vehicles":50,"d":1800,"route_I_counts":"{\"9\": 50}","source":34,"target":158,"layer":"L","from":"重庆杨家坪(地铁站)","to":"重庆滩子口(地铁站)"},"geometry":{"type":"LineString","coordinates":[[106.510099,29.510613],[106.523599,29.502341]]}},{"type":"Feature","properties":{"shape_id":"{}","direction_id":"{\"1\": 50}","headsign":"{}","duration_avg":180,"n_vehicles":50,"d":1800,"route_I_counts":"{\"9\": 50}","source":158,"target":34,"layer":"L","from":"重庆滩子口(地铁站)","to":"重庆杨家坪(地铁站)"},"geometry":{"type":"LineString","coordinates":[[106.523599,29.502341],[106.510099,29.510613]]}},{"type":"Feature","properties":{"shape_id":"{}","direction_id":"{\"0\": 50}","headsign":"{}","duration_avg":120,"n_vehicles":50,"d":1200,"route_I_counts":"{\"9\": 50}","source":158,"target":159,"layer":"L","from":"重庆滩子口(地铁站)","to":"重庆黄桷坪(地铁站)"},"geometry":{"type":"LineString","coordinates":[[106.523599,29.502341],[106.532913,29.499364]]}},{"type":"Feature","properties":{"shape_id":"{}","direction_id":"{\"1\": 50}","headsign":"{}","duration_avg":120,"n_vehicles":50,"d":1200,"route_I_counts":"{\"9\": 50}","source":159,"target":158,"layer":"L","from":"重庆黄桷坪(地铁站)","to":"重庆滩子口(地铁站)"},"geometry":{"type":"LineString","coordinates":[[106.532913,29.499364],[106.523599,29.502341]]}},{"type":"Feature","properties":{"shape_id":"{}","direction_id":"{\"0\": 50}","headsign":"{}","duration_avg":180,"n_vehicles":50,"d":1800,"route_I_counts":"{\"9\": 50}","source":159,"target":160,"layer":"L","from":"重庆黄桷坪(地铁站)","to":"重庆四川美术学院(地铁站)"},"geometry":{"type":"LineString","coordinates":[[106.532913,29.499364],[106.539397,29.491046]]}},{"type":"Feature","properties":{"shape_id":"{}","direction_id":"{\"1\": 50}","headsign":"{}","duration_avg":180,"n_vehicles":50,"d":1800,"route_I_counts":"{\"9\": 50}","source":160,"target":159,"layer":"L","from":"重庆四川美术学院(地铁站)","to":"重庆黄桷坪(地铁站)"},"geometry":{"type":"LineString","coordinates":[[106.539397,29.491046],[106.532913,29.499364]]}},{"type":"Feature","properties":{"shape_id":"{}","direction_id":"{\"0\": 50}","headsign":"{}","duration_avg":120,"n_vehicles":50,"d":1200,"route_I_counts":"{\"9\": 50}","source":160,"target":161,"layer":"L","from":"重庆四川美术学院(地铁站)","to":"重庆电厂(地铁站)"},"geometry":{"type":"LineString","coordinates":[[106.539397,29.491046],[106.534206,29.485496]]}},{"type":"Feature","properties":{"shape_id":"{}","direction_id":"{\"1\": 50}","headsign":"{}","duration_avg":120,"n_vehicles":50,"d":1200,"route_I_counts":"{\"9\": 50}","source":161,"target":160,"layer":"L","from":"重庆电厂(地铁站)","to":"重庆四川美术学院(地铁站)"},"geometry":{"type":"LineString","coordinates":[[106.534206,29.485496],[106.539397,29.491046]]}},{"type":"Feature","properties":{"shape_id":"{}","direction_id":"{\"0\": 50}","headsign":"{}","duration_avg":240,"n_vehicles":50,"d":2400,"route_I_counts":"{\"9\": 50}","source":161,"target":162,"layer":"L","from":"重庆电厂(地铁站)","to":"重庆李家沱大桥(地铁站)"},"geometry":{"type":"LineString","coordinates":[[106.534206,29.485496],[106.524038,29.471624]]}},{"type":"Feature","properties":{"shape_id":"{}","direction_id":"{\"1\": 50}","headsign":"{}","duration_avg":240,"n_vehicles":50,"d":2400,"route_I_counts":"{\"9\": 50}","source":162,"target":161,"layer":"L","from":"重庆李家沱大桥(地铁站)","to":"重庆电厂(地铁站)"},"geometry":{"type":"LineString","coordinates":[[106.524038,29.471624],[106.534206,29.485496]]}},{"type":"Feature","properties":{"shape_id":"{}","direction_id":"{\"0\": 50}","headsign":"{}","duration_avg":120,"n_vehicles":50,"d":1200,"route_I_counts":"{\"9\": 50}","source":162,"target":163,"layer":"L","from":"重庆李家沱大桥(地铁站)","to":"重庆重庆理工大学(地铁站)"},"geometry":{"type":"LineString","coordinates":[[106.524038,29.471624],[106.517288,29.463283]]}},{"type":"Feature","properties":{"shape_id":"{}","direction_id":"{\"1\": 50}","headsign":"{}","duration_avg":120,"n_vehicles":50,"d":1200,"route_I_counts":"{\"9\": 50}","source":163,"target":162,"layer":"L","from":"重庆重庆理工大学(地铁站)","to":"重庆李家沱大桥(地铁站)"},"geometry":{"type":"LineString","coordinates":[[106.517288,29.463283],[106.524038,29.471624]]}},{"type":"Feature","properties":{"shape_id":"{}","direction_id":"{\"0\": 50}","headsign":"{}","duration_avg":180,"n_vehicles":50,"d":1800,"route_I_counts":"{\"9\": 50}","source":163,"target":164,"layer":"L","from":"重庆重庆理工大学(地铁站)","to":"重庆花溪工业园(地铁站)"},"geometry":{"type":"LineString","coordinates":[[106.517288,29.463283],[106.512907,29.450619]]}},{"type":"Feature","properties":{"shape_id":"{}","direction_id":"{\"1\": 50}","headsign":"{}","duration_avg":180,"n_vehicles":50,"d":1800,"route_I_counts":"{\"9\": 50}","source":164,"target":163,"layer":"L","from":"重庆花溪工业园(地铁站)","to":"重庆重庆理工大学(地铁站)"},"geometry":{"type":"LineString","coordinates":[[106.512907,29.450619],[106.517288,29.463283]]}},{"type":"Feature","properties":{"shape_id":"{}","direction_id":"{\"0\": 50}","headsign":"{}","duration_avg":180,"n_vehicles":50,"d":1800,"route_I_counts":"{\"9\": 50}","source":164,"target":165,"layer":"L","from":"重庆花溪工业园(地铁站)","to":"重庆巴滨路湿地公园(地铁站)"},"geometry":{"type":"LineString","coordinates":[[106.512907,29.450619],[106.513782,29.435509]]}},{"type":"Feature","properties":{"shape_id":"{}","direction_id":"{\"1\": 50}","headsign":"{}","duration_avg":180,"n_vehicles":50,"d":1800,"route_I_counts":"{\"9\": 50}","source":165,"target":164,"layer":"L","from":"重庆巴滨路湿地公园(地铁站)","to":"重庆花溪工业园(地铁站)"},"geometry":{"type":"LineString","coordinates":[[106.513782,29.435509],[106.512907,29.450619]]}},{"type":"Feature","properties":{"shape_id":"{}","direction_id":"{\"0\": 50}","headsign":"{}","duration_avg":120,"n_vehicles":50,"d":1200,"route_I_counts":"{\"9\": 50}","source":165,"target":166,"layer":"L","from":"重庆巴滨路湿地公园(地铁站)","to":"重庆茄子溪(地铁站)"},"geometry":{"type":"LineString","coordinates":[[106.513782,29.435509],[106.500192,29.426733]]}},{"type":"Feature","properties":{"shape_id":"{}","direction_id":"{\"1\": 50}","headsign":"{}","duration_avg":120,"n_vehicles":50,"d":1200,"route_I_counts":"{\"9\": 50}","source":166,"target":165,"layer":"L","from":"重庆茄子溪(地铁站)","to":"重庆巴滨路湿地公园(地铁站)"},"geometry":{"type":"LineString","coordinates":[[106.500192,29.426733],[106.513782,29.435509]]}},{"type":"Feature","properties":{"shape_id":"{}","direction_id":"{\"0\": 50}","headsign":"{}","duration_avg":180,"n_vehicles":50,"d":1800,"route_I_counts":"{\"9\": 50}","source":166,"target":45,"layer":"L","from":"重庆茄子溪(地铁站)","to":"重庆白居寺(地铁站)"},"geometry":{"type":"LineString","coordinates":[[106.500192,29.426733],[106.488109,29.417372]]}},{"type":"Feature","properties":{"shape_id":"{}","direction_id":"{\"1\": 50}","headsign":"{}","duration_avg":180,"n_vehicles":50,"d":1800,"route_I_counts":"{\"9\": 50}","source":45,"target":166,"layer":"L","from":"重庆白居寺(地铁站)","to":"重庆茄子溪(地铁站)"},"geometry":{"type":"LineString","coordinates":[[106.488109,29.417372],[106.500192,29.426733]]}},{"type":"Feature","properties":{"shape_id":"{}","direction_id":"{\"0\": 50}","headsign":"{}","duration_avg":120,"n_vehicles":50,"d":1200,"route_I_counts":"{\"9\": 50}","source":45,"target":167,"layer":"L","from":"重庆白居寺(地铁站)","to":"重庆伏牛溪(地铁站)"},"geometry":{"type":"LineString","coordinates":[[106.488109,29.417372],[106.477216,29.418433]]}},{"type":"Feature","properties":{"shape_id":"{}","direction_id":"{\"1\": 50}","headsign":"{}","duration_avg":120,"n_vehicles":50,"d":1200,"route_I_counts":"{\"9\": 50}","source":167,"target":45,"layer":"L","from":"重庆伏牛溪(地铁站)","to":"重庆白居寺(地铁站)"},"geometry":{"type":"LineString","coordinates":[[106.477216,29.418433],[106.488109,29.417372]]}},{"type":"Feature","properties":{"shape_id":"{}","direction_id":"{\"0\": 50}","headsign":"{}","duration_avg":180,"n_vehicles":50,"d":1800,"route_I_counts":"{\"9\": 50}","source":167,"target":168,"layer":"L","from":"重庆伏牛溪(地铁站)","to":"重庆金鳌山(地铁站)"},"geometry":{"type":"LineString","coordinates":[[106.477216,29.418433],[106.454938,29.417682]]}},{"type":"Feature","properties":{"shape_id":"{}","direction_id":"{\"1\": 50}","headsign":"{}","duration_avg":180,"n_vehicles":50,"d":1800,"route_I_counts":"{\"9\": 50}","source":168,"target":167,"layer":"L","from":"重庆金鳌山(地铁站)","to":"重庆伏牛溪(地铁站)"},"geometry":{"type":"LineString","coordinates":[[106.454938,29.417682],[106.477216,29.418433]]}},{"type":"Feature","properties":{"shape_id":"{}","direction_id":"{\"0\": 50}","headsign":"{}","duration_avg":240,"n_vehicles":50,"d":2400,"route_I_counts":"{\"9\": 50}","source":168,"target":55,"layer":"L","from":"重庆金鳌山(地铁站)","to":"重庆跳磴(地铁站)"},"geometry":{"type":"LineString","coordinates":[[106.454938,29.417682],[106.433569,29.410872]]}},{"type":"Feature","properties":{"shape_id":"{}","direction_id":"{\"1\": 50}","headsign":"{}","duration_avg":240,"n_vehicles":50,"d":2400,"route_I_counts":"{\"9\": 50}","source":55,"target":168,"layer":"L","from":"重庆跳磴(地铁站)","to":"重庆金鳌山(地铁站)"},"geometry":{"type":"LineString","coordinates":[[106.433569,29.410872],[106.454938,29.417682]]}},{"type":"Feature","properties":{"shape_id":"{}","direction_id":"{\"0\": 50}","headsign":"{}","duration_avg":120,"n_vehicles":50,"d":1200,"route_I_counts":"{\"9\": 50}","source":55,"target":169,"layer":"L","from":"重庆跳磴(地铁站)","to":"重庆跳磴南(地铁站)"},"geometry":{"type":"LineString","coordinates":[[106.433569,29.410872],[106.43131,29.396455]]}},{"type":"Feature","properties":{"shape_id":"{}","direction_id":"{\"1\": 50}","headsign":"{}","duration_avg":120,"n_vehicles":50,"d":1200,"route_I_counts":"{\"9\": 50}","source":169,"target":55,"layer":"L","from":"重庆跳磴南(地铁站)","to":"重庆跳磴(地铁站)"},"geometry":{"type":"LineString","coordinates":[[106.43131,29.396455],[106.433569,29.410872]]}},{"type":"Feature","properties":{"shape_id":"{}","direction_id":"{\"0\": 50}","headsign":"{}","duration_avg":180,"n_vehicles":50,"d":1800,"route_I_counts":"{\"10\": 50}","source":170,"target":171,"layer":"L","from":"重庆铜梁西(地铁站)","to":"重庆铜梁龙城天街(地铁站)"},"geometry":{"type":"LineString","coordinates":[[106.042136,29.828212],[106.075306,29.833812]]}},{"type":"Feature","properties":{"shape_id":"{}","direction_id":"{\"1\": 50}","headsign":"{}","duration_avg":180,"n_vehicles":50,"d":1800,"route_I_counts":"{\"10\": 50}","source":171,"target":170,"layer":"L","from":"重庆铜梁龙城天街(地铁站)","to":"重庆铜梁西(地铁站)"},"geometry":{"type":"LineString","coordinates":[[106.075306,29.833812],[106.042136,29.828212]]}},{"type":"Feature","properties":{"shape_id":"{}","direction_id":"{\"0\": 50}","headsign":"{}","duration_avg":180,"n_vehicles":50,"d":1800,"route_I_counts":"{\"10\": 50}","source":171,"target":172,"layer":"L","from":"重庆铜梁龙城天街(地铁站)","to":"重庆科创新城(地铁站)"},"geometry":{"type":"LineString","coordinates":[[106.075306,29.833812],[106.1042,29.818568]]}},{"type":"Feature","properties":{"shape_id":"{}","direction_id":"{\"1\": 50}","headsign":"{}","duration_avg":180,"n_vehicles":50,"d":1800,"route_I_counts":"{\"10\": 50}","source":172,"target":171,"layer":"L","from":"重庆科创新城(地铁站)","to":"重庆铜梁龙城天街(地铁站)"},"geometry":{"type":"LineString","coordinates":[[106.1042,29.818568],[106.075306,29.833812]]}},{"type":"Feature","properties":{"shape_id":"{}","direction_id":"{\"0\": 50}","headsign":"{}","duration_avg":240,"n_vehicles":50,"d":2400,"route_I_counts":"{\"10\": 50}","source":172,"target":173,"layer":"L","from":"重庆科创新城(地铁站)","to":"重庆庆隆(地铁站)"},"geometry":{"type":"LineString","coordinates":[[106.1042,29.818568],[106.14575,29.791991]]}},{"type":"Feature","properties":{"shape_id":"{}","direction_id":"{\"1\": 50}","headsign":"{}","duration_avg":240,"n_vehicles":50,"d":2400,"route_I_counts":"{\"10\": 50}","source":173,"target":172,"layer":"L","from":"重庆庆隆(地铁站)","to":"重庆科创新城(地铁站)"},"geometry":{"type":"LineString","coordinates":[[106.14575,29.791991],[106.1042,29.818568]]}},{"type":"Feature","properties":{"shape_id":"{}","direction_id":"{\"0\": 50}","headsign":"{}","duration_avg":180,"n_vehicles":50,"d":1800,"route_I_counts":"{\"10\": 50}","source":173,"target":174,"layer":"L","from":"重庆庆隆(地铁站)","to":"重庆大路(地铁站)"},"geometry":{"type":"LineString","coordinates":[[106.14575,29.791991],[106.215701,29.725728]]}},{"type":"Feature","properties":{"shape_id":"{}","direction_id":"{\"1\": 50}","headsign":"{}","duration_avg":180,"n_vehicles":50,"d":1800,"route_I_counts":"{\"10\": 50}","source":174,"target":173,"layer":"L","from":"重庆大路(地铁站)","to":"重庆庆隆(地铁站)"},"geometry":{"type":"LineString","coordinates":[[106.215701,29.725728],[106.14575,29.791991]]}},{"type":"Feature","properties":{"shape_id":"{}","direction_id":"{\"0\": 50}","headsign":"{}","duration_avg":210,"n_vehicles":50,"d":2100,"route_I_counts":"{\"10\": 50}","source":174,"target":175,"layer":"L","from":"重庆大路(地铁站)","to":"重庆青龙湖(地铁站)"},"geometry":{"type":"LineString","coordinates":[[106.215701,29.725728],[106.20688,29.704617]]}},{"type":"Feature","properties":{"shape_id":"{}","direction_id":"{\"1\": 50}","headsign":"{}","duration_avg":210,"n_vehicles":50,"d":2100,"route_I_counts":"{\"10\": 50}","source":175,"target":174,"layer":"L","from":"重庆青龙湖(地铁站)","to":"重庆大路(地铁站)"},"geometry":{"type":"LineString","coordinates":[[106.20688,29.704617],[106.215701,29.725728]]}},{"type":"Feature","properties":{"shape_id":"{}","direction_id":"{\"0\": 50}","headsign":"{}","duration_avg":210,"n_vehicles":50,"d":2100,"route_I_counts":"{\"10\": 50}","source":175,"target":176,"layer":"L","from":"重庆青龙湖(地铁站)","to":"重庆河边(地铁站)"},"geometry":{"type":"LineString","coordinates":[[106.20688,29.704617],[106.207194,29.653942]]}},{"type":"Feature","properties":{"shape_id":"{}","direction_id":"{\"1\": 50}","headsign":"{}","duration_avg":210,"n_vehicles":50,"d":2100,"route_I_counts":"{\"10\": 50}","source":176,"target":175,"layer":"L","from":"重庆河边(地铁站)","to":"重庆青龙湖(地铁站)"},"geometry":{"type":"LineString","coordinates":[[106.207194,29.653942],[106.20688,29.704617]]}},{"type":"Feature","properties":{"shape_id":"{}","direction_id":"{\"0\": 50}","headsign":"{}","duration_avg":180,"n_vehicles":50,"d":1800,"route_I_counts":"{\"10\": 50}","source":176,"target":177,"layer":"L","from":"重庆河边(地铁站)","to":"重庆璧城(地铁站)"},"geometry":{"type":"LineString","coordinates":[[106.207194,29.653942],[106.217982,29.627366]]}},{"type":"Feature","properties":{"shape_id":"{}","direction_id":"{\"1\": 50}","headsign":"{}","duration_avg":180,"n_vehicles":50,"d":1800,"route_I_counts":"{\"10\": 50}","source":177,"target":176,"layer":"L","from":"重庆璧城(地铁站)","to":"重庆河边(地铁站)"},"geometry":{"type":"LineString","coordinates":[[106.217982,29.627366],[106.207194,29.653942]]}},{"type":"Feature","properties":{"shape_id":"{}","direction_id":"{\"0\": 50}","headsign":"{}","duration_avg":180,"n_vehicles":50,"d":1800,"route_I_counts":"{\"10\": 50}","source":177,"target":0,"layer":"L","from":"重庆璧城(地铁站)","to":"重庆璧山(地铁站)"},"geometry":{"type":"LineString","coordinates":[[106.217982,29.627366],[106.22885,29.614949]]}},{"type":"Feature","properties":{"shape_id":"{}","direction_id":"{\"1\": 50}","headsign":"{}","duration_avg":180,"n_vehicles":50,"d":1800,"route_I_counts":"{\"10\": 50}","source":0,"target":177,"layer":"L","from":"重庆璧山(地铁站)","to":"重庆璧城(地铁站)"},"geometry":{"type":"LineString","coordinates":[[106.22885,29.614949],[106.217982,29.627366]]}},{"type":"Feature","properties":{"shape_id":"{}","direction_id":"{\"0\": 50}","headsign":"{}","duration_avg":120,"n_vehicles":50,"d":1200,"route_I_counts":"{\"11\": 50}","source":101,"target":178,"layer":"L","from":"重庆礼嘉(地铁站)","to":"重庆欢乐谷(地铁站)"},"geometry":{"type":"LineString","coordinates":[[106.484223,29.669879],[106.505026,29.671824]]}},{"type":"Feature","properties":{"shape_id":"{}","direction_id":"{\"1\": 50}","headsign":"{}","duration_avg":120,"n_vehicles":50,"d":1200,"route_I_counts":"{\"11\": 50}","source":178,"target":101,"layer":"L","from":"重庆欢乐谷(地铁站)","to":"重庆礼嘉(地铁站)"},"geometry":{"type":"LineString","coordinates":[[106.505026,29.671824],[106.484223,29.669879]]}},{"type":"Feature","properties":{"shape_id":"{}","direction_id":"{\"0\": 50}","headsign":"{}","duration_avg":240,"n_vehicles":50,"d":2400,"route_I_counts":"{\"11\": 50}","source":178,"target":179,"layer":"L","from":"重庆欢乐谷(地铁站)","to":"重庆黄茅坪(地铁站)"},"geometry":{"type":"LineString","coordinates":[[106.505026,29.671824],[106.527717,29.678983]]}},{"type":"Feature","properties":{"shape_id":"{}","direction_id":"{\"1\": 50}","headsign":"{}","duration_avg":240,"n_vehicles":50,"d":2400,"route_I_counts":"{\"11\": 50}","source":179,"target":178,"layer":"L","from":"重庆黄茅坪(地铁站)","to":"重庆欢乐谷(地铁站)"},"geometry":{"type":"LineString","coordinates":[[106.527717,29.678983],[106.505026,29.671824]]}},{"type":"Feature","properties":{"shape_id":"{}","direction_id":"{\"0\": 50}","headsign":"{}","duration_avg":180,"n_vehicles":50,"d":1800,"route_I_counts":"{\"11\": 50}","source":179,"target":180,"layer":"L","from":"重庆黄茅坪(地铁站)","to":"重庆高义口(地铁站)"},"geometry":{"type":"LineString","coordinates":[[106.527717,29.678983],[106.524124,29.705532]]}},{"type":"Feature","properties":{"shape_id":"{}","direction_id":"{\"1\": 50}","headsign":"{}","duration_avg":180,"n_vehicles":50,"d":1800,"route_I_counts":"{\"11\": 50}","source":180,"target":179,"layer":"L","from":"重庆高义口(地铁站)","to":"重庆黄茅坪(地铁站)"},"geometry":{"type":"LineString","coordinates":[[106.524124,29.705532],[106.527717,29.678983]]}},{"type":"Feature","properties":{"shape_id":"{}","direction_id":"{\"0\": 50}","headsign":"{}","duration_avg":240,"n_vehicles":50,"d":2400,"route_I_counts":"{\"11\": 50}","source":180,"target":181,"layer":"L","from":"重庆高义口(地铁站)","to":"重庆国博中心(地铁站)"},"geometry":{"type":"LineString","coordinates":[[106.524124,29.705532],[106.541689,29.719412]]}},{"type":"Feature","properties":{"shape_id":"{}","direction_id":"{\"1\": 50}","headsign":"{}","duration_avg":240,"n_vehicles":50,"d":2400,"route_I_counts":"{\"11\": 50}","source":181,"target":180,"layer":"L","from":"重庆国博中心(地铁站)","to":"重庆高义口(地铁站)"},"geometry":{"type":"LineString","coordinates":[[106.541689,29.719412],[106.524124,29.705532]]}},{"type":"Feature","properties":{"shape_id":"{}","direction_id":"{\"0\": 50}","headsign":"{}","duration_avg":120,"n_vehicles":50,"d":1200,"route_I_counts":"{\"11\": 50}","source":181,"target":137,"layer":"L","from":"重庆国博中心(地铁站)","to":"重庆悦来(地铁站)"},"geometry":{"type":"LineString","coordinates":[[106.541689,29.719412],[106.544222,29.728308]]}},{"type":"Feature","properties":{"shape_id":"{}","direction_id":"{\"1\": 50}","headsign":"{}","duration_avg":120,"n_vehicles":50,"d":1200,"route_I_counts":"{\"11\": 50}","source":137,"target":181,"layer":"L","from":"重庆悦来(地铁站)","to":"重庆国博中心(地铁站)"},"geometry":{"type":"LineString","coordinates":[[106.544222,29.728308],[106.541689,29.719412]]}},{"type":"Feature","properties":{"shape_id":"{}","direction_id":"{\"0\": 50}","headsign":"{}","duration_avg":180,"n_vehicles":50,"d":1800,"route_I_counts":"{\"11\": 50}","source":136,"target":182,"layer":"L","from":"重庆王家庄(地铁站)","to":"重庆清溪河(地铁站)"},"geometry":{"type":"LineString","coordinates":[[106.541919,29.746289],[106.544211,29.766816]]}},{"type":"Feature","properties":{"shape_id":"{}","direction_id":"{\"1\": 50}","headsign":"{}","duration_avg":180,"n_vehicles":50,"d":1800,"route_I_counts":"{\"11\": 50}","source":182,"target":136,"layer":"L","from":"重庆清溪河(地铁站)","to":"重庆王家庄(地铁站)"},"geometry":{"type":"LineString","coordinates":[[106.544211,29.766816],[106.541919,29.746289]]}},{"type":"Feature","properties":{"shape_id":"{}","direction_id":"{\"0\": 50}","headsign":"{}","duration_avg":180,"n_vehicles":50,"d":1800,"route_I_counts":"{\"11\": 50}","source":182,"target":183,"layer":"L","from":"重庆清溪河(地铁站)","to":"重庆刘家院子(地铁站)"},"geometry":{"type":"LineString","coordinates":[[106.544211,29.766816],[106.550765,29.78468]]}},{"type":"Feature","properties":{"shape_id":"{}","direction_id":"{\"1\": 50}","headsign":"{}","duration_avg":180,"n_vehicles":50,"d":1800,"route_I_counts":"{\"11\": 50}","source":183,"target":182,"layer":"L","from":"重庆刘家院子(地铁站)","to":"重庆清溪河(地铁站)"},"geometry":{"type":"LineString","coordinates":[[106.550765,29.78468],[106.544211,29.766816]]}},{"type":"Feature","properties":{"shape_id":"{}","direction_id":"{\"0\": 50}","headsign":"{}","duration_avg":180,"n_vehicles":50,"d":1800,"route_I_counts":"{\"11\": 50}","source":183,"target":184,"layer":"L","from":"重庆刘家院子(地铁站)","to":"重庆思源(地铁站)"},"geometry":{"type":"LineString","coordinates":[[106.550765,29.78468],[106.545521,29.809828]]}},{"type":"Feature","properties":{"shape_id":"{}","direction_id":"{\"1\": 50}","headsign":"{}","duration_avg":180,"n_vehicles":50,"d":1800,"route_I_counts":"{\"11\": 50}","source":184,"target":183,"layer":"L","from":"重庆思源(地铁站)","to":"重庆刘家院子(地铁站)"},"geometry":{"type":"LineString","coordinates":[[106.545521,29.809828],[106.550765,29.78468]]}},{"type":"Feature","properties":{"shape_id":"{}","direction_id":"{\"0\": 50}","headsign":"{}","duration_avg":180,"n_vehicles":50,"d":1800,"route_I_counts":"{\"11\": 50}","source":184,"target":185,"layer":"L","from":"重庆思源(地铁站)","to":"重庆复兴(地铁站)"},"geometry":{"type":"LineString","coordinates":[[106.545521,29.809828],[106.546298,29.824944]]}},{"type":"Feature","properties":{"shape_id":"{}","direction_id":"{\"1\": 50}","headsign":"{}","duration_avg":180,"n_vehicles":50,"d":1800,"route_I_counts":"{\"11\": 50}","source":185,"target":184,"layer":"L","from":"重庆复兴(地铁站)","to":"重庆思源(地铁站)"},"geometry":{"type":"LineString","coordinates":[[106.546298,29.824944],[106.545521,29.809828]]}},{"type":"Feature","properties":{"shape_id":"{}","direction_id":"{\"0\": 50}","headsign":"{}","duration_avg":120,"n_vehicles":50,"d":1200,"route_I_counts":"{\"11\": 50}","source":185,"target":186,"layer":"L","from":"重庆复兴(地铁站)","to":"重庆红岩坪(地铁站)"},"geometry":{"type":"LineString","coordinates":[[106.546298,29.824944],[106.545625,29.835877]]}},{"type":"Feature","properties":{"shape_id":"{}","direction_id":"{\"1\": 50}","headsign":"{}","duration_avg":120,"n_vehicles":50,"d":1200,"route_I_counts":"{\"11\": 50}","source":186,"target":185,"layer":"L","from":"重庆红岩坪(地铁站)","to":"重庆复兴(地铁站)"},"geometry":{"type":"LineString","coordinates":[[106.545625,29.835877],[106.546298,29.824944]]}},{"type":"Feature","properties":{"shape_id":"{}","direction_id":"{\"0\": 50}","headsign":"{}","duration_avg":120,"n_vehicles":50,"d":1200,"route_I_counts":"{\"11\": 50}","source":186,"target":187,"layer":"L","from":"重庆红岩坪(地铁站)","to":"重庆沙河坝(地铁站)"},"geometry":{"type":"LineString","coordinates":[[106.545625,29.835877],[106.552745,29.84699]]}},{"type":"Feature","properties":{"shape_id":"{}","direction_id":"{\"1\": 50}","headsign":"{}","duration_avg":120,"n_vehicles":50,"d":1200,"route_I_counts":"{\"11\": 50}","source":187,"target":186,"layer":"L","from":"重庆沙河坝(地铁站)","to":"重庆红岩坪(地铁站)"},"geometry":{"type":"LineString","coordinates":[[106.552745,29.84699],[106.545625,29.835877]]}},{"type":"Feature","properties":{"shape_id":"{}","direction_id":"{\"0\": 50}","headsign":"{}","duration_avg":120,"n_vehicles":50,"d":1200,"route_I_counts":"{\"12\": 50, \"13\": 50}","source":188,"target":189,"layer":"L","from":"重庆重庆图书馆(地铁站)","to":"重庆天星桥(地铁站)"},"geometry":{"type":"LineString","coordinates":[[106.451818,29.535136],[106.454873,29.544306]]}},{"type":"Feature","properties":{"shape_id":"{}","direction_id":"{\"1\": 50}","headsign":"{}","duration_avg":120,"n_vehicles":50,"d":1200,"route_I_counts":"{\"12\": 50, \"13\": 50}","source":189,"target":188,"layer":"L","from":"重庆天星桥(地铁站)","to":"重庆重庆图书馆(地铁站)"},"geometry":{"type":"LineString","coordinates":[[106.454873,29.544306],[106.451818,29.535136]]}},{"type":"Feature","properties":{"shape_id":"{}","direction_id":"{\"0\": 50}","headsign":"{}","duration_avg":180,"n_vehicles":50,"d":1800,"route_I_counts":"{\"12\": 50, \"13\": 50}","source":189,"target":11,"layer":"L","from":"重庆天星桥(地铁站)","to":"重庆沙坪坝(地铁站)"},"geometry":{"type":"LineString","coordinates":[[106.454873,29.544306],[106.456466,29.558607]]}},{"type":"Feature","properties":{"shape_id":"{}","direction_id":"{\"1\": 50}","headsign":"{}","duration_avg":180,"n_vehicles":50,"d":1800,"route_I_counts":"{\"12\": 50, \"13\": 50}","source":11,"target":189,"layer":"L","from":"重庆沙坪坝(地铁站)","to":"重庆天星桥(地铁站)"},"geometry":{"type":"LineString","coordinates":[[106.456466,29.558607],[106.454873,29.544306]]}},{"type":"Feature","properties":{"shape_id":"{}","direction_id":"{\"0\": 50}","headsign":"{}","duration_avg":180,"n_vehicles":50,"d":1800,"route_I_counts":"{\"12\": 50, \"13\": 50}","source":11,"target":190,"layer":"L","from":"重庆沙坪坝(地铁站)","to":"重庆重庆大学(地铁站)"},"geometry":{"type":"LineString","coordinates":[[106.456466,29.558607],[106.459664,29.570938]]}},{"type":"Feature","properties":{"shape_id":"{}","direction_id":"{\"1\": 50}","headsign":"{}","duration_avg":180,"n_vehicles":50,"d":1800,"route_I_counts":"{\"12\": 50, \"13\": 50}","source":190,"target":11,"layer":"L","from":"重庆重庆大学(地铁站)","to":"重庆沙坪坝(地铁站)"},"geometry":{"type":"LineString","coordinates":[[106.459664,29.570938],[106.456466,29.558607]]}},{"type":"Feature","properties":{"shape_id":"{}","direction_id":"{\"0\": 50}","headsign":"{}","duration_avg":180,"n_vehicles":50,"d":1800,"route_I_counts":"{\"12\": 50, \"13\": 50}","source":190,"target":191,"layer":"L","from":"重庆重庆大学(地铁站)","to":"重庆玉带山(地铁站)"},"geometry":{"type":"LineString","coordinates":[[106.459664,29.570938],[106.472388,29.583212]]}},{"type":"Feature","properties":{"shape_id":"{}","direction_id":"{\"1\": 50}","headsign":"{}","duration_avg":180,"n_vehicles":50,"d":1800,"route_I_counts":"{\"12\": 50, \"13\": 50}","source":191,"target":190,"layer":"L","from":"重庆玉带山(地铁站)","to":"重庆重庆大学(地铁站)"},"geometry":{"type":"LineString","coordinates":[[106.472388,29.583212],[106.459664,29.570938]]}},{"type":"Feature","properties":{"shape_id":"{}","direction_id":"{\"0\": 50}","headsign":"{}","duration_avg":180,"n_vehicles":50,"d":1800,"route_I_counts":"{\"12\": 50, \"13\": 50}","source":191,"target":192,"layer":"L","from":"重庆玉带山(地铁站)","to":"重庆南桥寺(地铁站)"},"geometry":{"type":"LineString","coordinates":[[106.472388,29.583212],[106.478534,29.593009]]}},{"type":"Feature","properties":{"shape_id":"{}","direction_id":"{\"1\": 50}","headsign":"{}","duration_avg":180,"n_vehicles":50,"d":1800,"route_I_counts":"{\"12\": 50, \"13\": 50}","source":192,"target":191,"layer":"L","from":"重庆南桥寺(地铁站)","to":"重庆玉带山(地铁站)"},"geometry":{"type":"LineString","coordinates":[[106.478534,29.593009],[106.472388,29.583212]]}},{"type":"Feature","properties":{"shape_id":"{}","direction_id":"{\"0\": 50}","headsign":"{}","duration_avg":180,"n_vehicles":50,"d":1800,"route_I_counts":"{\"12\": 50, \"13\": 50}","source":192,"target":193,"layer":"L","from":"重庆南桥寺(地铁站)","to":"重庆体育公园(地铁站)"},"geometry":{"type":"LineString","coordinates":[[106.478534,29.593009],[106.483754,29.601279]]}},{"type":"Feature","properties":{"shape_id":"{}","direction_id":"{\"1\": 50}","headsign":"{}","duration_avg":180,"n_vehicles":50,"d":1800,"route_I_counts":"{\"12\": 50, \"13\": 50}","source":193,"target":192,"layer":"L","from":"重庆体育公园(地铁站)","to":"重庆南桥寺(地铁站)"},"geometry":{"type":"LineString","coordinates":[[106.483754,29.601279],[106.478534,29.593009]]}},{"type":"Feature","properties":{"shape_id":"{}","direction_id":"{\"0\": 50}","headsign":"{}","duration_avg":120,"n_vehicles":50,"d":1200,"route_I_counts":"{\"12\": 50, \"13\": 50}","source":193,"target":70,"layer":"L","from":"重庆体育公园(地铁站)","to":"重庆冉家坝(地铁站)"},"geometry":{"type":"LineString","coordinates":[[106.483754,29.601279],[106.494966,29.601324]]}},{"type":"Feature","properties":{"shape_id":"{}","direction_id":"{\"1\": 50}","headsign":"{}","duration_avg":120,"n_vehicles":50,"d":1200,"route_I_counts":"{\"12\": 50, \"13\": 50}","source":70,"target":193,"layer":"L","from":"重庆冉家坝(地铁站)","to":"重庆体育公园(地铁站)"},"geometry":{"type":"LineString","coordinates":[[106.494966,29.601324],[106.483754,29.601279]]}},{"type":"Feature","properties":{"shape_id":"{}","direction_id":"{\"0\": 50}","headsign":"{}","duration_avg":120,"n_vehicles":50,"d":1200,"route_I_counts":"{\"12\": 50, \"13\": 50}","source":70,"target":194,"layer":"L","from":"重庆冉家坝(地铁站)","to":"重庆动步公园(地铁站)"},"geometry":{"type":"LineString","coordinates":[[106.494966,29.601324],[106.501512,29.606654]]}},{"type":"Feature","properties":{"shape_id":"{}","direction_id":"{\"1\": 50}","headsign":"{}","duration_avg":120,"n_vehicles":50,"d":1200,"route_I_counts":"{\"12\": 50, \"13\": 50}","source":194,"target":70,"layer":"L","from":"重庆动步公园(地铁站)","to":"重庆冉家坝(地铁站)"},"geometry":{"type":"LineString","coordinates":[[106.501512,29.606654],[106.494966,29.601324]]}},{"type":"Feature","properties":{"shape_id":"{}","direction_id":"{\"0\": 50}","headsign":"{}","duration_avg":180,"n_vehicles":50,"d":1800,"route_I_counts":"{\"12\": 50, \"13\": 50}","source":194,"target":195,"layer":"L","from":"重庆动步公园(地铁站)","to":"重庆洪湖东路(地铁站)"},"geometry":{"type":"LineString","coordinates":[[106.501512,29.606654],[106.508706,29.610383]]}},{"type":"Feature","properties":{"shape_id":"{}","direction_id":"{\"1\": 50}","headsign":"{}","duration_avg":180,"n_vehicles":50,"d":1800,"route_I_counts":"{\"12\": 50, \"13\": 50}","source":195,"target":194,"layer":"L","from":"重庆洪湖东路(地铁站)","to":"重庆动步公园(地铁站)"},"geometry":{"type":"LineString","coordinates":[[106.508706,29.610383],[106.501512,29.606654]]}},{"type":"Feature","properties":{"shape_id":"{}","direction_id":"{\"0\": 50}","headsign":"{}","duration_avg":120,"n_vehicles":50,"d":1200,"route_I_counts":"{\"12\": 50, \"13\": 50}","source":195,"target":196,"layer":"L","from":"重庆洪湖东路(地铁站)","to":"重庆民安大道(地铁站)"},"geometry":{"type":"LineString","coordinates":[[106.508706,29.610383],[106.524646,29.61149]]}},{"type":"Feature","properties":{"shape_id":"{}","direction_id":"{\"1\": 50}","headsign":"{}","duration_avg":120,"n_vehicles":50,"d":1200,"route_I_counts":"{\"12\": 50, \"13\": 50}","source":196,"target":195,"layer":"L","from":"重庆民安大道(地铁站)","to":"重庆洪湖东路(地铁站)"},"geometry":{"type":"LineString","coordinates":[[106.524646,29.61149],[106.508706,29.610383]]}},{"type":"Feature","properties":{"shape_id":"{}","direction_id":"{\"0\": 50}","headsign":"{}","duration_avg":180,"n_vehicles":50,"d":1800,"route_I_counts":"{\"12\": 50, \"13\": 50}","source":196,"target":148,"layer":"L","from":"重庆民安大道(地铁站)","to":"重庆重庆北站南广场(地铁站)"},"geometry":{"type":"LineString","coordinates":[[106.524646,29.61149],[106.547141,29.609401]]}},{"type":"Feature","properties":{"shape_id":"{}","direction_id":"{\"1\": 50}","headsign":"{}","duration_avg":180,"n_vehicles":50,"d":1800,"route_I_counts":"{\"12\": 50, \"13\": 50}","source":148,"target":196,"layer":"L","from":"重庆重庆北站南广场(地铁站)","to":"重庆民安大道(地铁站)"},"geometry":{"type":"LineString","coordinates":[[106.547141,29.609401],[106.524646,29.61149]]}},{"type":"Feature","properties":{"shape_id":"{}","direction_id":"{\"0\": 50}","headsign":"{}","duration_avg":180,"n_vehicles":50,"d":1800,"route_I_counts":"{\"12\": 50, \"13\": 50}","source":148,"target":197,"layer":"L","from":"重庆重庆北站南广场(地铁站)","to":"重庆渝鲁(地铁站)"},"geometry":{"type":"LineString","coordinates":[[106.547141,29.609401],[106.556129,29.598471]]}},{"type":"Feature","properties":{"shape_id":"{}","direction_id":"{\"1\": 50}","headsign":"{}","duration_avg":180,"n_vehicles":50,"d":1800,"route_I_counts":"{\"12\": 50, \"13\": 50}","source":197,"target":148,"layer":"L","from":"重庆渝鲁(地铁站)","to":"重庆重庆北站南广场(地铁站)"},"geometry":{"type":"LineString","coordinates":[[106.556129,29.598471],[106.547141,29.609401]]}},{"type":"Feature","properties":{"shape_id":"{}","direction_id":"{\"0\": 50}","headsign":"{}","duration_avg":180,"n_vehicles":50,"d":1800,"route_I_counts":"{\"12\": 50, \"13\": 50}","source":197,"target":92,"layer":"L","from":"重庆渝鲁(地铁站)","to":"重庆五里店(地铁站)"},"geometry":{"type":"LineString","coordinates":[[106.556129,29.598471],[106.561475,29.588034]]}},{"type":"Feature","properties":{"shape_id":"{}","direction_id":"{\"1\": 50}","headsign":"{}","duration_avg":180,"n_vehicles":50,"d":1800,"route_I_counts":"{\"12\": 50, \"13\": 50}","source":92,"target":197,"layer":"L","from":"重庆五里店(地铁站)","to":"重庆渝鲁(地铁站)"},"geometry":{"type":"LineString","coordinates":[[106.561475,29.588034],[106.556129,29.598471]]}},{"type":"Feature","properties":{"shape_id":"{}","direction_id":"{\"0\": 50}","headsign":"{}","duration_avg":240,"n_vehicles":50,"d":2400,"route_I_counts":"{\"12\": 50, \"13\": 50}","source":92,"target":198,"layer":"L","from":"重庆五里店(地铁站)","to":"重庆弹子石(地铁站)"},"geometry":{"type":"LineString","coordinates":[[106.561475,29.588034],[106.588732,29.588775]]}},{"type":"Feature","properties":{"shape_id":"{}","direction_id":"{\"1\": 50}","headsign":"{}","duration_avg":240,"n_vehicles":50,"d":2400,"route_I_counts":"{\"12\": 50, \"13\": 50}","source":198,"target":92,"layer":"L","from":"重庆弹子石(地铁站)","to":"重庆五里店(地铁站)"},"geometry":{"type":"LineString","coordinates":[[106.588732,29.588775],[106.561475,29.588034]]}},{"type":"Feature","properties":{"shape_id":"{}","direction_id":"{\"0\": 50}","headsign":"{}","duration_avg":180,"n_vehicles":50,"d":1800,"route_I_counts":"{\"12\": 50, \"13\": 50}","source":198,"target":199,"layer":"L","from":"重庆弹子石(地铁站)","to":"重庆涂山(地铁站)"},"geometry":{"type":"LineString","coordinates":[[106.588732,29.588775],[106.596443,29.578846]]}},{"type":"Feature","properties":{"shape_id":"{}","direction_id":"{\"1\": 50}","headsign":"{}","duration_avg":180,"n_vehicles":50,"d":1800,"route_I_counts":"{\"12\": 50, \"13\": 50}","source":199,"target":198,"layer":"L","from":"重庆涂山(地铁站)","to":"重庆弹子石(地铁站)"},"geometry":{"type":"LineString","coordinates":[[106.596443,29.578846],[106.588732,29.588775]]}},{"type":"Feature","properties":{"shape_id":"{}","direction_id":"{\"0\": 50}","headsign":"{}","duration_avg":120,"n_vehicles":50,"d":1200,"route_I_counts":"{\"12\": 50, \"13\": 50}","source":199,"target":200,"layer":"L","from":"重庆涂山(地铁站)","to":"重庆仁济(地铁站)"},"geometry":{"type":"LineString","coordinates":[[106.596443,29.578846],[106.595906,29.567857]]}},{"type":"Feature","properties":{"shape_id":"{}","direction_id":"{\"1\": 50}","headsign":"{}","duration_avg":120,"n_vehicles":50,"d":1200,"route_I_counts":"{\"12\": 50, \"13\": 50}","source":200,"target":199,"layer":"L","from":"重庆仁济(地铁站)","to":"重庆涂山(地铁站)"},"geometry":{"type":"LineString","coordinates":[[106.595906,29.567857],[106.596443,29.578846]]}},{"type":"Feature","properties":{"shape_id":"{}","direction_id":"{\"0\": 50}","headsign":"{}","duration_avg":120,"n_vehicles":50,"d":1200,"route_I_counts":"{\"12\": 50, \"13\": 50}","source":200,"target":89,"layer":"L","from":"重庆仁济(地铁站)","to":"重庆上新街(地铁站)"},"geometry":{"type":"LineString","coordinates":[[106.595906,29.567857],[106.593507,29.558991]]}},{"type":"Feature","properties":{"shape_id":"{}","direction_id":"{\"1\": 50}","headsign":"{}","duration_avg":120,"n_vehicles":50,"d":1200,"route_I_counts":"{\"12\": 50, \"13\": 50}","source":89,"target":200,"layer":"L","from":"重庆上新街(地铁站)","to":"重庆仁济(地铁站)"},"geometry":{"type":"LineString","coordinates":[[106.593507,29.558991],[106.595906,29.567857]]}},{"type":"Feature","properties":{"shape_id":"{}","direction_id":"{\"0\": 50}","headsign":"{}","duration_avg":120,"n_vehicles":50,"d":1200,"route_I_counts":"{\"12\": 50, \"13\": 50}","source":89,"target":201,"layer":"L","from":"重庆上新街(地铁站)","to":"重庆上浩(地铁站)"},"geometry":{"type":"LineString","coordinates":[[106.593507,29.558991],[106.59012,29.549386]]}},{"type":"Feature","properties":{"shape_id":"{}","direction_id":"{\"1\": 50}","headsign":"{}","duration_avg":120,"n_vehicles":50,"d":1200,"route_I_counts":"{\"12\": 50, \"13\": 50}","source":201,"target":89,"layer":"L","from":"重庆上浩(地铁站)","to":"重庆上新街(地铁站)"},"geometry":{"type":"LineString","coordinates":[[106.59012,29.549386],[106.593507,29.558991]]}},{"type":"Feature","properties":{"shape_id":"{}","direction_id":"{\"0\": 50}","headsign":"{}","duration_avg":120,"n_vehicles":50,"d":1200,"route_I_counts":"{\"12\": 50, \"13\": 50}","source":201,"target":202,"layer":"L","from":"重庆上浩(地铁站)","to":"重庆海棠溪(地铁站)"},"geometry":{"type":"LineString","coordinates":[[106.59012,29.549386],[106.583375,29.537448]]}},{"type":"Feature","properties":{"shape_id":"{}","direction_id":"{\"1\": 50}","headsign":"{}","duration_avg":120,"n_vehicles":50,"d":1200,"route_I_counts":"{\"12\": 50, \"13\": 50}","source":202,"target":201,"layer":"L","from":"重庆海棠溪(地铁站)","to":"重庆上浩(地铁站)"},"geometry":{"type":"LineString","coordinates":[[106.583375,29.537448],[106.59012,29.549386]]}},{"type":"Feature","properties":{"shape_id":"{}","direction_id":"{\"0\": 50}","headsign":"{}","duration_avg":180,"n_vehicles":50,"d":1800,"route_I_counts":"{\"12\": 50, \"13\": 50}","source":202,"target":203,"layer":"L","from":"重庆海棠溪(地铁站)","to":"重庆罗家坝(地铁站)"},"geometry":{"type":"LineString","coordinates":[[106.583375,29.537448],[106.57922,29.529128]]}},{"type":"Feature","properties":{"shape_id":"{}","direction_id":"{\"1\": 50}","headsign":"{}","duration_avg":180,"n_vehicles":50,"d":1800,"route_I_counts":"{\"12\": 50, \"13\": 50}","source":203,"target":202,"layer":"L","from":"重庆罗家坝(地铁站)","to":"重庆海棠溪(地铁站)"},"geometry":{"type":"LineString","coordinates":[[106.57922,29.529128],[106.583375,29.537448]]}},{"type":"Feature","properties":{"shape_id":"{}","direction_id":"{\"0\": 50}","headsign":"{}","duration_avg":60,"n_vehicles":50,"d":600,"route_I_counts":"{\"12\": 50, \"13\": 50}","source":203,"target":204,"layer":"L","from":"重庆罗家坝(地铁站)","to":"重庆四公里(地铁站)"},"geometry":{"type":"LineString","coordinates":[[106.57922,29.529128],[106.574084,29.520866]]}},{"type":"Feature","properties":{"shape_id":"{}","direction_id":"{\"1\": 50}","headsign":"{}","duration_avg":60,"n_vehicles":50,"d":600,"route_I_counts":"{\"12\": 50, \"13\": 50}","source":204,"target":203,"layer":"L","from":"重庆四公里(地铁站)","to":"重庆罗家坝(地铁站)"},"geometry":{"type":"LineString","coordinates":[[106.574084,29.520866],[106.57922,29.529128]]}},{"type":"Feature","properties":{"shape_id":"{}","direction_id":"{\"0\": 50}","headsign":"{}","duration_avg":180,"n_vehicles":50,"d":1800,"route_I_counts":"{\"12\": 50, \"13\": 50}","source":204,"target":154,"layer":"L","from":"重庆四公里(地铁站)","to":"重庆南湖(地铁站)"},"geometry":{"type":"LineString","coordinates":[[106.574084,29.520866],[106.552687,29.518194]]}},{"type":"Feature","properties":{"shape_id":"{}","direction_id":"{\"1\": 50}","headsign":"{}","duration_avg":180,"n_vehicles":50,"d":1800,"route_I_counts":"{\"12\": 50, \"13\": 50}","source":154,"target":204,"layer":"L","from":"重庆南湖(地铁站)","to":"重庆四公里(地铁站)"},"geometry":{"type":"LineString","coordinates":[[106.552687,29.518194],[106.574084,29.520866]]}},{"type":"Feature","properties":{"shape_id":"{}","direction_id":"{\"0\": 50}","headsign":"{}","duration_avg":180,"n_vehicles":50,"d":1800,"route_I_counts":"{\"12\": 50, \"13\": 50}","source":154,"target":205,"layer":"L","from":"重庆南湖(地铁站)","to":"重庆海峡路(地铁站)"},"geometry":{"type":"LineString","coordinates":[[106.552687,29.518194],[106.54264,29.521249]]}},{"type":"Feature","properties":{"shape_id":"{}","direction_id":"{\"1\": 50}","headsign":"{}","duration_avg":180,"n_vehicles":50,"d":1800,"route_I_counts":"{\"12\": 50, \"13\": 50}","source":205,"target":154,"layer":"L","from":"重庆海峡路(地铁站)","to":"重庆南湖(地铁站)"},"geometry":{"type":"LineString","coordinates":[[106.54264,29.521249],[106.552687,29.518194]]}},{"type":"Feature","properties":{"shape_id":"{}","direction_id":"{\"0\": 50}","headsign":"{}","duration_avg":180,"n_vehicles":50,"d":1800,"route_I_counts":"{\"12\": 50, \"13\": 50}","source":205,"target":33,"layer":"L","from":"重庆海峡路(地铁站)","to":"重庆谢家湾(地铁站)"},"geometry":{"type":"LineString","coordinates":[[106.54264,29.521249],[106.513795,29.521877]]}},{"type":"Feature","properties":{"shape_id":"{}","direction_id":"{\"1\": 50}","headsign":"{}","duration_avg":180,"n_vehicles":50,"d":1800,"route_I_counts":"{\"12\": 50, \"13\": 50}","source":33,"target":205,"layer":"L","from":"重庆谢家湾(地铁站)","to":"重庆海峡路(地铁站)"},"geometry":{"type":"LineString","coordinates":[[106.513795,29.521877],[106.54264,29.521249]]}},{"type":"Feature","properties":{"shape_id":"{}","direction_id":"{\"0\": 50}","headsign":"{}","duration_avg":240,"n_vehicles":50,"d":2400,"route_I_counts":"{\"12\": 50, \"13\": 50}","source":33,"target":156,"layer":"L","from":"重庆谢家湾(地铁站)","to":"重庆奥体中心(地铁站)"},"geometry":{"type":"LineString","coordinates":[[106.513795,29.521877],[106.497434,29.527625]]}},{"type":"Feature","properties":{"shape_id":"{}","direction_id":"{\"1\": 50}","headsign":"{}","duration_avg":240,"n_vehicles":50,"d":2400,"route_I_counts":"{\"12\": 50, \"13\": 50}","source":156,"target":33,"layer":"L","from":"重庆奥体中心(地铁站)","to":"重庆谢家湾(地铁站)"},"geometry":{"type":"LineString","coordinates":[[106.497434,29.527625],[106.513795,29.521877]]}},{"type":"Feature","properties":{"shape_id":"{}","direction_id":"{\"0\": 50}","headsign":"{}","duration_avg":120,"n_vehicles":50,"d":1200,"route_I_counts":"{\"12\": 50, \"13\": 50}","source":156,"target":206,"layer":"L","from":"重庆奥体中心(地铁站)","to":"重庆陈家坪(地铁站)"},"geometry":{"type":"LineString","coordinates":[[106.497434,29.527625],[106.485613,29.526571]]}},{"type":"Feature","properties":{"shape_id":"{}","direction_id":"{\"1\": 50}","headsign":"{}","duration_avg":120,"n_vehicles":50,"d":1200,"route_I_counts":"{\"12\": 50, \"13\": 50}","source":206,"target":156,"layer":"L","from":"重庆陈家坪(地铁站)","to":"重庆奥体中心(地铁站)"},"geometry":{"type":"LineString","coordinates":[[106.485613,29.526571],[106.497434,29.527625]]}},{"type":"Feature","properties":{"shape_id":"{}","direction_id":"{\"0\": 50}","headsign":"{}","duration_avg":180,"n_vehicles":50,"d":1800,"route_I_counts":"{\"12\": 50, \"13\": 50}","source":206,"target":207,"layer":"L","from":"重庆陈家坪(地铁站)","to":"重庆彩云湖(地铁站)"},"geometry":{"type":"LineString","coordinates":[[106.485613,29.526571],[106.467904,29.518684]]}},{"type":"Feature","properties":{"shape_id":"{}","direction_id":"{\"1\": 50}","headsign":"{}","duration_avg":180,"n_vehicles":50,"d":1800,"route_I_counts":"{\"12\": 50, \"13\": 50}","source":207,"target":206,"layer":"L","from":"重庆彩云湖(地铁站)","to":"重庆陈家坪(地铁站)"},"geometry":{"type":"LineString","coordinates":[[106.467904,29.518684],[106.485613,29.526571]]}},{"type":"Feature","properties":{"shape_id":"{}","direction_id":"{\"0\": 50}","headsign":"{}","duration_avg":180,"n_vehicles":50,"d":1800,"route_I_counts":"{\"12\": 50, \"13\": 50}","source":207,"target":208,"layer":"L","from":"重庆彩云湖(地铁站)","to":"重庆二郎(地铁站)"},"geometry":{"type":"LineString","coordinates":[[106.467904,29.518684],[106.458206,29.507661]]}},{"type":"Feature","properties":{"shape_id":"{}","direction_id":"{\"1\": 50}","headsign":"{}","duration_avg":180,"n_vehicles":50,"d":1800,"route_I_counts":"{\"12\": 50, \"13\": 50}","source":208,"target":207,"layer":"L","from":"重庆二郎(地铁站)","to":"重庆彩云湖(地铁站)"},"geometry":{"type":"LineString","coordinates":[[106.458206,29.507661],[106.467904,29.518684]]}},{"type":"Feature","properties":{"shape_id":"{}","direction_id":"{\"0\": 50}","headsign":"{}","duration_avg":120,"n_vehicles":50,"d":1200,"route_I_counts":"{\"12\": 50, \"13\": 50}","source":208,"target":209,"layer":"L","from":"重庆二郎(地铁站)","to":"重庆华龙(地铁站)"},"geometry":{"type":"LineString","coordinates":[[106.458206,29.507661],[106.449188,29.498158]]}},{"type":"Feature","properties":{"shape_id":"{}","direction_id":"{\"1\": 50}","headsign":"{}","duration_avg":120,"n_vehicles":50,"d":1200,"route_I_counts":"{\"12\": 50, \"13\": 50}","source":209,"target":208,"layer":"L","from":"重庆华龙(地铁站)","to":"重庆二郎(地铁站)"},"geometry":{"type":"LineString","coordinates":[[106.449188,29.498158],[106.458206,29.507661]]}},{"type":"Feature","properties":{"shape_id":"{}","direction_id":"{\"0\": 50}","headsign":"{}","duration_avg":120,"n_vehicles":50,"d":1200,"route_I_counts":"{\"12\": 50, \"13\": 50}","source":209,"target":62,"layer":"L","from":"重庆华龙(地铁站)","to":"重庆重庆西站(地铁站)"},"geometry":{"type":"LineString","coordinates":[[106.449188,29.498158],[106.43539,29.502688]]}},{"type":"Feature","properties":{"shape_id":"{}","direction_id":"{\"1\": 50}","headsign":"{}","duration_avg":120,"n_vehicles":50,"d":1200,"route_I_counts":"{\"12\": 50, \"13\": 50}","source":62,"target":209,"layer":"L","from":"重庆重庆西站(地铁站)","to":"重庆华龙(地铁站)"},"geometry":{"type":"LineString","coordinates":[[106.43539,29.502688],[106.449188,29.498158]]}},{"type":"Feature","properties":{"shape_id":"{}","direction_id":"{\"0\": 50}","headsign":"{}","duration_avg":240,"n_vehicles":50,"d":2400,"route_I_counts":"{\"12\": 50, \"13\": 50}","source":62,"target":210,"layer":"L","from":"重庆重庆西站(地铁站)","to":"重庆上桥(地铁站)"},"geometry":{"type":"LineString","coordinates":[[106.43539,29.502688],[106.438427,29.520274]]}},{"type":"Feature","properties":{"shape_id":"{}","direction_id":"{\"1\": 50}","headsign":"{}","duration_avg":240,"n_vehicles":50,"d":2400,"route_I_counts":"{\"12\": 50, \"13\": 50}","source":210,"target":62,"layer":"L","from":"重庆上桥(地铁站)","to":"重庆重庆西站(地铁站)"},"geometry":{"type":"LineString","coordinates":[[106.438427,29.520274],[106.43539,29.502688]]}},{"type":"Feature","properties":{"shape_id":"{}","direction_id":"{\"0\": 50}","headsign":"{}","duration_avg":120,"n_vehicles":50,"d":1200,"route_I_counts":"{\"12\": 50, \"13\": 50}","source":210,"target":211,"layer":"L","from":"重庆上桥(地铁站)","to":"重庆凤鸣山(地铁站)"},"geometry":{"type":"LineString","coordinates":[[106.438427,29.520274],[106.445386,29.527048]]}},{"type":"Feature","properties":{"shape_id":"{}","direction_id":"{\"1\": 50}","headsign":"{}","duration_avg":120,"n_vehicles":50,"d":1200,"route_I_counts":"{\"12\": 50, \"13\": 50}","source":211,"target":210,"layer":"L","from":"重庆凤鸣山(地铁站)","to":"重庆上桥(地铁站)"},"geometry":{"type":"LineString","coordinates":[[106.445386,29.527048],[106.438427,29.520274]]}},{"type":"Feature","properties":{"shape_id":"{}","direction_id":"{\"0\": 50}","headsign":"{}","duration_avg":120,"n_vehicles":50,"d":1200,"route_I_counts":"{\"12\": 50, \"13\": 50}","source":211,"target":188,"layer":"L","from":"重庆凤鸣山(地铁站)","to":"重庆重庆图书馆(地铁站)"},"geometry":{"type":"LineString","coordinates":[[106.445386,29.527048],[106.451818,29.535136]]}},{"type":"Feature","properties":{"shape_id":"{}","direction_id":"{\"1\": 50}","headsign":"{}","duration_avg":120,"n_vehicles":50,"d":1200,"route_I_counts":"{\"12\": 50, \"13\": 50}","source":188,"target":211,"layer":"L","from":"重庆重庆图书馆(地铁站)","to":"重庆凤鸣山(地铁站)"},"geometry":{"type":"LineString","coordinates":[[106.451818,29.535136],[106.445386,29.527048]]}},{"type":"Feature","properties":{"shape_id":"{}","direction_id":"{\"0\": 50}","headsign":"{}","duration_avg":180,"n_vehicles":50,"d":1800,"route_I_counts":"{\"13\": 50}","source":88,"target":212,"layer":"L","from":"重庆刘家坪(地铁站)","to":"重庆百乐园(地铁站)"},"geometry":{"type":"LineString","coordinates":[[106.651943,29.527565],[106.662572,29.517265]]}},{"type":"Feature","properties":{"shape_id":"{}","direction_id":"{\"1\": 50}","headsign":"{}","duration_avg":180,"n_vehicles":50,"d":1800,"route_I_counts":"{\"13\": 50}","source":212,"target":88,"layer":"L","from":"重庆百乐园(地铁站)","to":"重庆刘家坪(地铁站)"},"geometry":{"type":"LineString","coordinates":[[106.662572,29.517265],[106.651943,29.527565]]}},{"type":"Feature","properties":{"shape_id":"{}","direction_id":"{\"0\": 50}","headsign":"{}","duration_avg":180,"n_vehicles":50,"d":1800,"route_I_counts":"{\"13\": 50}","source":212,"target":213,"layer":"L","from":"重庆百乐园(地铁站)","to":"重庆桃花桥(地铁站)"},"geometry":{"type":"LineString","coordinates":[[106.662572,29.517265],[106.658306,29.506644]]}},{"type":"Feature","properties":{"shape_id":"{}","direction_id":"{\"1\": 50}","headsign":"{}","duration_avg":180,"n_vehicles":50,"d":1800,"route_I_counts":"{\"13\": 50}","source":213,"target":212,"layer":"L","from":"重庆桃花桥(地铁站)","to":"重庆百乐园(地铁站)"},"geometry":{"type":"LineString","coordinates":[[106.658306,29.506644],[106.662572,29.517265]]}},{"type":"Feature","properties":{"shape_id":"{}","direction_id":"{\"0\": 50}","headsign":"{}","duration_avg":120,"n_vehicles":50,"d":1200,"route_I_counts":"{\"13\": 50}","source":213,"target":214,"layer":"L","from":"重庆桃花桥(地铁站)","to":"重庆重庆东站(地铁站)"},"geometry":{"type":"LineString","coordinates":[[106.658306,29.506644],[106.664187,29.489543]]}},{"type":"Feature","properties":{"shape_id":"{}","direction_id":"{\"1\": 50}","headsign":"{}","duration_avg":120,"n_vehicles":50,"d":1200,"route_I_counts":"{\"13\": 50}","source":214,"target":213,"layer":"L","from":"重庆重庆东站(地铁站)","to":"重庆桃花桥(地铁站)"},"geometry":{"type":"LineString","coordinates":[[106.664187,29.489543],[106.658306,29.506644]]}},{"type":"Feature","properties":{"shape_id":"{}","direction_id":"{\"0\": 50}","headsign":"{}","duration_avg":120,"n_vehicles":50,"d":1200,"route_I_counts":"{\"15\": 50}","source":55,"target":215,"layer":"L","from":"重庆跳磴(地铁站)","to":"石林寺"},"geometry":{"type":"LineString","coordinates":[[106.433569,29.410872],[106.426111,29.406961]]}},{"type":"Feature","properties":{"shape_id":"{}","direction_id":"{\"1\": 50}","headsign":"{}","duration_avg":120,"n_vehicles":50,"d":1200,"route_I_counts":"{\"15\": 50}","source":215,"target":55,"layer":"L","from":"石林寺","to":"重庆跳磴(地铁站)"},"geometry":{"type":"LineString","coordinates":[[106.426111,29.406961],[106.433569,29.410872]]}},{"type":"Feature","properties":{"shape_id":"{}","direction_id":"{\"0\": 50}","headsign":"{}","duration_avg":300,"n_vehicles":50,"d":3000,"route_I_counts":"{\"15\": 50}","source":215,"target":216,"layer":"L","from":"石林寺","to":"九龙园"},"geometry":{"type":"LineString","coordinates":[[106.426111,29.406961],[106.350869,29.401769]]}},{"type":"Feature","properties":{"shape_id":"{}","direction_id":"{\"1\": 50}","headsign":"{}","duration_avg":300,"n_vehicles":50,"d":3000,"route_I_counts":"{\"15\": 50}","source":216,"target":215,"layer":"L","from":"九龙园","to":"石林寺"},"geometry":{"type":"LineString","coordinates":[[106.350869,29.401769],[106.426111,29.406961]]}},{"type":"Feature","properties":{"shape_id":"{}","direction_id":"{\"0\": 50}","headsign":"{}","duration_avg":300,"n_vehicles":50,"d":3000,"route_I_counts":"{\"15\": 50}","source":216,"target":217,"layer":"L","from":"九龙园","to":"双福"},"geometry":{"type":"LineString","coordinates":[[106.350869,29.401769],[106.30841,29.4013]]}},{"type":"Feature","properties":{"shape_id":"{}","direction_id":"{\"1\": 50}","headsign":"{}","duration_avg":300,"n_vehicles":50,"d":3000,"route_I_counts":"{\"15\": 50}","source":217,"target":216,"layer":"L","from":"双福","to":"九龙园"},"geometry":{"type":"LineString","coordinates":[[106.30841,29.4013],[106.350869,29.401769]]}},{"type":"Feature","properties":{"shape_id":"{}","direction_id":"{\"0\": 50}","headsign":"{}","duration_avg":300,"n_vehicles":50,"d":3000,"route_I_counts":"{\"15\": 50}","source":217,"target":218,"layer":"L","from":"双福","to":"享堂"},"geometry":{"type":"LineString","coordinates":[[106.30841,29.4013],[106.25793,29.38433]]}},{"type":"Feature","properties":{"shape_id":"{}","direction_id":"{\"1\": 50}","headsign":"{}","duration_avg":300,"n_vehicles":50,"d":3000,"route_I_counts":"{\"15\": 50}","source":218,"target":217,"layer":"L","from":"享堂","to":"双福"},"geometry":{"type":"LineString","coordinates":[[106.25793,29.38433],[106.30841,29.4013]]}},{"type":"Feature","properties":{"shape_id":"{}","direction_id":"{\"0\": 50}","headsign":"{}","duration_avg":240,"n_vehicles":50,"d":2400,"route_I_counts":"{\"15\": 50}","source":218,"target":219,"layer":"L","from":"享堂","to":"江津高铁"},"geometry":{"type":"LineString","coordinates":[[106.25793,29.38433],[106.25308,29.34558]]}},{"type":"Feature","properties":{"shape_id":"{}","direction_id":"{\"1\": 50}","headsign":"{}","duration_avg":240,"n_vehicles":50,"d":2400,"route_I_counts":"{\"15\": 50}","source":219,"target":218,"layer":"L","from":"江津高铁","to":"享堂"},"geometry":{"type":"LineString","coordinates":[[106.25308,29.34558],[106.25793,29.38433]]}},{"type":"Feature","properties":{"shape_id":"{}","direction_id":"{\"0\": 50}","headsign":"{}","duration_avg":240,"n_vehicles":50,"d":2400,"route_I_counts":"{\"15\": 50}","source":219,"target":220,"layer":"L","from":"江津高铁","to":"圣泉寺"},"geometry":{"type":"LineString","coordinates":[[106.25308,29.34558],[106.25593,29.31028]]}},{"type":"Feature","properties":{"shape_id":"{}","direction_id":"{\"1\": 50}","headsign":"{}","duration_avg":240,"n_vehicles":50,"d":2400,"route_I_counts":"{\"15\": 50}","source":220,"target":219,"layer":"L","from":"圣泉寺","to":"江津高铁"},"geometry":{"type":"LineString","coordinates":[[106.25593,29.31028],[106.25308,29.34558]]}},{"type":"Feature","properties":{"shape_id":"{}","direction_id":"{\"0\": 50}","headsign":"{}","duration_avg":180,"n_vehicles":50,"d":1800,"route_I_counts":"{\"4\": 50}","source":47,"target":221,"layer":"L","from":"重庆鱼洞(地铁站)","to":"重庆金竹(地铁站)"},"geometry":{"type":"LineString","coordinates":[[106.502076,29.378684],[106.520039,29.378469]]}},{"type":"Feature","properties":{"shape_id":"{}","direction_id":"{\"1\": 50}","headsign":"{}","duration_avg":180,"n_vehicles":50,"d":1800,"route_I_counts":"{\"4\": 50}","source":221,"target":47,"layer":"L","from":"重庆金竹(地铁站)","to":"重庆鱼洞(地铁站)"},"geometry":{"type":"LineString","coordinates":[[106.520039,29.378469],[106.502076,29.378684]]}},{"type":"Feature","properties":{"shape_id":"{}","direction_id":"{\"0\": 50}","headsign":"{}","duration_avg":180,"n_vehicles":50,"d":1800,"route_I_counts":"{\"4\": 50}","source":221,"target":222,"layer":"L","from":"重庆金竹(地铁站)","to":"重庆鱼胡路(地铁站)"},"geometry":{"type":"LineString","coordinates":[[106.520039,29.378469],[106.53545,29.380561]]}},{"type":"Feature","properties":{"shape_id":"{}","direction_id":"{\"1\": 50}","headsign":"{}","duration_avg":180,"n_vehicles":50,"d":1800,"route_I_counts":"{\"4\": 50}","source":222,"target":221,"layer":"L","from":"重庆鱼胡路(地铁站)","to":"重庆金竹(地铁站)"},"geometry":{"type":"LineString","coordinates":[[106.53545,29.380561],[106.520039,29.378469]]}},{"type":"Feature","properties":{"shape_id":"{}","direction_id":"{\"0\": 50}","headsign":"{}","duration_avg":180,"n_vehicles":50,"d":1800,"route_I_counts":"{\"4\": 50}","source":222,"target":223,"layer":"L","from":"重庆鱼胡路(地铁站)","to":"重庆学堂湾(地铁站)"},"geometry":{"type":"LineString","coordinates":[[106.53545,29.380561],[106.53935,29.40095]]}},{"type":"Feature","properties":{"shape_id":"{}","direction_id":"{\"1\": 50}","headsign":"{}","duration_avg":180,"n_vehicles":50,"d":1800,"route_I_counts":"{\"4\": 50}","source":223,"target":222,"layer":"L","from":"重庆学堂湾(地铁站)","to":"重庆鱼胡路(地铁站)"},"geometry":{"type":"LineString","coordinates":[[106.53935,29.40095],[106.53545,29.380561]]}},{"type":"Feature","properties":{"shape_id":"{}","direction_id":"{\"0\": 50}","headsign":"{}","duration_avg":120,"n_vehicles":50,"d":1200,"route_I_counts":"{\"4\": 50}","source":223,"target":224,"layer":"L","from":"重庆学堂湾(地铁站)","to":"重庆大山村(地铁站)"},"geometry":{"type":"LineString","coordinates":[[106.53935,29.40095],[106.539889,29.415694]]}},{"type":"Feature","properties":{"shape_id":"{}","direction_id":"{\"1\": 50}","headsign":"{}","duration_avg":120,"n_vehicles":50,"d":1200,"route_I_counts":"{\"4\": 50}","source":224,"target":223,"layer":"L","from":"重庆大山村(地铁站)","to":"重庆学堂湾(地铁站)"},"geometry":{"type":"LineString","coordinates":[[106.539889,29.415694],[106.53935,29.40095]]}},{"type":"Feature","properties":{"shape_id":"{}","direction_id":"{\"0\": 50}","headsign":"{}","duration_avg":240,"n_vehicles":50,"d":2400,"route_I_counts":"{\"4\": 50}","source":224,"target":225,"layer":"L","from":"重庆大山村(地铁站)","to":"重庆花溪(地铁站)"},"geometry":{"type":"LineString","coordinates":[[106.539889,29.415694],[106.546669,29.435161]]}},{"type":"Feature","properties":{"shape_id":"{}","direction_id":"{\"1\": 50}","headsign":"{}","duration_avg":240,"n_vehicles":50,"d":2400,"route_I_counts":"{\"4\": 50}","source":225,"target":224,"layer":"L","from":"重庆花溪(地铁站)","to":"重庆大山村(地铁站)"},"geometry":{"type":"LineString","coordinates":[[106.546669,29.435161],[106.539889,29.415694]]}},{"type":"Feature","properties":{"shape_id":"{}","direction_id":"{\"0\": 50}","headsign":"{}","duration_avg":180,"n_vehicles":50,"d":1800,"route_I_counts":"{\"4\": 50}","source":225,"target":226,"layer":"L","from":"重庆花溪(地铁站)","to":"重庆岔路口(地铁站)"},"geometry":{"type":"LineString","coordinates":[[106.546669,29.435161],[106.550861,29.451511]]}},{"type":"Feature","properties":{"shape_id":"{}","direction_id":"{\"1\": 50}","headsign":"{}","duration_avg":180,"n_vehicles":50,"d":1800,"route_I_counts":"{\"4\": 50}","source":226,"target":225,"layer":"L","from":"重庆岔路口(地铁站)","to":"重庆花溪(地铁站)"},"geometry":{"type":"LineString","coordinates":[[106.550861,29.451511],[106.546669,29.435161]]}},{"type":"Feature","properties":{"shape_id":"{}","direction_id":"{\"0\": 50}","headsign":"{}","duration_avg":120,"n_vehicles":50,"d":1200,"route_I_counts":"{\"4\": 50}","source":226,"target":227,"layer":"L","from":"重庆岔路口(地铁站)","to":"重庆九公里(地铁站)"},"geometry":{"type":"LineString","coordinates":[[106.550861,29.451511],[106.555339,29.461319]]}},{"type":"Feature","properties":{"shape_id":"{}","direction_id":"{\"1\": 50}","headsign":"{}","duration_avg":120,"n_vehicles":50,"d":1200,"route_I_counts":"{\"4\": 50}","source":227,"target":226,"layer":"L","from":"重庆九公里(地铁站)","to":"重庆岔路口(地铁站)"},"geometry":{"type":"LineString","coordinates":[[106.555339,29.461319],[106.550861,29.451511]]}},{"type":"Feature","properties":{"shape_id":"{}","direction_id":"{\"0\": 50}","headsign":"{}","duration_avg":180,"n_vehicles":50,"d":1800,"route_I_counts":"{\"4\": 50}","source":227,"target":228,"layer":"L","from":"重庆九公里(地铁站)","to":"重庆麒龙(地铁站)"},"geometry":{"type":"LineString","coordinates":[[106.555339,29.461319],[106.558889,29.469889]]}},{"type":"Feature","properties":{"shape_id":"{}","direction_id":"{\"1\": 50}","headsign":"{}","duration_avg":180,"n_vehicles":50,"d":1800,"route_I_counts":"{\"4\": 50}","source":228,"target":227,"layer":"L","from":"重庆麒龙(地铁站)","to":"重庆九公里(地铁站)"},"geometry":{"type":"LineString","coordinates":[[106.558889,29.469889],[106.555339,29.461319]]}},{"type":"Feature","properties":{"shape_id":"{}","direction_id":"{\"0\": 50}","headsign":"{}","duration_avg":120,"n_vehicles":50,"d":1200,"route_I_counts":"{\"4\": 50}","source":228,"target":229,"layer":"L","from":"重庆麒龙(地铁站)","to":"重庆八公里(地铁站)"},"geometry":{"type":"LineString","coordinates":[[106.558889,29.469889],[106.562211,29.481061]]}},{"type":"Feature","properties":{"shape_id":"{}","direction_id":"{\"1\": 50}","headsign":"{}","duration_avg":120,"n_vehicles":50,"d":1200,"route_I_counts":"{\"4\": 50}","source":229,"target":228,"layer":"L","from":"重庆八公里(地铁站)","to":"重庆麒龙(地铁站)"},"geometry":{"type":"LineString","coordinates":[[106.562211,29.481061],[106.558889,29.469889]]}},{"type":"Feature","properties":{"shape_id":"{}","direction_id":"{\"0\": 50}","headsign":"{}","duration_avg":180,"n_vehicles":50,"d":1800,"route_I_counts":"{\"4\": 50}","source":229,"target":230,"layer":"L","from":"重庆八公里(地铁站)","to":"重庆重庆交通大学(地铁站)"},"geometry":{"type":"LineString","coordinates":[[106.562211,29.481061],[106.569131,29.491419]]}},{"type":"Feature","properties":{"shape_id":"{}","direction_id":"{\"1\": 50}","headsign":"{}","duration_avg":180,"n_vehicles":50,"d":1800,"route_I_counts":"{\"4\": 50}","source":230,"target":229,"layer":"L","from":"重庆重庆交通大学(地铁站)","to":"重庆八公里(地铁站)"},"geometry":{"type":"LineString","coordinates":[[106.569131,29.491419],[106.562211,29.481061]]}},{"type":"Feature","properties":{"shape_id":"{}","direction_id":"{\"0\": 50}","headsign":"{}","duration_avg":120,"n_vehicles":50,"d":1200,"route_I_counts":"{\"4\": 50}","source":230,"target":231,"layer":"L","from":"重庆重庆交通大学(地铁站)","to":"重庆六公里(地铁站)"},"geometry":{"type":"LineString","coordinates":[[106.569131,29.491419],[106.569631,29.50055]]}},{"type":"Feature","properties":{"shape_id":"{}","direction_id":"{\"1\": 50}","headsign":"{}","duration_avg":120,"n_vehicles":50,"d":1200,"route_I_counts":"{\"4\": 50}","source":231,"target":230,"layer":"L","from":"重庆六公里(地铁站)","to":"重庆重庆交通大学(地铁站)"},"geometry":{"type":"LineString","coordinates":[[106.569631,29.50055],[106.569131,29.491419]]}},{"type":"Feature","properties":{"shape_id":"{}","direction_id":"{\"0\": 50}","headsign":"{}","duration_avg":120,"n_vehicles":50,"d":1200,"route_I_counts":"{\"4\": 50}","source":231,"target":232,"layer":"L","from":"重庆六公里(地铁站)","to":"重庆重庆工商大学(地铁站)"},"geometry":{"type":"LineString","coordinates":[[106.569631,29.50055],[106.570139,29.510281]]}},{"type":"Feature","properties":{"shape_id":"{}","direction_id":"{\"1\": 50}","headsign":"{}","duration_avg":120,"n_vehicles":50,"d":1200,"route_I_counts":"{\"4\": 50}","source":232,"target":231,"layer":"L","from":"重庆重庆工商大学(地铁站)","to":"重庆六公里(地铁站)"},"geometry":{"type":"LineString","coordinates":[[106.570139,29.510281],[106.569631,29.50055]]}},{"type":"Feature","properties":{"shape_id":"{}","direction_id":"{\"0\": 50}","headsign":"{}","duration_avg":180,"n_vehicles":50,"d":1800,"route_I_counts":"{\"4\": 50}","source":232,"target":204,"layer":"L","from":"重庆重庆工商大学(地铁站)","to":"重庆四公里(地铁站)"},"geometry":{"type":"LineString","coordinates":[[106.570139,29.510281],[106.574084,29.520866]]}},{"type":"Feature","properties":{"shape_id":"{}","direction_id":"{\"1\": 50}","headsign":"{}","duration_avg":180,"n_vehicles":50,"d":1800,"route_I_counts":"{\"4\": 50}","source":204,"target":232,"layer":"L","from":"重庆四公里(地铁站)","to":"重庆重庆工商大学(地铁站)"},"geometry":{"type":"LineString","coordinates":[[106.574084,29.520866],[106.570139,29.510281]]}},{"type":"Feature","properties":{"shape_id":"{}","direction_id":"{\"0\": 50}","headsign":"{}","duration_avg":120,"n_vehicles":50,"d":1200,"route_I_counts":"{\"4\": 50}","source":204,"target":152,"layer":"L","from":"重庆四公里(地铁站)","to":"重庆南坪(地铁站)"},"geometry":{"type":"LineString","coordinates":[[106.574084,29.520866],[106.566249,29.530037]]}},{"type":"Feature","properties":{"shape_id":"{}","direction_id":"{\"1\": 50}","headsign":"{}","duration_avg":120,"n_vehicles":50,"d":1200,"route_I_counts":"{\"4\": 50}","source":152,"target":204,"layer":"L","from":"重庆南坪(地铁站)","to":"重庆四公里(地铁站)"},"geometry":{"type":"LineString","coordinates":[[106.566249,29.530037],[106.574084,29.520866]]}},{"type":"Feature","properties":{"shape_id":"{}","direction_id":"{\"0\": 50}","headsign":"{}","duration_avg":180,"n_vehicles":50,"d":1800,"route_I_counts":"{\"4\": 50}","source":152,"target":233,"layer":"L","from":"重庆南坪(地铁站)","to":"重庆工贸(地铁站)"},"geometry":{"type":"LineString","coordinates":[[106.566249,29.530037],[106.559691,29.535102]]}},{"type":"Feature","properties":{"shape_id":"{}","direction_id":"{\"1\": 50}","headsign":"{}","duration_avg":180,"n_vehicles":50,"d":1800,"route_I_counts":"{\"4\": 50}","source":233,"target":152,"layer":"L","from":"重庆工贸(地铁站)","to":"重庆南坪(地铁站)"},"geometry":{"type":"LineString","coordinates":[[106.559691,29.535102],[106.566249,29.530037]]}},{"type":"Feature","properties":{"shape_id":"{}","direction_id":"{\"0\": 50}","headsign":"{}","duration_avg":120,"n_vehicles":50,"d":1200,"route_I_counts":"{\"4\": 50}","source":233,"target":234,"layer":"L","from":"重庆工贸(地铁站)","to":"重庆铜元局(地铁站)"},"geometry":{"type":"LineString","coordinates":[[106.559691,29.535102],[106.547807,29.539167]]}},{"type":"Feature","properties":{"shape_id":"{}","direction_id":"{\"1\": 50}","headsign":"{}","duration_avg":120,"n_vehicles":50,"d":1200,"route_I_counts":"{\"4\": 50}","source":234,"target":233,"layer":"L","from":"重庆铜元局(地铁站)","to":"重庆工贸(地铁站)"},"geometry":{"type":"LineString","coordinates":[[106.547807,29.539167],[106.559691,29.535102]]}},{"type":"Feature","properties":{"shape_id":"{}","direction_id":"{\"0\": 50}","headsign":"{}","duration_avg":180,"n_vehicles":50,"d":1800,"route_I_counts":"{\"4\": 50}","source":234,"target":20,"layer":"L","from":"重庆铜元局(地铁站)","to":"重庆两路口(地铁站)"},"geometry":{"type":"LineString","coordinates":[[106.547807,29.539167],[106.544792,29.55571]]}},{"type":"Feature","properties":{"shape_id":"{}","direction_id":"{\"1\": 50}","headsign":"{}","duration_avg":180,"n_vehicles":50,"d":1800,"route_I_counts":"{\"4\": 50}","source":20,"target":234,"layer":"L","from":"重庆两路口(地铁站)","to":"重庆铜元局(地铁站)"},"geometry":{"type":"LineString","coordinates":[[106.544792,29.55571],[106.547807,29.539167]]}},{"type":"Feature","properties":{"shape_id":"{}","direction_id":"{\"0\": 50}","headsign":"{}","duration_avg":180,"n_vehicles":50,"d":1800,"route_I_counts":"{\"4\": 50}","source":20,"target":29,"layer":"L","from":"重庆两路口(地铁站)","to":"重庆牛角沱(地铁站)"},"geometry":{"type":"LineString","coordinates":[[106.544792,29.55571],[106.538871,29.563509]]}},{"type":"Feature","properties":{"shape_id":"{}","direction_id":"{\"1\": 50}","headsign":"{}","duration_avg":180,"n_vehicles":50,"d":1800,"route_I_counts":"{\"4\": 50}","source":29,"target":20,"layer":"L","from":"重庆牛角沱(地铁站)","to":"重庆两路口(地铁站)"},"geometry":{"type":"LineString","coordinates":[[106.538871,29.563509],[106.544792,29.55571]]}},{"type":"Feature","properties":{"shape_id":"{}","direction_id":"{\"0\": 50}","headsign":"{}","duration_avg":120,"n_vehicles":50,"d":1200,"route_I_counts":"{\"4\": 50}","source":29,"target":235,"layer":"L","from":"重庆牛角沱(地铁站)","to":"重庆华新街(地铁站)"},"geometry":{"type":"LineString","coordinates":[[106.538871,29.563509],[106.53346,29.566776]]}},{"type":"Feature","properties":{"shape_id":"{}","direction_id":"{\"1\": 50}","headsign":"{}","duration_avg":120,"n_vehicles":50,"d":1200,"route_I_counts":"{\"4\": 50}","source":235,"target":29,"layer":"L","from":"重庆华新街(地铁站)","to":"重庆牛角沱(地铁站)"},"geometry":{"type":"LineString","coordinates":[[106.53346,29.566776],[106.538871,29.563509]]}},{"type":"Feature","properties":{"shape_id":"{}","direction_id":"{\"0\": 50}","headsign":"{}","duration_avg":120,"n_vehicles":50,"d":1200,"route_I_counts":"{\"4\": 50}","source":235,"target":118,"layer":"L","from":"重庆华新街(地铁站)","to":"重庆观音桥(地铁站)"},"geometry":{"type":"LineString","coordinates":[[106.53346,29.566776],[106.530772,29.575738]]}},{"type":"Feature","properties":{"shape_id":"{}","direction_id":"{\"1\": 50}","headsign":"{}","duration_avg":120,"n_vehicles":50,"d":1200,"route_I_counts":"{\"4\": 50}","source":118,"target":235,"layer":"L","from":"重庆观音桥(地铁站)","to":"重庆华新街(地铁站)"},"geometry":{"type":"LineString","coordinates":[[106.530772,29.575738],[106.53346,29.566776]]}},{"type":"Feature","properties":{"shape_id":"{}","direction_id":"{\"0\": 50}","headsign":"{}","duration_avg":180,"n_vehicles":50,"d":1800,"route_I_counts":"{\"4\": 50}","source":118,"target":95,"layer":"L","from":"重庆观音桥(地铁站)","to":"重庆红旗河沟(地铁站)"},"geometry":{"type":"LineString","coordinates":[[106.530772,29.575738],[106.52244,29.588168]]}},{"type":"Feature","properties":{"shape_id":"{}","direction_id":"{\"1\": 50}","headsign":"{}","duration_avg":180,"n_vehicles":50,"d":1800,"route_I_counts":"{\"4\": 50}","source":95,"target":118,"layer":"L","from":"重庆红旗河沟(地铁站)","to":"重庆观音桥(地铁站)"},"geometry":{"type":"LineString","coordinates":[[106.52244,29.588168],[106.530772,29.575738]]}},{"type":"Feature","properties":{"shape_id":"{}","direction_id":"{\"0\": 50}","headsign":"{}","duration_avg":180,"n_vehicles":50,"d":1800,"route_I_counts":"{\"4\": 50}","source":95,"target":236,"layer":"L","from":"重庆红旗河沟(地铁站)","to":"重庆嘉州路(地铁站)"},"geometry":{"type":"LineString","coordinates":[[106.52244,29.588168],[106.51824,29.598358]]}},{"type":"Feature","properties":{"shape_id":"{}","direction_id":"{\"1\": 50}","headsign":"{}","duration_avg":180,"n_vehicles":50,"d":1800,"route_I_counts":"{\"4\": 50}","source":236,"target":95,"layer":"L","from":"重庆嘉州路(地铁站)","to":"重庆红旗河沟(地铁站)"},"geometry":{"type":"LineString","coordinates":[[106.51824,29.598358],[106.52244,29.588168]]}},{"type":"Feature","properties":{"shape_id":"{}","direction_id":"{\"0\": 50}","headsign":"{}","duration_avg":120,"n_vehicles":50,"d":1200,"route_I_counts":"{\"4\": 50}","source":236,"target":237,"layer":"L","from":"重庆嘉州路(地铁站)","to":"重庆郑家院子(地铁站)"},"geometry":{"type":"LineString","coordinates":[[106.51824,29.598358],[106.52665,29.602361]]}},{"type":"Feature","properties":{"shape_id":"{}","direction_id":"{\"1\": 50}","headsign":"{}","duration_avg":120,"n_vehicles":50,"d":1200,"route_I_counts":"{\"4\": 50}","source":237,"target":236,"layer":"L","from":"重庆郑家院子(地铁站)","to":"重庆嘉州路(地铁站)"},"geometry":{"type":"LineString","coordinates":[[106.52665,29.602361],[106.51824,29.598358]]}},{"type":"Feature","properties":{"shape_id":"{}","direction_id":"{\"0\": 50}","headsign":"{}","duration_avg":120,"n_vehicles":50,"d":1200,"route_I_counts":"{\"4\": 50}","source":237,"target":238,"layer":"L","from":"重庆郑家院子(地铁站)","to":"重庆唐家院子(地铁站)"},"geometry":{"type":"LineString","coordinates":[[106.52665,29.602361],[106.536869,29.601989]]}},{"type":"Feature","properties":{"shape_id":"{}","direction_id":"{\"1\": 50}","headsign":"{}","duration_avg":120,"n_vehicles":50,"d":1200,"route_I_counts":"{\"4\": 50}","source":238,"target":237,"layer":"L","from":"重庆唐家院子(地铁站)","to":"重庆郑家院子(地铁站)"},"geometry":{"type":"LineString","coordinates":[[106.536869,29.601989],[106.52665,29.602361]]}},{"type":"Feature","properties":{"shape_id":"{}","direction_id":"{\"0\": 50}","headsign":"{}","duration_avg":180,"n_vehicles":50,"d":1800,"route_I_counts":"{\"4\": 50}","source":238,"target":239,"layer":"L","from":"重庆唐家院子(地铁站)","to":"重庆狮子坪(地铁站)"},"geometry":{"type":"LineString","coordinates":[[106.536869,29.601989],[106.545411,29.604119]]}},{"type":"Feature","properties":{"shape_id":"{}","direction_id":"{\"1\": 50}","headsign":"{}","duration_avg":180,"n_vehicles":50,"d":1800,"route_I_counts":"{\"4\": 50}","source":239,"target":238,"layer":"L","from":"重庆狮子坪(地铁站)","to":"重庆唐家院子(地铁站)"},"geometry":{"type":"LineString","coordinates":[[106.545411,29.604119],[106.536869,29.601989]]}},{"type":"Feature","properties":{"shape_id":"{}","direction_id":"{\"0\": 50}","headsign":"{}","duration_avg":120,"n_vehicles":50,"d":1200,"route_I_counts":"{\"4\": 50}","source":239,"target":148,"layer":"L","from":"重庆狮子坪(地铁站)","to":"重庆重庆北站南广场(地铁站)"},"geometry":{"type":"LineString","coordinates":[[106.545411,29.604119],[106.547141,29.609401]]}},{"type":"Feature","properties":{"shape_id":"{}","direction_id":"{\"1\": 50}","headsign":"{}","duration_avg":120,"n_vehicles":50,"d":1200,"route_I_counts":"{\"4\": 50}","source":148,"target":239,"layer":"L","from":"重庆重庆北站南广场(地铁站)","to":"重庆狮子坪(地铁站)"},"geometry":{"type":"LineString","coordinates":[[106.547141,29.609401],[106.545411,29.604119]]}},{"type":"Feature","properties":{"shape_id":"{}","direction_id":"{\"0\": 50}","headsign":"{}","duration_avg":120,"n_vehicles":50,"d":1200,"route_I_counts":"{\"4\": 50}","source":148,"target":240,"layer":"L","from":"重庆重庆北站南广场(地铁站)","to":"重庆龙头寺(地铁站)"},"geometry":{"type":"LineString","coordinates":[[106.547141,29.609401],[106.545944,29.619655]]}},{"type":"Feature","properties":{"shape_id":"{}","direction_id":"{\"1\": 50}","headsign":"{}","duration_avg":120,"n_vehicles":50,"d":1200,"route_I_counts":"{\"4\": 50}","source":240,"target":148,"layer":"L","from":"重庆龙头寺(地铁站)","to":"重庆重庆北站南广场(地铁站)"},"geometry":{"type":"LineString","coordinates":[[106.545944,29.619655],[106.547141,29.609401]]}},{"type":"Feature","properties":{"shape_id":"{}","direction_id":"{\"0\": 50}","headsign":"{}","duration_avg":120,"n_vehicles":50,"d":1200,"route_I_counts":"{\"4\": 50}","source":240,"target":241,"layer":"L","from":"重庆龙头寺(地铁站)","to":"重庆童家院子(地铁站)"},"geometry":{"type":"LineString","coordinates":[[106.545944,29.619655],[106.551437,29.631229]]}},{"type":"Feature","properties":{"shape_id":"{}","direction_id":"{\"1\": 50}","headsign":"{}","duration_avg":120,"n_vehicles":50,"d":1200,"route_I_counts":"{\"4\": 50}","source":241,"target":240,"layer":"L","from":"重庆童家院子(地铁站)","to":"重庆龙头寺(地铁站)"},"geometry":{"type":"LineString","coordinates":[[106.551437,29.631229],[106.545944,29.619655]]}},{"type":"Feature","properties":{"shape_id":"{}","direction_id":"{\"0\": 50}","headsign":"{}","duration_avg":180,"n_vehicles":50,"d":1800,"route_I_counts":"{\"4\": 50}","source":241,"target":242,"layer":"L","from":"重庆童家院子(地铁站)","to":"重庆金渝(地铁站)"},"geometry":{"type":"LineString","coordinates":[[106.551437,29.631229],[106.566905,29.638195]]}},{"type":"Feature","properties":{"shape_id":"{}","direction_id":"{\"1\": 50}","headsign":"{}","duration_avg":180,"n_vehicles":50,"d":1800,"route_I_counts":"{\"4\": 50}","source":242,"target":241,"layer":"L","from":"重庆金渝(地铁站)","to":"重庆童家院子(地铁站)"},"geometry":{"type":"LineString","coordinates":[[106.566905,29.638195],[106.551437,29.631229]]}},{"type":"Feature","properties":{"shape_id":"{}","direction_id":"{\"0\": 50}","headsign":"{}","duration_avg":120,"n_vehicles":50,"d":1200,"route_I_counts":"{\"4\": 50}","source":242,"target":243,"layer":"L","from":"重庆金渝(地铁站)","to":"重庆金童路(地铁站)"},"geometry":{"type":"LineString","coordinates":[[106.566905,29.638195],[106.56378,29.646105]]}},{"type":"Feature","properties":{"shape_id":"{}","direction_id":"{\"1\": 50}","headsign":"{}","duration_avg":120,"n_vehicles":50,"d":1200,"route_I_counts":"{\"4\": 50}","source":243,"target":242,"layer":"L","from":"重庆金童路(地铁站)","to":"重庆金渝(地铁站)"},"geometry":{"type":"LineString","coordinates":[[106.56378,29.646105],[106.566905,29.638195]]}},{"type":"Feature","properties":{"shape_id":"{}","direction_id":"{\"0\": 50}","headsign":"{}","duration_avg":180,"n_vehicles":50,"d":1800,"route_I_counts":"{\"4\": 50}","source":243,"target":244,"layer":"L","from":"重庆金童路(地铁站)","to":"重庆鸳鸯(地铁站)"},"geometry":{"type":"LineString","coordinates":[[106.56378,29.646105],[106.556497,29.664187]]}},{"type":"Feature","properties":{"shape_id":"{}","direction_id":"{\"1\": 50}","headsign":"{}","duration_avg":180,"n_vehicles":50,"d":1800,"route_I_counts":"{\"4\": 50}","source":244,"target":243,"layer":"L","from":"重庆鸳鸯(地铁站)","to":"重庆金童路(地铁站)"},"geometry":{"type":"LineString","coordinates":[[106.556497,29.664187],[106.56378,29.646105]]}},{"type":"Feature","properties":{"shape_id":"{}","direction_id":"{\"0\": 50}","headsign":"{}","duration_avg":180,"n_vehicles":50,"d":1800,"route_I_counts":"{\"4\": 50}","source":244,"target":245,"layer":"L","from":"重庆鸳鸯(地铁站)","to":"重庆园博园(地铁站)"},"geometry":{"type":"LineString","coordinates":[[106.556497,29.664187],[106.560104,29.677499]]}},{"type":"Feature","properties":{"shape_id":"{}","direction_id":"{\"1\": 50}","headsign":"{}","duration_avg":180,"n_vehicles":50,"d":1800,"route_I_counts":"{\"4\": 50}","source":245,"target":244,"layer":"L","from":"重庆园博园(地铁站)","to":"重庆鸳鸯(地铁站)"},"geometry":{"type":"LineString","coordinates":[[106.560104,29.677499],[106.556497,29.664187]]}},{"type":"Feature","properties":{"shape_id":"{}","direction_id":"{\"0\": 50}","headsign":"{}","duration_avg":120,"n_vehicles":50,"d":1200,"route_I_counts":"{\"4\": 50}","source":245,"target":246,"layer":"L","from":"重庆园博园(地铁站)","to":"重庆翠云(地铁站)"},"geometry":{"type":"LineString","coordinates":[[106.560104,29.677499],[106.568903,29.688668]]}},{"type":"Feature","properties":{"shape_id":"{}","direction_id":"{\"1\": 50}","headsign":"{}","duration_avg":120,"n_vehicles":50,"d":1200,"route_I_counts":"{\"4\": 50}","source":246,"target":245,"layer":"L","from":"重庆翠云(地铁站)","to":"重庆园博园(地铁站)"},"geometry":{"type":"LineString","coordinates":[[106.568903,29.688668],[106.560104,29.677499]]}},{"type":"Feature","properties":{"shape_id":"{}","direction_id":"{\"0\": 50}","headsign":"{}","duration_avg":180,"n_vehicles":50,"d":1800,"route_I_counts":"{\"4\": 50}","source":246,"target":247,"layer":"L","from":"重庆翠云(地铁站)","to":"重庆长福路(地铁站)"},"geometry":{"type":"LineString","coordinates":[[106.568903,29.688668],[106.584949,29.690379]]}},{"type":"Feature","properties":{"shape_id":"{}","direction_id":"{\"1\": 50}","headsign":"{}","duration_avg":180,"n_vehicles":50,"d":1800,"route_I_counts":"{\"4\": 50}","source":247,"target":246,"layer":"L","from":"重庆长福路(地铁站)","to":"重庆翠云(地铁站)"},"geometry":{"type":"LineString","coordinates":[[106.584949,29.690379],[106.568903,29.688668]]}},{"type":"Feature","properties":{"shape_id":"{}","direction_id":"{\"0\": 50}","headsign":"{}","duration_avg":240,"n_vehicles":50,"d":2400,"route_I_counts":"{\"4\": 50}","source":247,"target":248,"layer":"L","from":"重庆长福路(地铁站)","to":"重庆回兴(地铁站)"},"geometry":{"type":"LineString","coordinates":[[106.584949,29.690379],[106.602011,29.693181]]}},{"type":"Feature","properties":{"shape_id":"{}","direction_id":"{\"1\": 50}","headsign":"{}","duration_avg":240,"n_vehicles":50,"d":2400,"route_I_counts":"{\"4\": 50}","source":248,"target":247,"layer":"L","from":"重庆回兴(地铁站)","to":"重庆长福路(地铁站)"},"geometry":{"type":"LineString","coordinates":[[106.602011,29.693181],[106.584949,29.690379]]}},{"type":"Feature","properties":{"shape_id":"{}","direction_id":"{\"0\": 50}","headsign":"{}","duration_avg":120,"n_vehicles":50,"d":1200,"route_I_counts":"{\"4\": 50}","source":248,"target":249,"layer":"L","from":"重庆回兴(地铁站)","to":"重庆双龙(地铁站)"},"geometry":{"type":"LineString","coordinates":[[106.602011,29.693181],[106.615111,29.700719]]}},{"type":"Feature","properties":{"shape_id":"{}","direction_id":"{\"1\": 50}","headsign":"{}","duration_avg":120,"n_vehicles":50,"d":1200,"route_I_counts":"{\"4\": 50}","source":249,"target":248,"layer":"L","from":"重庆双龙(地铁站)","to":"重庆回兴(地铁站)"},"geometry":{"type":"LineString","coordinates":[[106.615111,29.700719],[106.602011,29.693181]]}},{"type":"Feature","properties":{"shape_id":"{}","direction_id":"{\"0\": 50}","headsign":"{}","duration_avg":240,"n_vehicles":50,"d":2400,"route_I_counts":"{\"4\": 50}","source":249,"target":48,"layer":"L","from":"重庆双龙(地铁站)","to":"重庆碧津(地铁站)"},"geometry":{"type":"LineString","coordinates":[[106.615111,29.700719],[106.628899,29.713987]]}},{"type":"Feature","properties":{"shape_id":"{}","direction_id":"{\"1\": 50}","headsign":"{}","duration_avg":240,"n_vehicles":50,"d":2400,"route_I_counts":"{\"4\": 50}","source":48,"target":249,"layer":"L","from":"重庆碧津(地铁站)","to":"重庆双龙(地铁站)"},"geometry":{"type":"LineString","coordinates":[[106.628899,29.713987],[106.615111,29.700719]]}},{"type":"Feature","properties":{"shape_id":"{}","direction_id":"{\"0\": 50}","headsign":"{}","duration_avg":120,"n_vehicles":50,"d":1200,"route_I_counts":"{\"4\": 50}","source":48,"target":141,"layer":"L","from":"重庆碧津(地铁站)","to":"重庆江北机场T2航站楼(地铁站)"},"geometry":{"type":"LineString","coordinates":[[106.628899,29.713987],[106.63258,29.719686]]}},{"type":"Feature","properties":{"shape_id":"{}","direction_id":"{\"1\": 50}","headsign":"{}","duration_avg":120,"n_vehicles":50,"d":1200,"route_I_counts":"{\"4\": 50}","source":141,"target":48,"layer":"L","from":"重庆江北机场T2航站楼(地铁站)","to":"重庆碧津(地铁站)"},"geometry":{"type":"LineString","coordinates":[[106.63258,29.719686],[106.628899,29.713987]]}},{"type":"Feature","properties":{"shape_id":"{}","direction_id":"{\"0\": 50}","headsign":"{}","duration_avg":240,"n_vehicles":50,"d":2400,"route_I_counts":"{\"17\": 50}","source":196,"target":147,"layer":"L","from":"重庆民安大道(地铁站)","to":"重庆重庆北站北广场(地铁站)"},"geometry":{"type":"LineString","coordinates":[[106.524646,29.61149],[106.547451,29.614864]]}},{"type":"Feature","properties":{"shape_id":"{}","direction_id":"{\"1\": 50}","headsign":"{}","duration_avg":240,"n_vehicles":50,"d":2400,"route_I_counts":"{\"17\": 50}","source":147,"target":196,"layer":"L","from":"重庆重庆北站北广场(地铁站)","to":"重庆民安大道(地铁站)"},"geometry":{"type":"LineString","coordinates":[[106.547451,29.614864],[106.524646,29.61149]]}},{"type":"Feature","properties":{"shape_id":"{}","direction_id":"{\"0\": 50}","headsign":"{}","duration_avg":240,"n_vehicles":50,"d":2400,"route_I_counts":"{\"17\": 50}","source":147,"target":122,"layer":"L","from":"重庆重庆北站北广场(地铁站)","to":"重庆头塘(地铁站)"},"geometry":{"type":"LineString","coordinates":[[106.547451,29.614864],[106.569632,29.611077]]}},{"type":"Feature","properties":{"shape_id":"{}","direction_id":"{\"1\": 50}","headsign":"{}","duration_avg":240,"n_vehicles":50,"d":2400,"route_I_counts":"{\"17\": 50}","source":122,"target":147,"layer":"L","from":"重庆头塘(地铁站)","to":"重庆重庆北站北广场(地铁站)"},"geometry":{"type":"LineString","coordinates":[[106.569632,29.611077],[106.547451,29.614864]]}},{"type":"Feature","properties":{"shape_id":"{}","direction_id":"{\"0\": 50}","headsign":"{}","duration_avg":240,"n_vehicles":50,"d":2400,"route_I_counts":"{\"17\": 50}","source":123,"target":250,"layer":"L","from":"重庆保税港(地铁站)","to":"重庆寸滩(地铁站)"},"geometry":{"type":"LineString","coordinates":[[106.579998,29.619481],[106.60258,29.62469]]}},{"type":"Feature","properties":{"shape_id":"{}","direction_id":"{\"1\": 50}","headsign":"{}","duration_avg":240,"n_vehicles":50,"d":2400,"route_I_counts":"{\"17\": 50}","source":250,"target":123,"layer":"L","from":"重庆寸滩(地铁站)","to":"重庆保税港(地铁站)"},"geometry":{"type":"LineString","coordinates":[[106.60258,29.62469],[106.579998,29.619481]]}},{"type":"Feature","properties":{"shape_id":"{}","direction_id":"{\"0\": 50}","headsign":"{}","duration_avg":120,"n_vehicles":50,"d":1200,"route_I_counts":"{\"17\": 50}","source":250,"target":251,"layer":"L","from":"重庆寸滩(地铁站)","to":"重庆黑石子(地铁站)"},"geometry":{"type":"LineString","coordinates":[[106.60258,29.62469],[106.616881,29.627531]]}},{"type":"Feature","properties":{"shape_id":"{}","direction_id":"{\"1\": 50}","headsign":"{}","duration_avg":120,"n_vehicles":50,"d":1200,"route_I_counts":"{\"17\": 50}","source":251,"target":250,"layer":"L","from":"重庆黑石子(地铁站)","to":"重庆寸滩(地铁站)"},"geometry":{"type":"LineString","coordinates":[[106.616881,29.627531],[106.60258,29.62469]]}},{"type":"Feature","properties":{"shape_id":"{}","direction_id":"{\"0\": 50}","headsign":"{}","duration_avg":180,"n_vehicles":50,"d":1800,"route_I_counts":"{\"17\": 50}","source":251,"target":252,"layer":"L","from":"重庆黑石子(地铁站)","to":"重庆港城(地铁站)"},"geometry":{"type":"LineString","coordinates":[[106.616881,29.627531],[106.63029,29.62199]]}},{"type":"Feature","properties":{"shape_id":"{}","direction_id":"{\"1\": 50}","headsign":"{}","duration_avg":180,"n_vehicles":50,"d":1800,"route_I_counts":"{\"17\": 50}","source":252,"target":251,"layer":"L","from":"重庆港城(地铁站)","to":"重庆黑石子(地铁站)"},"geometry":{"type":"LineString","coordinates":[[106.63029,29.62199],[106.616881,29.627531]]}},{"type":"Feature","properties":{"shape_id":"{}","direction_id":"{\"0\": 50}","headsign":"{}","duration_avg":120,"n_vehicles":50,"d":1200,"route_I_counts":"{\"17\": 50}","source":252,"target":253,"layer":"L","from":"重庆港城(地铁站)","to":"重庆太平冲(地铁站)"},"geometry":{"type":"LineString","coordinates":[[106.63029,29.62199],[106.63783,29.60873]]}},{"type":"Feature","properties":{"shape_id":"{}","direction_id":"{\"1\": 50}","headsign":"{}","duration_avg":120,"n_vehicles":50,"d":1200,"route_I_counts":"{\"17\": 50}","source":253,"target":252,"layer":"L","from":"重庆太平冲(地铁站)","to":"重庆港城(地铁站)"},"geometry":{"type":"LineString","coordinates":[[106.63783,29.60873],[106.63029,29.62199]]}},{"type":"Feature","properties":{"shape_id":"{}","direction_id":"{\"0\": 50}","headsign":"{}","duration_avg":180,"n_vehicles":50,"d":1800,"route_I_counts":"{\"17\": 50}","source":253,"target":254,"layer":"L","from":"重庆太平冲(地铁站)","to":"重庆唐家沱(地铁站)"},"geometry":{"type":"LineString","coordinates":[[106.63783,29.60873],[106.656733,29.609194]]}},{"type":"Feature","properties":{"shape_id":"{}","direction_id":"{\"1\": 50}","headsign":"{}","duration_avg":180,"n_vehicles":50,"d":1800,"route_I_counts":"{\"17\": 50}","source":254,"target":253,"layer":"L","from":"重庆唐家沱(地铁站)","to":"重庆太平冲(地铁站)"},"geometry":{"type":"LineString","coordinates":[[106.656733,29.609194],[106.63783,29.60873]]}},{"type":"Feature","properties":{"shape_id":"{}","direction_id":"{\"0\": 50}","headsign":"{}","duration_avg":180,"n_vehicles":50,"d":1800,"route_I_counts":"{\"17\": 50}","source":254,"target":255,"layer":"L","from":"重庆唐家沱(地铁站)","to":"重庆铁山坪(地铁站)"},"geometry":{"type":"LineString","coordinates":[[106.656733,29.609194],[106.66586,29.61691]]}},{"type":"Feature","properties":{"shape_id":"{}","direction_id":"{\"1\": 50}","headsign":"{}","duration_avg":180,"n_vehicles":50,"d":1800,"route_I_counts":"{\"17\": 50}","source":255,"target":254,"layer":"L","from":"重庆铁山坪(地铁站)","to":"重庆唐家沱(地铁站)"},"geometry":{"type":"LineString","coordinates":[[106.66586,29.61691],[106.656733,29.609194]]}},{"type":"Feature","properties":{"shape_id":"{}","direction_id":"{\"0\": 50}","headsign":"{}","duration_avg":300,"n_vehicles":50,"d":3000,"route_I_counts":"{\"17\": 50}","source":255,"target":256,"layer":"L","from":"重庆铁山坪(地铁站)","to":"重庆鹿栖(地铁站)"},"geometry":{"type":"LineString","coordinates":[[106.66586,29.61691],[106.71226,29.60328]]}},{"type":"Feature","properties":{"shape_id":"{}","direction_id":"{\"1\": 50}","headsign":"{}","duration_avg":300,"n_vehicles":50,"d":3000,"route_I_counts":"{\"17\": 50}","source":256,"target":255,"layer":"L","from":"重庆鹿栖(地铁站)","to":"重庆铁山坪(地铁站)"},"geometry":{"type":"LineString","coordinates":[[106.71226,29.60328],[106.66586,29.61691]]}},{"type":"Feature","properties":{"shape_id":"{}","direction_id":"{\"0\": 50}","headsign":"{}","duration_avg":180,"n_vehicles":50,"d":1800,"route_I_counts":"{\"17\": 50}","source":256,"target":257,"layer":"L","from":"重庆鹿栖(地铁站)","to":"重庆果园物流枢纽(地铁站)"},"geometry":{"type":"LineString","coordinates":[[106.71226,29.60328],[106.735581,29.613161]]}},{"type":"Feature","properties":{"shape_id":"{}","direction_id":"{\"1\": 50}","headsign":"{}","duration_avg":180,"n_vehicles":50,"d":1800,"route_I_counts":"{\"17\": 50}","source":257,"target":256,"layer":"L","from":"重庆果园物流枢纽(地铁站)","to":"重庆鹿栖(地铁站)"},"geometry":{"type":"LineString","coordinates":[[106.735581,29.613161],[106.71226,29.60328]]}},{"type":"Feature","properties":{"shape_id":"{}","direction_id":"{\"0\": 50}","headsign":"{}","duration_avg":180,"n_vehicles":50,"d":1800,"route_I_counts":"{\"17\": 50}","source":257,"target":258,"layer":"L","from":"重庆果园物流枢纽(地铁站)","to":"重庆鱼嘴(地铁站)"},"geometry":{"type":"LineString","coordinates":[[106.735581,29.613161],[106.75918,29.62632]]}},{"type":"Feature","properties":{"shape_id":"{}","direction_id":"{\"1\": 50}","headsign":"{}","duration_avg":180,"n_vehicles":50,"d":1800,"route_I_counts":"{\"17\": 50}","source":258,"target":257,"layer":"L","from":"重庆鱼嘴(地铁站)","to":"重庆果园物流枢纽(地铁站)"},"geometry":{"type":"LineString","coordinates":[[106.75918,29.62632],[106.735581,29.613161]]}},{"type":"Feature","properties":{"shape_id":"{}","direction_id":"{\"0\": 50}","headsign":"{}","duration_avg":180,"n_vehicles":50,"d":1800,"route_I_counts":"{\"17\": 50}","source":258,"target":259,"layer":"L","from":"重庆鱼嘴(地铁站)","to":"重庆雁坪(地铁站)"},"geometry":{"type":"LineString","coordinates":[[106.75918,29.62632],[106.771511,29.629719]]}},{"type":"Feature","properties":{"shape_id":"{}","direction_id":"{\"1\": 50}","headsign":"{}","duration_avg":180,"n_vehicles":50,"d":1800,"route_I_counts":"{\"17\": 50}","source":259,"target":258,"layer":"L","from":"重庆雁坪(地铁站)","to":"重庆鱼嘴(地铁站)"},"geometry":{"type":"LineString","coordinates":[[106.771511,29.629719],[106.75918,29.62632]]}},{"type":"Feature","properties":{"shape_id":"{}","direction_id":"{\"0\": 50}","headsign":"{}","duration_avg":180,"n_vehicles":50,"d":1800,"route_I_counts":"{\"17\": 50}","source":259,"target":260,"layer":"L","from":"重庆雁坪(地铁站)","to":"重庆石河清(地铁站)"},"geometry":{"type":"LineString","coordinates":[[106.771511,29.629719],[106.795689,29.641061]]}},{"type":"Feature","properties":{"shape_id":"{}","direction_id":"{\"1\": 50}","headsign":"{}","duration_avg":180,"n_vehicles":50,"d":1800,"route_I_counts":"{\"17\": 50}","source":260,"target":259,"layer":"L","from":"重庆石河清(地铁站)","to":"重庆雁坪(地铁站)"},"geometry":{"type":"LineString","coordinates":[[106.795689,29.641061],[106.771511,29.629719]]}},{"type":"Feature","properties":{"shape_id":"{}","direction_id":"{\"0\": 50}","headsign":"{}","duration_avg":180,"n_vehicles":50,"d":1800,"route_I_counts":"{\"17\": 50}","source":260,"target":261,"layer":"L","from":"重庆石河清(地铁站)","to":"重庆复盛(地铁站)"},"geometry":{"type":"LineString","coordinates":[[106.795689,29.641061],[106.79638,29.6588]]}},{"type":"Feature","properties":{"shape_id":"{}","direction_id":"{\"1\": 50}","headsign":"{}","duration_avg":180,"n_vehicles":50,"d":1800,"route_I_counts":"{\"17\": 50}","source":261,"target":260,"layer":"L","from":"重庆复盛(地铁站)","to":"重庆石河清(地铁站)"},"geometry":{"type":"LineString","coordinates":[[106.79638,29.6588],[106.795689,29.641061]]}},{"type":"Feature","properties":{"shape_id":"{}","direction_id":"{\"0\": 50}","headsign":"{}","duration_avg":120,"n_vehicles":50,"d":1200,"route_I_counts":"{\"17\": 50}","source":261,"target":262,"layer":"L","from":"重庆复盛(地铁站)","to":"重庆三板溪(地铁站)"},"geometry":{"type":"LineString","coordinates":[[106.79638,29.6588],[106.793431,29.670661]]}},{"type":"Feature","properties":{"shape_id":"{}","direction_id":"{\"1\": 50}","headsign":"{}","duration_avg":120,"n_vehicles":50,"d":1200,"route_I_counts":"{\"17\": 50}","source":262,"target":261,"layer":"L","from":"重庆三板溪(地铁站)","to":"重庆复盛(地铁站)"},"geometry":{"type":"LineString","coordinates":[[106.793431,29.670661],[106.79638,29.6588]]}},{"type":"Feature","properties":{"shape_id":"{}","direction_id":"{\"0\": 50}","headsign":"{}","duration_avg":240,"n_vehicles":50,"d":2400,"route_I_counts":"{\"17\": 50}","source":262,"target":263,"layer":"L","from":"重庆三板溪(地铁站)","to":"重庆龙驿大道(地铁站)"},"geometry":{"type":"LineString","coordinates":[[106.793431,29.670661],[106.78985,29.69212]]}},{"type":"Feature","properties":{"shape_id":"{}","direction_id":"{\"1\": 50}","headsign":"{}","duration_avg":240,"n_vehicles":50,"d":2400,"route_I_counts":"{\"17\": 50}","source":263,"target":262,"layer":"L","from":"重庆龙驿大道(地铁站)","to":"重庆三板溪(地铁站)"},"geometry":{"type":"LineString","coordinates":[[106.78985,29.69212],[106.793431,29.670661]]}},{"type":"Feature","properties":{"shape_id":"{}","direction_id":"{\"0\": 50}","headsign":"{}","duration_avg":120,"n_vehicles":50,"d":1200,"route_I_counts":"{\"17\": 50}","source":263,"target":264,"layer":"L","from":"重庆龙驿大道(地铁站)","to":"重庆龙兴(地铁站)"},"geometry":{"type":"LineString","coordinates":[[106.78985,29.69212],[106.79795,29.7041]]}},{"type":"Feature","properties":{"shape_id":"{}","direction_id":"{\"1\": 50}","headsign":"{}","duration_avg":120,"n_vehicles":50,"d":1200,"route_I_counts":"{\"17\": 50}","source":264,"target":263,"layer":"L","from":"重庆龙兴(地铁站)","to":"重庆龙驿大道(地铁站)"},"geometry":{"type":"LineString","coordinates":[[106.79795,29.7041],[106.78985,29.69212]]}},{"type":"Feature","properties":{"shape_id":"{}","direction_id":"{\"0\": 50}","headsign":"{}","duration_avg":120,"n_vehicles":50,"d":1200,"route_I_counts":"{\"17\": 50}","source":264,"target":265,"layer":"L","from":"重庆龙兴(地铁站)","to":"重庆高石塔(地铁站)"},"geometry":{"type":"LineString","coordinates":[[106.79795,29.7041],[106.79913,29.71387]]}},{"type":"Feature","properties":{"shape_id":"{}","direction_id":"{\"1\": 50}","headsign":"{}","duration_avg":120,"n_vehicles":50,"d":1200,"route_I_counts":"{\"17\": 50}","source":265,"target":264,"layer":"L","from":"重庆高石塔(地铁站)","to":"重庆龙兴(地铁站)"},"geometry":{"type":"LineString","coordinates":[[106.79913,29.71387],[106.79795,29.7041]]}},{"type":"Feature","properties":{"shape_id":"{}","direction_id":"{\"0\": 50}","headsign":"{}","duration_avg":120,"n_vehicles":50,"d":1200,"route_I_counts":"{\"17\": 50}","source":265,"target":266,"layer":"L","from":"重庆高石塔(地铁站)","to":"重庆普福(地铁站)"},"geometry":{"type":"LineString","coordinates":[[106.79913,29.71387],[106.80023,29.73176]]}},{"type":"Feature","properties":{"shape_id":"{}","direction_id":"{\"1\": 50}","headsign":"{}","duration_avg":120,"n_vehicles":50,"d":1200,"route_I_counts":"{\"17\": 50}","source":266,"target":265,"layer":"L","from":"重庆普福(地铁站)","to":"重庆高石塔(地铁站)"},"geometry":{"type":"LineString","coordinates":[[106.80023,29.73176],[106.79913,29.71387]]}},{"type":"Feature","properties":{"shape_id":"{}","direction_id":"{\"0\": 50}","headsign":"{}","duration_avg":180,"n_vehicles":50,"d":1800,"route_I_counts":"{\"17\": 50}","source":266,"target":267,"layer":"L","from":"重庆普福(地铁站)","to":"重庆桐梓林(地铁站)"},"geometry":{"type":"LineString","coordinates":[[106.80023,29.73176],[106.81135,29.74451]]}},{"type":"Feature","properties":{"shape_id":"{}","direction_id":"{\"1\": 50}","headsign":"{}","duration_avg":180,"n_vehicles":50,"d":1800,"route_I_counts":"{\"17\": 50}","source":267,"target":266,"layer":"L","from":"重庆桐梓林(地铁站)","to":"重庆普福(地铁站)"},"geometry":{"type":"LineString","coordinates":[[106.81135,29.74451],[106.80023,29.73176]]}},{"type":"Feature","properties":{"shape_id":"{}","direction_id":"{\"0\": 50}","headsign":"{}","duration_avg":180,"n_vehicles":50,"d":1800,"route_I_counts":"{\"17\": 50}","source":267,"target":268,"layer":"L","from":"重庆桐梓林(地铁站)","to":"重庆石船(地铁站)"},"geometry":{"type":"LineString","coordinates":[[106.81135,29.74451],[106.8298,29.76229]]}},{"type":"Feature","properties":{"shape_id":"{}","direction_id":"{\"1\": 50}","headsign":"{}","duration_avg":180,"n_vehicles":50,"d":1800,"route_I_counts":"{\"17\": 50}","source":268,"target":267,"layer":"L","from":"重庆石船(地铁站)","to":"重庆桐梓林(地铁站)"},"geometry":{"type":"LineString","coordinates":[[106.8298,29.76229],[106.81135,29.74451]]}},{"type":"Feature","properties":{"shape_id":"{}","direction_id":"{\"0\": 50}","headsign":"{}","duration_avg":120,"n_vehicles":50,"d":1200,"route_I_counts":"{\"17\": 50}","source":268,"target":269,"layer":"L","from":"重庆石船(地铁站)","to":"重庆黄岭(地铁站)"},"geometry":{"type":"LineString","coordinates":[[106.8298,29.76229],[106.83729,29.77431]]}},{"type":"Feature","properties":{"shape_id":"{}","direction_id":"{\"1\": 50}","headsign":"{}","duration_avg":120,"n_vehicles":50,"d":1200,"route_I_counts":"{\"17\": 50}","source":269,"target":268,"layer":"L","from":"重庆黄岭(地铁站)","to":"重庆石船(地铁站)"},"geometry":{"type":"LineString","coordinates":[[106.83729,29.77431],[106.8298,29.76229]]}}]}