{"type":"FeatureCollection","features":[{"type":"Feature","geometry":{"type":"Point","coordinates":[121.449086,29.913123]},"properties":{"name":"宁波高桥西(地铁站)","original_ids":"[1]","id":0,"layer":"stop"}},{"type":"Feature","geometry":{"type":"Point","coordinates":[121.459665,29.903835]},"properties":{"name":"宁波高桥(地铁站)","original_ids":"[2]","id":1,"layer":"stop"}},{"type":"Feature","geometry":{"type":"Point","coordinates":[121.472331,29.897259]},"properties":{"name":"宁波梁祝(地铁站)","original_ids":"[3]","id":2,"layer":"stop"}},{"type":"Feature","geometry":{"type":"Point","coordinates":[121.482919,29.892751]},"properties":{"name":"宁波芦港(地铁站)","original_ids":"[4]","id":3,"layer":"stop"}},{"type":"Feature","geometry":{"type":"Point","coordinates":[121.492546,29.890069]},"properties":{"name":"宁波徐家漕长乐(地铁站)","original_ids":"[5]","id":4,"layer":"stop"}},{"type":"Feature","geometry":{"type":"Point","coordinates":[121.504586,29.884397]},"properties":{"name":"宁波望春桥(地铁站)","original_ids":"[6]","id":5,"layer":"stop"}},{"type":"Feature","geometry":{"type":"Point","coordinates":[121.516902,29.88114]},"properties":{"name":"宁波泽民(地铁站)","original_ids":"[7]","id":6,"layer":"stop"}},{"type":"Feature","geometry":{"type":"Point","coordinates":[121.527671,29.879128]},"properties":{"name":"宁波大卿桥(地铁站)","original_ids":"[8]","id":7,"layer":"stop"}},{"type":"Feature","geometry":{"type":"Point","coordinates":[121.535742,29.877407]},"properties":{"name":"宁波西门口(地铁站)","original_ids":"[9]","id":8,"layer":"stop"}},{"type":"Feature","geometry":{"type":"Point","coordinates":[121.54542,29.875455]},"properties":{"name":"宁波鼓楼(地铁站)","original_ids":"[10]","id":9,"layer":"stop"}},{"type":"Feature","geometry":{"type":"Point","coordinates":[121.551288,29.874074]},"properties":{"name":"宁波东门口(地铁站)","original_ids":"[11]","id":10,"layer":"stop"}},{"type":"Feature","geometry":{"type":"Point","coordinates":[121.560969,29.872018]},"properties":{"name":"宁波江厦桥东(地铁站)","original_ids":"[12]","id":11,"layer":"stop"}},{"type":"Feature","geometry":{"type":"Point","coordinates":[121.569871,29.869826]},"properties":{"name":"宁波舟孟北路(地铁站)","original_ids":"[13]","id":12,"layer":"stop"}},{"type":"Feature","geometry":{"type":"Point","coordinates":[121.57732,29.867054]},"properties":{"name":"宁波樱花公园(地铁站)","original_ids":"[14]","id":13,"layer":"stop"}},{"type":"Feature","geometry":{"type":"Point","coordinates":[121.589,29.863614]},"properties":{"name":"宁波福明路(地铁站)","original_ids":"[15]","id":14,"layer":"stop"}},{"type":"Feature","geometry":{"type":"Point","coordinates":[121.597914,29.86166]},"properties":{"name":"宁波世纪大道(地铁站)","original_ids":"[16]","id":15,"layer":"stop"}},{"type":"Feature","geometry":{"type":"Point","coordinates":[121.610552,29.862755]},"properties":{"name":"宁波海晏北路(地铁站)","original_ids":"[17]","id":16,"layer":"stop"}},{"type":"Feature","geometry":{"type":"Point","coordinates":[121.620103,29.861444]},"properties":{"name":"宁波福庆北路(地铁站)","original_ids":"[18]","id":17,"layer":"stop"}},{"type":"Feature","geometry":{"type":"Point","coordinates":[121.632157,29.859049]},"properties":{"name":"宁波盛莫路(地铁站)","original_ids":"[19]","id":18,"layer":"stop"}},{"type":"Feature","geometry":{"type":"Point","coordinates":[121.64645,29.855607]},"properties":{"name":"宁波东环南路(地铁站)","original_ids":"[20]","id":19,"layer":"stop"}},{"type":"Feature","geometry":{"type":"Point","coordinates":[121.65728,29.849118]},"properties":{"name":"宁波邱隘东(地铁站)","original_ids":"[21]","id":20,"layer":"stop"}},{"type":"Feature","geometry":{"type":"Point","coordinates":[121.685942,29.841002]},"properties":{"name":"宁波五乡(地铁站)","original_ids":"[22]","id":21,"layer":"stop"}},{"type":"Feature","geometry":{"type":"Point","coordinates":[121.729319,29.8418]},"properties":{"name":"宁波宝幢(地铁站)","original_ids":"[23]","id":22,"layer":"stop"}},{"type":"Feature","geometry":{"type":"Point","coordinates":[121.778037,29.87719]},"properties":{"name":"宁波邬隘(地铁站)","original_ids":"[24]","id":23,"layer":"stop"}},{"type":"Feature","geometry":{"type":"Point","coordinates":[121.790463,29.89578]},"properties":{"name":"宁波大碶(地铁站)","original_ids":"[25]","id":24,"layer":"stop"}},{"type":"Feature","geometry":{"type":"Point","coordinates":[121.804403,29.906706]},"properties":{"name":"宁波松花江路(地铁站)","original_ids":"[26]","id":25,"layer":"stop"}},{"type":"Feature","geometry":{"type":"Point","coordinates":[121.825479,29.896265]},"properties":{"name":"宁波中河路(地铁站)","original_ids":"[27]","id":26,"layer":"stop"}},{"type":"Feature","geometry":{"type":"Point","coordinates":[121.839682,29.89327]},"properties":{"name":"宁波长江路(地铁站)","original_ids":"[28]","id":27,"layer":"stop"}},{"type":"Feature","geometry":{"type":"Point","coordinates":[121.852688,29.893033]},"properties":{"name":"宁波霞浦(地铁站)","original_ids":"[29]","id":28,"layer":"stop"}},{"type":"Feature","geometry":{"type":"Point","coordinates":[121.456928,29.82013]},"properties":{"name":"宁波栎社国际机场(地铁站)","original_ids":"[30]","id":29,"layer":"stop"}},{"type":"Feature","geometry":{"type":"Point","coordinates":[121.479125,29.811888]},"properties":{"name":"宁波栎社(地铁站)","original_ids":"[31]","id":30,"layer":"stop"}},{"type":"Feature","geometry":{"type":"Point","coordinates":[121.492067,29.820881]},"properties":{"name":"宁波鄞州大道(地铁站)","original_ids":"[32]","id":31,"layer":"stop"}},{"type":"Feature","geometry":{"type":"Point","coordinates":[121.500004,29.828198]},"properties":{"name":"宁波石碶(地铁站)","original_ids":"[33]","id":32,"layer":"stop"}},{"type":"Feature","geometry":{"type":"Point","coordinates":[121.510061,29.833995]},"properties":{"name":"宁波轻纺城(地铁站)","original_ids":"[34]","id":33,"layer":"stop"}},{"type":"Feature","geometry":{"type":"Point","coordinates":[121.508497,29.844013]},"properties":{"name":"宁波藕池(地铁站)","original_ids":"[35]","id":34,"layer":"stop"}},{"type":"Feature","geometry":{"type":"Point","coordinates":[121.508112,29.85321]},"properties":{"name":"宁波客运中心(地铁站)","original_ids":"[36]","id":35,"layer":"stop"}},{"type":"Feature","geometry":{"type":"Point","coordinates":[121.513461,29.860635]},"properties":{"name":"宁波丽园南路(地铁站)","original_ids":"[37]","id":36,"layer":"stop"}},{"type":"Feature","geometry":{"type":"Point","coordinates":[121.522137,29.861069]},"properties":{"name":"宁波云霞路(地铁站)","original_ids":"[38]","id":37,"layer":"stop"}},{"type":"Feature","geometry":{"type":"Point","coordinates":[121.53283,29.864694]},"properties":{"name":"宁波宁波火车站(地铁站)","original_ids":"[39]","id":38,"layer":"stop"}},{"type":"Feature","geometry":{"type":"Point","coordinates":[121.544617,29.869705]},"properties":{"name":"宁波城隍庙(地铁站)","original_ids":"[40]","id":39,"layer":"stop"}},{"type":"Feature","geometry":{"type":"Point","coordinates":[121.554673,29.88541]},"properties":{"name":"宁波外滩大桥(地铁站)","original_ids":"[41]","id":40,"layer":"stop"}},{"type":"Feature","geometry":{"type":"Point","coordinates":[121.557907,29.892366]},"properties":{"name":"宁波正大路(地铁站)","original_ids":"[42]","id":41,"layer":"stop"}},{"type":"Feature","geometry":{"type":"Point","coordinates":[121.562594,29.900848]},"properties":{"name":"宁波倪家堰(地铁站)","original_ids":"[43]","id":42,"layer":"stop"}},{"type":"Feature","geometry":{"type":"Point","coordinates":[121.571382,29.906064]},"properties":{"name":"宁波压赛堰(地铁站)","original_ids":"[44]","id":43,"layer":"stop"}},{"type":"Feature","geometry":{"type":"Point","coordinates":[121.57732,29.906387]},"properties":{"name":"宁波大通桥(地铁站)","original_ids":"[45]","id":44,"layer":"stop"}},{"type":"Feature","geometry":{"type":"Point","coordinates":[121.588218,29.906767]},"properties":{"name":"宁波孔浦(地铁站)","original_ids":"[46]","id":45,"layer":"stop"}},{"type":"Feature","geometry":{"type":"Point","coordinates":[121.608327,29.911593]},"properties":{"name":"宁波路林(地铁站)","original_ids":"[47]","id":46,"layer":"stop"}},{"type":"Feature","geometry":{"type":"Point","coordinates":[121.616762,29.91427]},"properties":{"name":"宁波三官堂(地铁站)","original_ids":"[48]","id":47,"layer":"stop"}},{"type":"Feature","geometry":{"type":"Point","coordinates":[121.63031,29.914199]},"properties":{"name":"宁波宁波大学(地铁站)","original_ids":"[49]","id":48,"layer":"stop"}},{"type":"Feature","geometry":{"type":"Point","coordinates":[121.656765,29.924324]},"properties":{"name":"宁波清水浦(地铁站)","original_ids":"[50]","id":49,"layer":"stop"}},{"type":"Feature","geometry":{"type":"Point","coordinates":[121.673267,29.940759]},"properties":{"name":"宁波五里牌(地铁站)","original_ids":"[51]","id":50,"layer":"stop"}},{"type":"Feature","geometry":{"type":"Point","coordinates":[121.689265,29.952329]},"properties":{"name":"宁波枫园(地铁站)","original_ids":"[52]","id":51,"layer":"stop"}},{"type":"Feature","geometry":{"type":"Point","coordinates":[121.701172,29.953963]},"properties":{"name":"宁波聪园路(地铁站)","original_ids":"[53]","id":52,"layer":"stop"}},{"type":"Feature","geometry":{"type":"Point","coordinates":[121.712168,29.952467]},"properties":{"name":"宁波招宝山(地铁站)","original_ids":"[54]","id":53,"layer":"stop"}},{"type":"Feature","geometry":{"type":"Point","coordinates":[121.719804,29.941227]},"properties":{"name":"宁波红联(地铁站)","original_ids":"[55]","id":54,"layer":"stop"}},{"type":"Feature","geometry":{"type":"Point","coordinates":[121.583757,29.892757]},"properties":{"name":"宁波中兴大桥南(地铁站)","original_ids":"[56]","id":55,"layer":"stop"}},{"type":"Feature","geometry":{"type":"Point","coordinates":[121.585101,29.882373]},"properties":{"name":"宁波明楼(地铁站)","original_ids":"[57]","id":56,"layer":"stop"}},{"type":"Feature","geometry":{"type":"Point","coordinates":[121.58123,29.874391]},"properties":{"name":"宁波体育馆(地铁站)","original_ids":"[58]","id":57,"layer":"stop"}},{"type":"Feature","geometry":{"type":"Point","coordinates":[121.574281,29.855787]},"properties":{"name":"宁波儿童公园(地铁站)","original_ids":"[59]","id":58,"layer":"stop"}},{"type":"Feature","geometry":{"type":"Point","coordinates":[121.571268,29.847951]},"properties":{"name":"宁波仇毕(地铁站)","original_ids":"[60]","id":59,"layer":"stop"}},{"type":"Feature","geometry":{"type":"Point","coordinates":[121.561495,29.838406]},"properties":{"name":"宁波钱湖北路(地铁站)","original_ids":"[61]","id":60,"layer":"stop"}},{"type":"Feature","geometry":{"type":"Point","coordinates":[121.551552,29.836334]},"properties":{"name":"宁波锦寓路(地铁站)","original_ids":"[62]","id":61,"layer":"stop"}},{"type":"Feature","geometry":{"type":"Point","coordinates":[121.546442,29.830564]},"properties":{"name":"宁波四明中路(地铁站)","original_ids":"[63]","id":62,"layer":"stop"}},{"type":"Feature","geometry":{"type":"Point","coordinates":[121.546015,29.82086]},"properties":{"name":"宁波鄞州区政府(地铁站)","original_ids":"[64]","id":63,"layer":"stop"}},{"type":"Feature","geometry":{"type":"Point","coordinates":[121.545,29.809469]},"properties":{"name":"宁波南部商务区(地铁站)","original_ids":"[65]","id":64,"layer":"stop"}},{"type":"Feature","geometry":{"type":"Point","coordinates":[121.537475,29.80347]},"properties":{"name":"宁波鄞州客运总站(地铁站)","original_ids":"[66]","id":65,"layer":"stop"}},{"type":"Feature","geometry":{"type":"Point","coordinates":[121.526782,29.799455]},"properties":{"name":"宁波句章路(地铁站)","original_ids":"[67]","id":66,"layer":"stop"}},{"type":"Feature","geometry":{"type":"Point","coordinates":[121.52493,29.792093]},"properties":{"name":"宁波高塘桥(地铁站)","original_ids":"[68]","id":67,"layer":"stop"}},{"type":"Feature","geometry":{"type":"Point","coordinates":[121.523327,29.773162]},"properties":{"name":"宁波姜山(地铁站)","original_ids":"[69]","id":68,"layer":"stop"}},{"type":"Feature","geometry":{"type":"Point","coordinates":[121.514771,29.766445]},"properties":{"name":"宁波狮山(地铁站)","original_ids":"[70]","id":69,"layer":"stop"}},{"type":"Feature","geometry":{"type":"Point","coordinates":[121.501106,29.766755]},"properties":{"name":"宁波明辉路(地铁站)","original_ids":"[71]","id":70,"layer":"stop"}},{"type":"Feature","geometry":{"type":"Point","coordinates":[121.484615,29.767473]},"properties":{"name":"宁波朝阳(地铁站)","original_ids":"[72]","id":71,"layer":"stop"}},{"type":"Feature","geometry":{"type":"Point","coordinates":[121.447935,29.747976]},"properties":{"name":"宁波方桥(地铁站)","original_ids":"[73]","id":72,"layer":"stop"}},{"type":"Feature","geometry":{"type":"Point","coordinates":[121.443968,29.724414]},"properties":{"name":"宁波琎琳(地铁站)","original_ids":"[74]","id":73,"layer":"stop"}},{"type":"Feature","geometry":{"type":"Point","coordinates":[121.442872,29.710972]},"properties":{"name":"宁波南渡(地铁站)","original_ids":"[75]","id":74,"layer":"stop"}},{"type":"Feature","geometry":{"type":"Point","coordinates":[121.445103,29.674815]},"properties":{"name":"宁波大成东路(地铁站)","original_ids":"[76]","id":75,"layer":"stop"}},{"type":"Feature","geometry":{"type":"Point","coordinates":[121.444827,29.653849]},"properties":{"name":"宁波金海路(地铁站)","original_ids":"[77]","id":76,"layer":"stop"}},{"type":"Feature","geometry":{"type":"Point","coordinates":[121.433033,29.9873]},"properties":{"name":"宁波慈城西(地铁站)","original_ids":"[78]","id":77,"layer":"stop"}},{"type":"Feature","geometry":{"type":"Point","coordinates":[121.44649,29.977785]},"properties":{"name":"宁波慈城(地铁站)","original_ids":"[79]","id":78,"layer":"stop"}},{"type":"Feature","geometry":{"type":"Point","coordinates":[121.455642,29.963661]},"properties":{"name":"宁波官山河(地铁站)","original_ids":"[80]","id":79,"layer":"stop"}},{"type":"Feature","geometry":{"type":"Point","coordinates":[121.4577,29.95044]},"properties":{"name":"宁波长兴路(地铁站)","original_ids":"[81]","id":80,"layer":"stop"}},{"type":"Feature","geometry":{"type":"Point","coordinates":[121.466276,29.943431]},"properties":{"name":"宁波金山路(地铁站)","original_ids":"[82]","id":81,"layer":"stop"}},{"type":"Feature","geometry":{"type":"Point","coordinates":[121.485887,29.93655]},"properties":{"name":"宁波奥体中心(地铁站)","original_ids":"[83]","id":82,"layer":"stop"}},{"type":"Feature","geometry":{"type":"Point","coordinates":[121.497265,29.930022]},"properties":{"name":"宁波洪塘中路(地铁站)","original_ids":"[84]","id":83,"layer":"stop"}},{"type":"Feature","geometry":{"type":"Point","coordinates":[121.517594,29.923797]},"properties":{"name":"宁波洪大路(地铁站)","original_ids":"[85]","id":84,"layer":"stop"}},{"type":"Feature","geometry":{"type":"Point","coordinates":[121.530304,29.924538]},"properties":{"name":"宁波庄桥火车站(地铁站)","original_ids":"[86]","id":85,"layer":"stop"}},{"type":"Feature","geometry":{"type":"Point","coordinates":[121.534774,29.913184]},"properties":{"name":"宁波丽江路(地铁站)","original_ids":"[87]","id":86,"layer":"stop"}},{"type":"Feature","geometry":{"type":"Point","coordinates":[121.528652,29.899108]},"properties":{"name":"宁波双东路(地铁站)","original_ids":"[88]","id":87,"layer":"stop"}},{"type":"Feature","geometry":{"type":"Point","coordinates":[121.528064,29.890581]},"properties":{"name":"宁波翠柏里(地铁站)","original_ids":"[89]","id":88,"layer":"stop"}},{"type":"Feature","geometry":{"type":"Point","coordinates":[121.527108,29.873656]},"properties":{"name":"宁波柳西(地铁站)","original_ids":"[90]","id":89,"layer":"stop"}},{"type":"Feature","geometry":{"type":"Point","coordinates":[121.544488,29.861235]},"properties":{"name":"宁波兴宁桥西(地铁站)","original_ids":"[91]","id":90,"layer":"stop"}},{"type":"Feature","geometry":{"type":"Point","coordinates":[121.552065,29.856957]},"properties":{"name":"宁波兴宁桥东(地铁站)","original_ids":"[92]","id":91,"layer":"stop"}},{"type":"Feature","geometry":{"type":"Point","coordinates":[121.562106,29.85493]},"properties":{"name":"宁波白鹤(地铁站)","original_ids":"[93]","id":92,"layer":"stop"}},{"type":"Feature","geometry":{"type":"Point","coordinates":[121.583183,29.854012]},"properties":{"name":"宁波矮柳(地铁站)","original_ids":"[94]","id":93,"layer":"stop"}},{"type":"Feature","geometry":{"type":"Point","coordinates":[121.587552,29.843105]},"properties":{"name":"宁波潘火路(地铁站)","original_ids":"[95]","id":94,"layer":"stop"}},{"type":"Feature","geometry":{"type":"Point","coordinates":[121.579452,29.828519]},"properties":{"name":"宁波嵩江东路(地铁站)","original_ids":"[96]","id":95,"layer":"stop"}},{"type":"Feature","geometry":{"type":"Point","coordinates":[121.575932,29.81921]},"properties":{"name":"宁波南高教园区(地铁站)","original_ids":"[97]","id":96,"layer":"stop"}},{"type":"Feature","geometry":{"type":"Point","coordinates":[121.588389,29.806877]},"properties":{"name":"宁波金达南路(地铁站)","original_ids":"[98]","id":97,"layer":"stop"}},{"type":"Feature","geometry":{"type":"Point","coordinates":[121.607312,29.795687]},"properties":{"name":"宁波小洋江(地铁站)","original_ids":"[99]","id":98,"layer":"stop"}},{"type":"Feature","geometry":{"type":"Point","coordinates":[121.624235,29.784375]},"properties":{"name":"宁波东钱湖(地铁站)","original_ids":"[100]","id":99,"layer":"stop"}},{"type":"Feature","geometry":{"type":"Point","coordinates":[121.630926,29.765376]},"properties":{"name":"宁波国际会议中心(地铁站)","original_ids":"[101]","id":100,"layer":"stop"}},{"type":"Feature","geometry":{"type":"Point","coordinates":[121.58136,29.985091]},"properties":{"name":"宁波骆驼桥(地铁站)","original_ids":"[102]","id":101,"layer":"stop"}},{"type":"Feature","geometry":{"type":"Point","coordinates":[121.580661,29.970278]},"properties":{"name":"宁波镇海大道(慈海)(地铁站)","original_ids":"[103]","id":102,"layer":"stop"}},{"type":"Feature","geometry":{"type":"Point","coordinates":[121.579941,29.951299]},"properties":{"name":"宁波永茂路(地铁站)","original_ids":"[104]","id":103,"layer":"stop"}},{"type":"Feature","geometry":{"type":"Point","coordinates":[121.592974,29.926283]},"properties":{"name":"宁波梅堰(地铁站)","original_ids":"[105]","id":104,"layer":"stop"}},{"type":"Feature","geometry":{"type":"Point","coordinates":[121.601383,29.926126]},"properties":{"name":"宁波兴海南路(地铁站)","original_ids":"[106]","id":105,"layer":"stop"}},{"type":"Feature","geometry":{"type":"Point","coordinates":[121.610455,29.923461]},"properties":{"name":"宁波兴庄路(地铁站)","original_ids":"[107]","id":106,"layer":"stop"}},{"type":"Feature","geometry":{"type":"Point","coordinates":[121.617814,29.899169]},"properties":{"name":"宁波盎孟港(地铁站)","original_ids":"[108]","id":107,"layer":"stop"}},{"type":"Feature","geometry":{"type":"Point","coordinates":[121.6182,29.889973]},"properties":{"name":"宁波院士路(地铁站)","original_ids":"[109]","id":108,"layer":"stop"}},{"type":"Feature","geometry":{"type":"Point","coordinates":[121.615518,29.876867]},"properties":{"name":"宁波会展中心(地铁站)","original_ids":"[110]","id":109,"layer":"stop"}},{"type":"Feature","geometry":{"type":"Point","coordinates":[121.613368,29.870965]},"properties":{"name":"宁波民安东路(地铁站)","original_ids":"[111]","id":110,"layer":"stop"}},{"type":"Feature","geometry":{"type":"Point","coordinates":[121.607966,29.854831]},"properties":{"name":"宁波柳隘(地铁站)","original_ids":"[112]","id":111,"layer":"stop"}},{"type":"Feature","geometry":{"type":"Point","coordinates":[121.604748,29.84321]},"properties":{"name":"宁波曹隘(地铁站)","original_ids":"[113]","id":112,"layer":"stop"}},{"type":"Feature","geometry":{"type":"Point","coordinates":[121.600738,29.827689]},"properties":{"name":"宁波泗港(地铁站)","original_ids":"[114]","id":113,"layer":"stop"}},{"type":"Feature","geometry":{"type":"Point","coordinates":[121.597637,29.819565]},"properties":{"name":"宁波大洋江(地铁站)","original_ids":"[115]","id":114,"layer":"stop"}},{"type":"Feature","geometry":{"type":"Point","coordinates":[121.588885,29.814295]},"properties":{"name":"宁波下应路(地铁站)","original_ids":"[116]","id":115,"layer":"stop"}},{"type":"Feature","geometry":{"type":"Point","coordinates":[121.563711,29.822261]},"properties":{"name":"宁波钱湖南路(地铁站)","original_ids":"[117]","id":116,"layer":"stop"}},{"type":"Feature","geometry":{"type":"Point","coordinates":[121.534993,29.821785]},"properties":{"name":"宁波钟公庙(地铁站)","original_ids":"[118]","id":117,"layer":"stop"}},{"type":"Feature","geometry":{"type":"Point","coordinates":[121.522321,29.821946]},"properties":{"name":"宁波庙堰(地铁站)","original_ids":"[119]","id":118,"layer":"stop"}},{"type":"Feature","geometry":{"type":"Point","coordinates":[121.505377,29.821787]},"properties":{"name":"宁波雅渡(地铁站)","original_ids":"[120]","id":119,"layer":"stop"}},{"type":"Feature","geometry":{"type":"Point","coordinates":[121.486448,29.830323]},"properties":{"name":"宁波同德路(地铁站)","original_ids":"[121]","id":120,"layer":"stop"}},{"type":"Feature","geometry":{"type":"Point","coordinates":[121.475091,29.840755]},"properties":{"name":"宁波张家潭(地铁站)","original_ids":"[122]","id":121,"layer":"stop"}},{"type":"Feature","geometry":{"type":"Point","coordinates":[121.467976,29.848526]},"properties":{"name":"宁波布政(地铁站)","original_ids":"[123]","id":122,"layer":"stop"}},{"type":"Feature","geometry":{"type":"Point","coordinates":[121.584486,29.791142]},"properties":{"name":"宁波下应南(地铁站)","original_ids":"[124]","id":123,"layer":"stop"}},{"type":"Feature","geometry":{"type":"Point","coordinates":[121.572104,29.796537]},"properties":{"name":"宁波寒松路(地铁站)","original_ids":"[125]","id":124,"layer":"stop"}},{"type":"Feature","geometry":{"type":"Point","coordinates":[121.555365,29.807207]},"properties":{"name":"宁波学府路(地铁站)","original_ids":"[126]","id":125,"layer":"stop"}},{"type":"Feature","geometry":{"type":"Point","coordinates":[121.536569,29.81004]},"properties":{"name":"宁波鄞州公园南(地铁站)","original_ids":"[127]","id":126,"layer":"stop"}},{"type":"Feature","geometry":{"type":"Point","coordinates":[121.524281,29.833643]},"properties":{"name":"宁波堇山西路(地铁站)","original_ids":"[128]","id":127,"layer":"stop"}},{"type":"Feature","geometry":{"type":"Point","coordinates":[121.519018,29.843632]},"properties":{"name":"宁波段塘(地铁站)","original_ids":"[129]","id":128,"layer":"stop"}},{"type":"Feature","geometry":{"type":"Point","coordinates":[121.5194,29.850429]},"properties":{"name":"宁波南苑(地铁站)","original_ids":"[130]","id":129,"layer":"stop"}},{"type":"Feature","geometry":{"type":"Point","coordinates":[121.511453,29.871472]},"properties":{"name":"宁波联丰(地铁站)","original_ids":"[131]","id":130,"layer":"stop"}},{"type":"Feature","geometry":{"type":"Point","coordinates":[121.514924,29.891182]},"properties":{"name":"宁波市中医院(地铁站)","original_ids":"[132]","id":131,"layer":"stop"}},{"type":"Feature","geometry":{"type":"Point","coordinates":[121.51461,29.903531]},"properties":{"name":"宁波青林湾(地铁站)","original_ids":"[133]","id":132,"layer":"stop"}},{"type":"Feature","geometry":{"type":"Point","coordinates":[121.515458,29.916438]},"properties":{"name":"宁波榭嘉(地铁站)","original_ids":"[134]","id":133,"layer":"stop"}},{"type":"Feature","geometry":{"type":"Point","coordinates":[121.512777,29.933351]},"properties":{"name":"宁波洪盛路(地铁站)","original_ids":"[135]","id":134,"layer":"stop"}},{"type":"Feature","geometry":{"type":"Point","coordinates":[121.502685,29.94161]},"properties":{"name":"宁波洪塘(地铁站)","original_ids":"[136]","id":135,"layer":"stop"}},{"type":"Feature","geometry":{"type":"Point","coordinates":[121.494712,29.94851]},"properties":{"name":"宁波开元路(地铁站)","original_ids":"[137]","id":136,"layer":"stop"}},{"type":"Feature","properties":{"shape_id":"{}","direction_id":"{\"0\": 50}","headsign":"{}","duration_avg":120,"n_vehicles":50,"d":1200,"route_I_counts":"{\"1\": 50}","source":0,"target":1,"layer":"L","from":"宁波高桥西(地铁站)","to":"宁波高桥(地铁站)"},"geometry":{"type":"LineString","coordinates":[[121.449086,29.913123],[121.459665,29.903835]]}},{"type":"Feature","properties":{"shape_id":"{}","direction_id":"{\"1\": 50}","headsign":"{}","duration_avg":120,"n_vehicles":50,"d":1200,"route_I_counts":"{\"1\": 50}","source":1,"target":0,"layer":"L","from":"宁波高桥(地铁站)","to":"宁波高桥西(地铁站)"},"geometry":{"type":"LineString","coordinates":[[121.459665,29.903835],[121.449086,29.913123]]}},{"type":"Feature","properties":{"shape_id":"{}","direction_id":"{\"0\": 50}","headsign":"{}","duration_avg":120,"n_vehicles":50,"d":1200,"route_I_counts":"{\"1\": 50}","source":1,"target":2,"layer":"L","from":"宁波高桥(地铁站)","to":"宁波梁祝(地铁站)"},"geometry":{"type":"LineString","coordinates":[[121.459665,29.903835],[121.472331,29.897259]]}},{"type":"Feature","properties":{"shape_id":"{}","direction_id":"{\"1\": 50}","headsign":"{}","duration_avg":120,"n_vehicles":50,"d":1200,"route_I_counts":"{\"1\": 50}","source":2,"target":1,"layer":"L","from":"宁波梁祝(地铁站)","to":"宁波高桥(地铁站)"},"geometry":{"type":"LineString","coordinates":[[121.472331,29.897259],[121.459665,29.903835]]}},{"type":"Feature","properties":{"shape_id":"{}","direction_id":"{\"0\": 50}","headsign":"{}","duration_avg":120,"n_vehicles":50,"d":1200,"route_I_counts":"{\"1\": 50}","source":2,"target":3,"layer":"L","from":"宁波梁祝(地铁站)","to":"宁波芦港(地铁站)"},"geometry":{"type":"LineString","coordinates":[[121.472331,29.897259],[121.482919,29.892751]]}},{"type":"Feature","properties":{"shape_id":"{}","direction_id":"{\"1\": 50}","headsign":"{}","duration_avg":120,"n_vehicles":50,"d":1200,"route_I_counts":"{\"1\": 50}","source":3,"target":2,"layer":"L","from":"宁波芦港(地铁站)","to":"宁波梁祝(地铁站)"},"geometry":{"type":"LineString","coordinates":[[121.482919,29.892751],[121.472331,29.897259]]}},{"type":"Feature","properties":{"shape_id":"{}","direction_id":"{\"0\": 50}","headsign":"{}","duration_avg":120,"n_vehicles":50,"d":1200,"route_I_counts":"{\"1\": 50}","source":3,"target":4,"layer":"L","from":"宁波芦港(地铁站)","to":"宁波徐家漕长乐(地铁站)"},"geometry":{"type":"LineString","coordinates":[[121.482919,29.892751],[121.492546,29.890069]]}},{"type":"Feature","properties":{"shape_id":"{}","direction_id":"{\"1\": 50}","headsign":"{}","duration_avg":120,"n_vehicles":50,"d":1200,"route_I_counts":"{\"1\": 50}","source":4,"target":3,"layer":"L","from":"宁波徐家漕长乐(地铁站)","to":"宁波芦港(地铁站)"},"geometry":{"type":"LineString","coordinates":[[121.492546,29.890069],[121.482919,29.892751]]}},{"type":"Feature","properties":{"shape_id":"{}","direction_id":"{\"0\": 50}","headsign":"{}","duration_avg":120,"n_vehicles":50,"d":1200,"route_I_counts":"{\"1\": 50}","source":4,"target":5,"layer":"L","from":"宁波徐家漕长乐(地铁站)","to":"宁波望春桥(地铁站)"},"geometry":{"type":"LineString","coordinates":[[121.492546,29.890069],[121.504586,29.884397]]}},{"type":"Feature","properties":{"shape_id":"{}","direction_id":"{\"1\": 50}","headsign":"{}","duration_avg":120,"n_vehicles":50,"d":1200,"route_I_counts":"{\"1\": 50}","source":5,"target":4,"layer":"L","from":"宁波望春桥(地铁站)","to":"宁波徐家漕长乐(地铁站)"},"geometry":{"type":"LineString","coordinates":[[121.504586,29.884397],[121.492546,29.890069]]}},{"type":"Feature","properties":{"shape_id":"{}","direction_id":"{\"0\": 50}","headsign":"{}","duration_avg":120,"n_vehicles":50,"d":1200,"route_I_counts":"{\"1\": 50}","source":5,"target":6,"layer":"L","from":"宁波望春桥(地铁站)","to":"宁波泽民(地铁站)"},"geometry":{"type":"LineString","coordinates":[[121.504586,29.884397],[121.516902,29.88114]]}},{"type":"Feature","properties":{"shape_id":"{}","direction_id":"{\"1\": 50}","headsign":"{}","duration_avg":120,"n_vehicles":50,"d":1200,"route_I_counts":"{\"1\": 50}","source":6,"target":5,"layer":"L","from":"宁波泽民(地铁站)","to":"宁波望春桥(地铁站)"},"geometry":{"type":"LineString","coordinates":[[121.516902,29.88114],[121.504586,29.884397]]}},{"type":"Feature","properties":{"shape_id":"{}","direction_id":"{\"0\": 50}","headsign":"{}","duration_avg":120,"n_vehicles":50,"d":1200,"route_I_counts":"{\"1\": 50}","source":6,"target":7,"layer":"L","from":"宁波泽民(地铁站)","to":"宁波大卿桥(地铁站)"},"geometry":{"type":"LineString","coordinates":[[121.516902,29.88114],[121.527671,29.879128]]}},{"type":"Feature","properties":{"shape_id":"{}","direction_id":"{\"1\": 50}","headsign":"{}","duration_avg":120,"n_vehicles":50,"d":1200,"route_I_counts":"{\"1\": 50}","source":7,"target":6,"layer":"L","from":"宁波大卿桥(地铁站)","to":"宁波泽民(地铁站)"},"geometry":{"type":"LineString","coordinates":[[121.527671,29.879128],[121.516902,29.88114]]}},{"type":"Feature","properties":{"shape_id":"{}","direction_id":"{\"0\": 50}","headsign":"{}","duration_avg":120,"n_vehicles":50,"d":1200,"route_I_counts":"{\"1\": 50}","source":7,"target":8,"layer":"L","from":"宁波大卿桥(地铁站)","to":"宁波西门口(地铁站)"},"geometry":{"type":"LineString","coordinates":[[121.527671,29.879128],[121.535742,29.877407]]}},{"type":"Feature","properties":{"shape_id":"{}","direction_id":"{\"1\": 50}","headsign":"{}","duration_avg":120,"n_vehicles":50,"d":1200,"route_I_counts":"{\"1\": 50}","source":8,"target":7,"layer":"L","from":"宁波西门口(地铁站)","to":"宁波大卿桥(地铁站)"},"geometry":{"type":"LineString","coordinates":[[121.535742,29.877407],[121.527671,29.879128]]}},{"type":"Feature","properties":{"shape_id":"{}","direction_id":"{\"0\": 50}","headsign":"{}","duration_avg":120,"n_vehicles":50,"d":1200,"route_I_counts":"{\"1\": 50}","source":8,"target":9,"layer":"L","from":"宁波西门口(地铁站)","to":"宁波鼓楼(地铁站)"},"geometry":{"type":"LineString","coordinates":[[121.535742,29.877407],[121.54542,29.875455]]}},{"type":"Feature","properties":{"shape_id":"{}","direction_id":"{\"1\": 50}","headsign":"{}","duration_avg":120,"n_vehicles":50,"d":1200,"route_I_counts":"{\"1\": 50}","source":9,"target":8,"layer":"L","from":"宁波鼓楼(地铁站)","to":"宁波西门口(地铁站)"},"geometry":{"type":"LineString","coordinates":[[121.54542,29.875455],[121.535742,29.877407]]}},{"type":"Feature","properties":{"shape_id":"{}","direction_id":"{\"0\": 50}","headsign":"{}","duration_avg":60,"n_vehicles":50,"d":600,"route_I_counts":"{\"1\": 50}","source":9,"target":10,"layer":"L","from":"宁波鼓楼(地铁站)","to":"宁波东门口(地铁站)"},"geometry":{"type":"LineString","coordinates":[[121.54542,29.875455],[121.551288,29.874074]]}},{"type":"Feature","properties":{"shape_id":"{}","direction_id":"{\"1\": 50}","headsign":"{}","duration_avg":60,"n_vehicles":50,"d":600,"route_I_counts":"{\"1\": 50}","source":10,"target":9,"layer":"L","from":"宁波东门口(地铁站)","to":"宁波鼓楼(地铁站)"},"geometry":{"type":"LineString","coordinates":[[121.551288,29.874074],[121.54542,29.875455]]}},{"type":"Feature","properties":{"shape_id":"{}","direction_id":"{\"0\": 50}","headsign":"{}","duration_avg":120,"n_vehicles":50,"d":1200,"route_I_counts":"{\"1\": 50}","source":10,"target":11,"layer":"L","from":"宁波东门口(地铁站)","to":"宁波江厦桥东(地铁站)"},"geometry":{"type":"LineString","coordinates":[[121.551288,29.874074],[121.560969,29.872018]]}},{"type":"Feature","properties":{"shape_id":"{}","direction_id":"{\"1\": 50}","headsign":"{}","duration_avg":120,"n_vehicles":50,"d":1200,"route_I_counts":"{\"1\": 50}","source":11,"target":10,"layer":"L","from":"宁波江厦桥东(地铁站)","to":"宁波东门口(地铁站)"},"geometry":{"type":"LineString","coordinates":[[121.560969,29.872018],[121.551288,29.874074]]}},{"type":"Feature","properties":{"shape_id":"{}","direction_id":"{\"0\": 50}","headsign":"{}","duration_avg":120,"n_vehicles":50,"d":1200,"route_I_counts":"{\"1\": 50}","source":11,"target":12,"layer":"L","from":"宁波江厦桥东(地铁站)","to":"宁波舟孟北路(地铁站)"},"geometry":{"type":"LineString","coordinates":[[121.560969,29.872018],[121.569871,29.869826]]}},{"type":"Feature","properties":{"shape_id":"{}","direction_id":"{\"1\": 50}","headsign":"{}","duration_avg":120,"n_vehicles":50,"d":1200,"route_I_counts":"{\"1\": 50}","source":12,"target":11,"layer":"L","from":"宁波舟孟北路(地铁站)","to":"宁波江厦桥东(地铁站)"},"geometry":{"type":"LineString","coordinates":[[121.569871,29.869826],[121.560969,29.872018]]}},{"type":"Feature","properties":{"shape_id":"{}","direction_id":"{\"0\": 50}","headsign":"{}","duration_avg":60,"n_vehicles":50,"d":600,"route_I_counts":"{\"1\": 50}","source":12,"target":13,"layer":"L","from":"宁波舟孟北路(地铁站)","to":"宁波樱花公园(地铁站)"},"geometry":{"type":"LineString","coordinates":[[121.569871,29.869826],[121.57732,29.867054]]}},{"type":"Feature","properties":{"shape_id":"{}","direction_id":"{\"1\": 50}","headsign":"{}","duration_avg":60,"n_vehicles":50,"d":600,"route_I_counts":"{\"1\": 50}","source":13,"target":12,"layer":"L","from":"宁波樱花公园(地铁站)","to":"宁波舟孟北路(地铁站)"},"geometry":{"type":"LineString","coordinates":[[121.57732,29.867054],[121.569871,29.869826]]}},{"type":"Feature","properties":{"shape_id":"{}","direction_id":"{\"0\": 50}","headsign":"{}","duration_avg":120,"n_vehicles":50,"d":1200,"route_I_counts":"{\"1\": 50}","source":13,"target":14,"layer":"L","from":"宁波樱花公园(地铁站)","to":"宁波福明路(地铁站)"},"geometry":{"type":"LineString","coordinates":[[121.57732,29.867054],[121.589,29.863614]]}},{"type":"Feature","properties":{"shape_id":"{}","direction_id":"{\"1\": 50}","headsign":"{}","duration_avg":120,"n_vehicles":50,"d":1200,"route_I_counts":"{\"1\": 50}","source":14,"target":13,"layer":"L","from":"宁波福明路(地铁站)","to":"宁波樱花公园(地铁站)"},"geometry":{"type":"LineString","coordinates":[[121.589,29.863614],[121.57732,29.867054]]}},{"type":"Feature","properties":{"shape_id":"{}","direction_id":"{\"0\": 50}","headsign":"{}","duration_avg":120,"n_vehicles":50,"d":1200,"route_I_counts":"{\"1\": 50}","source":14,"target":15,"layer":"L","from":"宁波福明路(地铁站)","to":"宁波世纪大道(地铁站)"},"geometry":{"type":"LineString","coordinates":[[121.589,29.863614],[121.597914,29.86166]]}},{"type":"Feature","properties":{"shape_id":"{}","direction_id":"{\"1\": 50}","headsign":"{}","duration_avg":120,"n_vehicles":50,"d":1200,"route_I_counts":"{\"1\": 50}","source":15,"target":14,"layer":"L","from":"宁波世纪大道(地铁站)","to":"宁波福明路(地铁站)"},"geometry":{"type":"LineString","coordinates":[[121.597914,29.86166],[121.589,29.863614]]}},{"type":"Feature","properties":{"shape_id":"{}","direction_id":"{\"0\": 50}","headsign":"{}","duration_avg":120,"n_vehicles":50,"d":1200,"route_I_counts":"{\"1\": 50}","source":15,"target":16,"layer":"L","from":"宁波世纪大道(地铁站)","to":"宁波海晏北路(地铁站)"},"geometry":{"type":"LineString","coordinates":[[121.597914,29.86166],[121.610552,29.862755]]}},{"type":"Feature","properties":{"shape_id":"{}","direction_id":"{\"1\": 50}","headsign":"{}","duration_avg":120,"n_vehicles":50,"d":1200,"route_I_counts":"{\"1\": 50}","source":16,"target":15,"layer":"L","from":"宁波海晏北路(地铁站)","to":"宁波世纪大道(地铁站)"},"geometry":{"type":"LineString","coordinates":[[121.610552,29.862755],[121.597914,29.86166]]}},{"type":"Feature","properties":{"shape_id":"{}","direction_id":"{\"0\": 50}","headsign":"{}","duration_avg":120,"n_vehicles":50,"d":1200,"route_I_counts":"{\"1\": 50}","source":16,"target":17,"layer":"L","from":"宁波海晏北路(地铁站)","to":"宁波福庆北路(地铁站)"},"geometry":{"type":"LineString","coordinates":[[121.610552,29.862755],[121.620103,29.861444]]}},{"type":"Feature","properties":{"shape_id":"{}","direction_id":"{\"1\": 50}","headsign":"{}","duration_avg":120,"n_vehicles":50,"d":1200,"route_I_counts":"{\"1\": 50}","source":17,"target":16,"layer":"L","from":"宁波福庆北路(地铁站)","to":"宁波海晏北路(地铁站)"},"geometry":{"type":"LineString","coordinates":[[121.620103,29.861444],[121.610552,29.862755]]}},{"type":"Feature","properties":{"shape_id":"{}","direction_id":"{\"0\": 50}","headsign":"{}","duration_avg":120,"n_vehicles":50,"d":1200,"route_I_counts":"{\"1\": 50}","source":17,"target":18,"layer":"L","from":"宁波福庆北路(地铁站)","to":"宁波盛莫路(地铁站)"},"geometry":{"type":"LineString","coordinates":[[121.620103,29.861444],[121.632157,29.859049]]}},{"type":"Feature","properties":{"shape_id":"{}","direction_id":"{\"1\": 50}","headsign":"{}","duration_avg":120,"n_vehicles":50,"d":1200,"route_I_counts":"{\"1\": 50}","source":18,"target":17,"layer":"L","from":"宁波盛莫路(地铁站)","to":"宁波福庆北路(地铁站)"},"geometry":{"type":"LineString","coordinates":[[121.632157,29.859049],[121.620103,29.861444]]}},{"type":"Feature","properties":{"shape_id":"{}","direction_id":"{\"0\": 50}","headsign":"{}","duration_avg":120,"n_vehicles":50,"d":1200,"route_I_counts":"{\"1\": 50}","source":18,"target":19,"layer":"L","from":"宁波盛莫路(地铁站)","to":"宁波东环南路(地铁站)"},"geometry":{"type":"LineString","coordinates":[[121.632157,29.859049],[121.64645,29.855607]]}},{"type":"Feature","properties":{"shape_id":"{}","direction_id":"{\"1\": 50}","headsign":"{}","duration_avg":120,"n_vehicles":50,"d":1200,"route_I_counts":"{\"1\": 50}","source":19,"target":18,"layer":"L","from":"宁波东环南路(地铁站)","to":"宁波盛莫路(地铁站)"},"geometry":{"type":"LineString","coordinates":[[121.64645,29.855607],[121.632157,29.859049]]}},{"type":"Feature","properties":{"shape_id":"{}","direction_id":"{\"0\": 50}","headsign":"{}","duration_avg":180,"n_vehicles":50,"d":1800,"route_I_counts":"{\"1\": 50}","source":19,"target":20,"layer":"L","from":"宁波东环南路(地铁站)","to":"宁波邱隘东(地铁站)"},"geometry":{"type":"LineString","coordinates":[[121.64645,29.855607],[121.65728,29.849118]]}},{"type":"Feature","properties":{"shape_id":"{}","direction_id":"{\"1\": 50}","headsign":"{}","duration_avg":180,"n_vehicles":50,"d":1800,"route_I_counts":"{\"1\": 50}","source":20,"target":19,"layer":"L","from":"宁波邱隘东(地铁站)","to":"宁波东环南路(地铁站)"},"geometry":{"type":"LineString","coordinates":[[121.65728,29.849118],[121.64645,29.855607]]}},{"type":"Feature","properties":{"shape_id":"{}","direction_id":"{\"0\": 50}","headsign":"{}","duration_avg":180,"n_vehicles":50,"d":1800,"route_I_counts":"{\"1\": 50}","source":20,"target":21,"layer":"L","from":"宁波邱隘东(地铁站)","to":"宁波五乡(地铁站)"},"geometry":{"type":"LineString","coordinates":[[121.65728,29.849118],[121.685942,29.841002]]}},{"type":"Feature","properties":{"shape_id":"{}","direction_id":"{\"1\": 50}","headsign":"{}","duration_avg":180,"n_vehicles":50,"d":1800,"route_I_counts":"{\"1\": 50}","source":21,"target":20,"layer":"L","from":"宁波五乡(地铁站)","to":"宁波邱隘东(地铁站)"},"geometry":{"type":"LineString","coordinates":[[121.685942,29.841002],[121.65728,29.849118]]}},{"type":"Feature","properties":{"shape_id":"{}","direction_id":"{\"0\": 50}","headsign":"{}","duration_avg":300,"n_vehicles":50,"d":3000,"route_I_counts":"{\"1\": 50}","source":21,"target":22,"layer":"L","from":"宁波五乡(地铁站)","to":"宁波宝幢(地铁站)"},"geometry":{"type":"LineString","coordinates":[[121.685942,29.841002],[121.729319,29.8418]]}},{"type":"Feature","properties":{"shape_id":"{}","direction_id":"{\"1\": 50}","headsign":"{}","duration_avg":300,"n_vehicles":50,"d":3000,"route_I_counts":"{\"1\": 50}","source":22,"target":21,"layer":"L","from":"宁波宝幢(地铁站)","to":"宁波五乡(地铁站)"},"geometry":{"type":"LineString","coordinates":[[121.729319,29.8418],[121.685942,29.841002]]}},{"type":"Feature","properties":{"shape_id":"{}","direction_id":"{\"0\": 50}","headsign":"{}","duration_avg":420,"n_vehicles":50,"d":4200,"route_I_counts":"{\"1\": 50}","source":22,"target":23,"layer":"L","from":"宁波宝幢(地铁站)","to":"宁波邬隘(地铁站)"},"geometry":{"type":"LineString","coordinates":[[121.729319,29.8418],[121.778037,29.87719]]}},{"type":"Feature","properties":{"shape_id":"{}","direction_id":"{\"1\": 50}","headsign":"{}","duration_avg":420,"n_vehicles":50,"d":4200,"route_I_counts":"{\"1\": 50}","source":23,"target":22,"layer":"L","from":"宁波邬隘(地铁站)","to":"宁波宝幢(地铁站)"},"geometry":{"type":"LineString","coordinates":[[121.778037,29.87719],[121.729319,29.8418]]}},{"type":"Feature","properties":{"shape_id":"{}","direction_id":"{\"0\": 50}","headsign":"{}","duration_avg":180,"n_vehicles":50,"d":1800,"route_I_counts":"{\"1\": 50}","source":23,"target":24,"layer":"L","from":"宁波邬隘(地铁站)","to":"宁波大碶(地铁站)"},"geometry":{"type":"LineString","coordinates":[[121.778037,29.87719],[121.790463,29.89578]]}},{"type":"Feature","properties":{"shape_id":"{}","direction_id":"{\"1\": 50}","headsign":"{}","duration_avg":180,"n_vehicles":50,"d":1800,"route_I_counts":"{\"1\": 50}","source":24,"target":23,"layer":"L","from":"宁波大碶(地铁站)","to":"宁波邬隘(地铁站)"},"geometry":{"type":"LineString","coordinates":[[121.790463,29.89578],[121.778037,29.87719]]}},{"type":"Feature","properties":{"shape_id":"{}","direction_id":"{\"0\": 50}","headsign":"{}","duration_avg":180,"n_vehicles":50,"d":1800,"route_I_counts":"{\"1\": 50}","source":24,"target":25,"layer":"L","from":"宁波大碶(地铁站)","to":"宁波松花江路(地铁站)"},"geometry":{"type":"LineString","coordinates":[[121.790463,29.89578],[121.804403,29.906706]]}},{"type":"Feature","properties":{"shape_id":"{}","direction_id":"{\"1\": 50}","headsign":"{}","duration_avg":180,"n_vehicles":50,"d":1800,"route_I_counts":"{\"1\": 50}","source":25,"target":24,"layer":"L","from":"宁波松花江路(地铁站)","to":"宁波大碶(地铁站)"},"geometry":{"type":"LineString","coordinates":[[121.804403,29.906706],[121.790463,29.89578]]}},{"type":"Feature","properties":{"shape_id":"{}","direction_id":"{\"0\": 50}","headsign":"{}","duration_avg":180,"n_vehicles":50,"d":1800,"route_I_counts":"{\"1\": 50}","source":25,"target":26,"layer":"L","from":"宁波松花江路(地铁站)","to":"宁波中河路(地铁站)"},"geometry":{"type":"LineString","coordinates":[[121.804403,29.906706],[121.825479,29.896265]]}},{"type":"Feature","properties":{"shape_id":"{}","direction_id":"{\"1\": 50}","headsign":"{}","duration_avg":180,"n_vehicles":50,"d":1800,"route_I_counts":"{\"1\": 50}","source":26,"target":25,"layer":"L","from":"宁波中河路(地铁站)","to":"宁波松花江路(地铁站)"},"geometry":{"type":"LineString","coordinates":[[121.825479,29.896265],[121.804403,29.906706]]}},{"type":"Feature","properties":{"shape_id":"{}","direction_id":"{\"0\": 50}","headsign":"{}","duration_avg":120,"n_vehicles":50,"d":1200,"route_I_counts":"{\"1\": 50}","source":26,"target":27,"layer":"L","from":"宁波中河路(地铁站)","to":"宁波长江路(地铁站)"},"geometry":{"type":"LineString","coordinates":[[121.825479,29.896265],[121.839682,29.89327]]}},{"type":"Feature","properties":{"shape_id":"{}","direction_id":"{\"1\": 50}","headsign":"{}","duration_avg":120,"n_vehicles":50,"d":1200,"route_I_counts":"{\"1\": 50}","source":27,"target":26,"layer":"L","from":"宁波长江路(地铁站)","to":"宁波中河路(地铁站)"},"geometry":{"type":"LineString","coordinates":[[121.839682,29.89327],[121.825479,29.896265]]}},{"type":"Feature","properties":{"shape_id":"{}","direction_id":"{\"0\": 50}","headsign":"{}","duration_avg":120,"n_vehicles":50,"d":1200,"route_I_counts":"{\"1\": 50}","source":27,"target":28,"layer":"L","from":"宁波长江路(地铁站)","to":"宁波霞浦(地铁站)"},"geometry":{"type":"LineString","coordinates":[[121.839682,29.89327],[121.852688,29.893033]]}},{"type":"Feature","properties":{"shape_id":"{}","direction_id":"{\"1\": 50}","headsign":"{}","duration_avg":120,"n_vehicles":50,"d":1200,"route_I_counts":"{\"1\": 50}","source":28,"target":27,"layer":"L","from":"宁波霞浦(地铁站)","to":"宁波长江路(地铁站)"},"geometry":{"type":"LineString","coordinates":[[121.852688,29.893033],[121.839682,29.89327]]}},{"type":"Feature","properties":{"shape_id":"{}","direction_id":"{\"0\": 50}","headsign":"{}","duration_avg":180,"n_vehicles":50,"d":1800,"route_I_counts":"{\"2\": 50}","source":29,"target":30,"layer":"L","from":"宁波栎社国际机场(地铁站)","to":"宁波栎社(地铁站)"},"geometry":{"type":"LineString","coordinates":[[121.456928,29.82013],[121.479125,29.811888]]}},{"type":"Feature","properties":{"shape_id":"{}","direction_id":"{\"1\": 50}","headsign":"{}","duration_avg":180,"n_vehicles":50,"d":1800,"route_I_counts":"{\"2\": 50}","source":30,"target":29,"layer":"L","from":"宁波栎社(地铁站)","to":"宁波栎社国际机场(地铁站)"},"geometry":{"type":"LineString","coordinates":[[121.479125,29.811888],[121.456928,29.82013]]}},{"type":"Feature","properties":{"shape_id":"{}","direction_id":"{\"0\": 50}","headsign":"{}","duration_avg":120,"n_vehicles":50,"d":1200,"route_I_counts":"{\"2\": 50}","source":30,"target":31,"layer":"L","from":"宁波栎社(地铁站)","to":"宁波鄞州大道(地铁站)"},"geometry":{"type":"LineString","coordinates":[[121.479125,29.811888],[121.492067,29.820881]]}},{"type":"Feature","properties":{"shape_id":"{}","direction_id":"{\"1\": 50}","headsign":"{}","duration_avg":120,"n_vehicles":50,"d":1200,"route_I_counts":"{\"2\": 50}","source":31,"target":30,"layer":"L","from":"宁波鄞州大道(地铁站)","to":"宁波栎社(地铁站)"},"geometry":{"type":"LineString","coordinates":[[121.492067,29.820881],[121.479125,29.811888]]}},{"type":"Feature","properties":{"shape_id":"{}","direction_id":"{\"0\": 50}","headsign":"{}","duration_avg":180,"n_vehicles":50,"d":1800,"route_I_counts":"{\"2\": 50}","source":31,"target":32,"layer":"L","from":"宁波鄞州大道(地铁站)","to":"宁波石碶(地铁站)"},"geometry":{"type":"LineString","coordinates":[[121.492067,29.820881],[121.500004,29.828198]]}},{"type":"Feature","properties":{"shape_id":"{}","direction_id":"{\"1\": 50}","headsign":"{}","duration_avg":180,"n_vehicles":50,"d":1800,"route_I_counts":"{\"2\": 50}","source":32,"target":31,"layer":"L","from":"宁波石碶(地铁站)","to":"宁波鄞州大道(地铁站)"},"geometry":{"type":"LineString","coordinates":[[121.500004,29.828198],[121.492067,29.820881]]}},{"type":"Feature","properties":{"shape_id":"{}","direction_id":"{\"0\": 50}","headsign":"{}","duration_avg":120,"n_vehicles":50,"d":1200,"route_I_counts":"{\"2\": 50}","source":32,"target":33,"layer":"L","from":"宁波石碶(地铁站)","to":"宁波轻纺城(地铁站)"},"geometry":{"type":"LineString","coordinates":[[121.500004,29.828198],[121.510061,29.833995]]}},{"type":"Feature","properties":{"shape_id":"{}","direction_id":"{\"1\": 50}","headsign":"{}","duration_avg":120,"n_vehicles":50,"d":1200,"route_I_counts":"{\"2\": 50}","source":33,"target":32,"layer":"L","from":"宁波轻纺城(地铁站)","to":"宁波石碶(地铁站)"},"geometry":{"type":"LineString","coordinates":[[121.510061,29.833995],[121.500004,29.828198]]}},{"type":"Feature","properties":{"shape_id":"{}","direction_id":"{\"0\": 50}","headsign":"{}","duration_avg":120,"n_vehicles":50,"d":1200,"route_I_counts":"{\"2\": 50}","source":33,"target":34,"layer":"L","from":"宁波轻纺城(地铁站)","to":"宁波藕池(地铁站)"},"geometry":{"type":"LineString","coordinates":[[121.510061,29.833995],[121.508497,29.844013]]}},{"type":"Feature","properties":{"shape_id":"{}","direction_id":"{\"1\": 50}","headsign":"{}","duration_avg":120,"n_vehicles":50,"d":1200,"route_I_counts":"{\"2\": 50}","source":34,"target":33,"layer":"L","from":"宁波藕池(地铁站)","to":"宁波轻纺城(地铁站)"},"geometry":{"type":"LineString","coordinates":[[121.508497,29.844013],[121.510061,29.833995]]}},{"type":"Feature","properties":{"shape_id":"{}","direction_id":"{\"0\": 50}","headsign":"{}","duration_avg":180,"n_vehicles":50,"d":1800,"route_I_counts":"{\"2\": 50}","source":34,"target":35,"layer":"L","from":"宁波藕池(地铁站)","to":"宁波客运中心(地铁站)"},"geometry":{"type":"LineString","coordinates":[[121.508497,29.844013],[121.508112,29.85321]]}},{"type":"Feature","properties":{"shape_id":"{}","direction_id":"{\"1\": 50}","headsign":"{}","duration_avg":180,"n_vehicles":50,"d":1800,"route_I_counts":"{\"2\": 50}","source":35,"target":34,"layer":"L","from":"宁波客运中心(地铁站)","to":"宁波藕池(地铁站)"},"geometry":{"type":"LineString","coordinates":[[121.508112,29.85321],[121.508497,29.844013]]}},{"type":"Feature","properties":{"shape_id":"{}","direction_id":"{\"0\": 50}","headsign":"{}","duration_avg":120,"n_vehicles":50,"d":1200,"route_I_counts":"{\"2\": 50}","source":35,"target":36,"layer":"L","from":"宁波客运中心(地铁站)","to":"宁波丽园南路(地铁站)"},"geometry":{"type":"LineString","coordinates":[[121.508112,29.85321],[121.513461,29.860635]]}},{"type":"Feature","properties":{"shape_id":"{}","direction_id":"{\"1\": 50}","headsign":"{}","duration_avg":120,"n_vehicles":50,"d":1200,"route_I_counts":"{\"2\": 50}","source":36,"target":35,"layer":"L","from":"宁波丽园南路(地铁站)","to":"宁波客运中心(地铁站)"},"geometry":{"type":"LineString","coordinates":[[121.513461,29.860635],[121.508112,29.85321]]}},{"type":"Feature","properties":{"shape_id":"{}","direction_id":"{\"0\": 50}","headsign":"{}","duration_avg":60,"n_vehicles":50,"d":600,"route_I_counts":"{\"2\": 50}","source":36,"target":37,"layer":"L","from":"宁波丽园南路(地铁站)","to":"宁波云霞路(地铁站)"},"geometry":{"type":"LineString","coordinates":[[121.513461,29.860635],[121.522137,29.861069]]}},{"type":"Feature","properties":{"shape_id":"{}","direction_id":"{\"1\": 50}","headsign":"{}","duration_avg":60,"n_vehicles":50,"d":600,"route_I_counts":"{\"2\": 50}","source":37,"target":36,"layer":"L","from":"宁波云霞路(地铁站)","to":"宁波丽园南路(地铁站)"},"geometry":{"type":"LineString","coordinates":[[121.522137,29.861069],[121.513461,29.860635]]}},{"type":"Feature","properties":{"shape_id":"{}","direction_id":"{\"0\": 50}","headsign":"{}","duration_avg":180,"n_vehicles":50,"d":1800,"route_I_counts":"{\"2\": 50}","source":37,"target":38,"layer":"L","from":"宁波云霞路(地铁站)","to":"宁波宁波火车站(地铁站)"},"geometry":{"type":"LineString","coordinates":[[121.522137,29.861069],[121.53283,29.864694]]}},{"type":"Feature","properties":{"shape_id":"{}","direction_id":"{\"1\": 50}","headsign":"{}","duration_avg":180,"n_vehicles":50,"d":1800,"route_I_counts":"{\"2\": 50}","source":38,"target":37,"layer":"L","from":"宁波宁波火车站(地铁站)","to":"宁波云霞路(地铁站)"},"geometry":{"type":"LineString","coordinates":[[121.53283,29.864694],[121.522137,29.861069]]}},{"type":"Feature","properties":{"shape_id":"{}","direction_id":"{\"0\": 50}","headsign":"{}","duration_avg":180,"n_vehicles":50,"d":1800,"route_I_counts":"{\"2\": 50}","source":38,"target":39,"layer":"L","from":"宁波宁波火车站(地铁站)","to":"宁波城隍庙(地铁站)"},"geometry":{"type":"LineString","coordinates":[[121.53283,29.864694],[121.544617,29.869705]]}},{"type":"Feature","properties":{"shape_id":"{}","direction_id":"{\"1\": 50}","headsign":"{}","duration_avg":180,"n_vehicles":50,"d":1800,"route_I_counts":"{\"2\": 50}","source":39,"target":38,"layer":"L","from":"宁波城隍庙(地铁站)","to":"宁波宁波火车站(地铁站)"},"geometry":{"type":"LineString","coordinates":[[121.544617,29.869705],[121.53283,29.864694]]}},{"type":"Feature","properties":{"shape_id":"{}","direction_id":"{\"0\": 50}","headsign":"{}","duration_avg":120,"n_vehicles":50,"d":1200,"route_I_counts":"{\"2\": 50}","source":39,"target":9,"layer":"L","from":"宁波城隍庙(地铁站)","to":"宁波鼓楼(地铁站)"},"geometry":{"type":"LineString","coordinates":[[121.544617,29.869705],[121.54542,29.875455]]}},{"type":"Feature","properties":{"shape_id":"{}","direction_id":"{\"1\": 50}","headsign":"{}","duration_avg":120,"n_vehicles":50,"d":1200,"route_I_counts":"{\"2\": 50}","source":9,"target":39,"layer":"L","from":"宁波鼓楼(地铁站)","to":"宁波城隍庙(地铁站)"},"geometry":{"type":"LineString","coordinates":[[121.54542,29.875455],[121.544617,29.869705]]}},{"type":"Feature","properties":{"shape_id":"{}","direction_id":"{\"0\": 50}","headsign":"{}","duration_avg":120,"n_vehicles":50,"d":1200,"route_I_counts":"{\"2\": 50}","source":9,"target":40,"layer":"L","from":"宁波鼓楼(地铁站)","to":"宁波外滩大桥(地铁站)"},"geometry":{"type":"LineString","coordinates":[[121.54542,29.875455],[121.554673,29.88541]]}},{"type":"Feature","properties":{"shape_id":"{}","direction_id":"{\"1\": 50}","headsign":"{}","duration_avg":120,"n_vehicles":50,"d":1200,"route_I_counts":"{\"2\": 50}","source":40,"target":9,"layer":"L","from":"宁波外滩大桥(地铁站)","to":"宁波鼓楼(地铁站)"},"geometry":{"type":"LineString","coordinates":[[121.554673,29.88541],[121.54542,29.875455]]}},{"type":"Feature","properties":{"shape_id":"{}","direction_id":"{\"0\": 50}","headsign":"{}","duration_avg":120,"n_vehicles":50,"d":1200,"route_I_counts":"{\"2\": 50}","source":40,"target":41,"layer":"L","from":"宁波外滩大桥(地铁站)","to":"宁波正大路(地铁站)"},"geometry":{"type":"LineString","coordinates":[[121.554673,29.88541],[121.557907,29.892366]]}},{"type":"Feature","properties":{"shape_id":"{}","direction_id":"{\"1\": 50}","headsign":"{}","duration_avg":120,"n_vehicles":50,"d":1200,"route_I_counts":"{\"2\": 50}","source":41,"target":40,"layer":"L","from":"宁波正大路(地铁站)","to":"宁波外滩大桥(地铁站)"},"geometry":{"type":"LineString","coordinates":[[121.557907,29.892366],[121.554673,29.88541]]}},{"type":"Feature","properties":{"shape_id":"{}","direction_id":"{\"0\": 50}","headsign":"{}","duration_avg":120,"n_vehicles":50,"d":1200,"route_I_counts":"{\"2\": 50}","source":41,"target":42,"layer":"L","from":"宁波正大路(地铁站)","to":"宁波倪家堰(地铁站)"},"geometry":{"type":"LineString","coordinates":[[121.557907,29.892366],[121.562594,29.900848]]}},{"type":"Feature","properties":{"shape_id":"{}","direction_id":"{\"1\": 50}","headsign":"{}","duration_avg":120,"n_vehicles":50,"d":1200,"route_I_counts":"{\"2\": 50}","source":42,"target":41,"layer":"L","from":"宁波倪家堰(地铁站)","to":"宁波正大路(地铁站)"},"geometry":{"type":"LineString","coordinates":[[121.562594,29.900848],[121.557907,29.892366]]}},{"type":"Feature","properties":{"shape_id":"{}","direction_id":"{\"0\": 50}","headsign":"{}","duration_avg":120,"n_vehicles":50,"d":1200,"route_I_counts":"{\"2\": 50}","source":42,"target":43,"layer":"L","from":"宁波倪家堰(地铁站)","to":"宁波压赛堰(地铁站)"},"geometry":{"type":"LineString","coordinates":[[121.562594,29.900848],[121.571382,29.906064]]}},{"type":"Feature","properties":{"shape_id":"{}","direction_id":"{\"1\": 50}","headsign":"{}","duration_avg":120,"n_vehicles":50,"d":1200,"route_I_counts":"{\"2\": 50}","source":43,"target":42,"layer":"L","from":"宁波压赛堰(地铁站)","to":"宁波倪家堰(地铁站)"},"geometry":{"type":"LineString","coordinates":[[121.571382,29.906064],[121.562594,29.900848]]}},{"type":"Feature","properties":{"shape_id":"{}","direction_id":"{\"0\": 50}","headsign":"{}","duration_avg":120,"n_vehicles":50,"d":1200,"route_I_counts":"{\"2\": 50}","source":43,"target":44,"layer":"L","from":"宁波压赛堰(地铁站)","to":"宁波大通桥(地铁站)"},"geometry":{"type":"LineString","coordinates":[[121.571382,29.906064],[121.57732,29.906387]]}},{"type":"Feature","properties":{"shape_id":"{}","direction_id":"{\"1\": 50}","headsign":"{}","duration_avg":120,"n_vehicles":50,"d":1200,"route_I_counts":"{\"2\": 50}","source":44,"target":43,"layer":"L","from":"宁波大通桥(地铁站)","to":"宁波压赛堰(地铁站)"},"geometry":{"type":"LineString","coordinates":[[121.57732,29.906387],[121.571382,29.906064]]}},{"type":"Feature","properties":{"shape_id":"{}","direction_id":"{\"0\": 50}","headsign":"{}","duration_avg":120,"n_vehicles":50,"d":1200,"route_I_counts":"{\"2\": 50}","source":44,"target":45,"layer":"L","from":"宁波大通桥(地铁站)","to":"宁波孔浦(地铁站)"},"geometry":{"type":"LineString","coordinates":[[121.57732,29.906387],[121.588218,29.906767]]}},{"type":"Feature","properties":{"shape_id":"{}","direction_id":"{\"1\": 50}","headsign":"{}","duration_avg":120,"n_vehicles":50,"d":1200,"route_I_counts":"{\"2\": 50}","source":45,"target":44,"layer":"L","from":"宁波孔浦(地铁站)","to":"宁波大通桥(地铁站)"},"geometry":{"type":"LineString","coordinates":[[121.588218,29.906767],[121.57732,29.906387]]}},{"type":"Feature","properties":{"shape_id":"{}","direction_id":"{\"0\": 50}","headsign":"{}","duration_avg":180,"n_vehicles":50,"d":1800,"route_I_counts":"{\"2\": 50}","source":45,"target":46,"layer":"L","from":"宁波孔浦(地铁站)","to":"宁波路林(地铁站)"},"geometry":{"type":"LineString","coordinates":[[121.588218,29.906767],[121.608327,29.911593]]}},{"type":"Feature","properties":{"shape_id":"{}","direction_id":"{\"1\": 50}","headsign":"{}","duration_avg":180,"n_vehicles":50,"d":1800,"route_I_counts":"{\"2\": 50}","source":46,"target":45,"layer":"L","from":"宁波路林(地铁站)","to":"宁波孔浦(地铁站)"},"geometry":{"type":"LineString","coordinates":[[121.608327,29.911593],[121.588218,29.906767]]}},{"type":"Feature","properties":{"shape_id":"{}","direction_id":"{\"0\": 50}","headsign":"{}","duration_avg":120,"n_vehicles":50,"d":1200,"route_I_counts":"{\"2\": 50}","source":46,"target":47,"layer":"L","from":"宁波路林(地铁站)","to":"宁波三官堂(地铁站)"},"geometry":{"type":"LineString","coordinates":[[121.608327,29.911593],[121.616762,29.91427]]}},{"type":"Feature","properties":{"shape_id":"{}","direction_id":"{\"1\": 50}","headsign":"{}","duration_avg":120,"n_vehicles":50,"d":1200,"route_I_counts":"{\"2\": 50}","source":47,"target":46,"layer":"L","from":"宁波三官堂(地铁站)","to":"宁波路林(地铁站)"},"geometry":{"type":"LineString","coordinates":[[121.616762,29.91427],[121.608327,29.911593]]}},{"type":"Feature","properties":{"shape_id":"{}","direction_id":"{\"0\": 50}","headsign":"{}","duration_avg":120,"n_vehicles":50,"d":1200,"route_I_counts":"{\"2\": 50}","source":47,"target":48,"layer":"L","from":"宁波三官堂(地铁站)","to":"宁波宁波大学(地铁站)"},"geometry":{"type":"LineString","coordinates":[[121.616762,29.91427],[121.63031,29.914199]]}},{"type":"Feature","properties":{"shape_id":"{}","direction_id":"{\"1\": 50}","headsign":"{}","duration_avg":120,"n_vehicles":50,"d":1200,"route_I_counts":"{\"2\": 50}","source":48,"target":47,"layer":"L","from":"宁波宁波大学(地铁站)","to":"宁波三官堂(地铁站)"},"geometry":{"type":"LineString","coordinates":[[121.63031,29.914199],[121.616762,29.91427]]}},{"type":"Feature","properties":{"shape_id":"{}","direction_id":"{\"0\": 50}","headsign":"{}","duration_avg":180,"n_vehicles":50,"d":1800,"route_I_counts":"{\"2\": 50}","source":48,"target":49,"layer":"L","from":"宁波宁波大学(地铁站)","to":"宁波清水浦(地铁站)"},"geometry":{"type":"LineString","coordinates":[[121.63031,29.914199],[121.656765,29.924324]]}},{"type":"Feature","properties":{"shape_id":"{}","direction_id":"{\"1\": 50}","headsign":"{}","duration_avg":180,"n_vehicles":50,"d":1800,"route_I_counts":"{\"2\": 50}","source":49,"target":48,"layer":"L","from":"宁波清水浦(地铁站)","to":"宁波宁波大学(地铁站)"},"geometry":{"type":"LineString","coordinates":[[121.656765,29.924324],[121.63031,29.914199]]}},{"type":"Feature","properties":{"shape_id":"{}","direction_id":"{\"0\": 50}","headsign":"{}","duration_avg":180,"n_vehicles":50,"d":1800,"route_I_counts":"{\"2\": 50}","source":49,"target":50,"layer":"L","from":"宁波清水浦(地铁站)","to":"宁波五里牌(地铁站)"},"geometry":{"type":"LineString","coordinates":[[121.656765,29.924324],[121.673267,29.940759]]}},{"type":"Feature","properties":{"shape_id":"{}","direction_id":"{\"1\": 50}","headsign":"{}","duration_avg":180,"n_vehicles":50,"d":1800,"route_I_counts":"{\"2\": 50}","source":50,"target":49,"layer":"L","from":"宁波五里牌(地铁站)","to":"宁波清水浦(地铁站)"},"geometry":{"type":"LineString","coordinates":[[121.673267,29.940759],[121.656765,29.924324]]}},{"type":"Feature","properties":{"shape_id":"{}","direction_id":"{\"0\": 50}","headsign":"{}","duration_avg":180,"n_vehicles":50,"d":1800,"route_I_counts":"{\"2\": 50}","source":50,"target":51,"layer":"L","from":"宁波五里牌(地铁站)","to":"宁波枫园(地铁站)"},"geometry":{"type":"LineString","coordinates":[[121.673267,29.940759],[121.689265,29.952329]]}},{"type":"Feature","properties":{"shape_id":"{}","direction_id":"{\"1\": 50}","headsign":"{}","duration_avg":180,"n_vehicles":50,"d":1800,"route_I_counts":"{\"2\": 50}","source":51,"target":50,"layer":"L","from":"宁波枫园(地铁站)","to":"宁波五里牌(地铁站)"},"geometry":{"type":"LineString","coordinates":[[121.689265,29.952329],[121.673267,29.940759]]}},{"type":"Feature","properties":{"shape_id":"{}","direction_id":"{\"0\": 50}","headsign":"{}","duration_avg":120,"n_vehicles":50,"d":1200,"route_I_counts":"{\"2\": 50}","source":51,"target":52,"layer":"L","from":"宁波枫园(地铁站)","to":"宁波聪园路(地铁站)"},"geometry":{"type":"LineString","coordinates":[[121.689265,29.952329],[121.701172,29.953963]]}},{"type":"Feature","properties":{"shape_id":"{}","direction_id":"{\"1\": 50}","headsign":"{}","duration_avg":120,"n_vehicles":50,"d":1200,"route_I_counts":"{\"2\": 50}","source":52,"target":51,"layer":"L","from":"宁波聪园路(地铁站)","to":"宁波枫园(地铁站)"},"geometry":{"type":"LineString","coordinates":[[121.701172,29.953963],[121.689265,29.952329]]}},{"type":"Feature","properties":{"shape_id":"{}","direction_id":"{\"0\": 50}","headsign":"{}","duration_avg":120,"n_vehicles":50,"d":1200,"route_I_counts":"{\"2\": 50}","source":52,"target":53,"layer":"L","from":"宁波聪园路(地铁站)","to":"宁波招宝山(地铁站)"},"geometry":{"type":"LineString","coordinates":[[121.701172,29.953963],[121.712168,29.952467]]}},{"type":"Feature","properties":{"shape_id":"{}","direction_id":"{\"1\": 50}","headsign":"{}","duration_avg":120,"n_vehicles":50,"d":1200,"route_I_counts":"{\"2\": 50}","source":53,"target":52,"layer":"L","from":"宁波招宝山(地铁站)","to":"宁波聪园路(地铁站)"},"geometry":{"type":"LineString","coordinates":[[121.712168,29.952467],[121.701172,29.953963]]}},{"type":"Feature","properties":{"shape_id":"{}","direction_id":"{\"0\": 50}","headsign":"{}","duration_avg":120,"n_vehicles":50,"d":1200,"route_I_counts":"{\"2\": 50}","source":53,"target":54,"layer":"L","from":"宁波招宝山(地铁站)","to":"宁波红联(地铁站)"},"geometry":{"type":"LineString","coordinates":[[121.712168,29.952467],[121.719804,29.941227]]}},{"type":"Feature","properties":{"shape_id":"{}","direction_id":"{\"1\": 50}","headsign":"{}","duration_avg":120,"n_vehicles":50,"d":1200,"route_I_counts":"{\"2\": 50}","source":54,"target":53,"layer":"L","from":"宁波红联(地铁站)","to":"宁波招宝山(地铁站)"},"geometry":{"type":"LineString","coordinates":[[121.719804,29.941227],[121.712168,29.952467]]}},{"type":"Feature","properties":{"shape_id":"{}","direction_id":"{\"0\": 50}","headsign":"{}","duration_avg":120,"n_vehicles":50,"d":1200,"route_I_counts":"{\"3\": 50}","source":44,"target":55,"layer":"L","from":"宁波大通桥(地铁站)","to":"宁波中兴大桥南(地铁站)"},"geometry":{"type":"LineString","coordinates":[[121.57732,29.906387],[121.583757,29.892757]]}},{"type":"Feature","properties":{"shape_id":"{}","direction_id":"{\"1\": 50}","headsign":"{}","duration_avg":120,"n_vehicles":50,"d":1200,"route_I_counts":"{\"3\": 50}","source":55,"target":44,"layer":"L","from":"宁波中兴大桥南(地铁站)","to":"宁波大通桥(地铁站)"},"geometry":{"type":"LineString","coordinates":[[121.583757,29.892757],[121.57732,29.906387]]}},{"type":"Feature","properties":{"shape_id":"{}","direction_id":"{\"0\": 50}","headsign":"{}","duration_avg":120,"n_vehicles":50,"d":1200,"route_I_counts":"{\"3\": 50}","source":55,"target":56,"layer":"L","from":"宁波中兴大桥南(地铁站)","to":"宁波明楼(地铁站)"},"geometry":{"type":"LineString","coordinates":[[121.583757,29.892757],[121.585101,29.882373]]}},{"type":"Feature","properties":{"shape_id":"{}","direction_id":"{\"1\": 50}","headsign":"{}","duration_avg":120,"n_vehicles":50,"d":1200,"route_I_counts":"{\"3\": 50}","source":56,"target":55,"layer":"L","from":"宁波明楼(地铁站)","to":"宁波中兴大桥南(地铁站)"},"geometry":{"type":"LineString","coordinates":[[121.585101,29.882373],[121.583757,29.892757]]}},{"type":"Feature","properties":{"shape_id":"{}","direction_id":"{\"0\": 50}","headsign":"{}","duration_avg":120,"n_vehicles":50,"d":1200,"route_I_counts":"{\"3\": 50}","source":56,"target":57,"layer":"L","from":"宁波明楼(地铁站)","to":"宁波体育馆(地铁站)"},"geometry":{"type":"LineString","coordinates":[[121.585101,29.882373],[121.58123,29.874391]]}},{"type":"Feature","properties":{"shape_id":"{}","direction_id":"{\"1\": 50}","headsign":"{}","duration_avg":120,"n_vehicles":50,"d":1200,"route_I_counts":"{\"3\": 50}","source":57,"target":56,"layer":"L","from":"宁波体育馆(地铁站)","to":"宁波明楼(地铁站)"},"geometry":{"type":"LineString","coordinates":[[121.58123,29.874391],[121.585101,29.882373]]}},{"type":"Feature","properties":{"shape_id":"{}","direction_id":"{\"0\": 50}","headsign":"{}","duration_avg":120,"n_vehicles":50,"d":1200,"route_I_counts":"{\"3\": 50}","source":57,"target":13,"layer":"L","from":"宁波体育馆(地铁站)","to":"宁波樱花公园(地铁站)"},"geometry":{"type":"LineString","coordinates":[[121.58123,29.874391],[121.57732,29.867054]]}},{"type":"Feature","properties":{"shape_id":"{}","direction_id":"{\"1\": 50}","headsign":"{}","duration_avg":120,"n_vehicles":50,"d":1200,"route_I_counts":"{\"3\": 50}","source":13,"target":57,"layer":"L","from":"宁波樱花公园(地铁站)","to":"宁波体育馆(地铁站)"},"geometry":{"type":"LineString","coordinates":[[121.57732,29.867054],[121.58123,29.874391]]}},{"type":"Feature","properties":{"shape_id":"{}","direction_id":"{\"0\": 50}","headsign":"{}","duration_avg":120,"n_vehicles":50,"d":1200,"route_I_counts":"{\"3\": 50}","source":13,"target":58,"layer":"L","from":"宁波樱花公园(地铁站)","to":"宁波儿童公园(地铁站)"},"geometry":{"type":"LineString","coordinates":[[121.57732,29.867054],[121.574281,29.855787]]}},{"type":"Feature","properties":{"shape_id":"{}","direction_id":"{\"1\": 50}","headsign":"{}","duration_avg":120,"n_vehicles":50,"d":1200,"route_I_counts":"{\"3\": 50}","source":58,"target":13,"layer":"L","from":"宁波儿童公园(地铁站)","to":"宁波樱花公园(地铁站)"},"geometry":{"type":"LineString","coordinates":[[121.574281,29.855787],[121.57732,29.867054]]}},{"type":"Feature","properties":{"shape_id":"{}","direction_id":"{\"0\": 50}","headsign":"{}","duration_avg":120,"n_vehicles":50,"d":1200,"route_I_counts":"{\"3\": 50}","source":58,"target":59,"layer":"L","from":"宁波儿童公园(地铁站)","to":"宁波仇毕(地铁站)"},"geometry":{"type":"LineString","coordinates":[[121.574281,29.855787],[121.571268,29.847951]]}},{"type":"Feature","properties":{"shape_id":"{}","direction_id":"{\"1\": 50}","headsign":"{}","duration_avg":120,"n_vehicles":50,"d":1200,"route_I_counts":"{\"3\": 50}","source":59,"target":58,"layer":"L","from":"宁波仇毕(地铁站)","to":"宁波儿童公园(地铁站)"},"geometry":{"type":"LineString","coordinates":[[121.571268,29.847951],[121.574281,29.855787]]}},{"type":"Feature","properties":{"shape_id":"{}","direction_id":"{\"0\": 50}","headsign":"{}","duration_avg":120,"n_vehicles":50,"d":1200,"route_I_counts":"{\"3\": 50}","source":59,"target":60,"layer":"L","from":"宁波仇毕(地铁站)","to":"宁波钱湖北路(地铁站)"},"geometry":{"type":"LineString","coordinates":[[121.571268,29.847951],[121.561495,29.838406]]}},{"type":"Feature","properties":{"shape_id":"{}","direction_id":"{\"1\": 50}","headsign":"{}","duration_avg":120,"n_vehicles":50,"d":1200,"route_I_counts":"{\"3\": 50}","source":60,"target":59,"layer":"L","from":"宁波钱湖北路(地铁站)","to":"宁波仇毕(地铁站)"},"geometry":{"type":"LineString","coordinates":[[121.561495,29.838406],[121.571268,29.847951]]}},{"type":"Feature","properties":{"shape_id":"{}","direction_id":"{\"0\": 50}","headsign":"{}","duration_avg":120,"n_vehicles":50,"d":1200,"route_I_counts":"{\"3\": 50}","source":60,"target":61,"layer":"L","from":"宁波钱湖北路(地铁站)","to":"宁波锦寓路(地铁站)"},"geometry":{"type":"LineString","coordinates":[[121.561495,29.838406],[121.551552,29.836334]]}},{"type":"Feature","properties":{"shape_id":"{}","direction_id":"{\"1\": 50}","headsign":"{}","duration_avg":120,"n_vehicles":50,"d":1200,"route_I_counts":"{\"3\": 50}","source":61,"target":60,"layer":"L","from":"宁波锦寓路(地铁站)","to":"宁波钱湖北路(地铁站)"},"geometry":{"type":"LineString","coordinates":[[121.551552,29.836334],[121.561495,29.838406]]}},{"type":"Feature","properties":{"shape_id":"{}","direction_id":"{\"0\": 50}","headsign":"{}","duration_avg":120,"n_vehicles":50,"d":1200,"route_I_counts":"{\"3\": 50}","source":61,"target":62,"layer":"L","from":"宁波锦寓路(地铁站)","to":"宁波四明中路(地铁站)"},"geometry":{"type":"LineString","coordinates":[[121.551552,29.836334],[121.546442,29.830564]]}},{"type":"Feature","properties":{"shape_id":"{}","direction_id":"{\"1\": 50}","headsign":"{}","duration_avg":120,"n_vehicles":50,"d":1200,"route_I_counts":"{\"3\": 50}","source":62,"target":61,"layer":"L","from":"宁波四明中路(地铁站)","to":"宁波锦寓路(地铁站)"},"geometry":{"type":"LineString","coordinates":[[121.546442,29.830564],[121.551552,29.836334]]}},{"type":"Feature","properties":{"shape_id":"{}","direction_id":"{\"0\": 50}","headsign":"{}","duration_avg":120,"n_vehicles":50,"d":1200,"route_I_counts":"{\"3\": 50}","source":62,"target":63,"layer":"L","from":"宁波四明中路(地铁站)","to":"宁波鄞州区政府(地铁站)"},"geometry":{"type":"LineString","coordinates":[[121.546442,29.830564],[121.546015,29.82086]]}},{"type":"Feature","properties":{"shape_id":"{}","direction_id":"{\"1\": 50}","headsign":"{}","duration_avg":120,"n_vehicles":50,"d":1200,"route_I_counts":"{\"3\": 50}","source":63,"target":62,"layer":"L","from":"宁波鄞州区政府(地铁站)","to":"宁波四明中路(地铁站)"},"geometry":{"type":"LineString","coordinates":[[121.546015,29.82086],[121.546442,29.830564]]}},{"type":"Feature","properties":{"shape_id":"{}","direction_id":"{\"0\": 50}","headsign":"{}","duration_avg":120,"n_vehicles":50,"d":1200,"route_I_counts":"{\"3\": 50}","source":63,"target":64,"layer":"L","from":"宁波鄞州区政府(地铁站)","to":"宁波南部商务区(地铁站)"},"geometry":{"type":"LineString","coordinates":[[121.546015,29.82086],[121.545,29.809469]]}},{"type":"Feature","properties":{"shape_id":"{}","direction_id":"{\"1\": 50}","headsign":"{}","duration_avg":120,"n_vehicles":50,"d":1200,"route_I_counts":"{\"3\": 50}","source":64,"target":63,"layer":"L","from":"宁波南部商务区(地铁站)","to":"宁波鄞州区政府(地铁站)"},"geometry":{"type":"LineString","coordinates":[[121.545,29.809469],[121.546015,29.82086]]}},{"type":"Feature","properties":{"shape_id":"{}","direction_id":"{\"0\": 50}","headsign":"{}","duration_avg":120,"n_vehicles":50,"d":1200,"route_I_counts":"{\"3\": 50}","source":64,"target":65,"layer":"L","from":"宁波南部商务区(地铁站)","to":"宁波鄞州客运总站(地铁站)"},"geometry":{"type":"LineString","coordinates":[[121.545,29.809469],[121.537475,29.80347]]}},{"type":"Feature","properties":{"shape_id":"{}","direction_id":"{\"1\": 50}","headsign":"{}","duration_avg":120,"n_vehicles":50,"d":1200,"route_I_counts":"{\"3\": 50}","source":65,"target":64,"layer":"L","from":"宁波鄞州客运总站(地铁站)","to":"宁波南部商务区(地铁站)"},"geometry":{"type":"LineString","coordinates":[[121.537475,29.80347],[121.545,29.809469]]}},{"type":"Feature","properties":{"shape_id":"{}","direction_id":"{\"0\": 50}","headsign":"{}","duration_avg":120,"n_vehicles":50,"d":1200,"route_I_counts":"{\"3\": 50}","source":65,"target":66,"layer":"L","from":"宁波鄞州客运总站(地铁站)","to":"宁波句章路(地铁站)"},"geometry":{"type":"LineString","coordinates":[[121.537475,29.80347],[121.526782,29.799455]]}},{"type":"Feature","properties":{"shape_id":"{}","direction_id":"{\"1\": 50}","headsign":"{}","duration_avg":120,"n_vehicles":50,"d":1200,"route_I_counts":"{\"3\": 50}","source":66,"target":65,"layer":"L","from":"宁波句章路(地铁站)","to":"宁波鄞州客运总站(地铁站)"},"geometry":{"type":"LineString","coordinates":[[121.526782,29.799455],[121.537475,29.80347]]}},{"type":"Feature","properties":{"shape_id":"{}","direction_id":"{\"0\": 50}","headsign":"{}","duration_avg":60,"n_vehicles":50,"d":600,"route_I_counts":"{\"3\": 50}","source":66,"target":67,"layer":"L","from":"宁波句章路(地铁站)","to":"宁波高塘桥(地铁站)"},"geometry":{"type":"LineString","coordinates":[[121.526782,29.799455],[121.52493,29.792093]]}},{"type":"Feature","properties":{"shape_id":"{}","direction_id":"{\"1\": 50}","headsign":"{}","duration_avg":60,"n_vehicles":50,"d":600,"route_I_counts":"{\"3\": 50}","source":67,"target":66,"layer":"L","from":"宁波高塘桥(地铁站)","to":"宁波句章路(地铁站)"},"geometry":{"type":"LineString","coordinates":[[121.52493,29.792093],[121.526782,29.799455]]}},{"type":"Feature","properties":{"shape_id":"{}","direction_id":"{\"0\": 50}","headsign":"{}","duration_avg":180,"n_vehicles":50,"d":1800,"route_I_counts":"{\"3\": 50}","source":67,"target":68,"layer":"L","from":"宁波高塘桥(地铁站)","to":"宁波姜山(地铁站)"},"geometry":{"type":"LineString","coordinates":[[121.52493,29.792093],[121.523327,29.773162]]}},{"type":"Feature","properties":{"shape_id":"{}","direction_id":"{\"1\": 50}","headsign":"{}","duration_avg":180,"n_vehicles":50,"d":1800,"route_I_counts":"{\"3\": 50}","source":68,"target":67,"layer":"L","from":"宁波姜山(地铁站)","to":"宁波高塘桥(地铁站)"},"geometry":{"type":"LineString","coordinates":[[121.523327,29.773162],[121.52493,29.792093]]}},{"type":"Feature","properties":{"shape_id":"{}","direction_id":"{\"0\": 50}","headsign":"{}","duration_avg":180,"n_vehicles":50,"d":1800,"route_I_counts":"{\"3\": 50}","source":68,"target":69,"layer":"L","from":"宁波姜山(地铁站)","to":"宁波狮山(地铁站)"},"geometry":{"type":"LineString","coordinates":[[121.523327,29.773162],[121.514771,29.766445]]}},{"type":"Feature","properties":{"shape_id":"{}","direction_id":"{\"1\": 50}","headsign":"{}","duration_avg":180,"n_vehicles":50,"d":1800,"route_I_counts":"{\"3\": 50}","source":69,"target":68,"layer":"L","from":"宁波狮山(地铁站)","to":"宁波姜山(地铁站)"},"geometry":{"type":"LineString","coordinates":[[121.514771,29.766445],[121.523327,29.773162]]}},{"type":"Feature","properties":{"shape_id":"{}","direction_id":"{\"0\": 50}","headsign":"{}","duration_avg":120,"n_vehicles":50,"d":1200,"route_I_counts":"{\"3\": 50}","source":69,"target":70,"layer":"L","from":"宁波狮山(地铁站)","to":"宁波明辉路(地铁站)"},"geometry":{"type":"LineString","coordinates":[[121.514771,29.766445],[121.501106,29.766755]]}},{"type":"Feature","properties":{"shape_id":"{}","direction_id":"{\"1\": 50}","headsign":"{}","duration_avg":120,"n_vehicles":50,"d":1200,"route_I_counts":"{\"3\": 50}","source":70,"target":69,"layer":"L","from":"宁波明辉路(地铁站)","to":"宁波狮山(地铁站)"},"geometry":{"type":"LineString","coordinates":[[121.501106,29.766755],[121.514771,29.766445]]}},{"type":"Feature","properties":{"shape_id":"{}","direction_id":"{\"0\": 50}","headsign":"{}","duration_avg":120,"n_vehicles":50,"d":1200,"route_I_counts":"{\"3\": 50}","source":70,"target":71,"layer":"L","from":"宁波明辉路(地铁站)","to":"宁波朝阳(地铁站)"},"geometry":{"type":"LineString","coordinates":[[121.501106,29.766755],[121.484615,29.767473]]}},{"type":"Feature","properties":{"shape_id":"{}","direction_id":"{\"1\": 50}","headsign":"{}","duration_avg":120,"n_vehicles":50,"d":1200,"route_I_counts":"{\"3\": 50}","source":71,"target":70,"layer":"L","from":"宁波朝阳(地铁站)","to":"宁波明辉路(地铁站)"},"geometry":{"type":"LineString","coordinates":[[121.484615,29.767473],[121.501106,29.766755]]}},{"type":"Feature","properties":{"shape_id":"{}","direction_id":"{\"0\": 50}","headsign":"{}","duration_avg":300,"n_vehicles":50,"d":3000,"route_I_counts":"{\"3\": 50}","source":71,"target":72,"layer":"L","from":"宁波朝阳(地铁站)","to":"宁波方桥(地铁站)"},"geometry":{"type":"LineString","coordinates":[[121.484615,29.767473],[121.447935,29.747976]]}},{"type":"Feature","properties":{"shape_id":"{}","direction_id":"{\"1\": 50}","headsign":"{}","duration_avg":300,"n_vehicles":50,"d":3000,"route_I_counts":"{\"3\": 50}","source":72,"target":71,"layer":"L","from":"宁波方桥(地铁站)","to":"宁波朝阳(地铁站)"},"geometry":{"type":"LineString","coordinates":[[121.447935,29.747976],[121.484615,29.767473]]}},{"type":"Feature","properties":{"shape_id":"{}","direction_id":"{\"0\": 50}","headsign":"{}","duration_avg":240,"n_vehicles":50,"d":2400,"route_I_counts":"{\"3\": 50}","source":72,"target":73,"layer":"L","from":"宁波方桥(地铁站)","to":"宁波琎琳(地铁站)"},"geometry":{"type":"LineString","coordinates":[[121.447935,29.747976],[121.443968,29.724414]]}},{"type":"Feature","properties":{"shape_id":"{}","direction_id":"{\"1\": 50}","headsign":"{}","duration_avg":240,"n_vehicles":50,"d":2400,"route_I_counts":"{\"3\": 50}","source":73,"target":72,"layer":"L","from":"宁波琎琳(地铁站)","to":"宁波方桥(地铁站)"},"geometry":{"type":"LineString","coordinates":[[121.443968,29.724414],[121.447935,29.747976]]}},{"type":"Feature","properties":{"shape_id":"{}","direction_id":"{\"0\": 50}","headsign":"{}","duration_avg":120,"n_vehicles":50,"d":1200,"route_I_counts":"{\"3\": 50}","source":73,"target":74,"layer":"L","from":"宁波琎琳(地铁站)","to":"宁波南渡(地铁站)"},"geometry":{"type":"LineString","coordinates":[[121.443968,29.724414],[121.442872,29.710972]]}},{"type":"Feature","properties":{"shape_id":"{}","direction_id":"{\"1\": 50}","headsign":"{}","duration_avg":120,"n_vehicles":50,"d":1200,"route_I_counts":"{\"3\": 50}","source":74,"target":73,"layer":"L","from":"宁波南渡(地铁站)","to":"宁波琎琳(地铁站)"},"geometry":{"type":"LineString","coordinates":[[121.442872,29.710972],[121.443968,29.724414]]}},{"type":"Feature","properties":{"shape_id":"{}","direction_id":"{\"0\": 50}","headsign":"{}","duration_avg":300,"n_vehicles":50,"d":3000,"route_I_counts":"{\"3\": 50}","source":74,"target":75,"layer":"L","from":"宁波南渡(地铁站)","to":"宁波大成东路(地铁站)"},"geometry":{"type":"LineString","coordinates":[[121.442872,29.710972],[121.445103,29.674815]]}},{"type":"Feature","properties":{"shape_id":"{}","direction_id":"{\"1\": 50}","headsign":"{}","duration_avg":300,"n_vehicles":50,"d":3000,"route_I_counts":"{\"3\": 50}","source":75,"target":74,"layer":"L","from":"宁波大成东路(地铁站)","to":"宁波南渡(地铁站)"},"geometry":{"type":"LineString","coordinates":[[121.445103,29.674815],[121.442872,29.710972]]}},{"type":"Feature","properties":{"shape_id":"{}","direction_id":"{\"0\": 50}","headsign":"{}","duration_avg":180,"n_vehicles":50,"d":1800,"route_I_counts":"{\"3\": 50}","source":75,"target":76,"layer":"L","from":"宁波大成东路(地铁站)","to":"宁波金海路(地铁站)"},"geometry":{"type":"LineString","coordinates":[[121.445103,29.674815],[121.444827,29.653849]]}},{"type":"Feature","properties":{"shape_id":"{}","direction_id":"{\"1\": 50}","headsign":"{}","duration_avg":180,"n_vehicles":50,"d":1800,"route_I_counts":"{\"3\": 50}","source":76,"target":75,"layer":"L","from":"宁波金海路(地铁站)","to":"宁波大成东路(地铁站)"},"geometry":{"type":"LineString","coordinates":[[121.444827,29.653849],[121.445103,29.674815]]}},{"type":"Feature","properties":{"shape_id":"{}","direction_id":"{\"0\": 50}","headsign":"{}","duration_avg":120,"n_vehicles":50,"d":1200,"route_I_counts":"{\"4\": 50}","source":77,"target":78,"layer":"L","from":"宁波慈城西(地铁站)","to":"宁波慈城(地铁站)"},"geometry":{"type":"LineString","coordinates":[[121.433033,29.9873],[121.44649,29.977785]]}},{"type":"Feature","properties":{"shape_id":"{}","direction_id":"{\"1\": 50}","headsign":"{}","duration_avg":120,"n_vehicles":50,"d":1200,"route_I_counts":"{\"4\": 50}","source":78,"target":77,"layer":"L","from":"宁波慈城(地铁站)","to":"宁波慈城西(地铁站)"},"geometry":{"type":"LineString","coordinates":[[121.44649,29.977785],[121.433033,29.9873]]}},{"type":"Feature","properties":{"shape_id":"{}","direction_id":"{\"0\": 50}","headsign":"{}","duration_avg":180,"n_vehicles":50,"d":1800,"route_I_counts":"{\"4\": 50}","source":78,"target":79,"layer":"L","from":"宁波慈城(地铁站)","to":"宁波官山河(地铁站)"},"geometry":{"type":"LineString","coordinates":[[121.44649,29.977785],[121.455642,29.963661]]}},{"type":"Feature","properties":{"shape_id":"{}","direction_id":"{\"1\": 50}","headsign":"{}","duration_avg":180,"n_vehicles":50,"d":1800,"route_I_counts":"{\"4\": 50}","source":79,"target":78,"layer":"L","from":"宁波官山河(地铁站)","to":"宁波慈城(地铁站)"},"geometry":{"type":"LineString","coordinates":[[121.455642,29.963661],[121.44649,29.977785]]}},{"type":"Feature","properties":{"shape_id":"{}","direction_id":"{\"0\": 50}","headsign":"{}","duration_avg":180,"n_vehicles":50,"d":1800,"route_I_counts":"{\"4\": 50}","source":79,"target":80,"layer":"L","from":"宁波官山河(地铁站)","to":"宁波长兴路(地铁站)"},"geometry":{"type":"LineString","coordinates":[[121.455642,29.963661],[121.4577,29.95044]]}},{"type":"Feature","properties":{"shape_id":"{}","direction_id":"{\"1\": 50}","headsign":"{}","duration_avg":180,"n_vehicles":50,"d":1800,"route_I_counts":"{\"4\": 50}","source":80,"target":79,"layer":"L","from":"宁波长兴路(地铁站)","to":"宁波官山河(地铁站)"},"geometry":{"type":"LineString","coordinates":[[121.4577,29.95044],[121.455642,29.963661]]}},{"type":"Feature","properties":{"shape_id":"{}","direction_id":"{\"0\": 50}","headsign":"{}","duration_avg":120,"n_vehicles":50,"d":1200,"route_I_counts":"{\"4\": 50}","source":80,"target":81,"layer":"L","from":"宁波长兴路(地铁站)","to":"宁波金山路(地铁站)"},"geometry":{"type":"LineString","coordinates":[[121.4577,29.95044],[121.466276,29.943431]]}},{"type":"Feature","properties":{"shape_id":"{}","direction_id":"{\"1\": 50}","headsign":"{}","duration_avg":120,"n_vehicles":50,"d":1200,"route_I_counts":"{\"4\": 50}","source":81,"target":80,"layer":"L","from":"宁波金山路(地铁站)","to":"宁波长兴路(地铁站)"},"geometry":{"type":"LineString","coordinates":[[121.466276,29.943431],[121.4577,29.95044]]}},{"type":"Feature","properties":{"shape_id":"{}","direction_id":"{\"0\": 50}","headsign":"{}","duration_avg":180,"n_vehicles":50,"d":1800,"route_I_counts":"{\"4\": 50}","source":81,"target":82,"layer":"L","from":"宁波金山路(地铁站)","to":"宁波奥体中心(地铁站)"},"geometry":{"type":"LineString","coordinates":[[121.466276,29.943431],[121.485887,29.93655]]}},{"type":"Feature","properties":{"shape_id":"{}","direction_id":"{\"1\": 50}","headsign":"{}","duration_avg":180,"n_vehicles":50,"d":1800,"route_I_counts":"{\"4\": 50}","source":82,"target":81,"layer":"L","from":"宁波奥体中心(地铁站)","to":"宁波金山路(地铁站)"},"geometry":{"type":"LineString","coordinates":[[121.485887,29.93655],[121.466276,29.943431]]}},{"type":"Feature","properties":{"shape_id":"{}","direction_id":"{\"0\": 50}","headsign":"{}","duration_avg":120,"n_vehicles":50,"d":1200,"route_I_counts":"{\"4\": 50}","source":82,"target":83,"layer":"L","from":"宁波奥体中心(地铁站)","to":"宁波洪塘中路(地铁站)"},"geometry":{"type":"LineString","coordinates":[[121.485887,29.93655],[121.497265,29.930022]]}},{"type":"Feature","properties":{"shape_id":"{}","direction_id":"{\"1\": 50}","headsign":"{}","duration_avg":120,"n_vehicles":50,"d":1200,"route_I_counts":"{\"4\": 50}","source":83,"target":82,"layer":"L","from":"宁波洪塘中路(地铁站)","to":"宁波奥体中心(地铁站)"},"geometry":{"type":"LineString","coordinates":[[121.497265,29.930022],[121.485887,29.93655]]}},{"type":"Feature","properties":{"shape_id":"{}","direction_id":"{\"0\": 50}","headsign":"{}","duration_avg":180,"n_vehicles":50,"d":1800,"route_I_counts":"{\"4\": 50}","source":83,"target":84,"layer":"L","from":"宁波洪塘中路(地铁站)","to":"宁波洪大路(地铁站)"},"geometry":{"type":"LineString","coordinates":[[121.497265,29.930022],[121.517594,29.923797]]}},{"type":"Feature","properties":{"shape_id":"{}","direction_id":"{\"1\": 50}","headsign":"{}","duration_avg":180,"n_vehicles":50,"d":1800,"route_I_counts":"{\"4\": 50}","source":84,"target":83,"layer":"L","from":"宁波洪大路(地铁站)","to":"宁波洪塘中路(地铁站)"},"geometry":{"type":"LineString","coordinates":[[121.517594,29.923797],[121.497265,29.930022]]}},{"type":"Feature","properties":{"shape_id":"{}","direction_id":"{\"0\": 50}","headsign":"{}","duration_avg":120,"n_vehicles":50,"d":1200,"route_I_counts":"{\"4\": 50}","source":84,"target":85,"layer":"L","from":"宁波洪大路(地铁站)","to":"宁波庄桥火车站(地铁站)"},"geometry":{"type":"LineString","coordinates":[[121.517594,29.923797],[121.530304,29.924538]]}},{"type":"Feature","properties":{"shape_id":"{}","direction_id":"{\"1\": 50}","headsign":"{}","duration_avg":120,"n_vehicles":50,"d":1200,"route_I_counts":"{\"4\": 50}","source":85,"target":84,"layer":"L","from":"宁波庄桥火车站(地铁站)","to":"宁波洪大路(地铁站)"},"geometry":{"type":"LineString","coordinates":[[121.530304,29.924538],[121.517594,29.923797]]}},{"type":"Feature","properties":{"shape_id":"{}","direction_id":"{\"0\": 50}","headsign":"{}","duration_avg":180,"n_vehicles":50,"d":1800,"route_I_counts":"{\"4\": 50}","source":85,"target":86,"layer":"L","from":"宁波庄桥火车站(地铁站)","to":"宁波丽江路(地铁站)"},"geometry":{"type":"LineString","coordinates":[[121.530304,29.924538],[121.534774,29.913184]]}},{"type":"Feature","properties":{"shape_id":"{}","direction_id":"{\"1\": 50}","headsign":"{}","duration_avg":180,"n_vehicles":50,"d":1800,"route_I_counts":"{\"4\": 50}","source":86,"target":85,"layer":"L","from":"宁波丽江路(地铁站)","to":"宁波庄桥火车站(地铁站)"},"geometry":{"type":"LineString","coordinates":[[121.534774,29.913184],[121.530304,29.924538]]}},{"type":"Feature","properties":{"shape_id":"{}","direction_id":"{\"0\": 50}","headsign":"{}","duration_avg":180,"n_vehicles":50,"d":1800,"route_I_counts":"{\"4\": 50}","source":86,"target":87,"layer":"L","from":"宁波丽江路(地铁站)","to":"宁波双东路(地铁站)"},"geometry":{"type":"LineString","coordinates":[[121.534774,29.913184],[121.528652,29.899108]]}},{"type":"Feature","properties":{"shape_id":"{}","direction_id":"{\"1\": 50}","headsign":"{}","duration_avg":180,"n_vehicles":50,"d":1800,"route_I_counts":"{\"4\": 50}","source":87,"target":86,"layer":"L","from":"宁波双东路(地铁站)","to":"宁波丽江路(地铁站)"},"geometry":{"type":"LineString","coordinates":[[121.528652,29.899108],[121.534774,29.913184]]}},{"type":"Feature","properties":{"shape_id":"{}","direction_id":"{\"0\": 50}","headsign":"{}","duration_avg":120,"n_vehicles":50,"d":1200,"route_I_counts":"{\"4\": 50}","source":87,"target":88,"layer":"L","from":"宁波双东路(地铁站)","to":"宁波翠柏里(地铁站)"},"geometry":{"type":"LineString","coordinates":[[121.528652,29.899108],[121.528064,29.890581]]}},{"type":"Feature","properties":{"shape_id":"{}","direction_id":"{\"1\": 50}","headsign":"{}","duration_avg":120,"n_vehicles":50,"d":1200,"route_I_counts":"{\"4\": 50}","source":88,"target":87,"layer":"L","from":"宁波翠柏里(地铁站)","to":"宁波双东路(地铁站)"},"geometry":{"type":"LineString","coordinates":[[121.528064,29.890581],[121.528652,29.899108]]}},{"type":"Feature","properties":{"shape_id":"{}","direction_id":"{\"0\": 50}","headsign":"{}","duration_avg":120,"n_vehicles":50,"d":1200,"route_I_counts":"{\"4\": 50}","source":88,"target":7,"layer":"L","from":"宁波翠柏里(地铁站)","to":"宁波大卿桥(地铁站)"},"geometry":{"type":"LineString","coordinates":[[121.528064,29.890581],[121.527671,29.879128]]}},{"type":"Feature","properties":{"shape_id":"{}","direction_id":"{\"1\": 50}","headsign":"{}","duration_avg":120,"n_vehicles":50,"d":1200,"route_I_counts":"{\"4\": 50}","source":7,"target":88,"layer":"L","from":"宁波大卿桥(地铁站)","to":"宁波翠柏里(地铁站)"},"geometry":{"type":"LineString","coordinates":[[121.527671,29.879128],[121.528064,29.890581]]}},{"type":"Feature","properties":{"shape_id":"{}","direction_id":"{\"0\": 50}","headsign":"{}","duration_avg":120,"n_vehicles":50,"d":1200,"route_I_counts":"{\"4\": 50}","source":7,"target":89,"layer":"L","from":"宁波大卿桥(地铁站)","to":"宁波柳西(地铁站)"},"geometry":{"type":"LineString","coordinates":[[121.527671,29.879128],[121.527108,29.873656]]}},{"type":"Feature","properties":{"shape_id":"{}","direction_id":"{\"1\": 50}","headsign":"{}","duration_avg":120,"n_vehicles":50,"d":1200,"route_I_counts":"{\"4\": 50}","source":89,"target":7,"layer":"L","from":"宁波柳西(地铁站)","to":"宁波大卿桥(地铁站)"},"geometry":{"type":"LineString","coordinates":[[121.527108,29.873656],[121.527671,29.879128]]}},{"type":"Feature","properties":{"shape_id":"{}","direction_id":"{\"0\": 50}","headsign":"{}","duration_avg":120,"n_vehicles":50,"d":1200,"route_I_counts":"{\"4\": 50}","source":89,"target":38,"layer":"L","from":"宁波柳西(地铁站)","to":"宁波宁波火车站(地铁站)"},"geometry":{"type":"LineString","coordinates":[[121.527108,29.873656],[121.53283,29.864694]]}},{"type":"Feature","properties":{"shape_id":"{}","direction_id":"{\"1\": 50}","headsign":"{}","duration_avg":120,"n_vehicles":50,"d":1200,"route_I_counts":"{\"4\": 50}","source":38,"target":89,"layer":"L","from":"宁波宁波火车站(地铁站)","to":"宁波柳西(地铁站)"},"geometry":{"type":"LineString","coordinates":[[121.53283,29.864694],[121.527108,29.873656]]}},{"type":"Feature","properties":{"shape_id":"{}","direction_id":"{\"0\": 50}","headsign":"{}","duration_avg":120,"n_vehicles":50,"d":1200,"route_I_counts":"{\"4\": 50}","source":38,"target":90,"layer":"L","from":"宁波宁波火车站(地铁站)","to":"宁波兴宁桥西(地铁站)"},"geometry":{"type":"LineString","coordinates":[[121.53283,29.864694],[121.544488,29.861235]]}},{"type":"Feature","properties":{"shape_id":"{}","direction_id":"{\"1\": 50}","headsign":"{}","duration_avg":120,"n_vehicles":50,"d":1200,"route_I_counts":"{\"4\": 50}","source":90,"target":38,"layer":"L","from":"宁波兴宁桥西(地铁站)","to":"宁波宁波火车站(地铁站)"},"geometry":{"type":"LineString","coordinates":[[121.544488,29.861235],[121.53283,29.864694]]}},{"type":"Feature","properties":{"shape_id":"{}","direction_id":"{\"0\": 50}","headsign":"{}","duration_avg":120,"n_vehicles":50,"d":1200,"route_I_counts":"{\"4\": 50}","source":90,"target":91,"layer":"L","from":"宁波兴宁桥西(地铁站)","to":"宁波兴宁桥东(地铁站)"},"geometry":{"type":"LineString","coordinates":[[121.544488,29.861235],[121.552065,29.856957]]}},{"type":"Feature","properties":{"shape_id":"{}","direction_id":"{\"1\": 50}","headsign":"{}","duration_avg":120,"n_vehicles":50,"d":1200,"route_I_counts":"{\"4\": 50}","source":91,"target":90,"layer":"L","from":"宁波兴宁桥东(地铁站)","to":"宁波兴宁桥西(地铁站)"},"geometry":{"type":"LineString","coordinates":[[121.552065,29.856957],[121.544488,29.861235]]}},{"type":"Feature","properties":{"shape_id":"{}","direction_id":"{\"0\": 50}","headsign":"{}","duration_avg":120,"n_vehicles":50,"d":1200,"route_I_counts":"{\"4\": 50}","source":91,"target":92,"layer":"L","from":"宁波兴宁桥东(地铁站)","to":"宁波白鹤(地铁站)"},"geometry":{"type":"LineString","coordinates":[[121.552065,29.856957],[121.562106,29.85493]]}},{"type":"Feature","properties":{"shape_id":"{}","direction_id":"{\"1\": 50}","headsign":"{}","duration_avg":120,"n_vehicles":50,"d":1200,"route_I_counts":"{\"4\": 50}","source":92,"target":91,"layer":"L","from":"宁波白鹤(地铁站)","to":"宁波兴宁桥东(地铁站)"},"geometry":{"type":"LineString","coordinates":[[121.562106,29.85493],[121.552065,29.856957]]}},{"type":"Feature","properties":{"shape_id":"{}","direction_id":"{\"0\": 50}","headsign":"{}","duration_avg":120,"n_vehicles":50,"d":1200,"route_I_counts":"{\"4\": 50}","source":92,"target":58,"layer":"L","from":"宁波白鹤(地铁站)","to":"宁波儿童公园(地铁站)"},"geometry":{"type":"LineString","coordinates":[[121.562106,29.85493],[121.574281,29.855787]]}},{"type":"Feature","properties":{"shape_id":"{}","direction_id":"{\"1\": 50}","headsign":"{}","duration_avg":120,"n_vehicles":50,"d":1200,"route_I_counts":"{\"4\": 50}","source":58,"target":92,"layer":"L","from":"宁波儿童公园(地铁站)","to":"宁波白鹤(地铁站)"},"geometry":{"type":"LineString","coordinates":[[121.574281,29.855787],[121.562106,29.85493]]}},{"type":"Feature","properties":{"shape_id":"{}","direction_id":"{\"0\": 50}","headsign":"{}","duration_avg":120,"n_vehicles":50,"d":1200,"route_I_counts":"{\"4\": 50}","source":58,"target":93,"layer":"L","from":"宁波儿童公园(地铁站)","to":"宁波矮柳(地铁站)"},"geometry":{"type":"LineString","coordinates":[[121.574281,29.855787],[121.583183,29.854012]]}},{"type":"Feature","properties":{"shape_id":"{}","direction_id":"{\"1\": 50}","headsign":"{}","duration_avg":120,"n_vehicles":50,"d":1200,"route_I_counts":"{\"4\": 50}","source":93,"target":58,"layer":"L","from":"宁波矮柳(地铁站)","to":"宁波儿童公园(地铁站)"},"geometry":{"type":"LineString","coordinates":[[121.583183,29.854012],[121.574281,29.855787]]}},{"type":"Feature","properties":{"shape_id":"{}","direction_id":"{\"0\": 50}","headsign":"{}","duration_avg":180,"n_vehicles":50,"d":1800,"route_I_counts":"{\"4\": 50}","source":93,"target":94,"layer":"L","from":"宁波矮柳(地铁站)","to":"宁波潘火路(地铁站)"},"geometry":{"type":"LineString","coordinates":[[121.583183,29.854012],[121.587552,29.843105]]}},{"type":"Feature","properties":{"shape_id":"{}","direction_id":"{\"1\": 50}","headsign":"{}","duration_avg":180,"n_vehicles":50,"d":1800,"route_I_counts":"{\"4\": 50}","source":94,"target":93,"layer":"L","from":"宁波潘火路(地铁站)","to":"宁波矮柳(地铁站)"},"geometry":{"type":"LineString","coordinates":[[121.587552,29.843105],[121.583183,29.854012]]}},{"type":"Feature","properties":{"shape_id":"{}","direction_id":"{\"0\": 50}","headsign":"{}","duration_avg":120,"n_vehicles":50,"d":1200,"route_I_counts":"{\"4\": 50}","source":94,"target":95,"layer":"L","from":"宁波潘火路(地铁站)","to":"宁波嵩江东路(地铁站)"},"geometry":{"type":"LineString","coordinates":[[121.587552,29.843105],[121.579452,29.828519]]}},{"type":"Feature","properties":{"shape_id":"{}","direction_id":"{\"1\": 50}","headsign":"{}","duration_avg":120,"n_vehicles":50,"d":1200,"route_I_counts":"{\"4\": 50}","source":95,"target":94,"layer":"L","from":"宁波嵩江东路(地铁站)","to":"宁波潘火路(地铁站)"},"geometry":{"type":"LineString","coordinates":[[121.579452,29.828519],[121.587552,29.843105]]}},{"type":"Feature","properties":{"shape_id":"{}","direction_id":"{\"0\": 50}","headsign":"{}","duration_avg":120,"n_vehicles":50,"d":1200,"route_I_counts":"{\"4\": 50}","source":95,"target":96,"layer":"L","from":"宁波嵩江东路(地铁站)","to":"宁波南高教园区(地铁站)"},"geometry":{"type":"LineString","coordinates":[[121.579452,29.828519],[121.575932,29.81921]]}},{"type":"Feature","properties":{"shape_id":"{}","direction_id":"{\"1\": 50}","headsign":"{}","duration_avg":120,"n_vehicles":50,"d":1200,"route_I_counts":"{\"4\": 50}","source":96,"target":95,"layer":"L","from":"宁波南高教园区(地铁站)","to":"宁波嵩江东路(地铁站)"},"geometry":{"type":"LineString","coordinates":[[121.575932,29.81921],[121.579452,29.828519]]}},{"type":"Feature","properties":{"shape_id":"{}","direction_id":"{\"0\": 50}","headsign":"{}","duration_avg":240,"n_vehicles":50,"d":2400,"route_I_counts":"{\"4\": 50}","source":96,"target":97,"layer":"L","from":"宁波南高教园区(地铁站)","to":"宁波金达南路(地铁站)"},"geometry":{"type":"LineString","coordinates":[[121.575932,29.81921],[121.588389,29.806877]]}},{"type":"Feature","properties":{"shape_id":"{}","direction_id":"{\"1\": 50}","headsign":"{}","duration_avg":240,"n_vehicles":50,"d":2400,"route_I_counts":"{\"4\": 50}","source":97,"target":96,"layer":"L","from":"宁波金达南路(地铁站)","to":"宁波南高教园区(地铁站)"},"geometry":{"type":"LineString","coordinates":[[121.588389,29.806877],[121.575932,29.81921]]}},{"type":"Feature","properties":{"shape_id":"{}","direction_id":"{\"0\": 50}","headsign":"{}","duration_avg":180,"n_vehicles":50,"d":1800,"route_I_counts":"{\"4\": 50}","source":97,"target":98,"layer":"L","from":"宁波金达南路(地铁站)","to":"宁波小洋江(地铁站)"},"geometry":{"type":"LineString","coordinates":[[121.588389,29.806877],[121.607312,29.795687]]}},{"type":"Feature","properties":{"shape_id":"{}","direction_id":"{\"1\": 50}","headsign":"{}","duration_avg":180,"n_vehicles":50,"d":1800,"route_I_counts":"{\"4\": 50}","source":98,"target":97,"layer":"L","from":"宁波小洋江(地铁站)","to":"宁波金达南路(地铁站)"},"geometry":{"type":"LineString","coordinates":[[121.607312,29.795687],[121.588389,29.806877]]}},{"type":"Feature","properties":{"shape_id":"{}","direction_id":"{\"0\": 50}","headsign":"{}","duration_avg":180,"n_vehicles":50,"d":1800,"route_I_counts":"{\"4\": 50}","source":98,"target":99,"layer":"L","from":"宁波小洋江(地铁站)","to":"宁波东钱湖(地铁站)"},"geometry":{"type":"LineString","coordinates":[[121.607312,29.795687],[121.624235,29.784375]]}},{"type":"Feature","properties":{"shape_id":"{}","direction_id":"{\"1\": 50}","headsign":"{}","duration_avg":180,"n_vehicles":50,"d":1800,"route_I_counts":"{\"4\": 50}","source":99,"target":98,"layer":"L","from":"宁波东钱湖(地铁站)","to":"宁波小洋江(地铁站)"},"geometry":{"type":"LineString","coordinates":[[121.624235,29.784375],[121.607312,29.795687]]}},{"type":"Feature","properties":{"shape_id":"{}","direction_id":"{\"0\": 50}","headsign":"{}","duration_avg":180,"n_vehicles":50,"d":1800,"route_I_counts":"{\"4\": 50}","source":99,"target":100,"layer":"L","from":"宁波东钱湖(地铁站)","to":"宁波国际会议中心(地铁站)"},"geometry":{"type":"LineString","coordinates":[[121.624235,29.784375],[121.630926,29.765376]]}},{"type":"Feature","properties":{"shape_id":"{}","direction_id":"{\"1\": 50}","headsign":"{}","duration_avg":180,"n_vehicles":50,"d":1800,"route_I_counts":"{\"4\": 50}","source":100,"target":99,"layer":"L","from":"宁波国际会议中心(地铁站)","to":"宁波东钱湖(地铁站)"},"geometry":{"type":"LineString","coordinates":[[121.630926,29.765376],[121.624235,29.784375]]}},{"type":"Feature","properties":{"shape_id":"{}","direction_id":"{\"0\": 50}","headsign":"{}","duration_avg":180,"n_vehicles":50,"d":1800,"route_I_counts":"{\"5\": 50}","source":101,"target":102,"layer":"L","from":"宁波骆驼桥(地铁站)","to":"宁波镇海大道(慈海)(地铁站)"},"geometry":{"type":"LineString","coordinates":[[121.58136,29.985091],[121.580661,29.970278]]}},{"type":"Feature","properties":{"shape_id":"{}","direction_id":"{\"1\": 50}","headsign":"{}","duration_avg":180,"n_vehicles":50,"d":1800,"route_I_counts":"{\"5\": 50}","source":102,"target":101,"layer":"L","from":"宁波镇海大道(慈海)(地铁站)","to":"宁波骆驼桥(地铁站)"},"geometry":{"type":"LineString","coordinates":[[121.580661,29.970278],[121.58136,29.985091]]}},{"type":"Feature","properties":{"shape_id":"{}","direction_id":"{\"0\": 50}","headsign":"{}","duration_avg":180,"n_vehicles":50,"d":1800,"route_I_counts":"{\"5\": 50}","source":102,"target":103,"layer":"L","from":"宁波镇海大道(慈海)(地铁站)","to":"宁波永茂路(地铁站)"},"geometry":{"type":"LineString","coordinates":[[121.580661,29.970278],[121.579941,29.951299]]}},{"type":"Feature","properties":{"shape_id":"{}","direction_id":"{\"1\": 50}","headsign":"{}","duration_avg":180,"n_vehicles":50,"d":1800,"route_I_counts":"{\"5\": 50}","source":103,"target":102,"layer":"L","from":"宁波永茂路(地铁站)","to":"宁波镇海大道(慈海)(地铁站)"},"geometry":{"type":"LineString","coordinates":[[121.579941,29.951299],[121.580661,29.970278]]}},{"type":"Feature","properties":{"shape_id":"{}","direction_id":"{\"0\": 50}","headsign":"{}","duration_avg":300,"n_vehicles":50,"d":3000,"route_I_counts":"{\"5\": 50}","source":103,"target":104,"layer":"L","from":"宁波永茂路(地铁站)","to":"宁波梅堰(地铁站)"},"geometry":{"type":"LineString","coordinates":[[121.579941,29.951299],[121.592974,29.926283]]}},{"type":"Feature","properties":{"shape_id":"{}","direction_id":"{\"1\": 50}","headsign":"{}","duration_avg":300,"n_vehicles":50,"d":3000,"route_I_counts":"{\"5\": 50}","source":104,"target":103,"layer":"L","from":"宁波梅堰(地铁站)","to":"宁波永茂路(地铁站)"},"geometry":{"type":"LineString","coordinates":[[121.592974,29.926283],[121.579941,29.951299]]}},{"type":"Feature","properties":{"shape_id":"{}","direction_id":"{\"0\": 50}","headsign":"{}","duration_avg":120,"n_vehicles":50,"d":1200,"route_I_counts":"{\"5\": 50}","source":104,"target":105,"layer":"L","from":"宁波梅堰(地铁站)","to":"宁波兴海南路(地铁站)"},"geometry":{"type":"LineString","coordinates":[[121.592974,29.926283],[121.601383,29.926126]]}},{"type":"Feature","properties":{"shape_id":"{}","direction_id":"{\"1\": 50}","headsign":"{}","duration_avg":120,"n_vehicles":50,"d":1200,"route_I_counts":"{\"5\": 50}","source":105,"target":104,"layer":"L","from":"宁波兴海南路(地铁站)","to":"宁波梅堰(地铁站)"},"geometry":{"type":"LineString","coordinates":[[121.601383,29.926126],[121.592974,29.926283]]}},{"type":"Feature","properties":{"shape_id":"{}","direction_id":"{\"0\": 50}","headsign":"{}","duration_avg":120,"n_vehicles":50,"d":1200,"route_I_counts":"{\"5\": 50}","source":105,"target":106,"layer":"L","from":"宁波兴海南路(地铁站)","to":"宁波兴庄路(地铁站)"},"geometry":{"type":"LineString","coordinates":[[121.601383,29.926126],[121.610455,29.923461]]}},{"type":"Feature","properties":{"shape_id":"{}","direction_id":"{\"1\": 50}","headsign":"{}","duration_avg":120,"n_vehicles":50,"d":1200,"route_I_counts":"{\"5\": 50}","source":106,"target":105,"layer":"L","from":"宁波兴庄路(地铁站)","to":"宁波兴海南路(地铁站)"},"geometry":{"type":"LineString","coordinates":[[121.610455,29.923461],[121.601383,29.926126]]}},{"type":"Feature","properties":{"shape_id":"{}","direction_id":"{\"0\": 50}","headsign":"{}","duration_avg":180,"n_vehicles":50,"d":1800,"route_I_counts":"{\"5\": 50}","source":106,"target":47,"layer":"L","from":"宁波兴庄路(地铁站)","to":"宁波三官堂(地铁站)"},"geometry":{"type":"LineString","coordinates":[[121.610455,29.923461],[121.616762,29.91427]]}},{"type":"Feature","properties":{"shape_id":"{}","direction_id":"{\"1\": 50}","headsign":"{}","duration_avg":180,"n_vehicles":50,"d":1800,"route_I_counts":"{\"5\": 50}","source":47,"target":106,"layer":"L","from":"宁波三官堂(地铁站)","to":"宁波兴庄路(地铁站)"},"geometry":{"type":"LineString","coordinates":[[121.616762,29.91427],[121.610455,29.923461]]}},{"type":"Feature","properties":{"shape_id":"{}","direction_id":"{\"0\": 50}","headsign":"{}","duration_avg":120,"n_vehicles":50,"d":1200,"route_I_counts":"{\"5\": 50}","source":47,"target":107,"layer":"L","from":"宁波三官堂(地铁站)","to":"宁波盎孟港(地铁站)"},"geometry":{"type":"LineString","coordinates":[[121.616762,29.91427],[121.617814,29.899169]]}},{"type":"Feature","properties":{"shape_id":"{}","direction_id":"{\"1\": 50}","headsign":"{}","duration_avg":120,"n_vehicles":50,"d":1200,"route_I_counts":"{\"5\": 50}","source":107,"target":47,"layer":"L","from":"宁波盎孟港(地铁站)","to":"宁波三官堂(地铁站)"},"geometry":{"type":"LineString","coordinates":[[121.617814,29.899169],[121.616762,29.91427]]}},{"type":"Feature","properties":{"shape_id":"{}","direction_id":"{\"0\": 50}","headsign":"{}","duration_avg":120,"n_vehicles":50,"d":1200,"route_I_counts":"{\"5\": 50}","source":107,"target":108,"layer":"L","from":"宁波盎孟港(地铁站)","to":"宁波院士路(地铁站)"},"geometry":{"type":"LineString","coordinates":[[121.617814,29.899169],[121.6182,29.889973]]}},{"type":"Feature","properties":{"shape_id":"{}","direction_id":"{\"1\": 50}","headsign":"{}","duration_avg":120,"n_vehicles":50,"d":1200,"route_I_counts":"{\"5\": 50}","source":108,"target":107,"layer":"L","from":"宁波院士路(地铁站)","to":"宁波盎孟港(地铁站)"},"geometry":{"type":"LineString","coordinates":[[121.6182,29.889973],[121.617814,29.899169]]}},{"type":"Feature","properties":{"shape_id":"{}","direction_id":"{\"0\": 50}","headsign":"{}","duration_avg":180,"n_vehicles":50,"d":1800,"route_I_counts":"{\"5\": 50}","source":108,"target":109,"layer":"L","from":"宁波院士路(地铁站)","to":"宁波会展中心(地铁站)"},"geometry":{"type":"LineString","coordinates":[[121.6182,29.889973],[121.615518,29.876867]]}},{"type":"Feature","properties":{"shape_id":"{}","direction_id":"{\"1\": 50}","headsign":"{}","duration_avg":180,"n_vehicles":50,"d":1800,"route_I_counts":"{\"5\": 50}","source":109,"target":108,"layer":"L","from":"宁波会展中心(地铁站)","to":"宁波院士路(地铁站)"},"geometry":{"type":"LineString","coordinates":[[121.615518,29.876867],[121.6182,29.889973]]}},{"type":"Feature","properties":{"shape_id":"{}","direction_id":"{\"0\": 50}","headsign":"{}","duration_avg":120,"n_vehicles":50,"d":1200,"route_I_counts":"{\"5\": 50}","source":109,"target":110,"layer":"L","from":"宁波会展中心(地铁站)","to":"宁波民安东路(地铁站)"},"geometry":{"type":"LineString","coordinates":[[121.615518,29.876867],[121.613368,29.870965]]}},{"type":"Feature","properties":{"shape_id":"{}","direction_id":"{\"1\": 50}","headsign":"{}","duration_avg":120,"n_vehicles":50,"d":1200,"route_I_counts":"{\"5\": 50}","source":110,"target":109,"layer":"L","from":"宁波民安东路(地铁站)","to":"宁波会展中心(地铁站)"},"geometry":{"type":"LineString","coordinates":[[121.613368,29.870965],[121.615518,29.876867]]}},{"type":"Feature","properties":{"shape_id":"{}","direction_id":"{\"0\": 50}","headsign":"{}","duration_avg":120,"n_vehicles":50,"d":1200,"route_I_counts":"{\"5\": 50}","source":110,"target":16,"layer":"L","from":"宁波民安东路(地铁站)","to":"宁波海晏北路(地铁站)"},"geometry":{"type":"LineString","coordinates":[[121.613368,29.870965],[121.610552,29.862755]]}},{"type":"Feature","properties":{"shape_id":"{}","direction_id":"{\"1\": 50}","headsign":"{}","duration_avg":120,"n_vehicles":50,"d":1200,"route_I_counts":"{\"5\": 50}","source":16,"target":110,"layer":"L","from":"宁波海晏北路(地铁站)","to":"宁波民安东路(地铁站)"},"geometry":{"type":"LineString","coordinates":[[121.610552,29.862755],[121.613368,29.870965]]}},{"type":"Feature","properties":{"shape_id":"{}","direction_id":"{\"0\": 50}","headsign":"{}","duration_avg":120,"n_vehicles":50,"d":1200,"route_I_counts":"{\"5\": 50}","source":16,"target":111,"layer":"L","from":"宁波海晏北路(地铁站)","to":"宁波柳隘(地铁站)"},"geometry":{"type":"LineString","coordinates":[[121.610552,29.862755],[121.607966,29.854831]]}},{"type":"Feature","properties":{"shape_id":"{}","direction_id":"{\"1\": 50}","headsign":"{}","duration_avg":120,"n_vehicles":50,"d":1200,"route_I_counts":"{\"5\": 50}","source":111,"target":16,"layer":"L","from":"宁波柳隘(地铁站)","to":"宁波海晏北路(地铁站)"},"geometry":{"type":"LineString","coordinates":[[121.607966,29.854831],[121.610552,29.862755]]}},{"type":"Feature","properties":{"shape_id":"{}","direction_id":"{\"0\": 50}","headsign":"{}","duration_avg":120,"n_vehicles":50,"d":1200,"route_I_counts":"{\"5\": 50}","source":111,"target":112,"layer":"L","from":"宁波柳隘(地铁站)","to":"宁波曹隘(地铁站)"},"geometry":{"type":"LineString","coordinates":[[121.607966,29.854831],[121.604748,29.84321]]}},{"type":"Feature","properties":{"shape_id":"{}","direction_id":"{\"1\": 50}","headsign":"{}","duration_avg":120,"n_vehicles":50,"d":1200,"route_I_counts":"{\"5\": 50}","source":112,"target":111,"layer":"L","from":"宁波曹隘(地铁站)","to":"宁波柳隘(地铁站)"},"geometry":{"type":"LineString","coordinates":[[121.604748,29.84321],[121.607966,29.854831]]}},{"type":"Feature","properties":{"shape_id":"{}","direction_id":"{\"0\": 50}","headsign":"{}","duration_avg":180,"n_vehicles":50,"d":1800,"route_I_counts":"{\"5\": 50}","source":112,"target":113,"layer":"L","from":"宁波曹隘(地铁站)","to":"宁波泗港(地铁站)"},"geometry":{"type":"LineString","coordinates":[[121.604748,29.84321],[121.600738,29.827689]]}},{"type":"Feature","properties":{"shape_id":"{}","direction_id":"{\"1\": 50}","headsign":"{}","duration_avg":180,"n_vehicles":50,"d":1800,"route_I_counts":"{\"5\": 50}","source":113,"target":112,"layer":"L","from":"宁波泗港(地铁站)","to":"宁波曹隘(地铁站)"},"geometry":{"type":"LineString","coordinates":[[121.600738,29.827689],[121.604748,29.84321]]}},{"type":"Feature","properties":{"shape_id":"{}","direction_id":"{\"0\": 50}","headsign":"{}","duration_avg":120,"n_vehicles":50,"d":1200,"route_I_counts":"{\"5\": 50}","source":113,"target":114,"layer":"L","from":"宁波泗港(地铁站)","to":"宁波大洋江(地铁站)"},"geometry":{"type":"LineString","coordinates":[[121.600738,29.827689],[121.597637,29.819565]]}},{"type":"Feature","properties":{"shape_id":"{}","direction_id":"{\"1\": 50}","headsign":"{}","duration_avg":120,"n_vehicles":50,"d":1200,"route_I_counts":"{\"5\": 50}","source":114,"target":113,"layer":"L","from":"宁波大洋江(地铁站)","to":"宁波泗港(地铁站)"},"geometry":{"type":"LineString","coordinates":[[121.597637,29.819565],[121.600738,29.827689]]}},{"type":"Feature","properties":{"shape_id":"{}","direction_id":"{\"0\": 50}","headsign":"{}","duration_avg":120,"n_vehicles":50,"d":1200,"route_I_counts":"{\"5\": 50}","source":114,"target":115,"layer":"L","from":"宁波大洋江(地铁站)","to":"宁波下应路(地铁站)"},"geometry":{"type":"LineString","coordinates":[[121.597637,29.819565],[121.588885,29.814295]]}},{"type":"Feature","properties":{"shape_id":"{}","direction_id":"{\"1\": 50}","headsign":"{}","duration_avg":120,"n_vehicles":50,"d":1200,"route_I_counts":"{\"5\": 50}","source":115,"target":114,"layer":"L","from":"宁波下应路(地铁站)","to":"宁波大洋江(地铁站)"},"geometry":{"type":"LineString","coordinates":[[121.588885,29.814295],[121.597637,29.819565]]}},{"type":"Feature","properties":{"shape_id":"{}","direction_id":"{\"0\": 50}","headsign":"{}","duration_avg":120,"n_vehicles":50,"d":1200,"route_I_counts":"{\"5\": 50}","source":115,"target":96,"layer":"L","from":"宁波下应路(地铁站)","to":"宁波南高教园区(地铁站)"},"geometry":{"type":"LineString","coordinates":[[121.588885,29.814295],[121.575932,29.81921]]}},{"type":"Feature","properties":{"shape_id":"{}","direction_id":"{\"1\": 50}","headsign":"{}","duration_avg":120,"n_vehicles":50,"d":1200,"route_I_counts":"{\"5\": 50}","source":96,"target":115,"layer":"L","from":"宁波南高教园区(地铁站)","to":"宁波下应路(地铁站)"},"geometry":{"type":"LineString","coordinates":[[121.575932,29.81921],[121.588885,29.814295]]}},{"type":"Feature","properties":{"shape_id":"{}","direction_id":"{\"0\": 50}","headsign":"{}","duration_avg":120,"n_vehicles":50,"d":1200,"route_I_counts":"{\"5\": 50}","source":96,"target":116,"layer":"L","from":"宁波南高教园区(地铁站)","to":"宁波钱湖南路(地铁站)"},"geometry":{"type":"LineString","coordinates":[[121.575932,29.81921],[121.563711,29.822261]]}},{"type":"Feature","properties":{"shape_id":"{}","direction_id":"{\"1\": 50}","headsign":"{}","duration_avg":120,"n_vehicles":50,"d":1200,"route_I_counts":"{\"5\": 50}","source":116,"target":96,"layer":"L","from":"宁波钱湖南路(地铁站)","to":"宁波南高教园区(地铁站)"},"geometry":{"type":"LineString","coordinates":[[121.563711,29.822261],[121.575932,29.81921]]}},{"type":"Feature","properties":{"shape_id":"{}","direction_id":"{\"0\": 50}","headsign":"{}","duration_avg":180,"n_vehicles":50,"d":1800,"route_I_counts":"{\"5\": 50}","source":116,"target":63,"layer":"L","from":"宁波钱湖南路(地铁站)","to":"宁波鄞州区政府(地铁站)"},"geometry":{"type":"LineString","coordinates":[[121.563711,29.822261],[121.546015,29.82086]]}},{"type":"Feature","properties":{"shape_id":"{}","direction_id":"{\"1\": 50}","headsign":"{}","duration_avg":180,"n_vehicles":50,"d":1800,"route_I_counts":"{\"5\": 50}","source":63,"target":116,"layer":"L","from":"宁波鄞州区政府(地铁站)","to":"宁波钱湖南路(地铁站)"},"geometry":{"type":"LineString","coordinates":[[121.546015,29.82086],[121.563711,29.822261]]}},{"type":"Feature","properties":{"shape_id":"{}","direction_id":"{\"0\": 50}","headsign":"{}","duration_avg":120,"n_vehicles":50,"d":1200,"route_I_counts":"{\"5\": 50}","source":63,"target":117,"layer":"L","from":"宁波鄞州区政府(地铁站)","to":"宁波钟公庙(地铁站)"},"geometry":{"type":"LineString","coordinates":[[121.546015,29.82086],[121.534993,29.821785]]}},{"type":"Feature","properties":{"shape_id":"{}","direction_id":"{\"1\": 50}","headsign":"{}","duration_avg":120,"n_vehicles":50,"d":1200,"route_I_counts":"{\"5\": 50}","source":117,"target":63,"layer":"L","from":"宁波钟公庙(地铁站)","to":"宁波鄞州区政府(地铁站)"},"geometry":{"type":"LineString","coordinates":[[121.534993,29.821785],[121.546015,29.82086]]}},{"type":"Feature","properties":{"shape_id":"{}","direction_id":"{\"0\": 50}","headsign":"{}","duration_avg":120,"n_vehicles":50,"d":1200,"route_I_counts":"{\"5\": 50}","source":117,"target":118,"layer":"L","from":"宁波钟公庙(地铁站)","to":"宁波庙堰(地铁站)"},"geometry":{"type":"LineString","coordinates":[[121.534993,29.821785],[121.522321,29.821946]]}},{"type":"Feature","properties":{"shape_id":"{}","direction_id":"{\"1\": 50}","headsign":"{}","duration_avg":120,"n_vehicles":50,"d":1200,"route_I_counts":"{\"5\": 50}","source":118,"target":117,"layer":"L","from":"宁波庙堰(地铁站)","to":"宁波钟公庙(地铁站)"},"geometry":{"type":"LineString","coordinates":[[121.522321,29.821946],[121.534993,29.821785]]}},{"type":"Feature","properties":{"shape_id":"{}","direction_id":"{\"0\": 50}","headsign":"{}","duration_avg":180,"n_vehicles":50,"d":1800,"route_I_counts":"{\"5\": 50}","source":118,"target":119,"layer":"L","from":"宁波庙堰(地铁站)","to":"宁波雅渡(地铁站)"},"geometry":{"type":"LineString","coordinates":[[121.522321,29.821946],[121.505377,29.821787]]}},{"type":"Feature","properties":{"shape_id":"{}","direction_id":"{\"1\": 50}","headsign":"{}","duration_avg":180,"n_vehicles":50,"d":1800,"route_I_counts":"{\"5\": 50}","source":119,"target":118,"layer":"L","from":"宁波雅渡(地铁站)","to":"宁波庙堰(地铁站)"},"geometry":{"type":"LineString","coordinates":[[121.505377,29.821787],[121.522321,29.821946]]}},{"type":"Feature","properties":{"shape_id":"{}","direction_id":"{\"0\": 50}","headsign":"{}","duration_avg":120,"n_vehicles":50,"d":1200,"route_I_counts":"{\"5\": 50}","source":119,"target":32,"layer":"L","from":"宁波雅渡(地铁站)","to":"宁波石碶(地铁站)"},"geometry":{"type":"LineString","coordinates":[[121.505377,29.821787],[121.500004,29.828198]]}},{"type":"Feature","properties":{"shape_id":"{}","direction_id":"{\"1\": 50}","headsign":"{}","duration_avg":120,"n_vehicles":50,"d":1200,"route_I_counts":"{\"5\": 50}","source":32,"target":119,"layer":"L","from":"宁波石碶(地铁站)","to":"宁波雅渡(地铁站)"},"geometry":{"type":"LineString","coordinates":[[121.500004,29.828198],[121.505377,29.821787]]}},{"type":"Feature","properties":{"shape_id":"{}","direction_id":"{\"0\": 50}","headsign":"{}","duration_avg":120,"n_vehicles":50,"d":1200,"route_I_counts":"{\"5\": 50}","source":32,"target":120,"layer":"L","from":"宁波石碶(地铁站)","to":"宁波同德路(地铁站)"},"geometry":{"type":"LineString","coordinates":[[121.500004,29.828198],[121.486448,29.830323]]}},{"type":"Feature","properties":{"shape_id":"{}","direction_id":"{\"1\": 50}","headsign":"{}","duration_avg":120,"n_vehicles":50,"d":1200,"route_I_counts":"{\"5\": 50}","source":120,"target":32,"layer":"L","from":"宁波同德路(地铁站)","to":"宁波石碶(地铁站)"},"geometry":{"type":"LineString","coordinates":[[121.486448,29.830323],[121.500004,29.828198]]}},{"type":"Feature","properties":{"shape_id":"{}","direction_id":"{\"0\": 50}","headsign":"{}","duration_avg":180,"n_vehicles":50,"d":1800,"route_I_counts":"{\"5\": 50}","source":120,"target":121,"layer":"L","from":"宁波同德路(地铁站)","to":"宁波张家潭(地铁站)"},"geometry":{"type":"LineString","coordinates":[[121.486448,29.830323],[121.475091,29.840755]]}},{"type":"Feature","properties":{"shape_id":"{}","direction_id":"{\"1\": 50}","headsign":"{}","duration_avg":180,"n_vehicles":50,"d":1800,"route_I_counts":"{\"5\": 50}","source":121,"target":120,"layer":"L","from":"宁波张家潭(地铁站)","to":"宁波同德路(地铁站)"},"geometry":{"type":"LineString","coordinates":[[121.475091,29.840755],[121.486448,29.830323]]}},{"type":"Feature","properties":{"shape_id":"{}","direction_id":"{\"0\": 50}","headsign":"{}","duration_avg":120,"n_vehicles":50,"d":1200,"route_I_counts":"{\"5\": 50}","source":121,"target":122,"layer":"L","from":"宁波张家潭(地铁站)","to":"宁波布政(地铁站)"},"geometry":{"type":"LineString","coordinates":[[121.475091,29.840755],[121.467976,29.848526]]}},{"type":"Feature","properties":{"shape_id":"{}","direction_id":"{\"1\": 50}","headsign":"{}","duration_avg":120,"n_vehicles":50,"d":1200,"route_I_counts":"{\"5\": 50}","source":122,"target":121,"layer":"L","from":"宁波布政(地铁站)","to":"宁波张家潭(地铁站)"},"geometry":{"type":"LineString","coordinates":[[121.467976,29.848526],[121.475091,29.840755]]}},{"type":"Feature","properties":{"shape_id":"{}","direction_id":"{\"0\": 50}","headsign":"{}","duration_avg":120,"n_vehicles":50,"d":1200,"route_I_counts":"{\"6\": 50}","source":123,"target":124,"layer":"L","from":"宁波下应南(地铁站)","to":"宁波寒松路(地铁站)"},"geometry":{"type":"LineString","coordinates":[[121.584486,29.791142],[121.572104,29.796537]]}},{"type":"Feature","properties":{"shape_id":"{}","direction_id":"{\"1\": 50}","headsign":"{}","duration_avg":120,"n_vehicles":50,"d":1200,"route_I_counts":"{\"6\": 50}","source":124,"target":123,"layer":"L","from":"宁波寒松路(地铁站)","to":"宁波下应南(地铁站)"},"geometry":{"type":"LineString","coordinates":[[121.572104,29.796537],[121.584486,29.791142]]}},{"type":"Feature","properties":{"shape_id":"{}","direction_id":"{\"0\": 50}","headsign":"{}","duration_avg":180,"n_vehicles":50,"d":1800,"route_I_counts":"{\"6\": 50}","source":124,"target":125,"layer":"L","from":"宁波寒松路(地铁站)","to":"宁波学府路(地铁站)"},"geometry":{"type":"LineString","coordinates":[[121.572104,29.796537],[121.555365,29.807207]]}},{"type":"Feature","properties":{"shape_id":"{}","direction_id":"{\"1\": 50}","headsign":"{}","duration_avg":180,"n_vehicles":50,"d":1800,"route_I_counts":"{\"6\": 50}","source":125,"target":124,"layer":"L","from":"宁波学府路(地铁站)","to":"宁波寒松路(地铁站)"},"geometry":{"type":"LineString","coordinates":[[121.555365,29.807207],[121.572104,29.796537]]}},{"type":"Feature","properties":{"shape_id":"{}","direction_id":"{\"0\": 50}","headsign":"{}","duration_avg":120,"n_vehicles":50,"d":1200,"route_I_counts":"{\"6\": 50}","source":125,"target":64,"layer":"L","from":"宁波学府路(地铁站)","to":"宁波南部商务区(地铁站)"},"geometry":{"type":"LineString","coordinates":[[121.555365,29.807207],[121.545,29.809469]]}},{"type":"Feature","properties":{"shape_id":"{}","direction_id":"{\"1\": 50}","headsign":"{}","duration_avg":120,"n_vehicles":50,"d":1200,"route_I_counts":"{\"6\": 50}","source":64,"target":125,"layer":"L","from":"宁波南部商务区(地铁站)","to":"宁波学府路(地铁站)"},"geometry":{"type":"LineString","coordinates":[[121.545,29.809469],[121.555365,29.807207]]}},{"type":"Feature","properties":{"shape_id":"{}","direction_id":"{\"0\": 50}","headsign":"{}","duration_avg":120,"n_vehicles":50,"d":1200,"route_I_counts":"{\"6\": 50}","source":64,"target":126,"layer":"L","from":"宁波南部商务区(地铁站)","to":"宁波鄞州公园南(地铁站)"},"geometry":{"type":"LineString","coordinates":[[121.545,29.809469],[121.536569,29.81004]]}},{"type":"Feature","properties":{"shape_id":"{}","direction_id":"{\"1\": 50}","headsign":"{}","duration_avg":120,"n_vehicles":50,"d":1200,"route_I_counts":"{\"6\": 50}","source":126,"target":64,"layer":"L","from":"宁波鄞州公园南(地铁站)","to":"宁波南部商务区(地铁站)"},"geometry":{"type":"LineString","coordinates":[[121.536569,29.81004],[121.545,29.809469]]}},{"type":"Feature","properties":{"shape_id":"{}","direction_id":"{\"0\": 50}","headsign":"{}","duration_avg":180,"n_vehicles":50,"d":1800,"route_I_counts":"{\"6\": 50}","source":126,"target":118,"layer":"L","from":"宁波鄞州公园南(地铁站)","to":"宁波庙堰(地铁站)"},"geometry":{"type":"LineString","coordinates":[[121.536569,29.81004],[121.522321,29.821946]]}},{"type":"Feature","properties":{"shape_id":"{}","direction_id":"{\"1\": 50}","headsign":"{}","duration_avg":180,"n_vehicles":50,"d":1800,"route_I_counts":"{\"6\": 50}","source":118,"target":126,"layer":"L","from":"宁波庙堰(地铁站)","to":"宁波鄞州公园南(地铁站)"},"geometry":{"type":"LineString","coordinates":[[121.522321,29.821946],[121.536569,29.81004]]}},{"type":"Feature","properties":{"shape_id":"{}","direction_id":"{\"0\": 50}","headsign":"{}","duration_avg":120,"n_vehicles":50,"d":1200,"route_I_counts":"{\"6\": 50}","source":118,"target":127,"layer":"L","from":"宁波庙堰(地铁站)","to":"宁波堇山西路(地铁站)"},"geometry":{"type":"LineString","coordinates":[[121.522321,29.821946],[121.524281,29.833643]]}},{"type":"Feature","properties":{"shape_id":"{}","direction_id":"{\"1\": 50}","headsign":"{}","duration_avg":120,"n_vehicles":50,"d":1200,"route_I_counts":"{\"6\": 50}","source":127,"target":118,"layer":"L","from":"宁波堇山西路(地铁站)","to":"宁波庙堰(地铁站)"},"geometry":{"type":"LineString","coordinates":[[121.524281,29.833643],[121.522321,29.821946]]}},{"type":"Feature","properties":{"shape_id":"{}","direction_id":"{\"0\": 50}","headsign":"{}","duration_avg":180,"n_vehicles":50,"d":1800,"route_I_counts":"{\"6\": 50}","source":127,"target":128,"layer":"L","from":"宁波堇山西路(地铁站)","to":"宁波段塘(地铁站)"},"geometry":{"type":"LineString","coordinates":[[121.524281,29.833643],[121.519018,29.843632]]}},{"type":"Feature","properties":{"shape_id":"{}","direction_id":"{\"1\": 50}","headsign":"{}","duration_avg":180,"n_vehicles":50,"d":1800,"route_I_counts":"{\"6\": 50}","source":128,"target":127,"layer":"L","from":"宁波段塘(地铁站)","to":"宁波堇山西路(地铁站)"},"geometry":{"type":"LineString","coordinates":[[121.519018,29.843632],[121.524281,29.833643]]}},{"type":"Feature","properties":{"shape_id":"{}","direction_id":"{\"0\": 50}","headsign":"{}","duration_avg":120,"n_vehicles":50,"d":1200,"route_I_counts":"{\"6\": 50}","source":128,"target":129,"layer":"L","from":"宁波段塘(地铁站)","to":"宁波南苑(地铁站)"},"geometry":{"type":"LineString","coordinates":[[121.519018,29.843632],[121.5194,29.850429]]}},{"type":"Feature","properties":{"shape_id":"{}","direction_id":"{\"1\": 50}","headsign":"{}","duration_avg":120,"n_vehicles":50,"d":1200,"route_I_counts":"{\"6\": 50}","source":129,"target":128,"layer":"L","from":"宁波南苑(地铁站)","to":"宁波段塘(地铁站)"},"geometry":{"type":"LineString","coordinates":[[121.5194,29.850429],[121.519018,29.843632]]}},{"type":"Feature","properties":{"shape_id":"{}","direction_id":"{\"0\": 50}","headsign":"{}","duration_avg":120,"n_vehicles":50,"d":1200,"route_I_counts":"{\"6\": 50}","source":129,"target":36,"layer":"L","from":"宁波南苑(地铁站)","to":"宁波丽园南路(地铁站)"},"geometry":{"type":"LineString","coordinates":[[121.5194,29.850429],[121.513461,29.860635]]}},{"type":"Feature","properties":{"shape_id":"{}","direction_id":"{\"1\": 50}","headsign":"{}","duration_avg":120,"n_vehicles":50,"d":1200,"route_I_counts":"{\"6\": 50}","source":36,"target":129,"layer":"L","from":"宁波丽园南路(地铁站)","to":"宁波南苑(地铁站)"},"geometry":{"type":"LineString","coordinates":[[121.513461,29.860635],[121.5194,29.850429]]}},{"type":"Feature","properties":{"shape_id":"{}","direction_id":"{\"0\": 50}","headsign":"{}","duration_avg":120,"n_vehicles":50,"d":1200,"route_I_counts":"{\"6\": 50}","source":36,"target":130,"layer":"L","from":"宁波丽园南路(地铁站)","to":"宁波联丰(地铁站)"},"geometry":{"type":"LineString","coordinates":[[121.513461,29.860635],[121.511453,29.871472]]}},{"type":"Feature","properties":{"shape_id":"{}","direction_id":"{\"1\": 50}","headsign":"{}","duration_avg":120,"n_vehicles":50,"d":1200,"route_I_counts":"{\"6\": 50}","source":130,"target":36,"layer":"L","from":"宁波联丰(地铁站)","to":"宁波丽园南路(地铁站)"},"geometry":{"type":"LineString","coordinates":[[121.511453,29.871472],[121.513461,29.860635]]}},{"type":"Feature","properties":{"shape_id":"{}","direction_id":"{\"0\": 50}","headsign":"{}","duration_avg":180,"n_vehicles":50,"d":1800,"route_I_counts":"{\"6\": 50}","source":130,"target":6,"layer":"L","from":"宁波联丰(地铁站)","to":"宁波泽民(地铁站)"},"geometry":{"type":"LineString","coordinates":[[121.511453,29.871472],[121.516902,29.88114]]}},{"type":"Feature","properties":{"shape_id":"{}","direction_id":"{\"1\": 50}","headsign":"{}","duration_avg":180,"n_vehicles":50,"d":1800,"route_I_counts":"{\"6\": 50}","source":6,"target":130,"layer":"L","from":"宁波泽民(地铁站)","to":"宁波联丰(地铁站)"},"geometry":{"type":"LineString","coordinates":[[121.516902,29.88114],[121.511453,29.871472]]}},{"type":"Feature","properties":{"shape_id":"{}","direction_id":"{\"0\": 50}","headsign":"{}","duration_avg":60,"n_vehicles":50,"d":600,"route_I_counts":"{\"6\": 50}","source":6,"target":131,"layer":"L","from":"宁波泽民(地铁站)","to":"宁波市中医院(地铁站)"},"geometry":{"type":"LineString","coordinates":[[121.516902,29.88114],[121.514924,29.891182]]}},{"type":"Feature","properties":{"shape_id":"{}","direction_id":"{\"1\": 50}","headsign":"{}","duration_avg":60,"n_vehicles":50,"d":600,"route_I_counts":"{\"6\": 50}","source":131,"target":6,"layer":"L","from":"宁波市中医院(地铁站)","to":"宁波泽民(地铁站)"},"geometry":{"type":"LineString","coordinates":[[121.514924,29.891182],[121.516902,29.88114]]}},{"type":"Feature","properties":{"shape_id":"{}","direction_id":"{\"0\": 50}","headsign":"{}","duration_avg":180,"n_vehicles":50,"d":1800,"route_I_counts":"{\"6\": 50}","source":131,"target":132,"layer":"L","from":"宁波市中医院(地铁站)","to":"宁波青林湾(地铁站)"},"geometry":{"type":"LineString","coordinates":[[121.514924,29.891182],[121.51461,29.903531]]}},{"type":"Feature","properties":{"shape_id":"{}","direction_id":"{\"1\": 50}","headsign":"{}","duration_avg":180,"n_vehicles":50,"d":1800,"route_I_counts":"{\"6\": 50}","source":132,"target":131,"layer":"L","from":"宁波青林湾(地铁站)","to":"宁波市中医院(地铁站)"},"geometry":{"type":"LineString","coordinates":[[121.51461,29.903531],[121.514924,29.891182]]}},{"type":"Feature","properties":{"shape_id":"{}","direction_id":"{\"0\": 50}","headsign":"{}","duration_avg":120,"n_vehicles":50,"d":1200,"route_I_counts":"{\"6\": 50}","source":132,"target":133,"layer":"L","from":"宁波青林湾(地铁站)","to":"宁波榭嘉(地铁站)"},"geometry":{"type":"LineString","coordinates":[[121.51461,29.903531],[121.515458,29.916438]]}},{"type":"Feature","properties":{"shape_id":"{}","direction_id":"{\"1\": 50}","headsign":"{}","duration_avg":120,"n_vehicles":50,"d":1200,"route_I_counts":"{\"6\": 50}","source":133,"target":132,"layer":"L","from":"宁波榭嘉(地铁站)","to":"宁波青林湾(地铁站)"},"geometry":{"type":"LineString","coordinates":[[121.515458,29.916438],[121.51461,29.903531]]}},{"type":"Feature","properties":{"shape_id":"{}","direction_id":"{\"0\": 50}","headsign":"{}","duration_avg":120,"n_vehicles":50,"d":1200,"route_I_counts":"{\"6\": 50}","source":133,"target":84,"layer":"L","from":"宁波榭嘉(地铁站)","to":"宁波洪大路(地铁站)"},"geometry":{"type":"LineString","coordinates":[[121.515458,29.916438],[121.517594,29.923797]]}},{"type":"Feature","properties":{"shape_id":"{}","direction_id":"{\"1\": 50}","headsign":"{}","duration_avg":120,"n_vehicles":50,"d":1200,"route_I_counts":"{\"6\": 50}","source":84,"target":133,"layer":"L","from":"宁波洪大路(地铁站)","to":"宁波榭嘉(地铁站)"},"geometry":{"type":"LineString","coordinates":[[121.517594,29.923797],[121.515458,29.916438]]}},{"type":"Feature","properties":{"shape_id":"{}","direction_id":"{\"0\": 50}","headsign":"{}","duration_avg":120,"n_vehicles":50,"d":1200,"route_I_counts":"{\"6\": 50}","source":84,"target":134,"layer":"L","from":"宁波洪大路(地铁站)","to":"宁波洪盛路(地铁站)"},"geometry":{"type":"LineString","coordinates":[[121.517594,29.923797],[121.512777,29.933351]]}},{"type":"Feature","properties":{"shape_id":"{}","direction_id":"{\"1\": 50}","headsign":"{}","duration_avg":120,"n_vehicles":50,"d":1200,"route_I_counts":"{\"6\": 50}","source":134,"target":84,"layer":"L","from":"宁波洪盛路(地铁站)","to":"宁波洪大路(地铁站)"},"geometry":{"type":"LineString","coordinates":[[121.512777,29.933351],[121.517594,29.923797]]}},{"type":"Feature","properties":{"shape_id":"{}","direction_id":"{\"0\": 50}","headsign":"{}","duration_avg":120,"n_vehicles":50,"d":1200,"route_I_counts":"{\"6\": 50}","source":134,"target":135,"layer":"L","from":"宁波洪盛路(地铁站)","to":"宁波洪塘(地铁站)"},"geometry":{"type":"LineString","coordinates":[[121.512777,29.933351],[121.502685,29.94161]]}},{"type":"Feature","properties":{"shape_id":"{}","direction_id":"{\"1\": 50}","headsign":"{}","duration_avg":120,"n_vehicles":50,"d":1200,"route_I_counts":"{\"6\": 50}","source":135,"target":134,"layer":"L","from":"宁波洪塘(地铁站)","to":"宁波洪盛路(地铁站)"},"geometry":{"type":"LineString","coordinates":[[121.502685,29.94161],[121.512777,29.933351]]}},{"type":"Feature","properties":{"shape_id":"{}","direction_id":"{\"0\": 50}","headsign":"{}","duration_avg":120,"n_vehicles":50,"d":1200,"route_I_counts":"{\"6\": 50}","source":135,"target":136,"layer":"L","from":"宁波洪塘(地铁站)","to":"宁波开元路(地铁站)"},"geometry":{"type":"LineString","coordinates":[[121.502685,29.94161],[121.494712,29.94851]]}},{"type":"Feature","properties":{"shape_id":"{}","direction_id":"{\"1\": 50}","headsign":"{}","duration_avg":120,"n_vehicles":50,"d":1200,"route_I_counts":"{\"6\": 50}","source":136,"target":135,"layer":"L","from":"宁波开元路(地铁站)","to":"宁波洪塘(地铁站)"},"geometry":{"type":"LineString","coordinates":[[121.494712,29.94851],[121.502685,29.94161]]}}]}