{"type":"FeatureCollection","features":[{"type":"Feature","geometry":{"type":"Point","coordinates":[120.407336,36.334796]},"properties":{"name":"青岛东郭庄(地铁站)","original_ids":"[1]","id":0,"layer":"stop"}},{"type":"Feature","geometry":{"type":"Point","coordinates":[120.395024,36.326742]},"properties":{"name":"青岛沟岔(地铁站)","original_ids":"[2]","id":1,"layer":"stop"}},{"type":"Feature","geometry":{"type":"Point","coordinates":[120.385743,36.315464]},"properties":{"name":"青岛农业大学(地铁站)","original_ids":"[3]","id":2,"layer":"stop"}},{"type":"Feature","geometry":{"type":"Point","coordinates":[120.385564,36.305661]},"properties":{"name":"青岛正阳中路(地铁站)","original_ids":"[4]","id":3,"layer":"stop"}},{"type":"Feature","geometry":{"type":"Point","coordinates":[120.385033,36.29618]},"properties":{"name":"青岛小寨子(地铁站)","original_ids":"[5]","id":4,"layer":"stop"}},{"type":"Feature","geometry":{"type":"Point","coordinates":[120.380974,36.285638]},"properties":{"name":"青岛凤岗路(地铁站)","original_ids":"[6]","id":5,"layer":"stop"}},{"type":"Feature","geometry":{"type":"Point","coordinates":[120.383866,36.268351]},"properties":{"name":"青岛流亭(地铁站)","original_ids":"[7]","id":6,"layer":"stop"}},{"type":"Feature","geometry":{"type":"Point","coordinates":[120.387286,36.239471]},"properties":{"name":"青岛仙家寨(汽车北站)(地铁站)","original_ids":"[8]","id":7,"layer":"stop"}},{"type":"Feature","geometry":{"type":"Point","coordinates":[120.390022,36.227112]},"properties":{"name":"青岛瑞金路(地铁站)","original_ids":"[9]","id":8,"layer":"stop"}},{"type":"Feature","geometry":{"type":"Point","coordinates":[120.391727,36.214206]},"properties":{"name":"青岛遵义路(地铁站)","original_ids":"[10]","id":9,"layer":"stop"}},{"type":"Feature","geometry":{"type":"Point","coordinates":[120.394343,36.201011]},"properties":{"name":"青岛南岭(地铁站)","original_ids":"[11]","id":10,"layer":"stop"}},{"type":"Feature","geometry":{"type":"Point","coordinates":[120.396598,36.190696]},"properties":{"name":"青岛兴国路(地铁站)","original_ids":"[12]","id":11,"layer":"stop"}},{"type":"Feature","geometry":{"type":"Point","coordinates":[120.390728,36.182169]},"properties":{"name":"青岛永年路(地铁站)","original_ids":"[13]","id":12,"layer":"stop"}},{"type":"Feature","geometry":{"type":"Point","coordinates":[120.376734,36.179773]},"properties":{"name":"青岛沧安路(地铁站)","original_ids":"[14]","id":13,"layer":"stop"}},{"type":"Feature","geometry":{"type":"Point","coordinates":[120.372226,36.169503]},"properties":{"name":"青岛青岛北站(地铁站)","original_ids":"[15]","id":14,"layer":"stop"}},{"type":"Feature","geometry":{"type":"Point","coordinates":[120.370762,36.159123]},"properties":{"name":"青岛安顺路(地铁站)","original_ids":"[16]","id":15,"layer":"stop"}},{"type":"Feature","geometry":{"type":"Point","coordinates":[120.377105,36.148172]},"properties":{"name":"青岛胜利桥(纺织谷)(地铁站)","original_ids":"[17]","id":16,"layer":"stop"}},{"type":"Feature","geometry":{"type":"Point","coordinates":[120.369838,36.141051]},"properties":{"name":"青岛中心医院(地铁站)","original_ids":"[18]","id":17,"layer":"stop"}},{"type":"Feature","geometry":{"type":"Point","coordinates":[120.36571,36.127706]},"properties":{"name":"青岛水清沟(地铁站)","original_ids":"[19]","id":18,"layer":"stop"}},{"type":"Feature","geometry":{"type":"Point","coordinates":[120.35615,36.116267]},"properties":{"name":"青岛北岭(地铁站)","original_ids":"[20]","id":19,"layer":"stop"}},{"type":"Feature","geometry":{"type":"Point","coordinates":[120.355841,36.105349]},"properties":{"name":"青岛小村庄(地铁站)","original_ids":"[21]","id":20,"layer":"stop"}},{"type":"Feature","geometry":{"type":"Point","coordinates":[120.356252,36.0943]},"properties":{"name":"青岛海泊桥(海慈医疗)(地铁站)","original_ids":"[22]","id":21,"layer":"stop"}},{"type":"Feature","geometry":{"type":"Point","coordinates":[120.349011,36.081957]},"properties":{"name":"青岛台东(地铁站)","original_ids":"[23]","id":22,"layer":"stop"}},{"type":"Feature","geometry":{"type":"Point","coordinates":[120.337409,36.075257]},"properties":{"name":"青岛广饶路(地铁站)","original_ids":"[24]","id":23,"layer":"stop"}},{"type":"Feature","geometry":{"type":"Point","coordinates":[120.324734,36.072893]},"properties":{"name":"青岛观象山(市立医院)(地铁站)","original_ids":"[25]","id":24,"layer":"stop"}},{"type":"Feature","geometry":{"type":"Point","coordinates":[120.316634,36.072003]},"properties":{"name":"青岛中山路(地铁站)","original_ids":"[26]","id":25,"layer":"stop"}},{"type":"Feature","geometry":{"type":"Point","coordinates":[120.3095,36.064033]},"properties":{"name":"青岛青岛站(地铁站)","original_ids":"[27]","id":26,"layer":"stop"}},{"type":"Feature","geometry":{"type":"Point","coordinates":[120.301297,36.061011]},"properties":{"name":"青岛西镇(地铁站)","original_ids":"[28]","id":27,"layer":"stop"}},{"type":"Feature","geometry":{"type":"Point","coordinates":[120.294946,36.057067]},"properties":{"name":"青岛团岛(地铁站)","original_ids":"[29]","id":28,"layer":"stop"}},{"type":"Feature","geometry":{"type":"Point","coordinates":[120.288319,35.999423]},"properties":{"name":"青岛凤凰岛(地铁站)","original_ids":"[30]","id":29,"layer":"stop"}},{"type":"Feature","geometry":{"type":"Point","coordinates":[120.282828,35.986165]},"properties":{"name":"青岛山里(地铁站)","original_ids":"[31]","id":30,"layer":"stop"}},{"type":"Feature","geometry":{"type":"Point","coordinates":[120.258923,35.97755]},"properties":{"name":"青岛南北屯(地铁站)","original_ids":"[32]","id":31,"layer":"stop"}},{"type":"Feature","geometry":{"type":"Point","coordinates":[120.239124,35.973]},"properties":{"name":"青岛新港山路(地铁站)","original_ids":"[33]","id":32,"layer":"stop"}},{"type":"Feature","geometry":{"type":"Point","coordinates":[120.228583,35.97147]},"properties":{"name":"青岛安子(地铁站)","original_ids":"[34]","id":33,"layer":"stop"}},{"type":"Feature","geometry":{"type":"Point","coordinates":[120.223058,35.964883]},"properties":{"name":"青岛天目山路(地铁站)","original_ids":"[35]","id":34,"layer":"stop"}},{"type":"Feature","geometry":{"type":"Point","coordinates":[120.21409,35.961486]},"properties":{"name":"青岛薛家岛(地铁站)","original_ids":"[36]","id":35,"layer":"stop"}},{"type":"Feature","geometry":{"type":"Point","coordinates":[120.195708,35.958189]},"properties":{"name":"青岛丁家河(地铁站)","original_ids":"[37]","id":36,"layer":"stop"}},{"type":"Feature","geometry":{"type":"Point","coordinates":[120.181996,35.953812]},"properties":{"name":"青岛井冈山路(地铁站)","original_ids":"[38]","id":37,"layer":"stop"}},{"type":"Feature","geometry":{"type":"Point","coordinates":[120.174474,35.94985]},"properties":{"name":"青岛太行山路(地铁站)","original_ids":"[39]","id":38,"layer":"stop"}},{"type":"Feature","geometry":{"type":"Point","coordinates":[120.166822,35.945299]},"properties":{"name":"青岛石油大学(地铁站)","original_ids":"[40]","id":39,"layer":"stop"}},{"type":"Feature","geometry":{"type":"Point","coordinates":[120.15675,35.942204]},"properties":{"name":"青岛王家港(地铁站)","original_ids":"[41]","id":40,"layer":"stop"}},{"type":"Feature","geometry":{"type":"Point","coordinates":[120.42084,36.167499]},"properties":{"name":"青岛李村公园(地铁站)","original_ids":"[42]","id":41,"layer":"stop"}},{"type":"Feature","geometry":{"type":"Point","coordinates":[120.420317,36.159178]},"properties":{"name":"青岛李村(地铁站)","original_ids":"[43]","id":42,"layer":"stop"}},{"type":"Feature","geometry":{"type":"Point","coordinates":[120.428363,36.153578]},"properties":{"name":"青岛枣山路(地铁站)","original_ids":"[44]","id":43,"layer":"stop"}},{"type":"Feature","geometry":{"type":"Point","coordinates":[120.434435,36.149062]},"properties":{"name":"青岛华楼山路(地铁站)","original_ids":"[45]","id":44,"layer":"stop"}},{"type":"Feature","geometry":{"type":"Point","coordinates":[120.437224,36.128154]},"properties":{"name":"青岛东韩(地铁站)","original_ids":"[46]","id":45,"layer":"stop"}},{"type":"Feature","geometry":{"type":"Point","coordinates":[120.445203,36.117247]},"properties":{"name":"青岛辽阳东路(地铁站)","original_ids":"[47]","id":46,"layer":"stop"}},{"type":"Feature","geometry":{"type":"Point","coordinates":[120.45033,36.111081]},"properties":{"name":"青岛同安路(地铁站)","original_ids":"[48]","id":47,"layer":"stop"}},{"type":"Feature","geometry":{"type":"Point","coordinates":[120.460019,36.100329]},"properties":{"name":"青岛苗岭路(地铁站)","original_ids":"[49]","id":48,"layer":"stop"}},{"type":"Feature","geometry":{"type":"Point","coordinates":[120.459578,36.09289]},"properties":{"name":"青岛石老人浴场(地铁站)","original_ids":"[50]","id":49,"layer":"stop"}},{"type":"Feature","geometry":{"type":"Point","coordinates":[120.445815,36.085446]},"properties":{"name":"青岛海安路(地铁站)","original_ids":"[51]","id":50,"layer":"stop"}},{"type":"Feature","geometry":{"type":"Point","coordinates":[120.438341,36.076195]},"properties":{"name":"青岛海川路(地铁站)","original_ids":"[52]","id":51,"layer":"stop"}},{"type":"Feature","geometry":{"type":"Point","coordinates":[120.429552,36.071461]},"properties":{"name":"青岛海游路(地铁站)","original_ids":"[53]","id":52,"layer":"stop"}},{"type":"Feature","geometry":{"type":"Point","coordinates":[120.418611,36.06607]},"properties":{"name":"青岛麦岛(地铁站)","original_ids":"[54]","id":53,"layer":"stop"}},{"type":"Feature","geometry":{"type":"Point","coordinates":[120.405581,36.065851]},"properties":{"name":"青岛高雄路(地铁站)","original_ids":"[55]","id":54,"layer":"stop"}},{"type":"Feature","geometry":{"type":"Point","coordinates":[120.396889,36.064733]},"properties":{"name":"青岛燕儿岛路(地铁站)","original_ids":"[56]","id":55,"layer":"stop"}},{"type":"Feature","geometry":{"type":"Point","coordinates":[120.385531,36.065453]},"properties":{"name":"青岛浮山所(地铁站)","original_ids":"[57]","id":56,"layer":"stop"}},{"type":"Feature","geometry":{"type":"Point","coordinates":[120.375212,36.064477]},"properties":{"name":"青岛五四广场(地铁站)","original_ids":"[58]","id":57,"layer":"stop"}},{"type":"Feature","geometry":{"type":"Point","coordinates":[120.363501,36.06918]},"properties":{"name":"青岛芝泉路(地铁站)","original_ids":"[59]","id":58,"layer":"stop"}},{"type":"Feature","geometry":{"type":"Point","coordinates":[120.357962,36.075557]},"properties":{"name":"青岛海信桥(地铁站)","original_ids":"[60]","id":59,"layer":"stop"}},{"type":"Feature","geometry":{"type":"Point","coordinates":[120.34135,36.082013]},"properties":{"name":"青岛利津路(地铁站)","original_ids":"[61]","id":60,"layer":"stop"}},{"type":"Feature","geometry":{"type":"Point","coordinates":[120.327933,36.084205]},"properties":{"name":"青岛泰山路(地铁站)","original_ids":"[62]","id":61,"layer":"stop"}},{"type":"Feature","geometry":{"type":"Point","coordinates":[120.317763,36.084565]},"properties":{"name":"青岛国际邮轮港(地铁站)","original_ids":"[63]","id":62,"layer":"stop"}},{"type":"Feature","geometry":{"type":"Point","coordinates":[120.313825,36.077672]},"properties":{"name":"青岛小港(地铁站)","original_ids":"[64]","id":63,"layer":"stop"}},{"type":"Feature","geometry":{"type":"Point","coordinates":[120.298638,36.067258]},"properties":{"name":"青岛四川路(轮渡)(地铁站)","original_ids":"[65]","id":64,"layer":"stop"}},{"type":"Feature","geometry":{"type":"Point","coordinates":[120.387962,36.171894]},"properties":{"name":"青岛永平路(地铁站)","original_ids":"[66]","id":65,"layer":"stop"}},{"type":"Feature","geometry":{"type":"Point","coordinates":[120.400781,36.168896]},"properties":{"name":"青岛振华路(地铁站)","original_ids":"[67]","id":66,"layer":"stop"}},{"type":"Feature","geometry":{"type":"Point","coordinates":[120.40965,36.164288]},"properties":{"name":"青岛君峰路(地铁站)","original_ids":"[68]","id":67,"layer":"stop"}},{"type":"Feature","geometry":{"type":"Point","coordinates":[120.422528,36.148039]},"properties":{"name":"青岛万年泉路(地铁站)","original_ids":"[69]","id":68,"layer":"stop"}},{"type":"Feature","geometry":{"type":"Point","coordinates":[120.418093,36.13682]},"properties":{"name":"青岛海尔路(地铁站)","original_ids":"[70]","id":69,"layer":"stop"}},{"type":"Feature","geometry":{"type":"Point","coordinates":[120.409232,36.130597]},"properties":{"name":"青岛地铁大厦(地铁站)","original_ids":"[71]","id":70,"layer":"stop"}},{"type":"Feature","geometry":{"type":"Point","coordinates":[120.397631,36.120267]},"properties":{"name":"青岛长沙路(地铁站)","original_ids":"[72]","id":71,"layer":"stop"}},{"type":"Feature","geometry":{"type":"Point","coordinates":[120.392085,36.114091]},"properties":{"name":"青岛双山(地铁站)","original_ids":"[73]","id":72,"layer":"stop"}},{"type":"Feature","geometry":{"type":"Point","coordinates":[120.3822,36.10652]},"properties":{"name":"青岛清江路(地铁站)","original_ids":"[74]","id":73,"layer":"stop"}},{"type":"Feature","geometry":{"type":"Point","coordinates":[120.380245,36.09532]},"properties":{"name":"青岛错埠岭(地铁站)","original_ids":"[75]","id":74,"layer":"stop"}},{"type":"Feature","geometry":{"type":"Point","coordinates":[120.380212,36.088636]},"properties":{"name":"青岛敦化路(地铁站)","original_ids":"[76]","id":75,"layer":"stop"}},{"type":"Feature","geometry":{"type":"Point","coordinates":[120.380555,36.08146]},"properties":{"name":"青岛宁夏路(地铁站)","original_ids":"[77]","id":76,"layer":"stop"}},{"type":"Feature","geometry":{"type":"Point","coordinates":[120.383135,36.073353]},"properties":{"name":"青岛江西路(地铁站)","original_ids":"[78]","id":77,"layer":"stop"}},{"type":"Feature","geometry":{"type":"Point","coordinates":[120.368641,36.060473]},"properties":{"name":"青岛延安三路(地铁站)","original_ids":"[79]","id":78,"layer":"stop"}},{"type":"Feature","geometry":{"type":"Point","coordinates":[120.354837,36.053602]},"properties":{"name":"青岛太平角公园(地铁站)","original_ids":"[80]","id":79,"layer":"stop"}},{"type":"Feature","geometry":{"type":"Point","coordinates":[120.346628,36.058192]},"properties":{"name":"青岛中山公园(地铁站)","original_ids":"[81]","id":80,"layer":"stop"}},{"type":"Feature","geometry":{"type":"Point","coordinates":[120.338211,36.059458]},"properties":{"name":"青岛汇泉广场(地铁站)","original_ids":"[82]","id":81,"layer":"stop"}},{"type":"Feature","geometry":{"type":"Point","coordinates":[120.324806,36.060137]},"properties":{"name":"青岛人民会堂(地铁站)","original_ids":"[83]","id":82,"layer":"stop"}},{"type":"Feature","geometry":{"type":"Point","coordinates":[120.322453,36.065068]},"properties":{"name":"青岛信号山(青大附院)(地铁站)","original_ids":"[84]","id":83,"layer":"stop"}},{"type":"Feature","geometry":{"type":"Point","coordinates":[120.337944,36.086053]},"properties":{"name":"青岛昌乐路(地铁站)","original_ids":"[85]","id":84,"layer":"stop"}},{"type":"Feature","geometry":{"type":"Point","coordinates":[120.34618,36.096315]},"properties":{"name":"青岛海泊河公园(地铁站)","original_ids":"[86]","id":85,"layer":"stop"}},{"type":"Feature","geometry":{"type":"Point","coordinates":[120.366919,36.095084]},"properties":{"name":"青岛西吴家村(地铁站)","original_ids":"[87]","id":86,"layer":"stop"}},{"type":"Feature","geometry":{"type":"Point","coordinates":[120.390464,36.096049]},"properties":{"name":"青岛福辽立交桥(地铁站)","original_ids":"[88]","id":87,"layer":"stop"}},{"type":"Feature","geometry":{"type":"Point","coordinates":[120.398285,36.098944]},"properties":{"name":"青岛洪山坡(妇儿医院)(地铁站)","original_ids":"[89]","id":88,"layer":"stop"}},{"type":"Feature","geometry":{"type":"Point","coordinates":[120.410345,36.104641]},"properties":{"name":"青岛劲松三路(地铁站)","original_ids":"[90]","id":89,"layer":"stop"}},{"type":"Feature","geometry":{"type":"Point","coordinates":[120.419871,36.105918]},"properties":{"name":"青岛埠西(地铁站)","original_ids":"[91]","id":90,"layer":"stop"}},{"type":"Feature","geometry":{"type":"Point","coordinates":[120.431179,36.111204]},"properties":{"name":"青岛大埠东(地铁站)","original_ids":"[92]","id":91,"layer":"stop"}},{"type":"Feature","geometry":{"type":"Point","coordinates":[120.456533,36.125521]},"properties":{"name":"青岛董家下庄(地铁站)","original_ids":"[93]","id":92,"layer":"stop"}},{"type":"Feature","geometry":{"type":"Point","coordinates":[120.461575,36.135064]},"properties":{"name":"青岛科苑经七路(地铁站)","original_ids":"[94]","id":93,"layer":"stop"}},{"type":"Feature","geometry":{"type":"Point","coordinates":[120.480653,36.140355]},"properties":{"name":"青岛张村(地铁站)","original_ids":"[95]","id":94,"layer":"stop"}},{"type":"Feature","geometry":{"type":"Point","coordinates":[120.496934,36.136558]},"properties":{"name":"青岛彭家庄(地铁站)","original_ids":"[96]","id":95,"layer":"stop"}},{"type":"Feature","geometry":{"type":"Point","coordinates":[120.516787,36.130991]},"properties":{"name":"青岛南宅科(地铁站)","original_ids":"[97]","id":96,"layer":"stop"}},{"type":"Feature","geometry":{"type":"Point","coordinates":[120.527865,36.122676]},"properties":{"name":"青岛小崂山(地铁站)","original_ids":"[98]","id":97,"layer":"stop"}},{"type":"Feature","geometry":{"type":"Point","coordinates":[120.539503,36.118556]},"properties":{"name":"青岛沙子口(地铁站)","original_ids":"[99]","id":98,"layer":"stop"}},{"type":"Feature","geometry":{"type":"Point","coordinates":[120.551656,36.12439]},"properties":{"name":"青岛段家埠(地铁站)","original_ids":"[100]","id":99,"layer":"stop"}},{"type":"Feature","geometry":{"type":"Point","coordinates":[120.569762,36.133309]},"properties":{"name":"青岛登瀛(地铁站)","original_ids":"[101]","id":100,"layer":"stop"}},{"type":"Feature","geometry":{"type":"Point","coordinates":[120.581348,36.131437]},"properties":{"name":"青岛大河东(地铁站)","original_ids":"[102]","id":101,"layer":"stop"}},{"type":"Feature","geometry":{"type":"Point","coordinates":[120.091236,36.066603]},"properties":{"name":"青岛横云山路(地铁站)","original_ids":"[103]","id":102,"layer":"stop"}},{"type":"Feature","geometry":{"type":"Point","coordinates":[120.10797,36.062807]},"properties":{"name":"青岛山王河(福莱社区)(地铁站)","original_ids":"[104]","id":103,"layer":"stop"}},{"type":"Feature","geometry":{"type":"Point","coordinates":[120.11936,36.061394]},"properties":{"name":"青岛河洛埠(中德生态园)(地铁站)","original_ids":"[105]","id":104,"layer":"stop"}},{"type":"Feature","geometry":{"type":"Point","coordinates":[120.139253,36.057411]},"properties":{"name":"青岛青岛九中(幸福小镇)(地铁站)","original_ids":"[106]","id":105,"layer":"stop"}},{"type":"Feature","geometry":{"type":"Point","coordinates":[120.147353,36.047748]},"properties":{"name":"青岛抓马山(地铁站)","original_ids":"[107]","id":106,"layer":"stop"}},{"type":"Feature","geometry":{"type":"Point","coordinates":[120.157266,36.03587]},"properties":{"name":"青岛马家楼(地铁站)","original_ids":"[108]","id":107,"layer":"stop"}},{"type":"Feature","geometry":{"type":"Point","coordinates":[120.156584,36.021834]},"properties":{"name":"青岛薛家泊子(地铁站)","original_ids":"[109]","id":108,"layer":"stop"}},{"type":"Feature","geometry":{"type":"Point","coordinates":[120.159931,36.005945]},"properties":{"name":"青岛港头(地铁站)","original_ids":"[110]","id":109,"layer":"stop"}},{"type":"Feature","geometry":{"type":"Point","coordinates":[120.152831,35.988008]},"properties":{"name":"青岛青大附院西海岸院区(地铁站)","original_ids":"[111]","id":110,"layer":"stop"}},{"type":"Feature","geometry":{"type":"Point","coordinates":[120.154684,35.980293]},"properties":{"name":"青岛扒山(滨海学院)(地铁站)","original_ids":"[112]","id":111,"layer":"stop"}},{"type":"Feature","geometry":{"type":"Point","coordinates":[120.158085,35.967866]},"properties":{"name":"青岛钱塘江路(青职学院)(地铁站)","original_ids":"[113]","id":112,"layer":"stop"}},{"type":"Feature","geometry":{"type":"Point","coordinates":[120.160917,35.953585]},"properties":{"name":"青岛九顶山(地铁站)","original_ids":"[114]","id":113,"layer":"stop"}},{"type":"Feature","geometry":{"type":"Point","coordinates":[120.131423,35.937415]},"properties":{"name":"青岛北门外(地铁站)","original_ids":"[115]","id":114,"layer":"stop"}},{"type":"Feature","geometry":{"type":"Point","coordinates":[120.119661,35.9344]},"properties":{"name":"青岛西门外(地铁站)","original_ids":"[116]","id":115,"layer":"stop"}},{"type":"Feature","geometry":{"type":"Point","coordinates":[120.109007,35.928194]},"properties":{"name":"青岛毛家山(黄海学院)(地铁站)","original_ids":"[117]","id":116,"layer":"stop"}},{"type":"Feature","geometry":{"type":"Point","coordinates":[120.097028,35.924666]},"properties":{"name":"青岛赵家庙(影视产业园)(地铁站)","original_ids":"[118]","id":117,"layer":"stop"}},{"type":"Feature","geometry":{"type":"Point","coordinates":[120.078346,35.916461]},"properties":{"name":"青岛星海滩路(地铁站)","original_ids":"[119]","id":118,"layer":"stop"}},{"type":"Feature","geometry":{"type":"Point","coordinates":[120.075448,35.908614]},"properties":{"name":"青岛华山(地铁站)","original_ids":"[120]","id":119,"layer":"stop"}},{"type":"Feature","geometry":{"type":"Point","coordinates":[120.081784,35.899545]},"properties":{"name":"青岛辛屯(地铁站)","original_ids":"[121]","id":120,"layer":"stop"}},{"type":"Feature","geometry":{"type":"Point","coordinates":[120.07684,35.891743]},"properties":{"name":"青岛灵山湾(地铁站)","original_ids":"[122]","id":121,"layer":"stop"}},{"type":"Feature","geometry":{"type":"Point","coordinates":[120.050282,36.394797]},"properties":{"name":"青岛胶州北站(地铁站)","original_ids":"[123]","id":122,"layer":"stop"}},{"type":"Feature","geometry":{"type":"Point","coordinates":[120.089542,36.359615]},"properties":{"name":"青岛胶东机场(地铁站)","original_ids":"[124]","id":123,"layer":"stop"}},{"type":"Feature","geometry":{"type":"Point","coordinates":[120.112248,36.313339]},"properties":{"name":"青岛胶东(地铁站)","original_ids":"[125]","id":124,"layer":"stop"}},{"type":"Feature","geometry":{"type":"Point","coordinates":[120.156369,36.25858]},"properties":{"name":"青岛大涧(地铁站)","original_ids":"[126]","id":125,"layer":"stop"}},{"type":"Feature","geometry":{"type":"Point","coordinates":[120.186122,36.24688]},"properties":{"name":"青岛红岛火车站(地铁站)","original_ids":"[127]","id":126,"layer":"stop"}},{"type":"Feature","geometry":{"type":"Point","coordinates":[120.194608,36.230531]},"properties":{"name":"青岛健康中心(地铁站)","original_ids":"[128]","id":127,"layer":"stop"}},{"type":"Feature","geometry":{"type":"Point","coordinates":[120.209978,36.233459]},"properties":{"name":"青岛健身中心(红岛会展)(地铁站)","original_ids":"[129]","id":128,"layer":"stop"}},{"type":"Feature","geometry":{"type":"Point","coordinates":[120.239047,36.20815]},"properties":{"name":"青岛观涛(地铁站)","original_ids":"[130]","id":129,"layer":"stop"}},{"type":"Feature","geometry":{"type":"Point","coordinates":[120.267936,36.200667]},"properties":{"name":"青岛红岛科技馆(方特)(地铁站)","original_ids":"[131]","id":130,"layer":"stop"}},{"type":"Feature","geometry":{"type":"Point","coordinates":[120.283762,36.192899]},"properties":{"name":"青岛大洋(地铁站)","original_ids":"[132]","id":131,"layer":"stop"}},{"type":"Feature","geometry":{"type":"Point","coordinates":[120.39503,36.161519]},"properties":{"name":"青岛曲戈庄(地铁站)","original_ids":"[133]","id":132,"layer":"stop"}},{"type":"Feature","geometry":{"type":"Point","coordinates":[120.390435,36.142691]},"properties":{"name":"青岛闫家山(地铁站)","original_ids":"[134]","id":133,"layer":"stop"}},{"type":"Feature","geometry":{"type":"Point","coordinates":[120.381205,36.131129]},"properties":{"name":"青岛南昌路北(地铁站)","original_ids":"[135]","id":134,"layer":"stop"}},{"type":"Feature","geometry":{"type":"Point","coordinates":[120.373049,36.119273]},"properties":{"name":"青岛嘉定山(地铁站)","original_ids":"[136]","id":135,"layer":"stop"}},{"type":"Feature","geometry":{"type":"Point","coordinates":[120.370477,36.080718]},"properties":{"name":"青岛澳柯玛桥(地铁站)","original_ids":"[137]","id":136,"layer":"stop"}},{"type":"Feature","geometry":{"type":"Point","coordinates":[120.755512,36.478865]},"properties":{"name":"青岛钱谷山(地铁站)","original_ids":"[138]","id":137,"layer":"stop"}},{"type":"Feature","geometry":{"type":"Point","coordinates":[120.727682,36.467779]},"properties":{"name":"青岛臧村(地铁站)","original_ids":"[139]","id":138,"layer":"stop"}},{"type":"Feature","geometry":{"type":"Point","coordinates":[120.705992,36.463905]},"properties":{"name":"青岛皋虞(地铁站)","original_ids":"[140]","id":139,"layer":"stop"}},{"type":"Feature","geometry":{"type":"Point","coordinates":[120.698109,36.444042]},"properties":{"name":"青岛温泉东(地铁站)","original_ids":"[141]","id":140,"layer":"stop"}},{"type":"Feature","geometry":{"type":"Point","coordinates":[120.699685,36.420915]},"properties":{"name":"青岛博览中心(地铁站)","original_ids":"[142]","id":141,"layer":"stop"}},{"type":"Feature","geometry":{"type":"Point","coordinates":[120.675023,36.405085]},"properties":{"name":"青岛水泊(地铁站)","original_ids":"[143]","id":142,"layer":"stop"}},{"type":"Feature","geometry":{"type":"Point","coordinates":[120.674537,36.385105]},"properties":{"name":"青岛蓝色硅谷(地铁站)","original_ids":"[144]","id":143,"layer":"stop"}},{"type":"Feature","geometry":{"type":"Point","coordinates":[120.673847,36.368887]},"properties":{"name":"青岛山东大学(地铁站)","original_ids":"[145]","id":144,"layer":"stop"}},{"type":"Feature","geometry":{"type":"Point","coordinates":[120.65617,36.348924]},"properties":{"name":"青岛鳌山卫(地铁站)","original_ids":"[146]","id":145,"layer":"stop"}},{"type":"Feature","geometry":{"type":"Point","coordinates":[120.623465,36.306309]},"properties":{"name":"青岛浦里(地铁站)","original_ids":"[147]","id":146,"layer":"stop"}},{"type":"Feature","geometry":{"type":"Point","coordinates":[120.60176,36.284365]},"properties":{"name":"青岛庙石(地铁站)","original_ids":"[148]","id":147,"layer":"stop"}},{"type":"Feature","geometry":{"type":"Point","coordinates":[120.554171,36.238533]},"properties":{"name":"青岛北九水(地铁站)","original_ids":"[149]","id":148,"layer":"stop"}},{"type":"Feature","geometry":{"type":"Point","coordinates":[120.529939,36.21373]},"properties":{"name":"青岛北宅(地铁站)","original_ids":"[150]","id":149,"layer":"stop"}},{"type":"Feature","geometry":{"type":"Point","coordinates":[120.506551,36.185404]},"properties":{"name":"青岛世博园(地铁站)","original_ids":"[151]","id":150,"layer":"stop"}},{"type":"Feature","geometry":{"type":"Point","coordinates":[120.489863,36.164945]},"properties":{"name":"青岛海洋大学(地铁站)","original_ids":"[152]","id":151,"layer":"stop"}},{"type":"Feature","geometry":{"type":"Point","coordinates":[120.482237,36.147924]},"properties":{"name":"青岛枯桃(地铁站)","original_ids":"[153]","id":152,"layer":"stop"}},{"type":"Feature","geometry":{"type":"Point","coordinates":[120.480366,36.124016]},"properties":{"name":"青岛青岛科大(地铁站)","original_ids":"[154]","id":153,"layer":"stop"}},{"type":"Feature","geometry":{"type":"Point","coordinates":[120.475745,36.11032]},"properties":{"name":"青岛青岛二中(地铁站)","original_ids":"[155]","id":154,"layer":"stop"}},{"type":"Feature","geometry":{"type":"Point","coordinates":[120.469379,36.102798]},"properties":{"name":"青岛会展中心(地铁站)","original_ids":"[156]","id":155,"layer":"stop"}},{"type":"Feature","geometry":{"type":"Point","coordinates":[119.710442,35.675649]},"properties":{"name":"青岛董家口火车站(地铁站)","original_ids":"[157]","id":156,"layer":"stop"}},{"type":"Feature","geometry":{"type":"Point","coordinates":[119.761793,35.687161]},"properties":{"name":"青岛泊里(地铁站)","original_ids":"[158]","id":157,"layer":"stop"}},{"type":"Feature","geometry":{"type":"Point","coordinates":[119.792038,35.685177]},"properties":{"name":"青岛董家口港(地铁站)","original_ids":"[159]","id":158,"layer":"stop"}},{"type":"Feature","geometry":{"type":"Point","coordinates":[119.832223,35.676774]},"properties":{"name":"青岛贡口湾(地铁站)","original_ids":"[160]","id":159,"layer":"stop"}},{"type":"Feature","geometry":{"type":"Point","coordinates":[119.870036,35.671008]},"properties":{"name":"青岛琅琊(地铁站)","original_ids":"[161]","id":160,"layer":"stop"}},{"type":"Feature","geometry":{"type":"Point","coordinates":[119.897087,35.69033]},"properties":{"name":"青岛龙湾(地铁站)","original_ids":"[162]","id":161,"layer":"stop"}},{"type":"Feature","geometry":{"type":"Point","coordinates":[119.888684,35.751012]},"properties":{"name":"青岛古镇口(地铁站)","original_ids":"[163]","id":162,"layer":"stop"}},{"type":"Feature","geometry":{"type":"Point","coordinates":[119.921236,35.794081]},"properties":{"name":"青岛张家楼(地铁站)","original_ids":"[164]","id":163,"layer":"stop"}},{"type":"Feature","geometry":{"type":"Point","coordinates":[119.984038,35.815793]},"properties":{"name":"青岛大珠山(地铁站)","original_ids":"[165]","id":164,"layer":"stop"}},{"type":"Feature","geometry":{"type":"Point","coordinates":[119.997777,35.827558]},"properties":{"name":"青岛盛海路(世博城)(地铁站)","original_ids":"[166]","id":165,"layer":"stop"}},{"type":"Feature","geometry":{"type":"Point","coordinates":[119.997196,35.849644]},"properties":{"name":"青岛世纪大道(地铁站)","original_ids":"[167]","id":166,"layer":"stop"}},{"type":"Feature","geometry":{"type":"Point","coordinates":[120.011308,35.871331]},"properties":{"name":"青岛双珠路(地铁站)","original_ids":"[168]","id":167,"layer":"stop"}},{"type":"Feature","geometry":{"type":"Point","coordinates":[120.01742,35.889969]},"properties":{"name":"青岛凤凰山路(地铁站)","original_ids":"[169]","id":168,"layer":"stop"}},{"type":"Feature","geometry":{"type":"Point","coordinates":[120.029556,35.892067]},"properties":{"name":"青岛隐珠(地铁站)","original_ids":"[170]","id":169,"layer":"stop"}},{"type":"Feature","geometry":{"type":"Point","coordinates":[120.061424,35.893947]},"properties":{"name":"青岛两河(地铁站)","original_ids":"[171]","id":170,"layer":"stop"}},{"type":"Feature","geometry":{"type":"Point","coordinates":[120.096607,35.908079]},"properties":{"name":"青岛朝阳山(地铁站)","original_ids":"[172]","id":171,"layer":"stop"}},{"type":"Feature","geometry":{"type":"Point","coordinates":[120.113779,35.919366]},"properties":{"name":"青岛学院路(地铁站)","original_ids":"[173]","id":172,"layer":"stop"}},{"type":"Feature","geometry":{"type":"Point","coordinates":[120.133198,35.925546]},"properties":{"name":"青岛灵山卫(地铁站)","original_ids":"[174]","id":173,"layer":"stop"}},{"type":"Feature","geometry":{"type":"Point","coordinates":[120.159709,35.93079]},"properties":{"name":"青岛积米崖(地铁站)","original_ids":"[175]","id":174,"layer":"stop"}},{"type":"Feature","geometry":{"type":"Point","coordinates":[120.181251,35.966266]},"properties":{"name":"青岛香江路(地铁站)","original_ids":"[176]","id":175,"layer":"stop"}},{"type":"Feature","geometry":{"type":"Point","coordinates":[120.173636,35.975001]},"properties":{"name":"青岛嘉陵江西路(地铁站)","original_ids":"[177]","id":176,"layer":"stop"}},{"type":"Feature","properties":{"shape_id":"{}","direction_id":"{\"0\": 50}","headsign":"{}","duration_avg":120,"n_vehicles":50,"d":1200,"route_I_counts":"{\"1\": 50}","source":0,"target":1,"layer":"L","from":"青岛东郭庄(地铁站)","to":"青岛沟岔(地铁站)"},"geometry":{"type":"LineString","coordinates":[[120.407336,36.334796],[120.395024,36.326742]]}},{"type":"Feature","properties":{"shape_id":"{}","direction_id":"{\"1\": 50}","headsign":"{}","duration_avg":120,"n_vehicles":50,"d":1200,"route_I_counts":"{\"1\": 50}","source":1,"target":0,"layer":"L","from":"青岛沟岔(地铁站)","to":"青岛东郭庄(地铁站)"},"geometry":{"type":"LineString","coordinates":[[120.395024,36.326742],[120.407336,36.334796]]}},{"type":"Feature","properties":{"shape_id":"{}","direction_id":"{\"0\": 50}","headsign":"{}","duration_avg":120,"n_vehicles":50,"d":1200,"route_I_counts":"{\"1\": 50}","source":1,"target":2,"layer":"L","from":"青岛沟岔(地铁站)","to":"青岛农业大学(地铁站)"},"geometry":{"type":"LineString","coordinates":[[120.395024,36.326742],[120.385743,36.315464]]}},{"type":"Feature","properties":{"shape_id":"{}","direction_id":"{\"1\": 50}","headsign":"{}","duration_avg":120,"n_vehicles":50,"d":1200,"route_I_counts":"{\"1\": 50}","source":2,"target":1,"layer":"L","from":"青岛农业大学(地铁站)","to":"青岛沟岔(地铁站)"},"geometry":{"type":"LineString","coordinates":[[120.385743,36.315464],[120.395024,36.326742]]}},{"type":"Feature","properties":{"shape_id":"{}","direction_id":"{\"0\": 50}","headsign":"{}","duration_avg":180,"n_vehicles":50,"d":1800,"route_I_counts":"{\"1\": 50}","source":2,"target":3,"layer":"L","from":"青岛农业大学(地铁站)","to":"青岛正阳中路(地铁站)"},"geometry":{"type":"LineString","coordinates":[[120.385743,36.315464],[120.385564,36.305661]]}},{"type":"Feature","properties":{"shape_id":"{}","direction_id":"{\"1\": 50}","headsign":"{}","duration_avg":180,"n_vehicles":50,"d":1800,"route_I_counts":"{\"1\": 50}","source":3,"target":2,"layer":"L","from":"青岛正阳中路(地铁站)","to":"青岛农业大学(地铁站)"},"geometry":{"type":"LineString","coordinates":[[120.385564,36.305661],[120.385743,36.315464]]}},{"type":"Feature","properties":{"shape_id":"{}","direction_id":"{\"0\": 50}","headsign":"{}","duration_avg":120,"n_vehicles":50,"d":1200,"route_I_counts":"{\"1\": 50}","source":3,"target":4,"layer":"L","from":"青岛正阳中路(地铁站)","to":"青岛小寨子(地铁站)"},"geometry":{"type":"LineString","coordinates":[[120.385564,36.305661],[120.385033,36.29618]]}},{"type":"Feature","properties":{"shape_id":"{}","direction_id":"{\"1\": 50}","headsign":"{}","duration_avg":120,"n_vehicles":50,"d":1200,"route_I_counts":"{\"1\": 50}","source":4,"target":3,"layer":"L","from":"青岛小寨子(地铁站)","to":"青岛正阳中路(地铁站)"},"geometry":{"type":"LineString","coordinates":[[120.385033,36.29618],[120.385564,36.305661]]}},{"type":"Feature","properties":{"shape_id":"{}","direction_id":"{\"0\": 50}","headsign":"{}","duration_avg":120,"n_vehicles":50,"d":1200,"route_I_counts":"{\"1\": 50}","source":4,"target":5,"layer":"L","from":"青岛小寨子(地铁站)","to":"青岛凤岗路(地铁站)"},"geometry":{"type":"LineString","coordinates":[[120.385033,36.29618],[120.380974,36.285638]]}},{"type":"Feature","properties":{"shape_id":"{}","direction_id":"{\"1\": 50}","headsign":"{}","duration_avg":120,"n_vehicles":50,"d":1200,"route_I_counts":"{\"1\": 50}","source":5,"target":4,"layer":"L","from":"青岛凤岗路(地铁站)","to":"青岛小寨子(地铁站)"},"geometry":{"type":"LineString","coordinates":[[120.380974,36.285638],[120.385033,36.29618]]}},{"type":"Feature","properties":{"shape_id":"{}","direction_id":"{\"0\": 50}","headsign":"{}","duration_avg":180,"n_vehicles":50,"d":1800,"route_I_counts":"{\"1\": 50}","source":5,"target":6,"layer":"L","from":"青岛凤岗路(地铁站)","to":"青岛流亭(地铁站)"},"geometry":{"type":"LineString","coordinates":[[120.380974,36.285638],[120.383866,36.268351]]}},{"type":"Feature","properties":{"shape_id":"{}","direction_id":"{\"1\": 50}","headsign":"{}","duration_avg":180,"n_vehicles":50,"d":1800,"route_I_counts":"{\"1\": 50}","source":6,"target":5,"layer":"L","from":"青岛流亭(地铁站)","to":"青岛凤岗路(地铁站)"},"geometry":{"type":"LineString","coordinates":[[120.383866,36.268351],[120.380974,36.285638]]}},{"type":"Feature","properties":{"shape_id":"{}","direction_id":"{\"0\": 50}","headsign":"{}","duration_avg":240,"n_vehicles":50,"d":2400,"route_I_counts":"{\"1\": 50}","source":6,"target":7,"layer":"L","from":"青岛流亭(地铁站)","to":"青岛仙家寨(汽车北站)(地铁站)"},"geometry":{"type":"LineString","coordinates":[[120.383866,36.268351],[120.387286,36.239471]]}},{"type":"Feature","properties":{"shape_id":"{}","direction_id":"{\"1\": 50}","headsign":"{}","duration_avg":240,"n_vehicles":50,"d":2400,"route_I_counts":"{\"1\": 50}","source":7,"target":6,"layer":"L","from":"青岛仙家寨(汽车北站)(地铁站)","to":"青岛流亭(地铁站)"},"geometry":{"type":"LineString","coordinates":[[120.387286,36.239471],[120.383866,36.268351]]}},{"type":"Feature","properties":{"shape_id":"{}","direction_id":"{\"0\": 50}","headsign":"{}","duration_avg":120,"n_vehicles":50,"d":1200,"route_I_counts":"{\"1\": 50}","source":7,"target":8,"layer":"L","from":"青岛仙家寨(汽车北站)(地铁站)","to":"青岛瑞金路(地铁站)"},"geometry":{"type":"LineString","coordinates":[[120.387286,36.239471],[120.390022,36.227112]]}},{"type":"Feature","properties":{"shape_id":"{}","direction_id":"{\"1\": 50}","headsign":"{}","duration_avg":120,"n_vehicles":50,"d":1200,"route_I_counts":"{\"1\": 50}","source":8,"target":7,"layer":"L","from":"青岛瑞金路(地铁站)","to":"青岛仙家寨(汽车北站)(地铁站)"},"geometry":{"type":"LineString","coordinates":[[120.390022,36.227112],[120.387286,36.239471]]}},{"type":"Feature","properties":{"shape_id":"{}","direction_id":"{\"0\": 50}","headsign":"{}","duration_avg":120,"n_vehicles":50,"d":1200,"route_I_counts":"{\"1\": 50}","source":8,"target":9,"layer":"L","from":"青岛瑞金路(地铁站)","to":"青岛遵义路(地铁站)"},"geometry":{"type":"LineString","coordinates":[[120.390022,36.227112],[120.391727,36.214206]]}},{"type":"Feature","properties":{"shape_id":"{}","direction_id":"{\"1\": 50}","headsign":"{}","duration_avg":120,"n_vehicles":50,"d":1200,"route_I_counts":"{\"1\": 50}","source":9,"target":8,"layer":"L","from":"青岛遵义路(地铁站)","to":"青岛瑞金路(地铁站)"},"geometry":{"type":"LineString","coordinates":[[120.391727,36.214206],[120.390022,36.227112]]}},{"type":"Feature","properties":{"shape_id":"{}","direction_id":"{\"0\": 50}","headsign":"{}","duration_avg":180,"n_vehicles":50,"d":1800,"route_I_counts":"{\"1\": 50}","source":9,"target":10,"layer":"L","from":"青岛遵义路(地铁站)","to":"青岛南岭(地铁站)"},"geometry":{"type":"LineString","coordinates":[[120.391727,36.214206],[120.394343,36.201011]]}},{"type":"Feature","properties":{"shape_id":"{}","direction_id":"{\"1\": 50}","headsign":"{}","duration_avg":180,"n_vehicles":50,"d":1800,"route_I_counts":"{\"1\": 50}","source":10,"target":9,"layer":"L","from":"青岛南岭(地铁站)","to":"青岛遵义路(地铁站)"},"geometry":{"type":"LineString","coordinates":[[120.394343,36.201011],[120.391727,36.214206]]}},{"type":"Feature","properties":{"shape_id":"{}","direction_id":"{\"0\": 50}","headsign":"{}","duration_avg":120,"n_vehicles":50,"d":1200,"route_I_counts":"{\"1\": 50}","source":10,"target":11,"layer":"L","from":"青岛南岭(地铁站)","to":"青岛兴国路(地铁站)"},"geometry":{"type":"LineString","coordinates":[[120.394343,36.201011],[120.396598,36.190696]]}},{"type":"Feature","properties":{"shape_id":"{}","direction_id":"{\"1\": 50}","headsign":"{}","duration_avg":120,"n_vehicles":50,"d":1200,"route_I_counts":"{\"1\": 50}","source":11,"target":10,"layer":"L","from":"青岛兴国路(地铁站)","to":"青岛南岭(地铁站)"},"geometry":{"type":"LineString","coordinates":[[120.396598,36.190696],[120.394343,36.201011]]}},{"type":"Feature","properties":{"shape_id":"{}","direction_id":"{\"0\": 50}","headsign":"{}","duration_avg":120,"n_vehicles":50,"d":1200,"route_I_counts":"{\"1\": 50}","source":11,"target":12,"layer":"L","from":"青岛兴国路(地铁站)","to":"青岛永年路(地铁站)"},"geometry":{"type":"LineString","coordinates":[[120.396598,36.190696],[120.390728,36.182169]]}},{"type":"Feature","properties":{"shape_id":"{}","direction_id":"{\"1\": 50}","headsign":"{}","duration_avg":120,"n_vehicles":50,"d":1200,"route_I_counts":"{\"1\": 50}","source":12,"target":11,"layer":"L","from":"青岛永年路(地铁站)","to":"青岛兴国路(地铁站)"},"geometry":{"type":"LineString","coordinates":[[120.390728,36.182169],[120.396598,36.190696]]}},{"type":"Feature","properties":{"shape_id":"{}","direction_id":"{\"0\": 50}","headsign":"{}","duration_avg":180,"n_vehicles":50,"d":1800,"route_I_counts":"{\"1\": 50}","source":12,"target":13,"layer":"L","from":"青岛永年路(地铁站)","to":"青岛沧安路(地铁站)"},"geometry":{"type":"LineString","coordinates":[[120.390728,36.182169],[120.376734,36.179773]]}},{"type":"Feature","properties":{"shape_id":"{}","direction_id":"{\"1\": 50}","headsign":"{}","duration_avg":180,"n_vehicles":50,"d":1800,"route_I_counts":"{\"1\": 50}","source":13,"target":12,"layer":"L","from":"青岛沧安路(地铁站)","to":"青岛永年路(地铁站)"},"geometry":{"type":"LineString","coordinates":[[120.376734,36.179773],[120.390728,36.182169]]}},{"type":"Feature","properties":{"shape_id":"{}","direction_id":"{\"0\": 50}","headsign":"{}","duration_avg":120,"n_vehicles":50,"d":1200,"route_I_counts":"{\"1\": 50}","source":13,"target":14,"layer":"L","from":"青岛沧安路(地铁站)","to":"青岛青岛北站(地铁站)"},"geometry":{"type":"LineString","coordinates":[[120.376734,36.179773],[120.372226,36.169503]]}},{"type":"Feature","properties":{"shape_id":"{}","direction_id":"{\"1\": 50}","headsign":"{}","duration_avg":120,"n_vehicles":50,"d":1200,"route_I_counts":"{\"1\": 50}","source":14,"target":13,"layer":"L","from":"青岛青岛北站(地铁站)","to":"青岛沧安路(地铁站)"},"geometry":{"type":"LineString","coordinates":[[120.372226,36.169503],[120.376734,36.179773]]}},{"type":"Feature","properties":{"shape_id":"{}","direction_id":"{\"0\": 50}","headsign":"{}","duration_avg":120,"n_vehicles":50,"d":1200,"route_I_counts":"{\"1\": 50}","source":14,"target":15,"layer":"L","from":"青岛青岛北站(地铁站)","to":"青岛安顺路(地铁站)"},"geometry":{"type":"LineString","coordinates":[[120.372226,36.169503],[120.370762,36.159123]]}},{"type":"Feature","properties":{"shape_id":"{}","direction_id":"{\"1\": 50}","headsign":"{}","duration_avg":120,"n_vehicles":50,"d":1200,"route_I_counts":"{\"1\": 50}","source":15,"target":14,"layer":"L","from":"青岛安顺路(地铁站)","to":"青岛青岛北站(地铁站)"},"geometry":{"type":"LineString","coordinates":[[120.370762,36.159123],[120.372226,36.169503]]}},{"type":"Feature","properties":{"shape_id":"{}","direction_id":"{\"0\": 50}","headsign":"{}","duration_avg":180,"n_vehicles":50,"d":1800,"route_I_counts":"{\"1\": 50}","source":15,"target":16,"layer":"L","from":"青岛安顺路(地铁站)","to":"青岛胜利桥(纺织谷)(地铁站)"},"geometry":{"type":"LineString","coordinates":[[120.370762,36.159123],[120.377105,36.148172]]}},{"type":"Feature","properties":{"shape_id":"{}","direction_id":"{\"1\": 50}","headsign":"{}","duration_avg":180,"n_vehicles":50,"d":1800,"route_I_counts":"{\"1\": 50}","source":16,"target":15,"layer":"L","from":"青岛胜利桥(纺织谷)(地铁站)","to":"青岛安顺路(地铁站)"},"geometry":{"type":"LineString","coordinates":[[120.377105,36.148172],[120.370762,36.159123]]}},{"type":"Feature","properties":{"shape_id":"{}","direction_id":"{\"0\": 50}","headsign":"{}","duration_avg":120,"n_vehicles":50,"d":1200,"route_I_counts":"{\"1\": 50}","source":16,"target":17,"layer":"L","from":"青岛胜利桥(纺织谷)(地铁站)","to":"青岛中心医院(地铁站)"},"geometry":{"type":"LineString","coordinates":[[120.377105,36.148172],[120.369838,36.141051]]}},{"type":"Feature","properties":{"shape_id":"{}","direction_id":"{\"1\": 50}","headsign":"{}","duration_avg":120,"n_vehicles":50,"d":1200,"route_I_counts":"{\"1\": 50}","source":17,"target":16,"layer":"L","from":"青岛中心医院(地铁站)","to":"青岛胜利桥(纺织谷)(地铁站)"},"geometry":{"type":"LineString","coordinates":[[120.369838,36.141051],[120.377105,36.148172]]}},{"type":"Feature","properties":{"shape_id":"{}","direction_id":"{\"0\": 50}","headsign":"{}","duration_avg":180,"n_vehicles":50,"d":1800,"route_I_counts":"{\"1\": 50}","source":17,"target":18,"layer":"L","from":"青岛中心医院(地铁站)","to":"青岛水清沟(地铁站)"},"geometry":{"type":"LineString","coordinates":[[120.369838,36.141051],[120.36571,36.127706]]}},{"type":"Feature","properties":{"shape_id":"{}","direction_id":"{\"1\": 50}","headsign":"{}","duration_avg":180,"n_vehicles":50,"d":1800,"route_I_counts":"{\"1\": 50}","source":18,"target":17,"layer":"L","from":"青岛水清沟(地铁站)","to":"青岛中心医院(地铁站)"},"geometry":{"type":"LineString","coordinates":[[120.36571,36.127706],[120.369838,36.141051]]}},{"type":"Feature","properties":{"shape_id":"{}","direction_id":"{\"0\": 50}","headsign":"{}","duration_avg":120,"n_vehicles":50,"d":1200,"route_I_counts":"{\"1\": 50}","source":18,"target":19,"layer":"L","from":"青岛水清沟(地铁站)","to":"青岛北岭(地铁站)"},"geometry":{"type":"LineString","coordinates":[[120.36571,36.127706],[120.35615,36.116267]]}},{"type":"Feature","properties":{"shape_id":"{}","direction_id":"{\"1\": 50}","headsign":"{}","duration_avg":120,"n_vehicles":50,"d":1200,"route_I_counts":"{\"1\": 50}","source":19,"target":18,"layer":"L","from":"青岛北岭(地铁站)","to":"青岛水清沟(地铁站)"},"geometry":{"type":"LineString","coordinates":[[120.35615,36.116267],[120.36571,36.127706]]}},{"type":"Feature","properties":{"shape_id":"{}","direction_id":"{\"0\": 50}","headsign":"{}","duration_avg":180,"n_vehicles":50,"d":1800,"route_I_counts":"{\"1\": 50}","source":19,"target":20,"layer":"L","from":"青岛北岭(地铁站)","to":"青岛小村庄(地铁站)"},"geometry":{"type":"LineString","coordinates":[[120.35615,36.116267],[120.355841,36.105349]]}},{"type":"Feature","properties":{"shape_id":"{}","direction_id":"{\"1\": 50}","headsign":"{}","duration_avg":180,"n_vehicles":50,"d":1800,"route_I_counts":"{\"1\": 50}","source":20,"target":19,"layer":"L","from":"青岛小村庄(地铁站)","to":"青岛北岭(地铁站)"},"geometry":{"type":"LineString","coordinates":[[120.355841,36.105349],[120.35615,36.116267]]}},{"type":"Feature","properties":{"shape_id":"{}","direction_id":"{\"0\": 50}","headsign":"{}","duration_avg":120,"n_vehicles":50,"d":1200,"route_I_counts":"{\"1\": 50}","source":20,"target":21,"layer":"L","from":"青岛小村庄(地铁站)","to":"青岛海泊桥(海慈医疗)(地铁站)"},"geometry":{"type":"LineString","coordinates":[[120.355841,36.105349],[120.356252,36.0943]]}},{"type":"Feature","properties":{"shape_id":"{}","direction_id":"{\"1\": 50}","headsign":"{}","duration_avg":120,"n_vehicles":50,"d":1200,"route_I_counts":"{\"1\": 50}","source":21,"target":20,"layer":"L","from":"青岛海泊桥(海慈医疗)(地铁站)","to":"青岛小村庄(地铁站)"},"geometry":{"type":"LineString","coordinates":[[120.356252,36.0943],[120.355841,36.105349]]}},{"type":"Feature","properties":{"shape_id":"{}","direction_id":"{\"0\": 50}","headsign":"{}","duration_avg":120,"n_vehicles":50,"d":1200,"route_I_counts":"{\"1\": 50}","source":21,"target":22,"layer":"L","from":"青岛海泊桥(海慈医疗)(地铁站)","to":"青岛台东(地铁站)"},"geometry":{"type":"LineString","coordinates":[[120.356252,36.0943],[120.349011,36.081957]]}},{"type":"Feature","properties":{"shape_id":"{}","direction_id":"{\"1\": 50}","headsign":"{}","duration_avg":120,"n_vehicles":50,"d":1200,"route_I_counts":"{\"1\": 50}","source":22,"target":21,"layer":"L","from":"青岛台东(地铁站)","to":"青岛海泊桥(海慈医疗)(地铁站)"},"geometry":{"type":"LineString","coordinates":[[120.349011,36.081957],[120.356252,36.0943]]}},{"type":"Feature","properties":{"shape_id":"{}","direction_id":"{\"0\": 50}","headsign":"{}","duration_avg":120,"n_vehicles":50,"d":1200,"route_I_counts":"{\"1\": 50}","source":22,"target":23,"layer":"L","from":"青岛台东(地铁站)","to":"青岛广饶路(地铁站)"},"geometry":{"type":"LineString","coordinates":[[120.349011,36.081957],[120.337409,36.075257]]}},{"type":"Feature","properties":{"shape_id":"{}","direction_id":"{\"1\": 50}","headsign":"{}","duration_avg":120,"n_vehicles":50,"d":1200,"route_I_counts":"{\"1\": 50}","source":23,"target":22,"layer":"L","from":"青岛广饶路(地铁站)","to":"青岛台东(地铁站)"},"geometry":{"type":"LineString","coordinates":[[120.337409,36.075257],[120.349011,36.081957]]}},{"type":"Feature","properties":{"shape_id":"{}","direction_id":"{\"0\": 50}","headsign":"{}","duration_avg":120,"n_vehicles":50,"d":1200,"route_I_counts":"{\"1\": 50}","source":23,"target":24,"layer":"L","from":"青岛广饶路(地铁站)","to":"青岛观象山(市立医院)(地铁站)"},"geometry":{"type":"LineString","coordinates":[[120.337409,36.075257],[120.324734,36.072893]]}},{"type":"Feature","properties":{"shape_id":"{}","direction_id":"{\"1\": 50}","headsign":"{}","duration_avg":120,"n_vehicles":50,"d":1200,"route_I_counts":"{\"1\": 50}","source":24,"target":23,"layer":"L","from":"青岛观象山(市立医院)(地铁站)","to":"青岛广饶路(地铁站)"},"geometry":{"type":"LineString","coordinates":[[120.324734,36.072893],[120.337409,36.075257]]}},{"type":"Feature","properties":{"shape_id":"{}","direction_id":"{\"0\": 50}","headsign":"{}","duration_avg":120,"n_vehicles":50,"d":1200,"route_I_counts":"{\"1\": 50}","source":24,"target":25,"layer":"L","from":"青岛观象山(市立医院)(地铁站)","to":"青岛中山路(地铁站)"},"geometry":{"type":"LineString","coordinates":[[120.324734,36.072893],[120.316634,36.072003]]}},{"type":"Feature","properties":{"shape_id":"{}","direction_id":"{\"1\": 50}","headsign":"{}","duration_avg":120,"n_vehicles":50,"d":1200,"route_I_counts":"{\"1\": 50}","source":25,"target":24,"layer":"L","from":"青岛中山路(地铁站)","to":"青岛观象山(市立医院)(地铁站)"},"geometry":{"type":"LineString","coordinates":[[120.316634,36.072003],[120.324734,36.072893]]}},{"type":"Feature","properties":{"shape_id":"{}","direction_id":"{\"0\": 50}","headsign":"{}","duration_avg":180,"n_vehicles":50,"d":1800,"route_I_counts":"{\"1\": 50}","source":25,"target":26,"layer":"L","from":"青岛中山路(地铁站)","to":"青岛青岛站(地铁站)"},"geometry":{"type":"LineString","coordinates":[[120.316634,36.072003],[120.3095,36.064033]]}},{"type":"Feature","properties":{"shape_id":"{}","direction_id":"{\"1\": 50}","headsign":"{}","duration_avg":180,"n_vehicles":50,"d":1800,"route_I_counts":"{\"1\": 50}","source":26,"target":25,"layer":"L","from":"青岛青岛站(地铁站)","to":"青岛中山路(地铁站)"},"geometry":{"type":"LineString","coordinates":[[120.3095,36.064033],[120.316634,36.072003]]}},{"type":"Feature","properties":{"shape_id":"{}","direction_id":"{\"0\": 50}","headsign":"{}","duration_avg":120,"n_vehicles":50,"d":1200,"route_I_counts":"{\"1\": 50}","source":26,"target":27,"layer":"L","from":"青岛青岛站(地铁站)","to":"青岛西镇(地铁站)"},"geometry":{"type":"LineString","coordinates":[[120.3095,36.064033],[120.301297,36.061011]]}},{"type":"Feature","properties":{"shape_id":"{}","direction_id":"{\"1\": 50}","headsign":"{}","duration_avg":120,"n_vehicles":50,"d":1200,"route_I_counts":"{\"1\": 50}","source":27,"target":26,"layer":"L","from":"青岛西镇(地铁站)","to":"青岛青岛站(地铁站)"},"geometry":{"type":"LineString","coordinates":[[120.301297,36.061011],[120.3095,36.064033]]}},{"type":"Feature","properties":{"shape_id":"{}","direction_id":"{\"0\": 50}","headsign":"{}","duration_avg":120,"n_vehicles":50,"d":1200,"route_I_counts":"{\"1\": 50}","source":27,"target":28,"layer":"L","from":"青岛西镇(地铁站)","to":"青岛团岛(地铁站)"},"geometry":{"type":"LineString","coordinates":[[120.301297,36.061011],[120.294946,36.057067]]}},{"type":"Feature","properties":{"shape_id":"{}","direction_id":"{\"1\": 50}","headsign":"{}","duration_avg":120,"n_vehicles":50,"d":1200,"route_I_counts":"{\"1\": 50}","source":28,"target":27,"layer":"L","from":"青岛团岛(地铁站)","to":"青岛西镇(地铁站)"},"geometry":{"type":"LineString","coordinates":[[120.294946,36.057067],[120.301297,36.061011]]}},{"type":"Feature","properties":{"shape_id":"{}","direction_id":"{\"0\": 50}","headsign":"{}","duration_avg":300,"n_vehicles":50,"d":3000,"route_I_counts":"{\"1\": 50}","source":28,"target":29,"layer":"L","from":"青岛团岛(地铁站)","to":"青岛凤凰岛(地铁站)"},"geometry":{"type":"LineString","coordinates":[[120.294946,36.057067],[120.288319,35.999423]]}},{"type":"Feature","properties":{"shape_id":"{}","direction_id":"{\"1\": 50}","headsign":"{}","duration_avg":300,"n_vehicles":50,"d":3000,"route_I_counts":"{\"1\": 50}","source":29,"target":28,"layer":"L","from":"青岛凤凰岛(地铁站)","to":"青岛团岛(地铁站)"},"geometry":{"type":"LineString","coordinates":[[120.288319,35.999423],[120.294946,36.057067]]}},{"type":"Feature","properties":{"shape_id":"{}","direction_id":"{\"0\": 50}","headsign":"{}","duration_avg":120,"n_vehicles":50,"d":1200,"route_I_counts":"{\"1\": 50}","source":29,"target":30,"layer":"L","from":"青岛凤凰岛(地铁站)","to":"青岛山里(地铁站)"},"geometry":{"type":"LineString","coordinates":[[120.288319,35.999423],[120.282828,35.986165]]}},{"type":"Feature","properties":{"shape_id":"{}","direction_id":"{\"1\": 50}","headsign":"{}","duration_avg":120,"n_vehicles":50,"d":1200,"route_I_counts":"{\"1\": 50}","source":30,"target":29,"layer":"L","from":"青岛山里(地铁站)","to":"青岛凤凰岛(地铁站)"},"geometry":{"type":"LineString","coordinates":[[120.282828,35.986165],[120.288319,35.999423]]}},{"type":"Feature","properties":{"shape_id":"{}","direction_id":"{\"0\": 50}","headsign":"{}","duration_avg":180,"n_vehicles":50,"d":1800,"route_I_counts":"{\"1\": 50}","source":30,"target":31,"layer":"L","from":"青岛山里(地铁站)","to":"青岛南北屯(地铁站)"},"geometry":{"type":"LineString","coordinates":[[120.282828,35.986165],[120.258923,35.97755]]}},{"type":"Feature","properties":{"shape_id":"{}","direction_id":"{\"1\": 50}","headsign":"{}","duration_avg":180,"n_vehicles":50,"d":1800,"route_I_counts":"{\"1\": 50}","source":31,"target":30,"layer":"L","from":"青岛南北屯(地铁站)","to":"青岛山里(地铁站)"},"geometry":{"type":"LineString","coordinates":[[120.258923,35.97755],[120.282828,35.986165]]}},{"type":"Feature","properties":{"shape_id":"{}","direction_id":"{\"0\": 50}","headsign":"{}","duration_avg":180,"n_vehicles":50,"d":1800,"route_I_counts":"{\"1\": 50}","source":31,"target":32,"layer":"L","from":"青岛南北屯(地铁站)","to":"青岛新港山路(地铁站)"},"geometry":{"type":"LineString","coordinates":[[120.258923,35.97755],[120.239124,35.973]]}},{"type":"Feature","properties":{"shape_id":"{}","direction_id":"{\"1\": 50}","headsign":"{}","duration_avg":180,"n_vehicles":50,"d":1800,"route_I_counts":"{\"1\": 50}","source":32,"target":31,"layer":"L","from":"青岛新港山路(地铁站)","to":"青岛南北屯(地铁站)"},"geometry":{"type":"LineString","coordinates":[[120.239124,35.973],[120.258923,35.97755]]}},{"type":"Feature","properties":{"shape_id":"{}","direction_id":"{\"0\": 50}","headsign":"{}","duration_avg":120,"n_vehicles":50,"d":1200,"route_I_counts":"{\"1\": 50}","source":32,"target":33,"layer":"L","from":"青岛新港山路(地铁站)","to":"青岛安子(地铁站)"},"geometry":{"type":"LineString","coordinates":[[120.239124,35.973],[120.228583,35.97147]]}},{"type":"Feature","properties":{"shape_id":"{}","direction_id":"{\"1\": 50}","headsign":"{}","duration_avg":120,"n_vehicles":50,"d":1200,"route_I_counts":"{\"1\": 50}","source":33,"target":32,"layer":"L","from":"青岛安子(地铁站)","to":"青岛新港山路(地铁站)"},"geometry":{"type":"LineString","coordinates":[[120.228583,35.97147],[120.239124,35.973]]}},{"type":"Feature","properties":{"shape_id":"{}","direction_id":"{\"0\": 50}","headsign":"{}","duration_avg":120,"n_vehicles":50,"d":1200,"route_I_counts":"{\"1\": 50}","source":33,"target":34,"layer":"L","from":"青岛安子(地铁站)","to":"青岛天目山路(地铁站)"},"geometry":{"type":"LineString","coordinates":[[120.228583,35.97147],[120.223058,35.964883]]}},{"type":"Feature","properties":{"shape_id":"{}","direction_id":"{\"1\": 50}","headsign":"{}","duration_avg":120,"n_vehicles":50,"d":1200,"route_I_counts":"{\"1\": 50}","source":34,"target":33,"layer":"L","from":"青岛天目山路(地铁站)","to":"青岛安子(地铁站)"},"geometry":{"type":"LineString","coordinates":[[120.223058,35.964883],[120.228583,35.97147]]}},{"type":"Feature","properties":{"shape_id":"{}","direction_id":"{\"0\": 50}","headsign":"{}","duration_avg":120,"n_vehicles":50,"d":1200,"route_I_counts":"{\"1\": 50}","source":34,"target":35,"layer":"L","from":"青岛天目山路(地铁站)","to":"青岛薛家岛(地铁站)"},"geometry":{"type":"LineString","coordinates":[[120.223058,35.964883],[120.21409,35.961486]]}},{"type":"Feature","properties":{"shape_id":"{}","direction_id":"{\"1\": 50}","headsign":"{}","duration_avg":120,"n_vehicles":50,"d":1200,"route_I_counts":"{\"1\": 50}","source":35,"target":34,"layer":"L","from":"青岛薛家岛(地铁站)","to":"青岛天目山路(地铁站)"},"geometry":{"type":"LineString","coordinates":[[120.21409,35.961486],[120.223058,35.964883]]}},{"type":"Feature","properties":{"shape_id":"{}","direction_id":"{\"0\": 50}","headsign":"{}","duration_avg":180,"n_vehicles":50,"d":1800,"route_I_counts":"{\"1\": 50}","source":35,"target":36,"layer":"L","from":"青岛薛家岛(地铁站)","to":"青岛丁家河(地铁站)"},"geometry":{"type":"LineString","coordinates":[[120.21409,35.961486],[120.195708,35.958189]]}},{"type":"Feature","properties":{"shape_id":"{}","direction_id":"{\"1\": 50}","headsign":"{}","duration_avg":180,"n_vehicles":50,"d":1800,"route_I_counts":"{\"1\": 50}","source":36,"target":35,"layer":"L","from":"青岛丁家河(地铁站)","to":"青岛薛家岛(地铁站)"},"geometry":{"type":"LineString","coordinates":[[120.195708,35.958189],[120.21409,35.961486]]}},{"type":"Feature","properties":{"shape_id":"{}","direction_id":"{\"0\": 50}","headsign":"{}","duration_avg":120,"n_vehicles":50,"d":1200,"route_I_counts":"{\"1\": 50}","source":36,"target":37,"layer":"L","from":"青岛丁家河(地铁站)","to":"青岛井冈山路(地铁站)"},"geometry":{"type":"LineString","coordinates":[[120.195708,35.958189],[120.181996,35.953812]]}},{"type":"Feature","properties":{"shape_id":"{}","direction_id":"{\"1\": 50}","headsign":"{}","duration_avg":120,"n_vehicles":50,"d":1200,"route_I_counts":"{\"1\": 50}","source":37,"target":36,"layer":"L","from":"青岛井冈山路(地铁站)","to":"青岛丁家河(地铁站)"},"geometry":{"type":"LineString","coordinates":[[120.181996,35.953812],[120.195708,35.958189]]}},{"type":"Feature","properties":{"shape_id":"{}","direction_id":"{\"0\": 50}","headsign":"{}","duration_avg":120,"n_vehicles":50,"d":1200,"route_I_counts":"{\"1\": 50}","source":37,"target":38,"layer":"L","from":"青岛井冈山路(地铁站)","to":"青岛太行山路(地铁站)"},"geometry":{"type":"LineString","coordinates":[[120.181996,35.953812],[120.174474,35.94985]]}},{"type":"Feature","properties":{"shape_id":"{}","direction_id":"{\"1\": 50}","headsign":"{}","duration_avg":120,"n_vehicles":50,"d":1200,"route_I_counts":"{\"1\": 50}","source":38,"target":37,"layer":"L","from":"青岛太行山路(地铁站)","to":"青岛井冈山路(地铁站)"},"geometry":{"type":"LineString","coordinates":[[120.174474,35.94985],[120.181996,35.953812]]}},{"type":"Feature","properties":{"shape_id":"{}","direction_id":"{\"0\": 50}","headsign":"{}","duration_avg":120,"n_vehicles":50,"d":1200,"route_I_counts":"{\"1\": 50}","source":38,"target":39,"layer":"L","from":"青岛太行山路(地铁站)","to":"青岛石油大学(地铁站)"},"geometry":{"type":"LineString","coordinates":[[120.174474,35.94985],[120.166822,35.945299]]}},{"type":"Feature","properties":{"shape_id":"{}","direction_id":"{\"1\": 50}","headsign":"{}","duration_avg":120,"n_vehicles":50,"d":1200,"route_I_counts":"{\"1\": 50}","source":39,"target":38,"layer":"L","from":"青岛石油大学(地铁站)","to":"青岛太行山路(地铁站)"},"geometry":{"type":"LineString","coordinates":[[120.166822,35.945299],[120.174474,35.94985]]}},{"type":"Feature","properties":{"shape_id":"{}","direction_id":"{\"0\": 50}","headsign":"{}","duration_avg":60,"n_vehicles":50,"d":600,"route_I_counts":"{\"1\": 50}","source":39,"target":40,"layer":"L","from":"青岛石油大学(地铁站)","to":"青岛王家港(地铁站)"},"geometry":{"type":"LineString","coordinates":[[120.166822,35.945299],[120.15675,35.942204]]}},{"type":"Feature","properties":{"shape_id":"{}","direction_id":"{\"1\": 50}","headsign":"{}","duration_avg":60,"n_vehicles":50,"d":600,"route_I_counts":"{\"1\": 50}","source":40,"target":39,"layer":"L","from":"青岛王家港(地铁站)","to":"青岛石油大学(地铁站)"},"geometry":{"type":"LineString","coordinates":[[120.15675,35.942204],[120.166822,35.945299]]}},{"type":"Feature","properties":{"shape_id":"{}","direction_id":"{\"0\": 50}","headsign":"{}","duration_avg":120,"n_vehicles":50,"d":1200,"route_I_counts":"{\"2\": 50}","source":41,"target":42,"layer":"L","from":"青岛李村公园(地铁站)","to":"青岛李村(地铁站)"},"geometry":{"type":"LineString","coordinates":[[120.42084,36.167499],[120.420317,36.159178]]}},{"type":"Feature","properties":{"shape_id":"{}","direction_id":"{\"1\": 50}","headsign":"{}","duration_avg":120,"n_vehicles":50,"d":1200,"route_I_counts":"{\"2\": 50}","source":42,"target":41,"layer":"L","from":"青岛李村(地铁站)","to":"青岛李村公园(地铁站)"},"geometry":{"type":"LineString","coordinates":[[120.420317,36.159178],[120.42084,36.167499]]}},{"type":"Feature","properties":{"shape_id":"{}","direction_id":"{\"0\": 50}","headsign":"{}","duration_avg":180,"n_vehicles":50,"d":1800,"route_I_counts":"{\"2\": 50}","source":42,"target":43,"layer":"L","from":"青岛李村(地铁站)","to":"青岛枣山路(地铁站)"},"geometry":{"type":"LineString","coordinates":[[120.420317,36.159178],[120.428363,36.153578]]}},{"type":"Feature","properties":{"shape_id":"{}","direction_id":"{\"1\": 50}","headsign":"{}","duration_avg":180,"n_vehicles":50,"d":1800,"route_I_counts":"{\"2\": 50}","source":43,"target":42,"layer":"L","from":"青岛枣山路(地铁站)","to":"青岛李村(地铁站)"},"geometry":{"type":"LineString","coordinates":[[120.428363,36.153578],[120.420317,36.159178]]}},{"type":"Feature","properties":{"shape_id":"{}","direction_id":"{\"0\": 50}","headsign":"{}","duration_avg":120,"n_vehicles":50,"d":1200,"route_I_counts":"{\"2\": 50}","source":43,"target":44,"layer":"L","from":"青岛枣山路(地铁站)","to":"青岛华楼山路(地铁站)"},"geometry":{"type":"LineString","coordinates":[[120.428363,36.153578],[120.434435,36.149062]]}},{"type":"Feature","properties":{"shape_id":"{}","direction_id":"{\"1\": 50}","headsign":"{}","duration_avg":120,"n_vehicles":50,"d":1200,"route_I_counts":"{\"2\": 50}","source":44,"target":43,"layer":"L","from":"青岛华楼山路(地铁站)","to":"青岛枣山路(地铁站)"},"geometry":{"type":"LineString","coordinates":[[120.434435,36.149062],[120.428363,36.153578]]}},{"type":"Feature","properties":{"shape_id":"{}","direction_id":"{\"0\": 50}","headsign":"{}","duration_avg":120,"n_vehicles":50,"d":1200,"route_I_counts":"{\"2\": 50}","source":44,"target":45,"layer":"L","from":"青岛华楼山路(地铁站)","to":"青岛东韩(地铁站)"},"geometry":{"type":"LineString","coordinates":[[120.434435,36.149062],[120.437224,36.128154]]}},{"type":"Feature","properties":{"shape_id":"{}","direction_id":"{\"1\": 50}","headsign":"{}","duration_avg":120,"n_vehicles":50,"d":1200,"route_I_counts":"{\"2\": 50}","source":45,"target":44,"layer":"L","from":"青岛东韩(地铁站)","to":"青岛华楼山路(地铁站)"},"geometry":{"type":"LineString","coordinates":[[120.437224,36.128154],[120.434435,36.149062]]}},{"type":"Feature","properties":{"shape_id":"{}","direction_id":"{\"0\": 50}","headsign":"{}","duration_avg":120,"n_vehicles":50,"d":1200,"route_I_counts":"{\"2\": 50}","source":45,"target":46,"layer":"L","from":"青岛东韩(地铁站)","to":"青岛辽阳东路(地铁站)"},"geometry":{"type":"LineString","coordinates":[[120.437224,36.128154],[120.445203,36.117247]]}},{"type":"Feature","properties":{"shape_id":"{}","direction_id":"{\"1\": 50}","headsign":"{}","duration_avg":120,"n_vehicles":50,"d":1200,"route_I_counts":"{\"2\": 50}","source":46,"target":45,"layer":"L","from":"青岛辽阳东路(地铁站)","to":"青岛东韩(地铁站)"},"geometry":{"type":"LineString","coordinates":[[120.445203,36.117247],[120.437224,36.128154]]}},{"type":"Feature","properties":{"shape_id":"{}","direction_id":"{\"0\": 50}","headsign":"{}","duration_avg":120,"n_vehicles":50,"d":1200,"route_I_counts":"{\"2\": 50}","source":46,"target":47,"layer":"L","from":"青岛辽阳东路(地铁站)","to":"青岛同安路(地铁站)"},"geometry":{"type":"LineString","coordinates":[[120.445203,36.117247],[120.45033,36.111081]]}},{"type":"Feature","properties":{"shape_id":"{}","direction_id":"{\"1\": 50}","headsign":"{}","duration_avg":120,"n_vehicles":50,"d":1200,"route_I_counts":"{\"2\": 50}","source":47,"target":46,"layer":"L","from":"青岛同安路(地铁站)","to":"青岛辽阳东路(地铁站)"},"geometry":{"type":"LineString","coordinates":[[120.45033,36.111081],[120.445203,36.117247]]}},{"type":"Feature","properties":{"shape_id":"{}","direction_id":"{\"0\": 50}","headsign":"{}","duration_avg":120,"n_vehicles":50,"d":1200,"route_I_counts":"{\"2\": 50}","source":47,"target":48,"layer":"L","from":"青岛同安路(地铁站)","to":"青岛苗岭路(地铁站)"},"geometry":{"type":"LineString","coordinates":[[120.45033,36.111081],[120.460019,36.100329]]}},{"type":"Feature","properties":{"shape_id":"{}","direction_id":"{\"1\": 50}","headsign":"{}","duration_avg":120,"n_vehicles":50,"d":1200,"route_I_counts":"{\"2\": 50}","source":48,"target":47,"layer":"L","from":"青岛苗岭路(地铁站)","to":"青岛同安路(地铁站)"},"geometry":{"type":"LineString","coordinates":[[120.460019,36.100329],[120.45033,36.111081]]}},{"type":"Feature","properties":{"shape_id":"{}","direction_id":"{\"0\": 50}","headsign":"{}","duration_avg":120,"n_vehicles":50,"d":1200,"route_I_counts":"{\"2\": 50}","source":48,"target":49,"layer":"L","from":"青岛苗岭路(地铁站)","to":"青岛石老人浴场(地铁站)"},"geometry":{"type":"LineString","coordinates":[[120.460019,36.100329],[120.459578,36.09289]]}},{"type":"Feature","properties":{"shape_id":"{}","direction_id":"{\"1\": 50}","headsign":"{}","duration_avg":120,"n_vehicles":50,"d":1200,"route_I_counts":"{\"2\": 50}","source":49,"target":48,"layer":"L","from":"青岛石老人浴场(地铁站)","to":"青岛苗岭路(地铁站)"},"geometry":{"type":"LineString","coordinates":[[120.459578,36.09289],[120.460019,36.100329]]}},{"type":"Feature","properties":{"shape_id":"{}","direction_id":"{\"0\": 50}","headsign":"{}","duration_avg":180,"n_vehicles":50,"d":1800,"route_I_counts":"{\"2\": 50}","source":49,"target":50,"layer":"L","from":"青岛石老人浴场(地铁站)","to":"青岛海安路(地铁站)"},"geometry":{"type":"LineString","coordinates":[[120.459578,36.09289],[120.445815,36.085446]]}},{"type":"Feature","properties":{"shape_id":"{}","direction_id":"{\"1\": 50}","headsign":"{}","duration_avg":180,"n_vehicles":50,"d":1800,"route_I_counts":"{\"2\": 50}","source":50,"target":49,"layer":"L","from":"青岛海安路(地铁站)","to":"青岛石老人浴场(地铁站)"},"geometry":{"type":"LineString","coordinates":[[120.445815,36.085446],[120.459578,36.09289]]}},{"type":"Feature","properties":{"shape_id":"{}","direction_id":"{\"0\": 50}","headsign":"{}","duration_avg":120,"n_vehicles":50,"d":1200,"route_I_counts":"{\"2\": 50}","source":50,"target":51,"layer":"L","from":"青岛海安路(地铁站)","to":"青岛海川路(地铁站)"},"geometry":{"type":"LineString","coordinates":[[120.445815,36.085446],[120.438341,36.076195]]}},{"type":"Feature","properties":{"shape_id":"{}","direction_id":"{\"1\": 50}","headsign":"{}","duration_avg":120,"n_vehicles":50,"d":1200,"route_I_counts":"{\"2\": 50}","source":51,"target":50,"layer":"L","from":"青岛海川路(地铁站)","to":"青岛海安路(地铁站)"},"geometry":{"type":"LineString","coordinates":[[120.438341,36.076195],[120.445815,36.085446]]}},{"type":"Feature","properties":{"shape_id":"{}","direction_id":"{\"0\": 50}","headsign":"{}","duration_avg":120,"n_vehicles":50,"d":1200,"route_I_counts":"{\"2\": 50}","source":51,"target":52,"layer":"L","from":"青岛海川路(地铁站)","to":"青岛海游路(地铁站)"},"geometry":{"type":"LineString","coordinates":[[120.438341,36.076195],[120.429552,36.071461]]}},{"type":"Feature","properties":{"shape_id":"{}","direction_id":"{\"1\": 50}","headsign":"{}","duration_avg":120,"n_vehicles":50,"d":1200,"route_I_counts":"{\"2\": 50}","source":52,"target":51,"layer":"L","from":"青岛海游路(地铁站)","to":"青岛海川路(地铁站)"},"geometry":{"type":"LineString","coordinates":[[120.429552,36.071461],[120.438341,36.076195]]}},{"type":"Feature","properties":{"shape_id":"{}","direction_id":"{\"0\": 50}","headsign":"{}","duration_avg":120,"n_vehicles":50,"d":1200,"route_I_counts":"{\"2\": 50}","source":52,"target":53,"layer":"L","from":"青岛海游路(地铁站)","to":"青岛麦岛(地铁站)"},"geometry":{"type":"LineString","coordinates":[[120.429552,36.071461],[120.418611,36.06607]]}},{"type":"Feature","properties":{"shape_id":"{}","direction_id":"{\"1\": 50}","headsign":"{}","duration_avg":120,"n_vehicles":50,"d":1200,"route_I_counts":"{\"2\": 50}","source":53,"target":52,"layer":"L","from":"青岛麦岛(地铁站)","to":"青岛海游路(地铁站)"},"geometry":{"type":"LineString","coordinates":[[120.418611,36.06607],[120.429552,36.071461]]}},{"type":"Feature","properties":{"shape_id":"{}","direction_id":"{\"0\": 50}","headsign":"{}","duration_avg":120,"n_vehicles":50,"d":1200,"route_I_counts":"{\"2\": 50}","source":53,"target":54,"layer":"L","from":"青岛麦岛(地铁站)","to":"青岛高雄路(地铁站)"},"geometry":{"type":"LineString","coordinates":[[120.418611,36.06607],[120.405581,36.065851]]}},{"type":"Feature","properties":{"shape_id":"{}","direction_id":"{\"1\": 50}","headsign":"{}","duration_avg":120,"n_vehicles":50,"d":1200,"route_I_counts":"{\"2\": 50}","source":54,"target":53,"layer":"L","from":"青岛高雄路(地铁站)","to":"青岛麦岛(地铁站)"},"geometry":{"type":"LineString","coordinates":[[120.405581,36.065851],[120.418611,36.06607]]}},{"type":"Feature","properties":{"shape_id":"{}","direction_id":"{\"0\": 50}","headsign":"{}","duration_avg":120,"n_vehicles":50,"d":1200,"route_I_counts":"{\"2\": 50}","source":54,"target":55,"layer":"L","from":"青岛高雄路(地铁站)","to":"青岛燕儿岛路(地铁站)"},"geometry":{"type":"LineString","coordinates":[[120.405581,36.065851],[120.396889,36.064733]]}},{"type":"Feature","properties":{"shape_id":"{}","direction_id":"{\"1\": 50}","headsign":"{}","duration_avg":120,"n_vehicles":50,"d":1200,"route_I_counts":"{\"2\": 50}","source":55,"target":54,"layer":"L","from":"青岛燕儿岛路(地铁站)","to":"青岛高雄路(地铁站)"},"geometry":{"type":"LineString","coordinates":[[120.396889,36.064733],[120.405581,36.065851]]}},{"type":"Feature","properties":{"shape_id":"{}","direction_id":"{\"0\": 50}","headsign":"{}","duration_avg":120,"n_vehicles":50,"d":1200,"route_I_counts":"{\"2\": 50}","source":55,"target":56,"layer":"L","from":"青岛燕儿岛路(地铁站)","to":"青岛浮山所(地铁站)"},"geometry":{"type":"LineString","coordinates":[[120.396889,36.064733],[120.385531,36.065453]]}},{"type":"Feature","properties":{"shape_id":"{}","direction_id":"{\"1\": 50}","headsign":"{}","duration_avg":120,"n_vehicles":50,"d":1200,"route_I_counts":"{\"2\": 50}","source":56,"target":55,"layer":"L","from":"青岛浮山所(地铁站)","to":"青岛燕儿岛路(地铁站)"},"geometry":{"type":"LineString","coordinates":[[120.385531,36.065453],[120.396889,36.064733]]}},{"type":"Feature","properties":{"shape_id":"{}","direction_id":"{\"0\": 50}","headsign":"{}","duration_avg":120,"n_vehicles":50,"d":1200,"route_I_counts":"{\"2\": 50}","source":56,"target":57,"layer":"L","from":"青岛浮山所(地铁站)","to":"青岛五四广场(地铁站)"},"geometry":{"type":"LineString","coordinates":[[120.385531,36.065453],[120.375212,36.064477]]}},{"type":"Feature","properties":{"shape_id":"{}","direction_id":"{\"1\": 50}","headsign":"{}","duration_avg":120,"n_vehicles":50,"d":1200,"route_I_counts":"{\"2\": 50}","source":57,"target":56,"layer":"L","from":"青岛五四广场(地铁站)","to":"青岛浮山所(地铁站)"},"geometry":{"type":"LineString","coordinates":[[120.375212,36.064477],[120.385531,36.065453]]}},{"type":"Feature","properties":{"shape_id":"{}","direction_id":"{\"0\": 50}","headsign":"{}","duration_avg":180,"n_vehicles":50,"d":1800,"route_I_counts":"{\"2\": 50}","source":57,"target":58,"layer":"L","from":"青岛五四广场(地铁站)","to":"青岛芝泉路(地铁站)"},"geometry":{"type":"LineString","coordinates":[[120.375212,36.064477],[120.363501,36.06918]]}},{"type":"Feature","properties":{"shape_id":"{}","direction_id":"{\"1\": 50}","headsign":"{}","duration_avg":180,"n_vehicles":50,"d":1800,"route_I_counts":"{\"2\": 50}","source":58,"target":57,"layer":"L","from":"青岛芝泉路(地铁站)","to":"青岛五四广场(地铁站)"},"geometry":{"type":"LineString","coordinates":[[120.363501,36.06918],[120.375212,36.064477]]}},{"type":"Feature","properties":{"shape_id":"{}","direction_id":"{\"0\": 50}","headsign":"{}","duration_avg":120,"n_vehicles":50,"d":1200,"route_I_counts":"{\"2\": 50}","source":58,"target":59,"layer":"L","from":"青岛芝泉路(地铁站)","to":"青岛海信桥(地铁站)"},"geometry":{"type":"LineString","coordinates":[[120.363501,36.06918],[120.357962,36.075557]]}},{"type":"Feature","properties":{"shape_id":"{}","direction_id":"{\"1\": 50}","headsign":"{}","duration_avg":120,"n_vehicles":50,"d":1200,"route_I_counts":"{\"2\": 50}","source":59,"target":58,"layer":"L","from":"青岛海信桥(地铁站)","to":"青岛芝泉路(地铁站)"},"geometry":{"type":"LineString","coordinates":[[120.357962,36.075557],[120.363501,36.06918]]}},{"type":"Feature","properties":{"shape_id":"{}","direction_id":"{\"0\": 50}","headsign":"{}","duration_avg":180,"n_vehicles":50,"d":1800,"route_I_counts":"{\"2\": 50}","source":59,"target":22,"layer":"L","from":"青岛海信桥(地铁站)","to":"青岛台东(地铁站)"},"geometry":{"type":"LineString","coordinates":[[120.357962,36.075557],[120.349011,36.081957]]}},{"type":"Feature","properties":{"shape_id":"{}","direction_id":"{\"1\": 50}","headsign":"{}","duration_avg":180,"n_vehicles":50,"d":1800,"route_I_counts":"{\"2\": 50}","source":22,"target":59,"layer":"L","from":"青岛台东(地铁站)","to":"青岛海信桥(地铁站)"},"geometry":{"type":"LineString","coordinates":[[120.349011,36.081957],[120.357962,36.075557]]}},{"type":"Feature","properties":{"shape_id":"{}","direction_id":"{\"0\": 50}","headsign":"{}","duration_avg":120,"n_vehicles":50,"d":1200,"route_I_counts":"{\"2\": 50}","source":22,"target":60,"layer":"L","from":"青岛台东(地铁站)","to":"青岛利津路(地铁站)"},"geometry":{"type":"LineString","coordinates":[[120.349011,36.081957],[120.34135,36.082013]]}},{"type":"Feature","properties":{"shape_id":"{}","direction_id":"{\"1\": 50}","headsign":"{}","duration_avg":120,"n_vehicles":50,"d":1200,"route_I_counts":"{\"2\": 50}","source":60,"target":22,"layer":"L","from":"青岛利津路(地铁站)","to":"青岛台东(地铁站)"},"geometry":{"type":"LineString","coordinates":[[120.34135,36.082013],[120.349011,36.081957]]}},{"type":"Feature","properties":{"shape_id":"{}","direction_id":"{\"0\": 50}","headsign":"{}","duration_avg":120,"n_vehicles":50,"d":1200,"route_I_counts":"{\"2\": 50}","source":60,"target":61,"layer":"L","from":"青岛利津路(地铁站)","to":"青岛泰山路(地铁站)"},"geometry":{"type":"LineString","coordinates":[[120.34135,36.082013],[120.327933,36.084205]]}},{"type":"Feature","properties":{"shape_id":"{}","direction_id":"{\"1\": 50}","headsign":"{}","duration_avg":120,"n_vehicles":50,"d":1200,"route_I_counts":"{\"2\": 50}","source":61,"target":60,"layer":"L","from":"青岛泰山路(地铁站)","to":"青岛利津路(地铁站)"},"geometry":{"type":"LineString","coordinates":[[120.327933,36.084205],[120.34135,36.082013]]}},{"type":"Feature","properties":{"shape_id":"{}","direction_id":"{\"0\": 50}","headsign":"{}","duration_avg":120,"n_vehicles":50,"d":1200,"route_I_counts":"{\"2\": 50}","source":61,"target":62,"layer":"L","from":"青岛泰山路(地铁站)","to":"青岛国际邮轮港(地铁站)"},"geometry":{"type":"LineString","coordinates":[[120.327933,36.084205],[120.317763,36.084565]]}},{"type":"Feature","properties":{"shape_id":"{}","direction_id":"{\"1\": 50}","headsign":"{}","duration_avg":120,"n_vehicles":50,"d":1200,"route_I_counts":"{\"2\": 50}","source":62,"target":61,"layer":"L","from":"青岛国际邮轮港(地铁站)","to":"青岛泰山路(地铁站)"},"geometry":{"type":"LineString","coordinates":[[120.317763,36.084565],[120.327933,36.084205]]}},{"type":"Feature","properties":{"shape_id":"{}","direction_id":"{\"0\": 50}","headsign":"{}","duration_avg":120,"n_vehicles":50,"d":1200,"route_I_counts":"{\"2\": 50}","source":62,"target":63,"layer":"L","from":"青岛国际邮轮港(地铁站)","to":"青岛小港(地铁站)"},"geometry":{"type":"LineString","coordinates":[[120.317763,36.084565],[120.313825,36.077672]]}},{"type":"Feature","properties":{"shape_id":"{}","direction_id":"{\"1\": 50}","headsign":"{}","duration_avg":120,"n_vehicles":50,"d":1200,"route_I_counts":"{\"2\": 50}","source":63,"target":62,"layer":"L","from":"青岛小港(地铁站)","to":"青岛国际邮轮港(地铁站)"},"geometry":{"type":"LineString","coordinates":[[120.313825,36.077672],[120.317763,36.084565]]}},{"type":"Feature","properties":{"shape_id":"{}","direction_id":"{\"0\": 50}","headsign":"{}","duration_avg":120,"n_vehicles":50,"d":1200,"route_I_counts":"{\"2\": 50}","source":63,"target":64,"layer":"L","from":"青岛小港(地铁站)","to":"青岛四川路(轮渡)(地铁站)"},"geometry":{"type":"LineString","coordinates":[[120.313825,36.077672],[120.298638,36.067258]]}},{"type":"Feature","properties":{"shape_id":"{}","direction_id":"{\"1\": 50}","headsign":"{}","duration_avg":120,"n_vehicles":50,"d":1200,"route_I_counts":"{\"2\": 50}","source":64,"target":63,"layer":"L","from":"青岛四川路(轮渡)(地铁站)","to":"青岛小港(地铁站)"},"geometry":{"type":"LineString","coordinates":[[120.298638,36.067258],[120.313825,36.077672]]}},{"type":"Feature","properties":{"shape_id":"{}","direction_id":"{\"0\": 50}","headsign":"{}","duration_avg":120,"n_vehicles":50,"d":1200,"route_I_counts":"{\"3\": 50}","source":14,"target":65,"layer":"L","from":"青岛青岛北站(地铁站)","to":"青岛永平路(地铁站)"},"geometry":{"type":"LineString","coordinates":[[120.372226,36.169503],[120.387962,36.171894]]}},{"type":"Feature","properties":{"shape_id":"{}","direction_id":"{\"1\": 50}","headsign":"{}","duration_avg":120,"n_vehicles":50,"d":1200,"route_I_counts":"{\"3\": 50}","source":65,"target":14,"layer":"L","from":"青岛永平路(地铁站)","to":"青岛青岛北站(地铁站)"},"geometry":{"type":"LineString","coordinates":[[120.387962,36.171894],[120.372226,36.169503]]}},{"type":"Feature","properties":{"shape_id":"{}","direction_id":"{\"0\": 50}","headsign":"{}","duration_avg":120,"n_vehicles":50,"d":1200,"route_I_counts":"{\"3\": 50}","source":65,"target":66,"layer":"L","from":"青岛永平路(地铁站)","to":"青岛振华路(地铁站)"},"geometry":{"type":"LineString","coordinates":[[120.387962,36.171894],[120.400781,36.168896]]}},{"type":"Feature","properties":{"shape_id":"{}","direction_id":"{\"1\": 50}","headsign":"{}","duration_avg":120,"n_vehicles":50,"d":1200,"route_I_counts":"{\"3\": 50}","source":66,"target":65,"layer":"L","from":"青岛振华路(地铁站)","to":"青岛永平路(地铁站)"},"geometry":{"type":"LineString","coordinates":[[120.400781,36.168896],[120.387962,36.171894]]}},{"type":"Feature","properties":{"shape_id":"{}","direction_id":"{\"0\": 50}","headsign":"{}","duration_avg":120,"n_vehicles":50,"d":1200,"route_I_counts":"{\"3\": 50}","source":66,"target":67,"layer":"L","from":"青岛振华路(地铁站)","to":"青岛君峰路(地铁站)"},"geometry":{"type":"LineString","coordinates":[[120.400781,36.168896],[120.40965,36.164288]]}},{"type":"Feature","properties":{"shape_id":"{}","direction_id":"{\"1\": 50}","headsign":"{}","duration_avg":120,"n_vehicles":50,"d":1200,"route_I_counts":"{\"3\": 50}","source":67,"target":66,"layer":"L","from":"青岛君峰路(地铁站)","to":"青岛振华路(地铁站)"},"geometry":{"type":"LineString","coordinates":[[120.40965,36.164288],[120.400781,36.168896]]}},{"type":"Feature","properties":{"shape_id":"{}","direction_id":"{\"0\": 50}","headsign":"{}","duration_avg":120,"n_vehicles":50,"d":1200,"route_I_counts":"{\"3\": 50}","source":67,"target":42,"layer":"L","from":"青岛君峰路(地铁站)","to":"青岛李村(地铁站)"},"geometry":{"type":"LineString","coordinates":[[120.40965,36.164288],[120.420317,36.159178]]}},{"type":"Feature","properties":{"shape_id":"{}","direction_id":"{\"1\": 50}","headsign":"{}","duration_avg":120,"n_vehicles":50,"d":1200,"route_I_counts":"{\"3\": 50}","source":42,"target":67,"layer":"L","from":"青岛李村(地铁站)","to":"青岛君峰路(地铁站)"},"geometry":{"type":"LineString","coordinates":[[120.420317,36.159178],[120.40965,36.164288]]}},{"type":"Feature","properties":{"shape_id":"{}","direction_id":"{\"0\": 50}","headsign":"{}","duration_avg":180,"n_vehicles":50,"d":1800,"route_I_counts":"{\"3\": 50}","source":42,"target":68,"layer":"L","from":"青岛李村(地铁站)","to":"青岛万年泉路(地铁站)"},"geometry":{"type":"LineString","coordinates":[[120.420317,36.159178],[120.422528,36.148039]]}},{"type":"Feature","properties":{"shape_id":"{}","direction_id":"{\"1\": 50}","headsign":"{}","duration_avg":180,"n_vehicles":50,"d":1800,"route_I_counts":"{\"3\": 50}","source":68,"target":42,"layer":"L","from":"青岛万年泉路(地铁站)","to":"青岛李村(地铁站)"},"geometry":{"type":"LineString","coordinates":[[120.422528,36.148039],[120.420317,36.159178]]}},{"type":"Feature","properties":{"shape_id":"{}","direction_id":"{\"0\": 50}","headsign":"{}","duration_avg":120,"n_vehicles":50,"d":1200,"route_I_counts":"{\"3\": 50}","source":68,"target":69,"layer":"L","from":"青岛万年泉路(地铁站)","to":"青岛海尔路(地铁站)"},"geometry":{"type":"LineString","coordinates":[[120.422528,36.148039],[120.418093,36.13682]]}},{"type":"Feature","properties":{"shape_id":"{}","direction_id":"{\"1\": 50}","headsign":"{}","duration_avg":120,"n_vehicles":50,"d":1200,"route_I_counts":"{\"3\": 50}","source":69,"target":68,"layer":"L","from":"青岛海尔路(地铁站)","to":"青岛万年泉路(地铁站)"},"geometry":{"type":"LineString","coordinates":[[120.418093,36.13682],[120.422528,36.148039]]}},{"type":"Feature","properties":{"shape_id":"{}","direction_id":"{\"0\": 50}","headsign":"{}","duration_avg":120,"n_vehicles":50,"d":1200,"route_I_counts":"{\"3\": 50}","source":69,"target":70,"layer":"L","from":"青岛海尔路(地铁站)","to":"青岛地铁大厦(地铁站)"},"geometry":{"type":"LineString","coordinates":[[120.418093,36.13682],[120.409232,36.130597]]}},{"type":"Feature","properties":{"shape_id":"{}","direction_id":"{\"1\": 50}","headsign":"{}","duration_avg":120,"n_vehicles":50,"d":1200,"route_I_counts":"{\"3\": 50}","source":70,"target":69,"layer":"L","from":"青岛地铁大厦(地铁站)","to":"青岛海尔路(地铁站)"},"geometry":{"type":"LineString","coordinates":[[120.409232,36.130597],[120.418093,36.13682]]}},{"type":"Feature","properties":{"shape_id":"{}","direction_id":"{\"0\": 50}","headsign":"{}","duration_avg":180,"n_vehicles":50,"d":1800,"route_I_counts":"{\"3\": 50}","source":70,"target":71,"layer":"L","from":"青岛地铁大厦(地铁站)","to":"青岛长沙路(地铁站)"},"geometry":{"type":"LineString","coordinates":[[120.409232,36.130597],[120.397631,36.120267]]}},{"type":"Feature","properties":{"shape_id":"{}","direction_id":"{\"1\": 50}","headsign":"{}","duration_avg":180,"n_vehicles":50,"d":1800,"route_I_counts":"{\"3\": 50}","source":71,"target":70,"layer":"L","from":"青岛长沙路(地铁站)","to":"青岛地铁大厦(地铁站)"},"geometry":{"type":"LineString","coordinates":[[120.397631,36.120267],[120.409232,36.130597]]}},{"type":"Feature","properties":{"shape_id":"{}","direction_id":"{\"0\": 50}","headsign":"{}","duration_avg":120,"n_vehicles":50,"d":1200,"route_I_counts":"{\"3\": 50}","source":71,"target":72,"layer":"L","from":"青岛长沙路(地铁站)","to":"青岛双山(地铁站)"},"geometry":{"type":"LineString","coordinates":[[120.397631,36.120267],[120.392085,36.114091]]}},{"type":"Feature","properties":{"shape_id":"{}","direction_id":"{\"1\": 50}","headsign":"{}","duration_avg":120,"n_vehicles":50,"d":1200,"route_I_counts":"{\"3\": 50}","source":72,"target":71,"layer":"L","from":"青岛双山(地铁站)","to":"青岛长沙路(地铁站)"},"geometry":{"type":"LineString","coordinates":[[120.392085,36.114091],[120.397631,36.120267]]}},{"type":"Feature","properties":{"shape_id":"{}","direction_id":"{\"0\": 50}","headsign":"{}","duration_avg":120,"n_vehicles":50,"d":1200,"route_I_counts":"{\"3\": 50}","source":72,"target":73,"layer":"L","from":"青岛双山(地铁站)","to":"青岛清江路(地铁站)"},"geometry":{"type":"LineString","coordinates":[[120.392085,36.114091],[120.3822,36.10652]]}},{"type":"Feature","properties":{"shape_id":"{}","direction_id":"{\"1\": 50}","headsign":"{}","duration_avg":120,"n_vehicles":50,"d":1200,"route_I_counts":"{\"3\": 50}","source":73,"target":72,"layer":"L","from":"青岛清江路(地铁站)","to":"青岛双山(地铁站)"},"geometry":{"type":"LineString","coordinates":[[120.3822,36.10652],[120.392085,36.114091]]}},{"type":"Feature","properties":{"shape_id":"{}","direction_id":"{\"0\": 50}","headsign":"{}","duration_avg":180,"n_vehicles":50,"d":1800,"route_I_counts":"{\"3\": 50}","source":73,"target":74,"layer":"L","from":"青岛清江路(地铁站)","to":"青岛错埠岭(地铁站)"},"geometry":{"type":"LineString","coordinates":[[120.3822,36.10652],[120.380245,36.09532]]}},{"type":"Feature","properties":{"shape_id":"{}","direction_id":"{\"1\": 50}","headsign":"{}","duration_avg":180,"n_vehicles":50,"d":1800,"route_I_counts":"{\"3\": 50}","source":74,"target":73,"layer":"L","from":"青岛错埠岭(地铁站)","to":"青岛清江路(地铁站)"},"geometry":{"type":"LineString","coordinates":[[120.380245,36.09532],[120.3822,36.10652]]}},{"type":"Feature","properties":{"shape_id":"{}","direction_id":"{\"0\": 50}","headsign":"{}","duration_avg":120,"n_vehicles":50,"d":1200,"route_I_counts":"{\"3\": 50}","source":74,"target":75,"layer":"L","from":"青岛错埠岭(地铁站)","to":"青岛敦化路(地铁站)"},"geometry":{"type":"LineString","coordinates":[[120.380245,36.09532],[120.380212,36.088636]]}},{"type":"Feature","properties":{"shape_id":"{}","direction_id":"{\"1\": 50}","headsign":"{}","duration_avg":120,"n_vehicles":50,"d":1200,"route_I_counts":"{\"3\": 50}","source":75,"target":74,"layer":"L","from":"青岛敦化路(地铁站)","to":"青岛错埠岭(地铁站)"},"geometry":{"type":"LineString","coordinates":[[120.380212,36.088636],[120.380245,36.09532]]}},{"type":"Feature","properties":{"shape_id":"{}","direction_id":"{\"0\": 50}","headsign":"{}","duration_avg":60,"n_vehicles":50,"d":600,"route_I_counts":"{\"3\": 50}","source":75,"target":76,"layer":"L","from":"青岛敦化路(地铁站)","to":"青岛宁夏路(地铁站)"},"geometry":{"type":"LineString","coordinates":[[120.380212,36.088636],[120.380555,36.08146]]}},{"type":"Feature","properties":{"shape_id":"{}","direction_id":"{\"1\": 50}","headsign":"{}","duration_avg":60,"n_vehicles":50,"d":600,"route_I_counts":"{\"3\": 50}","source":76,"target":75,"layer":"L","from":"青岛宁夏路(地铁站)","to":"青岛敦化路(地铁站)"},"geometry":{"type":"LineString","coordinates":[[120.380555,36.08146],[120.380212,36.088636]]}},{"type":"Feature","properties":{"shape_id":"{}","direction_id":"{\"0\": 50}","headsign":"{}","duration_avg":180,"n_vehicles":50,"d":1800,"route_I_counts":"{\"3\": 50}","source":76,"target":77,"layer":"L","from":"青岛宁夏路(地铁站)","to":"青岛江西路(地铁站)"},"geometry":{"type":"LineString","coordinates":[[120.380555,36.08146],[120.383135,36.073353]]}},{"type":"Feature","properties":{"shape_id":"{}","direction_id":"{\"1\": 50}","headsign":"{}","duration_avg":180,"n_vehicles":50,"d":1800,"route_I_counts":"{\"3\": 50}","source":77,"target":76,"layer":"L","from":"青岛江西路(地铁站)","to":"青岛宁夏路(地铁站)"},"geometry":{"type":"LineString","coordinates":[[120.383135,36.073353],[120.380555,36.08146]]}},{"type":"Feature","properties":{"shape_id":"{}","direction_id":"{\"0\": 50}","headsign":"{}","duration_avg":120,"n_vehicles":50,"d":1200,"route_I_counts":"{\"3\": 50}","source":77,"target":57,"layer":"L","from":"青岛江西路(地铁站)","to":"青岛五四广场(地铁站)"},"geometry":{"type":"LineString","coordinates":[[120.383135,36.073353],[120.375212,36.064477]]}},{"type":"Feature","properties":{"shape_id":"{}","direction_id":"{\"1\": 50}","headsign":"{}","duration_avg":120,"n_vehicles":50,"d":1200,"route_I_counts":"{\"3\": 50}","source":57,"target":77,"layer":"L","from":"青岛五四广场(地铁站)","to":"青岛江西路(地铁站)"},"geometry":{"type":"LineString","coordinates":[[120.375212,36.064477],[120.383135,36.073353]]}},{"type":"Feature","properties":{"shape_id":"{}","direction_id":"{\"0\": 50}","headsign":"{}","duration_avg":120,"n_vehicles":50,"d":1200,"route_I_counts":"{\"3\": 50}","source":57,"target":78,"layer":"L","from":"青岛五四广场(地铁站)","to":"青岛延安三路(地铁站)"},"geometry":{"type":"LineString","coordinates":[[120.375212,36.064477],[120.368641,36.060473]]}},{"type":"Feature","properties":{"shape_id":"{}","direction_id":"{\"1\": 50}","headsign":"{}","duration_avg":120,"n_vehicles":50,"d":1200,"route_I_counts":"{\"3\": 50}","source":78,"target":57,"layer":"L","from":"青岛延安三路(地铁站)","to":"青岛五四广场(地铁站)"},"geometry":{"type":"LineString","coordinates":[[120.368641,36.060473],[120.375212,36.064477]]}},{"type":"Feature","properties":{"shape_id":"{}","direction_id":"{\"0\": 50}","headsign":"{}","duration_avg":180,"n_vehicles":50,"d":1800,"route_I_counts":"{\"3\": 50}","source":78,"target":79,"layer":"L","from":"青岛延安三路(地铁站)","to":"青岛太平角公园(地铁站)"},"geometry":{"type":"LineString","coordinates":[[120.368641,36.060473],[120.354837,36.053602]]}},{"type":"Feature","properties":{"shape_id":"{}","direction_id":"{\"1\": 50}","headsign":"{}","duration_avg":180,"n_vehicles":50,"d":1800,"route_I_counts":"{\"3\": 50}","source":79,"target":78,"layer":"L","from":"青岛太平角公园(地铁站)","to":"青岛延安三路(地铁站)"},"geometry":{"type":"LineString","coordinates":[[120.354837,36.053602],[120.368641,36.060473]]}},{"type":"Feature","properties":{"shape_id":"{}","direction_id":"{\"0\": 50}","headsign":"{}","duration_avg":120,"n_vehicles":50,"d":1200,"route_I_counts":"{\"3\": 50}","source":79,"target":80,"layer":"L","from":"青岛太平角公园(地铁站)","to":"青岛中山公园(地铁站)"},"geometry":{"type":"LineString","coordinates":[[120.354837,36.053602],[120.346628,36.058192]]}},{"type":"Feature","properties":{"shape_id":"{}","direction_id":"{\"1\": 50}","headsign":"{}","duration_avg":120,"n_vehicles":50,"d":1200,"route_I_counts":"{\"3\": 50}","source":80,"target":79,"layer":"L","from":"青岛中山公园(地铁站)","to":"青岛太平角公园(地铁站)"},"geometry":{"type":"LineString","coordinates":[[120.346628,36.058192],[120.354837,36.053602]]}},{"type":"Feature","properties":{"shape_id":"{}","direction_id":"{\"0\": 50}","headsign":"{}","duration_avg":120,"n_vehicles":50,"d":1200,"route_I_counts":"{\"3\": 50}","source":80,"target":81,"layer":"L","from":"青岛中山公园(地铁站)","to":"青岛汇泉广场(地铁站)"},"geometry":{"type":"LineString","coordinates":[[120.346628,36.058192],[120.338211,36.059458]]}},{"type":"Feature","properties":{"shape_id":"{}","direction_id":"{\"1\": 50}","headsign":"{}","duration_avg":120,"n_vehicles":50,"d":1200,"route_I_counts":"{\"3\": 50}","source":81,"target":80,"layer":"L","from":"青岛汇泉广场(地铁站)","to":"青岛中山公园(地铁站)"},"geometry":{"type":"LineString","coordinates":[[120.338211,36.059458],[120.346628,36.058192]]}},{"type":"Feature","properties":{"shape_id":"{}","direction_id":"{\"0\": 50}","headsign":"{}","duration_avg":120,"n_vehicles":50,"d":1200,"route_I_counts":"{\"3\": 50}","source":81,"target":82,"layer":"L","from":"青岛汇泉广场(地铁站)","to":"青岛人民会堂(地铁站)"},"geometry":{"type":"LineString","coordinates":[[120.338211,36.059458],[120.324806,36.060137]]}},{"type":"Feature","properties":{"shape_id":"{}","direction_id":"{\"1\": 50}","headsign":"{}","duration_avg":120,"n_vehicles":50,"d":1200,"route_I_counts":"{\"3\": 50}","source":82,"target":81,"layer":"L","from":"青岛人民会堂(地铁站)","to":"青岛汇泉广场(地铁站)"},"geometry":{"type":"LineString","coordinates":[[120.324806,36.060137],[120.338211,36.059458]]}},{"type":"Feature","properties":{"shape_id":"{}","direction_id":"{\"0\": 50}","headsign":"{}","duration_avg":120,"n_vehicles":50,"d":1200,"route_I_counts":"{\"3\": 50}","source":82,"target":26,"layer":"L","from":"青岛人民会堂(地铁站)","to":"青岛青岛站(地铁站)"},"geometry":{"type":"LineString","coordinates":[[120.324806,36.060137],[120.3095,36.064033]]}},{"type":"Feature","properties":{"shape_id":"{}","direction_id":"{\"1\": 50}","headsign":"{}","duration_avg":120,"n_vehicles":50,"d":1200,"route_I_counts":"{\"3\": 50}","source":26,"target":82,"layer":"L","from":"青岛青岛站(地铁站)","to":"青岛人民会堂(地铁站)"},"geometry":{"type":"LineString","coordinates":[[120.3095,36.064033],[120.324806,36.060137]]}},{"type":"Feature","properties":{"shape_id":"{}","direction_id":"{\"0\": 50}","headsign":"{}","duration_avg":60,"n_vehicles":50,"d":600,"route_I_counts":"{\"4\": 50}","source":82,"target":83,"layer":"L","from":"青岛人民会堂(地铁站)","to":"青岛信号山(青大附院)(地铁站)"},"geometry":{"type":"LineString","coordinates":[[120.324806,36.060137],[120.322453,36.065068]]}},{"type":"Feature","properties":{"shape_id":"{}","direction_id":"{\"1\": 50}","headsign":"{}","duration_avg":60,"n_vehicles":50,"d":600,"route_I_counts":"{\"4\": 50}","source":83,"target":82,"layer":"L","from":"青岛信号山(青大附院)(地铁站)","to":"青岛人民会堂(地铁站)"},"geometry":{"type":"LineString","coordinates":[[120.322453,36.065068],[120.324806,36.060137]]}},{"type":"Feature","properties":{"shape_id":"{}","direction_id":"{\"0\": 50}","headsign":"{}","duration_avg":120,"n_vehicles":50,"d":1200,"route_I_counts":"{\"4\": 50}","source":83,"target":24,"layer":"L","from":"青岛信号山(青大附院)(地铁站)","to":"青岛观象山(市立医院)(地铁站)"},"geometry":{"type":"LineString","coordinates":[[120.322453,36.065068],[120.324734,36.072893]]}},{"type":"Feature","properties":{"shape_id":"{}","direction_id":"{\"1\": 50}","headsign":"{}","duration_avg":120,"n_vehicles":50,"d":1200,"route_I_counts":"{\"4\": 50}","source":24,"target":83,"layer":"L","from":"青岛观象山(市立医院)(地铁站)","to":"青岛信号山(青大附院)(地铁站)"},"geometry":{"type":"LineString","coordinates":[[120.324734,36.072893],[120.322453,36.065068]]}},{"type":"Feature","properties":{"shape_id":"{}","direction_id":"{\"0\": 50}","headsign":"{}","duration_avg":180,"n_vehicles":50,"d":1800,"route_I_counts":"{\"4\": 50}","source":24,"target":61,"layer":"L","from":"青岛观象山(市立医院)(地铁站)","to":"青岛泰山路(地铁站)"},"geometry":{"type":"LineString","coordinates":[[120.324734,36.072893],[120.327933,36.084205]]}},{"type":"Feature","properties":{"shape_id":"{}","direction_id":"{\"1\": 50}","headsign":"{}","duration_avg":180,"n_vehicles":50,"d":1800,"route_I_counts":"{\"4\": 50}","source":61,"target":24,"layer":"L","from":"青岛泰山路(地铁站)","to":"青岛观象山(市立医院)(地铁站)"},"geometry":{"type":"LineString","coordinates":[[120.327933,36.084205],[120.324734,36.072893]]}},{"type":"Feature","properties":{"shape_id":"{}","direction_id":"{\"0\": 50}","headsign":"{}","duration_avg":120,"n_vehicles":50,"d":1200,"route_I_counts":"{\"4\": 50}","source":61,"target":84,"layer":"L","from":"青岛泰山路(地铁站)","to":"青岛昌乐路(地铁站)"},"geometry":{"type":"LineString","coordinates":[[120.327933,36.084205],[120.337944,36.086053]]}},{"type":"Feature","properties":{"shape_id":"{}","direction_id":"{\"1\": 50}","headsign":"{}","duration_avg":120,"n_vehicles":50,"d":1200,"route_I_counts":"{\"4\": 50}","source":84,"target":61,"layer":"L","from":"青岛昌乐路(地铁站)","to":"青岛泰山路(地铁站)"},"geometry":{"type":"LineString","coordinates":[[120.337944,36.086053],[120.327933,36.084205]]}},{"type":"Feature","properties":{"shape_id":"{}","direction_id":"{\"0\": 50}","headsign":"{}","duration_avg":120,"n_vehicles":50,"d":1200,"route_I_counts":"{\"4\": 50}","source":84,"target":85,"layer":"L","from":"青岛昌乐路(地铁站)","to":"青岛海泊河公园(地铁站)"},"geometry":{"type":"LineString","coordinates":[[120.337944,36.086053],[120.34618,36.096315]]}},{"type":"Feature","properties":{"shape_id":"{}","direction_id":"{\"1\": 50}","headsign":"{}","duration_avg":120,"n_vehicles":50,"d":1200,"route_I_counts":"{\"4\": 50}","source":85,"target":84,"layer":"L","from":"青岛海泊河公园(地铁站)","to":"青岛昌乐路(地铁站)"},"geometry":{"type":"LineString","coordinates":[[120.34618,36.096315],[120.337944,36.086053]]}},{"type":"Feature","properties":{"shape_id":"{}","direction_id":"{\"0\": 50}","headsign":"{}","duration_avg":180,"n_vehicles":50,"d":1800,"route_I_counts":"{\"4\": 50}","source":85,"target":21,"layer":"L","from":"青岛海泊河公园(地铁站)","to":"青岛海泊桥(海慈医疗)(地铁站)"},"geometry":{"type":"LineString","coordinates":[[120.34618,36.096315],[120.356252,36.0943]]}},{"type":"Feature","properties":{"shape_id":"{}","direction_id":"{\"1\": 50}","headsign":"{}","duration_avg":180,"n_vehicles":50,"d":1800,"route_I_counts":"{\"4\": 50}","source":21,"target":85,"layer":"L","from":"青岛海泊桥(海慈医疗)(地铁站)","to":"青岛海泊河公园(地铁站)"},"geometry":{"type":"LineString","coordinates":[[120.356252,36.0943],[120.34618,36.096315]]}},{"type":"Feature","properties":{"shape_id":"{}","direction_id":"{\"0\": 50}","headsign":"{}","duration_avg":120,"n_vehicles":50,"d":1200,"route_I_counts":"{\"4\": 50}","source":21,"target":86,"layer":"L","from":"青岛海泊桥(海慈医疗)(地铁站)","to":"青岛西吴家村(地铁站)"},"geometry":{"type":"LineString","coordinates":[[120.356252,36.0943],[120.366919,36.095084]]}},{"type":"Feature","properties":{"shape_id":"{}","direction_id":"{\"1\": 50}","headsign":"{}","duration_avg":120,"n_vehicles":50,"d":1200,"route_I_counts":"{\"4\": 50}","source":86,"target":21,"layer":"L","from":"青岛西吴家村(地铁站)","to":"青岛海泊桥(海慈医疗)(地铁站)"},"geometry":{"type":"LineString","coordinates":[[120.366919,36.095084],[120.356252,36.0943]]}},{"type":"Feature","properties":{"shape_id":"{}","direction_id":"{\"0\": 50}","headsign":"{}","duration_avg":120,"n_vehicles":50,"d":1200,"route_I_counts":"{\"4\": 50}","source":86,"target":74,"layer":"L","from":"青岛西吴家村(地铁站)","to":"青岛错埠岭(地铁站)"},"geometry":{"type":"LineString","coordinates":[[120.366919,36.095084],[120.380245,36.09532]]}},{"type":"Feature","properties":{"shape_id":"{}","direction_id":"{\"1\": 50}","headsign":"{}","duration_avg":120,"n_vehicles":50,"d":1200,"route_I_counts":"{\"4\": 50}","source":74,"target":86,"layer":"L","from":"青岛错埠岭(地铁站)","to":"青岛西吴家村(地铁站)"},"geometry":{"type":"LineString","coordinates":[[120.380245,36.09532],[120.366919,36.095084]]}},{"type":"Feature","properties":{"shape_id":"{}","direction_id":"{\"0\": 50}","headsign":"{}","duration_avg":120,"n_vehicles":50,"d":1200,"route_I_counts":"{\"4\": 50}","source":74,"target":87,"layer":"L","from":"青岛错埠岭(地铁站)","to":"青岛福辽立交桥(地铁站)"},"geometry":{"type":"LineString","coordinates":[[120.380245,36.09532],[120.390464,36.096049]]}},{"type":"Feature","properties":{"shape_id":"{}","direction_id":"{\"1\": 50}","headsign":"{}","duration_avg":120,"n_vehicles":50,"d":1200,"route_I_counts":"{\"4\": 50}","source":87,"target":74,"layer":"L","from":"青岛福辽立交桥(地铁站)","to":"青岛错埠岭(地铁站)"},"geometry":{"type":"LineString","coordinates":[[120.390464,36.096049],[120.380245,36.09532]]}},{"type":"Feature","properties":{"shape_id":"{}","direction_id":"{\"0\": 50}","headsign":"{}","duration_avg":60,"n_vehicles":50,"d":600,"route_I_counts":"{\"4\": 50}","source":87,"target":88,"layer":"L","from":"青岛福辽立交桥(地铁站)","to":"青岛洪山坡(妇儿医院)(地铁站)"},"geometry":{"type":"LineString","coordinates":[[120.390464,36.096049],[120.398285,36.098944]]}},{"type":"Feature","properties":{"shape_id":"{}","direction_id":"{\"1\": 50}","headsign":"{}","duration_avg":60,"n_vehicles":50,"d":600,"route_I_counts":"{\"4\": 50}","source":88,"target":87,"layer":"L","from":"青岛洪山坡(妇儿医院)(地铁站)","to":"青岛福辽立交桥(地铁站)"},"geometry":{"type":"LineString","coordinates":[[120.398285,36.098944],[120.390464,36.096049]]}},{"type":"Feature","properties":{"shape_id":"{}","direction_id":"{\"0\": 50}","headsign":"{}","duration_avg":120,"n_vehicles":50,"d":1200,"route_I_counts":"{\"4\": 50}","source":88,"target":89,"layer":"L","from":"青岛洪山坡(妇儿医院)(地铁站)","to":"青岛劲松三路(地铁站)"},"geometry":{"type":"LineString","coordinates":[[120.398285,36.098944],[120.410345,36.104641]]}},{"type":"Feature","properties":{"shape_id":"{}","direction_id":"{\"1\": 50}","headsign":"{}","duration_avg":120,"n_vehicles":50,"d":1200,"route_I_counts":"{\"4\": 50}","source":89,"target":88,"layer":"L","from":"青岛劲松三路(地铁站)","to":"青岛洪山坡(妇儿医院)(地铁站)"},"geometry":{"type":"LineString","coordinates":[[120.410345,36.104641],[120.398285,36.098944]]}},{"type":"Feature","properties":{"shape_id":"{}","direction_id":"{\"0\": 50}","headsign":"{}","duration_avg":120,"n_vehicles":50,"d":1200,"route_I_counts":"{\"4\": 50}","source":89,"target":90,"layer":"L","from":"青岛劲松三路(地铁站)","to":"青岛埠西(地铁站)"},"geometry":{"type":"LineString","coordinates":[[120.410345,36.104641],[120.419871,36.105918]]}},{"type":"Feature","properties":{"shape_id":"{}","direction_id":"{\"1\": 50}","headsign":"{}","duration_avg":120,"n_vehicles":50,"d":1200,"route_I_counts":"{\"4\": 50}","source":90,"target":89,"layer":"L","from":"青岛埠西(地铁站)","to":"青岛劲松三路(地铁站)"},"geometry":{"type":"LineString","coordinates":[[120.419871,36.105918],[120.410345,36.104641]]}},{"type":"Feature","properties":{"shape_id":"{}","direction_id":"{\"0\": 50}","headsign":"{}","duration_avg":120,"n_vehicles":50,"d":1200,"route_I_counts":"{\"4\": 50}","source":90,"target":91,"layer":"L","from":"青岛埠西(地铁站)","to":"青岛大埠东(地铁站)"},"geometry":{"type":"LineString","coordinates":[[120.419871,36.105918],[120.431179,36.111204]]}},{"type":"Feature","properties":{"shape_id":"{}","direction_id":"{\"1\": 50}","headsign":"{}","duration_avg":120,"n_vehicles":50,"d":1200,"route_I_counts":"{\"4\": 50}","source":91,"target":90,"layer":"L","from":"青岛大埠东(地铁站)","to":"青岛埠西(地铁站)"},"geometry":{"type":"LineString","coordinates":[[120.431179,36.111204],[120.419871,36.105918]]}},{"type":"Feature","properties":{"shape_id":"{}","direction_id":"{\"0\": 50}","headsign":"{}","duration_avg":120,"n_vehicles":50,"d":1200,"route_I_counts":"{\"4\": 50}","source":91,"target":46,"layer":"L","from":"青岛大埠东(地铁站)","to":"青岛辽阳东路(地铁站)"},"geometry":{"type":"LineString","coordinates":[[120.431179,36.111204],[120.445203,36.117247]]}},{"type":"Feature","properties":{"shape_id":"{}","direction_id":"{\"1\": 50}","headsign":"{}","duration_avg":120,"n_vehicles":50,"d":1200,"route_I_counts":"{\"4\": 50}","source":46,"target":91,"layer":"L","from":"青岛辽阳东路(地铁站)","to":"青岛大埠东(地铁站)"},"geometry":{"type":"LineString","coordinates":[[120.445203,36.117247],[120.431179,36.111204]]}},{"type":"Feature","properties":{"shape_id":"{}","direction_id":"{\"0\": 50}","headsign":"{}","duration_avg":120,"n_vehicles":50,"d":1200,"route_I_counts":"{\"4\": 50}","source":46,"target":92,"layer":"L","from":"青岛辽阳东路(地铁站)","to":"青岛董家下庄(地铁站)"},"geometry":{"type":"LineString","coordinates":[[120.445203,36.117247],[120.456533,36.125521]]}},{"type":"Feature","properties":{"shape_id":"{}","direction_id":"{\"1\": 50}","headsign":"{}","duration_avg":120,"n_vehicles":50,"d":1200,"route_I_counts":"{\"4\": 50}","source":92,"target":46,"layer":"L","from":"青岛董家下庄(地铁站)","to":"青岛辽阳东路(地铁站)"},"geometry":{"type":"LineString","coordinates":[[120.456533,36.125521],[120.445203,36.117247]]}},{"type":"Feature","properties":{"shape_id":"{}","direction_id":"{\"0\": 50}","headsign":"{}","duration_avg":120,"n_vehicles":50,"d":1200,"route_I_counts":"{\"4\": 50}","source":92,"target":93,"layer":"L","from":"青岛董家下庄(地铁站)","to":"青岛科苑经七路(地铁站)"},"geometry":{"type":"LineString","coordinates":[[120.456533,36.125521],[120.461575,36.135064]]}},{"type":"Feature","properties":{"shape_id":"{}","direction_id":"{\"1\": 50}","headsign":"{}","duration_avg":120,"n_vehicles":50,"d":1200,"route_I_counts":"{\"4\": 50}","source":93,"target":92,"layer":"L","from":"青岛科苑经七路(地铁站)","to":"青岛董家下庄(地铁站)"},"geometry":{"type":"LineString","coordinates":[[120.461575,36.135064],[120.456533,36.125521]]}},{"type":"Feature","properties":{"shape_id":"{}","direction_id":"{\"0\": 50}","headsign":"{}","duration_avg":180,"n_vehicles":50,"d":1800,"route_I_counts":"{\"4\": 50}","source":93,"target":94,"layer":"L","from":"青岛科苑经七路(地铁站)","to":"青岛张村(地铁站)"},"geometry":{"type":"LineString","coordinates":[[120.461575,36.135064],[120.480653,36.140355]]}},{"type":"Feature","properties":{"shape_id":"{}","direction_id":"{\"1\": 50}","headsign":"{}","duration_avg":180,"n_vehicles":50,"d":1800,"route_I_counts":"{\"4\": 50}","source":94,"target":93,"layer":"L","from":"青岛张村(地铁站)","to":"青岛科苑经七路(地铁站)"},"geometry":{"type":"LineString","coordinates":[[120.480653,36.140355],[120.461575,36.135064]]}},{"type":"Feature","properties":{"shape_id":"{}","direction_id":"{\"0\": 50}","headsign":"{}","duration_avg":120,"n_vehicles":50,"d":1200,"route_I_counts":"{\"4\": 50}","source":94,"target":95,"layer":"L","from":"青岛张村(地铁站)","to":"青岛彭家庄(地铁站)"},"geometry":{"type":"LineString","coordinates":[[120.480653,36.140355],[120.496934,36.136558]]}},{"type":"Feature","properties":{"shape_id":"{}","direction_id":"{\"1\": 50}","headsign":"{}","duration_avg":120,"n_vehicles":50,"d":1200,"route_I_counts":"{\"4\": 50}","source":95,"target":94,"layer":"L","from":"青岛彭家庄(地铁站)","to":"青岛张村(地铁站)"},"geometry":{"type":"LineString","coordinates":[[120.496934,36.136558],[120.480653,36.140355]]}},{"type":"Feature","properties":{"shape_id":"{}","direction_id":"{\"0\": 50}","headsign":"{}","duration_avg":120,"n_vehicles":50,"d":1200,"route_I_counts":"{\"4\": 50}","source":95,"target":96,"layer":"L","from":"青岛彭家庄(地铁站)","to":"青岛南宅科(地铁站)"},"geometry":{"type":"LineString","coordinates":[[120.496934,36.136558],[120.516787,36.130991]]}},{"type":"Feature","properties":{"shape_id":"{}","direction_id":"{\"1\": 50}","headsign":"{}","duration_avg":120,"n_vehicles":50,"d":1200,"route_I_counts":"{\"4\": 50}","source":96,"target":95,"layer":"L","from":"青岛南宅科(地铁站)","to":"青岛彭家庄(地铁站)"},"geometry":{"type":"LineString","coordinates":[[120.516787,36.130991],[120.496934,36.136558]]}},{"type":"Feature","properties":{"shape_id":"{}","direction_id":"{\"0\": 50}","headsign":"{}","duration_avg":120,"n_vehicles":50,"d":1200,"route_I_counts":"{\"4\": 50}","source":96,"target":97,"layer":"L","from":"青岛南宅科(地铁站)","to":"青岛小崂山(地铁站)"},"geometry":{"type":"LineString","coordinates":[[120.516787,36.130991],[120.527865,36.122676]]}},{"type":"Feature","properties":{"shape_id":"{}","direction_id":"{\"1\": 50}","headsign":"{}","duration_avg":120,"n_vehicles":50,"d":1200,"route_I_counts":"{\"4\": 50}","source":97,"target":96,"layer":"L","from":"青岛小崂山(地铁站)","to":"青岛南宅科(地铁站)"},"geometry":{"type":"LineString","coordinates":[[120.527865,36.122676],[120.516787,36.130991]]}},{"type":"Feature","properties":{"shape_id":"{}","direction_id":"{\"0\": 50}","headsign":"{}","duration_avg":180,"n_vehicles":50,"d":1800,"route_I_counts":"{\"4\": 50}","source":97,"target":98,"layer":"L","from":"青岛小崂山(地铁站)","to":"青岛沙子口(地铁站)"},"geometry":{"type":"LineString","coordinates":[[120.527865,36.122676],[120.539503,36.118556]]}},{"type":"Feature","properties":{"shape_id":"{}","direction_id":"{\"1\": 50}","headsign":"{}","duration_avg":180,"n_vehicles":50,"d":1800,"route_I_counts":"{\"4\": 50}","source":98,"target":97,"layer":"L","from":"青岛沙子口(地铁站)","to":"青岛小崂山(地铁站)"},"geometry":{"type":"LineString","coordinates":[[120.539503,36.118556],[120.527865,36.122676]]}},{"type":"Feature","properties":{"shape_id":"{}","direction_id":"{\"0\": 50}","headsign":"{}","duration_avg":120,"n_vehicles":50,"d":1200,"route_I_counts":"{\"4\": 50}","source":98,"target":99,"layer":"L","from":"青岛沙子口(地铁站)","to":"青岛段家埠(地铁站)"},"geometry":{"type":"LineString","coordinates":[[120.539503,36.118556],[120.551656,36.12439]]}},{"type":"Feature","properties":{"shape_id":"{}","direction_id":"{\"1\": 50}","headsign":"{}","duration_avg":120,"n_vehicles":50,"d":1200,"route_I_counts":"{\"4\": 50}","source":99,"target":98,"layer":"L","from":"青岛段家埠(地铁站)","to":"青岛沙子口(地铁站)"},"geometry":{"type":"LineString","coordinates":[[120.551656,36.12439],[120.539503,36.118556]]}},{"type":"Feature","properties":{"shape_id":"{}","direction_id":"{\"0\": 50}","headsign":"{}","duration_avg":180,"n_vehicles":50,"d":1800,"route_I_counts":"{\"4\": 50}","source":99,"target":100,"layer":"L","from":"青岛段家埠(地铁站)","to":"青岛登瀛(地铁站)"},"geometry":{"type":"LineString","coordinates":[[120.551656,36.12439],[120.569762,36.133309]]}},{"type":"Feature","properties":{"shape_id":"{}","direction_id":"{\"1\": 50}","headsign":"{}","duration_avg":180,"n_vehicles":50,"d":1800,"route_I_counts":"{\"4\": 50}","source":100,"target":99,"layer":"L","from":"青岛登瀛(地铁站)","to":"青岛段家埠(地铁站)"},"geometry":{"type":"LineString","coordinates":[[120.569762,36.133309],[120.551656,36.12439]]}},{"type":"Feature","properties":{"shape_id":"{}","direction_id":"{\"0\": 50}","headsign":"{}","duration_avg":120,"n_vehicles":50,"d":1200,"route_I_counts":"{\"4\": 50}","source":100,"target":101,"layer":"L","from":"青岛登瀛(地铁站)","to":"青岛大河东(地铁站)"},"geometry":{"type":"LineString","coordinates":[[120.569762,36.133309],[120.581348,36.131437]]}},{"type":"Feature","properties":{"shape_id":"{}","direction_id":"{\"1\": 50}","headsign":"{}","duration_avg":120,"n_vehicles":50,"d":1200,"route_I_counts":"{\"4\": 50}","source":101,"target":100,"layer":"L","from":"青岛大河东(地铁站)","to":"青岛登瀛(地铁站)"},"geometry":{"type":"LineString","coordinates":[[120.581348,36.131437],[120.569762,36.133309]]}},{"type":"Feature","properties":{"shape_id":"{}","direction_id":"{\"0\": 50}","headsign":"{}","duration_avg":120,"n_vehicles":50,"d":1200,"route_I_counts":"{\"5\": 50}","source":102,"target":103,"layer":"L","from":"青岛横云山路(地铁站)","to":"青岛山王河(福莱社区)(地铁站)"},"geometry":{"type":"LineString","coordinates":[[120.091236,36.066603],[120.10797,36.062807]]}},{"type":"Feature","properties":{"shape_id":"{}","direction_id":"{\"1\": 50}","headsign":"{}","duration_avg":120,"n_vehicles":50,"d":1200,"route_I_counts":"{\"5\": 50}","source":103,"target":102,"layer":"L","from":"青岛山王河(福莱社区)(地铁站)","to":"青岛横云山路(地铁站)"},"geometry":{"type":"LineString","coordinates":[[120.10797,36.062807],[120.091236,36.066603]]}},{"type":"Feature","properties":{"shape_id":"{}","direction_id":"{\"0\": 50}","headsign":"{}","duration_avg":120,"n_vehicles":50,"d":1200,"route_I_counts":"{\"5\": 50}","source":103,"target":104,"layer":"L","from":"青岛山王河(福莱社区)(地铁站)","to":"青岛河洛埠(中德生态园)(地铁站)"},"geometry":{"type":"LineString","coordinates":[[120.10797,36.062807],[120.11936,36.061394]]}},{"type":"Feature","properties":{"shape_id":"{}","direction_id":"{\"1\": 50}","headsign":"{}","duration_avg":120,"n_vehicles":50,"d":1200,"route_I_counts":"{\"5\": 50}","source":104,"target":103,"layer":"L","from":"青岛河洛埠(中德生态园)(地铁站)","to":"青岛山王河(福莱社区)(地铁站)"},"geometry":{"type":"LineString","coordinates":[[120.11936,36.061394],[120.10797,36.062807]]}},{"type":"Feature","properties":{"shape_id":"{}","direction_id":"{\"0\": 50}","headsign":"{}","duration_avg":180,"n_vehicles":50,"d":1800,"route_I_counts":"{\"5\": 50}","source":104,"target":105,"layer":"L","from":"青岛河洛埠(中德生态园)(地铁站)","to":"青岛青岛九中(幸福小镇)(地铁站)"},"geometry":{"type":"LineString","coordinates":[[120.11936,36.061394],[120.139253,36.057411]]}},{"type":"Feature","properties":{"shape_id":"{}","direction_id":"{\"1\": 50}","headsign":"{}","duration_avg":180,"n_vehicles":50,"d":1800,"route_I_counts":"{\"5\": 50}","source":105,"target":104,"layer":"L","from":"青岛青岛九中(幸福小镇)(地铁站)","to":"青岛河洛埠(中德生态园)(地铁站)"},"geometry":{"type":"LineString","coordinates":[[120.139253,36.057411],[120.11936,36.061394]]}},{"type":"Feature","properties":{"shape_id":"{}","direction_id":"{\"0\": 50}","headsign":"{}","duration_avg":120,"n_vehicles":50,"d":1200,"route_I_counts":"{\"5\": 50}","source":105,"target":106,"layer":"L","from":"青岛青岛九中(幸福小镇)(地铁站)","to":"青岛抓马山(地铁站)"},"geometry":{"type":"LineString","coordinates":[[120.139253,36.057411],[120.147353,36.047748]]}},{"type":"Feature","properties":{"shape_id":"{}","direction_id":"{\"1\": 50}","headsign":"{}","duration_avg":120,"n_vehicles":50,"d":1200,"route_I_counts":"{\"5\": 50}","source":106,"target":105,"layer":"L","from":"青岛抓马山(地铁站)","to":"青岛青岛九中(幸福小镇)(地铁站)"},"geometry":{"type":"LineString","coordinates":[[120.147353,36.047748],[120.139253,36.057411]]}},{"type":"Feature","properties":{"shape_id":"{}","direction_id":"{\"0\": 50}","headsign":"{}","duration_avg":180,"n_vehicles":50,"d":1800,"route_I_counts":"{\"5\": 50}","source":106,"target":107,"layer":"L","from":"青岛抓马山(地铁站)","to":"青岛马家楼(地铁站)"},"geometry":{"type":"LineString","coordinates":[[120.147353,36.047748],[120.157266,36.03587]]}},{"type":"Feature","properties":{"shape_id":"{}","direction_id":"{\"1\": 50}","headsign":"{}","duration_avg":180,"n_vehicles":50,"d":1800,"route_I_counts":"{\"5\": 50}","source":107,"target":106,"layer":"L","from":"青岛马家楼(地铁站)","to":"青岛抓马山(地铁站)"},"geometry":{"type":"LineString","coordinates":[[120.157266,36.03587],[120.147353,36.047748]]}},{"type":"Feature","properties":{"shape_id":"{}","direction_id":"{\"0\": 50}","headsign":"{}","duration_avg":120,"n_vehicles":50,"d":1200,"route_I_counts":"{\"5\": 50}","source":107,"target":108,"layer":"L","from":"青岛马家楼(地铁站)","to":"青岛薛家泊子(地铁站)"},"geometry":{"type":"LineString","coordinates":[[120.157266,36.03587],[120.156584,36.021834]]}},{"type":"Feature","properties":{"shape_id":"{}","direction_id":"{\"1\": 50}","headsign":"{}","duration_avg":120,"n_vehicles":50,"d":1200,"route_I_counts":"{\"5\": 50}","source":108,"target":107,"layer":"L","from":"青岛薛家泊子(地铁站)","to":"青岛马家楼(地铁站)"},"geometry":{"type":"LineString","coordinates":[[120.156584,36.021834],[120.157266,36.03587]]}},{"type":"Feature","properties":{"shape_id":"{}","direction_id":"{\"0\": 50}","headsign":"{}","duration_avg":180,"n_vehicles":50,"d":1800,"route_I_counts":"{\"5\": 50}","source":108,"target":109,"layer":"L","from":"青岛薛家泊子(地铁站)","to":"青岛港头(地铁站)"},"geometry":{"type":"LineString","coordinates":[[120.156584,36.021834],[120.159931,36.005945]]}},{"type":"Feature","properties":{"shape_id":"{}","direction_id":"{\"1\": 50}","headsign":"{}","duration_avg":180,"n_vehicles":50,"d":1800,"route_I_counts":"{\"5\": 50}","source":109,"target":108,"layer":"L","from":"青岛港头(地铁站)","to":"青岛薛家泊子(地铁站)"},"geometry":{"type":"LineString","coordinates":[[120.159931,36.005945],[120.156584,36.021834]]}},{"type":"Feature","properties":{"shape_id":"{}","direction_id":"{\"0\": 50}","headsign":"{}","duration_avg":180,"n_vehicles":50,"d":1800,"route_I_counts":"{\"5\": 50}","source":109,"target":110,"layer":"L","from":"青岛港头(地铁站)","to":"青岛青大附院西海岸院区(地铁站)"},"geometry":{"type":"LineString","coordinates":[[120.159931,36.005945],[120.152831,35.988008]]}},{"type":"Feature","properties":{"shape_id":"{}","direction_id":"{\"1\": 50}","headsign":"{}","duration_avg":180,"n_vehicles":50,"d":1800,"route_I_counts":"{\"5\": 50}","source":110,"target":109,"layer":"L","from":"青岛青大附院西海岸院区(地铁站)","to":"青岛港头(地铁站)"},"geometry":{"type":"LineString","coordinates":[[120.152831,35.988008],[120.159931,36.005945]]}},{"type":"Feature","properties":{"shape_id":"{}","direction_id":"{\"0\": 50}","headsign":"{}","duration_avg":120,"n_vehicles":50,"d":1200,"route_I_counts":"{\"5\": 50}","source":110,"target":111,"layer":"L","from":"青岛青大附院西海岸院区(地铁站)","to":"青岛扒山(滨海学院)(地铁站)"},"geometry":{"type":"LineString","coordinates":[[120.152831,35.988008],[120.154684,35.980293]]}},{"type":"Feature","properties":{"shape_id":"{}","direction_id":"{\"1\": 50}","headsign":"{}","duration_avg":120,"n_vehicles":50,"d":1200,"route_I_counts":"{\"5\": 50}","source":111,"target":110,"layer":"L","from":"青岛扒山(滨海学院)(地铁站)","to":"青岛青大附院西海岸院区(地铁站)"},"geometry":{"type":"LineString","coordinates":[[120.154684,35.980293],[120.152831,35.988008]]}},{"type":"Feature","properties":{"shape_id":"{}","direction_id":"{\"0\": 50}","headsign":"{}","duration_avg":180,"n_vehicles":50,"d":1800,"route_I_counts":"{\"5\": 50}","source":111,"target":112,"layer":"L","from":"青岛扒山(滨海学院)(地铁站)","to":"青岛钱塘江路(青职学院)(地铁站)"},"geometry":{"type":"LineString","coordinates":[[120.154684,35.980293],[120.158085,35.967866]]}},{"type":"Feature","properties":{"shape_id":"{}","direction_id":"{\"1\": 50}","headsign":"{}","duration_avg":180,"n_vehicles":50,"d":1800,"route_I_counts":"{\"5\": 50}","source":112,"target":111,"layer":"L","from":"青岛钱塘江路(青职学院)(地铁站)","to":"青岛扒山(滨海学院)(地铁站)"},"geometry":{"type":"LineString","coordinates":[[120.158085,35.967866],[120.154684,35.980293]]}},{"type":"Feature","properties":{"shape_id":"{}","direction_id":"{\"0\": 50}","headsign":"{}","duration_avg":120,"n_vehicles":50,"d":1200,"route_I_counts":"{\"5\": 50}","source":112,"target":113,"layer":"L","from":"青岛钱塘江路(青职学院)(地铁站)","to":"青岛九顶山(地铁站)"},"geometry":{"type":"LineString","coordinates":[[120.158085,35.967866],[120.160917,35.953585]]}},{"type":"Feature","properties":{"shape_id":"{}","direction_id":"{\"1\": 50}","headsign":"{}","duration_avg":120,"n_vehicles":50,"d":1200,"route_I_counts":"{\"5\": 50}","source":113,"target":112,"layer":"L","from":"青岛九顶山(地铁站)","to":"青岛钱塘江路(青职学院)(地铁站)"},"geometry":{"type":"LineString","coordinates":[[120.160917,35.953585],[120.158085,35.967866]]}},{"type":"Feature","properties":{"shape_id":"{}","direction_id":"{\"0\": 50}","headsign":"{}","duration_avg":120,"n_vehicles":50,"d":1200,"route_I_counts":"{\"5\": 50}","source":113,"target":40,"layer":"L","from":"青岛九顶山(地铁站)","to":"青岛王家港(地铁站)"},"geometry":{"type":"LineString","coordinates":[[120.160917,35.953585],[120.15675,35.942204]]}},{"type":"Feature","properties":{"shape_id":"{}","direction_id":"{\"1\": 50}","headsign":"{}","duration_avg":120,"n_vehicles":50,"d":1200,"route_I_counts":"{\"5\": 50}","source":40,"target":113,"layer":"L","from":"青岛王家港(地铁站)","to":"青岛九顶山(地铁站)"},"geometry":{"type":"LineString","coordinates":[[120.15675,35.942204],[120.160917,35.953585]]}},{"type":"Feature","properties":{"shape_id":"{}","direction_id":"{\"0\": 50}","headsign":"{}","duration_avg":180,"n_vehicles":50,"d":1800,"route_I_counts":"{\"5\": 50}","source":40,"target":114,"layer":"L","from":"青岛王家港(地铁站)","to":"青岛北门外(地铁站)"},"geometry":{"type":"LineString","coordinates":[[120.15675,35.942204],[120.131423,35.937415]]}},{"type":"Feature","properties":{"shape_id":"{}","direction_id":"{\"1\": 50}","headsign":"{}","duration_avg":180,"n_vehicles":50,"d":1800,"route_I_counts":"{\"5\": 50}","source":114,"target":40,"layer":"L","from":"青岛北门外(地铁站)","to":"青岛王家港(地铁站)"},"geometry":{"type":"LineString","coordinates":[[120.131423,35.937415],[120.15675,35.942204]]}},{"type":"Feature","properties":{"shape_id":"{}","direction_id":"{\"0\": 50}","headsign":"{}","duration_avg":120,"n_vehicles":50,"d":1200,"route_I_counts":"{\"5\": 50}","source":114,"target":115,"layer":"L","from":"青岛北门外(地铁站)","to":"青岛西门外(地铁站)"},"geometry":{"type":"LineString","coordinates":[[120.131423,35.937415],[120.119661,35.9344]]}},{"type":"Feature","properties":{"shape_id":"{}","direction_id":"{\"1\": 50}","headsign":"{}","duration_avg":120,"n_vehicles":50,"d":1200,"route_I_counts":"{\"5\": 50}","source":115,"target":114,"layer":"L","from":"青岛西门外(地铁站)","to":"青岛北门外(地铁站)"},"geometry":{"type":"LineString","coordinates":[[120.119661,35.9344],[120.131423,35.937415]]}},{"type":"Feature","properties":{"shape_id":"{}","direction_id":"{\"0\": 50}","headsign":"{}","duration_avg":120,"n_vehicles":50,"d":1200,"route_I_counts":"{\"5\": 50}","source":115,"target":116,"layer":"L","from":"青岛西门外(地铁站)","to":"青岛毛家山(黄海学院)(地铁站)"},"geometry":{"type":"LineString","coordinates":[[120.119661,35.9344],[120.109007,35.928194]]}},{"type":"Feature","properties":{"shape_id":"{}","direction_id":"{\"1\": 50}","headsign":"{}","duration_avg":120,"n_vehicles":50,"d":1200,"route_I_counts":"{\"5\": 50}","source":116,"target":115,"layer":"L","from":"青岛毛家山(黄海学院)(地铁站)","to":"青岛西门外(地铁站)"},"geometry":{"type":"LineString","coordinates":[[120.109007,35.928194],[120.119661,35.9344]]}},{"type":"Feature","properties":{"shape_id":"{}","direction_id":"{\"0\": 50}","headsign":"{}","duration_avg":180,"n_vehicles":50,"d":1800,"route_I_counts":"{\"5\": 50}","source":116,"target":117,"layer":"L","from":"青岛毛家山(黄海学院)(地铁站)","to":"青岛赵家庙(影视产业园)(地铁站)"},"geometry":{"type":"LineString","coordinates":[[120.109007,35.928194],[120.097028,35.924666]]}},{"type":"Feature","properties":{"shape_id":"{}","direction_id":"{\"1\": 50}","headsign":"{}","duration_avg":180,"n_vehicles":50,"d":1800,"route_I_counts":"{\"5\": 50}","source":117,"target":116,"layer":"L","from":"青岛赵家庙(影视产业园)(地铁站)","to":"青岛毛家山(黄海学院)(地铁站)"},"geometry":{"type":"LineString","coordinates":[[120.097028,35.924666],[120.109007,35.928194]]}},{"type":"Feature","properties":{"shape_id":"{}","direction_id":"{\"0\": 50}","headsign":"{}","duration_avg":120,"n_vehicles":50,"d":1200,"route_I_counts":"{\"5\": 50}","source":117,"target":118,"layer":"L","from":"青岛赵家庙(影视产业园)(地铁站)","to":"青岛星海滩路(地铁站)"},"geometry":{"type":"LineString","coordinates":[[120.097028,35.924666],[120.078346,35.916461]]}},{"type":"Feature","properties":{"shape_id":"{}","direction_id":"{\"1\": 50}","headsign":"{}","duration_avg":120,"n_vehicles":50,"d":1200,"route_I_counts":"{\"5\": 50}","source":118,"target":117,"layer":"L","from":"青岛星海滩路(地铁站)","to":"青岛赵家庙(影视产业园)(地铁站)"},"geometry":{"type":"LineString","coordinates":[[120.078346,35.916461],[120.097028,35.924666]]}},{"type":"Feature","properties":{"shape_id":"{}","direction_id":"{\"0\": 50}","headsign":"{}","duration_avg":180,"n_vehicles":50,"d":1800,"route_I_counts":"{\"5\": 50}","source":118,"target":119,"layer":"L","from":"青岛星海滩路(地铁站)","to":"青岛华山(地铁站)"},"geometry":{"type":"LineString","coordinates":[[120.078346,35.916461],[120.075448,35.908614]]}},{"type":"Feature","properties":{"shape_id":"{}","direction_id":"{\"1\": 50}","headsign":"{}","duration_avg":180,"n_vehicles":50,"d":1800,"route_I_counts":"{\"5\": 50}","source":119,"target":118,"layer":"L","from":"青岛华山(地铁站)","to":"青岛星海滩路(地铁站)"},"geometry":{"type":"LineString","coordinates":[[120.075448,35.908614],[120.078346,35.916461]]}},{"type":"Feature","properties":{"shape_id":"{}","direction_id":"{\"0\": 50}","headsign":"{}","duration_avg":120,"n_vehicles":50,"d":1200,"route_I_counts":"{\"5\": 50}","source":119,"target":120,"layer":"L","from":"青岛华山(地铁站)","to":"青岛辛屯(地铁站)"},"geometry":{"type":"LineString","coordinates":[[120.075448,35.908614],[120.081784,35.899545]]}},{"type":"Feature","properties":{"shape_id":"{}","direction_id":"{\"1\": 50}","headsign":"{}","duration_avg":120,"n_vehicles":50,"d":1200,"route_I_counts":"{\"5\": 50}","source":120,"target":119,"layer":"L","from":"青岛辛屯(地铁站)","to":"青岛华山(地铁站)"},"geometry":{"type":"LineString","coordinates":[[120.081784,35.899545],[120.075448,35.908614]]}},{"type":"Feature","properties":{"shape_id":"{}","direction_id":"{\"0\": 50}","headsign":"{}","duration_avg":120,"n_vehicles":50,"d":1200,"route_I_counts":"{\"5\": 50}","source":120,"target":121,"layer":"L","from":"青岛辛屯(地铁站)","to":"青岛灵山湾(地铁站)"},"geometry":{"type":"LineString","coordinates":[[120.081784,35.899545],[120.07684,35.891743]]}},{"type":"Feature","properties":{"shape_id":"{}","direction_id":"{\"1\": 50}","headsign":"{}","duration_avg":120,"n_vehicles":50,"d":1200,"route_I_counts":"{\"5\": 50}","source":121,"target":120,"layer":"L","from":"青岛灵山湾(地铁站)","to":"青岛辛屯(地铁站)"},"geometry":{"type":"LineString","coordinates":[[120.07684,35.891743],[120.081784,35.899545]]}},{"type":"Feature","properties":{"shape_id":"{}","direction_id":"{\"0\": 50}","headsign":"{}","duration_avg":300,"n_vehicles":50,"d":3000,"route_I_counts":"{\"6\": 50}","source":122,"target":123,"layer":"L","from":"青岛胶州北站(地铁站)","to":"青岛胶东机场(地铁站)"},"geometry":{"type":"LineString","coordinates":[[120.050282,36.394797],[120.089542,36.359615]]}},{"type":"Feature","properties":{"shape_id":"{}","direction_id":"{\"1\": 50}","headsign":"{}","duration_avg":300,"n_vehicles":50,"d":3000,"route_I_counts":"{\"6\": 50}","source":123,"target":122,"layer":"L","from":"青岛胶东机场(地铁站)","to":"青岛胶州北站(地铁站)"},"geometry":{"type":"LineString","coordinates":[[120.089542,36.359615],[120.050282,36.394797]]}},{"type":"Feature","properties":{"shape_id":"{}","direction_id":"{\"0\": 50}","headsign":"{}","duration_avg":300,"n_vehicles":50,"d":3000,"route_I_counts":"{\"6\": 50}","source":123,"target":124,"layer":"L","from":"青岛胶东机场(地铁站)","to":"青岛胶东(地铁站)"},"geometry":{"type":"LineString","coordinates":[[120.089542,36.359615],[120.112248,36.313339]]}},{"type":"Feature","properties":{"shape_id":"{}","direction_id":"{\"1\": 50}","headsign":"{}","duration_avg":300,"n_vehicles":50,"d":3000,"route_I_counts":"{\"6\": 50}","source":124,"target":123,"layer":"L","from":"青岛胶东(地铁站)","to":"青岛胶东机场(地铁站)"},"geometry":{"type":"LineString","coordinates":[[120.112248,36.313339],[120.089542,36.359615]]}},{"type":"Feature","properties":{"shape_id":"{}","direction_id":"{\"0\": 50}","headsign":"{}","duration_avg":360,"n_vehicles":50,"d":3600,"route_I_counts":"{\"6\": 50}","source":124,"target":125,"layer":"L","from":"青岛胶东(地铁站)","to":"青岛大涧(地铁站)"},"geometry":{"type":"LineString","coordinates":[[120.112248,36.313339],[120.156369,36.25858]]}},{"type":"Feature","properties":{"shape_id":"{}","direction_id":"{\"1\": 50}","headsign":"{}","duration_avg":360,"n_vehicles":50,"d":3600,"route_I_counts":"{\"6\": 50}","source":125,"target":124,"layer":"L","from":"青岛大涧(地铁站)","to":"青岛胶东(地铁站)"},"geometry":{"type":"LineString","coordinates":[[120.156369,36.25858],[120.112248,36.313339]]}},{"type":"Feature","properties":{"shape_id":"{}","direction_id":"{\"0\": 50}","headsign":"{}","duration_avg":240,"n_vehicles":50,"d":2400,"route_I_counts":"{\"6\": 50}","source":125,"target":126,"layer":"L","from":"青岛大涧(地铁站)","to":"青岛红岛火车站(地铁站)"},"geometry":{"type":"LineString","coordinates":[[120.156369,36.25858],[120.186122,36.24688]]}},{"type":"Feature","properties":{"shape_id":"{}","direction_id":"{\"1\": 50}","headsign":"{}","duration_avg":240,"n_vehicles":50,"d":2400,"route_I_counts":"{\"6\": 50}","source":126,"target":125,"layer":"L","from":"青岛红岛火车站(地铁站)","to":"青岛大涧(地铁站)"},"geometry":{"type":"LineString","coordinates":[[120.186122,36.24688],[120.156369,36.25858]]}},{"type":"Feature","properties":{"shape_id":"{}","direction_id":"{\"0\": 50}","headsign":"{}","duration_avg":180,"n_vehicles":50,"d":1800,"route_I_counts":"{\"6\": 50}","source":126,"target":127,"layer":"L","from":"青岛红岛火车站(地铁站)","to":"青岛健康中心(地铁站)"},"geometry":{"type":"LineString","coordinates":[[120.186122,36.24688],[120.194608,36.230531]]}},{"type":"Feature","properties":{"shape_id":"{}","direction_id":"{\"1\": 50}","headsign":"{}","duration_avg":180,"n_vehicles":50,"d":1800,"route_I_counts":"{\"6\": 50}","source":127,"target":126,"layer":"L","from":"青岛健康中心(地铁站)","to":"青岛红岛火车站(地铁站)"},"geometry":{"type":"LineString","coordinates":[[120.194608,36.230531],[120.186122,36.24688]]}},{"type":"Feature","properties":{"shape_id":"{}","direction_id":"{\"0\": 50}","headsign":"{}","duration_avg":180,"n_vehicles":50,"d":1800,"route_I_counts":"{\"6\": 50}","source":127,"target":128,"layer":"L","from":"青岛健康中心(地铁站)","to":"青岛健身中心(红岛会展)(地铁站)"},"geometry":{"type":"LineString","coordinates":[[120.194608,36.230531],[120.209978,36.233459]]}},{"type":"Feature","properties":{"shape_id":"{}","direction_id":"{\"1\": 50}","headsign":"{}","duration_avg":180,"n_vehicles":50,"d":1800,"route_I_counts":"{\"6\": 50}","source":128,"target":127,"layer":"L","from":"青岛健身中心(红岛会展)(地铁站)","to":"青岛健康中心(地铁站)"},"geometry":{"type":"LineString","coordinates":[[120.209978,36.233459],[120.194608,36.230531]]}},{"type":"Feature","properties":{"shape_id":"{}","direction_id":"{\"0\": 50}","headsign":"{}","duration_avg":240,"n_vehicles":50,"d":2400,"route_I_counts":"{\"6\": 50}","source":128,"target":129,"layer":"L","from":"青岛健身中心(红岛会展)(地铁站)","to":"青岛观涛(地铁站)"},"geometry":{"type":"LineString","coordinates":[[120.209978,36.233459],[120.239047,36.20815]]}},{"type":"Feature","properties":{"shape_id":"{}","direction_id":"{\"1\": 50}","headsign":"{}","duration_avg":240,"n_vehicles":50,"d":2400,"route_I_counts":"{\"6\": 50}","source":129,"target":128,"layer":"L","from":"青岛观涛(地铁站)","to":"青岛健身中心(红岛会展)(地铁站)"},"geometry":{"type":"LineString","coordinates":[[120.239047,36.20815],[120.209978,36.233459]]}},{"type":"Feature","properties":{"shape_id":"{}","direction_id":"{\"0\": 50}","headsign":"{}","duration_avg":180,"n_vehicles":50,"d":1800,"route_I_counts":"{\"6\": 50}","source":129,"target":130,"layer":"L","from":"青岛观涛(地铁站)","to":"青岛红岛科技馆(方特)(地铁站)"},"geometry":{"type":"LineString","coordinates":[[120.239047,36.20815],[120.267936,36.200667]]}},{"type":"Feature","properties":{"shape_id":"{}","direction_id":"{\"1\": 50}","headsign":"{}","duration_avg":180,"n_vehicles":50,"d":1800,"route_I_counts":"{\"6\": 50}","source":130,"target":129,"layer":"L","from":"青岛红岛科技馆(方特)(地铁站)","to":"青岛观涛(地铁站)"},"geometry":{"type":"LineString","coordinates":[[120.267936,36.200667],[120.239047,36.20815]]}},{"type":"Feature","properties":{"shape_id":"{}","direction_id":"{\"0\": 50}","headsign":"{}","duration_avg":180,"n_vehicles":50,"d":1800,"route_I_counts":"{\"6\": 50}","source":130,"target":131,"layer":"L","from":"青岛红岛科技馆(方特)(地铁站)","to":"青岛大洋(地铁站)"},"geometry":{"type":"LineString","coordinates":[[120.267936,36.200667],[120.283762,36.192899]]}},{"type":"Feature","properties":{"shape_id":"{}","direction_id":"{\"1\": 50}","headsign":"{}","duration_avg":180,"n_vehicles":50,"d":1800,"route_I_counts":"{\"6\": 50}","source":131,"target":130,"layer":"L","from":"青岛大洋(地铁站)","to":"青岛红岛科技馆(方特)(地铁站)"},"geometry":{"type":"LineString","coordinates":[[120.283762,36.192899],[120.267936,36.200667]]}},{"type":"Feature","properties":{"shape_id":"{}","direction_id":"{\"0\": 50}","headsign":"{}","duration_avg":360,"n_vehicles":50,"d":3600,"route_I_counts":"{\"6\": 50}","source":131,"target":14,"layer":"L","from":"青岛大洋(地铁站)","to":"青岛青岛北站(地铁站)"},"geometry":{"type":"LineString","coordinates":[[120.283762,36.192899],[120.372226,36.169503]]}},{"type":"Feature","properties":{"shape_id":"{}","direction_id":"{\"1\": 50}","headsign":"{}","duration_avg":360,"n_vehicles":50,"d":3600,"route_I_counts":"{\"6\": 50}","source":14,"target":131,"layer":"L","from":"青岛青岛北站(地铁站)","to":"青岛大洋(地铁站)"},"geometry":{"type":"LineString","coordinates":[[120.372226,36.169503],[120.283762,36.192899]]}},{"type":"Feature","properties":{"shape_id":"{}","direction_id":"{\"0\": 50}","headsign":"{}","duration_avg":120,"n_vehicles":50,"d":1200,"route_I_counts":"{\"7\": 50}","source":14,"target":132,"layer":"L","from":"青岛青岛北站(地铁站)","to":"青岛曲戈庄(地铁站)"},"geometry":{"type":"LineString","coordinates":[[120.372226,36.169503],[120.39503,36.161519]]}},{"type":"Feature","properties":{"shape_id":"{}","direction_id":"{\"1\": 50}","headsign":"{}","duration_avg":120,"n_vehicles":50,"d":1200,"route_I_counts":"{\"7\": 50}","source":132,"target":14,"layer":"L","from":"青岛曲戈庄(地铁站)","to":"青岛青岛北站(地铁站)"},"geometry":{"type":"LineString","coordinates":[[120.39503,36.161519],[120.372226,36.169503]]}},{"type":"Feature","properties":{"shape_id":"{}","direction_id":"{\"0\": 50}","headsign":"{}","duration_avg":120,"n_vehicles":50,"d":1200,"route_I_counts":"{\"7\": 50}","source":132,"target":133,"layer":"L","from":"青岛曲戈庄(地铁站)","to":"青岛闫家山(地铁站)"},"geometry":{"type":"LineString","coordinates":[[120.39503,36.161519],[120.390435,36.142691]]}},{"type":"Feature","properties":{"shape_id":"{}","direction_id":"{\"1\": 50}","headsign":"{}","duration_avg":120,"n_vehicles":50,"d":1200,"route_I_counts":"{\"7\": 50}","source":133,"target":132,"layer":"L","from":"青岛闫家山(地铁站)","to":"青岛曲戈庄(地铁站)"},"geometry":{"type":"LineString","coordinates":[[120.390435,36.142691],[120.39503,36.161519]]}},{"type":"Feature","properties":{"shape_id":"{}","direction_id":"{\"0\": 50}","headsign":"{}","duration_avg":120,"n_vehicles":50,"d":1200,"route_I_counts":"{\"7\": 50}","source":133,"target":134,"layer":"L","from":"青岛闫家山(地铁站)","to":"青岛南昌路北(地铁站)"},"geometry":{"type":"LineString","coordinates":[[120.390435,36.142691],[120.381205,36.131129]]}},{"type":"Feature","properties":{"shape_id":"{}","direction_id":"{\"1\": 50}","headsign":"{}","duration_avg":120,"n_vehicles":50,"d":1200,"route_I_counts":"{\"7\": 50}","source":134,"target":133,"layer":"L","from":"青岛南昌路北(地铁站)","to":"青岛闫家山(地铁站)"},"geometry":{"type":"LineString","coordinates":[[120.381205,36.131129],[120.390435,36.142691]]}},{"type":"Feature","properties":{"shape_id":"{}","direction_id":"{\"0\": 50}","headsign":"{}","duration_avg":120,"n_vehicles":50,"d":1200,"route_I_counts":"{\"7\": 50}","source":134,"target":135,"layer":"L","from":"青岛南昌路北(地铁站)","to":"青岛嘉定山(地铁站)"},"geometry":{"type":"LineString","coordinates":[[120.381205,36.131129],[120.373049,36.119273]]}},{"type":"Feature","properties":{"shape_id":"{}","direction_id":"{\"1\": 50}","headsign":"{}","duration_avg":120,"n_vehicles":50,"d":1200,"route_I_counts":"{\"7\": 50}","source":135,"target":134,"layer":"L","from":"青岛嘉定山(地铁站)","to":"青岛南昌路北(地铁站)"},"geometry":{"type":"LineString","coordinates":[[120.373049,36.119273],[120.381205,36.131129]]}},{"type":"Feature","properties":{"shape_id":"{}","direction_id":"{\"0\": 50}","headsign":"{}","duration_avg":120,"n_vehicles":50,"d":1200,"route_I_counts":"{\"7\": 50}","source":135,"target":86,"layer":"L","from":"青岛嘉定山(地铁站)","to":"青岛西吴家村(地铁站)"},"geometry":{"type":"LineString","coordinates":[[120.373049,36.119273],[120.366919,36.095084]]}},{"type":"Feature","properties":{"shape_id":"{}","direction_id":"{\"1\": 50}","headsign":"{}","duration_avg":120,"n_vehicles":50,"d":1200,"route_I_counts":"{\"7\": 50}","source":86,"target":135,"layer":"L","from":"青岛西吴家村(地铁站)","to":"青岛嘉定山(地铁站)"},"geometry":{"type":"LineString","coordinates":[[120.366919,36.095084],[120.373049,36.119273]]}},{"type":"Feature","properties":{"shape_id":"{}","direction_id":"{\"0\": 50}","headsign":"{}","duration_avg":120,"n_vehicles":50,"d":1200,"route_I_counts":"{\"7\": 50}","source":86,"target":136,"layer":"L","from":"青岛西吴家村(地铁站)","to":"青岛澳柯玛桥(地铁站)"},"geometry":{"type":"LineString","coordinates":[[120.366919,36.095084],[120.370477,36.080718]]}},{"type":"Feature","properties":{"shape_id":"{}","direction_id":"{\"1\": 50}","headsign":"{}","duration_avg":120,"n_vehicles":50,"d":1200,"route_I_counts":"{\"7\": 50}","source":136,"target":86,"layer":"L","from":"青岛澳柯玛桥(地铁站)","to":"青岛西吴家村(地铁站)"},"geometry":{"type":"LineString","coordinates":[[120.370477,36.080718],[120.366919,36.095084]]}},{"type":"Feature","properties":{"shape_id":"{}","direction_id":"{\"0\": 50}","headsign":"{}","duration_avg":120,"n_vehicles":50,"d":1200,"route_I_counts":"{\"7\": 50}","source":136,"target":57,"layer":"L","from":"青岛澳柯玛桥(地铁站)","to":"青岛五四广场(地铁站)"},"geometry":{"type":"LineString","coordinates":[[120.370477,36.080718],[120.375212,36.064477]]}},{"type":"Feature","properties":{"shape_id":"{}","direction_id":"{\"1\": 50}","headsign":"{}","duration_avg":120,"n_vehicles":50,"d":1200,"route_I_counts":"{\"7\": 50}","source":57,"target":136,"layer":"L","from":"青岛五四广场(地铁站)","to":"青岛澳柯玛桥(地铁站)"},"geometry":{"type":"LineString","coordinates":[[120.375212,36.064477],[120.370477,36.080718]]}},{"type":"Feature","properties":{"shape_id":"{}","direction_id":"{\"0\": 50}","headsign":"{}","duration_avg":120,"n_vehicles":50,"d":1200,"route_I_counts":"{\"8\": 50}","source":137,"target":138,"layer":"L","from":"青岛钱谷山(地铁站)","to":"青岛臧村(地铁站)"},"geometry":{"type":"LineString","coordinates":[[120.755512,36.478865],[120.727682,36.467779]]}},{"type":"Feature","properties":{"shape_id":"{}","direction_id":"{\"1\": 50}","headsign":"{}","duration_avg":120,"n_vehicles":50,"d":1200,"route_I_counts":"{\"8\": 50}","source":138,"target":137,"layer":"L","from":"青岛臧村(地铁站)","to":"青岛钱谷山(地铁站)"},"geometry":{"type":"LineString","coordinates":[[120.727682,36.467779],[120.755512,36.478865]]}},{"type":"Feature","properties":{"shape_id":"{}","direction_id":"{\"0\": 50}","headsign":"{}","duration_avg":120,"n_vehicles":50,"d":1200,"route_I_counts":"{\"8\": 50}","source":138,"target":139,"layer":"L","from":"青岛臧村(地铁站)","to":"青岛皋虞(地铁站)"},"geometry":{"type":"LineString","coordinates":[[120.727682,36.467779],[120.705992,36.463905]]}},{"type":"Feature","properties":{"shape_id":"{}","direction_id":"{\"1\": 50}","headsign":"{}","duration_avg":120,"n_vehicles":50,"d":1200,"route_I_counts":"{\"8\": 50}","source":139,"target":138,"layer":"L","from":"青岛皋虞(地铁站)","to":"青岛臧村(地铁站)"},"geometry":{"type":"LineString","coordinates":[[120.705992,36.463905],[120.727682,36.467779]]}},{"type":"Feature","properties":{"shape_id":"{}","direction_id":"{\"0\": 50}","headsign":"{}","duration_avg":240,"n_vehicles":50,"d":2400,"route_I_counts":"{\"8\": 50}","source":139,"target":140,"layer":"L","from":"青岛皋虞(地铁站)","to":"青岛温泉东(地铁站)"},"geometry":{"type":"LineString","coordinates":[[120.705992,36.463905],[120.698109,36.444042]]}},{"type":"Feature","properties":{"shape_id":"{}","direction_id":"{\"1\": 50}","headsign":"{}","duration_avg":240,"n_vehicles":50,"d":2400,"route_I_counts":"{\"8\": 50}","source":140,"target":139,"layer":"L","from":"青岛温泉东(地铁站)","to":"青岛皋虞(地铁站)"},"geometry":{"type":"LineString","coordinates":[[120.698109,36.444042],[120.705992,36.463905]]}},{"type":"Feature","properties":{"shape_id":"{}","direction_id":"{\"0\": 50}","headsign":"{}","duration_avg":180,"n_vehicles":50,"d":1800,"route_I_counts":"{\"8\": 50}","source":140,"target":141,"layer":"L","from":"青岛温泉东(地铁站)","to":"青岛博览中心(地铁站)"},"geometry":{"type":"LineString","coordinates":[[120.698109,36.444042],[120.699685,36.420915]]}},{"type":"Feature","properties":{"shape_id":"{}","direction_id":"{\"1\": 50}","headsign":"{}","duration_avg":180,"n_vehicles":50,"d":1800,"route_I_counts":"{\"8\": 50}","source":141,"target":140,"layer":"L","from":"青岛博览中心(地铁站)","to":"青岛温泉东(地铁站)"},"geometry":{"type":"LineString","coordinates":[[120.699685,36.420915],[120.698109,36.444042]]}},{"type":"Feature","properties":{"shape_id":"{}","direction_id":"{\"0\": 50}","headsign":"{}","duration_avg":180,"n_vehicles":50,"d":1800,"route_I_counts":"{\"8\": 50}","source":141,"target":142,"layer":"L","from":"青岛博览中心(地铁站)","to":"青岛水泊(地铁站)"},"geometry":{"type":"LineString","coordinates":[[120.699685,36.420915],[120.675023,36.405085]]}},{"type":"Feature","properties":{"shape_id":"{}","direction_id":"{\"1\": 50}","headsign":"{}","duration_avg":180,"n_vehicles":50,"d":1800,"route_I_counts":"{\"8\": 50}","source":142,"target":141,"layer":"L","from":"青岛水泊(地铁站)","to":"青岛博览中心(地铁站)"},"geometry":{"type":"LineString","coordinates":[[120.675023,36.405085],[120.699685,36.420915]]}},{"type":"Feature","properties":{"shape_id":"{}","direction_id":"{\"0\": 50}","headsign":"{}","duration_avg":120,"n_vehicles":50,"d":1200,"route_I_counts":"{\"8\": 50}","source":142,"target":143,"layer":"L","from":"青岛水泊(地铁站)","to":"青岛蓝色硅谷(地铁站)"},"geometry":{"type":"LineString","coordinates":[[120.675023,36.405085],[120.674537,36.385105]]}},{"type":"Feature","properties":{"shape_id":"{}","direction_id":"{\"1\": 50}","headsign":"{}","duration_avg":120,"n_vehicles":50,"d":1200,"route_I_counts":"{\"8\": 50}","source":143,"target":142,"layer":"L","from":"青岛蓝色硅谷(地铁站)","to":"青岛水泊(地铁站)"},"geometry":{"type":"LineString","coordinates":[[120.674537,36.385105],[120.675023,36.405085]]}},{"type":"Feature","properties":{"shape_id":"{}","direction_id":"{\"0\": 50}","headsign":"{}","duration_avg":180,"n_vehicles":50,"d":1800,"route_I_counts":"{\"8\": 50}","source":143,"target":144,"layer":"L","from":"青岛蓝色硅谷(地铁站)","to":"青岛山东大学(地铁站)"},"geometry":{"type":"LineString","coordinates":[[120.674537,36.385105],[120.673847,36.368887]]}},{"type":"Feature","properties":{"shape_id":"{}","direction_id":"{\"1\": 50}","headsign":"{}","duration_avg":180,"n_vehicles":50,"d":1800,"route_I_counts":"{\"8\": 50}","source":144,"target":143,"layer":"L","from":"青岛山东大学(地铁站)","to":"青岛蓝色硅谷(地铁站)"},"geometry":{"type":"LineString","coordinates":[[120.673847,36.368887],[120.674537,36.385105]]}},{"type":"Feature","properties":{"shape_id":"{}","direction_id":"{\"0\": 50}","headsign":"{}","duration_avg":180,"n_vehicles":50,"d":1800,"route_I_counts":"{\"8\": 50}","source":144,"target":145,"layer":"L","from":"青岛山东大学(地铁站)","to":"青岛鳌山卫(地铁站)"},"geometry":{"type":"LineString","coordinates":[[120.673847,36.368887],[120.65617,36.348924]]}},{"type":"Feature","properties":{"shape_id":"{}","direction_id":"{\"1\": 50}","headsign":"{}","duration_avg":180,"n_vehicles":50,"d":1800,"route_I_counts":"{\"8\": 50}","source":145,"target":144,"layer":"L","from":"青岛鳌山卫(地铁站)","to":"青岛山东大学(地铁站)"},"geometry":{"type":"LineString","coordinates":[[120.65617,36.348924],[120.673847,36.368887]]}},{"type":"Feature","properties":{"shape_id":"{}","direction_id":"{\"0\": 50}","headsign":"{}","duration_avg":240,"n_vehicles":50,"d":2400,"route_I_counts":"{\"8\": 50}","source":145,"target":146,"layer":"L","from":"青岛鳌山卫(地铁站)","to":"青岛浦里(地铁站)"},"geometry":{"type":"LineString","coordinates":[[120.65617,36.348924],[120.623465,36.306309]]}},{"type":"Feature","properties":{"shape_id":"{}","direction_id":"{\"1\": 50}","headsign":"{}","duration_avg":240,"n_vehicles":50,"d":2400,"route_I_counts":"{\"8\": 50}","source":146,"target":145,"layer":"L","from":"青岛浦里(地铁站)","to":"青岛鳌山卫(地铁站)"},"geometry":{"type":"LineString","coordinates":[[120.623465,36.306309],[120.65617,36.348924]]}},{"type":"Feature","properties":{"shape_id":"{}","direction_id":"{\"0\": 50}","headsign":"{}","duration_avg":180,"n_vehicles":50,"d":1800,"route_I_counts":"{\"8\": 50}","source":146,"target":147,"layer":"L","from":"青岛浦里(地铁站)","to":"青岛庙石(地铁站)"},"geometry":{"type":"LineString","coordinates":[[120.623465,36.306309],[120.60176,36.284365]]}},{"type":"Feature","properties":{"shape_id":"{}","direction_id":"{\"1\": 50}","headsign":"{}","duration_avg":180,"n_vehicles":50,"d":1800,"route_I_counts":"{\"8\": 50}","source":147,"target":146,"layer":"L","from":"青岛庙石(地铁站)","to":"青岛浦里(地铁站)"},"geometry":{"type":"LineString","coordinates":[[120.60176,36.284365],[120.623465,36.306309]]}},{"type":"Feature","properties":{"shape_id":"{}","direction_id":"{\"0\": 50}","headsign":"{}","duration_avg":360,"n_vehicles":50,"d":3600,"route_I_counts":"{\"8\": 50}","source":147,"target":148,"layer":"L","from":"青岛庙石(地铁站)","to":"青岛北九水(地铁站)"},"geometry":{"type":"LineString","coordinates":[[120.60176,36.284365],[120.554171,36.238533]]}},{"type":"Feature","properties":{"shape_id":"{}","direction_id":"{\"1\": 50}","headsign":"{}","duration_avg":360,"n_vehicles":50,"d":3600,"route_I_counts":"{\"8\": 50}","source":148,"target":147,"layer":"L","from":"青岛北九水(地铁站)","to":"青岛庙石(地铁站)"},"geometry":{"type":"LineString","coordinates":[[120.554171,36.238533],[120.60176,36.284365]]}},{"type":"Feature","properties":{"shape_id":"{}","direction_id":"{\"0\": 50}","headsign":"{}","duration_avg":180,"n_vehicles":50,"d":1800,"route_I_counts":"{\"8\": 50}","source":148,"target":149,"layer":"L","from":"青岛北九水(地铁站)","to":"青岛北宅(地铁站)"},"geometry":{"type":"LineString","coordinates":[[120.554171,36.238533],[120.529939,36.21373]]}},{"type":"Feature","properties":{"shape_id":"{}","direction_id":"{\"1\": 50}","headsign":"{}","duration_avg":180,"n_vehicles":50,"d":1800,"route_I_counts":"{\"8\": 50}","source":149,"target":148,"layer":"L","from":"青岛北宅(地铁站)","to":"青岛北九水(地铁站)"},"geometry":{"type":"LineString","coordinates":[[120.529939,36.21373],[120.554171,36.238533]]}},{"type":"Feature","properties":{"shape_id":"{}","direction_id":"{\"0\": 50}","headsign":"{}","duration_avg":240,"n_vehicles":50,"d":2400,"route_I_counts":"{\"8\": 50}","source":149,"target":150,"layer":"L","from":"青岛北宅(地铁站)","to":"青岛世博园(地铁站)"},"geometry":{"type":"LineString","coordinates":[[120.529939,36.21373],[120.506551,36.185404]]}},{"type":"Feature","properties":{"shape_id":"{}","direction_id":"{\"1\": 50}","headsign":"{}","duration_avg":240,"n_vehicles":50,"d":2400,"route_I_counts":"{\"8\": 50}","source":150,"target":149,"layer":"L","from":"青岛世博园(地铁站)","to":"青岛北宅(地铁站)"},"geometry":{"type":"LineString","coordinates":[[120.506551,36.185404],[120.529939,36.21373]]}},{"type":"Feature","properties":{"shape_id":"{}","direction_id":"{\"0\": 50}","headsign":"{}","duration_avg":180,"n_vehicles":50,"d":1800,"route_I_counts":"{\"8\": 50}","source":150,"target":151,"layer":"L","from":"青岛世博园(地铁站)","to":"青岛海洋大学(地铁站)"},"geometry":{"type":"LineString","coordinates":[[120.506551,36.185404],[120.489863,36.164945]]}},{"type":"Feature","properties":{"shape_id":"{}","direction_id":"{\"1\": 50}","headsign":"{}","duration_avg":180,"n_vehicles":50,"d":1800,"route_I_counts":"{\"8\": 50}","source":151,"target":150,"layer":"L","from":"青岛海洋大学(地铁站)","to":"青岛世博园(地铁站)"},"geometry":{"type":"LineString","coordinates":[[120.489863,36.164945],[120.506551,36.185404]]}},{"type":"Feature","properties":{"shape_id":"{}","direction_id":"{\"0\": 50}","headsign":"{}","duration_avg":120,"n_vehicles":50,"d":1200,"route_I_counts":"{\"8\": 50}","source":151,"target":152,"layer":"L","from":"青岛海洋大学(地铁站)","to":"青岛枯桃(地铁站)"},"geometry":{"type":"LineString","coordinates":[[120.489863,36.164945],[120.482237,36.147924]]}},{"type":"Feature","properties":{"shape_id":"{}","direction_id":"{\"1\": 50}","headsign":"{}","duration_avg":120,"n_vehicles":50,"d":1200,"route_I_counts":"{\"8\": 50}","source":152,"target":151,"layer":"L","from":"青岛枯桃(地铁站)","to":"青岛海洋大学(地铁站)"},"geometry":{"type":"LineString","coordinates":[[120.482237,36.147924],[120.489863,36.164945]]}},{"type":"Feature","properties":{"shape_id":"{}","direction_id":"{\"0\": 50}","headsign":"{}","duration_avg":120,"n_vehicles":50,"d":1200,"route_I_counts":"{\"8\": 50}","source":152,"target":94,"layer":"L","from":"青岛枯桃(地铁站)","to":"青岛张村(地铁站)"},"geometry":{"type":"LineString","coordinates":[[120.482237,36.147924],[120.480653,36.140355]]}},{"type":"Feature","properties":{"shape_id":"{}","direction_id":"{\"1\": 50}","headsign":"{}","duration_avg":120,"n_vehicles":50,"d":1200,"route_I_counts":"{\"8\": 50}","source":94,"target":152,"layer":"L","from":"青岛张村(地铁站)","to":"青岛枯桃(地铁站)"},"geometry":{"type":"LineString","coordinates":[[120.480653,36.140355],[120.482237,36.147924]]}},{"type":"Feature","properties":{"shape_id":"{}","direction_id":"{\"0\": 50}","headsign":"{}","duration_avg":120,"n_vehicles":50,"d":1200,"route_I_counts":"{\"8\": 50}","source":94,"target":153,"layer":"L","from":"青岛张村(地铁站)","to":"青岛青岛科大(地铁站)"},"geometry":{"type":"LineString","coordinates":[[120.480653,36.140355],[120.480366,36.124016]]}},{"type":"Feature","properties":{"shape_id":"{}","direction_id":"{\"1\": 50}","headsign":"{}","duration_avg":120,"n_vehicles":50,"d":1200,"route_I_counts":"{\"8\": 50}","source":153,"target":94,"layer":"L","from":"青岛青岛科大(地铁站)","to":"青岛张村(地铁站)"},"geometry":{"type":"LineString","coordinates":[[120.480366,36.124016],[120.480653,36.140355]]}},{"type":"Feature","properties":{"shape_id":"{}","direction_id":"{\"0\": 50}","headsign":"{}","duration_avg":180,"n_vehicles":50,"d":1800,"route_I_counts":"{\"8\": 50}","source":153,"target":154,"layer":"L","from":"青岛青岛科大(地铁站)","to":"青岛青岛二中(地铁站)"},"geometry":{"type":"LineString","coordinates":[[120.480366,36.124016],[120.475745,36.11032]]}},{"type":"Feature","properties":{"shape_id":"{}","direction_id":"{\"1\": 50}","headsign":"{}","duration_avg":180,"n_vehicles":50,"d":1800,"route_I_counts":"{\"8\": 50}","source":154,"target":153,"layer":"L","from":"青岛青岛二中(地铁站)","to":"青岛青岛科大(地铁站)"},"geometry":{"type":"LineString","coordinates":[[120.475745,36.11032],[120.480366,36.124016]]}},{"type":"Feature","properties":{"shape_id":"{}","direction_id":"{\"0\": 50}","headsign":"{}","duration_avg":120,"n_vehicles":50,"d":1200,"route_I_counts":"{\"8\": 50}","source":154,"target":155,"layer":"L","from":"青岛青岛二中(地铁站)","to":"青岛会展中心(地铁站)"},"geometry":{"type":"LineString","coordinates":[[120.475745,36.11032],[120.469379,36.102798]]}},{"type":"Feature","properties":{"shape_id":"{}","direction_id":"{\"1\": 50}","headsign":"{}","duration_avg":120,"n_vehicles":50,"d":1200,"route_I_counts":"{\"8\": 50}","source":155,"target":154,"layer":"L","from":"青岛会展中心(地铁站)","to":"青岛青岛二中(地铁站)"},"geometry":{"type":"LineString","coordinates":[[120.469379,36.102798],[120.475745,36.11032]]}},{"type":"Feature","properties":{"shape_id":"{}","direction_id":"{\"0\": 50}","headsign":"{}","duration_avg":60,"n_vehicles":50,"d":600,"route_I_counts":"{\"8\": 50}","source":155,"target":48,"layer":"L","from":"青岛会展中心(地铁站)","to":"青岛苗岭路(地铁站)"},"geometry":{"type":"LineString","coordinates":[[120.469379,36.102798],[120.460019,36.100329]]}},{"type":"Feature","properties":{"shape_id":"{}","direction_id":"{\"1\": 50}","headsign":"{}","duration_avg":60,"n_vehicles":50,"d":600,"route_I_counts":"{\"8\": 50}","source":48,"target":155,"layer":"L","from":"青岛苗岭路(地铁站)","to":"青岛会展中心(地铁站)"},"geometry":{"type":"LineString","coordinates":[[120.460019,36.100329],[120.469379,36.102798]]}},{"type":"Feature","properties":{"shape_id":"{}","direction_id":"{\"0\": 50}","headsign":"{}","duration_avg":240,"n_vehicles":50,"d":2400,"route_I_counts":"{\"9\": 50}","source":156,"target":157,"layer":"L","from":"青岛董家口火车站(地铁站)","to":"青岛泊里(地铁站)"},"geometry":{"type":"LineString","coordinates":[[119.710442,35.675649],[119.761793,35.687161]]}},{"type":"Feature","properties":{"shape_id":"{}","direction_id":"{\"1\": 50}","headsign":"{}","duration_avg":240,"n_vehicles":50,"d":2400,"route_I_counts":"{\"9\": 50}","source":157,"target":156,"layer":"L","from":"青岛泊里(地铁站)","to":"青岛董家口火车站(地铁站)"},"geometry":{"type":"LineString","coordinates":[[119.761793,35.687161],[119.710442,35.675649]]}},{"type":"Feature","properties":{"shape_id":"{}","direction_id":"{\"0\": 50}","headsign":"{}","duration_avg":180,"n_vehicles":50,"d":1800,"route_I_counts":"{\"9\": 50}","source":157,"target":158,"layer":"L","from":"青岛泊里(地铁站)","to":"青岛董家口港(地铁站)"},"geometry":{"type":"LineString","coordinates":[[119.761793,35.687161],[119.792038,35.685177]]}},{"type":"Feature","properties":{"shape_id":"{}","direction_id":"{\"1\": 50}","headsign":"{}","duration_avg":180,"n_vehicles":50,"d":1800,"route_I_counts":"{\"9\": 50}","source":158,"target":157,"layer":"L","from":"青岛董家口港(地铁站)","to":"青岛泊里(地铁站)"},"geometry":{"type":"LineString","coordinates":[[119.792038,35.685177],[119.761793,35.687161]]}},{"type":"Feature","properties":{"shape_id":"{}","direction_id":"{\"0\": 50}","headsign":"{}","duration_avg":240,"n_vehicles":50,"d":2400,"route_I_counts":"{\"9\": 50}","source":158,"target":159,"layer":"L","from":"青岛董家口港(地铁站)","to":"青岛贡口湾(地铁站)"},"geometry":{"type":"LineString","coordinates":[[119.792038,35.685177],[119.832223,35.676774]]}},{"type":"Feature","properties":{"shape_id":"{}","direction_id":"{\"1\": 50}","headsign":"{}","duration_avg":240,"n_vehicles":50,"d":2400,"route_I_counts":"{\"9\": 50}","source":159,"target":158,"layer":"L","from":"青岛贡口湾(地铁站)","to":"青岛董家口港(地铁站)"},"geometry":{"type":"LineString","coordinates":[[119.832223,35.676774],[119.792038,35.685177]]}},{"type":"Feature","properties":{"shape_id":"{}","direction_id":"{\"0\": 50}","headsign":"{}","duration_avg":240,"n_vehicles":50,"d":2400,"route_I_counts":"{\"9\": 50}","source":159,"target":160,"layer":"L","from":"青岛贡口湾(地铁站)","to":"青岛琅琊(地铁站)"},"geometry":{"type":"LineString","coordinates":[[119.832223,35.676774],[119.870036,35.671008]]}},{"type":"Feature","properties":{"shape_id":"{}","direction_id":"{\"1\": 50}","headsign":"{}","duration_avg":240,"n_vehicles":50,"d":2400,"route_I_counts":"{\"9\": 50}","source":160,"target":159,"layer":"L","from":"青岛琅琊(地铁站)","to":"青岛贡口湾(地铁站)"},"geometry":{"type":"LineString","coordinates":[[119.870036,35.671008],[119.832223,35.676774]]}},{"type":"Feature","properties":{"shape_id":"{}","direction_id":"{\"0\": 50}","headsign":"{}","duration_avg":240,"n_vehicles":50,"d":2400,"route_I_counts":"{\"9\": 50}","source":160,"target":161,"layer":"L","from":"青岛琅琊(地铁站)","to":"青岛龙湾(地铁站)"},"geometry":{"type":"LineString","coordinates":[[119.870036,35.671008],[119.897087,35.69033]]}},{"type":"Feature","properties":{"shape_id":"{}","direction_id":"{\"1\": 50}","headsign":"{}","duration_avg":240,"n_vehicles":50,"d":2400,"route_I_counts":"{\"9\": 50}","source":161,"target":160,"layer":"L","from":"青岛龙湾(地铁站)","to":"青岛琅琊(地铁站)"},"geometry":{"type":"LineString","coordinates":[[119.897087,35.69033],[119.870036,35.671008]]}},{"type":"Feature","properties":{"shape_id":"{}","direction_id":"{\"0\": 50}","headsign":"{}","duration_avg":360,"n_vehicles":50,"d":3600,"route_I_counts":"{\"9\": 50}","source":161,"target":162,"layer":"L","from":"青岛龙湾(地铁站)","to":"青岛古镇口(地铁站)"},"geometry":{"type":"LineString","coordinates":[[119.897087,35.69033],[119.888684,35.751012]]}},{"type":"Feature","properties":{"shape_id":"{}","direction_id":"{\"1\": 50}","headsign":"{}","duration_avg":360,"n_vehicles":50,"d":3600,"route_I_counts":"{\"9\": 50}","source":162,"target":161,"layer":"L","from":"青岛古镇口(地铁站)","to":"青岛龙湾(地铁站)"},"geometry":{"type":"LineString","coordinates":[[119.888684,35.751012],[119.897087,35.69033]]}},{"type":"Feature","properties":{"shape_id":"{}","direction_id":"{\"0\": 50}","headsign":"{}","duration_avg":300,"n_vehicles":50,"d":3000,"route_I_counts":"{\"9\": 50}","source":162,"target":163,"layer":"L","from":"青岛古镇口(地铁站)","to":"青岛张家楼(地铁站)"},"geometry":{"type":"LineString","coordinates":[[119.888684,35.751012],[119.921236,35.794081]]}},{"type":"Feature","properties":{"shape_id":"{}","direction_id":"{\"1\": 50}","headsign":"{}","duration_avg":300,"n_vehicles":50,"d":3000,"route_I_counts":"{\"9\": 50}","source":163,"target":162,"layer":"L","from":"青岛张家楼(地铁站)","to":"青岛古镇口(地铁站)"},"geometry":{"type":"LineString","coordinates":[[119.921236,35.794081],[119.888684,35.751012]]}},{"type":"Feature","properties":{"shape_id":"{}","direction_id":"{\"0\": 50}","headsign":"{}","duration_avg":300,"n_vehicles":50,"d":3000,"route_I_counts":"{\"9\": 50}","source":163,"target":164,"layer":"L","from":"青岛张家楼(地铁站)","to":"青岛大珠山(地铁站)"},"geometry":{"type":"LineString","coordinates":[[119.921236,35.794081],[119.984038,35.815793]]}},{"type":"Feature","properties":{"shape_id":"{}","direction_id":"{\"1\": 50}","headsign":"{}","duration_avg":300,"n_vehicles":50,"d":3000,"route_I_counts":"{\"9\": 50}","source":164,"target":163,"layer":"L","from":"青岛大珠山(地铁站)","to":"青岛张家楼(地铁站)"},"geometry":{"type":"LineString","coordinates":[[119.984038,35.815793],[119.921236,35.794081]]}},{"type":"Feature","properties":{"shape_id":"{}","direction_id":"{\"0\": 50}","headsign":"{}","duration_avg":180,"n_vehicles":50,"d":1800,"route_I_counts":"{\"9\": 50}","source":164,"target":165,"layer":"L","from":"青岛大珠山(地铁站)","to":"青岛盛海路(世博城)(地铁站)"},"geometry":{"type":"LineString","coordinates":[[119.984038,35.815793],[119.997777,35.827558]]}},{"type":"Feature","properties":{"shape_id":"{}","direction_id":"{\"1\": 50}","headsign":"{}","duration_avg":180,"n_vehicles":50,"d":1800,"route_I_counts":"{\"9\": 50}","source":165,"target":164,"layer":"L","from":"青岛盛海路(世博城)(地铁站)","to":"青岛大珠山(地铁站)"},"geometry":{"type":"LineString","coordinates":[[119.997777,35.827558],[119.984038,35.815793]]}},{"type":"Feature","properties":{"shape_id":"{}","direction_id":"{\"0\": 50}","headsign":"{}","duration_avg":180,"n_vehicles":50,"d":1800,"route_I_counts":"{\"9\": 50}","source":165,"target":166,"layer":"L","from":"青岛盛海路(世博城)(地铁站)","to":"青岛世纪大道(地铁站)"},"geometry":{"type":"LineString","coordinates":[[119.997777,35.827558],[119.997196,35.849644]]}},{"type":"Feature","properties":{"shape_id":"{}","direction_id":"{\"1\": 50}","headsign":"{}","duration_avg":180,"n_vehicles":50,"d":1800,"route_I_counts":"{\"9\": 50}","source":166,"target":165,"layer":"L","from":"青岛世纪大道(地铁站)","to":"青岛盛海路(世博城)(地铁站)"},"geometry":{"type":"LineString","coordinates":[[119.997196,35.849644],[119.997777,35.827558]]}},{"type":"Feature","properties":{"shape_id":"{}","direction_id":"{\"0\": 50}","headsign":"{}","duration_avg":240,"n_vehicles":50,"d":2400,"route_I_counts":"{\"9\": 50}","source":166,"target":167,"layer":"L","from":"青岛世纪大道(地铁站)","to":"青岛双珠路(地铁站)"},"geometry":{"type":"LineString","coordinates":[[119.997196,35.849644],[120.011308,35.871331]]}},{"type":"Feature","properties":{"shape_id":"{}","direction_id":"{\"1\": 50}","headsign":"{}","duration_avg":240,"n_vehicles":50,"d":2400,"route_I_counts":"{\"9\": 50}","source":167,"target":166,"layer":"L","from":"青岛双珠路(地铁站)","to":"青岛世纪大道(地铁站)"},"geometry":{"type":"LineString","coordinates":[[120.011308,35.871331],[119.997196,35.849644]]}},{"type":"Feature","properties":{"shape_id":"{}","direction_id":"{\"0\": 50}","headsign":"{}","duration_avg":180,"n_vehicles":50,"d":1800,"route_I_counts":"{\"9\": 50}","source":167,"target":168,"layer":"L","from":"青岛双珠路(地铁站)","to":"青岛凤凰山路(地铁站)"},"geometry":{"type":"LineString","coordinates":[[120.011308,35.871331],[120.01742,35.889969]]}},{"type":"Feature","properties":{"shape_id":"{}","direction_id":"{\"1\": 50}","headsign":"{}","duration_avg":180,"n_vehicles":50,"d":1800,"route_I_counts":"{\"9\": 50}","source":168,"target":167,"layer":"L","from":"青岛凤凰山路(地铁站)","to":"青岛双珠路(地铁站)"},"geometry":{"type":"LineString","coordinates":[[120.01742,35.889969],[120.011308,35.871331]]}},{"type":"Feature","properties":{"shape_id":"{}","direction_id":"{\"0\": 50}","headsign":"{}","duration_avg":120,"n_vehicles":50,"d":1200,"route_I_counts":"{\"9\": 50}","source":168,"target":169,"layer":"L","from":"青岛凤凰山路(地铁站)","to":"青岛隐珠(地铁站)"},"geometry":{"type":"LineString","coordinates":[[120.01742,35.889969],[120.029556,35.892067]]}},{"type":"Feature","properties":{"shape_id":"{}","direction_id":"{\"1\": 50}","headsign":"{}","duration_avg":120,"n_vehicles":50,"d":1200,"route_I_counts":"{\"9\": 50}","source":169,"target":168,"layer":"L","from":"青岛隐珠(地铁站)","to":"青岛凤凰山路(地铁站)"},"geometry":{"type":"LineString","coordinates":[[120.029556,35.892067],[120.01742,35.889969]]}},{"type":"Feature","properties":{"shape_id":"{}","direction_id":"{\"0\": 50}","headsign":"{}","duration_avg":240,"n_vehicles":50,"d":2400,"route_I_counts":"{\"9\": 50}","source":169,"target":170,"layer":"L","from":"青岛隐珠(地铁站)","to":"青岛两河(地铁站)"},"geometry":{"type":"LineString","coordinates":[[120.029556,35.892067],[120.061424,35.893947]]}},{"type":"Feature","properties":{"shape_id":"{}","direction_id":"{\"1\": 50}","headsign":"{}","duration_avg":240,"n_vehicles":50,"d":2400,"route_I_counts":"{\"9\": 50}","source":170,"target":169,"layer":"L","from":"青岛两河(地铁站)","to":"青岛隐珠(地铁站)"},"geometry":{"type":"LineString","coordinates":[[120.061424,35.893947],[120.029556,35.892067]]}},{"type":"Feature","properties":{"shape_id":"{}","direction_id":"{\"0\": 50}","headsign":"{}","duration_avg":180,"n_vehicles":50,"d":1800,"route_I_counts":"{\"9\": 50}","source":170,"target":120,"layer":"L","from":"青岛两河(地铁站)","to":"青岛辛屯(地铁站)"},"geometry":{"type":"LineString","coordinates":[[120.061424,35.893947],[120.081784,35.899545]]}},{"type":"Feature","properties":{"shape_id":"{}","direction_id":"{\"1\": 50}","headsign":"{}","duration_avg":180,"n_vehicles":50,"d":1800,"route_I_counts":"{\"9\": 50}","source":120,"target":170,"layer":"L","from":"青岛辛屯(地铁站)","to":"青岛两河(地铁站)"},"geometry":{"type":"LineString","coordinates":[[120.081784,35.899545],[120.061424,35.893947]]}},{"type":"Feature","properties":{"shape_id":"{}","direction_id":"{\"0\": 50}","headsign":"{}","duration_avg":180,"n_vehicles":50,"d":1800,"route_I_counts":"{\"9\": 50}","source":120,"target":171,"layer":"L","from":"青岛辛屯(地铁站)","to":"青岛朝阳山(地铁站)"},"geometry":{"type":"LineString","coordinates":[[120.081784,35.899545],[120.096607,35.908079]]}},{"type":"Feature","properties":{"shape_id":"{}","direction_id":"{\"1\": 50}","headsign":"{}","duration_avg":180,"n_vehicles":50,"d":1800,"route_I_counts":"{\"9\": 50}","source":171,"target":120,"layer":"L","from":"青岛朝阳山(地铁站)","to":"青岛辛屯(地铁站)"},"geometry":{"type":"LineString","coordinates":[[120.096607,35.908079],[120.081784,35.899545]]}},{"type":"Feature","properties":{"shape_id":"{}","direction_id":"{\"0\": 50}","headsign":"{}","duration_avg":120,"n_vehicles":50,"d":1200,"route_I_counts":"{\"9\": 50}","source":171,"target":172,"layer":"L","from":"青岛朝阳山(地铁站)","to":"青岛学院路(地铁站)"},"geometry":{"type":"LineString","coordinates":[[120.096607,35.908079],[120.113779,35.919366]]}},{"type":"Feature","properties":{"shape_id":"{}","direction_id":"{\"1\": 50}","headsign":"{}","duration_avg":120,"n_vehicles":50,"d":1200,"route_I_counts":"{\"9\": 50}","source":172,"target":171,"layer":"L","from":"青岛学院路(地铁站)","to":"青岛朝阳山(地铁站)"},"geometry":{"type":"LineString","coordinates":[[120.113779,35.919366],[120.096607,35.908079]]}},{"type":"Feature","properties":{"shape_id":"{}","direction_id":"{\"0\": 50}","headsign":"{}","duration_avg":180,"n_vehicles":50,"d":1800,"route_I_counts":"{\"9\": 50}","source":172,"target":173,"layer":"L","from":"青岛学院路(地铁站)","to":"青岛灵山卫(地铁站)"},"geometry":{"type":"LineString","coordinates":[[120.113779,35.919366],[120.133198,35.925546]]}},{"type":"Feature","properties":{"shape_id":"{}","direction_id":"{\"1\": 50}","headsign":"{}","duration_avg":180,"n_vehicles":50,"d":1800,"route_I_counts":"{\"9\": 50}","source":173,"target":172,"layer":"L","from":"青岛灵山卫(地铁站)","to":"青岛学院路(地铁站)"},"geometry":{"type":"LineString","coordinates":[[120.133198,35.925546],[120.113779,35.919366]]}},{"type":"Feature","properties":{"shape_id":"{}","direction_id":"{\"0\": 50}","headsign":"{}","duration_avg":180,"n_vehicles":50,"d":1800,"route_I_counts":"{\"9\": 50}","source":173,"target":174,"layer":"L","from":"青岛灵山卫(地铁站)","to":"青岛积米崖(地铁站)"},"geometry":{"type":"LineString","coordinates":[[120.133198,35.925546],[120.159709,35.93079]]}},{"type":"Feature","properties":{"shape_id":"{}","direction_id":"{\"1\": 50}","headsign":"{}","duration_avg":180,"n_vehicles":50,"d":1800,"route_I_counts":"{\"9\": 50}","source":174,"target":173,"layer":"L","from":"青岛积米崖(地铁站)","to":"青岛灵山卫(地铁站)"},"geometry":{"type":"LineString","coordinates":[[120.159709,35.93079],[120.133198,35.925546]]}},{"type":"Feature","properties":{"shape_id":"{}","direction_id":"{\"0\": 50}","headsign":"{}","duration_avg":240,"n_vehicles":50,"d":2400,"route_I_counts":"{\"9\": 50}","source":174,"target":37,"layer":"L","from":"青岛积米崖(地铁站)","to":"青岛井冈山路(地铁站)"},"geometry":{"type":"LineString","coordinates":[[120.159709,35.93079],[120.181996,35.953812]]}},{"type":"Feature","properties":{"shape_id":"{}","direction_id":"{\"1\": 50}","headsign":"{}","duration_avg":240,"n_vehicles":50,"d":2400,"route_I_counts":"{\"9\": 50}","source":37,"target":174,"layer":"L","from":"青岛井冈山路(地铁站)","to":"青岛积米崖(地铁站)"},"geometry":{"type":"LineString","coordinates":[[120.181996,35.953812],[120.159709,35.93079]]}},{"type":"Feature","properties":{"shape_id":"{}","direction_id":"{\"0\": 50}","headsign":"{}","duration_avg":120,"n_vehicles":50,"d":1200,"route_I_counts":"{\"9\": 50}","source":37,"target":175,"layer":"L","from":"青岛井冈山路(地铁站)","to":"青岛香江路(地铁站)"},"geometry":{"type":"LineString","coordinates":[[120.181996,35.953812],[120.181251,35.966266]]}},{"type":"Feature","properties":{"shape_id":"{}","direction_id":"{\"1\": 50}","headsign":"{}","duration_avg":120,"n_vehicles":50,"d":1200,"route_I_counts":"{\"9\": 50}","source":175,"target":37,"layer":"L","from":"青岛香江路(地铁站)","to":"青岛井冈山路(地铁站)"},"geometry":{"type":"LineString","coordinates":[[120.181251,35.966266],[120.181996,35.953812]]}},{"type":"Feature","properties":{"shape_id":"{}","direction_id":"{\"0\": 50}","headsign":"{}","duration_avg":120,"n_vehicles":50,"d":1200,"route_I_counts":"{\"9\": 50}","source":175,"target":176,"layer":"L","from":"青岛香江路(地铁站)","to":"青岛嘉陵江西路(地铁站)"},"geometry":{"type":"LineString","coordinates":[[120.181251,35.966266],[120.173636,35.975001]]}},{"type":"Feature","properties":{"shape_id":"{}","direction_id":"{\"1\": 50}","headsign":"{}","duration_avg":120,"n_vehicles":50,"d":1200,"route_I_counts":"{\"9\": 50}","source":176,"target":175,"layer":"L","from":"青岛嘉陵江西路(地铁站)","to":"青岛香江路(地铁站)"},"geometry":{"type":"LineString","coordinates":[[120.173636,35.975001],[120.181251,35.966266]]}}]}