{"type":"FeatureCollection","features":[{"type":"Feature","geometry":{"type":"Point","coordinates":[117.109463,39.206739]},"properties":{"name":"天津刘园(地铁站)","original_ids":"[1]","id":0,"layer":"stop"}},{"type":"Feature","geometry":{"type":"Point","coordinates":[117.115424,39.198998]},"properties":{"name":"天津瑞景新苑(地铁站)","original_ids":"[2]","id":1,"layer":"stop"}},{"type":"Feature","geometry":{"type":"Point","coordinates":[117.121727,39.19078]},"properties":{"name":"天津佳园里(地铁站)","original_ids":"[3]","id":2,"layer":"stop"}},{"type":"Feature","geometry":{"type":"Point","coordinates":[117.133046,39.184258]},"properties":{"name":"天津本溪路(地铁站)","original_ids":"[4]","id":3,"layer":"stop"}},{"type":"Feature","geometry":{"type":"Point","coordinates":[117.147281,39.177195]},"properties":{"name":"天津勤俭道(地铁站)","original_ids":"[5]","id":4,"layer":"stop"}},{"type":"Feature","geometry":{"type":"Point","coordinates":[117.155533,39.16976]},"properties":{"name":"天津洪湖里(地铁站)","original_ids":"[6]","id":5,"layer":"stop"}},{"type":"Feature","geometry":{"type":"Point","coordinates":[117.160424,39.155861]},"properties":{"name":"天津西站(地铁站)","original_ids":"[7]","id":6,"layer":"stop"}},{"type":"Feature","geometry":{"type":"Point","coordinates":[117.165303,39.145472]},"properties":{"name":"天津西北角(地铁站)","original_ids":"[8]","id":7,"layer":"stop"}},{"type":"Feature","geometry":{"type":"Point","coordinates":[117.16564,39.136275]},"properties":{"name":"天津西南角(地铁站)","original_ids":"[9]","id":8,"layer":"stop"}},{"type":"Feature","geometry":{"type":"Point","coordinates":[117.168387,39.129239]},"properties":{"name":"天津二纬路(地铁站)","original_ids":"[10]","id":9,"layer":"stop"}},{"type":"Feature","geometry":{"type":"Point","coordinates":[117.17119,39.121279]},"properties":{"name":"天津海光寺(地铁站)","original_ids":"[11]","id":10,"layer":"stop"}},{"type":"Feature","geometry":{"type":"Point","coordinates":[117.181011,39.119303]},"properties":{"name":"天津鞍山道(地铁站)","original_ids":"[12]","id":11,"layer":"stop"}},{"type":"Feature","geometry":{"type":"Point","coordinates":[117.19227,39.117376]},"properties":{"name":"天津营口道(地铁站)","original_ids":"[13]","id":12,"layer":"stop"}},{"type":"Feature","geometry":{"type":"Point","coordinates":[117.20923,39.113855]},"properties":{"name":"天津小白楼(地铁站)","original_ids":"[14]","id":13,"layer":"stop"}},{"type":"Feature","geometry":{"type":"Point","coordinates":[117.216607,39.104258]},"properties":{"name":"天津下瓦房(地铁站)","original_ids":"[15]","id":14,"layer":"stop"}},{"type":"Feature","geometry":{"type":"Point","coordinates":[117.217604,39.095013]},"properties":{"name":"天津南楼(地铁站)","original_ids":"[16]","id":15,"layer":"stop"}},{"type":"Feature","geometry":{"type":"Point","coordinates":[117.226016,39.088242]},"properties":{"name":"天津土城(地铁站)","original_ids":"[17]","id":16,"layer":"stop"}},{"type":"Feature","geometry":{"type":"Point","coordinates":[117.242221,39.082533]},"properties":{"name":"天津陈塘庄(地铁站)","original_ids":"[18]","id":17,"layer":"stop"}},{"type":"Feature","geometry":{"type":"Point","coordinates":[117.253908,39.076242]},"properties":{"name":"天津复兴门(地铁站)","original_ids":"[19]","id":18,"layer":"stop"}},{"type":"Feature","geometry":{"type":"Point","coordinates":[117.25562,39.065204]},"properties":{"name":"天津华山里(地铁站)","original_ids":"[20]","id":19,"layer":"stop"}},{"type":"Feature","geometry":{"type":"Point","coordinates":[117.270625,39.062971]},"properties":{"name":"天津财经大学(地铁站)","original_ids":"[21]","id":20,"layer":"stop"}},{"type":"Feature","geometry":{"type":"Point","coordinates":[117.285847,39.056206]},"properties":{"name":"天津双林(地铁站)","original_ids":"[22]","id":21,"layer":"stop"}},{"type":"Feature","geometry":{"type":"Point","coordinates":[117.310784,39.053427]},"properties":{"name":"天津李楼(地铁站)","original_ids":"[23]","id":22,"layer":"stop"}},{"type":"Feature","geometry":{"type":"Point","coordinates":[117.327224,39.050415]},"properties":{"name":"天津梨双路北(地铁站)","original_ids":"[24]","id":23,"layer":"stop"}},{"type":"Feature","geometry":{"type":"Point","coordinates":[117.338427,39.046539]},"properties":{"name":"天津洪泥河东(地铁站)","original_ids":"[25]","id":24,"layer":"stop"}},{"type":"Feature","geometry":{"type":"Point","coordinates":[117.354297,39.042007]},"properties":{"name":"天津高庄子(地铁站)","original_ids":"[26]","id":25,"layer":"stop"}},{"type":"Feature","geometry":{"type":"Point","coordinates":[117.365168,39.038801]},"properties":{"name":"天津上郭庄(地铁站)","original_ids":"[27]","id":26,"layer":"stop"}},{"type":"Feature","geometry":{"type":"Point","coordinates":[117.377665,39.027626]},"properties":{"name":"天津国家会展中心(地铁站)","original_ids":"[28]","id":27,"layer":"stop"}},{"type":"Feature","geometry":{"type":"Point","coordinates":[117.384201,39.020821]},"properties":{"name":"天津国瑞路(地铁站)","original_ids":"[29]","id":28,"layer":"stop"}},{"type":"Feature","geometry":{"type":"Point","coordinates":[117.401847,39.011301]},"properties":{"name":"天津东沽路(地铁站)","original_ids":"[30]","id":29,"layer":"stop"}},{"type":"Feature","geometry":{"type":"Point","coordinates":[117.414124,39.008447]},"properties":{"name":"天津咸水沽北(地铁站)","original_ids":"[31]","id":30,"layer":"stop"}},{"type":"Feature","geometry":{"type":"Point","coordinates":[117.424767,39.001714]},"properties":{"name":"天津双桥河(地铁站)","original_ids":"[32]","id":31,"layer":"stop"}},{"type":"Feature","geometry":{"type":"Point","coordinates":[117.08453,39.144517]},"properties":{"name":"天津曹庄(地铁站)","original_ids":"[33]","id":32,"layer":"stop"}},{"type":"Feature","geometry":{"type":"Point","coordinates":[117.10285,39.145048]},"properties":{"name":"天津卞兴(地铁站)","original_ids":"[34]","id":33,"layer":"stop"}},{"type":"Feature","geometry":{"type":"Point","coordinates":[117.113234,39.141495]},"properties":{"name":"天津芥园西道(地铁站)","original_ids":"[35]","id":34,"layer":"stop"}},{"type":"Feature","geometry":{"type":"Point","coordinates":[117.128874,39.136617]},"properties":{"name":"天津咸阳路(地铁站)","original_ids":"[36]","id":35,"layer":"stop"}},{"type":"Feature","geometry":{"type":"Point","coordinates":[117.143048,39.136675]},"properties":{"name":"天津长虹公园(地铁站)","original_ids":"[37]","id":36,"layer":"stop"}},{"type":"Feature","geometry":{"type":"Point","coordinates":[117.155368,39.136544]},"properties":{"name":"天津广开四马路(地铁站)","original_ids":"[38]","id":37,"layer":"stop"}},{"type":"Feature","geometry":{"type":"Point","coordinates":[117.174889,39.136055]},"properties":{"name":"天津鼓楼(地铁站)","original_ids":"[39]","id":38,"layer":"stop"}},{"type":"Feature","geometry":{"type":"Point","coordinates":[117.184109,39.135821]},"properties":{"name":"天津东南角(地铁站)","original_ids":"[40]","id":39,"layer":"stop"}},{"type":"Feature","geometry":{"type":"Point","coordinates":[117.194584,39.137968]},"properties":{"name":"天津建国道意风区(地铁站)","original_ids":"[41]","id":40,"layer":"stop"}},{"type":"Feature","geometry":{"type":"Point","coordinates":[117.203707,39.137226]},"properties":{"name":"天津天津站(地铁站)","original_ids":"[42]","id":41,"layer":"stop"}},{"type":"Feature","geometry":{"type":"Point","coordinates":[117.214977,39.13552]},"properties":{"name":"天津远洋国际中心(地铁站)","original_ids":"[43]","id":42,"layer":"stop"}},{"type":"Feature","geometry":{"type":"Point","coordinates":[117.227334,39.14042]},"properties":{"name":"天津顺驰桥(地铁站)","original_ids":"[44]","id":43,"layer":"stop"}},{"type":"Feature","geometry":{"type":"Point","coordinates":[117.237974,39.141522]},"properties":{"name":"天津靖江路(地铁站)","original_ids":"[45]","id":44,"layer":"stop"}},{"type":"Feature","geometry":{"type":"Point","coordinates":[117.251336,39.142998]},"properties":{"name":"天津翠阜新村(地铁站)","original_ids":"[46]","id":45,"layer":"stop"}},{"type":"Feature","geometry":{"type":"Point","coordinates":[117.273529,39.146194]},"properties":{"name":"天津屿东城(地铁站)","original_ids":"[47]","id":46,"layer":"stop"}},{"type":"Feature","geometry":{"type":"Point","coordinates":[117.289573,39.149453]},"properties":{"name":"天津登州路(地铁站)","original_ids":"[48]","id":47,"layer":"stop"}},{"type":"Feature","geometry":{"type":"Point","coordinates":[117.30341,39.153024]},"properties":{"name":"天津国山路(地铁站)","original_ids":"[49]","id":48,"layer":"stop"}},{"type":"Feature","geometry":{"type":"Point","coordinates":[117.328387,39.15654]},"properties":{"name":"天津空港经济区(地铁站)","original_ids":"[50]","id":49,"layer":"stop"}},{"type":"Feature","geometry":{"type":"Point","coordinates":[117.356112,39.130965]},"properties":{"name":"天津滨海国际机场(地铁站)","original_ids":"[51]","id":50,"layer":"stop"}},{"type":"Feature","geometry":{"type":"Point","coordinates":[117.251349,39.238129]},"properties":{"name":"天津小淀(地铁站)","original_ids":"[52]","id":51,"layer":"stop"}},{"type":"Feature","geometry":{"type":"Point","coordinates":[117.229734,39.2371]},"properties":{"name":"天津丰产河(地铁站)","original_ids":"[53]","id":52,"layer":"stop"}},{"type":"Feature","geometry":{"type":"Point","coordinates":[117.221394,39.226502]},"properties":{"name":"天津华北集团(地铁站)","original_ids":"[54]","id":53,"layer":"stop"}},{"type":"Feature","geometry":{"type":"Point","coordinates":[117.208903,39.204835]},"properties":{"name":"天津天士力(地铁站)","original_ids":"[55]","id":54,"layer":"stop"}},{"type":"Feature","geometry":{"type":"Point","coordinates":[117.212309,39.196506]},"properties":{"name":"天津宜兴埠(地铁站)","original_ids":"[56]","id":55,"layer":"stop"}},{"type":"Feature","geometry":{"type":"Point","coordinates":[117.209058,39.190404]},"properties":{"name":"天津张兴庄(地铁站)","original_ids":"[57]","id":56,"layer":"stop"}},{"type":"Feature","geometry":{"type":"Point","coordinates":[117.200997,39.17881]},"properties":{"name":"天津铁东路(地铁站)","original_ids":"[58]","id":57,"layer":"stop"}},{"type":"Feature","geometry":{"type":"Point","coordinates":[117.201527,39.165609]},"properties":{"name":"天津北站(地铁站)","original_ids":"[59]","id":58,"layer":"stop"}},{"type":"Feature","geometry":{"type":"Point","coordinates":[117.199234,39.160784]},"properties":{"name":"天津中山路(地铁站)","original_ids":"[60]","id":59,"layer":"stop"}},{"type":"Feature","geometry":{"type":"Point","coordinates":[117.201462,39.150028]},"properties":{"name":"天津金狮桥(地铁站)","original_ids":"[61]","id":60,"layer":"stop"}},{"type":"Feature","geometry":{"type":"Point","coordinates":[117.201261,39.130873]},"properties":{"name":"天津津湾广场(地铁站)","original_ids":"[62]","id":61,"layer":"stop"}},{"type":"Feature","geometry":{"type":"Point","coordinates":[117.198356,39.125871]},"properties":{"name":"天津和平路(地铁站)","original_ids":"[63]","id":62,"layer":"stop"}},{"type":"Feature","geometry":{"type":"Point","coordinates":[117.18181,39.111173]},"properties":{"name":"天津西康路(地铁站)","original_ids":"[64]","id":63,"layer":"stop"}},{"type":"Feature","geometry":{"type":"Point","coordinates":[117.17982,39.098741]},"properties":{"name":"天津吴家窑(地铁站)","original_ids":"[65]","id":64,"layer":"stop"}},{"type":"Feature","geometry":{"type":"Point","coordinates":[117.17142,39.094721]},"properties":{"name":"天津天塔(地铁站)","original_ids":"[66]","id":65,"layer":"stop"}},{"type":"Feature","geometry":{"type":"Point","coordinates":[117.157237,39.091646]},"properties":{"name":"天津周邓纪念馆(地铁站)","original_ids":"[67]","id":66,"layer":"stop"}},{"type":"Feature","geometry":{"type":"Point","coordinates":[117.141757,39.091651]},"properties":{"name":"天津红旗南路(地铁站)","original_ids":"[68]","id":67,"layer":"stop"}},{"type":"Feature","geometry":{"type":"Point","coordinates":[117.132666,39.091014]},"properties":{"name":"天津王顶堤(地铁站)","original_ids":"[69]","id":68,"layer":"stop"}},{"type":"Feature","geometry":{"type":"Point","coordinates":[117.122343,39.086035]},"properties":{"name":"天津华苑(地铁站)","original_ids":"[70]","id":69,"layer":"stop"}},{"type":"Feature","geometry":{"type":"Point","coordinates":[117.105724,39.07131]},"properties":{"name":"天津大学城(地铁站)","original_ids":"[71]","id":70,"layer":"stop"}},{"type":"Feature","geometry":{"type":"Point","coordinates":[117.092195,39.070744]},"properties":{"name":"天津高新区(地铁站)","original_ids":"[72]","id":71,"layer":"stop"}},{"type":"Feature","geometry":{"type":"Point","coordinates":[117.072133,39.070748]},"properties":{"name":"天津学府工业区(地铁站)","original_ids":"[73]","id":72,"layer":"stop"}},{"type":"Feature","geometry":{"type":"Point","coordinates":[117.063202,39.067196]},"properties":{"name":"天津杨伍庄(地铁站)","original_ids":"[74]","id":73,"layer":"stop"}},{"type":"Feature","geometry":{"type":"Point","coordinates":[117.05574,39.055937]},"properties":{"name":"天津南站(地铁站)","original_ids":"[75]","id":74,"layer":"stop"}},{"type":"Feature","geometry":{"type":"Point","coordinates":[117.143343,39.266831]},"properties":{"name":"天津北辰科技园北(地铁站)","original_ids":"[76]","id":75,"layer":"stop"}},{"type":"Feature","geometry":{"type":"Point","coordinates":[117.157264,39.25126]},"properties":{"name":"天津丹河北道(地铁站)","original_ids":"[77]","id":76,"layer":"stop"}},{"type":"Feature","geometry":{"type":"Point","coordinates":[117.167291,39.239495]},"properties":{"name":"天津北辰道(地铁站)","original_ids":"[78]","id":77,"layer":"stop"}},{"type":"Feature","geometry":{"type":"Point","coordinates":[117.175622,39.229909]},"properties":{"name":"天津职业大学(地铁站)","original_ids":"[79]","id":78,"layer":"stop"}},{"type":"Feature","geometry":{"type":"Point","coordinates":[117.186156,39.217479]},"properties":{"name":"天津淮河道(地铁站)","original_ids":"[80]","id":79,"layer":"stop"}},{"type":"Feature","geometry":{"type":"Point","coordinates":[117.193686,39.208669]},"properties":{"name":"天津辽河北道(地铁站)","original_ids":"[81]","id":80,"layer":"stop"}},{"type":"Feature","geometry":{"type":"Point","coordinates":[117.199118,39.201968]},"properties":{"name":"天津宜兴埠北(地铁站)","original_ids":"[82]","id":81,"layer":"stop"}},{"type":"Feature","geometry":{"type":"Point","coordinates":[117.212843,39.186072]},"properties":{"name":"天津志成路(地铁站)","original_ids":"[83]","id":82,"layer":"stop"}},{"type":"Feature","geometry":{"type":"Point","coordinates":[117.221055,39.181964]},"properties":{"name":"天津思源路(地铁站)","original_ids":"[84]","id":83,"layer":"stop"}},{"type":"Feature","geometry":{"type":"Point","coordinates":[117.228366,39.178601]},"properties":{"name":"天津建昌道(地铁站)","original_ids":"[85]","id":84,"layer":"stop"}},{"type":"Feature","geometry":{"type":"Point","coordinates":[117.236093,39.170684]},"properties":{"name":"天津金钟河大街(地铁站)","original_ids":"[86]","id":85,"layer":"stop"}},{"type":"Feature","geometry":{"type":"Point","coordinates":[117.239511,39.163779]},"properties":{"name":"天津月牙河(地铁站)","original_ids":"[87]","id":86,"layer":"stop"}},{"type":"Feature","geometry":{"type":"Point","coordinates":[117.237916,39.153116]},"properties":{"name":"天津幸福公园(地铁站)","original_ids":"[88]","id":87,"layer":"stop"}},{"type":"Feature","geometry":{"type":"Point","coordinates":[117.239581,39.129326]},"properties":{"name":"天津成林道(地铁站)","original_ids":"[89]","id":88,"layer":"stop"}},{"type":"Feature","geometry":{"type":"Point","coordinates":[117.235127,39.115548]},"properties":{"name":"天津津塘路(地铁站)","original_ids":"[90]","id":89,"layer":"stop"}},{"type":"Feature","geometry":{"type":"Point","coordinates":[117.228477,39.110532]},"properties":{"name":"天津直沽(地铁站)","original_ids":"[91]","id":90,"layer":"stop"}},{"type":"Feature","geometry":{"type":"Point","coordinates":[117.209779,39.09419]},"properties":{"name":"天津西南楼(地铁站)","original_ids":"[92]","id":91,"layer":"stop"}},{"type":"Feature","geometry":{"type":"Point","coordinates":[117.202501,39.087537]},"properties":{"name":"天津文化中心(地铁站)","original_ids":"[93]","id":92,"layer":"stop"}},{"type":"Feature","geometry":{"type":"Point","coordinates":[117.192247,39.08432]},"properties":{"name":"天津天津宾馆(地铁站)","original_ids":"[94]","id":93,"layer":"stop"}},{"type":"Feature","geometry":{"type":"Point","coordinates":[117.178143,39.077964]},"properties":{"name":"天津肿瘤医院(地铁站)","original_ids":"[95]","id":94,"layer":"stop"}},{"type":"Feature","geometry":{"type":"Point","coordinates":[117.166111,39.073681]},"properties":{"name":"天津体育中心(地铁站)","original_ids":"[96]","id":95,"layer":"stop"}},{"type":"Feature","geometry":{"type":"Point","coordinates":[117.165663,39.067009]},"properties":{"name":"天津凌宾路(地铁站)","original_ids":"[97]","id":96,"layer":"stop"}},{"type":"Feature","geometry":{"type":"Point","coordinates":[117.178374,39.055706]},"properties":{"name":"天津昌凌路(地铁站)","original_ids":"[98]","id":97,"layer":"stop"}},{"type":"Feature","geometry":{"type":"Point","coordinates":[117.178436,39.045772]},"properties":{"name":"天津中医一附院(地铁站)","original_ids":"[99]","id":98,"layer":"stop"}},{"type":"Feature","geometry":{"type":"Point","coordinates":[117.164316,39.035405]},"properties":{"name":"天津李七庄南(地铁站)","original_ids":"[100]","id":99,"layer":"stop"}},{"type":"Feature","geometry":{"type":"Point","coordinates":[117.15033,39.030286]},"properties":{"name":"天津京华东道(地铁站)","original_ids":"[101]","id":100,"layer":"stop"}},{"type":"Feature","geometry":{"type":"Point","coordinates":[117.311943,39.205413]},"properties":{"name":"天津南孙庄(地铁站)","original_ids":"[102]","id":101,"layer":"stop"}},{"type":"Feature","geometry":{"type":"Point","coordinates":[117.284675,39.205284]},"properties":{"name":"天津南何庄(地铁站)","original_ids":"[103]","id":102,"layer":"stop"}},{"type":"Feature","geometry":{"type":"Point","coordinates":[117.272243,39.201978]},"properties":{"name":"天津大毕庄(地铁站)","original_ids":"[104]","id":103,"layer":"stop"}},{"type":"Feature","geometry":{"type":"Point","coordinates":[117.259041,39.198656]},"properties":{"name":"天津金钟街(地铁站)","original_ids":"[105]","id":104,"layer":"stop"}},{"type":"Feature","geometry":{"type":"Point","coordinates":[117.24787,39.189894]},"properties":{"name":"天津徐庄子(地铁站)","original_ids":"[106]","id":105,"layer":"stop"}},{"type":"Feature","geometry":{"type":"Point","coordinates":[117.22727,39.167649]},"properties":{"name":"天津民权门(地铁站)","original_ids":"[107]","id":106,"layer":"stop"}},{"type":"Feature","geometry":{"type":"Point","coordinates":[117.216876,39.165246]},"properties":{"name":"天津北宁公园(地铁站)","original_ids":"[108]","id":107,"layer":"stop"}},{"type":"Feature","geometry":{"type":"Point","coordinates":[117.196639,39.167748]},"properties":{"name":"天津新开河(地铁站)","original_ids":"[109]","id":108,"layer":"stop"}},{"type":"Feature","geometry":{"type":"Point","coordinates":[117.185553,39.170214]},"properties":{"name":"天津外院附中(地铁站)","original_ids":"[110]","id":109,"layer":"stop"}},{"type":"Feature","geometry":{"type":"Point","coordinates":[117.177406,39.167291]},"properties":{"name":"天津天泰路(地铁站)","original_ids":"[111]","id":110,"layer":"stop"}},{"type":"Feature","geometry":{"type":"Point","coordinates":[117.171903,39.163289]},"properties":{"name":"天津北运河(地铁站)","original_ids":"[112]","id":111,"layer":"stop"}},{"type":"Feature","geometry":{"type":"Point","coordinates":[117.166414,39.159159]},"properties":{"name":"天津北竹林(地铁站)","original_ids":"[113]","id":112,"layer":"stop"}},{"type":"Feature","geometry":{"type":"Point","coordinates":[117.15203,39.154644]},"properties":{"name":"天津复兴路(地铁站)","original_ids":"[114]","id":113,"layer":"stop"}},{"type":"Feature","geometry":{"type":"Point","coordinates":[117.143307,39.145375]},"properties":{"name":"天津人民医院(地铁站)","original_ids":"[115]","id":114,"layer":"stop"}},{"type":"Feature","geometry":{"type":"Point","coordinates":[117.143062,39.125284]},"properties":{"name":"天津宜宾道(地铁站)","original_ids":"[116]","id":115,"layer":"stop"}},{"type":"Feature","geometry":{"type":"Point","coordinates":[117.14297,39.115411]},"properties":{"name":"天津鞍山西道(地铁站)","original_ids":"[117]","id":116,"layer":"stop"}},{"type":"Feature","geometry":{"type":"Point","coordinates":[117.143045,39.10811]},"properties":{"name":"天津天拖(地铁站)","original_ids":"[118]","id":117,"layer":"stop"}},{"type":"Feature","geometry":{"type":"Point","coordinates":[117.14306,39.102163]},"properties":{"name":"天津一中心医院(地铁站)","original_ids":"[119]","id":118,"layer":"stop"}},{"type":"Feature","geometry":{"type":"Point","coordinates":[117.143078,39.085054]},"properties":{"name":"天津迎风道(地铁站)","original_ids":"[120]","id":119,"layer":"stop"}},{"type":"Feature","geometry":{"type":"Point","coordinates":[117.152267,39.078885]},"properties":{"name":"天津南翠屏(地铁站)","original_ids":"[121]","id":120,"layer":"stop"}},{"type":"Feature","geometry":{"type":"Point","coordinates":[117.166788,39.078456]},"properties":{"name":"天津水上公园东路(地铁站)","original_ids":"[122]","id":121,"layer":"stop"}},{"type":"Feature","geometry":{"type":"Point","coordinates":[117.211064,39.0903]},"properties":{"name":"天津乐园道(地铁站)","original_ids":"[123]","id":122,"layer":"stop"}},{"type":"Feature","geometry":{"type":"Point","coordinates":[117.217728,39.086257]},"properties":{"name":"天津尖山路(地铁站)","original_ids":"[124]","id":123,"layer":"stop"}},{"type":"Feature","geometry":{"type":"Point","coordinates":[117.217772,39.080221]},"properties":{"name":"天津医大二院(地铁站)","original_ids":"[125]","id":124,"layer":"stop"}},{"type":"Feature","geometry":{"type":"Point","coordinates":[117.21934,39.067844]},"properties":{"name":"天津梅江道(地铁站)","original_ids":"[126]","id":125,"layer":"stop"}},{"type":"Feature","geometry":{"type":"Point","coordinates":[117.211047,39.059172]},"properties":{"name":"天津左江道(地铁站)","original_ids":"[127]","id":126,"layer":"stop"}},{"type":"Feature","geometry":{"type":"Point","coordinates":[117.211284,39.051367]},"properties":{"name":"天津梅江公园(地铁站)","original_ids":"[128]","id":127,"layer":"stop"}},{"type":"Feature","geometry":{"type":"Point","coordinates":[117.211454,39.043353]},"properties":{"name":"天津梅江会展中心(地铁站)","original_ids":"[129]","id":128,"layer":"stop"}},{"type":"Feature","geometry":{"type":"Point","coordinates":[117.227754,39.039806]},"properties":{"name":"天津解放南路(地铁站)","original_ids":"[130]","id":129,"layer":"stop"}},{"type":"Feature","geometry":{"type":"Point","coordinates":[117.239615,39.042651]},"properties":{"name":"天津洞庭路(地铁站)","original_ids":"[131]","id":130,"layer":"stop"}},{"type":"Feature","geometry":{"type":"Point","coordinates":[117.248513,39.043879]},"properties":{"name":"天津梅林路(地铁站)","original_ids":"[132]","id":131,"layer":"stop"}},{"type":"Feature","geometry":{"type":"Point","coordinates":[117.262751,39.044384]},"properties":{"name":"天津渌水道(地铁站)","original_ids":"[133]","id":132,"layer":"stop"}},{"type":"Feature","geometry":{"type":"Point","coordinates":[117.212189,39.126217]},"properties":{"name":"天津大王庄(地铁站)","original_ids":"[134]","id":133,"layer":"stop"}},{"type":"Feature","geometry":{"type":"Point","coordinates":[117.217675,39.120377]},"properties":{"name":"天津十一经路(地铁站)","original_ids":"[135]","id":134,"layer":"stop"}},{"type":"Feature","geometry":{"type":"Point","coordinates":[117.236301,39.102444]},"properties":{"name":"天津东兴路(地铁站)","original_ids":"[136]","id":135,"layer":"stop"}},{"type":"Feature","geometry":{"type":"Point","coordinates":[117.258044,39.099904]},"properties":{"name":"天津中山门(地铁站)","original_ids":"[137]","id":136,"layer":"stop"}},{"type":"Feature","geometry":{"type":"Point","coordinates":[117.276634,39.095063]},"properties":{"name":"天津一号桥(地铁站)","original_ids":"[138]","id":137,"layer":"stop"}},{"type":"Feature","geometry":{"type":"Point","coordinates":[117.28682,39.094174]},"properties":{"name":"天津二号桥(地铁站)","original_ids":"[139]","id":138,"layer":"stop"}},{"type":"Feature","geometry":{"type":"Point","coordinates":[117.301428,39.091071]},"properties":{"name":"天津张贵庄(地铁站)","original_ids":"[140]","id":139,"layer":"stop"}},{"type":"Feature","geometry":{"type":"Point","coordinates":[117.32956,39.084796]},"properties":{"name":"天津新立(地铁站)","original_ids":"[141]","id":140,"layer":"stop"}},{"type":"Feature","geometry":{"type":"Point","coordinates":[117.350923,39.078293]},"properties":{"name":"天津东丽开发区(地铁站)","original_ids":"[142]","id":141,"layer":"stop"}},{"type":"Feature","geometry":{"type":"Point","coordinates":[117.396786,39.063256]},"properties":{"name":"天津小东庄(地铁站)","original_ids":"[143]","id":142,"layer":"stop"}},{"type":"Feature","geometry":{"type":"Point","coordinates":[117.449618,39.04698]},"properties":{"name":"天津军粮城(地铁站)","original_ids":"[144]","id":143,"layer":"stop"}},{"type":"Feature","geometry":{"type":"Point","coordinates":[117.497572,39.038841]},"properties":{"name":"天津钢管公司(地铁站)","original_ids":"[145]","id":144,"layer":"stop"}},{"type":"Feature","geometry":{"type":"Point","coordinates":[117.601274,39.039762]},"properties":{"name":"天津胡家园(地铁站)","original_ids":"[146]","id":145,"layer":"stop"}},{"type":"Feature","geometry":{"type":"Point","coordinates":[117.654871,39.028731]},"properties":{"name":"天津塘沽(地铁站)","original_ids":"[147]","id":146,"layer":"stop"}},{"type":"Feature","geometry":{"type":"Point","coordinates":[117.673154,39.024666]},"properties":{"name":"天津泰达(地铁站)","original_ids":"[148]","id":147,"layer":"stop"}},{"type":"Feature","geometry":{"type":"Point","coordinates":[117.696794,39.017287]},"properties":{"name":"天津市民广场(地铁站)","original_ids":"[149]","id":148,"layer":"stop"}},{"type":"Feature","geometry":{"type":"Point","coordinates":[117.717113,39.018973]},"properties":{"name":"天津太湖路(地铁站)","original_ids":"[150]","id":149,"layer":"stop"}},{"type":"Feature","geometry":{"type":"Point","coordinates":[117.725398,39.029053]},"properties":{"name":"天津会展中心(地铁站)","original_ids":"[151]","id":150,"layer":"stop"}},{"type":"Feature","geometry":{"type":"Point","coordinates":[117.730983,39.039626]},"properties":{"name":"天津东海路(地铁站)","original_ids":"[152]","id":151,"layer":"stop"}},{"type":"Feature","geometry":{"type":"Point","coordinates":[117.277275,39.137681]},"properties":{"name":"天津崂山道(地铁站)","original_ids":"[153]","id":152,"layer":"stop"}},{"type":"Feature","geometry":{"type":"Point","coordinates":[117.2802,39.130666]},"properties":{"name":"天津香山道(地铁站)","original_ids":"[154]","id":153,"layer":"stop"}},{"type":"Feature","geometry":{"type":"Point","coordinates":[117.281306,39.123738]},"properties":{"name":"天津万山道(地铁站)","original_ids":"[155]","id":154,"layer":"stop"}},{"type":"Feature","geometry":{"type":"Point","coordinates":[117.283007,39.115193]},"properties":{"name":"天津沙柳南路(地铁站)","original_ids":"[156]","id":155,"layer":"stop"}},{"type":"Feature","geometry":{"type":"Point","coordinates":[117.283104,39.10913]},"properties":{"name":"天津方山道(地铁站)","original_ids":"[157]","id":156,"layer":"stop"}},{"type":"Feature","geometry":{"type":"Point","coordinates":[117.281361,39.101812]},"properties":{"name":"天津金贸产业园(地铁站)","original_ids":"[158]","id":157,"layer":"stop"}},{"type":"Feature","geometry":{"type":"Point","coordinates":[117.280745,39.093463]},"properties":{"name":"天津龙涵道(地铁站)","original_ids":"[159]","id":158,"layer":"stop"}},{"type":"Feature","geometry":{"type":"Point","coordinates":[117.279528,39.083317]},"properties":{"name":"天津环宇道(地铁站)","original_ids":"[160]","id":159,"layer":"stop"}},{"type":"Feature","geometry":{"type":"Point","coordinates":[117.278469,39.071194]},"properties":{"name":"天津柳林路(地铁站)","original_ids":"[161]","id":160,"layer":"stop"}},{"type":"Feature","geometry":{"type":"Point","coordinates":[117.253475,39.061968]},"properties":{"name":"天津微山路(地铁站)","original_ids":"[162]","id":161,"layer":"stop"}},{"type":"Feature","geometry":{"type":"Point","coordinates":[117.246453,39.061594]},"properties":{"name":"天津玛钢厂(地铁站)","original_ids":"[163]","id":162,"layer":"stop"}},{"type":"Feature","geometry":{"type":"Point","coordinates":[117.236794,39.062008]},"properties":{"name":"天津春海路(地铁站)","original_ids":"[164]","id":163,"layer":"stop"}},{"type":"Feature","geometry":{"type":"Point","coordinates":[117.224215,39.062677]},"properties":{"name":"天津南珠桥(地铁站)","original_ids":"[165]","id":164,"layer":"stop"}},{"type":"Feature","geometry":{"type":"Point","coordinates":[117.211245,39.062836]},"properties":{"name":"天津友谊南路(地铁站)","original_ids":"[166]","id":165,"layer":"stop"}},{"type":"Feature","geometry":{"type":"Point","coordinates":[117.199574,39.062814]},"properties":{"name":"天津江湾二支路(地铁站)","original_ids":"[167]","id":166,"layer":"stop"}},{"type":"Feature","geometry":{"type":"Point","coordinates":[117.187865,39.061761]},"properties":{"name":"天津丽江道(地铁站)","original_ids":"[168]","id":167,"layer":"stop"}},{"type":"Feature","geometry":{"type":"Point","coordinates":[117.168613,39.053692]},"properties":{"name":"天津瑶环路(地铁站)","original_ids":"[169]","id":168,"layer":"stop"}},{"type":"Feature","geometry":{"type":"Point","coordinates":[117.1562,39.045445]},"properties":{"name":"天津于台(地铁站)","original_ids":"[170]","id":169,"layer":"stop"}},{"type":"Feature","geometry":{"type":"Point","coordinates":[117.073338,38.948251]},"properties":{"name":"天津团泊医学园(地铁站)","original_ids":"[171]","id":170,"layer":"stop"}},{"type":"Feature","geometry":{"type":"Point","coordinates":[117.080323,38.973054]},"properties":{"name":"天津团泊健康城(地铁站)","original_ids":"[172]","id":171,"layer":"stop"}},{"type":"Feature","geometry":{"type":"Point","coordinates":[117.118271,39.020244]},"properties":{"name":"天津精武(地铁站)","original_ids":"[173]","id":172,"layer":"stop"}},{"type":"Feature","geometry":{"type":"Point","coordinates":[117.158242,39.098733]},"properties":{"name":"天津水上公园西路(地铁站)","original_ids":"[174]","id":173,"layer":"stop"}},{"type":"Feature","geometry":{"type":"Point","coordinates":[117.172968,39.100992]},"properties":{"name":"天津南开大学八里台(地铁站)","original_ids":"[175]","id":174,"layer":"stop"}},{"type":"Feature","geometry":{"type":"Point","coordinates":[117.192297,39.098697]},"properties":{"name":"天津佟楼(地铁站)","original_ids":"[176]","id":175,"layer":"stop"}},{"type":"Feature","geometry":{"type":"Point","coordinates":[117.196814,39.09289]},"properties":{"name":"天津迎宾馆(地铁站)","original_ids":"[177]","id":176,"layer":"stop"}},{"type":"Feature","geometry":{"type":"Point","coordinates":[117.225926,39.081636]},"properties":{"name":"天津澧水道(地铁站)","original_ids":"[178]","id":177,"layer":"stop"}},{"type":"Feature","geometry":{"type":"Point","coordinates":[117.232722,39.074917]},"properties":{"name":"天津内江路(地铁站)","original_ids":"[179]","id":178,"layer":"stop"}},{"type":"Feature","geometry":{"type":"Point","coordinates":[117.24386,39.06956]},"properties":{"name":"天津陈塘(地铁站)","original_ids":"[180]","id":179,"layer":"stop"}},{"type":"Feature","geometry":{"type":"Point","coordinates":[117.265909,39.073387]},"properties":{"name":"天津东江道(地铁站)","original_ids":"[181]","id":180,"layer":"stop"}},{"type":"Feature","geometry":{"type":"Point","coordinates":[117.265909,39.073387]},"properties":{"name":"天津学苑北路(地铁站)","original_ids":"[182]","id":181,"layer":"stop"}},{"type":"Feature","geometry":{"type":"Point","coordinates":[117.2702,39.0818]},"properties":{"name":"天津海河东路(地铁站)","original_ids":"[183]","id":182,"layer":"stop"}},{"type":"Feature","geometry":{"type":"Point","coordinates":[117.293734,39.08186]},"properties":{"name":"天津雪莲南路(地铁站)","original_ids":"[184]","id":183,"layer":"stop"}},{"type":"Feature","geometry":{"type":"Point","coordinates":[117.30447,39.079885]},"properties":{"name":"天津招远路(地铁站)","original_ids":"[185]","id":184,"layer":"stop"}},{"type":"Feature","geometry":{"type":"Point","coordinates":[117.332306,39.075278]},"properties":{"name":"天津东丽文体中心(地铁站)","original_ids":"[186]","id":185,"layer":"stop"}},{"type":"Feature","geometry":{"type":"Point","coordinates":[117.332306,39.075278]},"properties":{"name":"天津驯海路(地铁站)","original_ids":"[187]","id":186,"layer":"stop"}},{"type":"Feature","geometry":{"type":"Point","coordinates":[117.347174,39.07347]},"properties":{"name":"天津东丽一经路(地铁站)","original_ids":"[188]","id":187,"layer":"stop"}},{"type":"Feature","geometry":{"type":"Point","coordinates":[117.354602,39.073245]},"properties":{"name":"天津东丽三经路(地铁站)","original_ids":"[189]","id":188,"layer":"stop"}},{"type":"Feature","geometry":{"type":"Point","coordinates":[117.367817,39.075661]},"properties":{"name":"天津东丽六经路(地铁站)","original_ids":"[190]","id":189,"layer":"stop"}},{"type":"Feature","geometry":{"type":"Point","coordinates":[117.091212,39.303941]},"properties":{"name":"天津小街(地铁站)","original_ids":"[191]","id":190,"layer":"stop"}},{"type":"Feature","geometry":{"type":"Point","coordinates":[117.098315,39.282684]},"properties":{"name":"天津郎园(地铁站)","original_ids":"[192]","id":191,"layer":"stop"}},{"type":"Feature","geometry":{"type":"Point","coordinates":[117.101429,39.269549]},"properties":{"name":"天津柴楼(地铁站)","original_ids":"[193]","id":192,"layer":"stop"}},{"type":"Feature","geometry":{"type":"Point","coordinates":[117.104371,39.260935]},"properties":{"name":"天津双街(地铁站)","original_ids":"[194]","id":193,"layer":"stop"}},{"type":"Feature","geometry":{"type":"Point","coordinates":[117.109339,39.251186]},"properties":{"name":"天津西赵庄(地铁站)","original_ids":"[195]","id":194,"layer":"stop"}},{"type":"Feature","geometry":{"type":"Point","coordinates":[117.117531,39.23198]},"properties":{"name":"天津延吉道(地铁站)","original_ids":"[196]","id":195,"layer":"stop"}},{"type":"Feature","geometry":{"type":"Point","coordinates":[117.123744,39.220964]},"properties":{"name":"天津北仓(地铁站)","original_ids":"[197]","id":196,"layer":"stop"}},{"type":"Feature","geometry":{"type":"Point","coordinates":[117.132017,39.2135]},"properties":{"name":"天津果园南道(地铁站)","original_ids":"[198]","id":197,"layer":"stop"}},{"type":"Feature","geometry":{"type":"Point","coordinates":[117.13735,39.206623]},"properties":{"name":"天津南仓(地铁站)","original_ids":"[199]","id":198,"layer":"stop"}},{"type":"Feature","geometry":{"type":"Point","coordinates":[117.145038,39.197707]},"properties":{"name":"天津天穆(地铁站)","original_ids":"[200]","id":199,"layer":"stop"}},{"type":"Feature","geometry":{"type":"Point","coordinates":[117.157975,39.186793]},"properties":{"name":"天津柳滩(地铁站)","original_ids":"[201]","id":200,"layer":"stop"}},{"type":"Feature","geometry":{"type":"Point","coordinates":[117.165431,39.18273]},"properties":{"name":"天津白庙(地铁站)","original_ids":"[202]","id":201,"layer":"stop"}},{"type":"Feature","geometry":{"type":"Point","coordinates":[117.173337,39.176614]},"properties":{"name":"天津北洋桥(地铁站)","original_ids":"[203]","id":202,"layer":"stop"}},{"type":"Feature","geometry":{"type":"Point","coordinates":[117.163817,39.170856]},"properties":{"name":"天津西沽公园(地铁站)","original_ids":"[204]","id":203,"layer":"stop"}},{"type":"Feature","geometry":{"type":"Point","coordinates":[117.159821,39.165541]},"properties":{"name":"天津同城商务区西于庄(地铁站)","original_ids":"[205]","id":204,"layer":"stop"}},{"type":"Feature","geometry":{"type":"Point","coordinates":[117.185881,39.130839]},"properties":{"name":"天津金街(地铁站)","original_ids":"[206]","id":205,"layer":"stop"}},{"type":"Feature","geometry":{"type":"Point","coordinates":[117.21297,39.11296]},"properties":{"name":"天津徐州道(地铁站)","original_ids":"[207]","id":206,"layer":"stop"}},{"type":"Feature","geometry":{"type":"Point","coordinates":[117.22249,39.11535]},"properties":{"name":"天津六纬路(地铁站)","original_ids":"[208]","id":207,"layer":"stop"}},{"type":"Feature","geometry":{"type":"Point","coordinates":[117.25008,39.12129]},"properties":{"name":"天津泰昌路(地铁站)","original_ids":"[209]","id":208,"layer":"stop"}},{"type":"Feature","geometry":{"type":"Point","coordinates":[117.26422,39.11696]},"properties":{"name":"天津万东路(地铁站)","original_ids":"[210]","id":209,"layer":"stop"}},{"type":"Feature","geometry":{"type":"Point","coordinates":[117.29883,39.11589]},"properties":{"name":"天津登州南路(地铁站)","original_ids":"[211]","id":210,"layer":"stop"}},{"type":"Feature","geometry":{"type":"Point","coordinates":[117.31242,39.11305]},"properties":{"name":"天津跃进北路(地铁站)","original_ids":"[212]","id":211,"layer":"stop"}},{"type":"Feature","geometry":{"type":"Point","coordinates":[117.327389,39.110231]},"properties":{"name":"天津航双路(地铁站)","original_ids":"[213]","id":212,"layer":"stop"}},{"type":"Feature","geometry":{"type":"Point","coordinates":[117.34377,39.10746]},"properties":{"name":"天津民航大学(地铁站)","original_ids":"[214]","id":213,"layer":"stop"}},{"type":"Feature","geometry":{"type":"Point","coordinates":[117.36768,39.09834]},"properties":{"name":"天津新兴村(地铁站)","original_ids":"[215]","id":214,"layer":"stop"}},{"type":"Feature","geometry":{"type":"Point","coordinates":[117.271039,39.029761]},"properties":{"name":"天津双港(地铁站)","original_ids":"[216]","id":215,"layer":"stop"}},{"type":"Feature","geometry":{"type":"Point","coordinates":[117.278269,39.018189]},"properties":{"name":"天津景荷道(地铁站)","original_ids":"[217]","id":216,"layer":"stop"}},{"type":"Feature","geometry":{"type":"Point","coordinates":[117.282989,39.0104]},"properties":{"name":"天津景荔道(地铁站)","original_ids":"[218]","id":217,"layer":"stop"}},{"type":"Feature","geometry":{"type":"Point","coordinates":[117.30417,38.99111]},"properties":{"name":"天津天津大学北洋园校区(地铁站)","original_ids":"[219]","id":218,"layer":"stop"}},{"type":"Feature","geometry":{"type":"Point","coordinates":[117.3175,38.9875]},"properties":{"name":"天津海河教育园区(地铁站)","original_ids":"[220]","id":219,"layer":"stop"}},{"type":"Feature","geometry":{"type":"Point","coordinates":[117.33278,38.98222]},"properties":{"name":"天津南开大学津南校区(地铁站)","original_ids":"[221]","id":220,"layer":"stop"}},{"type":"Feature","geometry":{"type":"Point","coordinates":[117.35361,38.98028]},"properties":{"name":"天津和慧南路(地铁站)","original_ids":"[222]","id":221,"layer":"stop"}},{"type":"Feature","geometry":{"type":"Point","coordinates":[117.367531,38.97955]},"properties":{"name":"天津咸水沽西(地铁站)","original_ids":"[223]","id":222,"layer":"stop"}},{"type":"Feature","properties":{"shape_id":"{}","direction_id":"{\"0\": 50}","headsign":"{}","duration_avg":60,"n_vehicles":50,"d":600,"route_I_counts":"{\"1\": 50}","source":0,"target":1,"layer":"L","from":"天津刘园(地铁站)","to":"天津瑞景新苑(地铁站)"},"geometry":{"type":"LineString","coordinates":[[117.109463,39.206739],[117.115424,39.198998]]}},{"type":"Feature","properties":{"shape_id":"{}","direction_id":"{\"1\": 50}","headsign":"{}","duration_avg":60,"n_vehicles":50,"d":600,"route_I_counts":"{\"1\": 50}","source":1,"target":0,"layer":"L","from":"天津瑞景新苑(地铁站)","to":"天津刘园(地铁站)"},"geometry":{"type":"LineString","coordinates":[[117.115424,39.198998],[117.109463,39.206739]]}},{"type":"Feature","properties":{"shape_id":"{}","direction_id":"{\"0\": 50}","headsign":"{}","duration_avg":120,"n_vehicles":50,"d":1200,"route_I_counts":"{\"1\": 50}","source":1,"target":2,"layer":"L","from":"天津瑞景新苑(地铁站)","to":"天津佳园里(地铁站)"},"geometry":{"type":"LineString","coordinates":[[117.115424,39.198998],[117.121727,39.19078]]}},{"type":"Feature","properties":{"shape_id":"{}","direction_id":"{\"1\": 50}","headsign":"{}","duration_avg":120,"n_vehicles":50,"d":1200,"route_I_counts":"{\"1\": 50}","source":2,"target":1,"layer":"L","from":"天津佳园里(地铁站)","to":"天津瑞景新苑(地铁站)"},"geometry":{"type":"LineString","coordinates":[[117.121727,39.19078],[117.115424,39.198998]]}},{"type":"Feature","properties":{"shape_id":"{}","direction_id":"{\"0\": 50}","headsign":"{}","duration_avg":120,"n_vehicles":50,"d":1200,"route_I_counts":"{\"1\": 50}","source":2,"target":3,"layer":"L","from":"天津佳园里(地铁站)","to":"天津本溪路(地铁站)"},"geometry":{"type":"LineString","coordinates":[[117.121727,39.19078],[117.133046,39.184258]]}},{"type":"Feature","properties":{"shape_id":"{}","direction_id":"{\"1\": 50}","headsign":"{}","duration_avg":120,"n_vehicles":50,"d":1200,"route_I_counts":"{\"1\": 50}","source":3,"target":2,"layer":"L","from":"天津本溪路(地铁站)","to":"天津佳园里(地铁站)"},"geometry":{"type":"LineString","coordinates":[[117.133046,39.184258],[117.121727,39.19078]]}},{"type":"Feature","properties":{"shape_id":"{}","direction_id":"{\"0\": 50}","headsign":"{}","duration_avg":180,"n_vehicles":50,"d":1800,"route_I_counts":"{\"1\": 50}","source":3,"target":4,"layer":"L","from":"天津本溪路(地铁站)","to":"天津勤俭道(地铁站)"},"geometry":{"type":"LineString","coordinates":[[117.133046,39.184258],[117.147281,39.177195]]}},{"type":"Feature","properties":{"shape_id":"{}","direction_id":"{\"1\": 50}","headsign":"{}","duration_avg":180,"n_vehicles":50,"d":1800,"route_I_counts":"{\"1\": 50}","source":4,"target":3,"layer":"L","from":"天津勤俭道(地铁站)","to":"天津本溪路(地铁站)"},"geometry":{"type":"LineString","coordinates":[[117.147281,39.177195],[117.133046,39.184258]]}},{"type":"Feature","properties":{"shape_id":"{}","direction_id":"{\"0\": 50}","headsign":"{}","duration_avg":120,"n_vehicles":50,"d":1200,"route_I_counts":"{\"1\": 50}","source":4,"target":5,"layer":"L","from":"天津勤俭道(地铁站)","to":"天津洪湖里(地铁站)"},"geometry":{"type":"LineString","coordinates":[[117.147281,39.177195],[117.155533,39.16976]]}},{"type":"Feature","properties":{"shape_id":"{}","direction_id":"{\"1\": 50}","headsign":"{}","duration_avg":120,"n_vehicles":50,"d":1200,"route_I_counts":"{\"1\": 50}","source":5,"target":4,"layer":"L","from":"天津洪湖里(地铁站)","to":"天津勤俭道(地铁站)"},"geometry":{"type":"LineString","coordinates":[[117.155533,39.16976],[117.147281,39.177195]]}},{"type":"Feature","properties":{"shape_id":"{}","direction_id":"{\"0\": 50}","headsign":"{}","duration_avg":180,"n_vehicles":50,"d":1800,"route_I_counts":"{\"1\": 50}","source":5,"target":6,"layer":"L","from":"天津洪湖里(地铁站)","to":"天津西站(地铁站)"},"geometry":{"type":"LineString","coordinates":[[117.155533,39.16976],[117.160424,39.155861]]}},{"type":"Feature","properties":{"shape_id":"{}","direction_id":"{\"1\": 50}","headsign":"{}","duration_avg":180,"n_vehicles":50,"d":1800,"route_I_counts":"{\"1\": 50}","source":6,"target":5,"layer":"L","from":"天津西站(地铁站)","to":"天津洪湖里(地铁站)"},"geometry":{"type":"LineString","coordinates":[[117.160424,39.155861],[117.155533,39.16976]]}},{"type":"Feature","properties":{"shape_id":"{}","direction_id":"{\"0\": 50}","headsign":"{}","duration_avg":180,"n_vehicles":50,"d":1800,"route_I_counts":"{\"1\": 50}","source":6,"target":7,"layer":"L","from":"天津西站(地铁站)","to":"天津西北角(地铁站)"},"geometry":{"type":"LineString","coordinates":[[117.160424,39.155861],[117.165303,39.145472]]}},{"type":"Feature","properties":{"shape_id":"{}","direction_id":"{\"1\": 50}","headsign":"{}","duration_avg":180,"n_vehicles":50,"d":1800,"route_I_counts":"{\"1\": 50}","source":7,"target":6,"layer":"L","from":"天津西北角(地铁站)","to":"天津西站(地铁站)"},"geometry":{"type":"LineString","coordinates":[[117.165303,39.145472],[117.160424,39.155861]]}},{"type":"Feature","properties":{"shape_id":"{}","direction_id":"{\"0\": 50}","headsign":"{}","duration_avg":120,"n_vehicles":50,"d":1200,"route_I_counts":"{\"1\": 50}","source":7,"target":8,"layer":"L","from":"天津西北角(地铁站)","to":"天津西南角(地铁站)"},"geometry":{"type":"LineString","coordinates":[[117.165303,39.145472],[117.16564,39.136275]]}},{"type":"Feature","properties":{"shape_id":"{}","direction_id":"{\"1\": 50}","headsign":"{}","duration_avg":120,"n_vehicles":50,"d":1200,"route_I_counts":"{\"1\": 50}","source":8,"target":7,"layer":"L","from":"天津西南角(地铁站)","to":"天津西北角(地铁站)"},"geometry":{"type":"LineString","coordinates":[[117.16564,39.136275],[117.165303,39.145472]]}},{"type":"Feature","properties":{"shape_id":"{}","direction_id":"{\"0\": 50}","headsign":"{}","duration_avg":120,"n_vehicles":50,"d":1200,"route_I_counts":"{\"1\": 50}","source":8,"target":9,"layer":"L","from":"天津西南角(地铁站)","to":"天津二纬路(地铁站)"},"geometry":{"type":"LineString","coordinates":[[117.16564,39.136275],[117.168387,39.129239]]}},{"type":"Feature","properties":{"shape_id":"{}","direction_id":"{\"1\": 50}","headsign":"{}","duration_avg":120,"n_vehicles":50,"d":1200,"route_I_counts":"{\"1\": 50}","source":9,"target":8,"layer":"L","from":"天津二纬路(地铁站)","to":"天津西南角(地铁站)"},"geometry":{"type":"LineString","coordinates":[[117.168387,39.129239],[117.16564,39.136275]]}},{"type":"Feature","properties":{"shape_id":"{}","direction_id":"{\"0\": 50}","headsign":"{}","duration_avg":180,"n_vehicles":50,"d":1800,"route_I_counts":"{\"1\": 50}","source":9,"target":10,"layer":"L","from":"天津二纬路(地铁站)","to":"天津海光寺(地铁站)"},"geometry":{"type":"LineString","coordinates":[[117.168387,39.129239],[117.17119,39.121279]]}},{"type":"Feature","properties":{"shape_id":"{}","direction_id":"{\"1\": 50}","headsign":"{}","duration_avg":180,"n_vehicles":50,"d":1800,"route_I_counts":"{\"1\": 50}","source":10,"target":9,"layer":"L","from":"天津海光寺(地铁站)","to":"天津二纬路(地铁站)"},"geometry":{"type":"LineString","coordinates":[[117.17119,39.121279],[117.168387,39.129239]]}},{"type":"Feature","properties":{"shape_id":"{}","direction_id":"{\"0\": 50}","headsign":"{}","duration_avg":120,"n_vehicles":50,"d":1200,"route_I_counts":"{\"1\": 50}","source":10,"target":11,"layer":"L","from":"天津海光寺(地铁站)","to":"天津鞍山道(地铁站)"},"geometry":{"type":"LineString","coordinates":[[117.17119,39.121279],[117.181011,39.119303]]}},{"type":"Feature","properties":{"shape_id":"{}","direction_id":"{\"1\": 50}","headsign":"{}","duration_avg":120,"n_vehicles":50,"d":1200,"route_I_counts":"{\"1\": 50}","source":11,"target":10,"layer":"L","from":"天津鞍山道(地铁站)","to":"天津海光寺(地铁站)"},"geometry":{"type":"LineString","coordinates":[[117.181011,39.119303],[117.17119,39.121279]]}},{"type":"Feature","properties":{"shape_id":"{}","direction_id":"{\"0\": 50}","headsign":"{}","duration_avg":120,"n_vehicles":50,"d":1200,"route_I_counts":"{\"1\": 50}","source":11,"target":12,"layer":"L","from":"天津鞍山道(地铁站)","to":"天津营口道(地铁站)"},"geometry":{"type":"LineString","coordinates":[[117.181011,39.119303],[117.19227,39.117376]]}},{"type":"Feature","properties":{"shape_id":"{}","direction_id":"{\"1\": 50}","headsign":"{}","duration_avg":120,"n_vehicles":50,"d":1200,"route_I_counts":"{\"1\": 50}","source":12,"target":11,"layer":"L","from":"天津营口道(地铁站)","to":"天津鞍山道(地铁站)"},"geometry":{"type":"LineString","coordinates":[[117.19227,39.117376],[117.181011,39.119303]]}},{"type":"Feature","properties":{"shape_id":"{}","direction_id":"{\"0\": 50}","headsign":"{}","duration_avg":180,"n_vehicles":50,"d":1800,"route_I_counts":"{\"1\": 50}","source":12,"target":13,"layer":"L","from":"天津营口道(地铁站)","to":"天津小白楼(地铁站)"},"geometry":{"type":"LineString","coordinates":[[117.19227,39.117376],[117.20923,39.113855]]}},{"type":"Feature","properties":{"shape_id":"{}","direction_id":"{\"1\": 50}","headsign":"{}","duration_avg":180,"n_vehicles":50,"d":1800,"route_I_counts":"{\"1\": 50}","source":13,"target":12,"layer":"L","from":"天津小白楼(地铁站)","to":"天津营口道(地铁站)"},"geometry":{"type":"LineString","coordinates":[[117.20923,39.113855],[117.19227,39.117376]]}},{"type":"Feature","properties":{"shape_id":"{}","direction_id":"{\"0\": 50}","headsign":"{}","duration_avg":120,"n_vehicles":50,"d":1200,"route_I_counts":"{\"1\": 50}","source":13,"target":14,"layer":"L","from":"天津小白楼(地铁站)","to":"天津下瓦房(地铁站)"},"geometry":{"type":"LineString","coordinates":[[117.20923,39.113855],[117.216607,39.104258]]}},{"type":"Feature","properties":{"shape_id":"{}","direction_id":"{\"1\": 50}","headsign":"{}","duration_avg":120,"n_vehicles":50,"d":1200,"route_I_counts":"{\"1\": 50}","source":14,"target":13,"layer":"L","from":"天津下瓦房(地铁站)","to":"天津小白楼(地铁站)"},"geometry":{"type":"LineString","coordinates":[[117.216607,39.104258],[117.20923,39.113855]]}},{"type":"Feature","properties":{"shape_id":"{}","direction_id":"{\"0\": 50}","headsign":"{}","duration_avg":120,"n_vehicles":50,"d":1200,"route_I_counts":"{\"1\": 50}","source":14,"target":15,"layer":"L","from":"天津下瓦房(地铁站)","to":"天津南楼(地铁站)"},"geometry":{"type":"LineString","coordinates":[[117.216607,39.104258],[117.217604,39.095013]]}},{"type":"Feature","properties":{"shape_id":"{}","direction_id":"{\"1\": 50}","headsign":"{}","duration_avg":120,"n_vehicles":50,"d":1200,"route_I_counts":"{\"1\": 50}","source":15,"target":14,"layer":"L","from":"天津南楼(地铁站)","to":"天津下瓦房(地铁站)"},"geometry":{"type":"LineString","coordinates":[[117.217604,39.095013],[117.216607,39.104258]]}},{"type":"Feature","properties":{"shape_id":"{}","direction_id":"{\"0\": 50}","headsign":"{}","duration_avg":180,"n_vehicles":50,"d":1800,"route_I_counts":"{\"1\": 50}","source":15,"target":16,"layer":"L","from":"天津南楼(地铁站)","to":"天津土城(地铁站)"},"geometry":{"type":"LineString","coordinates":[[117.217604,39.095013],[117.226016,39.088242]]}},{"type":"Feature","properties":{"shape_id":"{}","direction_id":"{\"1\": 50}","headsign":"{}","duration_avg":180,"n_vehicles":50,"d":1800,"route_I_counts":"{\"1\": 50}","source":16,"target":15,"layer":"L","from":"天津土城(地铁站)","to":"天津南楼(地铁站)"},"geometry":{"type":"LineString","coordinates":[[117.226016,39.088242],[117.217604,39.095013]]}},{"type":"Feature","properties":{"shape_id":"{}","direction_id":"{\"0\": 50}","headsign":"{}","duration_avg":180,"n_vehicles":50,"d":1800,"route_I_counts":"{\"1\": 50}","source":16,"target":17,"layer":"L","from":"天津土城(地铁站)","to":"天津陈塘庄(地铁站)"},"geometry":{"type":"LineString","coordinates":[[117.226016,39.088242],[117.242221,39.082533]]}},{"type":"Feature","properties":{"shape_id":"{}","direction_id":"{\"1\": 50}","headsign":"{}","duration_avg":180,"n_vehicles":50,"d":1800,"route_I_counts":"{\"1\": 50}","source":17,"target":16,"layer":"L","from":"天津陈塘庄(地铁站)","to":"天津土城(地铁站)"},"geometry":{"type":"LineString","coordinates":[[117.242221,39.082533],[117.226016,39.088242]]}},{"type":"Feature","properties":{"shape_id":"{}","direction_id":"{\"0\": 50}","headsign":"{}","duration_avg":120,"n_vehicles":50,"d":1200,"route_I_counts":"{\"1\": 50}","source":17,"target":18,"layer":"L","from":"天津陈塘庄(地铁站)","to":"天津复兴门(地铁站)"},"geometry":{"type":"LineString","coordinates":[[117.242221,39.082533],[117.253908,39.076242]]}},{"type":"Feature","properties":{"shape_id":"{}","direction_id":"{\"1\": 50}","headsign":"{}","duration_avg":120,"n_vehicles":50,"d":1200,"route_I_counts":"{\"1\": 50}","source":18,"target":17,"layer":"L","from":"天津复兴门(地铁站)","to":"天津陈塘庄(地铁站)"},"geometry":{"type":"LineString","coordinates":[[117.253908,39.076242],[117.242221,39.082533]]}},{"type":"Feature","properties":{"shape_id":"{}","direction_id":"{\"0\": 50}","headsign":"{}","duration_avg":120,"n_vehicles":50,"d":1200,"route_I_counts":"{\"1\": 50}","source":18,"target":19,"layer":"L","from":"天津复兴门(地铁站)","to":"天津华山里(地铁站)"},"geometry":{"type":"LineString","coordinates":[[117.253908,39.076242],[117.25562,39.065204]]}},{"type":"Feature","properties":{"shape_id":"{}","direction_id":"{\"1\": 50}","headsign":"{}","duration_avg":120,"n_vehicles":50,"d":1200,"route_I_counts":"{\"1\": 50}","source":19,"target":18,"layer":"L","from":"天津华山里(地铁站)","to":"天津复兴门(地铁站)"},"geometry":{"type":"LineString","coordinates":[[117.25562,39.065204],[117.253908,39.076242]]}},{"type":"Feature","properties":{"shape_id":"{}","direction_id":"{\"0\": 50}","headsign":"{}","duration_avg":180,"n_vehicles":50,"d":1800,"route_I_counts":"{\"1\": 50}","source":19,"target":20,"layer":"L","from":"天津华山里(地铁站)","to":"天津财经大学(地铁站)"},"geometry":{"type":"LineString","coordinates":[[117.25562,39.065204],[117.270625,39.062971]]}},{"type":"Feature","properties":{"shape_id":"{}","direction_id":"{\"1\": 50}","headsign":"{}","duration_avg":180,"n_vehicles":50,"d":1800,"route_I_counts":"{\"1\": 50}","source":20,"target":19,"layer":"L","from":"天津财经大学(地铁站)","to":"天津华山里(地铁站)"},"geometry":{"type":"LineString","coordinates":[[117.270625,39.062971],[117.25562,39.065204]]}},{"type":"Feature","properties":{"shape_id":"{}","direction_id":"{\"0\": 50}","headsign":"{}","duration_avg":120,"n_vehicles":50,"d":1200,"route_I_counts":"{\"1\": 50}","source":20,"target":21,"layer":"L","from":"天津财经大学(地铁站)","to":"天津双林(地铁站)"},"geometry":{"type":"LineString","coordinates":[[117.270625,39.062971],[117.285847,39.056206]]}},{"type":"Feature","properties":{"shape_id":"{}","direction_id":"{\"1\": 50}","headsign":"{}","duration_avg":120,"n_vehicles":50,"d":1200,"route_I_counts":"{\"1\": 50}","source":21,"target":20,"layer":"L","from":"天津双林(地铁站)","to":"天津财经大学(地铁站)"},"geometry":{"type":"LineString","coordinates":[[117.285847,39.056206],[117.270625,39.062971]]}},{"type":"Feature","properties":{"shape_id":"{}","direction_id":"{\"0\": 50}","headsign":"{}","duration_avg":240,"n_vehicles":50,"d":2400,"route_I_counts":"{\"1\": 50}","source":21,"target":22,"layer":"L","from":"天津双林(地铁站)","to":"天津李楼(地铁站)"},"geometry":{"type":"LineString","coordinates":[[117.285847,39.056206],[117.310784,39.053427]]}},{"type":"Feature","properties":{"shape_id":"{}","direction_id":"{\"1\": 50}","headsign":"{}","duration_avg":240,"n_vehicles":50,"d":2400,"route_I_counts":"{\"1\": 50}","source":22,"target":21,"layer":"L","from":"天津李楼(地铁站)","to":"天津双林(地铁站)"},"geometry":{"type":"LineString","coordinates":[[117.310784,39.053427],[117.285847,39.056206]]}},{"type":"Feature","properties":{"shape_id":"{}","direction_id":"{\"0\": 50}","headsign":"{}","duration_avg":120,"n_vehicles":50,"d":1200,"route_I_counts":"{\"1\": 50}","source":22,"target":23,"layer":"L","from":"天津李楼(地铁站)","to":"天津梨双路北(地铁站)"},"geometry":{"type":"LineString","coordinates":[[117.310784,39.053427],[117.327224,39.050415]]}},{"type":"Feature","properties":{"shape_id":"{}","direction_id":"{\"1\": 50}","headsign":"{}","duration_avg":120,"n_vehicles":50,"d":1200,"route_I_counts":"{\"1\": 50}","source":23,"target":22,"layer":"L","from":"天津梨双路北(地铁站)","to":"天津李楼(地铁站)"},"geometry":{"type":"LineString","coordinates":[[117.327224,39.050415],[117.310784,39.053427]]}},{"type":"Feature","properties":{"shape_id":"{}","direction_id":"{\"0\": 50}","headsign":"{}","duration_avg":120,"n_vehicles":50,"d":1200,"route_I_counts":"{\"1\": 50}","source":23,"target":24,"layer":"L","from":"天津梨双路北(地铁站)","to":"天津洪泥河东(地铁站)"},"geometry":{"type":"LineString","coordinates":[[117.327224,39.050415],[117.338427,39.046539]]}},{"type":"Feature","properties":{"shape_id":"{}","direction_id":"{\"1\": 50}","headsign":"{}","duration_avg":120,"n_vehicles":50,"d":1200,"route_I_counts":"{\"1\": 50}","source":24,"target":23,"layer":"L","from":"天津洪泥河东(地铁站)","to":"天津梨双路北(地铁站)"},"geometry":{"type":"LineString","coordinates":[[117.338427,39.046539],[117.327224,39.050415]]}},{"type":"Feature","properties":{"shape_id":"{}","direction_id":"{\"0\": 50}","headsign":"{}","duration_avg":120,"n_vehicles":50,"d":1200,"route_I_counts":"{\"1\": 50}","source":24,"target":25,"layer":"L","from":"天津洪泥河东(地铁站)","to":"天津高庄子(地铁站)"},"geometry":{"type":"LineString","coordinates":[[117.338427,39.046539],[117.354297,39.042007]]}},{"type":"Feature","properties":{"shape_id":"{}","direction_id":"{\"1\": 50}","headsign":"{}","duration_avg":120,"n_vehicles":50,"d":1200,"route_I_counts":"{\"1\": 50}","source":25,"target":24,"layer":"L","from":"天津高庄子(地铁站)","to":"天津洪泥河东(地铁站)"},"geometry":{"type":"LineString","coordinates":[[117.354297,39.042007],[117.338427,39.046539]]}},{"type":"Feature","properties":{"shape_id":"{}","direction_id":"{\"0\": 50}","headsign":"{}","duration_avg":250,"n_vehicles":50,"d":2500,"route_I_counts":"{\"1\": 50}","source":25,"target":26,"layer":"L","from":"天津高庄子(地铁站)","to":"天津上郭庄(地铁站)"},"geometry":{"type":"LineString","coordinates":[[117.354297,39.042007],[117.365168,39.038801]]}},{"type":"Feature","properties":{"shape_id":"{}","direction_id":"{\"1\": 50}","headsign":"{}","duration_avg":250,"n_vehicles":50,"d":2500,"route_I_counts":"{\"1\": 50}","source":26,"target":25,"layer":"L","from":"天津上郭庄(地铁站)","to":"天津高庄子(地铁站)"},"geometry":{"type":"LineString","coordinates":[[117.365168,39.038801],[117.354297,39.042007]]}},{"type":"Feature","properties":{"shape_id":"{}","direction_id":"{\"0\": 50}","headsign":"{}","duration_avg":250,"n_vehicles":50,"d":2500,"route_I_counts":"{\"1\": 50}","source":26,"target":27,"layer":"L","from":"天津上郭庄(地铁站)","to":"天津国家会展中心(地铁站)"},"geometry":{"type":"LineString","coordinates":[[117.365168,39.038801],[117.377665,39.027626]]}},{"type":"Feature","properties":{"shape_id":"{}","direction_id":"{\"1\": 50}","headsign":"{}","duration_avg":250,"n_vehicles":50,"d":2500,"route_I_counts":"{\"1\": 50}","source":27,"target":26,"layer":"L","from":"天津国家会展中心(地铁站)","to":"天津上郭庄(地铁站)"},"geometry":{"type":"LineString","coordinates":[[117.377665,39.027626],[117.365168,39.038801]]}},{"type":"Feature","properties":{"shape_id":"{}","direction_id":"{\"0\": 50}","headsign":"{}","duration_avg":120,"n_vehicles":50,"d":1200,"route_I_counts":"{\"1\": 50}","source":27,"target":28,"layer":"L","from":"天津国家会展中心(地铁站)","to":"天津国瑞路(地铁站)"},"geometry":{"type":"LineString","coordinates":[[117.377665,39.027626],[117.384201,39.020821]]}},{"type":"Feature","properties":{"shape_id":"{}","direction_id":"{\"1\": 50}","headsign":"{}","duration_avg":120,"n_vehicles":50,"d":1200,"route_I_counts":"{\"1\": 50}","source":28,"target":27,"layer":"L","from":"天津国瑞路(地铁站)","to":"天津国家会展中心(地铁站)"},"geometry":{"type":"LineString","coordinates":[[117.384201,39.020821],[117.377665,39.027626]]}},{"type":"Feature","properties":{"shape_id":"{}","direction_id":"{\"0\": 50}","headsign":"{}","duration_avg":240,"n_vehicles":50,"d":2400,"route_I_counts":"{\"1\": 50}","source":28,"target":29,"layer":"L","from":"天津国瑞路(地铁站)","to":"天津东沽路(地铁站)"},"geometry":{"type":"LineString","coordinates":[[117.384201,39.020821],[117.401847,39.011301]]}},{"type":"Feature","properties":{"shape_id":"{}","direction_id":"{\"1\": 50}","headsign":"{}","duration_avg":240,"n_vehicles":50,"d":2400,"route_I_counts":"{\"1\": 50}","source":29,"target":28,"layer":"L","from":"天津东沽路(地铁站)","to":"天津国瑞路(地铁站)"},"geometry":{"type":"LineString","coordinates":[[117.401847,39.011301],[117.384201,39.020821]]}},{"type":"Feature","properties":{"shape_id":"{}","direction_id":"{\"0\": 50}","headsign":"{}","duration_avg":120,"n_vehicles":50,"d":1200,"route_I_counts":"{\"1\": 50}","source":29,"target":30,"layer":"L","from":"天津东沽路(地铁站)","to":"天津咸水沽北(地铁站)"},"geometry":{"type":"LineString","coordinates":[[117.401847,39.011301],[117.414124,39.008447]]}},{"type":"Feature","properties":{"shape_id":"{}","direction_id":"{\"1\": 50}","headsign":"{}","duration_avg":120,"n_vehicles":50,"d":1200,"route_I_counts":"{\"1\": 50}","source":30,"target":29,"layer":"L","from":"天津咸水沽北(地铁站)","to":"天津东沽路(地铁站)"},"geometry":{"type":"LineString","coordinates":[[117.414124,39.008447],[117.401847,39.011301]]}},{"type":"Feature","properties":{"shape_id":"{}","direction_id":"{\"0\": 50}","headsign":"{}","duration_avg":120,"n_vehicles":50,"d":1200,"route_I_counts":"{\"1\": 50}","source":30,"target":31,"layer":"L","from":"天津咸水沽北(地铁站)","to":"天津双桥河(地铁站)"},"geometry":{"type":"LineString","coordinates":[[117.414124,39.008447],[117.424767,39.001714]]}},{"type":"Feature","properties":{"shape_id":"{}","direction_id":"{\"1\": 50}","headsign":"{}","duration_avg":120,"n_vehicles":50,"d":1200,"route_I_counts":"{\"1\": 50}","source":31,"target":30,"layer":"L","from":"天津双桥河(地铁站)","to":"天津咸水沽北(地铁站)"},"geometry":{"type":"LineString","coordinates":[[117.424767,39.001714],[117.414124,39.008447]]}},{"type":"Feature","properties":{"shape_id":"{}","direction_id":"{\"0\": 50}","headsign":"{}","duration_avg":180,"n_vehicles":50,"d":1800,"route_I_counts":"{\"2\": 50}","source":32,"target":33,"layer":"L","from":"天津曹庄(地铁站)","to":"天津卞兴(地铁站)"},"geometry":{"type":"LineString","coordinates":[[117.08453,39.144517],[117.10285,39.145048]]}},{"type":"Feature","properties":{"shape_id":"{}","direction_id":"{\"1\": 50}","headsign":"{}","duration_avg":180,"n_vehicles":50,"d":1800,"route_I_counts":"{\"2\": 50}","source":33,"target":32,"layer":"L","from":"天津卞兴(地铁站)","to":"天津曹庄(地铁站)"},"geometry":{"type":"LineString","coordinates":[[117.10285,39.145048],[117.08453,39.144517]]}},{"type":"Feature","properties":{"shape_id":"{}","direction_id":"{\"0\": 50}","headsign":"{}","duration_avg":120,"n_vehicles":50,"d":1200,"route_I_counts":"{\"2\": 50}","source":33,"target":34,"layer":"L","from":"天津卞兴(地铁站)","to":"天津芥园西道(地铁站)"},"geometry":{"type":"LineString","coordinates":[[117.10285,39.145048],[117.113234,39.141495]]}},{"type":"Feature","properties":{"shape_id":"{}","direction_id":"{\"1\": 50}","headsign":"{}","duration_avg":120,"n_vehicles":50,"d":1200,"route_I_counts":"{\"2\": 50}","source":34,"target":33,"layer":"L","from":"天津芥园西道(地铁站)","to":"天津卞兴(地铁站)"},"geometry":{"type":"LineString","coordinates":[[117.113234,39.141495],[117.10285,39.145048]]}},{"type":"Feature","properties":{"shape_id":"{}","direction_id":"{\"0\": 50}","headsign":"{}","duration_avg":180,"n_vehicles":50,"d":1800,"route_I_counts":"{\"2\": 50}","source":34,"target":35,"layer":"L","from":"天津芥园西道(地铁站)","to":"天津咸阳路(地铁站)"},"geometry":{"type":"LineString","coordinates":[[117.113234,39.141495],[117.128874,39.136617]]}},{"type":"Feature","properties":{"shape_id":"{}","direction_id":"{\"1\": 50}","headsign":"{}","duration_avg":180,"n_vehicles":50,"d":1800,"route_I_counts":"{\"2\": 50}","source":35,"target":34,"layer":"L","from":"天津咸阳路(地铁站)","to":"天津芥园西道(地铁站)"},"geometry":{"type":"LineString","coordinates":[[117.128874,39.136617],[117.113234,39.141495]]}},{"type":"Feature","properties":{"shape_id":"{}","direction_id":"{\"0\": 50}","headsign":"{}","duration_avg":120,"n_vehicles":50,"d":1200,"route_I_counts":"{\"2\": 50}","source":35,"target":36,"layer":"L","from":"天津咸阳路(地铁站)","to":"天津长虹公园(地铁站)"},"geometry":{"type":"LineString","coordinates":[[117.128874,39.136617],[117.143048,39.136675]]}},{"type":"Feature","properties":{"shape_id":"{}","direction_id":"{\"1\": 50}","headsign":"{}","duration_avg":120,"n_vehicles":50,"d":1200,"route_I_counts":"{\"2\": 50}","source":36,"target":35,"layer":"L","from":"天津长虹公园(地铁站)","to":"天津咸阳路(地铁站)"},"geometry":{"type":"LineString","coordinates":[[117.143048,39.136675],[117.128874,39.136617]]}},{"type":"Feature","properties":{"shape_id":"{}","direction_id":"{\"0\": 50}","headsign":"{}","duration_avg":180,"n_vehicles":50,"d":1800,"route_I_counts":"{\"2\": 50}","source":36,"target":37,"layer":"L","from":"天津长虹公园(地铁站)","to":"天津广开四马路(地铁站)"},"geometry":{"type":"LineString","coordinates":[[117.143048,39.136675],[117.155368,39.136544]]}},{"type":"Feature","properties":{"shape_id":"{}","direction_id":"{\"1\": 50}","headsign":"{}","duration_avg":180,"n_vehicles":50,"d":1800,"route_I_counts":"{\"2\": 50}","source":37,"target":36,"layer":"L","from":"天津广开四马路(地铁站)","to":"天津长虹公园(地铁站)"},"geometry":{"type":"LineString","coordinates":[[117.155368,39.136544],[117.143048,39.136675]]}},{"type":"Feature","properties":{"shape_id":"{}","direction_id":"{\"0\": 50}","headsign":"{}","duration_avg":120,"n_vehicles":50,"d":1200,"route_I_counts":"{\"2\": 50}","source":37,"target":8,"layer":"L","from":"天津广开四马路(地铁站)","to":"天津西南角(地铁站)"},"geometry":{"type":"LineString","coordinates":[[117.155368,39.136544],[117.16564,39.136275]]}},{"type":"Feature","properties":{"shape_id":"{}","direction_id":"{\"1\": 50}","headsign":"{}","duration_avg":120,"n_vehicles":50,"d":1200,"route_I_counts":"{\"2\": 50}","source":8,"target":37,"layer":"L","from":"天津西南角(地铁站)","to":"天津广开四马路(地铁站)"},"geometry":{"type":"LineString","coordinates":[[117.16564,39.136275],[117.155368,39.136544]]}},{"type":"Feature","properties":{"shape_id":"{}","direction_id":"{\"0\": 50}","headsign":"{}","duration_avg":120,"n_vehicles":50,"d":1200,"route_I_counts":"{\"2\": 50}","source":8,"target":38,"layer":"L","from":"天津西南角(地铁站)","to":"天津鼓楼(地铁站)"},"geometry":{"type":"LineString","coordinates":[[117.16564,39.136275],[117.174889,39.136055]]}},{"type":"Feature","properties":{"shape_id":"{}","direction_id":"{\"1\": 50}","headsign":"{}","duration_avg":120,"n_vehicles":50,"d":1200,"route_I_counts":"{\"2\": 50}","source":38,"target":8,"layer":"L","from":"天津鼓楼(地铁站)","to":"天津西南角(地铁站)"},"geometry":{"type":"LineString","coordinates":[[117.174889,39.136055],[117.16564,39.136275]]}},{"type":"Feature","properties":{"shape_id":"{}","direction_id":"{\"0\": 50}","headsign":"{}","duration_avg":120,"n_vehicles":50,"d":1200,"route_I_counts":"{\"2\": 50}","source":38,"target":39,"layer":"L","from":"天津鼓楼(地铁站)","to":"天津东南角(地铁站)"},"geometry":{"type":"LineString","coordinates":[[117.174889,39.136055],[117.184109,39.135821]]}},{"type":"Feature","properties":{"shape_id":"{}","direction_id":"{\"1\": 50}","headsign":"{}","duration_avg":120,"n_vehicles":50,"d":1200,"route_I_counts":"{\"2\": 50}","source":39,"target":38,"layer":"L","from":"天津东南角(地铁站)","to":"天津鼓楼(地铁站)"},"geometry":{"type":"LineString","coordinates":[[117.184109,39.135821],[117.174889,39.136055]]}},{"type":"Feature","properties":{"shape_id":"{}","direction_id":"{\"0\": 50}","headsign":"{}","duration_avg":120,"n_vehicles":50,"d":1200,"route_I_counts":"{\"2\": 50}","source":39,"target":40,"layer":"L","from":"天津东南角(地铁站)","to":"天津建国道意风区(地铁站)"},"geometry":{"type":"LineString","coordinates":[[117.184109,39.135821],[117.194584,39.137968]]}},{"type":"Feature","properties":{"shape_id":"{}","direction_id":"{\"1\": 50}","headsign":"{}","duration_avg":120,"n_vehicles":50,"d":1200,"route_I_counts":"{\"2\": 50}","source":40,"target":39,"layer":"L","from":"天津建国道意风区(地铁站)","to":"天津东南角(地铁站)"},"geometry":{"type":"LineString","coordinates":[[117.194584,39.137968],[117.184109,39.135821]]}},{"type":"Feature","properties":{"shape_id":"{}","direction_id":"{\"0\": 50}","headsign":"{}","duration_avg":180,"n_vehicles":50,"d":1800,"route_I_counts":"{\"2\": 50}","source":40,"target":41,"layer":"L","from":"天津建国道意风区(地铁站)","to":"天津天津站(地铁站)"},"geometry":{"type":"LineString","coordinates":[[117.194584,39.137968],[117.203707,39.137226]]}},{"type":"Feature","properties":{"shape_id":"{}","direction_id":"{\"1\": 50}","headsign":"{}","duration_avg":180,"n_vehicles":50,"d":1800,"route_I_counts":"{\"2\": 50}","source":41,"target":40,"layer":"L","from":"天津天津站(地铁站)","to":"天津建国道意风区(地铁站)"},"geometry":{"type":"LineString","coordinates":[[117.203707,39.137226],[117.194584,39.137968]]}},{"type":"Feature","properties":{"shape_id":"{}","direction_id":"{\"0\": 50}","headsign":"{}","duration_avg":120,"n_vehicles":50,"d":1200,"route_I_counts":"{\"2\": 50}","source":41,"target":42,"layer":"L","from":"天津天津站(地铁站)","to":"天津远洋国际中心(地铁站)"},"geometry":{"type":"LineString","coordinates":[[117.203707,39.137226],[117.214977,39.13552]]}},{"type":"Feature","properties":{"shape_id":"{}","direction_id":"{\"1\": 50}","headsign":"{}","duration_avg":120,"n_vehicles":50,"d":1200,"route_I_counts":"{\"2\": 50}","source":42,"target":41,"layer":"L","from":"天津远洋国际中心(地铁站)","to":"天津天津站(地铁站)"},"geometry":{"type":"LineString","coordinates":[[117.214977,39.13552],[117.203707,39.137226]]}},{"type":"Feature","properties":{"shape_id":"{}","direction_id":"{\"0\": 50}","headsign":"{}","duration_avg":120,"n_vehicles":50,"d":1200,"route_I_counts":"{\"2\": 50}","source":42,"target":43,"layer":"L","from":"天津远洋国际中心(地铁站)","to":"天津顺驰桥(地铁站)"},"geometry":{"type":"LineString","coordinates":[[117.214977,39.13552],[117.227334,39.14042]]}},{"type":"Feature","properties":{"shape_id":"{}","direction_id":"{\"1\": 50}","headsign":"{}","duration_avg":120,"n_vehicles":50,"d":1200,"route_I_counts":"{\"2\": 50}","source":43,"target":42,"layer":"L","from":"天津顺驰桥(地铁站)","to":"天津远洋国际中心(地铁站)"},"geometry":{"type":"LineString","coordinates":[[117.227334,39.14042],[117.214977,39.13552]]}},{"type":"Feature","properties":{"shape_id":"{}","direction_id":"{\"0\": 50}","headsign":"{}","duration_avg":180,"n_vehicles":50,"d":1800,"route_I_counts":"{\"2\": 50}","source":43,"target":44,"layer":"L","from":"天津顺驰桥(地铁站)","to":"天津靖江路(地铁站)"},"geometry":{"type":"LineString","coordinates":[[117.227334,39.14042],[117.237974,39.141522]]}},{"type":"Feature","properties":{"shape_id":"{}","direction_id":"{\"1\": 50}","headsign":"{}","duration_avg":180,"n_vehicles":50,"d":1800,"route_I_counts":"{\"2\": 50}","source":44,"target":43,"layer":"L","from":"天津靖江路(地铁站)","to":"天津顺驰桥(地铁站)"},"geometry":{"type":"LineString","coordinates":[[117.237974,39.141522],[117.227334,39.14042]]}},{"type":"Feature","properties":{"shape_id":"{}","direction_id":"{\"0\": 50}","headsign":"{}","duration_avg":120,"n_vehicles":50,"d":1200,"route_I_counts":"{\"2\": 50}","source":44,"target":45,"layer":"L","from":"天津靖江路(地铁站)","to":"天津翠阜新村(地铁站)"},"geometry":{"type":"LineString","coordinates":[[117.237974,39.141522],[117.251336,39.142998]]}},{"type":"Feature","properties":{"shape_id":"{}","direction_id":"{\"1\": 50}","headsign":"{}","duration_avg":120,"n_vehicles":50,"d":1200,"route_I_counts":"{\"2\": 50}","source":45,"target":44,"layer":"L","from":"天津翠阜新村(地铁站)","to":"天津靖江路(地铁站)"},"geometry":{"type":"LineString","coordinates":[[117.251336,39.142998],[117.237974,39.141522]]}},{"type":"Feature","properties":{"shape_id":"{}","direction_id":"{\"0\": 50}","headsign":"{}","duration_avg":180,"n_vehicles":50,"d":1800,"route_I_counts":"{\"2\": 50}","source":45,"target":46,"layer":"L","from":"天津翠阜新村(地铁站)","to":"天津屿东城(地铁站)"},"geometry":{"type":"LineString","coordinates":[[117.251336,39.142998],[117.273529,39.146194]]}},{"type":"Feature","properties":{"shape_id":"{}","direction_id":"{\"1\": 50}","headsign":"{}","duration_avg":180,"n_vehicles":50,"d":1800,"route_I_counts":"{\"2\": 50}","source":46,"target":45,"layer":"L","from":"天津屿东城(地铁站)","to":"天津翠阜新村(地铁站)"},"geometry":{"type":"LineString","coordinates":[[117.273529,39.146194],[117.251336,39.142998]]}},{"type":"Feature","properties":{"shape_id":"{}","direction_id":"{\"0\": 50}","headsign":"{}","duration_avg":120,"n_vehicles":50,"d":1200,"route_I_counts":"{\"2\": 50}","source":46,"target":47,"layer":"L","from":"天津屿东城(地铁站)","to":"天津登州路(地铁站)"},"geometry":{"type":"LineString","coordinates":[[117.273529,39.146194],[117.289573,39.149453]]}},{"type":"Feature","properties":{"shape_id":"{}","direction_id":"{\"1\": 50}","headsign":"{}","duration_avg":120,"n_vehicles":50,"d":1200,"route_I_counts":"{\"2\": 50}","source":47,"target":46,"layer":"L","from":"天津登州路(地铁站)","to":"天津屿东城(地铁站)"},"geometry":{"type":"LineString","coordinates":[[117.289573,39.149453],[117.273529,39.146194]]}},{"type":"Feature","properties":{"shape_id":"{}","direction_id":"{\"0\": 50}","headsign":"{}","duration_avg":120,"n_vehicles":50,"d":1200,"route_I_counts":"{\"2\": 50}","source":47,"target":48,"layer":"L","from":"天津登州路(地铁站)","to":"天津国山路(地铁站)"},"geometry":{"type":"LineString","coordinates":[[117.289573,39.149453],[117.30341,39.153024]]}},{"type":"Feature","properties":{"shape_id":"{}","direction_id":"{\"1\": 50}","headsign":"{}","duration_avg":120,"n_vehicles":50,"d":1200,"route_I_counts":"{\"2\": 50}","source":48,"target":47,"layer":"L","from":"天津国山路(地铁站)","to":"天津登州路(地铁站)"},"geometry":{"type":"LineString","coordinates":[[117.30341,39.153024],[117.289573,39.149453]]}},{"type":"Feature","properties":{"shape_id":"{}","direction_id":"{\"0\": 50}","headsign":"{}","duration_avg":180,"n_vehicles":50,"d":1800,"route_I_counts":"{\"2\": 50}","source":48,"target":49,"layer":"L","from":"天津国山路(地铁站)","to":"天津空港经济区(地铁站)"},"geometry":{"type":"LineString","coordinates":[[117.30341,39.153024],[117.328387,39.15654]]}},{"type":"Feature","properties":{"shape_id":"{}","direction_id":"{\"1\": 50}","headsign":"{}","duration_avg":180,"n_vehicles":50,"d":1800,"route_I_counts":"{\"2\": 50}","source":49,"target":48,"layer":"L","from":"天津空港经济区(地铁站)","to":"天津国山路(地铁站)"},"geometry":{"type":"LineString","coordinates":[[117.328387,39.15654],[117.30341,39.153024]]}},{"type":"Feature","properties":{"shape_id":"{}","direction_id":"{\"0\": 50}","headsign":"{}","duration_avg":300,"n_vehicles":50,"d":3000,"route_I_counts":"{\"2\": 50}","source":49,"target":50,"layer":"L","from":"天津空港经济区(地铁站)","to":"天津滨海国际机场(地铁站)"},"geometry":{"type":"LineString","coordinates":[[117.328387,39.15654],[117.356112,39.130965]]}},{"type":"Feature","properties":{"shape_id":"{}","direction_id":"{\"1\": 50}","headsign":"{}","duration_avg":300,"n_vehicles":50,"d":3000,"route_I_counts":"{\"2\": 50}","source":50,"target":49,"layer":"L","from":"天津滨海国际机场(地铁站)","to":"天津空港经济区(地铁站)"},"geometry":{"type":"LineString","coordinates":[[117.356112,39.130965],[117.328387,39.15654]]}},{"type":"Feature","properties":{"shape_id":"{}","direction_id":"{\"0\": 50}","headsign":"{}","duration_avg":120,"n_vehicles":50,"d":1200,"route_I_counts":"{\"3\": 50}","source":51,"target":52,"layer":"L","from":"天津小淀(地铁站)","to":"天津丰产河(地铁站)"},"geometry":{"type":"LineString","coordinates":[[117.251349,39.238129],[117.229734,39.2371]]}},{"type":"Feature","properties":{"shape_id":"{}","direction_id":"{\"1\": 50}","headsign":"{}","duration_avg":120,"n_vehicles":50,"d":1200,"route_I_counts":"{\"3\": 50}","source":52,"target":51,"layer":"L","from":"天津丰产河(地铁站)","to":"天津小淀(地铁站)"},"geometry":{"type":"LineString","coordinates":[[117.229734,39.2371],[117.251349,39.238129]]}},{"type":"Feature","properties":{"shape_id":"{}","direction_id":"{\"0\": 50}","headsign":"{}","duration_avg":180,"n_vehicles":50,"d":1800,"route_I_counts":"{\"3\": 50}","source":52,"target":53,"layer":"L","from":"天津丰产河(地铁站)","to":"天津华北集团(地铁站)"},"geometry":{"type":"LineString","coordinates":[[117.229734,39.2371],[117.221394,39.226502]]}},{"type":"Feature","properties":{"shape_id":"{}","direction_id":"{\"1\": 50}","headsign":"{}","duration_avg":180,"n_vehicles":50,"d":1800,"route_I_counts":"{\"3\": 50}","source":53,"target":52,"layer":"L","from":"天津华北集团(地铁站)","to":"天津丰产河(地铁站)"},"geometry":{"type":"LineString","coordinates":[[117.221394,39.226502],[117.229734,39.2371]]}},{"type":"Feature","properties":{"shape_id":"{}","direction_id":"{\"0\": 50}","headsign":"{}","duration_avg":240,"n_vehicles":50,"d":2400,"route_I_counts":"{\"3\": 50}","source":53,"target":54,"layer":"L","from":"天津华北集团(地铁站)","to":"天津天士力(地铁站)"},"geometry":{"type":"LineString","coordinates":[[117.221394,39.226502],[117.208903,39.204835]]}},{"type":"Feature","properties":{"shape_id":"{}","direction_id":"{\"1\": 50}","headsign":"{}","duration_avg":240,"n_vehicles":50,"d":2400,"route_I_counts":"{\"3\": 50}","source":54,"target":53,"layer":"L","from":"天津天士力(地铁站)","to":"天津华北集团(地铁站)"},"geometry":{"type":"LineString","coordinates":[[117.208903,39.204835],[117.221394,39.226502]]}},{"type":"Feature","properties":{"shape_id":"{}","direction_id":"{\"0\": 50}","headsign":"{}","duration_avg":120,"n_vehicles":50,"d":1200,"route_I_counts":"{\"3\": 50}","source":54,"target":55,"layer":"L","from":"天津天士力(地铁站)","to":"天津宜兴埠(地铁站)"},"geometry":{"type":"LineString","coordinates":[[117.208903,39.204835],[117.212309,39.196506]]}},{"type":"Feature","properties":{"shape_id":"{}","direction_id":"{\"1\": 50}","headsign":"{}","duration_avg":120,"n_vehicles":50,"d":1200,"route_I_counts":"{\"3\": 50}","source":55,"target":54,"layer":"L","from":"天津宜兴埠(地铁站)","to":"天津天士力(地铁站)"},"geometry":{"type":"LineString","coordinates":[[117.212309,39.196506],[117.208903,39.204835]]}},{"type":"Feature","properties":{"shape_id":"{}","direction_id":"{\"0\": 50}","headsign":"{}","duration_avg":120,"n_vehicles":50,"d":1200,"route_I_counts":"{\"3\": 50}","source":55,"target":56,"layer":"L","from":"天津宜兴埠(地铁站)","to":"天津张兴庄(地铁站)"},"geometry":{"type":"LineString","coordinates":[[117.212309,39.196506],[117.209058,39.190404]]}},{"type":"Feature","properties":{"shape_id":"{}","direction_id":"{\"1\": 50}","headsign":"{}","duration_avg":120,"n_vehicles":50,"d":1200,"route_I_counts":"{\"3\": 50}","source":56,"target":55,"layer":"L","from":"天津张兴庄(地铁站)","to":"天津宜兴埠(地铁站)"},"geometry":{"type":"LineString","coordinates":[[117.209058,39.190404],[117.212309,39.196506]]}},{"type":"Feature","properties":{"shape_id":"{}","direction_id":"{\"0\": 50}","headsign":"{}","duration_avg":120,"n_vehicles":50,"d":1200,"route_I_counts":"{\"3\": 50}","source":56,"target":57,"layer":"L","from":"天津张兴庄(地铁站)","to":"天津铁东路(地铁站)"},"geometry":{"type":"LineString","coordinates":[[117.209058,39.190404],[117.200997,39.17881]]}},{"type":"Feature","properties":{"shape_id":"{}","direction_id":"{\"1\": 50}","headsign":"{}","duration_avg":120,"n_vehicles":50,"d":1200,"route_I_counts":"{\"3\": 50}","source":57,"target":56,"layer":"L","from":"天津铁东路(地铁站)","to":"天津张兴庄(地铁站)"},"geometry":{"type":"LineString","coordinates":[[117.200997,39.17881],[117.209058,39.190404]]}},{"type":"Feature","properties":{"shape_id":"{}","direction_id":"{\"0\": 50}","headsign":"{}","duration_avg":180,"n_vehicles":50,"d":1800,"route_I_counts":"{\"3\": 50}","source":57,"target":58,"layer":"L","from":"天津铁东路(地铁站)","to":"天津北站(地铁站)"},"geometry":{"type":"LineString","coordinates":[[117.200997,39.17881],[117.201527,39.165609]]}},{"type":"Feature","properties":{"shape_id":"{}","direction_id":"{\"1\": 50}","headsign":"{}","duration_avg":180,"n_vehicles":50,"d":1800,"route_I_counts":"{\"3\": 50}","source":58,"target":57,"layer":"L","from":"天津北站(地铁站)","to":"天津铁东路(地铁站)"},"geometry":{"type":"LineString","coordinates":[[117.201527,39.165609],[117.200997,39.17881]]}},{"type":"Feature","properties":{"shape_id":"{}","direction_id":"{\"0\": 50}","headsign":"{}","duration_avg":120,"n_vehicles":50,"d":1200,"route_I_counts":"{\"3\": 50}","source":58,"target":59,"layer":"L","from":"天津北站(地铁站)","to":"天津中山路(地铁站)"},"geometry":{"type":"LineString","coordinates":[[117.201527,39.165609],[117.199234,39.160784]]}},{"type":"Feature","properties":{"shape_id":"{}","direction_id":"{\"1\": 50}","headsign":"{}","duration_avg":120,"n_vehicles":50,"d":1200,"route_I_counts":"{\"3\": 50}","source":59,"target":58,"layer":"L","from":"天津中山路(地铁站)","to":"天津北站(地铁站)"},"geometry":{"type":"LineString","coordinates":[[117.199234,39.160784],[117.201527,39.165609]]}},{"type":"Feature","properties":{"shape_id":"{}","direction_id":"{\"0\": 50}","headsign":"{}","duration_avg":120,"n_vehicles":50,"d":1200,"route_I_counts":"{\"3\": 50}","source":59,"target":60,"layer":"L","from":"天津中山路(地铁站)","to":"天津金狮桥(地铁站)"},"geometry":{"type":"LineString","coordinates":[[117.199234,39.160784],[117.201462,39.150028]]}},{"type":"Feature","properties":{"shape_id":"{}","direction_id":"{\"1\": 50}","headsign":"{}","duration_avg":120,"n_vehicles":50,"d":1200,"route_I_counts":"{\"3\": 50}","source":60,"target":59,"layer":"L","from":"天津金狮桥(地铁站)","to":"天津中山路(地铁站)"},"geometry":{"type":"LineString","coordinates":[[117.201462,39.150028],[117.199234,39.160784]]}},{"type":"Feature","properties":{"shape_id":"{}","direction_id":"{\"0\": 50}","headsign":"{}","duration_avg":240,"n_vehicles":50,"d":2400,"route_I_counts":"{\"3\": 50}","source":60,"target":41,"layer":"L","from":"天津金狮桥(地铁站)","to":"天津天津站(地铁站)"},"geometry":{"type":"LineString","coordinates":[[117.201462,39.150028],[117.203707,39.137226]]}},{"type":"Feature","properties":{"shape_id":"{}","direction_id":"{\"1\": 50}","headsign":"{}","duration_avg":240,"n_vehicles":50,"d":2400,"route_I_counts":"{\"3\": 50}","source":41,"target":60,"layer":"L","from":"天津天津站(地铁站)","to":"天津金狮桥(地铁站)"},"geometry":{"type":"LineString","coordinates":[[117.203707,39.137226],[117.201462,39.150028]]}},{"type":"Feature","properties":{"shape_id":"{}","direction_id":"{\"0\": 50}","headsign":"{}","duration_avg":120,"n_vehicles":50,"d":1200,"route_I_counts":"{\"3\": 50}","source":41,"target":61,"layer":"L","from":"天津天津站(地铁站)","to":"天津津湾广场(地铁站)"},"geometry":{"type":"LineString","coordinates":[[117.203707,39.137226],[117.201261,39.130873]]}},{"type":"Feature","properties":{"shape_id":"{}","direction_id":"{\"1\": 50}","headsign":"{}","duration_avg":120,"n_vehicles":50,"d":1200,"route_I_counts":"{\"3\": 50}","source":61,"target":41,"layer":"L","from":"天津津湾广场(地铁站)","to":"天津天津站(地铁站)"},"geometry":{"type":"LineString","coordinates":[[117.201261,39.130873],[117.203707,39.137226]]}},{"type":"Feature","properties":{"shape_id":"{}","direction_id":"{\"0\": 50}","headsign":"{}","duration_avg":60,"n_vehicles":50,"d":600,"route_I_counts":"{\"3\": 50}","source":61,"target":62,"layer":"L","from":"天津津湾广场(地铁站)","to":"天津和平路(地铁站)"},"geometry":{"type":"LineString","coordinates":[[117.201261,39.130873],[117.198356,39.125871]]}},{"type":"Feature","properties":{"shape_id":"{}","direction_id":"{\"1\": 50}","headsign":"{}","duration_avg":60,"n_vehicles":50,"d":600,"route_I_counts":"{\"3\": 50}","source":62,"target":61,"layer":"L","from":"天津和平路(地铁站)","to":"天津津湾广场(地铁站)"},"geometry":{"type":"LineString","coordinates":[[117.198356,39.125871],[117.201261,39.130873]]}},{"type":"Feature","properties":{"shape_id":"{}","direction_id":"{\"0\": 50}","headsign":"{}","duration_avg":180,"n_vehicles":50,"d":1800,"route_I_counts":"{\"3\": 50}","source":62,"target":12,"layer":"L","from":"天津和平路(地铁站)","to":"天津营口道(地铁站)"},"geometry":{"type":"LineString","coordinates":[[117.198356,39.125871],[117.19227,39.117376]]}},{"type":"Feature","properties":{"shape_id":"{}","direction_id":"{\"1\": 50}","headsign":"{}","duration_avg":180,"n_vehicles":50,"d":1800,"route_I_counts":"{\"3\": 50}","source":12,"target":62,"layer":"L","from":"天津营口道(地铁站)","to":"天津和平路(地铁站)"},"geometry":{"type":"LineString","coordinates":[[117.19227,39.117376],[117.198356,39.125871]]}},{"type":"Feature","properties":{"shape_id":"{}","direction_id":"{\"0\": 50}","headsign":"{}","duration_avg":120,"n_vehicles":50,"d":1200,"route_I_counts":"{\"3\": 50}","source":12,"target":63,"layer":"L","from":"天津营口道(地铁站)","to":"天津西康路(地铁站)"},"geometry":{"type":"LineString","coordinates":[[117.19227,39.117376],[117.18181,39.111173]]}},{"type":"Feature","properties":{"shape_id":"{}","direction_id":"{\"1\": 50}","headsign":"{}","duration_avg":120,"n_vehicles":50,"d":1200,"route_I_counts":"{\"3\": 50}","source":63,"target":12,"layer":"L","from":"天津西康路(地铁站)","to":"天津营口道(地铁站)"},"geometry":{"type":"LineString","coordinates":[[117.18181,39.111173],[117.19227,39.117376]]}},{"type":"Feature","properties":{"shape_id":"{}","direction_id":"{\"0\": 50}","headsign":"{}","duration_avg":180,"n_vehicles":50,"d":1800,"route_I_counts":"{\"3\": 50}","source":63,"target":64,"layer":"L","from":"天津西康路(地铁站)","to":"天津吴家窑(地铁站)"},"geometry":{"type":"LineString","coordinates":[[117.18181,39.111173],[117.17982,39.098741]]}},{"type":"Feature","properties":{"shape_id":"{}","direction_id":"{\"1\": 50}","headsign":"{}","duration_avg":180,"n_vehicles":50,"d":1800,"route_I_counts":"{\"3\": 50}","source":64,"target":63,"layer":"L","from":"天津吴家窑(地铁站)","to":"天津西康路(地铁站)"},"geometry":{"type":"LineString","coordinates":[[117.17982,39.098741],[117.18181,39.111173]]}},{"type":"Feature","properties":{"shape_id":"{}","direction_id":"{\"0\": 50}","headsign":"{}","duration_avg":120,"n_vehicles":50,"d":1200,"route_I_counts":"{\"3\": 50}","source":64,"target":65,"layer":"L","from":"天津吴家窑(地铁站)","to":"天津天塔(地铁站)"},"geometry":{"type":"LineString","coordinates":[[117.17982,39.098741],[117.17142,39.094721]]}},{"type":"Feature","properties":{"shape_id":"{}","direction_id":"{\"1\": 50}","headsign":"{}","duration_avg":120,"n_vehicles":50,"d":1200,"route_I_counts":"{\"3\": 50}","source":65,"target":64,"layer":"L","from":"天津天塔(地铁站)","to":"天津吴家窑(地铁站)"},"geometry":{"type":"LineString","coordinates":[[117.17142,39.094721],[117.17982,39.098741]]}},{"type":"Feature","properties":{"shape_id":"{}","direction_id":"{\"0\": 50}","headsign":"{}","duration_avg":120,"n_vehicles":50,"d":1200,"route_I_counts":"{\"3\": 50}","source":65,"target":66,"layer":"L","from":"天津天塔(地铁站)","to":"天津周邓纪念馆(地铁站)"},"geometry":{"type":"LineString","coordinates":[[117.17142,39.094721],[117.157237,39.091646]]}},{"type":"Feature","properties":{"shape_id":"{}","direction_id":"{\"1\": 50}","headsign":"{}","duration_avg":120,"n_vehicles":50,"d":1200,"route_I_counts":"{\"3\": 50}","source":66,"target":65,"layer":"L","from":"天津周邓纪念馆(地铁站)","to":"天津天塔(地铁站)"},"geometry":{"type":"LineString","coordinates":[[117.157237,39.091646],[117.17142,39.094721]]}},{"type":"Feature","properties":{"shape_id":"{}","direction_id":"{\"0\": 50}","headsign":"{}","duration_avg":180,"n_vehicles":50,"d":1800,"route_I_counts":"{\"3\": 50}","source":66,"target":67,"layer":"L","from":"天津周邓纪念馆(地铁站)","to":"天津红旗南路(地铁站)"},"geometry":{"type":"LineString","coordinates":[[117.157237,39.091646],[117.141757,39.091651]]}},{"type":"Feature","properties":{"shape_id":"{}","direction_id":"{\"1\": 50}","headsign":"{}","duration_avg":180,"n_vehicles":50,"d":1800,"route_I_counts":"{\"3\": 50}","source":67,"target":66,"layer":"L","from":"天津红旗南路(地铁站)","to":"天津周邓纪念馆(地铁站)"},"geometry":{"type":"LineString","coordinates":[[117.141757,39.091651],[117.157237,39.091646]]}},{"type":"Feature","properties":{"shape_id":"{}","direction_id":"{\"0\": 50}","headsign":"{}","duration_avg":60,"n_vehicles":50,"d":600,"route_I_counts":"{\"3\": 50}","source":67,"target":68,"layer":"L","from":"天津红旗南路(地铁站)","to":"天津王顶堤(地铁站)"},"geometry":{"type":"LineString","coordinates":[[117.141757,39.091651],[117.132666,39.091014]]}},{"type":"Feature","properties":{"shape_id":"{}","direction_id":"{\"1\": 50}","headsign":"{}","duration_avg":60,"n_vehicles":50,"d":600,"route_I_counts":"{\"3\": 50}","source":68,"target":67,"layer":"L","from":"天津王顶堤(地铁站)","to":"天津红旗南路(地铁站)"},"geometry":{"type":"LineString","coordinates":[[117.132666,39.091014],[117.141757,39.091651]]}},{"type":"Feature","properties":{"shape_id":"{}","direction_id":"{\"0\": 50}","headsign":"{}","duration_avg":120,"n_vehicles":50,"d":1200,"route_I_counts":"{\"3\": 50}","source":68,"target":69,"layer":"L","from":"天津王顶堤(地铁站)","to":"天津华苑(地铁站)"},"geometry":{"type":"LineString","coordinates":[[117.132666,39.091014],[117.122343,39.086035]]}},{"type":"Feature","properties":{"shape_id":"{}","direction_id":"{\"1\": 50}","headsign":"{}","duration_avg":120,"n_vehicles":50,"d":1200,"route_I_counts":"{\"3\": 50}","source":69,"target":68,"layer":"L","from":"天津华苑(地铁站)","to":"天津王顶堤(地铁站)"},"geometry":{"type":"LineString","coordinates":[[117.122343,39.086035],[117.132666,39.091014]]}},{"type":"Feature","properties":{"shape_id":"{}","direction_id":"{\"0\": 50}","headsign":"{}","duration_avg":240,"n_vehicles":50,"d":2400,"route_I_counts":"{\"3\": 50}","source":69,"target":70,"layer":"L","from":"天津华苑(地铁站)","to":"天津大学城(地铁站)"},"geometry":{"type":"LineString","coordinates":[[117.122343,39.086035],[117.105724,39.07131]]}},{"type":"Feature","properties":{"shape_id":"{}","direction_id":"{\"1\": 50}","headsign":"{}","duration_avg":240,"n_vehicles":50,"d":2400,"route_I_counts":"{\"3\": 50}","source":70,"target":69,"layer":"L","from":"天津大学城(地铁站)","to":"天津华苑(地铁站)"},"geometry":{"type":"LineString","coordinates":[[117.105724,39.07131],[117.122343,39.086035]]}},{"type":"Feature","properties":{"shape_id":"{}","direction_id":"{\"0\": 50}","headsign":"{}","duration_avg":120,"n_vehicles":50,"d":1200,"route_I_counts":"{\"3\": 50}","source":70,"target":71,"layer":"L","from":"天津大学城(地铁站)","to":"天津高新区(地铁站)"},"geometry":{"type":"LineString","coordinates":[[117.105724,39.07131],[117.092195,39.070744]]}},{"type":"Feature","properties":{"shape_id":"{}","direction_id":"{\"1\": 50}","headsign":"{}","duration_avg":120,"n_vehicles":50,"d":1200,"route_I_counts":"{\"3\": 50}","source":71,"target":70,"layer":"L","from":"天津高新区(地铁站)","to":"天津大学城(地铁站)"},"geometry":{"type":"LineString","coordinates":[[117.092195,39.070744],[117.105724,39.07131]]}},{"type":"Feature","properties":{"shape_id":"{}","direction_id":"{\"0\": 50}","headsign":"{}","duration_avg":180,"n_vehicles":50,"d":1800,"route_I_counts":"{\"3\": 50}","source":71,"target":72,"layer":"L","from":"天津高新区(地铁站)","to":"天津学府工业区(地铁站)"},"geometry":{"type":"LineString","coordinates":[[117.092195,39.070744],[117.072133,39.070748]]}},{"type":"Feature","properties":{"shape_id":"{}","direction_id":"{\"1\": 50}","headsign":"{}","duration_avg":180,"n_vehicles":50,"d":1800,"route_I_counts":"{\"3\": 50}","source":72,"target":71,"layer":"L","from":"天津学府工业区(地铁站)","to":"天津高新区(地铁站)"},"geometry":{"type":"LineString","coordinates":[[117.072133,39.070748],[117.092195,39.070744]]}},{"type":"Feature","properties":{"shape_id":"{}","direction_id":"{\"0\": 50}","headsign":"{}","duration_avg":120,"n_vehicles":50,"d":1200,"route_I_counts":"{\"3\": 50}","source":72,"target":73,"layer":"L","from":"天津学府工业区(地铁站)","to":"天津杨伍庄(地铁站)"},"geometry":{"type":"LineString","coordinates":[[117.072133,39.070748],[117.063202,39.067196]]}},{"type":"Feature","properties":{"shape_id":"{}","direction_id":"{\"1\": 50}","headsign":"{}","duration_avg":120,"n_vehicles":50,"d":1200,"route_I_counts":"{\"3\": 50}","source":73,"target":72,"layer":"L","from":"天津杨伍庄(地铁站)","to":"天津学府工业区(地铁站)"},"geometry":{"type":"LineString","coordinates":[[117.063202,39.067196],[117.072133,39.070748]]}},{"type":"Feature","properties":{"shape_id":"{}","direction_id":"{\"0\": 50}","headsign":"{}","duration_avg":60,"n_vehicles":50,"d":600,"route_I_counts":"{\"3\": 50}","source":73,"target":74,"layer":"L","from":"天津杨伍庄(地铁站)","to":"天津南站(地铁站)"},"geometry":{"type":"LineString","coordinates":[[117.063202,39.067196],[117.05574,39.055937]]}},{"type":"Feature","properties":{"shape_id":"{}","direction_id":"{\"1\": 50}","headsign":"{}","duration_avg":60,"n_vehicles":50,"d":600,"route_I_counts":"{\"3\": 50}","source":74,"target":73,"layer":"L","from":"天津南站(地铁站)","to":"天津杨伍庄(地铁站)"},"geometry":{"type":"LineString","coordinates":[[117.05574,39.055937],[117.063202,39.067196]]}},{"type":"Feature","properties":{"shape_id":"{}","direction_id":"{\"0\": 50}","headsign":"{}","duration_avg":120,"n_vehicles":50,"d":1200,"route_I_counts":"{\"4\": 50}","source":75,"target":76,"layer":"L","from":"天津北辰科技园北(地铁站)","to":"天津丹河北道(地铁站)"},"geometry":{"type":"LineString","coordinates":[[117.143343,39.266831],[117.157264,39.25126]]}},{"type":"Feature","properties":{"shape_id":"{}","direction_id":"{\"1\": 50}","headsign":"{}","duration_avg":120,"n_vehicles":50,"d":1200,"route_I_counts":"{\"4\": 50}","source":76,"target":75,"layer":"L","from":"天津丹河北道(地铁站)","to":"天津北辰科技园北(地铁站)"},"geometry":{"type":"LineString","coordinates":[[117.157264,39.25126],[117.143343,39.266831]]}},{"type":"Feature","properties":{"shape_id":"{}","direction_id":"{\"0\": 50}","headsign":"{}","duration_avg":120,"n_vehicles":50,"d":1200,"route_I_counts":"{\"4\": 50}","source":76,"target":77,"layer":"L","from":"天津丹河北道(地铁站)","to":"天津北辰道(地铁站)"},"geometry":{"type":"LineString","coordinates":[[117.157264,39.25126],[117.167291,39.239495]]}},{"type":"Feature","properties":{"shape_id":"{}","direction_id":"{\"1\": 50}","headsign":"{}","duration_avg":120,"n_vehicles":50,"d":1200,"route_I_counts":"{\"4\": 50}","source":77,"target":76,"layer":"L","from":"天津北辰道(地铁站)","to":"天津丹河北道(地铁站)"},"geometry":{"type":"LineString","coordinates":[[117.167291,39.239495],[117.157264,39.25126]]}},{"type":"Feature","properties":{"shape_id":"{}","direction_id":"{\"0\": 50}","headsign":"{}","duration_avg":120,"n_vehicles":50,"d":1200,"route_I_counts":"{\"4\": 50}","source":77,"target":78,"layer":"L","from":"天津北辰道(地铁站)","to":"天津职业大学(地铁站)"},"geometry":{"type":"LineString","coordinates":[[117.167291,39.239495],[117.175622,39.229909]]}},{"type":"Feature","properties":{"shape_id":"{}","direction_id":"{\"1\": 50}","headsign":"{}","duration_avg":120,"n_vehicles":50,"d":1200,"route_I_counts":"{\"4\": 50}","source":78,"target":77,"layer":"L","from":"天津职业大学(地铁站)","to":"天津北辰道(地铁站)"},"geometry":{"type":"LineString","coordinates":[[117.175622,39.229909],[117.167291,39.239495]]}},{"type":"Feature","properties":{"shape_id":"{}","direction_id":"{\"0\": 50}","headsign":"{}","duration_avg":180,"n_vehicles":50,"d":1800,"route_I_counts":"{\"4\": 50}","source":78,"target":79,"layer":"L","from":"天津职业大学(地铁站)","to":"天津淮河道(地铁站)"},"geometry":{"type":"LineString","coordinates":[[117.175622,39.229909],[117.186156,39.217479]]}},{"type":"Feature","properties":{"shape_id":"{}","direction_id":"{\"1\": 50}","headsign":"{}","duration_avg":180,"n_vehicles":50,"d":1800,"route_I_counts":"{\"4\": 50}","source":79,"target":78,"layer":"L","from":"天津淮河道(地铁站)","to":"天津职业大学(地铁站)"},"geometry":{"type":"LineString","coordinates":[[117.186156,39.217479],[117.175622,39.229909]]}},{"type":"Feature","properties":{"shape_id":"{}","direction_id":"{\"0\": 50}","headsign":"{}","duration_avg":120,"n_vehicles":50,"d":1200,"route_I_counts":"{\"4\": 50}","source":79,"target":80,"layer":"L","from":"天津淮河道(地铁站)","to":"天津辽河北道(地铁站)"},"geometry":{"type":"LineString","coordinates":[[117.186156,39.217479],[117.193686,39.208669]]}},{"type":"Feature","properties":{"shape_id":"{}","direction_id":"{\"1\": 50}","headsign":"{}","duration_avg":120,"n_vehicles":50,"d":1200,"route_I_counts":"{\"4\": 50}","source":80,"target":79,"layer":"L","from":"天津辽河北道(地铁站)","to":"天津淮河道(地铁站)"},"geometry":{"type":"LineString","coordinates":[[117.193686,39.208669],[117.186156,39.217479]]}},{"type":"Feature","properties":{"shape_id":"{}","direction_id":"{\"0\": 50}","headsign":"{}","duration_avg":120,"n_vehicles":50,"d":1200,"route_I_counts":"{\"4\": 50}","source":80,"target":81,"layer":"L","from":"天津辽河北道(地铁站)","to":"天津宜兴埠北(地铁站)"},"geometry":{"type":"LineString","coordinates":[[117.193686,39.208669],[117.199118,39.201968]]}},{"type":"Feature","properties":{"shape_id":"{}","direction_id":"{\"1\": 50}","headsign":"{}","duration_avg":120,"n_vehicles":50,"d":1200,"route_I_counts":"{\"4\": 50}","source":81,"target":80,"layer":"L","from":"天津宜兴埠北(地铁站)","to":"天津辽河北道(地铁站)"},"geometry":{"type":"LineString","coordinates":[[117.199118,39.201968],[117.193686,39.208669]]}},{"type":"Feature","properties":{"shape_id":"{}","direction_id":"{\"0\": 50}","headsign":"{}","duration_avg":120,"n_vehicles":50,"d":1200,"route_I_counts":"{\"4\": 50}","source":81,"target":56,"layer":"L","from":"天津宜兴埠北(地铁站)","to":"天津张兴庄(地铁站)"},"geometry":{"type":"LineString","coordinates":[[117.199118,39.201968],[117.209058,39.190404]]}},{"type":"Feature","properties":{"shape_id":"{}","direction_id":"{\"1\": 50}","headsign":"{}","duration_avg":120,"n_vehicles":50,"d":1200,"route_I_counts":"{\"4\": 50}","source":56,"target":81,"layer":"L","from":"天津张兴庄(地铁站)","to":"天津宜兴埠北(地铁站)"},"geometry":{"type":"LineString","coordinates":[[117.209058,39.190404],[117.199118,39.201968]]}},{"type":"Feature","properties":{"shape_id":"{}","direction_id":"{\"0\": 50}","headsign":"{}","duration_avg":120,"n_vehicles":50,"d":1200,"route_I_counts":"{\"4\": 50}","source":56,"target":82,"layer":"L","from":"天津张兴庄(地铁站)","to":"天津志成路(地铁站)"},"geometry":{"type":"LineString","coordinates":[[117.209058,39.190404],[117.212843,39.186072]]}},{"type":"Feature","properties":{"shape_id":"{}","direction_id":"{\"1\": 50}","headsign":"{}","duration_avg":120,"n_vehicles":50,"d":1200,"route_I_counts":"{\"4\": 50}","source":82,"target":56,"layer":"L","from":"天津志成路(地铁站)","to":"天津张兴庄(地铁站)"},"geometry":{"type":"LineString","coordinates":[[117.212843,39.186072],[117.209058,39.190404]]}},{"type":"Feature","properties":{"shape_id":"{}","direction_id":"{\"0\": 50}","headsign":"{}","duration_avg":120,"n_vehicles":50,"d":1200,"route_I_counts":"{\"4\": 50}","source":82,"target":83,"layer":"L","from":"天津志成路(地铁站)","to":"天津思源路(地铁站)"},"geometry":{"type":"LineString","coordinates":[[117.212843,39.186072],[117.221055,39.181964]]}},{"type":"Feature","properties":{"shape_id":"{}","direction_id":"{\"1\": 50}","headsign":"{}","duration_avg":120,"n_vehicles":50,"d":1200,"route_I_counts":"{\"4\": 50}","source":83,"target":82,"layer":"L","from":"天津思源路(地铁站)","to":"天津志成路(地铁站)"},"geometry":{"type":"LineString","coordinates":[[117.221055,39.181964],[117.212843,39.186072]]}},{"type":"Feature","properties":{"shape_id":"{}","direction_id":"{\"0\": 50}","headsign":"{}","duration_avg":120,"n_vehicles":50,"d":1200,"route_I_counts":"{\"4\": 50}","source":83,"target":84,"layer":"L","from":"天津思源路(地铁站)","to":"天津建昌道(地铁站)"},"geometry":{"type":"LineString","coordinates":[[117.221055,39.181964],[117.228366,39.178601]]}},{"type":"Feature","properties":{"shape_id":"{}","direction_id":"{\"1\": 50}","headsign":"{}","duration_avg":120,"n_vehicles":50,"d":1200,"route_I_counts":"{\"4\": 50}","source":84,"target":83,"layer":"L","from":"天津建昌道(地铁站)","to":"天津思源路(地铁站)"},"geometry":{"type":"LineString","coordinates":[[117.228366,39.178601],[117.221055,39.181964]]}},{"type":"Feature","properties":{"shape_id":"{}","direction_id":"{\"0\": 50}","headsign":"{}","duration_avg":120,"n_vehicles":50,"d":1200,"route_I_counts":"{\"4\": 50}","source":84,"target":85,"layer":"L","from":"天津建昌道(地铁站)","to":"天津金钟河大街(地铁站)"},"geometry":{"type":"LineString","coordinates":[[117.228366,39.178601],[117.236093,39.170684]]}},{"type":"Feature","properties":{"shape_id":"{}","direction_id":"{\"1\": 50}","headsign":"{}","duration_avg":120,"n_vehicles":50,"d":1200,"route_I_counts":"{\"4\": 50}","source":85,"target":84,"layer":"L","from":"天津金钟河大街(地铁站)","to":"天津建昌道(地铁站)"},"geometry":{"type":"LineString","coordinates":[[117.236093,39.170684],[117.228366,39.178601]]}},{"type":"Feature","properties":{"shape_id":"{}","direction_id":"{\"0\": 50}","headsign":"{}","duration_avg":120,"n_vehicles":50,"d":1200,"route_I_counts":"{\"4\": 50}","source":85,"target":86,"layer":"L","from":"天津金钟河大街(地铁站)","to":"天津月牙河(地铁站)"},"geometry":{"type":"LineString","coordinates":[[117.236093,39.170684],[117.239511,39.163779]]}},{"type":"Feature","properties":{"shape_id":"{}","direction_id":"{\"1\": 50}","headsign":"{}","duration_avg":120,"n_vehicles":50,"d":1200,"route_I_counts":"{\"4\": 50}","source":86,"target":85,"layer":"L","from":"天津月牙河(地铁站)","to":"天津金钟河大街(地铁站)"},"geometry":{"type":"LineString","coordinates":[[117.239511,39.163779],[117.236093,39.170684]]}},{"type":"Feature","properties":{"shape_id":"{}","direction_id":"{\"0\": 50}","headsign":"{}","duration_avg":120,"n_vehicles":50,"d":1200,"route_I_counts":"{\"4\": 50}","source":86,"target":87,"layer":"L","from":"天津月牙河(地铁站)","to":"天津幸福公园(地铁站)"},"geometry":{"type":"LineString","coordinates":[[117.239511,39.163779],[117.237916,39.153116]]}},{"type":"Feature","properties":{"shape_id":"{}","direction_id":"{\"1\": 50}","headsign":"{}","duration_avg":120,"n_vehicles":50,"d":1200,"route_I_counts":"{\"4\": 50}","source":87,"target":86,"layer":"L","from":"天津幸福公园(地铁站)","to":"天津月牙河(地铁站)"},"geometry":{"type":"LineString","coordinates":[[117.237916,39.153116],[117.239511,39.163779]]}},{"type":"Feature","properties":{"shape_id":"{}","direction_id":"{\"0\": 50}","headsign":"{}","duration_avg":120,"n_vehicles":50,"d":1200,"route_I_counts":"{\"4\": 50}","source":87,"target":44,"layer":"L","from":"天津幸福公园(地铁站)","to":"天津靖江路(地铁站)"},"geometry":{"type":"LineString","coordinates":[[117.237916,39.153116],[117.237974,39.141522]]}},{"type":"Feature","properties":{"shape_id":"{}","direction_id":"{\"1\": 50}","headsign":"{}","duration_avg":120,"n_vehicles":50,"d":1200,"route_I_counts":"{\"4\": 50}","source":44,"target":87,"layer":"L","from":"天津靖江路(地铁站)","to":"天津幸福公园(地铁站)"},"geometry":{"type":"LineString","coordinates":[[117.237974,39.141522],[117.237916,39.153116]]}},{"type":"Feature","properties":{"shape_id":"{}","direction_id":"{\"0\": 50}","headsign":"{}","duration_avg":180,"n_vehicles":50,"d":1800,"route_I_counts":"{\"4\": 50}","source":44,"target":88,"layer":"L","from":"天津靖江路(地铁站)","to":"天津成林道(地铁站)"},"geometry":{"type":"LineString","coordinates":[[117.237974,39.141522],[117.239581,39.129326]]}},{"type":"Feature","properties":{"shape_id":"{}","direction_id":"{\"1\": 50}","headsign":"{}","duration_avg":180,"n_vehicles":50,"d":1800,"route_I_counts":"{\"4\": 50}","source":88,"target":44,"layer":"L","from":"天津成林道(地铁站)","to":"天津靖江路(地铁站)"},"geometry":{"type":"LineString","coordinates":[[117.239581,39.129326],[117.237974,39.141522]]}},{"type":"Feature","properties":{"shape_id":"{}","direction_id":"{\"0\": 50}","headsign":"{}","duration_avg":120,"n_vehicles":50,"d":1200,"route_I_counts":"{\"4\": 50}","source":88,"target":89,"layer":"L","from":"天津成林道(地铁站)","to":"天津津塘路(地铁站)"},"geometry":{"type":"LineString","coordinates":[[117.239581,39.129326],[117.235127,39.115548]]}},{"type":"Feature","properties":{"shape_id":"{}","direction_id":"{\"1\": 50}","headsign":"{}","duration_avg":120,"n_vehicles":50,"d":1200,"route_I_counts":"{\"4\": 50}","source":89,"target":88,"layer":"L","from":"天津津塘路(地铁站)","to":"天津成林道(地铁站)"},"geometry":{"type":"LineString","coordinates":[[117.235127,39.115548],[117.239581,39.129326]]}},{"type":"Feature","properties":{"shape_id":"{}","direction_id":"{\"0\": 50}","headsign":"{}","duration_avg":120,"n_vehicles":50,"d":1200,"route_I_counts":"{\"4\": 50}","source":89,"target":90,"layer":"L","from":"天津津塘路(地铁站)","to":"天津直沽(地铁站)"},"geometry":{"type":"LineString","coordinates":[[117.235127,39.115548],[117.228477,39.110532]]}},{"type":"Feature","properties":{"shape_id":"{}","direction_id":"{\"1\": 50}","headsign":"{}","duration_avg":120,"n_vehicles":50,"d":1200,"route_I_counts":"{\"4\": 50}","source":90,"target":89,"layer":"L","from":"天津直沽(地铁站)","to":"天津津塘路(地铁站)"},"geometry":{"type":"LineString","coordinates":[[117.228477,39.110532],[117.235127,39.115548]]}},{"type":"Feature","properties":{"shape_id":"{}","direction_id":"{\"0\": 50}","headsign":"{}","duration_avg":180,"n_vehicles":50,"d":1800,"route_I_counts":"{\"4\": 50}","source":90,"target":14,"layer":"L","from":"天津直沽(地铁站)","to":"天津下瓦房(地铁站)"},"geometry":{"type":"LineString","coordinates":[[117.228477,39.110532],[117.216607,39.104258]]}},{"type":"Feature","properties":{"shape_id":"{}","direction_id":"{\"1\": 50}","headsign":"{}","duration_avg":180,"n_vehicles":50,"d":1800,"route_I_counts":"{\"4\": 50}","source":14,"target":90,"layer":"L","from":"天津下瓦房(地铁站)","to":"天津直沽(地铁站)"},"geometry":{"type":"LineString","coordinates":[[117.216607,39.104258],[117.228477,39.110532]]}},{"type":"Feature","properties":{"shape_id":"{}","direction_id":"{\"0\": 50}","headsign":"{}","duration_avg":120,"n_vehicles":50,"d":1200,"route_I_counts":"{\"4\": 50}","source":14,"target":91,"layer":"L","from":"天津下瓦房(地铁站)","to":"天津西南楼(地铁站)"},"geometry":{"type":"LineString","coordinates":[[117.216607,39.104258],[117.209779,39.09419]]}},{"type":"Feature","properties":{"shape_id":"{}","direction_id":"{\"1\": 50}","headsign":"{}","duration_avg":120,"n_vehicles":50,"d":1200,"route_I_counts":"{\"4\": 50}","source":91,"target":14,"layer":"L","from":"天津西南楼(地铁站)","to":"天津下瓦房(地铁站)"},"geometry":{"type":"LineString","coordinates":[[117.209779,39.09419],[117.216607,39.104258]]}},{"type":"Feature","properties":{"shape_id":"{}","direction_id":"{\"0\": 50}","headsign":"{}","duration_avg":120,"n_vehicles":50,"d":1200,"route_I_counts":"{\"4\": 50}","source":91,"target":92,"layer":"L","from":"天津西南楼(地铁站)","to":"天津文化中心(地铁站)"},"geometry":{"type":"LineString","coordinates":[[117.209779,39.09419],[117.202501,39.087537]]}},{"type":"Feature","properties":{"shape_id":"{}","direction_id":"{\"1\": 50}","headsign":"{}","duration_avg":120,"n_vehicles":50,"d":1200,"route_I_counts":"{\"4\": 50}","source":92,"target":91,"layer":"L","from":"天津文化中心(地铁站)","to":"天津西南楼(地铁站)"},"geometry":{"type":"LineString","coordinates":[[117.202501,39.087537],[117.209779,39.09419]]}},{"type":"Feature","properties":{"shape_id":"{}","direction_id":"{\"0\": 50}","headsign":"{}","duration_avg":120,"n_vehicles":50,"d":1200,"route_I_counts":"{\"4\": 50, \"5\": 50}","source":92,"target":93,"layer":"L","from":"天津文化中心(地铁站)","to":"天津天津宾馆(地铁站)"},"geometry":{"type":"LineString","coordinates":[[117.202501,39.087537],[117.192247,39.08432]]}},{"type":"Feature","properties":{"shape_id":"{}","direction_id":"{\"1\": 50}","headsign":"{}","duration_avg":120,"n_vehicles":50,"d":1200,"route_I_counts":"{\"4\": 50, \"5\": 50}","source":93,"target":92,"layer":"L","from":"天津天津宾馆(地铁站)","to":"天津文化中心(地铁站)"},"geometry":{"type":"LineString","coordinates":[[117.192247,39.08432],[117.202501,39.087537]]}},{"type":"Feature","properties":{"shape_id":"{}","direction_id":"{\"0\": 50}","headsign":"{}","duration_avg":120,"n_vehicles":50,"d":1200,"route_I_counts":"{\"4\": 50, \"5\": 50}","source":93,"target":94,"layer":"L","from":"天津天津宾馆(地铁站)","to":"天津肿瘤医院(地铁站)"},"geometry":{"type":"LineString","coordinates":[[117.192247,39.08432],[117.178143,39.077964]]}},{"type":"Feature","properties":{"shape_id":"{}","direction_id":"{\"1\": 50}","headsign":"{}","duration_avg":120,"n_vehicles":50,"d":1200,"route_I_counts":"{\"4\": 50, \"5\": 50}","source":94,"target":93,"layer":"L","from":"天津肿瘤医院(地铁站)","to":"天津天津宾馆(地铁站)"},"geometry":{"type":"LineString","coordinates":[[117.178143,39.077964],[117.192247,39.08432]]}},{"type":"Feature","properties":{"shape_id":"{}","direction_id":"{\"0\": 50}","headsign":"{}","duration_avg":180,"n_vehicles":50,"d":1800,"route_I_counts":"{\"4\": 50}","source":94,"target":95,"layer":"L","from":"天津肿瘤医院(地铁站)","to":"天津体育中心(地铁站)"},"geometry":{"type":"LineString","coordinates":[[117.178143,39.077964],[117.166111,39.073681]]}},{"type":"Feature","properties":{"shape_id":"{}","direction_id":"{\"1\": 50}","headsign":"{}","duration_avg":180,"n_vehicles":50,"d":1800,"route_I_counts":"{\"4\": 50}","source":95,"target":94,"layer":"L","from":"天津体育中心(地铁站)","to":"天津肿瘤医院(地铁站)"},"geometry":{"type":"LineString","coordinates":[[117.166111,39.073681],[117.178143,39.077964]]}},{"type":"Feature","properties":{"shape_id":"{}","direction_id":"{\"0\": 50}","headsign":"{}","duration_avg":120,"n_vehicles":50,"d":1200,"route_I_counts":"{\"4\": 50}","source":95,"target":96,"layer":"L","from":"天津体育中心(地铁站)","to":"天津凌宾路(地铁站)"},"geometry":{"type":"LineString","coordinates":[[117.166111,39.073681],[117.165663,39.067009]]}},{"type":"Feature","properties":{"shape_id":"{}","direction_id":"{\"1\": 50}","headsign":"{}","duration_avg":120,"n_vehicles":50,"d":1200,"route_I_counts":"{\"4\": 50}","source":96,"target":95,"layer":"L","from":"天津凌宾路(地铁站)","to":"天津体育中心(地铁站)"},"geometry":{"type":"LineString","coordinates":[[117.165663,39.067009],[117.166111,39.073681]]}},{"type":"Feature","properties":{"shape_id":"{}","direction_id":"{\"0\": 50}","headsign":"{}","duration_avg":180,"n_vehicles":50,"d":1800,"route_I_counts":"{\"4\": 50}","source":96,"target":97,"layer":"L","from":"天津凌宾路(地铁站)","to":"天津昌凌路(地铁站)"},"geometry":{"type":"LineString","coordinates":[[117.165663,39.067009],[117.178374,39.055706]]}},{"type":"Feature","properties":{"shape_id":"{}","direction_id":"{\"1\": 50}","headsign":"{}","duration_avg":180,"n_vehicles":50,"d":1800,"route_I_counts":"{\"4\": 50}","source":97,"target":96,"layer":"L","from":"天津昌凌路(地铁站)","to":"天津凌宾路(地铁站)"},"geometry":{"type":"LineString","coordinates":[[117.178374,39.055706],[117.165663,39.067009]]}},{"type":"Feature","properties":{"shape_id":"{}","direction_id":"{\"0\": 50}","headsign":"{}","duration_avg":120,"n_vehicles":50,"d":1200,"route_I_counts":"{\"4\": 50}","source":97,"target":98,"layer":"L","from":"天津昌凌路(地铁站)","to":"天津中医一附院(地铁站)"},"geometry":{"type":"LineString","coordinates":[[117.178374,39.055706],[117.178436,39.045772]]}},{"type":"Feature","properties":{"shape_id":"{}","direction_id":"{\"1\": 50}","headsign":"{}","duration_avg":120,"n_vehicles":50,"d":1200,"route_I_counts":"{\"4\": 50}","source":98,"target":97,"layer":"L","from":"天津中医一附院(地铁站)","to":"天津昌凌路(地铁站)"},"geometry":{"type":"LineString","coordinates":[[117.178436,39.045772],[117.178374,39.055706]]}},{"type":"Feature","properties":{"shape_id":"{}","direction_id":"{\"0\": 50}","headsign":"{}","duration_avg":180,"n_vehicles":50,"d":1800,"route_I_counts":"{\"4\": 50}","source":98,"target":99,"layer":"L","from":"天津中医一附院(地铁站)","to":"天津李七庄南(地铁站)"},"geometry":{"type":"LineString","coordinates":[[117.178436,39.045772],[117.164316,39.035405]]}},{"type":"Feature","properties":{"shape_id":"{}","direction_id":"{\"1\": 50}","headsign":"{}","duration_avg":180,"n_vehicles":50,"d":1800,"route_I_counts":"{\"4\": 50}","source":99,"target":98,"layer":"L","from":"天津李七庄南(地铁站)","to":"天津中医一附院(地铁站)"},"geometry":{"type":"LineString","coordinates":[[117.164316,39.035405],[117.178436,39.045772]]}},{"type":"Feature","properties":{"shape_id":"{}","direction_id":"{\"0\": 50}","headsign":"{}","duration_avg":120,"n_vehicles":50,"d":1200,"route_I_counts":"{\"4\": 50}","source":99,"target":100,"layer":"L","from":"天津李七庄南(地铁站)","to":"天津京华东道(地铁站)"},"geometry":{"type":"LineString","coordinates":[[117.164316,39.035405],[117.15033,39.030286]]}},{"type":"Feature","properties":{"shape_id":"{}","direction_id":"{\"1\": 50}","headsign":"{}","duration_avg":120,"n_vehicles":50,"d":1200,"route_I_counts":"{\"4\": 50}","source":100,"target":99,"layer":"L","from":"天津京华东道(地铁站)","to":"天津李七庄南(地铁站)"},"geometry":{"type":"LineString","coordinates":[[117.15033,39.030286],[117.164316,39.035405]]}},{"type":"Feature","properties":{"shape_id":"{}","direction_id":"{\"0\": 50}","headsign":"{}","duration_avg":120,"n_vehicles":50,"d":1200,"route_I_counts":"{\"5\": 50}","source":101,"target":102,"layer":"L","from":"天津南孙庄(地铁站)","to":"天津南何庄(地铁站)"},"geometry":{"type":"LineString","coordinates":[[117.311943,39.205413],[117.284675,39.205284]]}},{"type":"Feature","properties":{"shape_id":"{}","direction_id":"{\"1\": 50}","headsign":"{}","duration_avg":120,"n_vehicles":50,"d":1200,"route_I_counts":"{\"5\": 50}","source":102,"target":101,"layer":"L","from":"天津南何庄(地铁站)","to":"天津南孙庄(地铁站)"},"geometry":{"type":"LineString","coordinates":[[117.284675,39.205284],[117.311943,39.205413]]}},{"type":"Feature","properties":{"shape_id":"{}","direction_id":"{\"0\": 50}","headsign":"{}","duration_avg":120,"n_vehicles":50,"d":1200,"route_I_counts":"{\"5\": 50}","source":102,"target":103,"layer":"L","from":"天津南何庄(地铁站)","to":"天津大毕庄(地铁站)"},"geometry":{"type":"LineString","coordinates":[[117.284675,39.205284],[117.272243,39.201978]]}},{"type":"Feature","properties":{"shape_id":"{}","direction_id":"{\"1\": 50}","headsign":"{}","duration_avg":120,"n_vehicles":50,"d":1200,"route_I_counts":"{\"5\": 50}","source":103,"target":102,"layer":"L","from":"天津大毕庄(地铁站)","to":"天津南何庄(地铁站)"},"geometry":{"type":"LineString","coordinates":[[117.272243,39.201978],[117.284675,39.205284]]}},{"type":"Feature","properties":{"shape_id":"{}","direction_id":"{\"0\": 50}","headsign":"{}","duration_avg":120,"n_vehicles":50,"d":1200,"route_I_counts":"{\"5\": 50}","source":103,"target":104,"layer":"L","from":"天津大毕庄(地铁站)","to":"天津金钟街(地铁站)"},"geometry":{"type":"LineString","coordinates":[[117.272243,39.201978],[117.259041,39.198656]]}},{"type":"Feature","properties":{"shape_id":"{}","direction_id":"{\"1\": 50}","headsign":"{}","duration_avg":120,"n_vehicles":50,"d":1200,"route_I_counts":"{\"5\": 50}","source":104,"target":103,"layer":"L","from":"天津金钟街(地铁站)","to":"天津大毕庄(地铁站)"},"geometry":{"type":"LineString","coordinates":[[117.259041,39.198656],[117.272243,39.201978]]}},{"type":"Feature","properties":{"shape_id":"{}","direction_id":"{\"0\": 50}","headsign":"{}","duration_avg":120,"n_vehicles":50,"d":1200,"route_I_counts":"{\"5\": 50}","source":104,"target":105,"layer":"L","from":"天津金钟街(地铁站)","to":"天津徐庄子(地铁站)"},"geometry":{"type":"LineString","coordinates":[[117.259041,39.198656],[117.24787,39.189894]]}},{"type":"Feature","properties":{"shape_id":"{}","direction_id":"{\"1\": 50}","headsign":"{}","duration_avg":120,"n_vehicles":50,"d":1200,"route_I_counts":"{\"5\": 50}","source":105,"target":104,"layer":"L","from":"天津徐庄子(地铁站)","to":"天津金钟街(地铁站)"},"geometry":{"type":"LineString","coordinates":[[117.24787,39.189894],[117.259041,39.198656]]}},{"type":"Feature","properties":{"shape_id":"{}","direction_id":"{\"0\": 50}","headsign":"{}","duration_avg":180,"n_vehicles":50,"d":1800,"route_I_counts":"{\"5\": 50}","source":105,"target":85,"layer":"L","from":"天津徐庄子(地铁站)","to":"天津金钟河大街(地铁站)"},"geometry":{"type":"LineString","coordinates":[[117.24787,39.189894],[117.236093,39.170684]]}},{"type":"Feature","properties":{"shape_id":"{}","direction_id":"{\"1\": 50}","headsign":"{}","duration_avg":180,"n_vehicles":50,"d":1800,"route_I_counts":"{\"5\": 50}","source":85,"target":105,"layer":"L","from":"天津金钟河大街(地铁站)","to":"天津徐庄子(地铁站)"},"geometry":{"type":"LineString","coordinates":[[117.236093,39.170684],[117.24787,39.189894]]}},{"type":"Feature","properties":{"shape_id":"{}","direction_id":"{\"0\": 50}","headsign":"{}","duration_avg":120,"n_vehicles":50,"d":1200,"route_I_counts":"{\"5\": 50}","source":85,"target":106,"layer":"L","from":"天津金钟河大街(地铁站)","to":"天津民权门(地铁站)"},"geometry":{"type":"LineString","coordinates":[[117.236093,39.170684],[117.22727,39.167649]]}},{"type":"Feature","properties":{"shape_id":"{}","direction_id":"{\"1\": 50}","headsign":"{}","duration_avg":120,"n_vehicles":50,"d":1200,"route_I_counts":"{\"5\": 50}","source":106,"target":85,"layer":"L","from":"天津民权门(地铁站)","to":"天津金钟河大街(地铁站)"},"geometry":{"type":"LineString","coordinates":[[117.22727,39.167649],[117.236093,39.170684]]}},{"type":"Feature","properties":{"shape_id":"{}","direction_id":"{\"0\": 50}","headsign":"{}","duration_avg":120,"n_vehicles":50,"d":1200,"route_I_counts":"{\"5\": 50}","source":106,"target":107,"layer":"L","from":"天津民权门(地铁站)","to":"天津北宁公园(地铁站)"},"geometry":{"type":"LineString","coordinates":[[117.22727,39.167649],[117.216876,39.165246]]}},{"type":"Feature","properties":{"shape_id":"{}","direction_id":"{\"1\": 50}","headsign":"{}","duration_avg":120,"n_vehicles":50,"d":1200,"route_I_counts":"{\"5\": 50}","source":107,"target":106,"layer":"L","from":"天津北宁公园(地铁站)","to":"天津民权门(地铁站)"},"geometry":{"type":"LineString","coordinates":[[117.216876,39.165246],[117.22727,39.167649]]}},{"type":"Feature","properties":{"shape_id":"{}","direction_id":"{\"0\": 50}","headsign":"{}","duration_avg":120,"n_vehicles":50,"d":1200,"route_I_counts":"{\"5\": 50}","source":107,"target":58,"layer":"L","from":"天津北宁公园(地铁站)","to":"天津北站(地铁站)"},"geometry":{"type":"LineString","coordinates":[[117.216876,39.165246],[117.201527,39.165609]]}},{"type":"Feature","properties":{"shape_id":"{}","direction_id":"{\"1\": 50}","headsign":"{}","duration_avg":120,"n_vehicles":50,"d":1200,"route_I_counts":"{\"5\": 50}","source":58,"target":107,"layer":"L","from":"天津北站(地铁站)","to":"天津北宁公园(地铁站)"},"geometry":{"type":"LineString","coordinates":[[117.201527,39.165609],[117.216876,39.165246]]}},{"type":"Feature","properties":{"shape_id":"{}","direction_id":"{\"0\": 50}","headsign":"{}","duration_avg":120,"n_vehicles":50,"d":1200,"route_I_counts":"{\"5\": 50}","source":58,"target":108,"layer":"L","from":"天津北站(地铁站)","to":"天津新开河(地铁站)"},"geometry":{"type":"LineString","coordinates":[[117.201527,39.165609],[117.196639,39.167748]]}},{"type":"Feature","properties":{"shape_id":"{}","direction_id":"{\"1\": 50}","headsign":"{}","duration_avg":120,"n_vehicles":50,"d":1200,"route_I_counts":"{\"5\": 50}","source":108,"target":58,"layer":"L","from":"天津新开河(地铁站)","to":"天津北站(地铁站)"},"geometry":{"type":"LineString","coordinates":[[117.196639,39.167748],[117.201527,39.165609]]}},{"type":"Feature","properties":{"shape_id":"{}","direction_id":"{\"0\": 50}","headsign":"{}","duration_avg":120,"n_vehicles":50,"d":1200,"route_I_counts":"{\"5\": 50}","source":108,"target":109,"layer":"L","from":"天津新开河(地铁站)","to":"天津外院附中(地铁站)"},"geometry":{"type":"LineString","coordinates":[[117.196639,39.167748],[117.185553,39.170214]]}},{"type":"Feature","properties":{"shape_id":"{}","direction_id":"{\"1\": 50}","headsign":"{}","duration_avg":120,"n_vehicles":50,"d":1200,"route_I_counts":"{\"5\": 50}","source":109,"target":108,"layer":"L","from":"天津外院附中(地铁站)","to":"天津新开河(地铁站)"},"geometry":{"type":"LineString","coordinates":[[117.185553,39.170214],[117.196639,39.167748]]}},{"type":"Feature","properties":{"shape_id":"{}","direction_id":"{\"0\": 50}","headsign":"{}","duration_avg":120,"n_vehicles":50,"d":1200,"route_I_counts":"{\"5\": 50}","source":109,"target":110,"layer":"L","from":"天津外院附中(地铁站)","to":"天津天泰路(地铁站)"},"geometry":{"type":"LineString","coordinates":[[117.185553,39.170214],[117.177406,39.167291]]}},{"type":"Feature","properties":{"shape_id":"{}","direction_id":"{\"1\": 50}","headsign":"{}","duration_avg":120,"n_vehicles":50,"d":1200,"route_I_counts":"{\"5\": 50}","source":110,"target":109,"layer":"L","from":"天津天泰路(地铁站)","to":"天津外院附中(地铁站)"},"geometry":{"type":"LineString","coordinates":[[117.177406,39.167291],[117.185553,39.170214]]}},{"type":"Feature","properties":{"shape_id":"{}","direction_id":"{\"0\": 50}","headsign":"{}","duration_avg":120,"n_vehicles":50,"d":1200,"route_I_counts":"{\"5\": 50}","source":110,"target":111,"layer":"L","from":"天津天泰路(地铁站)","to":"天津北运河(地铁站)"},"geometry":{"type":"LineString","coordinates":[[117.177406,39.167291],[117.171903,39.163289]]}},{"type":"Feature","properties":{"shape_id":"{}","direction_id":"{\"1\": 50}","headsign":"{}","duration_avg":120,"n_vehicles":50,"d":1200,"route_I_counts":"{\"5\": 50}","source":111,"target":110,"layer":"L","from":"天津北运河(地铁站)","to":"天津天泰路(地铁站)"},"geometry":{"type":"LineString","coordinates":[[117.171903,39.163289],[117.177406,39.167291]]}},{"type":"Feature","properties":{"shape_id":"{}","direction_id":"{\"0\": 50}","headsign":"{}","duration_avg":120,"n_vehicles":50,"d":1200,"route_I_counts":"{\"5\": 50}","source":111,"target":112,"layer":"L","from":"天津北运河(地铁站)","to":"天津北竹林(地铁站)"},"geometry":{"type":"LineString","coordinates":[[117.171903,39.163289],[117.166414,39.159159]]}},{"type":"Feature","properties":{"shape_id":"{}","direction_id":"{\"1\": 50}","headsign":"{}","duration_avg":120,"n_vehicles":50,"d":1200,"route_I_counts":"{\"5\": 50}","source":112,"target":111,"layer":"L","from":"天津北竹林(地铁站)","to":"天津北运河(地铁站)"},"geometry":{"type":"LineString","coordinates":[[117.166414,39.159159],[117.171903,39.163289]]}},{"type":"Feature","properties":{"shape_id":"{}","direction_id":"{\"0\": 50}","headsign":"{}","duration_avg":120,"n_vehicles":50,"d":1200,"route_I_counts":"{\"5\": 50}","source":112,"target":6,"layer":"L","from":"天津北竹林(地铁站)","to":"天津西站(地铁站)"},"geometry":{"type":"LineString","coordinates":[[117.166414,39.159159],[117.160424,39.155861]]}},{"type":"Feature","properties":{"shape_id":"{}","direction_id":"{\"1\": 50}","headsign":"{}","duration_avg":120,"n_vehicles":50,"d":1200,"route_I_counts":"{\"5\": 50}","source":6,"target":112,"layer":"L","from":"天津西站(地铁站)","to":"天津北竹林(地铁站)"},"geometry":{"type":"LineString","coordinates":[[117.160424,39.155861],[117.166414,39.159159]]}},{"type":"Feature","properties":{"shape_id":"{}","direction_id":"{\"0\": 50}","headsign":"{}","duration_avg":120,"n_vehicles":50,"d":1200,"route_I_counts":"{\"5\": 50}","source":6,"target":113,"layer":"L","from":"天津西站(地铁站)","to":"天津复兴路(地铁站)"},"geometry":{"type":"LineString","coordinates":[[117.160424,39.155861],[117.15203,39.154644]]}},{"type":"Feature","properties":{"shape_id":"{}","direction_id":"{\"1\": 50}","headsign":"{}","duration_avg":120,"n_vehicles":50,"d":1200,"route_I_counts":"{\"5\": 50}","source":113,"target":6,"layer":"L","from":"天津复兴路(地铁站)","to":"天津西站(地铁站)"},"geometry":{"type":"LineString","coordinates":[[117.15203,39.154644],[117.160424,39.155861]]}},{"type":"Feature","properties":{"shape_id":"{}","direction_id":"{\"0\": 50}","headsign":"{}","duration_avg":120,"n_vehicles":50,"d":1200,"route_I_counts":"{\"5\": 50}","source":113,"target":114,"layer":"L","from":"天津复兴路(地铁站)","to":"天津人民医院(地铁站)"},"geometry":{"type":"LineString","coordinates":[[117.15203,39.154644],[117.143307,39.145375]]}},{"type":"Feature","properties":{"shape_id":"{}","direction_id":"{\"1\": 50}","headsign":"{}","duration_avg":120,"n_vehicles":50,"d":1200,"route_I_counts":"{\"5\": 50}","source":114,"target":113,"layer":"L","from":"天津人民医院(地铁站)","to":"天津复兴路(地铁站)"},"geometry":{"type":"LineString","coordinates":[[117.143307,39.145375],[117.15203,39.154644]]}},{"type":"Feature","properties":{"shape_id":"{}","direction_id":"{\"0\": 50}","headsign":"{}","duration_avg":120,"n_vehicles":50,"d":1200,"route_I_counts":"{\"5\": 50}","source":114,"target":36,"layer":"L","from":"天津人民医院(地铁站)","to":"天津长虹公园(地铁站)"},"geometry":{"type":"LineString","coordinates":[[117.143307,39.145375],[117.143048,39.136675]]}},{"type":"Feature","properties":{"shape_id":"{}","direction_id":"{\"1\": 50}","headsign":"{}","duration_avg":120,"n_vehicles":50,"d":1200,"route_I_counts":"{\"5\": 50}","source":36,"target":114,"layer":"L","from":"天津长虹公园(地铁站)","to":"天津人民医院(地铁站)"},"geometry":{"type":"LineString","coordinates":[[117.143048,39.136675],[117.143307,39.145375]]}},{"type":"Feature","properties":{"shape_id":"{}","direction_id":"{\"0\": 50}","headsign":"{}","duration_avg":120,"n_vehicles":50,"d":1200,"route_I_counts":"{\"5\": 50}","source":36,"target":115,"layer":"L","from":"天津长虹公园(地铁站)","to":"天津宜宾道(地铁站)"},"geometry":{"type":"LineString","coordinates":[[117.143048,39.136675],[117.143062,39.125284]]}},{"type":"Feature","properties":{"shape_id":"{}","direction_id":"{\"1\": 50}","headsign":"{}","duration_avg":120,"n_vehicles":50,"d":1200,"route_I_counts":"{\"5\": 50}","source":115,"target":36,"layer":"L","from":"天津宜宾道(地铁站)","to":"天津长虹公园(地铁站)"},"geometry":{"type":"LineString","coordinates":[[117.143062,39.125284],[117.143048,39.136675]]}},{"type":"Feature","properties":{"shape_id":"{}","direction_id":"{\"0\": 50}","headsign":"{}","duration_avg":120,"n_vehicles":50,"d":1200,"route_I_counts":"{\"5\": 50}","source":115,"target":116,"layer":"L","from":"天津宜宾道(地铁站)","to":"天津鞍山西道(地铁站)"},"geometry":{"type":"LineString","coordinates":[[117.143062,39.125284],[117.14297,39.115411]]}},{"type":"Feature","properties":{"shape_id":"{}","direction_id":"{\"1\": 50}","headsign":"{}","duration_avg":120,"n_vehicles":50,"d":1200,"route_I_counts":"{\"5\": 50}","source":116,"target":115,"layer":"L","from":"天津鞍山西道(地铁站)","to":"天津宜宾道(地铁站)"},"geometry":{"type":"LineString","coordinates":[[117.14297,39.115411],[117.143062,39.125284]]}},{"type":"Feature","properties":{"shape_id":"{}","direction_id":"{\"0\": 50}","headsign":"{}","duration_avg":120,"n_vehicles":50,"d":1200,"route_I_counts":"{\"5\": 50}","source":116,"target":117,"layer":"L","from":"天津鞍山西道(地铁站)","to":"天津天拖(地铁站)"},"geometry":{"type":"LineString","coordinates":[[117.14297,39.115411],[117.143045,39.10811]]}},{"type":"Feature","properties":{"shape_id":"{}","direction_id":"{\"1\": 50}","headsign":"{}","duration_avg":120,"n_vehicles":50,"d":1200,"route_I_counts":"{\"5\": 50}","source":117,"target":116,"layer":"L","from":"天津天拖(地铁站)","to":"天津鞍山西道(地铁站)"},"geometry":{"type":"LineString","coordinates":[[117.143045,39.10811],[117.14297,39.115411]]}},{"type":"Feature","properties":{"shape_id":"{}","direction_id":"{\"0\": 50}","headsign":"{}","duration_avg":60,"n_vehicles":50,"d":600,"route_I_counts":"{\"5\": 50}","source":117,"target":118,"layer":"L","from":"天津天拖(地铁站)","to":"天津一中心医院(地铁站)"},"geometry":{"type":"LineString","coordinates":[[117.143045,39.10811],[117.14306,39.102163]]}},{"type":"Feature","properties":{"shape_id":"{}","direction_id":"{\"1\": 50}","headsign":"{}","duration_avg":60,"n_vehicles":50,"d":600,"route_I_counts":"{\"5\": 50}","source":118,"target":117,"layer":"L","from":"天津一中心医院(地铁站)","to":"天津天拖(地铁站)"},"geometry":{"type":"LineString","coordinates":[[117.14306,39.102163],[117.143045,39.10811]]}},{"type":"Feature","properties":{"shape_id":"{}","direction_id":"{\"0\": 50}","headsign":"{}","duration_avg":120,"n_vehicles":50,"d":1200,"route_I_counts":"{\"5\": 50}","source":118,"target":67,"layer":"L","from":"天津一中心医院(地铁站)","to":"天津红旗南路(地铁站)"},"geometry":{"type":"LineString","coordinates":[[117.14306,39.102163],[117.141757,39.091651]]}},{"type":"Feature","properties":{"shape_id":"{}","direction_id":"{\"1\": 50}","headsign":"{}","duration_avg":120,"n_vehicles":50,"d":1200,"route_I_counts":"{\"5\": 50}","source":67,"target":118,"layer":"L","from":"天津红旗南路(地铁站)","to":"天津一中心医院(地铁站)"},"geometry":{"type":"LineString","coordinates":[[117.141757,39.091651],[117.14306,39.102163]]}},{"type":"Feature","properties":{"shape_id":"{}","direction_id":"{\"0\": 50}","headsign":"{}","duration_avg":120,"n_vehicles":50,"d":1200,"route_I_counts":"{\"5\": 50}","source":67,"target":119,"layer":"L","from":"天津红旗南路(地铁站)","to":"天津迎风道(地铁站)"},"geometry":{"type":"LineString","coordinates":[[117.141757,39.091651],[117.143078,39.085054]]}},{"type":"Feature","properties":{"shape_id":"{}","direction_id":"{\"1\": 50}","headsign":"{}","duration_avg":120,"n_vehicles":50,"d":1200,"route_I_counts":"{\"5\": 50}","source":119,"target":67,"layer":"L","from":"天津迎风道(地铁站)","to":"天津红旗南路(地铁站)"},"geometry":{"type":"LineString","coordinates":[[117.143078,39.085054],[117.141757,39.091651]]}},{"type":"Feature","properties":{"shape_id":"{}","direction_id":"{\"0\": 50}","headsign":"{}","duration_avg":180,"n_vehicles":50,"d":1800,"route_I_counts":"{\"5\": 50}","source":119,"target":120,"layer":"L","from":"天津迎风道(地铁站)","to":"天津南翠屏(地铁站)"},"geometry":{"type":"LineString","coordinates":[[117.143078,39.085054],[117.152267,39.078885]]}},{"type":"Feature","properties":{"shape_id":"{}","direction_id":"{\"1\": 50}","headsign":"{}","duration_avg":180,"n_vehicles":50,"d":1800,"route_I_counts":"{\"5\": 50}","source":120,"target":119,"layer":"L","from":"天津南翠屏(地铁站)","to":"天津迎风道(地铁站)"},"geometry":{"type":"LineString","coordinates":[[117.152267,39.078885],[117.143078,39.085054]]}},{"type":"Feature","properties":{"shape_id":"{}","direction_id":"{\"0\": 50}","headsign":"{}","duration_avg":120,"n_vehicles":50,"d":1200,"route_I_counts":"{\"5\": 50}","source":120,"target":121,"layer":"L","from":"天津南翠屏(地铁站)","to":"天津水上公园东路(地铁站)"},"geometry":{"type":"LineString","coordinates":[[117.152267,39.078885],[117.166788,39.078456]]}},{"type":"Feature","properties":{"shape_id":"{}","direction_id":"{\"1\": 50}","headsign":"{}","duration_avg":120,"n_vehicles":50,"d":1200,"route_I_counts":"{\"5\": 50}","source":121,"target":120,"layer":"L","from":"天津水上公园东路(地铁站)","to":"天津南翠屏(地铁站)"},"geometry":{"type":"LineString","coordinates":[[117.166788,39.078456],[117.152267,39.078885]]}},{"type":"Feature","properties":{"shape_id":"{}","direction_id":"{\"0\": 50}","headsign":"{}","duration_avg":120,"n_vehicles":50,"d":1200,"route_I_counts":"{\"5\": 50}","source":121,"target":94,"layer":"L","from":"天津水上公园东路(地铁站)","to":"天津肿瘤医院(地铁站)"},"geometry":{"type":"LineString","coordinates":[[117.166788,39.078456],[117.178143,39.077964]]}},{"type":"Feature","properties":{"shape_id":"{}","direction_id":"{\"1\": 50}","headsign":"{}","duration_avg":120,"n_vehicles":50,"d":1200,"route_I_counts":"{\"5\": 50}","source":94,"target":121,"layer":"L","from":"天津肿瘤医院(地铁站)","to":"天津水上公园东路(地铁站)"},"geometry":{"type":"LineString","coordinates":[[117.178143,39.077964],[117.166788,39.078456]]}},{"type":"Feature","properties":{"shape_id":"{}","direction_id":"{\"0\": 50}","headsign":"{}","duration_avg":120,"n_vehicles":50,"d":1200,"route_I_counts":"{\"5\": 50}","source":92,"target":122,"layer":"L","from":"天津文化中心(地铁站)","to":"天津乐园道(地铁站)"},"geometry":{"type":"LineString","coordinates":[[117.202501,39.087537],[117.211064,39.0903]]}},{"type":"Feature","properties":{"shape_id":"{}","direction_id":"{\"1\": 50}","headsign":"{}","duration_avg":120,"n_vehicles":50,"d":1200,"route_I_counts":"{\"5\": 50}","source":122,"target":92,"layer":"L","from":"天津乐园道(地铁站)","to":"天津文化中心(地铁站)"},"geometry":{"type":"LineString","coordinates":[[117.211064,39.0903],[117.202501,39.087537]]}},{"type":"Feature","properties":{"shape_id":"{}","direction_id":"{\"0\": 50}","headsign":"{}","duration_avg":120,"n_vehicles":50,"d":1200,"route_I_counts":"{\"5\": 50}","source":122,"target":123,"layer":"L","from":"天津乐园道(地铁站)","to":"天津尖山路(地铁站)"},"geometry":{"type":"LineString","coordinates":[[117.211064,39.0903],[117.217728,39.086257]]}},{"type":"Feature","properties":{"shape_id":"{}","direction_id":"{\"1\": 50}","headsign":"{}","duration_avg":120,"n_vehicles":50,"d":1200,"route_I_counts":"{\"5\": 50}","source":123,"target":122,"layer":"L","from":"天津尖山路(地铁站)","to":"天津乐园道(地铁站)"},"geometry":{"type":"LineString","coordinates":[[117.217728,39.086257],[117.211064,39.0903]]}},{"type":"Feature","properties":{"shape_id":"{}","direction_id":"{\"0\": 50}","headsign":"{}","duration_avg":60,"n_vehicles":50,"d":600,"route_I_counts":"{\"5\": 50}","source":123,"target":124,"layer":"L","from":"天津尖山路(地铁站)","to":"天津医大二院(地铁站)"},"geometry":{"type":"LineString","coordinates":[[117.217728,39.086257],[117.217772,39.080221]]}},{"type":"Feature","properties":{"shape_id":"{}","direction_id":"{\"1\": 50}","headsign":"{}","duration_avg":60,"n_vehicles":50,"d":600,"route_I_counts":"{\"5\": 50}","source":124,"target":123,"layer":"L","from":"天津医大二院(地铁站)","to":"天津尖山路(地铁站)"},"geometry":{"type":"LineString","coordinates":[[117.217772,39.080221],[117.217728,39.086257]]}},{"type":"Feature","properties":{"shape_id":"{}","direction_id":"{\"0\": 50}","headsign":"{}","duration_avg":120,"n_vehicles":50,"d":1200,"route_I_counts":"{\"5\": 50}","source":124,"target":125,"layer":"L","from":"天津医大二院(地铁站)","to":"天津梅江道(地铁站)"},"geometry":{"type":"LineString","coordinates":[[117.217772,39.080221],[117.21934,39.067844]]}},{"type":"Feature","properties":{"shape_id":"{}","direction_id":"{\"1\": 50}","headsign":"{}","duration_avg":120,"n_vehicles":50,"d":1200,"route_I_counts":"{\"5\": 50}","source":125,"target":124,"layer":"L","from":"天津梅江道(地铁站)","to":"天津医大二院(地铁站)"},"geometry":{"type":"LineString","coordinates":[[117.21934,39.067844],[117.217772,39.080221]]}},{"type":"Feature","properties":{"shape_id":"{}","direction_id":"{\"0\": 50}","headsign":"{}","duration_avg":180,"n_vehicles":50,"d":1800,"route_I_counts":"{\"5\": 50}","source":125,"target":126,"layer":"L","from":"天津梅江道(地铁站)","to":"天津左江道(地铁站)"},"geometry":{"type":"LineString","coordinates":[[117.21934,39.067844],[117.211047,39.059172]]}},{"type":"Feature","properties":{"shape_id":"{}","direction_id":"{\"1\": 50}","headsign":"{}","duration_avg":180,"n_vehicles":50,"d":1800,"route_I_counts":"{\"5\": 50}","source":126,"target":125,"layer":"L","from":"天津左江道(地铁站)","to":"天津梅江道(地铁站)"},"geometry":{"type":"LineString","coordinates":[[117.211047,39.059172],[117.21934,39.067844]]}},{"type":"Feature","properties":{"shape_id":"{}","direction_id":"{\"0\": 50}","headsign":"{}","duration_avg":120,"n_vehicles":50,"d":1200,"route_I_counts":"{\"5\": 50}","source":126,"target":127,"layer":"L","from":"天津左江道(地铁站)","to":"天津梅江公园(地铁站)"},"geometry":{"type":"LineString","coordinates":[[117.211047,39.059172],[117.211284,39.051367]]}},{"type":"Feature","properties":{"shape_id":"{}","direction_id":"{\"1\": 50}","headsign":"{}","duration_avg":120,"n_vehicles":50,"d":1200,"route_I_counts":"{\"5\": 50}","source":127,"target":126,"layer":"L","from":"天津梅江公园(地铁站)","to":"天津左江道(地铁站)"},"geometry":{"type":"LineString","coordinates":[[117.211284,39.051367],[117.211047,39.059172]]}},{"type":"Feature","properties":{"shape_id":"{}","direction_id":"{\"0\": 50}","headsign":"{}","duration_avg":60,"n_vehicles":50,"d":600,"route_I_counts":"{\"5\": 50}","source":127,"target":128,"layer":"L","from":"天津梅江公园(地铁站)","to":"天津梅江会展中心(地铁站)"},"geometry":{"type":"LineString","coordinates":[[117.211284,39.051367],[117.211454,39.043353]]}},{"type":"Feature","properties":{"shape_id":"{}","direction_id":"{\"1\": 50}","headsign":"{}","duration_avg":60,"n_vehicles":50,"d":600,"route_I_counts":"{\"5\": 50}","source":128,"target":127,"layer":"L","from":"天津梅江会展中心(地铁站)","to":"天津梅江公园(地铁站)"},"geometry":{"type":"LineString","coordinates":[[117.211454,39.043353],[117.211284,39.051367]]}},{"type":"Feature","properties":{"shape_id":"{}","direction_id":"{\"0\": 50}","headsign":"{}","duration_avg":180,"n_vehicles":50,"d":1800,"route_I_counts":"{\"5\": 50}","source":128,"target":129,"layer":"L","from":"天津梅江会展中心(地铁站)","to":"天津解放南路(地铁站)"},"geometry":{"type":"LineString","coordinates":[[117.211454,39.043353],[117.227754,39.039806]]}},{"type":"Feature","properties":{"shape_id":"{}","direction_id":"{\"1\": 50}","headsign":"{}","duration_avg":180,"n_vehicles":50,"d":1800,"route_I_counts":"{\"5\": 50}","source":129,"target":128,"layer":"L","from":"天津解放南路(地铁站)","to":"天津梅江会展中心(地铁站)"},"geometry":{"type":"LineString","coordinates":[[117.227754,39.039806],[117.211454,39.043353]]}},{"type":"Feature","properties":{"shape_id":"{}","direction_id":"{\"0\": 50}","headsign":"{}","duration_avg":120,"n_vehicles":50,"d":1200,"route_I_counts":"{\"5\": 50}","source":129,"target":130,"layer":"L","from":"天津解放南路(地铁站)","to":"天津洞庭路(地铁站)"},"geometry":{"type":"LineString","coordinates":[[117.227754,39.039806],[117.239615,39.042651]]}},{"type":"Feature","properties":{"shape_id":"{}","direction_id":"{\"1\": 50}","headsign":"{}","duration_avg":120,"n_vehicles":50,"d":1200,"route_I_counts":"{\"5\": 50}","source":130,"target":129,"layer":"L","from":"天津洞庭路(地铁站)","to":"天津解放南路(地铁站)"},"geometry":{"type":"LineString","coordinates":[[117.239615,39.042651],[117.227754,39.039806]]}},{"type":"Feature","properties":{"shape_id":"{}","direction_id":"{\"0\": 50}","headsign":"{}","duration_avg":120,"n_vehicles":50,"d":1200,"route_I_counts":"{\"5\": 50}","source":130,"target":131,"layer":"L","from":"天津洞庭路(地铁站)","to":"天津梅林路(地铁站)"},"geometry":{"type":"LineString","coordinates":[[117.239615,39.042651],[117.248513,39.043879]]}},{"type":"Feature","properties":{"shape_id":"{}","direction_id":"{\"1\": 50}","headsign":"{}","duration_avg":120,"n_vehicles":50,"d":1200,"route_I_counts":"{\"5\": 50}","source":131,"target":130,"layer":"L","from":"天津梅林路(地铁站)","to":"天津洞庭路(地铁站)"},"geometry":{"type":"LineString","coordinates":[[117.248513,39.043879],[117.239615,39.042651]]}},{"type":"Feature","properties":{"shape_id":"{}","direction_id":"{\"0\": 50}","headsign":"{}","duration_avg":60,"n_vehicles":50,"d":600,"route_I_counts":"{\"5\": 50}","source":131,"target":132,"layer":"L","from":"天津梅林路(地铁站)","to":"天津渌水道(地铁站)"},"geometry":{"type":"LineString","coordinates":[[117.248513,39.043879],[117.262751,39.044384]]}},{"type":"Feature","properties":{"shape_id":"{}","direction_id":"{\"1\": 50}","headsign":"{}","duration_avg":60,"n_vehicles":50,"d":600,"route_I_counts":"{\"5\": 50}","source":132,"target":131,"layer":"L","from":"天津渌水道(地铁站)","to":"天津梅林路(地铁站)"},"geometry":{"type":"LineString","coordinates":[[117.262751,39.044384],[117.248513,39.043879]]}},{"type":"Feature","properties":{"shape_id":"{}","direction_id":"{\"0\": 50}","headsign":"{}","duration_avg":120,"n_vehicles":50,"d":1200,"route_I_counts":"{\"9\": 50}","source":41,"target":133,"layer":"L","from":"天津天津站(地铁站)","to":"天津大王庄(地铁站)"},"geometry":{"type":"LineString","coordinates":[[117.203707,39.137226],[117.212189,39.126217]]}},{"type":"Feature","properties":{"shape_id":"{}","direction_id":"{\"1\": 50}","headsign":"{}","duration_avg":120,"n_vehicles":50,"d":1200,"route_I_counts":"{\"9\": 50}","source":133,"target":41,"layer":"L","from":"天津大王庄(地铁站)","to":"天津天津站(地铁站)"},"geometry":{"type":"LineString","coordinates":[[117.212189,39.126217],[117.203707,39.137226]]}},{"type":"Feature","properties":{"shape_id":"{}","direction_id":"{\"0\": 50}","headsign":"{}","duration_avg":120,"n_vehicles":50,"d":1200,"route_I_counts":"{\"9\": 50}","source":133,"target":134,"layer":"L","from":"天津大王庄(地铁站)","to":"天津十一经路(地铁站)"},"geometry":{"type":"LineString","coordinates":[[117.212189,39.126217],[117.217675,39.120377]]}},{"type":"Feature","properties":{"shape_id":"{}","direction_id":"{\"1\": 50}","headsign":"{}","duration_avg":120,"n_vehicles":50,"d":1200,"route_I_counts":"{\"9\": 50}","source":134,"target":133,"layer":"L","from":"天津十一经路(地铁站)","to":"天津大王庄(地铁站)"},"geometry":{"type":"LineString","coordinates":[[117.217675,39.120377],[117.212189,39.126217]]}},{"type":"Feature","properties":{"shape_id":"{}","direction_id":"{\"0\": 50}","headsign":"{}","duration_avg":120,"n_vehicles":50,"d":1200,"route_I_counts":"{\"9\": 50}","source":134,"target":90,"layer":"L","from":"天津十一经路(地铁站)","to":"天津直沽(地铁站)"},"geometry":{"type":"LineString","coordinates":[[117.217675,39.120377],[117.228477,39.110532]]}},{"type":"Feature","properties":{"shape_id":"{}","direction_id":"{\"1\": 50}","headsign":"{}","duration_avg":120,"n_vehicles":50,"d":1200,"route_I_counts":"{\"9\": 50}","source":90,"target":134,"layer":"L","from":"天津直沽(地铁站)","to":"天津十一经路(地铁站)"},"geometry":{"type":"LineString","coordinates":[[117.228477,39.110532],[117.217675,39.120377]]}},{"type":"Feature","properties":{"shape_id":"{}","direction_id":"{\"0\": 50}","headsign":"{}","duration_avg":180,"n_vehicles":50,"d":1800,"route_I_counts":"{\"9\": 50}","source":90,"target":135,"layer":"L","from":"天津直沽(地铁站)","to":"天津东兴路(地铁站)"},"geometry":{"type":"LineString","coordinates":[[117.228477,39.110532],[117.236301,39.102444]]}},{"type":"Feature","properties":{"shape_id":"{}","direction_id":"{\"1\": 50}","headsign":"{}","duration_avg":180,"n_vehicles":50,"d":1800,"route_I_counts":"{\"9\": 50}","source":135,"target":90,"layer":"L","from":"天津东兴路(地铁站)","to":"天津直沽(地铁站)"},"geometry":{"type":"LineString","coordinates":[[117.236301,39.102444],[117.228477,39.110532]]}},{"type":"Feature","properties":{"shape_id":"{}","direction_id":"{\"0\": 50}","headsign":"{}","duration_avg":180,"n_vehicles":50,"d":1800,"route_I_counts":"{\"9\": 50}","source":135,"target":136,"layer":"L","from":"天津东兴路(地铁站)","to":"天津中山门(地铁站)"},"geometry":{"type":"LineString","coordinates":[[117.236301,39.102444],[117.258044,39.099904]]}},{"type":"Feature","properties":{"shape_id":"{}","direction_id":"{\"1\": 50}","headsign":"{}","duration_avg":180,"n_vehicles":50,"d":1800,"route_I_counts":"{\"9\": 50}","source":136,"target":135,"layer":"L","from":"天津中山门(地铁站)","to":"天津东兴路(地铁站)"},"geometry":{"type":"LineString","coordinates":[[117.258044,39.099904],[117.236301,39.102444]]}},{"type":"Feature","properties":{"shape_id":"{}","direction_id":"{\"0\": 50}","headsign":"{}","duration_avg":180,"n_vehicles":50,"d":1800,"route_I_counts":"{\"9\": 50}","source":136,"target":137,"layer":"L","from":"天津中山门(地铁站)","to":"天津一号桥(地铁站)"},"geometry":{"type":"LineString","coordinates":[[117.258044,39.099904],[117.276634,39.095063]]}},{"type":"Feature","properties":{"shape_id":"{}","direction_id":"{\"1\": 50}","headsign":"{}","duration_avg":180,"n_vehicles":50,"d":1800,"route_I_counts":"{\"9\": 50}","source":137,"target":136,"layer":"L","from":"天津一号桥(地铁站)","to":"天津中山门(地铁站)"},"geometry":{"type":"LineString","coordinates":[[117.276634,39.095063],[117.258044,39.099904]]}},{"type":"Feature","properties":{"shape_id":"{}","direction_id":"{\"0\": 50}","headsign":"{}","duration_avg":60,"n_vehicles":50,"d":600,"route_I_counts":"{\"9\": 50}","source":137,"target":138,"layer":"L","from":"天津一号桥(地铁站)","to":"天津二号桥(地铁站)"},"geometry":{"type":"LineString","coordinates":[[117.276634,39.095063],[117.28682,39.094174]]}},{"type":"Feature","properties":{"shape_id":"{}","direction_id":"{\"1\": 50}","headsign":"{}","duration_avg":60,"n_vehicles":50,"d":600,"route_I_counts":"{\"9\": 50}","source":138,"target":137,"layer":"L","from":"天津二号桥(地铁站)","to":"天津一号桥(地铁站)"},"geometry":{"type":"LineString","coordinates":[[117.28682,39.094174],[117.276634,39.095063]]}},{"type":"Feature","properties":{"shape_id":"{}","direction_id":"{\"0\": 50}","headsign":"{}","duration_avg":180,"n_vehicles":50,"d":1800,"route_I_counts":"{\"9\": 50}","source":138,"target":139,"layer":"L","from":"天津二号桥(地铁站)","to":"天津张贵庄(地铁站)"},"geometry":{"type":"LineString","coordinates":[[117.28682,39.094174],[117.301428,39.091071]]}},{"type":"Feature","properties":{"shape_id":"{}","direction_id":"{\"1\": 50}","headsign":"{}","duration_avg":180,"n_vehicles":50,"d":1800,"route_I_counts":"{\"9\": 50}","source":139,"target":138,"layer":"L","from":"天津张贵庄(地铁站)","to":"天津二号桥(地铁站)"},"geometry":{"type":"LineString","coordinates":[[117.301428,39.091071],[117.28682,39.094174]]}},{"type":"Feature","properties":{"shape_id":"{}","direction_id":"{\"0\": 50}","headsign":"{}","duration_avg":180,"n_vehicles":50,"d":1800,"route_I_counts":"{\"9\": 50}","source":139,"target":140,"layer":"L","from":"天津张贵庄(地铁站)","to":"天津新立(地铁站)"},"geometry":{"type":"LineString","coordinates":[[117.301428,39.091071],[117.32956,39.084796]]}},{"type":"Feature","properties":{"shape_id":"{}","direction_id":"{\"1\": 50}","headsign":"{}","duration_avg":180,"n_vehicles":50,"d":1800,"route_I_counts":"{\"9\": 50}","source":140,"target":139,"layer":"L","from":"天津新立(地铁站)","to":"天津张贵庄(地铁站)"},"geometry":{"type":"LineString","coordinates":[[117.32956,39.084796],[117.301428,39.091071]]}},{"type":"Feature","properties":{"shape_id":"{}","direction_id":"{\"0\": 50}","headsign":"{}","duration_avg":120,"n_vehicles":50,"d":1200,"route_I_counts":"{\"9\": 50}","source":140,"target":141,"layer":"L","from":"天津新立(地铁站)","to":"天津东丽开发区(地铁站)"},"geometry":{"type":"LineString","coordinates":[[117.32956,39.084796],[117.350923,39.078293]]}},{"type":"Feature","properties":{"shape_id":"{}","direction_id":"{\"1\": 50}","headsign":"{}","duration_avg":120,"n_vehicles":50,"d":1200,"route_I_counts":"{\"9\": 50}","source":141,"target":140,"layer":"L","from":"天津东丽开发区(地铁站)","to":"天津新立(地铁站)"},"geometry":{"type":"LineString","coordinates":[[117.350923,39.078293],[117.32956,39.084796]]}},{"type":"Feature","properties":{"shape_id":"{}","direction_id":"{\"0\": 50}","headsign":"{}","duration_avg":300,"n_vehicles":50,"d":3000,"route_I_counts":"{\"9\": 50}","source":141,"target":142,"layer":"L","from":"天津东丽开发区(地铁站)","to":"天津小东庄(地铁站)"},"geometry":{"type":"LineString","coordinates":[[117.350923,39.078293],[117.396786,39.063256]]}},{"type":"Feature","properties":{"shape_id":"{}","direction_id":"{\"1\": 50}","headsign":"{}","duration_avg":300,"n_vehicles":50,"d":3000,"route_I_counts":"{\"9\": 50}","source":142,"target":141,"layer":"L","from":"天津小东庄(地铁站)","to":"天津东丽开发区(地铁站)"},"geometry":{"type":"LineString","coordinates":[[117.396786,39.063256],[117.350923,39.078293]]}},{"type":"Feature","properties":{"shape_id":"{}","direction_id":"{\"0\": 50}","headsign":"{}","duration_avg":240,"n_vehicles":50,"d":2400,"route_I_counts":"{\"9\": 50}","source":142,"target":143,"layer":"L","from":"天津小东庄(地铁站)","to":"天津军粮城(地铁站)"},"geometry":{"type":"LineString","coordinates":[[117.396786,39.063256],[117.449618,39.04698]]}},{"type":"Feature","properties":{"shape_id":"{}","direction_id":"{\"1\": 50}","headsign":"{}","duration_avg":240,"n_vehicles":50,"d":2400,"route_I_counts":"{\"9\": 50}","source":143,"target":142,"layer":"L","from":"天津军粮城(地铁站)","to":"天津小东庄(地铁站)"},"geometry":{"type":"LineString","coordinates":[[117.449618,39.04698],[117.396786,39.063256]]}},{"type":"Feature","properties":{"shape_id":"{}","direction_id":"{\"0\": 50}","headsign":"{}","duration_avg":240,"n_vehicles":50,"d":2400,"route_I_counts":"{\"9\": 50}","source":143,"target":144,"layer":"L","from":"天津军粮城(地铁站)","to":"天津钢管公司(地铁站)"},"geometry":{"type":"LineString","coordinates":[[117.449618,39.04698],[117.497572,39.038841]]}},{"type":"Feature","properties":{"shape_id":"{}","direction_id":"{\"1\": 50}","headsign":"{}","duration_avg":240,"n_vehicles":50,"d":2400,"route_I_counts":"{\"9\": 50}","source":144,"target":143,"layer":"L","from":"天津钢管公司(地铁站)","to":"天津军粮城(地铁站)"},"geometry":{"type":"LineString","coordinates":[[117.497572,39.038841],[117.449618,39.04698]]}},{"type":"Feature","properties":{"shape_id":"{}","direction_id":"{\"0\": 50}","headsign":"{}","duration_avg":480,"n_vehicles":50,"d":4800,"route_I_counts":"{\"9\": 50}","source":144,"target":145,"layer":"L","from":"天津钢管公司(地铁站)","to":"天津胡家园(地铁站)"},"geometry":{"type":"LineString","coordinates":[[117.497572,39.038841],[117.601274,39.039762]]}},{"type":"Feature","properties":{"shape_id":"{}","direction_id":"{\"1\": 50}","headsign":"{}","duration_avg":480,"n_vehicles":50,"d":4800,"route_I_counts":"{\"9\": 50}","source":145,"target":144,"layer":"L","from":"天津胡家园(地铁站)","to":"天津钢管公司(地铁站)"},"geometry":{"type":"LineString","coordinates":[[117.601274,39.039762],[117.497572,39.038841]]}},{"type":"Feature","properties":{"shape_id":"{}","direction_id":"{\"0\": 50}","headsign":"{}","duration_avg":240,"n_vehicles":50,"d":2400,"route_I_counts":"{\"9\": 50}","source":145,"target":146,"layer":"L","from":"天津胡家园(地铁站)","to":"天津塘沽(地铁站)"},"geometry":{"type":"LineString","coordinates":[[117.601274,39.039762],[117.654871,39.028731]]}},{"type":"Feature","properties":{"shape_id":"{}","direction_id":"{\"1\": 50}","headsign":"{}","duration_avg":240,"n_vehicles":50,"d":2400,"route_I_counts":"{\"9\": 50}","source":146,"target":145,"layer":"L","from":"天津塘沽(地铁站)","to":"天津胡家园(地铁站)"},"geometry":{"type":"LineString","coordinates":[[117.654871,39.028731],[117.601274,39.039762]]}},{"type":"Feature","properties":{"shape_id":"{}","direction_id":"{\"0\": 50}","headsign":"{}","duration_avg":180,"n_vehicles":50,"d":1800,"route_I_counts":"{\"9\": 50}","source":146,"target":147,"layer":"L","from":"天津塘沽(地铁站)","to":"天津泰达(地铁站)"},"geometry":{"type":"LineString","coordinates":[[117.654871,39.028731],[117.673154,39.024666]]}},{"type":"Feature","properties":{"shape_id":"{}","direction_id":"{\"1\": 50}","headsign":"{}","duration_avg":180,"n_vehicles":50,"d":1800,"route_I_counts":"{\"9\": 50}","source":147,"target":146,"layer":"L","from":"天津泰达(地铁站)","to":"天津塘沽(地铁站)"},"geometry":{"type":"LineString","coordinates":[[117.673154,39.024666],[117.654871,39.028731]]}},{"type":"Feature","properties":{"shape_id":"{}","direction_id":"{\"0\": 50}","headsign":"{}","duration_avg":300,"n_vehicles":50,"d":3000,"route_I_counts":"{\"9\": 50}","source":147,"target":148,"layer":"L","from":"天津泰达(地铁站)","to":"天津市民广场(地铁站)"},"geometry":{"type":"LineString","coordinates":[[117.673154,39.024666],[117.696794,39.017287]]}},{"type":"Feature","properties":{"shape_id":"{}","direction_id":"{\"1\": 50}","headsign":"{}","duration_avg":300,"n_vehicles":50,"d":3000,"route_I_counts":"{\"9\": 50}","source":148,"target":147,"layer":"L","from":"天津市民广场(地铁站)","to":"天津泰达(地铁站)"},"geometry":{"type":"LineString","coordinates":[[117.696794,39.017287],[117.673154,39.024666]]}},{"type":"Feature","properties":{"shape_id":"{}","direction_id":"{\"0\": 50}","headsign":"{}","duration_avg":540,"n_vehicles":50,"d":5400,"route_I_counts":"{\"9\": 50}","source":148,"target":149,"layer":"L","from":"天津市民广场(地铁站)","to":"天津太湖路(地铁站)"},"geometry":{"type":"LineString","coordinates":[[117.696794,39.017287],[117.717113,39.018973]]}},{"type":"Feature","properties":{"shape_id":"{}","direction_id":"{\"1\": 50}","headsign":"{}","duration_avg":540,"n_vehicles":50,"d":5400,"route_I_counts":"{\"9\": 50}","source":149,"target":148,"layer":"L","from":"天津太湖路(地铁站)","to":"天津市民广场(地铁站)"},"geometry":{"type":"LineString","coordinates":[[117.717113,39.018973],[117.696794,39.017287]]}},{"type":"Feature","properties":{"shape_id":"{}","direction_id":"{\"0\": 50}","headsign":"{}","duration_avg":240,"n_vehicles":50,"d":2400,"route_I_counts":"{\"9\": 50}","source":149,"target":150,"layer":"L","from":"天津太湖路(地铁站)","to":"天津会展中心(地铁站)"},"geometry":{"type":"LineString","coordinates":[[117.717113,39.018973],[117.725398,39.029053]]}},{"type":"Feature","properties":{"shape_id":"{}","direction_id":"{\"1\": 50}","headsign":"{}","duration_avg":240,"n_vehicles":50,"d":2400,"route_I_counts":"{\"9\": 50}","source":150,"target":149,"layer":"L","from":"天津会展中心(地铁站)","to":"天津太湖路(地铁站)"},"geometry":{"type":"LineString","coordinates":[[117.725398,39.029053],[117.717113,39.018973]]}},{"type":"Feature","properties":{"shape_id":"{}","direction_id":"{\"0\": 50}","headsign":"{}","duration_avg":60,"n_vehicles":50,"d":600,"route_I_counts":"{\"9\": 50}","source":150,"target":151,"layer":"L","from":"天津会展中心(地铁站)","to":"天津东海路(地铁站)"},"geometry":{"type":"LineString","coordinates":[[117.725398,39.029053],[117.730983,39.039626]]}},{"type":"Feature","properties":{"shape_id":"{}","direction_id":"{\"1\": 50}","headsign":"{}","duration_avg":60,"n_vehicles":50,"d":600,"route_I_counts":"{\"9\": 50}","source":151,"target":150,"layer":"L","from":"天津东海路(地铁站)","to":"天津会展中心(地铁站)"},"geometry":{"type":"LineString","coordinates":[[117.730983,39.039626],[117.725398,39.029053]]}},{"type":"Feature","properties":{"shape_id":"{}","direction_id":"{\"0\": 50}","headsign":"{}","duration_avg":60,"n_vehicles":50,"d":600,"route_I_counts":"{\"10\": 50}","source":46,"target":152,"layer":"L","from":"天津屿东城(地铁站)","to":"天津崂山道(地铁站)"},"geometry":{"type":"LineString","coordinates":[[117.273529,39.146194],[117.277275,39.137681]]}},{"type":"Feature","properties":{"shape_id":"{}","direction_id":"{\"1\": 50}","headsign":"{}","duration_avg":60,"n_vehicles":50,"d":600,"route_I_counts":"{\"10\": 50}","source":152,"target":46,"layer":"L","from":"天津崂山道(地铁站)","to":"天津屿东城(地铁站)"},"geometry":{"type":"LineString","coordinates":[[117.277275,39.137681],[117.273529,39.146194]]}},{"type":"Feature","properties":{"shape_id":"{}","direction_id":"{\"0\": 50}","headsign":"{}","duration_avg":120,"n_vehicles":50,"d":1200,"route_I_counts":"{\"10\": 50}","source":152,"target":153,"layer":"L","from":"天津崂山道(地铁站)","to":"天津香山道(地铁站)"},"geometry":{"type":"LineString","coordinates":[[117.277275,39.137681],[117.2802,39.130666]]}},{"type":"Feature","properties":{"shape_id":"{}","direction_id":"{\"1\": 50}","headsign":"{}","duration_avg":120,"n_vehicles":50,"d":1200,"route_I_counts":"{\"10\": 50}","source":153,"target":152,"layer":"L","from":"天津香山道(地铁站)","to":"天津崂山道(地铁站)"},"geometry":{"type":"LineString","coordinates":[[117.2802,39.130666],[117.277275,39.137681]]}},{"type":"Feature","properties":{"shape_id":"{}","direction_id":"{\"0\": 50}","headsign":"{}","duration_avg":60,"n_vehicles":50,"d":600,"route_I_counts":"{\"10\": 50}","source":153,"target":154,"layer":"L","from":"天津香山道(地铁站)","to":"天津万山道(地铁站)"},"geometry":{"type":"LineString","coordinates":[[117.2802,39.130666],[117.281306,39.123738]]}},{"type":"Feature","properties":{"shape_id":"{}","direction_id":"{\"1\": 50}","headsign":"{}","duration_avg":60,"n_vehicles":50,"d":600,"route_I_counts":"{\"10\": 50}","source":154,"target":153,"layer":"L","from":"天津万山道(地铁站)","to":"天津香山道(地铁站)"},"geometry":{"type":"LineString","coordinates":[[117.281306,39.123738],[117.2802,39.130666]]}},{"type":"Feature","properties":{"shape_id":"{}","direction_id":"{\"0\": 50}","headsign":"{}","duration_avg":120,"n_vehicles":50,"d":1200,"route_I_counts":"{\"10\": 50}","source":154,"target":155,"layer":"L","from":"天津万山道(地铁站)","to":"天津沙柳南路(地铁站)"},"geometry":{"type":"LineString","coordinates":[[117.281306,39.123738],[117.283007,39.115193]]}},{"type":"Feature","properties":{"shape_id":"{}","direction_id":"{\"1\": 50}","headsign":"{}","duration_avg":120,"n_vehicles":50,"d":1200,"route_I_counts":"{\"10\": 50}","source":155,"target":154,"layer":"L","from":"天津沙柳南路(地铁站)","to":"天津万山道(地铁站)"},"geometry":{"type":"LineString","coordinates":[[117.283007,39.115193],[117.281306,39.123738]]}},{"type":"Feature","properties":{"shape_id":"{}","direction_id":"{\"0\": 50}","headsign":"{}","duration_avg":120,"n_vehicles":50,"d":1200,"route_I_counts":"{\"10\": 50}","source":155,"target":156,"layer":"L","from":"天津沙柳南路(地铁站)","to":"天津方山道(地铁站)"},"geometry":{"type":"LineString","coordinates":[[117.283007,39.115193],[117.283104,39.10913]]}},{"type":"Feature","properties":{"shape_id":"{}","direction_id":"{\"1\": 50}","headsign":"{}","duration_avg":120,"n_vehicles":50,"d":1200,"route_I_counts":"{\"10\": 50}","source":156,"target":155,"layer":"L","from":"天津方山道(地铁站)","to":"天津沙柳南路(地铁站)"},"geometry":{"type":"LineString","coordinates":[[117.283104,39.10913],[117.283007,39.115193]]}},{"type":"Feature","properties":{"shape_id":"{}","direction_id":"{\"0\": 50}","headsign":"{}","duration_avg":60,"n_vehicles":50,"d":600,"route_I_counts":"{\"10\": 50}","source":156,"target":157,"layer":"L","from":"天津方山道(地铁站)","to":"天津金贸产业园(地铁站)"},"geometry":{"type":"LineString","coordinates":[[117.283104,39.10913],[117.281361,39.101812]]}},{"type":"Feature","properties":{"shape_id":"{}","direction_id":"{\"1\": 50}","headsign":"{}","duration_avg":60,"n_vehicles":50,"d":600,"route_I_counts":"{\"10\": 50}","source":157,"target":156,"layer":"L","from":"天津金贸产业园(地铁站)","to":"天津方山道(地铁站)"},"geometry":{"type":"LineString","coordinates":[[117.281361,39.101812],[117.283104,39.10913]]}},{"type":"Feature","properties":{"shape_id":"{}","direction_id":"{\"0\": 50}","headsign":"{}","duration_avg":120,"n_vehicles":50,"d":1200,"route_I_counts":"{\"10\": 50}","source":157,"target":158,"layer":"L","from":"天津金贸产业园(地铁站)","to":"天津龙涵道(地铁站)"},"geometry":{"type":"LineString","coordinates":[[117.281361,39.101812],[117.280745,39.093463]]}},{"type":"Feature","properties":{"shape_id":"{}","direction_id":"{\"1\": 50}","headsign":"{}","duration_avg":120,"n_vehicles":50,"d":1200,"route_I_counts":"{\"10\": 50}","source":158,"target":157,"layer":"L","from":"天津龙涵道(地铁站)","to":"天津金贸产业园(地铁站)"},"geometry":{"type":"LineString","coordinates":[[117.280745,39.093463],[117.281361,39.101812]]}},{"type":"Feature","properties":{"shape_id":"{}","direction_id":"{\"0\": 50}","headsign":"{}","duration_avg":120,"n_vehicles":50,"d":1200,"route_I_counts":"{\"10\": 50}","source":158,"target":159,"layer":"L","from":"天津龙涵道(地铁站)","to":"天津环宇道(地铁站)"},"geometry":{"type":"LineString","coordinates":[[117.280745,39.093463],[117.279528,39.083317]]}},{"type":"Feature","properties":{"shape_id":"{}","direction_id":"{\"1\": 50}","headsign":"{}","duration_avg":120,"n_vehicles":50,"d":1200,"route_I_counts":"{\"10\": 50}","source":159,"target":158,"layer":"L","from":"天津环宇道(地铁站)","to":"天津龙涵道(地铁站)"},"geometry":{"type":"LineString","coordinates":[[117.279528,39.083317],[117.280745,39.093463]]}},{"type":"Feature","properties":{"shape_id":"{}","direction_id":"{\"0\": 50}","headsign":"{}","duration_avg":120,"n_vehicles":50,"d":1200,"route_I_counts":"{\"10\": 50}","source":159,"target":160,"layer":"L","from":"天津环宇道(地铁站)","to":"天津柳林路(地铁站)"},"geometry":{"type":"LineString","coordinates":[[117.279528,39.083317],[117.278469,39.071194]]}},{"type":"Feature","properties":{"shape_id":"{}","direction_id":"{\"1\": 50}","headsign":"{}","duration_avg":120,"n_vehicles":50,"d":1200,"route_I_counts":"{\"10\": 50}","source":160,"target":159,"layer":"L","from":"天津柳林路(地铁站)","to":"天津环宇道(地铁站)"},"geometry":{"type":"LineString","coordinates":[[117.278469,39.071194],[117.279528,39.083317]]}},{"type":"Feature","properties":{"shape_id":"{}","direction_id":"{\"0\": 50}","headsign":"{}","duration_avg":120,"n_vehicles":50,"d":1200,"route_I_counts":"{\"10\": 50}","source":160,"target":20,"layer":"L","from":"天津柳林路(地铁站)","to":"天津财经大学(地铁站)"},"geometry":{"type":"LineString","coordinates":[[117.278469,39.071194],[117.270625,39.062971]]}},{"type":"Feature","properties":{"shape_id":"{}","direction_id":"{\"1\": 50}","headsign":"{}","duration_avg":120,"n_vehicles":50,"d":1200,"route_I_counts":"{\"10\": 50}","source":20,"target":160,"layer":"L","from":"天津财经大学(地铁站)","to":"天津柳林路(地铁站)"},"geometry":{"type":"LineString","coordinates":[[117.270625,39.062971],[117.278469,39.071194]]}},{"type":"Feature","properties":{"shape_id":"{}","direction_id":"{\"0\": 50}","headsign":"{}","duration_avg":180,"n_vehicles":50,"d":1800,"route_I_counts":"{\"10\": 50}","source":20,"target":161,"layer":"L","from":"天津财经大学(地铁站)","to":"天津微山路(地铁站)"},"geometry":{"type":"LineString","coordinates":[[117.270625,39.062971],[117.253475,39.061968]]}},{"type":"Feature","properties":{"shape_id":"{}","direction_id":"{\"1\": 50}","headsign":"{}","duration_avg":180,"n_vehicles":50,"d":1800,"route_I_counts":"{\"10\": 50}","source":161,"target":20,"layer":"L","from":"天津微山路(地铁站)","to":"天津财经大学(地铁站)"},"geometry":{"type":"LineString","coordinates":[[117.253475,39.061968],[117.270625,39.062971]]}},{"type":"Feature","properties":{"shape_id":"{}","direction_id":"{\"0\": 50}","headsign":"{}","duration_avg":60,"n_vehicles":50,"d":600,"route_I_counts":"{\"10\": 50}","source":161,"target":162,"layer":"L","from":"天津微山路(地铁站)","to":"天津玛钢厂(地铁站)"},"geometry":{"type":"LineString","coordinates":[[117.253475,39.061968],[117.246453,39.061594]]}},{"type":"Feature","properties":{"shape_id":"{}","direction_id":"{\"1\": 50}","headsign":"{}","duration_avg":60,"n_vehicles":50,"d":600,"route_I_counts":"{\"10\": 50}","source":162,"target":161,"layer":"L","from":"天津玛钢厂(地铁站)","to":"天津微山路(地铁站)"},"geometry":{"type":"LineString","coordinates":[[117.246453,39.061594],[117.253475,39.061968]]}},{"type":"Feature","properties":{"shape_id":"{}","direction_id":"{\"0\": 50}","headsign":"{}","duration_avg":120,"n_vehicles":50,"d":1200,"route_I_counts":"{\"10\": 50}","source":162,"target":163,"layer":"L","from":"天津玛钢厂(地铁站)","to":"天津春海路(地铁站)"},"geometry":{"type":"LineString","coordinates":[[117.246453,39.061594],[117.236794,39.062008]]}},{"type":"Feature","properties":{"shape_id":"{}","direction_id":"{\"1\": 50}","headsign":"{}","duration_avg":120,"n_vehicles":50,"d":1200,"route_I_counts":"{\"10\": 50}","source":163,"target":162,"layer":"L","from":"天津春海路(地铁站)","to":"天津玛钢厂(地铁站)"},"geometry":{"type":"LineString","coordinates":[[117.236794,39.062008],[117.246453,39.061594]]}},{"type":"Feature","properties":{"shape_id":"{}","direction_id":"{\"0\": 50}","headsign":"{}","duration_avg":120,"n_vehicles":50,"d":1200,"route_I_counts":"{\"10\": 50}","source":163,"target":164,"layer":"L","from":"天津春海路(地铁站)","to":"天津南珠桥(地铁站)"},"geometry":{"type":"LineString","coordinates":[[117.236794,39.062008],[117.224215,39.062677]]}},{"type":"Feature","properties":{"shape_id":"{}","direction_id":"{\"1\": 50}","headsign":"{}","duration_avg":120,"n_vehicles":50,"d":1200,"route_I_counts":"{\"10\": 50}","source":164,"target":163,"layer":"L","from":"天津南珠桥(地铁站)","to":"天津春海路(地铁站)"},"geometry":{"type":"LineString","coordinates":[[117.224215,39.062677],[117.236794,39.062008]]}},{"type":"Feature","properties":{"shape_id":"{}","direction_id":"{\"0\": 50}","headsign":"{}","duration_avg":120,"n_vehicles":50,"d":1200,"route_I_counts":"{\"10\": 50}","source":164,"target":165,"layer":"L","from":"天津南珠桥(地铁站)","to":"天津友谊南路(地铁站)"},"geometry":{"type":"LineString","coordinates":[[117.224215,39.062677],[117.211245,39.062836]]}},{"type":"Feature","properties":{"shape_id":"{}","direction_id":"{\"1\": 50}","headsign":"{}","duration_avg":120,"n_vehicles":50,"d":1200,"route_I_counts":"{\"10\": 50}","source":165,"target":164,"layer":"L","from":"天津友谊南路(地铁站)","to":"天津南珠桥(地铁站)"},"geometry":{"type":"LineString","coordinates":[[117.211245,39.062836],[117.224215,39.062677]]}},{"type":"Feature","properties":{"shape_id":"{}","direction_id":"{\"0\": 50}","headsign":"{}","duration_avg":120,"n_vehicles":50,"d":1200,"route_I_counts":"{\"10\": 50}","source":165,"target":166,"layer":"L","from":"天津友谊南路(地铁站)","to":"天津江湾二支路(地铁站)"},"geometry":{"type":"LineString","coordinates":[[117.211245,39.062836],[117.199574,39.062814]]}},{"type":"Feature","properties":{"shape_id":"{}","direction_id":"{\"1\": 50}","headsign":"{}","duration_avg":120,"n_vehicles":50,"d":1200,"route_I_counts":"{\"10\": 50}","source":166,"target":165,"layer":"L","from":"天津江湾二支路(地铁站)","to":"天津友谊南路(地铁站)"},"geometry":{"type":"LineString","coordinates":[[117.199574,39.062814],[117.211245,39.062836]]}},{"type":"Feature","properties":{"shape_id":"{}","direction_id":"{\"0\": 50}","headsign":"{}","duration_avg":120,"n_vehicles":50,"d":1200,"route_I_counts":"{\"10\": 50}","source":166,"target":167,"layer":"L","from":"天津江湾二支路(地铁站)","to":"天津丽江道(地铁站)"},"geometry":{"type":"LineString","coordinates":[[117.199574,39.062814],[117.187865,39.061761]]}},{"type":"Feature","properties":{"shape_id":"{}","direction_id":"{\"1\": 50}","headsign":"{}","duration_avg":120,"n_vehicles":50,"d":1200,"route_I_counts":"{\"10\": 50}","source":167,"target":166,"layer":"L","from":"天津丽江道(地铁站)","to":"天津江湾二支路(地铁站)"},"geometry":{"type":"LineString","coordinates":[[117.187865,39.061761],[117.199574,39.062814]]}},{"type":"Feature","properties":{"shape_id":"{}","direction_id":"{\"0\": 50}","headsign":"{}","duration_avg":120,"n_vehicles":50,"d":1200,"route_I_counts":"{\"10\": 50}","source":167,"target":97,"layer":"L","from":"天津丽江道(地铁站)","to":"天津昌凌路(地铁站)"},"geometry":{"type":"LineString","coordinates":[[117.187865,39.061761],[117.178374,39.055706]]}},{"type":"Feature","properties":{"shape_id":"{}","direction_id":"{\"1\": 50}","headsign":"{}","duration_avg":120,"n_vehicles":50,"d":1200,"route_I_counts":"{\"10\": 50}","source":97,"target":167,"layer":"L","from":"天津昌凌路(地铁站)","to":"天津丽江道(地铁站)"},"geometry":{"type":"LineString","coordinates":[[117.178374,39.055706],[117.187865,39.061761]]}},{"type":"Feature","properties":{"shape_id":"{}","direction_id":"{\"0\": 50}","headsign":"{}","duration_avg":120,"n_vehicles":50,"d":1200,"route_I_counts":"{\"10\": 50}","source":97,"target":168,"layer":"L","from":"天津昌凌路(地铁站)","to":"天津瑶环路(地铁站)"},"geometry":{"type":"LineString","coordinates":[[117.178374,39.055706],[117.168613,39.053692]]}},{"type":"Feature","properties":{"shape_id":"{}","direction_id":"{\"1\": 50}","headsign":"{}","duration_avg":120,"n_vehicles":50,"d":1200,"route_I_counts":"{\"10\": 50}","source":168,"target":97,"layer":"L","from":"天津瑶环路(地铁站)","to":"天津昌凌路(地铁站)"},"geometry":{"type":"LineString","coordinates":[[117.168613,39.053692],[117.178374,39.055706]]}},{"type":"Feature","properties":{"shape_id":"{}","direction_id":"{\"0\": 50}","headsign":"{}","duration_avg":60,"n_vehicles":50,"d":600,"route_I_counts":"{\"10\": 50}","source":168,"target":169,"layer":"L","from":"天津瑶环路(地铁站)","to":"天津于台(地铁站)"},"geometry":{"type":"LineString","coordinates":[[117.168613,39.053692],[117.1562,39.045445]]}},{"type":"Feature","properties":{"shape_id":"{}","direction_id":"{\"1\": 50}","headsign":"{}","duration_avg":60,"n_vehicles":50,"d":600,"route_I_counts":"{\"10\": 50}","source":169,"target":168,"layer":"L","from":"天津于台(地铁站)","to":"天津瑶环路(地铁站)"},"geometry":{"type":"LineString","coordinates":[[117.1562,39.045445],[117.168613,39.053692]]}},{"type":"Feature","properties":{"shape_id":"{}","direction_id":"{\"0\": 50}","headsign":"{}","duration_avg":120,"n_vehicles":50,"d":1200,"route_I_counts":"{\"11\": 50}","source":170,"target":171,"layer":"L","from":"天津团泊医学园(地铁站)","to":"天津团泊健康城(地铁站)"},"geometry":{"type":"LineString","coordinates":[[117.073338,38.948251],[117.080323,38.973054]]}},{"type":"Feature","properties":{"shape_id":"{}","direction_id":"{\"1\": 50}","headsign":"{}","duration_avg":120,"n_vehicles":50,"d":1200,"route_I_counts":"{\"11\": 50}","source":171,"target":170,"layer":"L","from":"天津团泊健康城(地铁站)","to":"天津团泊医学园(地铁站)"},"geometry":{"type":"LineString","coordinates":[[117.080323,38.973054],[117.073338,38.948251]]}},{"type":"Feature","properties":{"shape_id":"{}","direction_id":"{\"0\": 50}","headsign":"{}","duration_avg":360,"n_vehicles":50,"d":3600,"route_I_counts":"{\"11\": 50}","source":171,"target":172,"layer":"L","from":"天津团泊健康城(地铁站)","to":"天津精武(地铁站)"},"geometry":{"type":"LineString","coordinates":[[117.080323,38.973054],[117.118271,39.020244]]}},{"type":"Feature","properties":{"shape_id":"{}","direction_id":"{\"1\": 50}","headsign":"{}","duration_avg":360,"n_vehicles":50,"d":3600,"route_I_counts":"{\"11\": 50}","source":172,"target":171,"layer":"L","from":"天津精武(地铁站)","to":"天津团泊健康城(地铁站)"},"geometry":{"type":"LineString","coordinates":[[117.118271,39.020244],[117.080323,38.973054]]}},{"type":"Feature","properties":{"shape_id":"{}","direction_id":"{\"0\": 50}","headsign":"{}","duration_avg":180,"n_vehicles":50,"d":1800,"route_I_counts":"{\"11\": 50}","source":172,"target":100,"layer":"L","from":"天津精武(地铁站)","to":"天津京华东道(地铁站)"},"geometry":{"type":"LineString","coordinates":[[117.118271,39.020244],[117.15033,39.030286]]}},{"type":"Feature","properties":{"shape_id":"{}","direction_id":"{\"1\": 50}","headsign":"{}","duration_avg":180,"n_vehicles":50,"d":1800,"route_I_counts":"{\"11\": 50}","source":100,"target":172,"layer":"L","from":"天津京华东道(地铁站)","to":"天津精武(地铁站)"},"geometry":{"type":"LineString","coordinates":[[117.15033,39.030286],[117.118271,39.020244]]}},{"type":"Feature","properties":{"shape_id":"{}","direction_id":"{\"0\": 50}","headsign":"{}","duration_avg":60,"n_vehicles":50,"d":600,"route_I_counts":"{\"12\": 50}","source":173,"target":174,"layer":"L","from":"天津水上公园西路(地铁站)","to":"天津南开大学八里台(地铁站)"},"geometry":{"type":"LineString","coordinates":[[117.158242,39.098733],[117.172968,39.100992]]}},{"type":"Feature","properties":{"shape_id":"{}","direction_id":"{\"1\": 50}","headsign":"{}","duration_avg":60,"n_vehicles":50,"d":600,"route_I_counts":"{\"12\": 50}","source":174,"target":173,"layer":"L","from":"天津南开大学八里台(地铁站)","to":"天津水上公园西路(地铁站)"},"geometry":{"type":"LineString","coordinates":[[117.172968,39.100992],[117.158242,39.098733]]}},{"type":"Feature","properties":{"shape_id":"{}","direction_id":"{\"0\": 50}","headsign":"{}","duration_avg":120,"n_vehicles":50,"d":1200,"route_I_counts":"{\"12\": 50}","source":174,"target":64,"layer":"L","from":"天津南开大学八里台(地铁站)","to":"天津吴家窑(地铁站)"},"geometry":{"type":"LineString","coordinates":[[117.172968,39.100992],[117.17982,39.098741]]}},{"type":"Feature","properties":{"shape_id":"{}","direction_id":"{\"1\": 50}","headsign":"{}","duration_avg":120,"n_vehicles":50,"d":1200,"route_I_counts":"{\"12\": 50}","source":64,"target":174,"layer":"L","from":"天津吴家窑(地铁站)","to":"天津南开大学八里台(地铁站)"},"geometry":{"type":"LineString","coordinates":[[117.17982,39.098741],[117.172968,39.100992]]}},{"type":"Feature","properties":{"shape_id":"{}","direction_id":"{\"0\": 50}","headsign":"{}","duration_avg":120,"n_vehicles":50,"d":1200,"route_I_counts":"{\"12\": 50}","source":64,"target":175,"layer":"L","from":"天津吴家窑(地铁站)","to":"天津佟楼(地铁站)"},"geometry":{"type":"LineString","coordinates":[[117.17982,39.098741],[117.192297,39.098697]]}},{"type":"Feature","properties":{"shape_id":"{}","direction_id":"{\"1\": 50}","headsign":"{}","duration_avg":120,"n_vehicles":50,"d":1200,"route_I_counts":"{\"12\": 50}","source":175,"target":64,"layer":"L","from":"天津佟楼(地铁站)","to":"天津吴家窑(地铁站)"},"geometry":{"type":"LineString","coordinates":[[117.192297,39.098697],[117.17982,39.098741]]}},{"type":"Feature","properties":{"shape_id":"{}","direction_id":"{\"0\": 50}","headsign":"{}","duration_avg":120,"n_vehicles":50,"d":1200,"route_I_counts":"{\"12\": 50}","source":175,"target":176,"layer":"L","from":"天津佟楼(地铁站)","to":"天津迎宾馆(地铁站)"},"geometry":{"type":"LineString","coordinates":[[117.192297,39.098697],[117.196814,39.09289]]}},{"type":"Feature","properties":{"shape_id":"{}","direction_id":"{\"1\": 50}","headsign":"{}","duration_avg":120,"n_vehicles":50,"d":1200,"route_I_counts":"{\"12\": 50}","source":176,"target":175,"layer":"L","from":"天津迎宾馆(地铁站)","to":"天津佟楼(地铁站)"},"geometry":{"type":"LineString","coordinates":[[117.196814,39.09289],[117.192297,39.098697]]}},{"type":"Feature","properties":{"shape_id":"{}","direction_id":"{\"0\": 50}","headsign":"{}","duration_avg":120,"n_vehicles":50,"d":1200,"route_I_counts":"{\"12\": 50}","source":176,"target":92,"layer":"L","from":"天津迎宾馆(地铁站)","to":"天津文化中心(地铁站)"},"geometry":{"type":"LineString","coordinates":[[117.196814,39.09289],[117.202501,39.087537]]}},{"type":"Feature","properties":{"shape_id":"{}","direction_id":"{\"1\": 50}","headsign":"{}","duration_avg":120,"n_vehicles":50,"d":1200,"route_I_counts":"{\"12\": 50}","source":92,"target":176,"layer":"L","from":"天津文化中心(地铁站)","to":"天津迎宾馆(地铁站)"},"geometry":{"type":"LineString","coordinates":[[117.202501,39.087537],[117.196814,39.09289]]}},{"type":"Feature","properties":{"shape_id":"{}","direction_id":"{\"0\": 50}","headsign":"{}","duration_avg":180,"n_vehicles":50,"d":1800,"route_I_counts":"{\"12\": 50}","source":92,"target":124,"layer":"L","from":"天津文化中心(地铁站)","to":"天津医大二院(地铁站)"},"geometry":{"type":"LineString","coordinates":[[117.202501,39.087537],[117.217772,39.080221]]}},{"type":"Feature","properties":{"shape_id":"{}","direction_id":"{\"1\": 50}","headsign":"{}","duration_avg":180,"n_vehicles":50,"d":1800,"route_I_counts":"{\"12\": 50}","source":124,"target":92,"layer":"L","from":"天津医大二院(地铁站)","to":"天津文化中心(地铁站)"},"geometry":{"type":"LineString","coordinates":[[117.217772,39.080221],[117.202501,39.087537]]}},{"type":"Feature","properties":{"shape_id":"{}","direction_id":"{\"0\": 50}","headsign":"{}","duration_avg":120,"n_vehicles":50,"d":1200,"route_I_counts":"{\"12\": 50}","source":124,"target":177,"layer":"L","from":"天津医大二院(地铁站)","to":"天津澧水道(地铁站)"},"geometry":{"type":"LineString","coordinates":[[117.217772,39.080221],[117.225926,39.081636]]}},{"type":"Feature","properties":{"shape_id":"{}","direction_id":"{\"1\": 50}","headsign":"{}","duration_avg":120,"n_vehicles":50,"d":1200,"route_I_counts":"{\"12\": 50}","source":177,"target":124,"layer":"L","from":"天津澧水道(地铁站)","to":"天津医大二院(地铁站)"},"geometry":{"type":"LineString","coordinates":[[117.225926,39.081636],[117.217772,39.080221]]}},{"type":"Feature","properties":{"shape_id":"{}","direction_id":"{\"0\": 50}","headsign":"{}","duration_avg":180,"n_vehicles":50,"d":1800,"route_I_counts":"{\"12\": 50}","source":177,"target":178,"layer":"L","from":"天津澧水道(地铁站)","to":"天津内江路(地铁站)"},"geometry":{"type":"LineString","coordinates":[[117.225926,39.081636],[117.232722,39.074917]]}},{"type":"Feature","properties":{"shape_id":"{}","direction_id":"{\"1\": 50}","headsign":"{}","duration_avg":180,"n_vehicles":50,"d":1800,"route_I_counts":"{\"12\": 50}","source":178,"target":177,"layer":"L","from":"天津内江路(地铁站)","to":"天津澧水道(地铁站)"},"geometry":{"type":"LineString","coordinates":[[117.232722,39.074917],[117.225926,39.081636]]}},{"type":"Feature","properties":{"shape_id":"{}","direction_id":"{\"0\": 50}","headsign":"{}","duration_avg":120,"n_vehicles":50,"d":1200,"route_I_counts":"{\"12\": 50}","source":178,"target":179,"layer":"L","from":"天津内江路(地铁站)","to":"天津陈塘(地铁站)"},"geometry":{"type":"LineString","coordinates":[[117.232722,39.074917],[117.24386,39.06956]]}},{"type":"Feature","properties":{"shape_id":"{}","direction_id":"{\"1\": 50}","headsign":"{}","duration_avg":120,"n_vehicles":50,"d":1200,"route_I_counts":"{\"12\": 50}","source":179,"target":178,"layer":"L","from":"天津陈塘(地铁站)","to":"天津内江路(地铁站)"},"geometry":{"type":"LineString","coordinates":[[117.24386,39.06956],[117.232722,39.074917]]}},{"type":"Feature","properties":{"shape_id":"{}","direction_id":"{\"0\": 50}","headsign":"{}","duration_avg":120,"n_vehicles":50,"d":1200,"route_I_counts":"{\"12\": 50}","source":179,"target":180,"layer":"L","from":"天津陈塘(地铁站)","to":"天津东江道(地铁站)"},"geometry":{"type":"LineString","coordinates":[[117.24386,39.06956],[117.265909,39.073387]]}},{"type":"Feature","properties":{"shape_id":"{}","direction_id":"{\"1\": 50}","headsign":"{}","duration_avg":120,"n_vehicles":50,"d":1200,"route_I_counts":"{\"12\": 50}","source":180,"target":179,"layer":"L","from":"天津东江道(地铁站)","to":"天津陈塘(地铁站)"},"geometry":{"type":"LineString","coordinates":[[117.265909,39.073387],[117.24386,39.06956]]}},{"type":"Feature","properties":{"shape_id":"{}","direction_id":"{\"0\": 50}","headsign":"{}","duration_avg":120,"n_vehicles":50,"d":1200,"route_I_counts":"{\"12\": 50}","source":180,"target":181,"layer":"L","from":"天津东江道(地铁站)","to":"天津学苑北路(地铁站)"},"geometry":{"type":"LineString","coordinates":[[117.265909,39.073387],[117.265909,39.073387]]}},{"type":"Feature","properties":{"shape_id":"{}","direction_id":"{\"1\": 50}","headsign":"{}","duration_avg":120,"n_vehicles":50,"d":1200,"route_I_counts":"{\"12\": 50}","source":181,"target":180,"layer":"L","from":"天津学苑北路(地铁站)","to":"天津东江道(地铁站)"},"geometry":{"type":"LineString","coordinates":[[117.265909,39.073387],[117.265909,39.073387]]}},{"type":"Feature","properties":{"shape_id":"{}","direction_id":"{\"0\": 50}","headsign":"{}","duration_avg":120,"n_vehicles":50,"d":1200,"route_I_counts":"{\"12\": 50}","source":181,"target":182,"layer":"L","from":"天津学苑北路(地铁站)","to":"天津海河东路(地铁站)"},"geometry":{"type":"LineString","coordinates":[[117.265909,39.073387],[117.2702,39.0818]]}},{"type":"Feature","properties":{"shape_id":"{}","direction_id":"{\"1\": 50}","headsign":"{}","duration_avg":120,"n_vehicles":50,"d":1200,"route_I_counts":"{\"12\": 50}","source":182,"target":181,"layer":"L","from":"天津海河东路(地铁站)","to":"天津学苑北路(地铁站)"},"geometry":{"type":"LineString","coordinates":[[117.2702,39.0818],[117.265909,39.073387]]}},{"type":"Feature","properties":{"shape_id":"{}","direction_id":"{\"0\": 50}","headsign":"{}","duration_avg":120,"n_vehicles":50,"d":1200,"route_I_counts":"{\"12\": 50}","source":182,"target":159,"layer":"L","from":"天津海河东路(地铁站)","to":"天津环宇道(地铁站)"},"geometry":{"type":"LineString","coordinates":[[117.2702,39.0818],[117.279528,39.083317]]}},{"type":"Feature","properties":{"shape_id":"{}","direction_id":"{\"1\": 50}","headsign":"{}","duration_avg":120,"n_vehicles":50,"d":1200,"route_I_counts":"{\"12\": 50}","source":159,"target":182,"layer":"L","from":"天津环宇道(地铁站)","to":"天津海河东路(地铁站)"},"geometry":{"type":"LineString","coordinates":[[117.279528,39.083317],[117.2702,39.0818]]}},{"type":"Feature","properties":{"shape_id":"{}","direction_id":"{\"0\": 50}","headsign":"{}","duration_avg":180,"n_vehicles":50,"d":1800,"route_I_counts":"{\"12\": 50}","source":159,"target":183,"layer":"L","from":"天津环宇道(地铁站)","to":"天津雪莲南路(地铁站)"},"geometry":{"type":"LineString","coordinates":[[117.279528,39.083317],[117.293734,39.08186]]}},{"type":"Feature","properties":{"shape_id":"{}","direction_id":"{\"1\": 50}","headsign":"{}","duration_avg":180,"n_vehicles":50,"d":1800,"route_I_counts":"{\"12\": 50}","source":183,"target":159,"layer":"L","from":"天津雪莲南路(地铁站)","to":"天津环宇道(地铁站)"},"geometry":{"type":"LineString","coordinates":[[117.293734,39.08186],[117.279528,39.083317]]}},{"type":"Feature","properties":{"shape_id":"{}","direction_id":"{\"0\": 50}","headsign":"{}","duration_avg":120,"n_vehicles":50,"d":1200,"route_I_counts":"{\"12\": 50}","source":183,"target":184,"layer":"L","from":"天津雪莲南路(地铁站)","to":"天津招远路(地铁站)"},"geometry":{"type":"LineString","coordinates":[[117.293734,39.08186],[117.30447,39.079885]]}},{"type":"Feature","properties":{"shape_id":"{}","direction_id":"{\"1\": 50}","headsign":"{}","duration_avg":120,"n_vehicles":50,"d":1200,"route_I_counts":"{\"12\": 50}","source":184,"target":183,"layer":"L","from":"天津招远路(地铁站)","to":"天津雪莲南路(地铁站)"},"geometry":{"type":"LineString","coordinates":[[117.30447,39.079885],[117.293734,39.08186]]}},{"type":"Feature","properties":{"shape_id":"{}","direction_id":"{\"0\": 50}","headsign":"{}","duration_avg":120,"n_vehicles":50,"d":1200,"route_I_counts":"{\"12\": 50}","source":184,"target":185,"layer":"L","from":"天津招远路(地铁站)","to":"天津东丽文体中心(地铁站)"},"geometry":{"type":"LineString","coordinates":[[117.30447,39.079885],[117.332306,39.075278]]}},{"type":"Feature","properties":{"shape_id":"{}","direction_id":"{\"1\": 50}","headsign":"{}","duration_avg":120,"n_vehicles":50,"d":1200,"route_I_counts":"{\"12\": 50}","source":185,"target":184,"layer":"L","from":"天津东丽文体中心(地铁站)","to":"天津招远路(地铁站)"},"geometry":{"type":"LineString","coordinates":[[117.332306,39.075278],[117.30447,39.079885]]}},{"type":"Feature","properties":{"shape_id":"{}","direction_id":"{\"0\": 50}","headsign":"{}","duration_avg":120,"n_vehicles":50,"d":1200,"route_I_counts":"{\"12\": 50}","source":185,"target":186,"layer":"L","from":"天津东丽文体中心(地铁站)","to":"天津驯海路(地铁站)"},"geometry":{"type":"LineString","coordinates":[[117.332306,39.075278],[117.332306,39.075278]]}},{"type":"Feature","properties":{"shape_id":"{}","direction_id":"{\"1\": 50}","headsign":"{}","duration_avg":120,"n_vehicles":50,"d":1200,"route_I_counts":"{\"12\": 50}","source":186,"target":185,"layer":"L","from":"天津驯海路(地铁站)","to":"天津东丽文体中心(地铁站)"},"geometry":{"type":"LineString","coordinates":[[117.332306,39.075278],[117.332306,39.075278]]}},{"type":"Feature","properties":{"shape_id":"{}","direction_id":"{\"0\": 50}","headsign":"{}","duration_avg":120,"n_vehicles":50,"d":1200,"route_I_counts":"{\"12\": 50}","source":186,"target":187,"layer":"L","from":"天津驯海路(地铁站)","to":"天津东丽一经路(地铁站)"},"geometry":{"type":"LineString","coordinates":[[117.332306,39.075278],[117.347174,39.07347]]}},{"type":"Feature","properties":{"shape_id":"{}","direction_id":"{\"1\": 50}","headsign":"{}","duration_avg":120,"n_vehicles":50,"d":1200,"route_I_counts":"{\"12\": 50}","source":187,"target":186,"layer":"L","from":"天津东丽一经路(地铁站)","to":"天津驯海路(地铁站)"},"geometry":{"type":"LineString","coordinates":[[117.347174,39.07347],[117.332306,39.075278]]}},{"type":"Feature","properties":{"shape_id":"{}","direction_id":"{\"0\": 50}","headsign":"{}","duration_avg":120,"n_vehicles":50,"d":1200,"route_I_counts":"{\"12\": 50}","source":187,"target":188,"layer":"L","from":"天津东丽一经路(地铁站)","to":"天津东丽三经路(地铁站)"},"geometry":{"type":"LineString","coordinates":[[117.347174,39.07347],[117.354602,39.073245]]}},{"type":"Feature","properties":{"shape_id":"{}","direction_id":"{\"1\": 50}","headsign":"{}","duration_avg":120,"n_vehicles":50,"d":1200,"route_I_counts":"{\"12\": 50}","source":188,"target":187,"layer":"L","from":"天津东丽三经路(地铁站)","to":"天津东丽一经路(地铁站)"},"geometry":{"type":"LineString","coordinates":[[117.354602,39.073245],[117.347174,39.07347]]}},{"type":"Feature","properties":{"shape_id":"{}","direction_id":"{\"0\": 50}","headsign":"{}","duration_avg":60,"n_vehicles":50,"d":600,"route_I_counts":"{\"12\": 50}","source":188,"target":189,"layer":"L","from":"天津东丽三经路(地铁站)","to":"天津东丽六经路(地铁站)"},"geometry":{"type":"LineString","coordinates":[[117.354602,39.073245],[117.367817,39.075661]]}},{"type":"Feature","properties":{"shape_id":"{}","direction_id":"{\"1\": 50}","headsign":"{}","duration_avg":60,"n_vehicles":50,"d":600,"route_I_counts":"{\"12\": 50}","source":189,"target":188,"layer":"L","from":"天津东丽六经路(地铁站)","to":"天津东丽三经路(地铁站)"},"geometry":{"type":"LineString","coordinates":[[117.367817,39.075661],[117.354602,39.073245]]}},{"type":"Feature","properties":{"shape_id":"{}","direction_id":"{\"0\": 50}","headsign":"{}","duration_avg":120,"n_vehicles":50,"d":1200,"route_I_counts":"{\"6\": 50}","source":190,"target":191,"layer":"L","from":"天津小街(地铁站)","to":"天津郎园(地铁站)"},"geometry":{"type":"LineString","coordinates":[[117.091212,39.303941],[117.098315,39.282684]]}},{"type":"Feature","properties":{"shape_id":"{}","direction_id":"{\"1\": 50}","headsign":"{}","duration_avg":120,"n_vehicles":50,"d":1200,"route_I_counts":"{\"6\": 50}","source":191,"target":190,"layer":"L","from":"天津郎园(地铁站)","to":"天津小街(地铁站)"},"geometry":{"type":"LineString","coordinates":[[117.098315,39.282684],[117.091212,39.303941]]}},{"type":"Feature","properties":{"shape_id":"{}","direction_id":"{\"0\": 50}","headsign":"{}","duration_avg":180,"n_vehicles":50,"d":1800,"route_I_counts":"{\"6\": 50}","source":191,"target":192,"layer":"L","from":"天津郎园(地铁站)","to":"天津柴楼(地铁站)"},"geometry":{"type":"LineString","coordinates":[[117.098315,39.282684],[117.101429,39.269549]]}},{"type":"Feature","properties":{"shape_id":"{}","direction_id":"{\"1\": 50}","headsign":"{}","duration_avg":180,"n_vehicles":50,"d":1800,"route_I_counts":"{\"6\": 50}","source":192,"target":191,"layer":"L","from":"天津柴楼(地铁站)","to":"天津郎园(地铁站)"},"geometry":{"type":"LineString","coordinates":[[117.101429,39.269549],[117.098315,39.282684]]}},{"type":"Feature","properties":{"shape_id":"{}","direction_id":"{\"0\": 50}","headsign":"{}","duration_avg":120,"n_vehicles":50,"d":1200,"route_I_counts":"{\"6\": 50}","source":192,"target":193,"layer":"L","from":"天津柴楼(地铁站)","to":"天津双街(地铁站)"},"geometry":{"type":"LineString","coordinates":[[117.101429,39.269549],[117.104371,39.260935]]}},{"type":"Feature","properties":{"shape_id":"{}","direction_id":"{\"1\": 50}","headsign":"{}","duration_avg":120,"n_vehicles":50,"d":1200,"route_I_counts":"{\"6\": 50}","source":193,"target":192,"layer":"L","from":"天津双街(地铁站)","to":"天津柴楼(地铁站)"},"geometry":{"type":"LineString","coordinates":[[117.104371,39.260935],[117.101429,39.269549]]}},{"type":"Feature","properties":{"shape_id":"{}","direction_id":"{\"0\": 50}","headsign":"{}","duration_avg":120,"n_vehicles":50,"d":1200,"route_I_counts":"{\"6\": 50}","source":193,"target":194,"layer":"L","from":"天津双街(地铁站)","to":"天津西赵庄(地铁站)"},"geometry":{"type":"LineString","coordinates":[[117.104371,39.260935],[117.109339,39.251186]]}},{"type":"Feature","properties":{"shape_id":"{}","direction_id":"{\"1\": 50}","headsign":"{}","duration_avg":120,"n_vehicles":50,"d":1200,"route_I_counts":"{\"6\": 50}","source":194,"target":193,"layer":"L","from":"天津西赵庄(地铁站)","to":"天津双街(地铁站)"},"geometry":{"type":"LineString","coordinates":[[117.109339,39.251186],[117.104371,39.260935]]}},{"type":"Feature","properties":{"shape_id":"{}","direction_id":"{\"0\": 50}","headsign":"{}","duration_avg":180,"n_vehicles":50,"d":1800,"route_I_counts":"{\"6\": 50}","source":194,"target":195,"layer":"L","from":"天津西赵庄(地铁站)","to":"天津延吉道(地铁站)"},"geometry":{"type":"LineString","coordinates":[[117.109339,39.251186],[117.117531,39.23198]]}},{"type":"Feature","properties":{"shape_id":"{}","direction_id":"{\"1\": 50}","headsign":"{}","duration_avg":180,"n_vehicles":50,"d":1800,"route_I_counts":"{\"6\": 50}","source":195,"target":194,"layer":"L","from":"天津延吉道(地铁站)","to":"天津西赵庄(地铁站)"},"geometry":{"type":"LineString","coordinates":[[117.117531,39.23198],[117.109339,39.251186]]}},{"type":"Feature","properties":{"shape_id":"{}","direction_id":"{\"0\": 50}","headsign":"{}","duration_avg":180,"n_vehicles":50,"d":1800,"route_I_counts":"{\"6\": 50}","source":195,"target":196,"layer":"L","from":"天津延吉道(地铁站)","to":"天津北仓(地铁站)"},"geometry":{"type":"LineString","coordinates":[[117.117531,39.23198],[117.123744,39.220964]]}},{"type":"Feature","properties":{"shape_id":"{}","direction_id":"{\"1\": 50}","headsign":"{}","duration_avg":180,"n_vehicles":50,"d":1800,"route_I_counts":"{\"6\": 50}","source":196,"target":195,"layer":"L","from":"天津北仓(地铁站)","to":"天津延吉道(地铁站)"},"geometry":{"type":"LineString","coordinates":[[117.123744,39.220964],[117.117531,39.23198]]}},{"type":"Feature","properties":{"shape_id":"{}","direction_id":"{\"0\": 50}","headsign":"{}","duration_avg":120,"n_vehicles":50,"d":1200,"route_I_counts":"{\"6\": 50}","source":196,"target":197,"layer":"L","from":"天津北仓(地铁站)","to":"天津果园南道(地铁站)"},"geometry":{"type":"LineString","coordinates":[[117.123744,39.220964],[117.132017,39.2135]]}},{"type":"Feature","properties":{"shape_id":"{}","direction_id":"{\"1\": 50}","headsign":"{}","duration_avg":120,"n_vehicles":50,"d":1200,"route_I_counts":"{\"6\": 50}","source":197,"target":196,"layer":"L","from":"天津果园南道(地铁站)","to":"天津北仓(地铁站)"},"geometry":{"type":"LineString","coordinates":[[117.132017,39.2135],[117.123744,39.220964]]}},{"type":"Feature","properties":{"shape_id":"{}","direction_id":"{\"0\": 50}","headsign":"{}","duration_avg":120,"n_vehicles":50,"d":1200,"route_I_counts":"{\"6\": 50}","source":197,"target":198,"layer":"L","from":"天津果园南道(地铁站)","to":"天津南仓(地铁站)"},"geometry":{"type":"LineString","coordinates":[[117.132017,39.2135],[117.13735,39.206623]]}},{"type":"Feature","properties":{"shape_id":"{}","direction_id":"{\"1\": 50}","headsign":"{}","duration_avg":120,"n_vehicles":50,"d":1200,"route_I_counts":"{\"6\": 50}","source":198,"target":197,"layer":"L","from":"天津南仓(地铁站)","to":"天津果园南道(地铁站)"},"geometry":{"type":"LineString","coordinates":[[117.13735,39.206623],[117.132017,39.2135]]}},{"type":"Feature","properties":{"shape_id":"{}","direction_id":"{\"0\": 50}","headsign":"{}","duration_avg":120,"n_vehicles":50,"d":1200,"route_I_counts":"{\"6\": 50}","source":198,"target":199,"layer":"L","from":"天津南仓(地铁站)","to":"天津天穆(地铁站)"},"geometry":{"type":"LineString","coordinates":[[117.13735,39.206623],[117.145038,39.197707]]}},{"type":"Feature","properties":{"shape_id":"{}","direction_id":"{\"1\": 50}","headsign":"{}","duration_avg":120,"n_vehicles":50,"d":1200,"route_I_counts":"{\"6\": 50}","source":199,"target":198,"layer":"L","from":"天津天穆(地铁站)","to":"天津南仓(地铁站)"},"geometry":{"type":"LineString","coordinates":[[117.145038,39.197707],[117.13735,39.206623]]}},{"type":"Feature","properties":{"shape_id":"{}","direction_id":"{\"0\": 50}","headsign":"{}","duration_avg":180,"n_vehicles":50,"d":1800,"route_I_counts":"{\"6\": 50}","source":199,"target":200,"layer":"L","from":"天津天穆(地铁站)","to":"天津柳滩(地铁站)"},"geometry":{"type":"LineString","coordinates":[[117.145038,39.197707],[117.157975,39.186793]]}},{"type":"Feature","properties":{"shape_id":"{}","direction_id":"{\"1\": 50}","headsign":"{}","duration_avg":180,"n_vehicles":50,"d":1800,"route_I_counts":"{\"6\": 50}","source":200,"target":199,"layer":"L","from":"天津柳滩(地铁站)","to":"天津天穆(地铁站)"},"geometry":{"type":"LineString","coordinates":[[117.157975,39.186793],[117.145038,39.197707]]}},{"type":"Feature","properties":{"shape_id":"{}","direction_id":"{\"0\": 50}","headsign":"{}","duration_avg":120,"n_vehicles":50,"d":1200,"route_I_counts":"{\"6\": 50}","source":200,"target":201,"layer":"L","from":"天津柳滩(地铁站)","to":"天津白庙(地铁站)"},"geometry":{"type":"LineString","coordinates":[[117.157975,39.186793],[117.165431,39.18273]]}},{"type":"Feature","properties":{"shape_id":"{}","direction_id":"{\"1\": 50}","headsign":"{}","duration_avg":120,"n_vehicles":50,"d":1200,"route_I_counts":"{\"6\": 50}","source":201,"target":200,"layer":"L","from":"天津白庙(地铁站)","to":"天津柳滩(地铁站)"},"geometry":{"type":"LineString","coordinates":[[117.165431,39.18273],[117.157975,39.186793]]}},{"type":"Feature","properties":{"shape_id":"{}","direction_id":"{\"0\": 50}","headsign":"{}","duration_avg":120,"n_vehicles":50,"d":1200,"route_I_counts":"{\"6\": 50}","source":201,"target":202,"layer":"L","from":"天津白庙(地铁站)","to":"天津北洋桥(地铁站)"},"geometry":{"type":"LineString","coordinates":[[117.165431,39.18273],[117.173337,39.176614]]}},{"type":"Feature","properties":{"shape_id":"{}","direction_id":"{\"1\": 50}","headsign":"{}","duration_avg":120,"n_vehicles":50,"d":1200,"route_I_counts":"{\"6\": 50}","source":202,"target":201,"layer":"L","from":"天津北洋桥(地铁站)","to":"天津白庙(地铁站)"},"geometry":{"type":"LineString","coordinates":[[117.173337,39.176614],[117.165431,39.18273]]}},{"type":"Feature","properties":{"shape_id":"{}","direction_id":"{\"0\": 50}","headsign":"{}","duration_avg":180,"n_vehicles":50,"d":1800,"route_I_counts":"{\"6\": 50}","source":202,"target":203,"layer":"L","from":"天津北洋桥(地铁站)","to":"天津西沽公园(地铁站)"},"geometry":{"type":"LineString","coordinates":[[117.173337,39.176614],[117.163817,39.170856]]}},{"type":"Feature","properties":{"shape_id":"{}","direction_id":"{\"1\": 50}","headsign":"{}","duration_avg":180,"n_vehicles":50,"d":1800,"route_I_counts":"{\"6\": 50}","source":203,"target":202,"layer":"L","from":"天津西沽公园(地铁站)","to":"天津北洋桥(地铁站)"},"geometry":{"type":"LineString","coordinates":[[117.163817,39.170856],[117.173337,39.176614]]}},{"type":"Feature","properties":{"shape_id":"{}","direction_id":"{\"0\": 50}","headsign":"{}","duration_avg":120,"n_vehicles":50,"d":1200,"route_I_counts":"{\"6\": 50}","source":203,"target":204,"layer":"L","from":"天津西沽公园(地铁站)","to":"天津同城商务区西于庄(地铁站)"},"geometry":{"type":"LineString","coordinates":[[117.163817,39.170856],[117.159821,39.165541]]}},{"type":"Feature","properties":{"shape_id":"{}","direction_id":"{\"1\": 50}","headsign":"{}","duration_avg":120,"n_vehicles":50,"d":1200,"route_I_counts":"{\"6\": 50}","source":204,"target":203,"layer":"L","from":"天津同城商务区西于庄(地铁站)","to":"天津西沽公园(地铁站)"},"geometry":{"type":"LineString","coordinates":[[117.159821,39.165541],[117.163817,39.170856]]}},{"type":"Feature","properties":{"shape_id":"{}","direction_id":"{\"0\": 50}","headsign":"{}","duration_avg":120,"n_vehicles":50,"d":1200,"route_I_counts":"{\"6\": 50}","source":204,"target":6,"layer":"L","from":"天津同城商务区西于庄(地铁站)","to":"天津西站(地铁站)"},"geometry":{"type":"LineString","coordinates":[[117.159821,39.165541],[117.160424,39.155861]]}},{"type":"Feature","properties":{"shape_id":"{}","direction_id":"{\"1\": 50}","headsign":"{}","duration_avg":120,"n_vehicles":50,"d":1200,"route_I_counts":"{\"6\": 50}","source":6,"target":204,"layer":"L","from":"天津西站(地铁站)","to":"天津同城商务区西于庄(地铁站)"},"geometry":{"type":"LineString","coordinates":[[117.160424,39.155861],[117.159821,39.165541]]}},{"type":"Feature","properties":{"shape_id":"{}","direction_id":"{\"0\": 50}","headsign":"{}","duration_avg":60,"n_vehicles":50,"d":600,"route_I_counts":"{\"7\": 50}","source":39,"target":205,"layer":"L","from":"天津东南角(地铁站)","to":"天津金街(地铁站)"},"geometry":{"type":"LineString","coordinates":[[117.184109,39.135821],[117.185881,39.130839]]}},{"type":"Feature","properties":{"shape_id":"{}","direction_id":"{\"1\": 50}","headsign":"{}","duration_avg":60,"n_vehicles":50,"d":600,"route_I_counts":"{\"7\": 50}","source":205,"target":39,"layer":"L","from":"天津金街(地铁站)","to":"天津东南角(地铁站)"},"geometry":{"type":"LineString","coordinates":[[117.185881,39.130839],[117.184109,39.135821]]}},{"type":"Feature","properties":{"shape_id":"{}","direction_id":"{\"0\": 50}","headsign":"{}","duration_avg":180,"n_vehicles":50,"d":1800,"route_I_counts":"{\"7\": 50}","source":205,"target":62,"layer":"L","from":"天津金街(地铁站)","to":"天津和平路(地铁站)"},"geometry":{"type":"LineString","coordinates":[[117.185881,39.130839],[117.198356,39.125871]]}},{"type":"Feature","properties":{"shape_id":"{}","direction_id":"{\"1\": 50}","headsign":"{}","duration_avg":180,"n_vehicles":50,"d":1800,"route_I_counts":"{\"7\": 50}","source":62,"target":205,"layer":"L","from":"天津和平路(地铁站)","to":"天津金街(地铁站)"},"geometry":{"type":"LineString","coordinates":[[117.198356,39.125871],[117.185881,39.130839]]}},{"type":"Feature","properties":{"shape_id":"{}","direction_id":"{\"0\": 50}","headsign":"{}","duration_avg":180,"n_vehicles":50,"d":1800,"route_I_counts":"{\"7\": 50}","source":62,"target":206,"layer":"L","from":"天津和平路(地铁站)","to":"天津徐州道(地铁站)"},"geometry":{"type":"LineString","coordinates":[[117.198356,39.125871],[117.21297,39.11296]]}},{"type":"Feature","properties":{"shape_id":"{}","direction_id":"{\"1\": 50}","headsign":"{}","duration_avg":180,"n_vehicles":50,"d":1800,"route_I_counts":"{\"7\": 50}","source":206,"target":62,"layer":"L","from":"天津徐州道(地铁站)","to":"天津和平路(地铁站)"},"geometry":{"type":"LineString","coordinates":[[117.21297,39.11296],[117.198356,39.125871]]}},{"type":"Feature","properties":{"shape_id":"{}","direction_id":"{\"0\": 50}","headsign":"{}","duration_avg":120,"n_vehicles":50,"d":1200,"route_I_counts":"{\"7\": 50}","source":206,"target":207,"layer":"L","from":"天津徐州道(地铁站)","to":"天津六纬路(地铁站)"},"geometry":{"type":"LineString","coordinates":[[117.21297,39.11296],[117.22249,39.11535]]}},{"type":"Feature","properties":{"shape_id":"{}","direction_id":"{\"1\": 50}","headsign":"{}","duration_avg":120,"n_vehicles":50,"d":1200,"route_I_counts":"{\"7\": 50}","source":207,"target":206,"layer":"L","from":"天津六纬路(地铁站)","to":"天津徐州道(地铁站)"},"geometry":{"type":"LineString","coordinates":[[117.22249,39.11535],[117.21297,39.11296]]}},{"type":"Feature","properties":{"shape_id":"{}","direction_id":"{\"0\": 50}","headsign":"{}","duration_avg":240,"n_vehicles":50,"d":2400,"route_I_counts":"{\"7\": 50}","source":207,"target":88,"layer":"L","from":"天津六纬路(地铁站)","to":"天津成林道(地铁站)"},"geometry":{"type":"LineString","coordinates":[[117.22249,39.11535],[117.239581,39.129326]]}},{"type":"Feature","properties":{"shape_id":"{}","direction_id":"{\"1\": 50}","headsign":"{}","duration_avg":240,"n_vehicles":50,"d":2400,"route_I_counts":"{\"7\": 50}","source":88,"target":207,"layer":"L","from":"天津成林道(地铁站)","to":"天津六纬路(地铁站)"},"geometry":{"type":"LineString","coordinates":[[117.239581,39.129326],[117.22249,39.11535]]}},{"type":"Feature","properties":{"shape_id":"{}","direction_id":"{\"0\": 50}","headsign":"{}","duration_avg":180,"n_vehicles":50,"d":1800,"route_I_counts":"{\"7\": 50}","source":88,"target":208,"layer":"L","from":"天津成林道(地铁站)","to":"天津泰昌路(地铁站)"},"geometry":{"type":"LineString","coordinates":[[117.239581,39.129326],[117.25008,39.12129]]}},{"type":"Feature","properties":{"shape_id":"{}","direction_id":"{\"1\": 50}","headsign":"{}","duration_avg":180,"n_vehicles":50,"d":1800,"route_I_counts":"{\"7\": 50}","source":208,"target":88,"layer":"L","from":"天津泰昌路(地铁站)","to":"天津成林道(地铁站)"},"geometry":{"type":"LineString","coordinates":[[117.25008,39.12129],[117.239581,39.129326]]}},{"type":"Feature","properties":{"shape_id":"{}","direction_id":"{\"0\": 50}","headsign":"{}","duration_avg":120,"n_vehicles":50,"d":1200,"route_I_counts":"{\"7\": 50}","source":208,"target":209,"layer":"L","from":"天津泰昌路(地铁站)","to":"天津万东路(地铁站)"},"geometry":{"type":"LineString","coordinates":[[117.25008,39.12129],[117.26422,39.11696]]}},{"type":"Feature","properties":{"shape_id":"{}","direction_id":"{\"1\": 50}","headsign":"{}","duration_avg":120,"n_vehicles":50,"d":1200,"route_I_counts":"{\"7\": 50}","source":209,"target":208,"layer":"L","from":"天津万东路(地铁站)","to":"天津泰昌路(地铁站)"},"geometry":{"type":"LineString","coordinates":[[117.26422,39.11696],[117.25008,39.12129]]}},{"type":"Feature","properties":{"shape_id":"{}","direction_id":"{\"0\": 50}","headsign":"{}","duration_avg":180,"n_vehicles":50,"d":1800,"route_I_counts":"{\"7\": 50}","source":209,"target":155,"layer":"L","from":"天津万东路(地铁站)","to":"天津沙柳南路(地铁站)"},"geometry":{"type":"LineString","coordinates":[[117.26422,39.11696],[117.283007,39.115193]]}},{"type":"Feature","properties":{"shape_id":"{}","direction_id":"{\"1\": 50}","headsign":"{}","duration_avg":180,"n_vehicles":50,"d":1800,"route_I_counts":"{\"7\": 50}","source":155,"target":209,"layer":"L","from":"天津沙柳南路(地铁站)","to":"天津万东路(地铁站)"},"geometry":{"type":"LineString","coordinates":[[117.283007,39.115193],[117.26422,39.11696]]}},{"type":"Feature","properties":{"shape_id":"{}","direction_id":"{\"0\": 50}","headsign":"{}","duration_avg":180,"n_vehicles":50,"d":1800,"route_I_counts":"{\"7\": 50}","source":155,"target":210,"layer":"L","from":"天津沙柳南路(地铁站)","to":"天津登州南路(地铁站)"},"geometry":{"type":"LineString","coordinates":[[117.283007,39.115193],[117.29883,39.11589]]}},{"type":"Feature","properties":{"shape_id":"{}","direction_id":"{\"1\": 50}","headsign":"{}","duration_avg":180,"n_vehicles":50,"d":1800,"route_I_counts":"{\"7\": 50}","source":210,"target":155,"layer":"L","from":"天津登州南路(地铁站)","to":"天津沙柳南路(地铁站)"},"geometry":{"type":"LineString","coordinates":[[117.29883,39.11589],[117.283007,39.115193]]}},{"type":"Feature","properties":{"shape_id":"{}","direction_id":"{\"0\": 50}","headsign":"{}","duration_avg":120,"n_vehicles":50,"d":1200,"route_I_counts":"{\"7\": 50}","source":210,"target":211,"layer":"L","from":"天津登州南路(地铁站)","to":"天津跃进北路(地铁站)"},"geometry":{"type":"LineString","coordinates":[[117.29883,39.11589],[117.31242,39.11305]]}},{"type":"Feature","properties":{"shape_id":"{}","direction_id":"{\"1\": 50}","headsign":"{}","duration_avg":120,"n_vehicles":50,"d":1200,"route_I_counts":"{\"7\": 50}","source":211,"target":210,"layer":"L","from":"天津跃进北路(地铁站)","to":"天津登州南路(地铁站)"},"geometry":{"type":"LineString","coordinates":[[117.31242,39.11305],[117.29883,39.11589]]}},{"type":"Feature","properties":{"shape_id":"{}","direction_id":"{\"0\": 50}","headsign":"{}","duration_avg":120,"n_vehicles":50,"d":1200,"route_I_counts":"{\"7\": 50}","source":211,"target":212,"layer":"L","from":"天津跃进北路(地铁站)","to":"天津航双路(地铁站)"},"geometry":{"type":"LineString","coordinates":[[117.31242,39.11305],[117.327389,39.110231]]}},{"type":"Feature","properties":{"shape_id":"{}","direction_id":"{\"1\": 50}","headsign":"{}","duration_avg":120,"n_vehicles":50,"d":1200,"route_I_counts":"{\"7\": 50}","source":212,"target":211,"layer":"L","from":"天津航双路(地铁站)","to":"天津跃进北路(地铁站)"},"geometry":{"type":"LineString","coordinates":[[117.327389,39.110231],[117.31242,39.11305]]}},{"type":"Feature","properties":{"shape_id":"{}","direction_id":"{\"0\": 50}","headsign":"{}","duration_avg":180,"n_vehicles":50,"d":1800,"route_I_counts":"{\"7\": 50}","source":212,"target":213,"layer":"L","from":"天津航双路(地铁站)","to":"天津民航大学(地铁站)"},"geometry":{"type":"LineString","coordinates":[[117.327389,39.110231],[117.34377,39.10746]]}},{"type":"Feature","properties":{"shape_id":"{}","direction_id":"{\"1\": 50}","headsign":"{}","duration_avg":180,"n_vehicles":50,"d":1800,"route_I_counts":"{\"7\": 50}","source":213,"target":212,"layer":"L","from":"天津民航大学(地铁站)","to":"天津航双路(地铁站)"},"geometry":{"type":"LineString","coordinates":[[117.34377,39.10746],[117.327389,39.110231]]}},{"type":"Feature","properties":{"shape_id":"{}","direction_id":"{\"0\": 50}","headsign":"{}","duration_avg":120,"n_vehicles":50,"d":1200,"route_I_counts":"{\"7\": 50}","source":213,"target":214,"layer":"L","from":"天津民航大学(地铁站)","to":"天津新兴村(地铁站)"},"geometry":{"type":"LineString","coordinates":[[117.34377,39.10746],[117.36768,39.09834]]}},{"type":"Feature","properties":{"shape_id":"{}","direction_id":"{\"1\": 50}","headsign":"{}","duration_avg":120,"n_vehicles":50,"d":1200,"route_I_counts":"{\"7\": 50}","source":214,"target":213,"layer":"L","from":"天津新兴村(地铁站)","to":"天津民航大学(地铁站)"},"geometry":{"type":"LineString","coordinates":[[117.36768,39.09834],[117.34377,39.10746]]}},{"type":"Feature","properties":{"shape_id":"{}","direction_id":"{\"0\": 50}","headsign":"{}","duration_avg":120,"n_vehicles":50,"d":1200,"route_I_counts":"{\"8\": 50}","source":132,"target":215,"layer":"L","from":"天津渌水道(地铁站)","to":"天津双港(地铁站)"},"geometry":{"type":"LineString","coordinates":[[117.262751,39.044384],[117.271039,39.029761]]}},{"type":"Feature","properties":{"shape_id":"{}","direction_id":"{\"1\": 50}","headsign":"{}","duration_avg":120,"n_vehicles":50,"d":1200,"route_I_counts":"{\"8\": 50}","source":215,"target":132,"layer":"L","from":"天津双港(地铁站)","to":"天津渌水道(地铁站)"},"geometry":{"type":"LineString","coordinates":[[117.271039,39.029761],[117.262751,39.044384]]}},{"type":"Feature","properties":{"shape_id":"{}","direction_id":"{\"0\": 50}","headsign":"{}","duration_avg":120,"n_vehicles":50,"d":1200,"route_I_counts":"{\"8\": 50}","source":215,"target":216,"layer":"L","from":"天津双港(地铁站)","to":"天津景荷道(地铁站)"},"geometry":{"type":"LineString","coordinates":[[117.271039,39.029761],[117.278269,39.018189]]}},{"type":"Feature","properties":{"shape_id":"{}","direction_id":"{\"1\": 50}","headsign":"{}","duration_avg":120,"n_vehicles":50,"d":1200,"route_I_counts":"{\"8\": 50}","source":216,"target":215,"layer":"L","from":"天津景荷道(地铁站)","to":"天津双港(地铁站)"},"geometry":{"type":"LineString","coordinates":[[117.278269,39.018189],[117.271039,39.029761]]}},{"type":"Feature","properties":{"shape_id":"{}","direction_id":"{\"0\": 50}","headsign":"{}","duration_avg":120,"n_vehicles":50,"d":1200,"route_I_counts":"{\"8\": 50}","source":216,"target":217,"layer":"L","from":"天津景荷道(地铁站)","to":"天津景荔道(地铁站)"},"geometry":{"type":"LineString","coordinates":[[117.278269,39.018189],[117.282989,39.0104]]}},{"type":"Feature","properties":{"shape_id":"{}","direction_id":"{\"1\": 50}","headsign":"{}","duration_avg":120,"n_vehicles":50,"d":1200,"route_I_counts":"{\"8\": 50}","source":217,"target":216,"layer":"L","from":"天津景荔道(地铁站)","to":"天津景荷道(地铁站)"},"geometry":{"type":"LineString","coordinates":[[117.282989,39.0104],[117.278269,39.018189]]}},{"type":"Feature","properties":{"shape_id":"{}","direction_id":"{\"0\": 50}","headsign":"{}","duration_avg":240,"n_vehicles":50,"d":2400,"route_I_counts":"{\"8\": 50}","source":217,"target":218,"layer":"L","from":"天津景荔道(地铁站)","to":"天津天津大学北洋园校区(地铁站)"},"geometry":{"type":"LineString","coordinates":[[117.282989,39.0104],[117.30417,38.99111]]}},{"type":"Feature","properties":{"shape_id":"{}","direction_id":"{\"1\": 50}","headsign":"{}","duration_avg":240,"n_vehicles":50,"d":2400,"route_I_counts":"{\"8\": 50}","source":218,"target":217,"layer":"L","from":"天津天津大学北洋园校区(地铁站)","to":"天津景荔道(地铁站)"},"geometry":{"type":"LineString","coordinates":[[117.30417,38.99111],[117.282989,39.0104]]}},{"type":"Feature","properties":{"shape_id":"{}","direction_id":"{\"0\": 50}","headsign":"{}","duration_avg":180,"n_vehicles":50,"d":1800,"route_I_counts":"{\"8\": 50}","source":218,"target":219,"layer":"L","from":"天津天津大学北洋园校区(地铁站)","to":"天津海河教育园区(地铁站)"},"geometry":{"type":"LineString","coordinates":[[117.30417,38.99111],[117.3175,38.9875]]}},{"type":"Feature","properties":{"shape_id":"{}","direction_id":"{\"1\": 50}","headsign":"{}","duration_avg":180,"n_vehicles":50,"d":1800,"route_I_counts":"{\"8\": 50}","source":219,"target":218,"layer":"L","from":"天津海河教育园区(地铁站)","to":"天津天津大学北洋园校区(地铁站)"},"geometry":{"type":"LineString","coordinates":[[117.3175,38.9875],[117.30417,38.99111]]}},{"type":"Feature","properties":{"shape_id":"{}","direction_id":"{\"0\": 50}","headsign":"{}","duration_avg":180,"n_vehicles":50,"d":1800,"route_I_counts":"{\"8\": 50}","source":219,"target":220,"layer":"L","from":"天津海河教育园区(地铁站)","to":"天津南开大学津南校区(地铁站)"},"geometry":{"type":"LineString","coordinates":[[117.3175,38.9875],[117.33278,38.98222]]}},{"type":"Feature","properties":{"shape_id":"{}","direction_id":"{\"1\": 50}","headsign":"{}","duration_avg":180,"n_vehicles":50,"d":1800,"route_I_counts":"{\"8\": 50}","source":220,"target":219,"layer":"L","from":"天津南开大学津南校区(地铁站)","to":"天津海河教育园区(地铁站)"},"geometry":{"type":"LineString","coordinates":[[117.33278,38.98222],[117.3175,38.9875]]}},{"type":"Feature","properties":{"shape_id":"{}","direction_id":"{\"0\": 50}","headsign":"{}","duration_avg":120,"n_vehicles":50,"d":1200,"route_I_counts":"{\"8\": 50}","source":220,"target":221,"layer":"L","from":"天津南开大学津南校区(地铁站)","to":"天津和慧南路(地铁站)"},"geometry":{"type":"LineString","coordinates":[[117.33278,38.98222],[117.35361,38.98028]]}},{"type":"Feature","properties":{"shape_id":"{}","direction_id":"{\"1\": 50}","headsign":"{}","duration_avg":120,"n_vehicles":50,"d":1200,"route_I_counts":"{\"8\": 50}","source":221,"target":220,"layer":"L","from":"天津和慧南路(地铁站)","to":"天津南开大学津南校区(地铁站)"},"geometry":{"type":"LineString","coordinates":[[117.35361,38.98028],[117.33278,38.98222]]}},{"type":"Feature","properties":{"shape_id":"{}","direction_id":"{\"0\": 50}","headsign":"{}","duration_avg":60,"n_vehicles":50,"d":600,"route_I_counts":"{\"8\": 50}","source":221,"target":222,"layer":"L","from":"天津和慧南路(地铁站)","to":"天津咸水沽西(地铁站)"},"geometry":{"type":"LineString","coordinates":[[117.35361,38.98028],[117.367531,38.97955]]}},{"type":"Feature","properties":{"shape_id":"{}","direction_id":"{\"1\": 50}","headsign":"{}","duration_avg":60,"n_vehicles":50,"d":600,"route_I_counts":"{\"8\": 50}","source":222,"target":221,"layer":"L","from":"天津咸水沽西(地铁站)","to":"天津和慧南路(地铁站)"},"geometry":{"type":"LineString","coordinates":[[117.367531,38.97955],[117.35361,38.98028]]}}]}