{"type":"FeatureCollection","features":[{"type":"Feature","geometry":{"type":"Point","coordinates":[139.702445,35.658999]},"properties":{"name":"渋谷","original_ids":"[1]","id":0,"layer":"stop"}},{"type":"Feature","geometry":{"type":"Point","coordinates":[139.712473,35.665042]},"properties":{"name":"表参道","original_ids":"[2]","id":1,"layer":"stop"}},{"type":"Feature","geometry":{"type":"Point","coordinates":[139.717825,35.670375]},"properties":{"name":"外苑前","original_ids":"[3]","id":2,"layer":"stop"}},{"type":"Feature","geometry":{"type":"Point","coordinates":[139.724145,35.67279]},"properties":{"name":"青山一丁目","original_ids":"[4]","id":3,"layer":"stop"}},{"type":"Feature","geometry":{"type":"Point","coordinates":[139.737347,35.676845]},"properties":{"name":"赤坂見附","original_ids":"[5]","id":4,"layer":"stop"}},{"type":"Feature","geometry":{"type":"Point","coordinates":[139.741943,35.671511]},"properties":{"name":"溜池山王","original_ids":"[6]","id":5,"layer":"stop"}},{"type":"Feature","geometry":{"type":"Point","coordinates":[139.75012,35.67016]},"properties":{"name":"虎ノ門","original_ids":"[7]","id":6,"layer":"stop"}},{"type":"Feature","geometry":{"type":"Point","coordinates":[139.758512,35.667382]},"properties":{"name":"新橋","original_ids":"[8]","id":7,"layer":"stop"}},{"type":"Feature","geometry":{"type":"Point","coordinates":[139.765366,35.6715]},"properties":{"name":"銀座","original_ids":"[9]","id":8,"layer":"stop"}},{"type":"Feature","geometry":{"type":"Point","coordinates":[139.77011,35.676704]},"properties":{"name":"京橋","original_ids":"[10]","id":9,"layer":"stop"}},{"type":"Feature","geometry":{"type":"Point","coordinates":[139.773335,35.681879]},"properties":{"name":"日本橋","original_ids":"[11]","id":10,"layer":"stop"}},{"type":"Feature","geometry":{"type":"Point","coordinates":[139.773582,35.687173]},"properties":{"name":"三越前","original_ids":"[12]","id":11,"layer":"stop"}},{"type":"Feature","geometry":{"type":"Point","coordinates":[139.77089,35.693715]},"properties":{"name":"神田","original_ids":"[13]","id":12,"layer":"stop"}},{"type":"Feature","geometry":{"type":"Point","coordinates":[139.771762,35.70278]},"properties":{"name":"末広町","original_ids":"[14]","id":13,"layer":"stop"}},{"type":"Feature","geometry":{"type":"Point","coordinates":[139.773011,35.707765]},"properties":{"name":"上野広小路","original_ids":"[15]","id":14,"layer":"stop"}},{"type":"Feature","geometry":{"type":"Point","coordinates":[139.776075,35.711795]},"properties":{"name":"上野","original_ids":"[16]","id":15,"layer":"stop"}},{"type":"Feature","geometry":{"type":"Point","coordinates":[139.782668,35.711344]},"properties":{"name":"稲荷町","original_ids":"[17]","id":16,"layer":"stop"}},{"type":"Feature","geometry":{"type":"Point","coordinates":[139.790775,35.709842]},"properties":{"name":"田原町","original_ids":"[18]","id":17,"layer":"stop"}},{"type":"Feature","geometry":{"type":"Point","coordinates":[139.797774,35.710746]},"properties":{"name":"浅草","original_ids":"[19]","id":18,"layer":"stop"}},{"type":"Feature","geometry":{"type":"Point","coordinates":[139.61976,35.704175]},"properties":{"name":"荻窪","original_ids":"[20]","id":19,"layer":"stop"}},{"type":"Feature","geometry":{"type":"Point","coordinates":[139.635575,35.699455]},"properties":{"name":"南阿佐ケ谷","original_ids":"[21]","id":20,"layer":"stop"}},{"type":"Feature","geometry":{"type":"Point","coordinates":[139.64851,35.69786]},"properties":{"name":"新高円寺","original_ids":"[22]","id":21,"layer":"stop"}},{"type":"Feature","geometry":{"type":"Point","coordinates":[139.658295,35.697965]},"properties":{"name":"東高円寺","original_ids":"[23]","id":22,"layer":"stop"}},{"type":"Feature","geometry":{"type":"Point","coordinates":[139.66951,35.697475]},"properties":{"name":"新中野","original_ids":"[24]","id":23,"layer":"stop"}},{"type":"Feature","geometry":{"type":"Point","coordinates":[139.682205,35.697085]},"properties":{"name":"中野坂上","original_ids":"[25]","id":24,"layer":"stop"}},{"type":"Feature","geometry":{"type":"Point","coordinates":[139.69256,35.694515]},"properties":{"name":"西新宿","original_ids":"[26]","id":25,"layer":"stop"}},{"type":"Feature","geometry":{"type":"Point","coordinates":[139.700548,35.692452]},"properties":{"name":"新宿","original_ids":"[27]","id":26,"layer":"stop"}},{"type":"Feature","geometry":{"type":"Point","coordinates":[139.70421,35.69118]},"properties":{"name":"新宿三丁目","original_ids":"[28]","id":27,"layer":"stop"}},{"type":"Feature","geometry":{"type":"Point","coordinates":[139.710915,35.688525]},"properties":{"name":"新宿御苑前","original_ids":"[29]","id":28,"layer":"stop"}},{"type":"Feature","geometry":{"type":"Point","coordinates":[139.720567,35.687972]},"properties":{"name":"四谷三丁目","original_ids":"[30]","id":29,"layer":"stop"}},{"type":"Feature","geometry":{"type":"Point","coordinates":[139.72997,35.684548]},"properties":{"name":"四ツ谷","original_ids":"[31]","id":30,"layer":"stop"}},{"type":"Feature","geometry":{"type":"Point","coordinates":[139.75268,35.674235]},"properties":{"name":"霞ケ関","original_ids":"[32]","id":31,"layer":"stop"}},{"type":"Feature","geometry":{"type":"Point","coordinates":[139.7648,35.681935]},"properties":{"name":"東京","original_ids":"[33]","id":32,"layer":"stop"}},{"type":"Feature","geometry":{"type":"Point","coordinates":[139.766203,35.686875]},"properties":{"name":"大手町","original_ids":"[34]","id":33,"layer":"stop"}},{"type":"Feature","geometry":{"type":"Point","coordinates":[139.767455,35.69487]},"properties":{"name":"淡路町","original_ids":"[35]","id":34,"layer":"stop"}},{"type":"Feature","geometry":{"type":"Point","coordinates":[139.764026,35.700566]},"properties":{"name":"御茶ノ水","original_ids":"[36]","id":35,"layer":"stop"}},{"type":"Feature","geometry":{"type":"Point","coordinates":[139.760154,35.706726]},"properties":{"name":"本郷三丁目","original_ids":"[37]","id":36,"layer":"stop"}},{"type":"Feature","geometry":{"type":"Point","coordinates":[139.75125,35.707339]},"properties":{"name":"後楽園","original_ids":"[38]","id":37,"layer":"stop"}},{"type":"Feature","geometry":{"type":"Point","coordinates":[139.736895,35.7172]},"properties":{"name":"茗荷谷","original_ids":"[39]","id":38,"layer":"stop"}},{"type":"Feature","geometry":{"type":"Point","coordinates":[139.729931,35.725792]},"properties":{"name":"新大塚","original_ids":"[40]","id":39,"layer":"stop"}},{"type":"Feature","geometry":{"type":"Point","coordinates":[139.71115,35.730345]},"properties":{"name":"池袋","original_ids":"[41]","id":40,"layer":"stop"}},{"type":"Feature","geometry":{"type":"Point","coordinates":[139.657935,35.683515]},"properties":{"name":"方南町","original_ids":"[42]","id":41,"layer":"stop"}},{"type":"Feature","geometry":{"type":"Point","coordinates":[139.667243,35.69064]},"properties":{"name":"中野富士見町","original_ids":"[43]","id":42,"layer":"stop"}},{"type":"Feature","geometry":{"type":"Point","coordinates":[139.674001,35.691685]},"properties":{"name":"中野新橋","original_ids":"[44]","id":43,"layer":"stop"}},{"type":"Feature","geometry":{"type":"Point","coordinates":[139.699116,35.64431]},"properties":{"name":"中目黒","original_ids":"[45]","id":44,"layer":"stop"}},{"type":"Feature","geometry":{"type":"Point","coordinates":[139.708701,35.64704]},"properties":{"name":"恵比寿","original_ids":"[46]","id":45,"layer":"stop"}},{"type":"Feature","geometry":{"type":"Point","coordinates":[139.722209,35.651499]},"properties":{"name":"広尾","original_ids":"[47]","id":46,"layer":"stop"}},{"type":"Feature","geometry":{"type":"Point","coordinates":[139.731155,35.6628]},"properties":{"name":"六本木","original_ids":"[48]","id":47,"layer":"stop"}},{"type":"Feature","geometry":{"type":"Point","coordinates":[139.745048,35.662964]},"properties":{"name":"神谷町","original_ids":"[49]","id":48,"layer":"stop"}},{"type":"Feature","geometry":{"type":"Point","coordinates":[139.747765,35.667469]},"properties":{"name":"虎ノ門ヒルズ","original_ids":"[50]","id":49,"layer":"stop"}},{"type":"Feature","geometry":{"type":"Point","coordinates":[139.7606,35.674271]},"properties":{"name":"日比谷","original_ids":"[51]","id":50,"layer":"stop"}},{"type":"Feature","geometry":{"type":"Point","coordinates":[139.767633,35.669129]},"properties":{"name":"東銀座","original_ids":"[52]","id":51,"layer":"stop"}},{"type":"Feature","geometry":{"type":"Point","coordinates":[139.772473,35.667928]},"properties":{"name":"築地","original_ids":"[53]","id":52,"layer":"stop"}},{"type":"Feature","geometry":{"type":"Point","coordinates":[139.777334,35.675368]},"properties":{"name":"八丁堀","original_ids":"[54]","id":53,"layer":"stop"}},{"type":"Feature","geometry":{"type":"Point","coordinates":[139.779619,35.679078]},"properties":{"name":"茅場町","original_ids":"[55]","id":54,"layer":"stop"}},{"type":"Feature","geometry":{"type":"Point","coordinates":[139.782339,35.686259]},"properties":{"name":"人形町","original_ids":"[56]","id":55,"layer":"stop"}},{"type":"Feature","geometry":{"type":"Point","coordinates":[139.778758,35.690423]},"properties":{"name":"小伝馬町","original_ids":"[57]","id":56,"layer":"stop"}},{"type":"Feature","geometry":{"type":"Point","coordinates":[139.775529,35.697965]},"properties":{"name":"秋葉原","original_ids":"[58]","id":57,"layer":"stop"}},{"type":"Feature","geometry":{"type":"Point","coordinates":[139.77619,35.706655]},"properties":{"name":"仲御徒町","original_ids":"[59]","id":58,"layer":"stop"}},{"type":"Feature","geometry":{"type":"Point","coordinates":[139.784466,35.720565]},"properties":{"name":"入谷","original_ids":"[60]","id":59,"layer":"stop"}},{"type":"Feature","geometry":{"type":"Point","coordinates":[139.7913,35.72955]},"properties":{"name":"三ノ輪","original_ids":"[61]","id":60,"layer":"stop"}},{"type":"Feature","geometry":{"type":"Point","coordinates":[139.79878,35.73231]},"properties":{"name":"南千住","original_ids":"[62]","id":61,"layer":"stop"}},{"type":"Feature","geometry":{"type":"Point","coordinates":[139.80556,35.74981]},"properties":{"name":"北千住","original_ids":"[63]","id":62,"layer":"stop"}},{"type":"Feature","geometry":{"type":"Point","coordinates":[139.66594,35.70573]},"properties":{"name":"中野","original_ids":"[64]","id":63,"layer":"stop"}},{"type":"Feature","geometry":{"type":"Point","coordinates":[139.685965,35.710635]},"properties":{"name":"落合","original_ids":"[65]","id":64,"layer":"stop"}},{"type":"Feature","geometry":{"type":"Point","coordinates":[139.705045,35.71328]},"properties":{"name":"高田馬場","original_ids":"[66]","id":65,"layer":"stop"}},{"type":"Feature","geometry":{"type":"Point","coordinates":[139.721191,35.705803]},"properties":{"name":"早稲田","original_ids":"[67]","id":66,"layer":"stop"}},{"type":"Feature","geometry":{"type":"Point","coordinates":[139.73452,35.703865]},"properties":{"name":"神楽坂","original_ids":"[68]","id":67,"layer":"stop"}},{"type":"Feature","geometry":{"type":"Point","coordinates":[139.746521,35.701403]},"properties":{"name":"飯田橋","original_ids":"[69]","id":68,"layer":"stop"}},{"type":"Feature","geometry":{"type":"Point","coordinates":[139.751265,35.696091]},"properties":{"name":"九段下","original_ids":"[70]","id":69,"layer":"stop"}},{"type":"Feature","geometry":{"type":"Point","coordinates":[139.75767,35.69044]},"properties":{"name":"竹橋","original_ids":"[71]","id":70,"layer":"stop"}},{"type":"Feature","geometry":{"type":"Point","coordinates":[139.796099,35.671892]},"properties":{"name":"門前仲町","original_ids":"[72]","id":71,"layer":"stop"}},{"type":"Feature","geometry":{"type":"Point","coordinates":[139.807115,35.669356]},"properties":{"name":"木場","original_ids":"[73]","id":72,"layer":"stop"}},{"type":"Feature","geometry":{"type":"Point","coordinates":[139.81768,35.66959]},"properties":{"name":"東陽町","original_ids":"[74]","id":73,"layer":"stop"}},{"type":"Feature","geometry":{"type":"Point","coordinates":[139.831695,35.668415]},"properties":{"name":"南砂町","original_ids":"[75]","id":74,"layer":"stop"}},{"type":"Feature","geometry":{"type":"Point","coordinates":[139.8596,35.664562]},"properties":{"name":"西葛西","original_ids":"[76]","id":75,"layer":"stop"}},{"type":"Feature","geometry":{"type":"Point","coordinates":[139.87253,35.663616]},"properties":{"name":"葛西","original_ids":"[77]","id":76,"layer":"stop"}},{"type":"Feature","geometry":{"type":"Point","coordinates":[139.893236,35.665903]},"properties":{"name":"浦安","original_ids":"[78]","id":77,"layer":"stop"}},{"type":"Feature","geometry":{"type":"Point","coordinates":[139.902276,35.672729]},"properties":{"name":"南行徳","original_ids":"[79]","id":78,"layer":"stop"}},{"type":"Feature","geometry":{"type":"Point","coordinates":[139.914185,35.68262]},"properties":{"name":"行徳","original_ids":"[80]","id":79,"layer":"stop"}},{"type":"Feature","geometry":{"type":"Point","coordinates":[139.924286,35.691014]},"properties":{"name":"妙典","original_ids":"[81]","id":80,"layer":"stop"}},{"type":"Feature","geometry":{"type":"Point","coordinates":[139.941915,35.7033]},"properties":{"name":"原木中山","original_ids":"[82]","id":81,"layer":"stop"}},{"type":"Feature","geometry":{"type":"Point","coordinates":[139.95925,35.70713]},"properties":{"name":"西船橋","original_ids":"[83]","id":82,"layer":"stop"}},{"type":"Feature","geometry":{"type":"Point","coordinates":[139.67968,35.66906]},"properties":{"name":"代々木上原","original_ids":"[84]","id":83,"layer":"stop"}},{"type":"Feature","geometry":{"type":"Point","coordinates":[139.689791,35.669104]},"properties":{"name":"代々木公園","original_ids":"[85]","id":84,"layer":"stop"}},{"type":"Feature","geometry":{"type":"Point","coordinates":[139.703944,35.669123]},"properties":{"name":"明治神宮前〈原宿〉","original_ids":"[86]","id":85,"layer":"stop"}},{"type":"Feature","geometry":{"type":"Point","coordinates":[139.726229,35.666592]},"properties":{"name":"乃木坂","original_ids":"[87]","id":86,"layer":"stop"}},{"type":"Feature","geometry":{"type":"Point","coordinates":[139.736413,35.672104]},"properties":{"name":"赤坂","original_ids":"[88]","id":87,"layer":"stop"}},{"type":"Feature","geometry":{"type":"Point","coordinates":[139.76178,35.680505]},"properties":{"name":"二重橋前〈丸の内〉","original_ids":"[89]","id":88,"layer":"stop"}},{"type":"Feature","geometry":{"type":"Point","coordinates":[139.76545,35.696925]},"properties":{"name":"新御茶ノ水","original_ids":"[90]","id":89,"layer":"stop"}},{"type":"Feature","geometry":{"type":"Point","coordinates":[139.769981,35.706805]},"properties":{"name":"湯島","original_ids":"[91]","id":90,"layer":"stop"}},{"type":"Feature","geometry":{"type":"Point","coordinates":[139.76575,35.717325]},"properties":{"name":"根津","original_ids":"[92]","id":91,"layer":"stop"}},{"type":"Feature","geometry":{"type":"Point","coordinates":[139.763303,35.725746]},"properties":{"name":"千駄木","original_ids":"[93]","id":92,"layer":"stop"}},{"type":"Feature","geometry":{"type":"Point","coordinates":[139.76689,35.732355]},"properties":{"name":"西日暮里","original_ids":"[94]","id":93,"layer":"stop"}},{"type":"Feature","geometry":{"type":"Point","coordinates":[139.780047,35.742068]},"properties":{"name":"町屋","original_ids":"[95]","id":94,"layer":"stop"}},{"type":"Feature","geometry":{"type":"Point","coordinates":[139.82481,35.76212]},"properties":{"name":"綾瀬","original_ids":"[96]","id":95,"layer":"stop"}},{"type":"Feature","geometry":{"type":"Point","coordinates":[139.832095,35.77689]},"properties":{"name":"北綾瀬","original_ids":"[97]","id":96,"layer":"stop"}},{"type":"Feature","geometry":{"type":"Point","coordinates":[139.61286,35.78835]},"properties":{"name":"和光市","original_ids":"[98]","id":97,"layer":"stop"}},{"type":"Feature","geometry":{"type":"Point","coordinates":[139.63117,35.77674]},"properties":{"name":"地下鉄成増","original_ids":"[99]","id":98,"layer":"stop"}},{"type":"Feature","geometry":{"type":"Point","coordinates":[139.644,35.769981]},"properties":{"name":"地下鉄赤塚","original_ids":"[100]","id":99,"layer":"stop"}},{"type":"Feature","geometry":{"type":"Point","coordinates":[139.6543,35.757555]},"properties":{"name":"平和台","original_ids":"[101]","id":100,"layer":"stop"}},{"type":"Feature","geometry":{"type":"Point","coordinates":[139.66547,35.74962]},"properties":{"name":"氷川台","original_ids":"[102]","id":101,"layer":"stop"}},{"type":"Feature","geometry":{"type":"Point","coordinates":[139.67952,35.743395]},"properties":{"name":"小竹向原","original_ids":"[103]","id":102,"layer":"stop"}},{"type":"Feature","geometry":{"type":"Point","coordinates":[139.6894,35.738175]},"properties":{"name":"千川","original_ids":"[104]","id":103,"layer":"stop"}},{"type":"Feature","geometry":{"type":"Point","coordinates":[139.69848,35.733215]},"properties":{"name":"要町","original_ids":"[105]","id":104,"layer":"stop"}},{"type":"Feature","geometry":{"type":"Point","coordinates":[139.718865,35.72595]},"properties":{"name":"東池袋","original_ids":"[106]","id":105,"layer":"stop"}},{"type":"Feature","geometry":{"type":"Point","coordinates":[139.72745,35.71918]},"properties":{"name":"護国寺","original_ids":"[107]","id":106,"layer":"stop"}},{"type":"Feature","geometry":{"type":"Point","coordinates":[139.733574,35.709537]},"properties":{"name":"江戸川橋","original_ids":"[108]","id":107,"layer":"stop"}},{"type":"Feature","geometry":{"type":"Point","coordinates":[139.736891,35.692576]},"properties":{"name":"市ケ谷","original_ids":"[109]","id":108,"layer":"stop"}},{"type":"Feature","geometry":{"type":"Point","coordinates":[139.73735,35.684785]},"properties":{"name":"麹町","original_ids":"[110]","id":109,"layer":"stop"}},{"type":"Feature","geometry":{"type":"Point","coordinates":[139.741773,35.677895]},"properties":{"name":"永田町","original_ids":"[111]","id":110,"layer":"stop"}},{"type":"Feature","geometry":{"type":"Point","coordinates":[139.751886,35.677459]},"properties":{"name":"桜田門","original_ids":"[112]","id":111,"layer":"stop"}},{"type":"Feature","geometry":{"type":"Point","coordinates":[139.762286,35.675973]},"properties":{"name":"有楽町","original_ids":"[113]","id":112,"layer":"stop"}},{"type":"Feature","geometry":{"type":"Point","coordinates":[139.766786,35.674519]},"properties":{"name":"銀座一丁目","original_ids":"[114]","id":113,"layer":"stop"}},{"type":"Feature","geometry":{"type":"Point","coordinates":[139.773594,35.670529]},"properties":{"name":"新富町","original_ids":"[115]","id":114,"layer":"stop"}},{"type":"Feature","geometry":{"type":"Point","coordinates":[139.784405,35.664711]},"properties":{"name":"月島","original_ids":"[116]","id":115,"layer":"stop"}},{"type":"Feature","geometry":{"type":"Point","coordinates":[139.795994,35.655153]},"properties":{"name":"豊洲","original_ids":"[117]","id":116,"layer":"stop"}},{"type":"Feature","geometry":{"type":"Point","coordinates":[139.81033,35.645775]},"properties":{"name":"辰巳","original_ids":"[118]","id":117,"layer":"stop"}},{"type":"Feature","geometry":{"type":"Point","coordinates":[139.826605,35.64578]},"properties":{"name":"新木場","original_ids":"[119]","id":118,"layer":"stop"}},{"type":"Feature","geometry":{"type":"Point","coordinates":[139.741695,35.68538]},"properties":{"name":"半蔵門","original_ids":"[120]","id":119,"layer":"stop"}},{"type":"Feature","geometry":{"type":"Point","coordinates":[139.75756,35.696021]},"properties":{"name":"神保町","original_ids":"[121]","id":120,"layer":"stop"}},{"type":"Feature","geometry":{"type":"Point","coordinates":[139.785171,35.683]},"properties":{"name":"水天宮前","original_ids":"[122]","id":121,"layer":"stop"}},{"type":"Feature","geometry":{"type":"Point","coordinates":[139.799841,35.682119]},"properties":{"name":"清澄白河","original_ids":"[123]","id":122,"layer":"stop"}},{"type":"Feature","geometry":{"type":"Point","coordinates":[139.815667,35.688704]},"properties":{"name":"住吉","original_ids":"[124]","id":123,"layer":"stop"}},{"type":"Feature","geometry":{"type":"Point","coordinates":[139.814957,35.697441]},"properties":{"name":"錦糸町","original_ids":"[125]","id":124,"layer":"stop"}},{"type":"Feature","geometry":{"type":"Point","coordinates":[139.813735,35.708467]},"properties":{"name":"押上〈スカイツリー前〉","original_ids":"[126]","id":125,"layer":"stop"}},{"type":"Feature","geometry":{"type":"Point","coordinates":[139.715456,35.63297]},"properties":{"name":"目黒","original_ids":"[127]","id":126,"layer":"stop"}},{"type":"Feature","geometry":{"type":"Point","coordinates":[139.726007,35.637851]},"properties":{"name":"白金台","original_ids":"[128]","id":127,"layer":"stop"}},{"type":"Feature","geometry":{"type":"Point","coordinates":[139.734344,35.643283]},"properties":{"name":"白金高輪","original_ids":"[129]","id":128,"layer":"stop"}},{"type":"Feature","geometry":{"type":"Point","coordinates":[139.737045,35.65481]},"properties":{"name":"麻布十番","original_ids":"[130]","id":129,"layer":"stop"}},{"type":"Feature","geometry":{"type":"Point","coordinates":[139.7389,35.665075]},"properties":{"name":"六本木一丁目","original_ids":"[131]","id":130,"layer":"stop"}},{"type":"Feature","geometry":{"type":"Point","coordinates":[139.75788,35.718014]},"properties":{"name":"東大前","original_ids":"[132]","id":131,"layer":"stop"}},{"type":"Feature","geometry":{"type":"Point","coordinates":[139.753812,35.724365]},"properties":{"name":"本駒込","original_ids":"[133]","id":132,"layer":"stop"}},{"type":"Feature","geometry":{"type":"Point","coordinates":[139.746909,35.735913]},"properties":{"name":"駒込","original_ids":"[134]","id":133,"layer":"stop"}},{"type":"Feature","geometry":{"type":"Point","coordinates":[139.74226,35.745945]},"properties":{"name":"西ケ原","original_ids":"[135]","id":134,"layer":"stop"}},{"type":"Feature","geometry":{"type":"Point","coordinates":[139.737362,35.75447]},"properties":{"name":"王子","original_ids":"[136]","id":135,"layer":"stop"}},{"type":"Feature","geometry":{"type":"Point","coordinates":[139.735641,35.765292]},"properties":{"name":"王子神谷","original_ids":"[137]","id":136,"layer":"stop"}},{"type":"Feature","geometry":{"type":"Point","coordinates":[139.7325,35.778025]},"properties":{"name":"志茂","original_ids":"[138]","id":137,"layer":"stop"}},{"type":"Feature","geometry":{"type":"Point","coordinates":[139.72211,35.783355]},"properties":{"name":"赤羽岩淵","original_ids":"[139]","id":138,"layer":"stop"}},{"type":"Feature","geometry":{"type":"Point","coordinates":[139.714715,35.7202]},"properties":{"name":"雑司が谷","original_ids":"[140]","id":139,"layer":"stop"}},{"type":"Feature","geometry":{"type":"Point","coordinates":[139.70912,35.707806]},"properties":{"name":"西早稲田","original_ids":"[141]","id":140,"layer":"stop"}},{"type":"Feature","geometry":{"type":"Point","coordinates":[139.707846,35.699829]},"properties":{"name":"東新宿","original_ids":"[142]","id":141,"layer":"stop"}},{"type":"Feature","geometry":{"type":"Point","coordinates":[139.705469,35.678503]},"properties":{"name":"北参道","original_ids":"[143]","id":142,"layer":"stop"}},{"type":"Feature","geometry":{"type":"Point","coordinates":[139.706086,35.58705]},"properties":{"name":"西馬込","original_ids":"[144]","id":143,"layer":"stop"}},{"type":"Feature","geometry":{"type":"Point","coordinates":[139.711884,35.596773]},"properties":{"name":"馬込","original_ids":"[145]","id":144,"layer":"stop"}},{"type":"Feature","geometry":{"type":"Point","coordinates":[139.713645,35.605274]},"properties":{"name":"中延","original_ids":"[146]","id":145,"layer":"stop"}},{"type":"Feature","geometry":{"type":"Point","coordinates":[139.716315,35.614421]},"properties":{"name":"戸越","original_ids":"[147]","id":146,"layer":"stop"}},{"type":"Feature","geometry":{"type":"Point","coordinates":[139.72344,35.6263]},"properties":{"name":"五反田","original_ids":"[148]","id":147,"layer":"stop"}},{"type":"Feature","geometry":{"type":"Point","coordinates":[139.730384,35.631751]},"properties":{"name":"高輪台","original_ids":"[149]","id":148,"layer":"stop"}},{"type":"Feature","geometry":{"type":"Point","coordinates":[139.739993,35.638715]},"properties":{"name":"泉岳寺","original_ids":"[150]","id":149,"layer":"stop"}},{"type":"Feature","geometry":{"type":"Point","coordinates":[139.746877,35.646749]},"properties":{"name":"三田","original_ids":"[151]","id":150,"layer":"stop"}},{"type":"Feature","geometry":{"type":"Point","coordinates":[139.754679,35.65687]},"properties":{"name":"大門","original_ids":"[152]","id":151,"layer":"stop"}},{"type":"Feature","geometry":{"type":"Point","coordinates":[139.771966,35.675606]},"properties":{"name":"宝町","original_ids":"[153]","id":152,"layer":"stop"}},{"type":"Feature","geometry":{"type":"Point","coordinates":[139.784886,35.692123]},"properties":{"name":"東日本橋","original_ids":"[154]","id":153,"layer":"stop"}},{"type":"Feature","geometry":{"type":"Point","coordinates":[139.78399,35.6974]},"properties":{"name":"浅草橋","original_ids":"[155]","id":154,"layer":"stop"}},{"type":"Feature","geometry":{"type":"Point","coordinates":[139.790858,35.703128]},"properties":{"name":"蔵前","original_ids":"[156]","id":155,"layer":"stop"}},{"type":"Feature","geometry":{"type":"Point","coordinates":[139.804397,35.708565]},"properties":{"name":"本所吾妻橋","original_ids":"[157]","id":156,"layer":"stop"}},{"type":"Feature","geometry":{"type":"Point","coordinates":[139.74985,35.654186]},"properties":{"name":"芝公園","original_ids":"[158]","id":157,"layer":"stop"}},{"type":"Feature","geometry":{"type":"Point","coordinates":[139.751366,35.660774]},"properties":{"name":"御成門","original_ids":"[159]","id":158,"layer":"stop"}},{"type":"Feature","geometry":{"type":"Point","coordinates":[139.75533,35.669344]},"properties":{"name":"内幸町","original_ids":"[160]","id":159,"layer":"stop"}},{"type":"Feature","geometry":{"type":"Point","coordinates":[139.75341,35.70207]},"properties":{"name":"水道橋","original_ids":"[161]","id":160,"layer":"stop"}},{"type":"Feature","geometry":{"type":"Point","coordinates":[139.753287,35.709532]},"properties":{"name":"春日","original_ids":"[162]","id":161,"layer":"stop"}},{"type":"Feature","geometry":{"type":"Point","coordinates":[139.752134,35.721682]},"properties":{"name":"白山","original_ids":"[163]","id":162,"layer":"stop"}},{"type":"Feature","geometry":{"type":"Point","coordinates":[139.744984,35.727772]},"properties":{"name":"千石","original_ids":"[164]","id":163,"layer":"stop"}},{"type":"Feature","geometry":{"type":"Point","coordinates":[139.74032,35.73383]},"properties":{"name":"巣鴨","original_ids":"[165]","id":164,"layer":"stop"}},{"type":"Feature","geometry":{"type":"Point","coordinates":[139.728703,35.743568]},"properties":{"name":"西巣鴨","original_ids":"[166]","id":165,"layer":"stop"}},{"type":"Feature","geometry":{"type":"Point","coordinates":[139.719808,35.748772]},"properties":{"name":"新板橋","original_ids":"[167]","id":166,"layer":"stop"}},{"type":"Feature","geometry":{"type":"Point","coordinates":[139.71012,35.751372]},"properties":{"name":"板橋区役所前","original_ids":"[168]","id":167,"layer":"stop"}},{"type":"Feature","geometry":{"type":"Point","coordinates":[139.705544,35.761309]},"properties":{"name":"板橋本町","original_ids":"[169]","id":168,"layer":"stop"}},{"type":"Feature","geometry":{"type":"Point","coordinates":[139.70241,35.768566]},"properties":{"name":"本蓮沼","original_ids":"[170]","id":169,"layer":"stop"}},{"type":"Feature","geometry":{"type":"Point","coordinates":[139.695097,35.776082]},"properties":{"name":"志村坂上","original_ids":"[171]","id":170,"layer":"stop"}},{"type":"Feature","geometry":{"type":"Point","coordinates":[139.685751,35.777468]},"properties":{"name":"志村三丁目","original_ids":"[172]","id":171,"layer":"stop"}},{"type":"Feature","geometry":{"type":"Point","coordinates":[139.678947,35.784262]},"properties":{"name":"蓮根","original_ids":"[173]","id":172,"layer":"stop"}},{"type":"Feature","geometry":{"type":"Point","coordinates":[139.672867,35.787074]},"properties":{"name":"西台","original_ids":"[174]","id":173,"layer":"stop"}},{"type":"Feature","geometry":{"type":"Point","coordinates":[139.661361,35.788908]},"properties":{"name":"高島平","original_ids":"[175]","id":174,"layer":"stop"}},{"type":"Feature","geometry":{"type":"Point","coordinates":[139.65405,35.790289]},"properties":{"name":"新高島平","original_ids":"[176]","id":175,"layer":"stop"}},{"type":"Feature","geometry":{"type":"Point","coordinates":[139.645421,35.791965]},"properties":{"name":"西高島平","original_ids":"[177]","id":176,"layer":"stop"}},{"type":"Feature","geometry":{"type":"Point","coordinates":[139.700548,35.692452]},"properties":{"name":"新宿(都営)","original_ids":"[178]","id":177,"layer":"stop"}},{"type":"Feature","geometry":{"type":"Point","coordinates":[139.722317,35.692402]},"properties":{"name":"曙橋","original_ids":"[179]","id":178,"layer":"stop"}},{"type":"Feature","geometry":{"type":"Point","coordinates":[139.766667,35.695056]},"properties":{"name":"小川町","original_ids":"[180]","id":179,"layer":"stop"}},{"type":"Feature","geometry":{"type":"Point","coordinates":[139.775115,35.695607]},"properties":{"name":"岩本町","original_ids":"[181]","id":180,"layer":"stop"}},{"type":"Feature","geometry":{"type":"Point","coordinates":[139.783006,35.69193]},"properties":{"name":"馬喰横山","original_ids":"[182]","id":181,"layer":"stop"}},{"type":"Feature","geometry":{"type":"Point","coordinates":[139.787725,35.688601]},"properties":{"name":"浜町","original_ids":"[183]","id":182,"layer":"stop"}},{"type":"Feature","geometry":{"type":"Point","coordinates":[139.796623,35.687982]},"properties":{"name":"森下","original_ids":"[184]","id":183,"layer":"stop"}},{"type":"Feature","geometry":{"type":"Point","coordinates":[139.806057,35.688399]},"properties":{"name":"菊川","original_ids":"[185]","id":184,"layer":"stop"}},{"type":"Feature","geometry":{"type":"Point","coordinates":[139.826231,35.689391]},"properties":{"name":"西大島","original_ids":"[186]","id":185,"layer":"stop"}},{"type":"Feature","geometry":{"type":"Point","coordinates":[139.834705,35.689752]},"properties":{"name":"大島","original_ids":"[187]","id":186,"layer":"stop"}},{"type":"Feature","geometry":{"type":"Point","coordinates":[139.847255,35.689959]},"properties":{"name":"東大島","original_ids":"[188]","id":187,"layer":"stop"}},{"type":"Feature","geometry":{"type":"Point","coordinates":[139.863955,35.68376]},"properties":{"name":"船堀","original_ids":"[189]","id":188,"layer":"stop"}},{"type":"Feature","geometry":{"type":"Point","coordinates":[139.882586,35.685987]},"properties":{"name":"一之江","original_ids":"[190]","id":189,"layer":"stop"}},{"type":"Feature","geometry":{"type":"Point","coordinates":[139.8977,35.69351]},"properties":{"name":"瑞江","original_ids":"[191]","id":190,"layer":"stop"}},{"type":"Feature","geometry":{"type":"Point","coordinates":[139.903796,35.706022]},"properties":{"name":"篠崎","original_ids":"[192]","id":191,"layer":"stop"}},{"type":"Feature","geometry":{"type":"Point","coordinates":[139.92731,35.72074]},"properties":{"name":"本八幡","original_ids":"[193]","id":192,"layer":"stop"}},{"type":"Feature","geometry":{"type":"Point","coordinates":[139.699121,35.693367]},"properties":{"name":"新宿西口","original_ids":"[194]","id":193,"layer":"stop"}},{"type":"Feature","geometry":{"type":"Point","coordinates":[139.718043,35.699188]},"properties":{"name":"若松河田","original_ids":"[195]","id":194,"layer":"stop"}},{"type":"Feature","geometry":{"type":"Point","coordinates":[139.72504,35.699501]},"properties":{"name":"牛込柳町","original_ids":"[196]","id":195,"layer":"stop"}},{"type":"Feature","geometry":{"type":"Point","coordinates":[139.735894,35.700911]},"properties":{"name":"牛込神楽坂","original_ids":"[197]","id":196,"layer":"stop"}},{"type":"Feature","geometry":{"type":"Point","coordinates":[139.773351,35.707949]},"properties":{"name":"上野御徒町","original_ids":"[198]","id":197,"layer":"stop"}},{"type":"Feature","geometry":{"type":"Point","coordinates":[139.782166,35.707009]},"properties":{"name":"新御徒町","original_ids":"[199]","id":198,"layer":"stop"}},{"type":"Feature","geometry":{"type":"Point","coordinates":[139.79315,35.69574]},"properties":{"name":"両国","original_ids":"[200]","id":199,"layer":"stop"}},{"type":"Feature","geometry":{"type":"Point","coordinates":[139.777138,35.658934]},"properties":{"name":"勝どき","original_ids":"[201]","id":200,"layer":"stop"}},{"type":"Feature","geometry":{"type":"Point","coordinates":[139.766929,35.664919]},"properties":{"name":"築地市場","original_ids":"[202]","id":201,"layer":"stop"}},{"type":"Feature","geometry":{"type":"Point","coordinates":[139.760225,35.663193]},"properties":{"name":"汐留","original_ids":"[203]","id":202,"layer":"stop"}},{"type":"Feature","geometry":{"type":"Point","coordinates":[139.743989,35.654985]},"properties":{"name":"赤羽橋","original_ids":"[204]","id":203,"layer":"stop"}},{"type":"Feature","geometry":{"type":"Point","coordinates":[139.714667,35.679896]},"properties":{"name":"国立競技場","original_ids":"[205]","id":204,"layer":"stop"}},{"type":"Feature","geometry":{"type":"Point","coordinates":[139.70205,35.68352]},"properties":{"name":"代々木","original_ids":"[206]","id":205,"layer":"stop"}},{"type":"Feature","geometry":{"type":"Point","coordinates":[139.692677,35.690607]},"properties":{"name":"都庁前","original_ids":"[207]","id":206,"layer":"stop"}},{"type":"Feature","geometry":{"type":"Point","coordinates":[139.684545,35.689892]},"properties":{"name":"西新宿五丁目","original_ids":"[208]","id":207,"layer":"stop"}},{"type":"Feature","geometry":{"type":"Point","coordinates":[139.68483,35.70601]},"properties":{"name":"東中野","original_ids":"[209]","id":208,"layer":"stop"}},{"type":"Feature","geometry":{"type":"Point","coordinates":[139.686296,35.713935]},"properties":{"name":"中井","original_ids":"[210]","id":209,"layer":"stop"}},{"type":"Feature","geometry":{"type":"Point","coordinates":[139.683389,35.723435]},"properties":{"name":"落合南長崎","original_ids":"[211]","id":210,"layer":"stop"}},{"type":"Feature","geometry":{"type":"Point","coordinates":[139.670498,35.732579]},"properties":{"name":"新江古田","original_ids":"[212]","id":211,"layer":"stop"}},{"type":"Feature","geometry":{"type":"Point","coordinates":[139.654762,35.737411]},"properties":{"name":"練馬","original_ids":"[213]","id":212,"layer":"stop"}},{"type":"Feature","geometry":{"type":"Point","coordinates":[139.649116,35.741711]},"properties":{"name":"豊島園","original_ids":"[214]","id":213,"layer":"stop"}},{"type":"Feature","geometry":{"type":"Point","coordinates":[139.6403,35.75141]},"properties":{"name":"練馬春日町","original_ids":"[215]","id":214,"layer":"stop"}},{"type":"Feature","geometry":{"type":"Point","coordinates":[139.628901,35.758527]},"properties":{"name":"光が丘","original_ids":"[216]","id":215,"layer":"stop"}},{"type":"Feature","geometry":{"type":"Point","coordinates":[139.76192,35.654]},"properties":{"name":"竹芝","original_ids":"[217]","id":216,"layer":"stop"}},{"type":"Feature","geometry":{"type":"Point","coordinates":[139.75908,35.64923]},"properties":{"name":"日の出","original_ids":"[218]","id":217,"layer":"stop"}},{"type":"Feature","geometry":{"type":"Point","coordinates":[139.75781,35.64178]},"properties":{"name":"芝浦ふ頭","original_ids":"[219]","id":218,"layer":"stop"}},{"type":"Feature","geometry":{"type":"Point","coordinates":[139.77878,35.6299]},"properties":{"name":"お台場海浜公園","original_ids":"[220]","id":219,"layer":"stop"}},{"type":"Feature","geometry":{"type":"Point","coordinates":[139.77142,35.62591]},"properties":{"name":"台場","original_ids":"[221]","id":220,"layer":"stop"}},{"type":"Feature","geometry":{"type":"Point","coordinates":[139.77309,35.62135]},"properties":{"name":"東京国際クルーズターミナル","original_ids":"[222]","id":221,"layer":"stop"}},{"type":"Feature","geometry":{"type":"Point","coordinates":[139.77939,35.61756]},"properties":{"name":"テレコムセンター","original_ids":"[223]","id":222,"layer":"stop"}},{"type":"Feature","geometry":{"type":"Point","coordinates":[139.78131,35.62479]},"properties":{"name":"青海","original_ids":"[224]","id":223,"layer":"stop"}},{"type":"Feature","geometry":{"type":"Point","coordinates":[139.79134,35.63025]},"properties":{"name":"東京ビッグサイト","original_ids":"[225]","id":224,"layer":"stop"}},{"type":"Feature","geometry":{"type":"Point","coordinates":[139.79325,35.63468]},"properties":{"name":"有明","original_ids":"[226]","id":225,"layer":"stop"}},{"type":"Feature","geometry":{"type":"Point","coordinates":[139.78887,35.63998]},"properties":{"name":"有明テニスの森","original_ids":"[227]","id":226,"layer":"stop"}},{"type":"Feature","geometry":{"type":"Point","coordinates":[139.78565,35.64569]},"properties":{"name":"市場前","original_ids":"[228]","id":227,"layer":"stop"}},{"type":"Feature","geometry":{"type":"Point","coordinates":[139.79001,35.64871]},"properties":{"name":"新豊洲","original_ids":"[229]","id":228,"layer":"stop"}},{"type":"Feature","geometry":{"type":"Point","coordinates":[139.77093,35.72712]},"properties":{"name":"日暮里","original_ids":"[230]","id":229,"layer":"stop"}},{"type":"Feature","geometry":{"type":"Point","coordinates":[139.769025,35.742868]},"properties":{"name":"赤土小学校前","original_ids":"[231]","id":230,"layer":"stop"}},{"type":"Feature","geometry":{"type":"Point","coordinates":[139.769828,35.748513]},"properties":{"name":"熊野前","original_ids":"[232]","id":231,"layer":"stop"}},{"type":"Feature","geometry":{"type":"Point","coordinates":[139.770376,35.754655]},"properties":{"name":"足立小台","original_ids":"[233]","id":232,"layer":"stop"}},{"type":"Feature","geometry":{"type":"Point","coordinates":[139.770798,35.763906]},"properties":{"name":"扇大橋","original_ids":"[234]","id":233,"layer":"stop"}},{"type":"Feature","geometry":{"type":"Point","coordinates":[139.770692,35.768351]},"properties":{"name":"高野","original_ids":"[235]","id":234,"layer":"stop"}},{"type":"Feature","geometry":{"type":"Point","coordinates":[139.77029,35.773954]},"properties":{"name":"江北","original_ids":"[236]","id":235,"layer":"stop"}},{"type":"Feature","geometry":{"type":"Point","coordinates":[139.770077,35.78151]},"properties":{"name":"西新井大師西","original_ids":"[237]","id":236,"layer":"stop"}},{"type":"Feature","geometry":{"type":"Point","coordinates":[139.770036,35.788787]},"properties":{"name":"谷在家","original_ids":"[238]","id":237,"layer":"stop"}},{"type":"Feature","geometry":{"type":"Point","coordinates":[139.770159,35.796384]},"properties":{"name":"舎人公園","original_ids":"[239]","id":238,"layer":"stop"}},{"type":"Feature","geometry":{"type":"Point","coordinates":[139.770069,35.80569]},"properties":{"name":"舎人","original_ids":"[240]","id":239,"layer":"stop"}},{"type":"Feature","geometry":{"type":"Point","coordinates":[139.770707,35.814541]},"properties":{"name":"見沼代親水公園","original_ids":"[241]","id":240,"layer":"stop"}},{"type":"Feature","geometry":{"type":"Point","coordinates":[139.75084,35.62038]},"properties":{"name":"天王洲アイル","original_ids":"[242]","id":241,"layer":"stop"}},{"type":"Feature","geometry":{"type":"Point","coordinates":[139.747055,35.595025]},"properties":{"name":"大井競馬場前","original_ids":"[243]","id":242,"layer":"stop"}},{"type":"Feature","geometry":{"type":"Point","coordinates":[139.749161,35.581448]},"properties":{"name":"流通センター","original_ids":"[244]","id":243,"layer":"stop"}},{"type":"Feature","geometry":{"type":"Point","coordinates":[139.749899,35.570684]},"properties":{"name":"昭和島","original_ids":"[245]","id":244,"layer":"stop"}},{"type":"Feature","geometry":{"type":"Point","coordinates":[139.75341,35.555183]},"properties":{"name":"整備場","original_ids":"[246]","id":245,"layer":"stop"}},{"type":"Feature","geometry":{"type":"Point","coordinates":[139.754041,35.548732]},"properties":{"name":"天空橋","original_ids":"[247]","id":246,"layer":"stop"}},{"type":"Feature","geometry":{"type":"Point","coordinates":[139.768215,35.544265]},"properties":{"name":"羽田空港第3ターミナル","original_ids":"[248]","id":247,"layer":"stop"}},{"type":"Feature","geometry":{"type":"Point","coordinates":[139.787187,35.542647]},"properties":{"name":"新整備場","original_ids":"[249]","id":248,"layer":"stop"}},{"type":"Feature","geometry":{"type":"Point","coordinates":[139.784712,35.549142]},"properties":{"name":"羽田空港第1ターミナル","original_ids":"[250]","id":249,"layer":"stop"}},{"type":"Feature","geometry":{"type":"Point","coordinates":[139.787996,35.550703]},"properties":{"name":"羽田空港第2ターミナル","original_ids":"[251]","id":250,"layer":"stop"}},{"type":"Feature","properties":{"shape_id":"{}","direction_id":"{\"0\": 50}","headsign":"{}","duration_avg":120,"n_vehicles":50,"d":1200,"route_I_counts":"{\"8\": 50, \"1\": 50}","source":0,"target":1,"layer":"L","from":"渋谷","to":"表参道"},"geometry":{"type":"LineString","coordinates":[[139.702445,35.658999],[139.712473,35.665042]]}},{"type":"Feature","properties":{"shape_id":"{}","direction_id":"{\"1\": 50}","headsign":"{}","duration_avg":120,"n_vehicles":50,"d":1200,"route_I_counts":"{\"8\": 50, \"1\": 50}","source":1,"target":0,"layer":"L","from":"表参道","to":"渋谷"},"geometry":{"type":"LineString","coordinates":[[139.712473,35.665042],[139.702445,35.658999]]}},{"type":"Feature","properties":{"shape_id":"{}","direction_id":"{\"0\": 50}","headsign":"{}","duration_avg":120,"n_vehicles":50,"d":1200,"route_I_counts":"{\"1\": 50}","source":1,"target":2,"layer":"L","from":"表参道","to":"外苑前"},"geometry":{"type":"LineString","coordinates":[[139.712473,35.665042],[139.717825,35.670375]]}},{"type":"Feature","properties":{"shape_id":"{}","direction_id":"{\"1\": 50}","headsign":"{}","duration_avg":120,"n_vehicles":50,"d":1200,"route_I_counts":"{\"1\": 50}","source":2,"target":1,"layer":"L","from":"外苑前","to":"表参道"},"geometry":{"type":"LineString","coordinates":[[139.717825,35.670375],[139.712473,35.665042]]}},{"type":"Feature","properties":{"shape_id":"{}","direction_id":"{\"0\": 50}","headsign":"{}","duration_avg":120,"n_vehicles":50,"d":1200,"route_I_counts":"{\"1\": 50}","source":2,"target":3,"layer":"L","from":"外苑前","to":"青山一丁目"},"geometry":{"type":"LineString","coordinates":[[139.717825,35.670375],[139.724145,35.67279]]}},{"type":"Feature","properties":{"shape_id":"{}","direction_id":"{\"1\": 50}","headsign":"{}","duration_avg":120,"n_vehicles":50,"d":1200,"route_I_counts":"{\"1\": 50}","source":3,"target":2,"layer":"L","from":"青山一丁目","to":"外苑前"},"geometry":{"type":"LineString","coordinates":[[139.724145,35.67279],[139.717825,35.670375]]}},{"type":"Feature","properties":{"shape_id":"{}","direction_id":"{\"0\": 50}","headsign":"{}","duration_avg":120,"n_vehicles":50,"d":1200,"route_I_counts":"{\"1\": 50}","source":3,"target":4,"layer":"L","from":"青山一丁目","to":"赤坂見附"},"geometry":{"type":"LineString","coordinates":[[139.724145,35.67279],[139.737347,35.676845]]}},{"type":"Feature","properties":{"shape_id":"{}","direction_id":"{\"1\": 50}","headsign":"{}","duration_avg":120,"n_vehicles":50,"d":1200,"route_I_counts":"{\"1\": 50}","source":4,"target":3,"layer":"L","from":"赤坂見附","to":"青山一丁目"},"geometry":{"type":"LineString","coordinates":[[139.737347,35.676845],[139.724145,35.67279]]}},{"type":"Feature","properties":{"shape_id":"{}","direction_id":"{\"0\": 50}","headsign":"{}","duration_avg":120,"n_vehicles":50,"d":1200,"route_I_counts":"{\"1\": 50, \"2\": 50}","source":4,"target":5,"layer":"L","from":"赤坂見附","to":"溜池山王"},"geometry":{"type":"LineString","coordinates":[[139.737347,35.676845],[139.741943,35.671511]]}},{"type":"Feature","properties":{"shape_id":"{}","direction_id":"{\"1\": 50}","headsign":"{}","duration_avg":120,"n_vehicles":50,"d":1200,"route_I_counts":"{\"1\": 50, \"2\": 50}","source":5,"target":4,"layer":"L","from":"溜池山王","to":"赤坂見附"},"geometry":{"type":"LineString","coordinates":[[139.741943,35.671511],[139.737347,35.676845]]}},{"type":"Feature","properties":{"shape_id":"{}","direction_id":"{\"0\": 50}","headsign":"{}","duration_avg":120,"n_vehicles":50,"d":1200,"route_I_counts":"{\"1\": 50}","source":5,"target":6,"layer":"L","from":"溜池山王","to":"虎ノ門"},"geometry":{"type":"LineString","coordinates":[[139.741943,35.671511],[139.75012,35.67016]]}},{"type":"Feature","properties":{"shape_id":"{}","direction_id":"{\"1\": 50}","headsign":"{}","duration_avg":120,"n_vehicles":50,"d":1200,"route_I_counts":"{\"1\": 50}","source":6,"target":5,"layer":"L","from":"虎ノ門","to":"溜池山王"},"geometry":{"type":"LineString","coordinates":[[139.75012,35.67016],[139.741943,35.671511]]}},{"type":"Feature","properties":{"shape_id":"{}","direction_id":"{\"0\": 50}","headsign":"{}","duration_avg":120,"n_vehicles":50,"d":1200,"route_I_counts":"{\"1\": 50}","source":6,"target":7,"layer":"L","from":"虎ノ門","to":"新橋"},"geometry":{"type":"LineString","coordinates":[[139.75012,35.67016],[139.758512,35.667382]]}},{"type":"Feature","properties":{"shape_id":"{}","direction_id":"{\"1\": 50}","headsign":"{}","duration_avg":120,"n_vehicles":50,"d":1200,"route_I_counts":"{\"1\": 50}","source":7,"target":6,"layer":"L","from":"新橋","to":"虎ノ門"},"geometry":{"type":"LineString","coordinates":[[139.758512,35.667382],[139.75012,35.67016]]}},{"type":"Feature","properties":{"shape_id":"{}","direction_id":"{\"0\": 50}","headsign":"{}","duration_avg":120,"n_vehicles":50,"d":1200,"route_I_counts":"{\"1\": 50}","source":7,"target":8,"layer":"L","from":"新橋","to":"銀座"},"geometry":{"type":"LineString","coordinates":[[139.758512,35.667382],[139.765366,35.6715]]}},{"type":"Feature","properties":{"shape_id":"{}","direction_id":"{\"1\": 50}","headsign":"{}","duration_avg":120,"n_vehicles":50,"d":1200,"route_I_counts":"{\"1\": 50}","source":8,"target":7,"layer":"L","from":"銀座","to":"新橋"},"geometry":{"type":"LineString","coordinates":[[139.765366,35.6715],[139.758512,35.667382]]}},{"type":"Feature","properties":{"shape_id":"{}","direction_id":"{\"0\": 50}","headsign":"{}","duration_avg":120,"n_vehicles":50,"d":1200,"route_I_counts":"{\"1\": 50}","source":8,"target":9,"layer":"L","from":"銀座","to":"京橋"},"geometry":{"type":"LineString","coordinates":[[139.765366,35.6715],[139.77011,35.676704]]}},{"type":"Feature","properties":{"shape_id":"{}","direction_id":"{\"1\": 50}","headsign":"{}","duration_avg":120,"n_vehicles":50,"d":1200,"route_I_counts":"{\"1\": 50}","source":9,"target":8,"layer":"L","from":"京橋","to":"銀座"},"geometry":{"type":"LineString","coordinates":[[139.77011,35.676704],[139.765366,35.6715]]}},{"type":"Feature","properties":{"shape_id":"{}","direction_id":"{\"0\": 50}","headsign":"{}","duration_avg":120,"n_vehicles":50,"d":1200,"route_I_counts":"{\"1\": 50}","source":9,"target":10,"layer":"L","from":"京橋","to":"日本橋"},"geometry":{"type":"LineString","coordinates":[[139.77011,35.676704],[139.773335,35.681879]]}},{"type":"Feature","properties":{"shape_id":"{}","direction_id":"{\"1\": 50}","headsign":"{}","duration_avg":120,"n_vehicles":50,"d":1200,"route_I_counts":"{\"1\": 50}","source":10,"target":9,"layer":"L","from":"日本橋","to":"京橋"},"geometry":{"type":"LineString","coordinates":[[139.773335,35.681879],[139.77011,35.676704]]}},{"type":"Feature","properties":{"shape_id":"{}","direction_id":"{\"0\": 50}","headsign":"{}","duration_avg":120,"n_vehicles":50,"d":1200,"route_I_counts":"{\"1\": 50}","source":10,"target":11,"layer":"L","from":"日本橋","to":"三越前"},"geometry":{"type":"LineString","coordinates":[[139.773335,35.681879],[139.773582,35.687173]]}},{"type":"Feature","properties":{"shape_id":"{}","direction_id":"{\"1\": 50}","headsign":"{}","duration_avg":120,"n_vehicles":50,"d":1200,"route_I_counts":"{\"1\": 50}","source":11,"target":10,"layer":"L","from":"三越前","to":"日本橋"},"geometry":{"type":"LineString","coordinates":[[139.773582,35.687173],[139.773335,35.681879]]}},{"type":"Feature","properties":{"shape_id":"{}","direction_id":"{\"0\": 50}","headsign":"{}","duration_avg":120,"n_vehicles":50,"d":1200,"route_I_counts":"{\"1\": 50}","source":11,"target":12,"layer":"L","from":"三越前","to":"神田"},"geometry":{"type":"LineString","coordinates":[[139.773582,35.687173],[139.77089,35.693715]]}},{"type":"Feature","properties":{"shape_id":"{}","direction_id":"{\"1\": 50}","headsign":"{}","duration_avg":120,"n_vehicles":50,"d":1200,"route_I_counts":"{\"1\": 50}","source":12,"target":11,"layer":"L","from":"神田","to":"三越前"},"geometry":{"type":"LineString","coordinates":[[139.77089,35.693715],[139.773582,35.687173]]}},{"type":"Feature","properties":{"shape_id":"{}","direction_id":"{\"0\": 50}","headsign":"{}","duration_avg":120,"n_vehicles":50,"d":1200,"route_I_counts":"{\"1\": 50}","source":12,"target":13,"layer":"L","from":"神田","to":"末広町"},"geometry":{"type":"LineString","coordinates":[[139.77089,35.693715],[139.771762,35.70278]]}},{"type":"Feature","properties":{"shape_id":"{}","direction_id":"{\"1\": 50}","headsign":"{}","duration_avg":120,"n_vehicles":50,"d":1200,"route_I_counts":"{\"1\": 50}","source":13,"target":12,"layer":"L","from":"末広町","to":"神田"},"geometry":{"type":"LineString","coordinates":[[139.771762,35.70278],[139.77089,35.693715]]}},{"type":"Feature","properties":{"shape_id":"{}","direction_id":"{\"0\": 50}","headsign":"{}","duration_avg":120,"n_vehicles":50,"d":1200,"route_I_counts":"{\"1\": 50}","source":13,"target":14,"layer":"L","from":"末広町","to":"上野広小路"},"geometry":{"type":"LineString","coordinates":[[139.771762,35.70278],[139.773011,35.707765]]}},{"type":"Feature","properties":{"shape_id":"{}","direction_id":"{\"1\": 50}","headsign":"{}","duration_avg":120,"n_vehicles":50,"d":1200,"route_I_counts":"{\"1\": 50}","source":14,"target":13,"layer":"L","from":"上野広小路","to":"末広町"},"geometry":{"type":"LineString","coordinates":[[139.773011,35.707765],[139.771762,35.70278]]}},{"type":"Feature","properties":{"shape_id":"{}","direction_id":"{\"0\": 50}","headsign":"{}","duration_avg":120,"n_vehicles":50,"d":1200,"route_I_counts":"{\"1\": 50}","source":14,"target":15,"layer":"L","from":"上野広小路","to":"上野"},"geometry":{"type":"LineString","coordinates":[[139.773011,35.707765],[139.776075,35.711795]]}},{"type":"Feature","properties":{"shape_id":"{}","direction_id":"{\"1\": 50}","headsign":"{}","duration_avg":120,"n_vehicles":50,"d":1200,"route_I_counts":"{\"1\": 50}","source":15,"target":14,"layer":"L","from":"上野","to":"上野広小路"},"geometry":{"type":"LineString","coordinates":[[139.776075,35.711795],[139.773011,35.707765]]}},{"type":"Feature","properties":{"shape_id":"{}","direction_id":"{\"0\": 50}","headsign":"{}","duration_avg":120,"n_vehicles":50,"d":1200,"route_I_counts":"{\"1\": 50}","source":15,"target":16,"layer":"L","from":"上野","to":"稲荷町"},"geometry":{"type":"LineString","coordinates":[[139.776075,35.711795],[139.782668,35.711344]]}},{"type":"Feature","properties":{"shape_id":"{}","direction_id":"{\"1\": 50}","headsign":"{}","duration_avg":120,"n_vehicles":50,"d":1200,"route_I_counts":"{\"1\": 50}","source":16,"target":15,"layer":"L","from":"稲荷町","to":"上野"},"geometry":{"type":"LineString","coordinates":[[139.782668,35.711344],[139.776075,35.711795]]}},{"type":"Feature","properties":{"shape_id":"{}","direction_id":"{\"0\": 50}","headsign":"{}","duration_avg":120,"n_vehicles":50,"d":1200,"route_I_counts":"{\"1\": 50}","source":16,"target":17,"layer":"L","from":"稲荷町","to":"田原町"},"geometry":{"type":"LineString","coordinates":[[139.782668,35.711344],[139.790775,35.709842]]}},{"type":"Feature","properties":{"shape_id":"{}","direction_id":"{\"1\": 50}","headsign":"{}","duration_avg":120,"n_vehicles":50,"d":1200,"route_I_counts":"{\"1\": 50}","source":17,"target":16,"layer":"L","from":"田原町","to":"稲荷町"},"geometry":{"type":"LineString","coordinates":[[139.790775,35.709842],[139.782668,35.711344]]}},{"type":"Feature","properties":{"shape_id":"{}","direction_id":"{\"0\": 50}","headsign":"{}","duration_avg":120,"n_vehicles":50,"d":1200,"route_I_counts":"{\"1\": 50}","source":17,"target":18,"layer":"L","from":"田原町","to":"浅草"},"geometry":{"type":"LineString","coordinates":[[139.790775,35.709842],[139.797774,35.710746]]}},{"type":"Feature","properties":{"shape_id":"{}","direction_id":"{\"1\": 50}","headsign":"{}","duration_avg":120,"n_vehicles":50,"d":1200,"route_I_counts":"{\"1\": 50}","source":18,"target":17,"layer":"L","from":"浅草","to":"田原町"},"geometry":{"type":"LineString","coordinates":[[139.797774,35.710746],[139.790775,35.709842]]}},{"type":"Feature","properties":{"shape_id":"{}","direction_id":"{\"0\": 50}","headsign":"{}","duration_avg":120,"n_vehicles":50,"d":1200,"route_I_counts":"{\"2\": 50}","source":19,"target":20,"layer":"L","from":"荻窪","to":"南阿佐ケ谷"},"geometry":{"type":"LineString","coordinates":[[139.61976,35.704175],[139.635575,35.699455]]}},{"type":"Feature","properties":{"shape_id":"{}","direction_id":"{\"1\": 50}","headsign":"{}","duration_avg":120,"n_vehicles":50,"d":1200,"route_I_counts":"{\"2\": 50}","source":20,"target":19,"layer":"L","from":"南阿佐ケ谷","to":"荻窪"},"geometry":{"type":"LineString","coordinates":[[139.635575,35.699455],[139.61976,35.704175]]}},{"type":"Feature","properties":{"shape_id":"{}","direction_id":"{\"0\": 50}","headsign":"{}","duration_avg":120,"n_vehicles":50,"d":1200,"route_I_counts":"{\"2\": 50}","source":20,"target":21,"layer":"L","from":"南阿佐ケ谷","to":"新高円寺"},"geometry":{"type":"LineString","coordinates":[[139.635575,35.699455],[139.64851,35.69786]]}},{"type":"Feature","properties":{"shape_id":"{}","direction_id":"{\"1\": 50}","headsign":"{}","duration_avg":120,"n_vehicles":50,"d":1200,"route_I_counts":"{\"2\": 50}","source":21,"target":20,"layer":"L","from":"新高円寺","to":"南阿佐ケ谷"},"geometry":{"type":"LineString","coordinates":[[139.64851,35.69786],[139.635575,35.699455]]}},{"type":"Feature","properties":{"shape_id":"{}","direction_id":"{\"0\": 50}","headsign":"{}","duration_avg":120,"n_vehicles":50,"d":1200,"route_I_counts":"{\"2\": 50}","source":21,"target":22,"layer":"L","from":"新高円寺","to":"東高円寺"},"geometry":{"type":"LineString","coordinates":[[139.64851,35.69786],[139.658295,35.697965]]}},{"type":"Feature","properties":{"shape_id":"{}","direction_id":"{\"1\": 50}","headsign":"{}","duration_avg":120,"n_vehicles":50,"d":1200,"route_I_counts":"{\"2\": 50}","source":22,"target":21,"layer":"L","from":"東高円寺","to":"新高円寺"},"geometry":{"type":"LineString","coordinates":[[139.658295,35.697965],[139.64851,35.69786]]}},{"type":"Feature","properties":{"shape_id":"{}","direction_id":"{\"0\": 50}","headsign":"{}","duration_avg":120,"n_vehicles":50,"d":1200,"route_I_counts":"{\"2\": 50}","source":22,"target":23,"layer":"L","from":"東高円寺","to":"新中野"},"geometry":{"type":"LineString","coordinates":[[139.658295,35.697965],[139.66951,35.697475]]}},{"type":"Feature","properties":{"shape_id":"{}","direction_id":"{\"1\": 50}","headsign":"{}","duration_avg":120,"n_vehicles":50,"d":1200,"route_I_counts":"{\"2\": 50}","source":23,"target":22,"layer":"L","from":"新中野","to":"東高円寺"},"geometry":{"type":"LineString","coordinates":[[139.66951,35.697475],[139.658295,35.697965]]}},{"type":"Feature","properties":{"shape_id":"{}","direction_id":"{\"0\": 50}","headsign":"{}","duration_avg":120,"n_vehicles":50,"d":1200,"route_I_counts":"{\"2\": 50}","source":23,"target":24,"layer":"L","from":"新中野","to":"中野坂上"},"geometry":{"type":"LineString","coordinates":[[139.66951,35.697475],[139.682205,35.697085]]}},{"type":"Feature","properties":{"shape_id":"{}","direction_id":"{\"1\": 50}","headsign":"{}","duration_avg":120,"n_vehicles":50,"d":1200,"route_I_counts":"{\"2\": 50}","source":24,"target":23,"layer":"L","from":"中野坂上","to":"新中野"},"geometry":{"type":"LineString","coordinates":[[139.682205,35.697085],[139.66951,35.697475]]}},{"type":"Feature","properties":{"shape_id":"{}","direction_id":"{\"0\": 50}","headsign":"{}","duration_avg":120,"n_vehicles":50,"d":1200,"route_I_counts":"{\"2\": 50}","source":24,"target":25,"layer":"L","from":"中野坂上","to":"西新宿"},"geometry":{"type":"LineString","coordinates":[[139.682205,35.697085],[139.69256,35.694515]]}},{"type":"Feature","properties":{"shape_id":"{}","direction_id":"{\"1\": 50}","headsign":"{}","duration_avg":120,"n_vehicles":50,"d":1200,"route_I_counts":"{\"2\": 50}","source":25,"target":24,"layer":"L","from":"西新宿","to":"中野坂上"},"geometry":{"type":"LineString","coordinates":[[139.69256,35.694515],[139.682205,35.697085]]}},{"type":"Feature","properties":{"shape_id":"{}","direction_id":"{\"0\": 50}","headsign":"{}","duration_avg":120,"n_vehicles":50,"d":1200,"route_I_counts":"{\"2\": 50}","source":25,"target":26,"layer":"L","from":"西新宿","to":"新宿"},"geometry":{"type":"LineString","coordinates":[[139.69256,35.694515],[139.700548,35.692452]]}},{"type":"Feature","properties":{"shape_id":"{}","direction_id":"{\"1\": 50}","headsign":"{}","duration_avg":120,"n_vehicles":50,"d":1200,"route_I_counts":"{\"2\": 50}","source":26,"target":25,"layer":"L","from":"新宿","to":"西新宿"},"geometry":{"type":"LineString","coordinates":[[139.700548,35.692452],[139.69256,35.694515]]}},{"type":"Feature","properties":{"shape_id":"{}","direction_id":"{\"0\": 50}","headsign":"{}","duration_avg":120,"n_vehicles":50,"d":1200,"route_I_counts":"{\"2\": 50}","source":26,"target":27,"layer":"L","from":"新宿","to":"新宿三丁目"},"geometry":{"type":"LineString","coordinates":[[139.700548,35.692452],[139.70421,35.69118]]}},{"type":"Feature","properties":{"shape_id":"{}","direction_id":"{\"1\": 50}","headsign":"{}","duration_avg":120,"n_vehicles":50,"d":1200,"route_I_counts":"{\"2\": 50}","source":27,"target":26,"layer":"L","from":"新宿三丁目","to":"新宿"},"geometry":{"type":"LineString","coordinates":[[139.70421,35.69118],[139.700548,35.692452]]}},{"type":"Feature","properties":{"shape_id":"{}","direction_id":"{\"0\": 50}","headsign":"{}","duration_avg":120,"n_vehicles":50,"d":1200,"route_I_counts":"{\"2\": 50}","source":27,"target":28,"layer":"L","from":"新宿三丁目","to":"新宿御苑前"},"geometry":{"type":"LineString","coordinates":[[139.70421,35.69118],[139.710915,35.688525]]}},{"type":"Feature","properties":{"shape_id":"{}","direction_id":"{\"1\": 50}","headsign":"{}","duration_avg":120,"n_vehicles":50,"d":1200,"route_I_counts":"{\"2\": 50}","source":28,"target":27,"layer":"L","from":"新宿御苑前","to":"新宿三丁目"},"geometry":{"type":"LineString","coordinates":[[139.710915,35.688525],[139.70421,35.69118]]}},{"type":"Feature","properties":{"shape_id":"{}","direction_id":"{\"0\": 50}","headsign":"{}","duration_avg":120,"n_vehicles":50,"d":1200,"route_I_counts":"{\"2\": 50}","source":28,"target":29,"layer":"L","from":"新宿御苑前","to":"四谷三丁目"},"geometry":{"type":"LineString","coordinates":[[139.710915,35.688525],[139.720567,35.687972]]}},{"type":"Feature","properties":{"shape_id":"{}","direction_id":"{\"1\": 50}","headsign":"{}","duration_avg":120,"n_vehicles":50,"d":1200,"route_I_counts":"{\"2\": 50}","source":29,"target":28,"layer":"L","from":"四谷三丁目","to":"新宿御苑前"},"geometry":{"type":"LineString","coordinates":[[139.720567,35.687972],[139.710915,35.688525]]}},{"type":"Feature","properties":{"shape_id":"{}","direction_id":"{\"0\": 50}","headsign":"{}","duration_avg":120,"n_vehicles":50,"d":1200,"route_I_counts":"{\"2\": 50}","source":29,"target":30,"layer":"L","from":"四谷三丁目","to":"四ツ谷"},"geometry":{"type":"LineString","coordinates":[[139.720567,35.687972],[139.72997,35.684548]]}},{"type":"Feature","properties":{"shape_id":"{}","direction_id":"{\"1\": 50}","headsign":"{}","duration_avg":120,"n_vehicles":50,"d":1200,"route_I_counts":"{\"2\": 50}","source":30,"target":29,"layer":"L","from":"四ツ谷","to":"四谷三丁目"},"geometry":{"type":"LineString","coordinates":[[139.72997,35.684548],[139.720567,35.687972]]}},{"type":"Feature","properties":{"shape_id":"{}","direction_id":"{\"0\": 50}","headsign":"{}","duration_avg":120,"n_vehicles":50,"d":1200,"route_I_counts":"{\"2\": 50}","source":30,"target":4,"layer":"L","from":"四ツ谷","to":"赤坂見附"},"geometry":{"type":"LineString","coordinates":[[139.72997,35.684548],[139.737347,35.676845]]}},{"type":"Feature","properties":{"shape_id":"{}","direction_id":"{\"1\": 50}","headsign":"{}","duration_avg":120,"n_vehicles":50,"d":1200,"route_I_counts":"{\"2\": 50}","source":4,"target":30,"layer":"L","from":"赤坂見附","to":"四ツ谷"},"geometry":{"type":"LineString","coordinates":[[139.737347,35.676845],[139.72997,35.684548]]}},{"type":"Feature","properties":{"shape_id":"{}","direction_id":"{\"0\": 50}","headsign":"{}","duration_avg":120,"n_vehicles":50,"d":1200,"route_I_counts":"{\"2\": 50, \"6\": 50}","source":5,"target":31,"layer":"L","from":"溜池山王","to":"霞ケ関"},"geometry":{"type":"LineString","coordinates":[[139.741943,35.671511],[139.75268,35.674235]]}},{"type":"Feature","properties":{"shape_id":"{}","direction_id":"{\"1\": 50}","headsign":"{}","duration_avg":120,"n_vehicles":50,"d":1200,"route_I_counts":"{\"2\": 50, \"6\": 50}","source":31,"target":5,"layer":"L","from":"霞ケ関","to":"溜池山王"},"geometry":{"type":"LineString","coordinates":[[139.75268,35.674235],[139.741943,35.671511]]}},{"type":"Feature","properties":{"shape_id":"{}","direction_id":"{\"0\": 50}","headsign":"{}","duration_avg":120,"n_vehicles":50,"d":1200,"route_I_counts":"{\"2\": 50}","source":31,"target":8,"layer":"L","from":"霞ケ関","to":"銀座"},"geometry":{"type":"LineString","coordinates":[[139.75268,35.674235],[139.765366,35.6715]]}},{"type":"Feature","properties":{"shape_id":"{}","direction_id":"{\"1\": 50}","headsign":"{}","duration_avg":120,"n_vehicles":50,"d":1200,"route_I_counts":"{\"2\": 50}","source":8,"target":31,"layer":"L","from":"銀座","to":"霞ケ関"},"geometry":{"type":"LineString","coordinates":[[139.765366,35.6715],[139.75268,35.674235]]}},{"type":"Feature","properties":{"shape_id":"{}","direction_id":"{\"0\": 50}","headsign":"{}","duration_avg":120,"n_vehicles":50,"d":1200,"route_I_counts":"{\"2\": 50}","source":8,"target":32,"layer":"L","from":"銀座","to":"東京"},"geometry":{"type":"LineString","coordinates":[[139.765366,35.6715],[139.7648,35.681935]]}},{"type":"Feature","properties":{"shape_id":"{}","direction_id":"{\"1\": 50}","headsign":"{}","duration_avg":120,"n_vehicles":50,"d":1200,"route_I_counts":"{\"2\": 50}","source":32,"target":8,"layer":"L","from":"東京","to":"銀座"},"geometry":{"type":"LineString","coordinates":[[139.7648,35.681935],[139.765366,35.6715]]}},{"type":"Feature","properties":{"shape_id":"{}","direction_id":"{\"0\": 50}","headsign":"{}","duration_avg":120,"n_vehicles":50,"d":1200,"route_I_counts":"{\"2\": 50}","source":32,"target":33,"layer":"L","from":"東京","to":"大手町"},"geometry":{"type":"LineString","coordinates":[[139.7648,35.681935],[139.766203,35.686875]]}},{"type":"Feature","properties":{"shape_id":"{}","direction_id":"{\"1\": 50}","headsign":"{}","duration_avg":120,"n_vehicles":50,"d":1200,"route_I_counts":"{\"2\": 50}","source":33,"target":32,"layer":"L","from":"大手町","to":"東京"},"geometry":{"type":"LineString","coordinates":[[139.766203,35.686875],[139.7648,35.681935]]}},{"type":"Feature","properties":{"shape_id":"{}","direction_id":"{\"0\": 50}","headsign":"{}","duration_avg":120,"n_vehicles":50,"d":1200,"route_I_counts":"{\"2\": 50}","source":33,"target":34,"layer":"L","from":"大手町","to":"淡路町"},"geometry":{"type":"LineString","coordinates":[[139.766203,35.686875],[139.767455,35.69487]]}},{"type":"Feature","properties":{"shape_id":"{}","direction_id":"{\"1\": 50}","headsign":"{}","duration_avg":120,"n_vehicles":50,"d":1200,"route_I_counts":"{\"2\": 50}","source":34,"target":33,"layer":"L","from":"淡路町","to":"大手町"},"geometry":{"type":"LineString","coordinates":[[139.767455,35.69487],[139.766203,35.686875]]}},{"type":"Feature","properties":{"shape_id":"{}","direction_id":"{\"0\": 50}","headsign":"{}","duration_avg":120,"n_vehicles":50,"d":1200,"route_I_counts":"{\"2\": 50}","source":34,"target":35,"layer":"L","from":"淡路町","to":"御茶ノ水"},"geometry":{"type":"LineString","coordinates":[[139.767455,35.69487],[139.764026,35.700566]]}},{"type":"Feature","properties":{"shape_id":"{}","direction_id":"{\"1\": 50}","headsign":"{}","duration_avg":120,"n_vehicles":50,"d":1200,"route_I_counts":"{\"2\": 50}","source":35,"target":34,"layer":"L","from":"御茶ノ水","to":"淡路町"},"geometry":{"type":"LineString","coordinates":[[139.764026,35.700566],[139.767455,35.69487]]}},{"type":"Feature","properties":{"shape_id":"{}","direction_id":"{\"0\": 50}","headsign":"{}","duration_avg":120,"n_vehicles":50,"d":1200,"route_I_counts":"{\"2\": 50}","source":35,"target":36,"layer":"L","from":"御茶ノ水","to":"本郷三丁目"},"geometry":{"type":"LineString","coordinates":[[139.764026,35.700566],[139.760154,35.706726]]}},{"type":"Feature","properties":{"shape_id":"{}","direction_id":"{\"1\": 50}","headsign":"{}","duration_avg":120,"n_vehicles":50,"d":1200,"route_I_counts":"{\"2\": 50}","source":36,"target":35,"layer":"L","from":"本郷三丁目","to":"御茶ノ水"},"geometry":{"type":"LineString","coordinates":[[139.760154,35.706726],[139.764026,35.700566]]}},{"type":"Feature","properties":{"shape_id":"{}","direction_id":"{\"0\": 50}","headsign":"{}","duration_avg":120,"n_vehicles":50,"d":1200,"route_I_counts":"{\"2\": 50}","source":36,"target":37,"layer":"L","from":"本郷三丁目","to":"後楽園"},"geometry":{"type":"LineString","coordinates":[[139.760154,35.706726],[139.75125,35.707339]]}},{"type":"Feature","properties":{"shape_id":"{}","direction_id":"{\"1\": 50}","headsign":"{}","duration_avg":120,"n_vehicles":50,"d":1200,"route_I_counts":"{\"2\": 50}","source":37,"target":36,"layer":"L","from":"後楽園","to":"本郷三丁目"},"geometry":{"type":"LineString","coordinates":[[139.75125,35.707339],[139.760154,35.706726]]}},{"type":"Feature","properties":{"shape_id":"{}","direction_id":"{\"0\": 50}","headsign":"{}","duration_avg":120,"n_vehicles":50,"d":1200,"route_I_counts":"{\"2\": 50}","source":37,"target":38,"layer":"L","from":"後楽園","to":"茗荷谷"},"geometry":{"type":"LineString","coordinates":[[139.75125,35.707339],[139.736895,35.7172]]}},{"type":"Feature","properties":{"shape_id":"{}","direction_id":"{\"1\": 50}","headsign":"{}","duration_avg":120,"n_vehicles":50,"d":1200,"route_I_counts":"{\"2\": 50}","source":38,"target":37,"layer":"L","from":"茗荷谷","to":"後楽園"},"geometry":{"type":"LineString","coordinates":[[139.736895,35.7172],[139.75125,35.707339]]}},{"type":"Feature","properties":{"shape_id":"{}","direction_id":"{\"0\": 50}","headsign":"{}","duration_avg":120,"n_vehicles":50,"d":1200,"route_I_counts":"{\"2\": 50}","source":38,"target":39,"layer":"L","from":"茗荷谷","to":"新大塚"},"geometry":{"type":"LineString","coordinates":[[139.736895,35.7172],[139.729931,35.725792]]}},{"type":"Feature","properties":{"shape_id":"{}","direction_id":"{\"1\": 50}","headsign":"{}","duration_avg":120,"n_vehicles":50,"d":1200,"route_I_counts":"{\"2\": 50}","source":39,"target":38,"layer":"L","from":"新大塚","to":"茗荷谷"},"geometry":{"type":"LineString","coordinates":[[139.729931,35.725792],[139.736895,35.7172]]}},{"type":"Feature","properties":{"shape_id":"{}","direction_id":"{\"0\": 50}","headsign":"{}","duration_avg":120,"n_vehicles":50,"d":1200,"route_I_counts":"{\"2\": 50}","source":39,"target":40,"layer":"L","from":"新大塚","to":"池袋"},"geometry":{"type":"LineString","coordinates":[[139.729931,35.725792],[139.71115,35.730345]]}},{"type":"Feature","properties":{"shape_id":"{}","direction_id":"{\"1\": 50}","headsign":"{}","duration_avg":120,"n_vehicles":50,"d":1200,"route_I_counts":"{\"2\": 50}","source":40,"target":39,"layer":"L","from":"池袋","to":"新大塚"},"geometry":{"type":"LineString","coordinates":[[139.71115,35.730345],[139.729931,35.725792]]}},{"type":"Feature","properties":{"shape_id":"{}","direction_id":"{\"0\": 50}","headsign":"{}","duration_avg":120,"n_vehicles":50,"d":1200,"route_I_counts":"{\"3\": 50}","source":41,"target":42,"layer":"L","from":"方南町","to":"中野富士見町"},"geometry":{"type":"LineString","coordinates":[[139.657935,35.683515],[139.667243,35.69064]]}},{"type":"Feature","properties":{"shape_id":"{}","direction_id":"{\"1\": 50}","headsign":"{}","duration_avg":120,"n_vehicles":50,"d":1200,"route_I_counts":"{\"3\": 50}","source":42,"target":41,"layer":"L","from":"中野富士見町","to":"方南町"},"geometry":{"type":"LineString","coordinates":[[139.667243,35.69064],[139.657935,35.683515]]}},{"type":"Feature","properties":{"shape_id":"{}","direction_id":"{\"0\": 50}","headsign":"{}","duration_avg":120,"n_vehicles":50,"d":1200,"route_I_counts":"{\"3\": 50}","source":42,"target":43,"layer":"L","from":"中野富士見町","to":"中野新橋"},"geometry":{"type":"LineString","coordinates":[[139.667243,35.69064],[139.674001,35.691685]]}},{"type":"Feature","properties":{"shape_id":"{}","direction_id":"{\"1\": 50}","headsign":"{}","duration_avg":120,"n_vehicles":50,"d":1200,"route_I_counts":"{\"3\": 50}","source":43,"target":42,"layer":"L","from":"中野新橋","to":"中野富士見町"},"geometry":{"type":"LineString","coordinates":[[139.674001,35.691685],[139.667243,35.69064]]}},{"type":"Feature","properties":{"shape_id":"{}","direction_id":"{\"0\": 50}","headsign":"{}","duration_avg":120,"n_vehicles":50,"d":1200,"route_I_counts":"{\"3\": 50}","source":43,"target":24,"layer":"L","from":"中野新橋","to":"中野坂上"},"geometry":{"type":"LineString","coordinates":[[139.674001,35.691685],[139.682205,35.697085]]}},{"type":"Feature","properties":{"shape_id":"{}","direction_id":"{\"1\": 50}","headsign":"{}","duration_avg":120,"n_vehicles":50,"d":1200,"route_I_counts":"{\"3\": 50}","source":24,"target":43,"layer":"L","from":"中野坂上","to":"中野新橋"},"geometry":{"type":"LineString","coordinates":[[139.682205,35.697085],[139.674001,35.691685]]}},{"type":"Feature","properties":{"shape_id":"{}","direction_id":"{\"0\": 50}","headsign":"{}","duration_avg":120,"n_vehicles":50,"d":1200,"route_I_counts":"{\"4\": 50}","source":44,"target":45,"layer":"L","from":"中目黒","to":"恵比寿"},"geometry":{"type":"LineString","coordinates":[[139.699116,35.64431],[139.708701,35.64704]]}},{"type":"Feature","properties":{"shape_id":"{}","direction_id":"{\"1\": 50}","headsign":"{}","duration_avg":120,"n_vehicles":50,"d":1200,"route_I_counts":"{\"4\": 50}","source":45,"target":44,"layer":"L","from":"恵比寿","to":"中目黒"},"geometry":{"type":"LineString","coordinates":[[139.708701,35.64704],[139.699116,35.64431]]}},{"type":"Feature","properties":{"shape_id":"{}","direction_id":"{\"0\": 50}","headsign":"{}","duration_avg":120,"n_vehicles":50,"d":1200,"route_I_counts":"{\"4\": 50}","source":45,"target":46,"layer":"L","from":"恵比寿","to":"広尾"},"geometry":{"type":"LineString","coordinates":[[139.708701,35.64704],[139.722209,35.651499]]}},{"type":"Feature","properties":{"shape_id":"{}","direction_id":"{\"1\": 50}","headsign":"{}","duration_avg":120,"n_vehicles":50,"d":1200,"route_I_counts":"{\"4\": 50}","source":46,"target":45,"layer":"L","from":"広尾","to":"恵比寿"},"geometry":{"type":"LineString","coordinates":[[139.722209,35.651499],[139.708701,35.64704]]}},{"type":"Feature","properties":{"shape_id":"{}","direction_id":"{\"0\": 50}","headsign":"{}","duration_avg":120,"n_vehicles":50,"d":1200,"route_I_counts":"{\"4\": 50}","source":46,"target":47,"layer":"L","from":"広尾","to":"六本木"},"geometry":{"type":"LineString","coordinates":[[139.722209,35.651499],[139.731155,35.6628]]}},{"type":"Feature","properties":{"shape_id":"{}","direction_id":"{\"1\": 50}","headsign":"{}","duration_avg":120,"n_vehicles":50,"d":1200,"route_I_counts":"{\"4\": 50}","source":47,"target":46,"layer":"L","from":"六本木","to":"広尾"},"geometry":{"type":"LineString","coordinates":[[139.731155,35.6628],[139.722209,35.651499]]}},{"type":"Feature","properties":{"shape_id":"{}","direction_id":"{\"0\": 50}","headsign":"{}","duration_avg":120,"n_vehicles":50,"d":1200,"route_I_counts":"{\"4\": 50}","source":47,"target":48,"layer":"L","from":"六本木","to":"神谷町"},"geometry":{"type":"LineString","coordinates":[[139.731155,35.6628],[139.745048,35.662964]]}},{"type":"Feature","properties":{"shape_id":"{}","direction_id":"{\"1\": 50}","headsign":"{}","duration_avg":120,"n_vehicles":50,"d":1200,"route_I_counts":"{\"4\": 50}","source":48,"target":47,"layer":"L","from":"神谷町","to":"六本木"},"geometry":{"type":"LineString","coordinates":[[139.745048,35.662964],[139.731155,35.6628]]}},{"type":"Feature","properties":{"shape_id":"{}","direction_id":"{\"0\": 50}","headsign":"{}","duration_avg":120,"n_vehicles":50,"d":1200,"route_I_counts":"{\"4\": 50}","source":48,"target":49,"layer":"L","from":"神谷町","to":"虎ノ門ヒルズ"},"geometry":{"type":"LineString","coordinates":[[139.745048,35.662964],[139.747765,35.667469]]}},{"type":"Feature","properties":{"shape_id":"{}","direction_id":"{\"1\": 50}","headsign":"{}","duration_avg":120,"n_vehicles":50,"d":1200,"route_I_counts":"{\"4\": 50}","source":49,"target":48,"layer":"L","from":"虎ノ門ヒルズ","to":"神谷町"},"geometry":{"type":"LineString","coordinates":[[139.747765,35.667469],[139.745048,35.662964]]}},{"type":"Feature","properties":{"shape_id":"{}","direction_id":"{\"0\": 50}","headsign":"{}","duration_avg":120,"n_vehicles":50,"d":1200,"route_I_counts":"{\"4\": 50}","source":49,"target":31,"layer":"L","from":"虎ノ門ヒルズ","to":"霞ケ関"},"geometry":{"type":"LineString","coordinates":[[139.747765,35.667469],[139.75268,35.674235]]}},{"type":"Feature","properties":{"shape_id":"{}","direction_id":"{\"1\": 50}","headsign":"{}","duration_avg":120,"n_vehicles":50,"d":1200,"route_I_counts":"{\"4\": 50}","source":31,"target":49,"layer":"L","from":"霞ケ関","to":"虎ノ門ヒルズ"},"geometry":{"type":"LineString","coordinates":[[139.75268,35.674235],[139.747765,35.667469]]}},{"type":"Feature","properties":{"shape_id":"{}","direction_id":"{\"0\": 50}","headsign":"{}","duration_avg":120,"n_vehicles":50,"d":1200,"route_I_counts":"{\"4\": 50, \"6\": 50}","source":31,"target":50,"layer":"L","from":"霞ケ関","to":"日比谷"},"geometry":{"type":"LineString","coordinates":[[139.75268,35.674235],[139.7606,35.674271]]}},{"type":"Feature","properties":{"shape_id":"{}","direction_id":"{\"1\": 50}","headsign":"{}","duration_avg":120,"n_vehicles":50,"d":1200,"route_I_counts":"{\"4\": 50, \"6\": 50}","source":50,"target":31,"layer":"L","from":"日比谷","to":"霞ケ関"},"geometry":{"type":"LineString","coordinates":[[139.7606,35.674271],[139.75268,35.674235]]}},{"type":"Feature","properties":{"shape_id":"{}","direction_id":"{\"0\": 50}","headsign":"{}","duration_avg":120,"n_vehicles":50,"d":1200,"route_I_counts":"{\"4\": 50}","source":50,"target":8,"layer":"L","from":"日比谷","to":"銀座"},"geometry":{"type":"LineString","coordinates":[[139.7606,35.674271],[139.765366,35.6715]]}},{"type":"Feature","properties":{"shape_id":"{}","direction_id":"{\"1\": 50}","headsign":"{}","duration_avg":120,"n_vehicles":50,"d":1200,"route_I_counts":"{\"4\": 50}","source":8,"target":50,"layer":"L","from":"銀座","to":"日比谷"},"geometry":{"type":"LineString","coordinates":[[139.765366,35.6715],[139.7606,35.674271]]}},{"type":"Feature","properties":{"shape_id":"{}","direction_id":"{\"0\": 50}","headsign":"{}","duration_avg":120,"n_vehicles":50,"d":1200,"route_I_counts":"{\"4\": 50}","source":8,"target":51,"layer":"L","from":"銀座","to":"東銀座"},"geometry":{"type":"LineString","coordinates":[[139.765366,35.6715],[139.767633,35.669129]]}},{"type":"Feature","properties":{"shape_id":"{}","direction_id":"{\"1\": 50}","headsign":"{}","duration_avg":120,"n_vehicles":50,"d":1200,"route_I_counts":"{\"4\": 50}","source":51,"target":8,"layer":"L","from":"東銀座","to":"銀座"},"geometry":{"type":"LineString","coordinates":[[139.767633,35.669129],[139.765366,35.6715]]}},{"type":"Feature","properties":{"shape_id":"{}","direction_id":"{\"0\": 50}","headsign":"{}","duration_avg":120,"n_vehicles":50,"d":1200,"route_I_counts":"{\"4\": 50}","source":51,"target":52,"layer":"L","from":"東銀座","to":"築地"},"geometry":{"type":"LineString","coordinates":[[139.767633,35.669129],[139.772473,35.667928]]}},{"type":"Feature","properties":{"shape_id":"{}","direction_id":"{\"1\": 50}","headsign":"{}","duration_avg":120,"n_vehicles":50,"d":1200,"route_I_counts":"{\"4\": 50}","source":52,"target":51,"layer":"L","from":"築地","to":"東銀座"},"geometry":{"type":"LineString","coordinates":[[139.772473,35.667928],[139.767633,35.669129]]}},{"type":"Feature","properties":{"shape_id":"{}","direction_id":"{\"0\": 50}","headsign":"{}","duration_avg":120,"n_vehicles":50,"d":1200,"route_I_counts":"{\"4\": 50}","source":52,"target":53,"layer":"L","from":"築地","to":"八丁堀"},"geometry":{"type":"LineString","coordinates":[[139.772473,35.667928],[139.777334,35.675368]]}},{"type":"Feature","properties":{"shape_id":"{}","direction_id":"{\"1\": 50}","headsign":"{}","duration_avg":120,"n_vehicles":50,"d":1200,"route_I_counts":"{\"4\": 50}","source":53,"target":52,"layer":"L","from":"八丁堀","to":"築地"},"geometry":{"type":"LineString","coordinates":[[139.777334,35.675368],[139.772473,35.667928]]}},{"type":"Feature","properties":{"shape_id":"{}","direction_id":"{\"0\": 50}","headsign":"{}","duration_avg":120,"n_vehicles":50,"d":1200,"route_I_counts":"{\"4\": 50}","source":53,"target":54,"layer":"L","from":"八丁堀","to":"茅場町"},"geometry":{"type":"LineString","coordinates":[[139.777334,35.675368],[139.779619,35.679078]]}},{"type":"Feature","properties":{"shape_id":"{}","direction_id":"{\"1\": 50}","headsign":"{}","duration_avg":120,"n_vehicles":50,"d":1200,"route_I_counts":"{\"4\": 50}","source":54,"target":53,"layer":"L","from":"茅場町","to":"八丁堀"},"geometry":{"type":"LineString","coordinates":[[139.779619,35.679078],[139.777334,35.675368]]}},{"type":"Feature","properties":{"shape_id":"{}","direction_id":"{\"0\": 50}","headsign":"{}","duration_avg":120,"n_vehicles":50,"d":1200,"route_I_counts":"{\"4\": 50}","source":54,"target":55,"layer":"L","from":"茅場町","to":"人形町"},"geometry":{"type":"LineString","coordinates":[[139.779619,35.679078],[139.782339,35.686259]]}},{"type":"Feature","properties":{"shape_id":"{}","direction_id":"{\"1\": 50}","headsign":"{}","duration_avg":120,"n_vehicles":50,"d":1200,"route_I_counts":"{\"4\": 50}","source":55,"target":54,"layer":"L","from":"人形町","to":"茅場町"},"geometry":{"type":"LineString","coordinates":[[139.782339,35.686259],[139.779619,35.679078]]}},{"type":"Feature","properties":{"shape_id":"{}","direction_id":"{\"0\": 50}","headsign":"{}","duration_avg":120,"n_vehicles":50,"d":1200,"route_I_counts":"{\"4\": 50}","source":55,"target":56,"layer":"L","from":"人形町","to":"小伝馬町"},"geometry":{"type":"LineString","coordinates":[[139.782339,35.686259],[139.778758,35.690423]]}},{"type":"Feature","properties":{"shape_id":"{}","direction_id":"{\"1\": 50}","headsign":"{}","duration_avg":120,"n_vehicles":50,"d":1200,"route_I_counts":"{\"4\": 50}","source":56,"target":55,"layer":"L","from":"小伝馬町","to":"人形町"},"geometry":{"type":"LineString","coordinates":[[139.778758,35.690423],[139.782339,35.686259]]}},{"type":"Feature","properties":{"shape_id":"{}","direction_id":"{\"0\": 50}","headsign":"{}","duration_avg":120,"n_vehicles":50,"d":1200,"route_I_counts":"{\"4\": 50}","source":56,"target":57,"layer":"L","from":"小伝馬町","to":"秋葉原"},"geometry":{"type":"LineString","coordinates":[[139.778758,35.690423],[139.775529,35.697965]]}},{"type":"Feature","properties":{"shape_id":"{}","direction_id":"{\"1\": 50}","headsign":"{}","duration_avg":120,"n_vehicles":50,"d":1200,"route_I_counts":"{\"4\": 50}","source":57,"target":56,"layer":"L","from":"秋葉原","to":"小伝馬町"},"geometry":{"type":"LineString","coordinates":[[139.775529,35.697965],[139.778758,35.690423]]}},{"type":"Feature","properties":{"shape_id":"{}","direction_id":"{\"0\": 50}","headsign":"{}","duration_avg":120,"n_vehicles":50,"d":1200,"route_I_counts":"{\"4\": 50}","source":57,"target":58,"layer":"L","from":"秋葉原","to":"仲御徒町"},"geometry":{"type":"LineString","coordinates":[[139.775529,35.697965],[139.77619,35.706655]]}},{"type":"Feature","properties":{"shape_id":"{}","direction_id":"{\"1\": 50}","headsign":"{}","duration_avg":120,"n_vehicles":50,"d":1200,"route_I_counts":"{\"4\": 50}","source":58,"target":57,"layer":"L","from":"仲御徒町","to":"秋葉原"},"geometry":{"type":"LineString","coordinates":[[139.77619,35.706655],[139.775529,35.697965]]}},{"type":"Feature","properties":{"shape_id":"{}","direction_id":"{\"0\": 50}","headsign":"{}","duration_avg":120,"n_vehicles":50,"d":1200,"route_I_counts":"{\"4\": 50}","source":58,"target":15,"layer":"L","from":"仲御徒町","to":"上野"},"geometry":{"type":"LineString","coordinates":[[139.77619,35.706655],[139.776075,35.711795]]}},{"type":"Feature","properties":{"shape_id":"{}","direction_id":"{\"1\": 50}","headsign":"{}","duration_avg":120,"n_vehicles":50,"d":1200,"route_I_counts":"{\"4\": 50}","source":15,"target":58,"layer":"L","from":"上野","to":"仲御徒町"},"geometry":{"type":"LineString","coordinates":[[139.776075,35.711795],[139.77619,35.706655]]}},{"type":"Feature","properties":{"shape_id":"{}","direction_id":"{\"0\": 50}","headsign":"{}","duration_avg":120,"n_vehicles":50,"d":1200,"route_I_counts":"{\"4\": 50}","source":15,"target":59,"layer":"L","from":"上野","to":"入谷"},"geometry":{"type":"LineString","coordinates":[[139.776075,35.711795],[139.784466,35.720565]]}},{"type":"Feature","properties":{"shape_id":"{}","direction_id":"{\"1\": 50}","headsign":"{}","duration_avg":120,"n_vehicles":50,"d":1200,"route_I_counts":"{\"4\": 50}","source":59,"target":15,"layer":"L","from":"入谷","to":"上野"},"geometry":{"type":"LineString","coordinates":[[139.784466,35.720565],[139.776075,35.711795]]}},{"type":"Feature","properties":{"shape_id":"{}","direction_id":"{\"0\": 50}","headsign":"{}","duration_avg":120,"n_vehicles":50,"d":1200,"route_I_counts":"{\"4\": 50}","source":59,"target":60,"layer":"L","from":"入谷","to":"三ノ輪"},"geometry":{"type":"LineString","coordinates":[[139.784466,35.720565],[139.7913,35.72955]]}},{"type":"Feature","properties":{"shape_id":"{}","direction_id":"{\"1\": 50}","headsign":"{}","duration_avg":120,"n_vehicles":50,"d":1200,"route_I_counts":"{\"4\": 50}","source":60,"target":59,"layer":"L","from":"三ノ輪","to":"入谷"},"geometry":{"type":"LineString","coordinates":[[139.7913,35.72955],[139.784466,35.720565]]}},{"type":"Feature","properties":{"shape_id":"{}","direction_id":"{\"0\": 50}","headsign":"{}","duration_avg":120,"n_vehicles":50,"d":1200,"route_I_counts":"{\"4\": 50}","source":60,"target":61,"layer":"L","from":"三ノ輪","to":"南千住"},"geometry":{"type":"LineString","coordinates":[[139.7913,35.72955],[139.79878,35.73231]]}},{"type":"Feature","properties":{"shape_id":"{}","direction_id":"{\"1\": 50}","headsign":"{}","duration_avg":120,"n_vehicles":50,"d":1200,"route_I_counts":"{\"4\": 50}","source":61,"target":60,"layer":"L","from":"南千住","to":"三ノ輪"},"geometry":{"type":"LineString","coordinates":[[139.79878,35.73231],[139.7913,35.72955]]}},{"type":"Feature","properties":{"shape_id":"{}","direction_id":"{\"0\": 50}","headsign":"{}","duration_avg":120,"n_vehicles":50,"d":1200,"route_I_counts":"{\"4\": 50}","source":61,"target":62,"layer":"L","from":"南千住","to":"北千住"},"geometry":{"type":"LineString","coordinates":[[139.79878,35.73231],[139.80556,35.74981]]}},{"type":"Feature","properties":{"shape_id":"{}","direction_id":"{\"1\": 50}","headsign":"{}","duration_avg":120,"n_vehicles":50,"d":1200,"route_I_counts":"{\"4\": 50}","source":62,"target":61,"layer":"L","from":"北千住","to":"南千住"},"geometry":{"type":"LineString","coordinates":[[139.80556,35.74981],[139.79878,35.73231]]}},{"type":"Feature","properties":{"shape_id":"{}","direction_id":"{\"0\": 50}","headsign":"{}","duration_avg":120,"n_vehicles":50,"d":1200,"route_I_counts":"{\"5\": 50}","source":63,"target":64,"layer":"L","from":"中野","to":"落合"},"geometry":{"type":"LineString","coordinates":[[139.66594,35.70573],[139.685965,35.710635]]}},{"type":"Feature","properties":{"shape_id":"{}","direction_id":"{\"1\": 50}","headsign":"{}","duration_avg":120,"n_vehicles":50,"d":1200,"route_I_counts":"{\"5\": 50}","source":64,"target":63,"layer":"L","from":"落合","to":"中野"},"geometry":{"type":"LineString","coordinates":[[139.685965,35.710635],[139.66594,35.70573]]}},{"type":"Feature","properties":{"shape_id":"{}","direction_id":"{\"0\": 50}","headsign":"{}","duration_avg":120,"n_vehicles":50,"d":1200,"route_I_counts":"{\"5\": 50}","source":64,"target":65,"layer":"L","from":"落合","to":"高田馬場"},"geometry":{"type":"LineString","coordinates":[[139.685965,35.710635],[139.705045,35.71328]]}},{"type":"Feature","properties":{"shape_id":"{}","direction_id":"{\"1\": 50}","headsign":"{}","duration_avg":120,"n_vehicles":50,"d":1200,"route_I_counts":"{\"5\": 50}","source":65,"target":64,"layer":"L","from":"高田馬場","to":"落合"},"geometry":{"type":"LineString","coordinates":[[139.705045,35.71328],[139.685965,35.710635]]}},{"type":"Feature","properties":{"shape_id":"{}","direction_id":"{\"0\": 50}","headsign":"{}","duration_avg":120,"n_vehicles":50,"d":1200,"route_I_counts":"{\"5\": 50}","source":65,"target":66,"layer":"L","from":"高田馬場","to":"早稲田"},"geometry":{"type":"LineString","coordinates":[[139.705045,35.71328],[139.721191,35.705803]]}},{"type":"Feature","properties":{"shape_id":"{}","direction_id":"{\"1\": 50}","headsign":"{}","duration_avg":120,"n_vehicles":50,"d":1200,"route_I_counts":"{\"5\": 50}","source":66,"target":65,"layer":"L","from":"早稲田","to":"高田馬場"},"geometry":{"type":"LineString","coordinates":[[139.721191,35.705803],[139.705045,35.71328]]}},{"type":"Feature","properties":{"shape_id":"{}","direction_id":"{\"0\": 50}","headsign":"{}","duration_avg":120,"n_vehicles":50,"d":1200,"route_I_counts":"{\"5\": 50}","source":66,"target":67,"layer":"L","from":"早稲田","to":"神楽坂"},"geometry":{"type":"LineString","coordinates":[[139.721191,35.705803],[139.73452,35.703865]]}},{"type":"Feature","properties":{"shape_id":"{}","direction_id":"{\"1\": 50}","headsign":"{}","duration_avg":120,"n_vehicles":50,"d":1200,"route_I_counts":"{\"5\": 50}","source":67,"target":66,"layer":"L","from":"神楽坂","to":"早稲田"},"geometry":{"type":"LineString","coordinates":[[139.73452,35.703865],[139.721191,35.705803]]}},{"type":"Feature","properties":{"shape_id":"{}","direction_id":"{\"0\": 50}","headsign":"{}","duration_avg":120,"n_vehicles":50,"d":1200,"route_I_counts":"{\"5\": 50}","source":67,"target":68,"layer":"L","from":"神楽坂","to":"飯田橋"},"geometry":{"type":"LineString","coordinates":[[139.73452,35.703865],[139.746521,35.701403]]}},{"type":"Feature","properties":{"shape_id":"{}","direction_id":"{\"1\": 50}","headsign":"{}","duration_avg":120,"n_vehicles":50,"d":1200,"route_I_counts":"{\"5\": 50}","source":68,"target":67,"layer":"L","from":"飯田橋","to":"神楽坂"},"geometry":{"type":"LineString","coordinates":[[139.746521,35.701403],[139.73452,35.703865]]}},{"type":"Feature","properties":{"shape_id":"{}","direction_id":"{\"0\": 50}","headsign":"{}","duration_avg":120,"n_vehicles":50,"d":1200,"route_I_counts":"{\"5\": 50}","source":68,"target":69,"layer":"L","from":"飯田橋","to":"九段下"},"geometry":{"type":"LineString","coordinates":[[139.746521,35.701403],[139.751265,35.696091]]}},{"type":"Feature","properties":{"shape_id":"{}","direction_id":"{\"1\": 50}","headsign":"{}","duration_avg":120,"n_vehicles":50,"d":1200,"route_I_counts":"{\"5\": 50}","source":69,"target":68,"layer":"L","from":"九段下","to":"飯田橋"},"geometry":{"type":"LineString","coordinates":[[139.751265,35.696091],[139.746521,35.701403]]}},{"type":"Feature","properties":{"shape_id":"{}","direction_id":"{\"0\": 50}","headsign":"{}","duration_avg":120,"n_vehicles":50,"d":1200,"route_I_counts":"{\"5\": 50}","source":69,"target":70,"layer":"L","from":"九段下","to":"竹橋"},"geometry":{"type":"LineString","coordinates":[[139.751265,35.696091],[139.75767,35.69044]]}},{"type":"Feature","properties":{"shape_id":"{}","direction_id":"{\"1\": 50}","headsign":"{}","duration_avg":120,"n_vehicles":50,"d":1200,"route_I_counts":"{\"5\": 50}","source":70,"target":69,"layer":"L","from":"竹橋","to":"九段下"},"geometry":{"type":"LineString","coordinates":[[139.75767,35.69044],[139.751265,35.696091]]}},{"type":"Feature","properties":{"shape_id":"{}","direction_id":"{\"0\": 50}","headsign":"{}","duration_avg":120,"n_vehicles":50,"d":1200,"route_I_counts":"{\"5\": 50}","source":70,"target":33,"layer":"L","from":"竹橋","to":"大手町"},"geometry":{"type":"LineString","coordinates":[[139.75767,35.69044],[139.766203,35.686875]]}},{"type":"Feature","properties":{"shape_id":"{}","direction_id":"{\"1\": 50}","headsign":"{}","duration_avg":120,"n_vehicles":50,"d":1200,"route_I_counts":"{\"5\": 50}","source":33,"target":70,"layer":"L","from":"大手町","to":"竹橋"},"geometry":{"type":"LineString","coordinates":[[139.766203,35.686875],[139.75767,35.69044]]}},{"type":"Feature","properties":{"shape_id":"{}","direction_id":"{\"0\": 50}","headsign":"{}","duration_avg":120,"n_vehicles":50,"d":1200,"route_I_counts":"{\"5\": 50}","source":33,"target":10,"layer":"L","from":"大手町","to":"日本橋"},"geometry":{"type":"LineString","coordinates":[[139.766203,35.686875],[139.773335,35.681879]]}},{"type":"Feature","properties":{"shape_id":"{}","direction_id":"{\"1\": 50}","headsign":"{}","duration_avg":120,"n_vehicles":50,"d":1200,"route_I_counts":"{\"5\": 50}","source":10,"target":33,"layer":"L","from":"日本橋","to":"大手町"},"geometry":{"type":"LineString","coordinates":[[139.773335,35.681879],[139.766203,35.686875]]}},{"type":"Feature","properties":{"shape_id":"{}","direction_id":"{\"0\": 50}","headsign":"{}","duration_avg":120,"n_vehicles":50,"d":1200,"route_I_counts":"{\"5\": 50}","source":10,"target":54,"layer":"L","from":"日本橋","to":"茅場町"},"geometry":{"type":"LineString","coordinates":[[139.773335,35.681879],[139.779619,35.679078]]}},{"type":"Feature","properties":{"shape_id":"{}","direction_id":"{\"1\": 50}","headsign":"{}","duration_avg":120,"n_vehicles":50,"d":1200,"route_I_counts":"{\"5\": 50}","source":54,"target":10,"layer":"L","from":"茅場町","to":"日本橋"},"geometry":{"type":"LineString","coordinates":[[139.779619,35.679078],[139.773335,35.681879]]}},{"type":"Feature","properties":{"shape_id":"{}","direction_id":"{\"0\": 50}","headsign":"{}","duration_avg":120,"n_vehicles":50,"d":1200,"route_I_counts":"{\"5\": 50}","source":54,"target":71,"layer":"L","from":"茅場町","to":"門前仲町"},"geometry":{"type":"LineString","coordinates":[[139.779619,35.679078],[139.796099,35.671892]]}},{"type":"Feature","properties":{"shape_id":"{}","direction_id":"{\"1\": 50}","headsign":"{}","duration_avg":120,"n_vehicles":50,"d":1200,"route_I_counts":"{\"5\": 50}","source":71,"target":54,"layer":"L","from":"門前仲町","to":"茅場町"},"geometry":{"type":"LineString","coordinates":[[139.796099,35.671892],[139.779619,35.679078]]}},{"type":"Feature","properties":{"shape_id":"{}","direction_id":"{\"0\": 50}","headsign":"{}","duration_avg":120,"n_vehicles":50,"d":1200,"route_I_counts":"{\"5\": 50}","source":71,"target":72,"layer":"L","from":"門前仲町","to":"木場"},"geometry":{"type":"LineString","coordinates":[[139.796099,35.671892],[139.807115,35.669356]]}},{"type":"Feature","properties":{"shape_id":"{}","direction_id":"{\"1\": 50}","headsign":"{}","duration_avg":120,"n_vehicles":50,"d":1200,"route_I_counts":"{\"5\": 50}","source":72,"target":71,"layer":"L","from":"木場","to":"門前仲町"},"geometry":{"type":"LineString","coordinates":[[139.807115,35.669356],[139.796099,35.671892]]}},{"type":"Feature","properties":{"shape_id":"{}","direction_id":"{\"0\": 50}","headsign":"{}","duration_avg":120,"n_vehicles":50,"d":1200,"route_I_counts":"{\"5\": 50}","source":72,"target":73,"layer":"L","from":"木場","to":"東陽町"},"geometry":{"type":"LineString","coordinates":[[139.807115,35.669356],[139.81768,35.66959]]}},{"type":"Feature","properties":{"shape_id":"{}","direction_id":"{\"1\": 50}","headsign":"{}","duration_avg":120,"n_vehicles":50,"d":1200,"route_I_counts":"{\"5\": 50}","source":73,"target":72,"layer":"L","from":"東陽町","to":"木場"},"geometry":{"type":"LineString","coordinates":[[139.81768,35.66959],[139.807115,35.669356]]}},{"type":"Feature","properties":{"shape_id":"{}","direction_id":"{\"0\": 50}","headsign":"{}","duration_avg":120,"n_vehicles":50,"d":1200,"route_I_counts":"{\"5\": 50}","source":73,"target":74,"layer":"L","from":"東陽町","to":"南砂町"},"geometry":{"type":"LineString","coordinates":[[139.81768,35.66959],[139.831695,35.668415]]}},{"type":"Feature","properties":{"shape_id":"{}","direction_id":"{\"1\": 50}","headsign":"{}","duration_avg":120,"n_vehicles":50,"d":1200,"route_I_counts":"{\"5\": 50}","source":74,"target":73,"layer":"L","from":"南砂町","to":"東陽町"},"geometry":{"type":"LineString","coordinates":[[139.831695,35.668415],[139.81768,35.66959]]}},{"type":"Feature","properties":{"shape_id":"{}","direction_id":"{\"0\": 50}","headsign":"{}","duration_avg":120,"n_vehicles":50,"d":1200,"route_I_counts":"{\"5\": 50}","source":74,"target":75,"layer":"L","from":"南砂町","to":"西葛西"},"geometry":{"type":"LineString","coordinates":[[139.831695,35.668415],[139.8596,35.664562]]}},{"type":"Feature","properties":{"shape_id":"{}","direction_id":"{\"1\": 50}","headsign":"{}","duration_avg":120,"n_vehicles":50,"d":1200,"route_I_counts":"{\"5\": 50}","source":75,"target":74,"layer":"L","from":"西葛西","to":"南砂町"},"geometry":{"type":"LineString","coordinates":[[139.8596,35.664562],[139.831695,35.668415]]}},{"type":"Feature","properties":{"shape_id":"{}","direction_id":"{\"0\": 50}","headsign":"{}","duration_avg":120,"n_vehicles":50,"d":1200,"route_I_counts":"{\"5\": 50}","source":75,"target":76,"layer":"L","from":"西葛西","to":"葛西"},"geometry":{"type":"LineString","coordinates":[[139.8596,35.664562],[139.87253,35.663616]]}},{"type":"Feature","properties":{"shape_id":"{}","direction_id":"{\"1\": 50}","headsign":"{}","duration_avg":120,"n_vehicles":50,"d":1200,"route_I_counts":"{\"5\": 50}","source":76,"target":75,"layer":"L","from":"葛西","to":"西葛西"},"geometry":{"type":"LineString","coordinates":[[139.87253,35.663616],[139.8596,35.664562]]}},{"type":"Feature","properties":{"shape_id":"{}","direction_id":"{\"0\": 50}","headsign":"{}","duration_avg":120,"n_vehicles":50,"d":1200,"route_I_counts":"{\"5\": 50}","source":76,"target":77,"layer":"L","from":"葛西","to":"浦安"},"geometry":{"type":"LineString","coordinates":[[139.87253,35.663616],[139.893236,35.665903]]}},{"type":"Feature","properties":{"shape_id":"{}","direction_id":"{\"1\": 50}","headsign":"{}","duration_avg":120,"n_vehicles":50,"d":1200,"route_I_counts":"{\"5\": 50}","source":77,"target":76,"layer":"L","from":"浦安","to":"葛西"},"geometry":{"type":"LineString","coordinates":[[139.893236,35.665903],[139.87253,35.663616]]}},{"type":"Feature","properties":{"shape_id":"{}","direction_id":"{\"0\": 50}","headsign":"{}","duration_avg":120,"n_vehicles":50,"d":1200,"route_I_counts":"{\"5\": 50}","source":77,"target":78,"layer":"L","from":"浦安","to":"南行徳"},"geometry":{"type":"LineString","coordinates":[[139.893236,35.665903],[139.902276,35.672729]]}},{"type":"Feature","properties":{"shape_id":"{}","direction_id":"{\"1\": 50}","headsign":"{}","duration_avg":120,"n_vehicles":50,"d":1200,"route_I_counts":"{\"5\": 50}","source":78,"target":77,"layer":"L","from":"南行徳","to":"浦安"},"geometry":{"type":"LineString","coordinates":[[139.902276,35.672729],[139.893236,35.665903]]}},{"type":"Feature","properties":{"shape_id":"{}","direction_id":"{\"0\": 50}","headsign":"{}","duration_avg":120,"n_vehicles":50,"d":1200,"route_I_counts":"{\"5\": 50}","source":78,"target":79,"layer":"L","from":"南行徳","to":"行徳"},"geometry":{"type":"LineString","coordinates":[[139.902276,35.672729],[139.914185,35.68262]]}},{"type":"Feature","properties":{"shape_id":"{}","direction_id":"{\"1\": 50}","headsign":"{}","duration_avg":120,"n_vehicles":50,"d":1200,"route_I_counts":"{\"5\": 50}","source":79,"target":78,"layer":"L","from":"行徳","to":"南行徳"},"geometry":{"type":"LineString","coordinates":[[139.914185,35.68262],[139.902276,35.672729]]}},{"type":"Feature","properties":{"shape_id":"{}","direction_id":"{\"0\": 50}","headsign":"{}","duration_avg":120,"n_vehicles":50,"d":1200,"route_I_counts":"{\"5\": 50}","source":79,"target":80,"layer":"L","from":"行徳","to":"妙典"},"geometry":{"type":"LineString","coordinates":[[139.914185,35.68262],[139.924286,35.691014]]}},{"type":"Feature","properties":{"shape_id":"{}","direction_id":"{\"1\": 50}","headsign":"{}","duration_avg":120,"n_vehicles":50,"d":1200,"route_I_counts":"{\"5\": 50}","source":80,"target":79,"layer":"L","from":"妙典","to":"行徳"},"geometry":{"type":"LineString","coordinates":[[139.924286,35.691014],[139.914185,35.68262]]}},{"type":"Feature","properties":{"shape_id":"{}","direction_id":"{\"0\": 50}","headsign":"{}","duration_avg":120,"n_vehicles":50,"d":1200,"route_I_counts":"{\"5\": 50}","source":80,"target":81,"layer":"L","from":"妙典","to":"原木中山"},"geometry":{"type":"LineString","coordinates":[[139.924286,35.691014],[139.941915,35.7033]]}},{"type":"Feature","properties":{"shape_id":"{}","direction_id":"{\"1\": 50}","headsign":"{}","duration_avg":120,"n_vehicles":50,"d":1200,"route_I_counts":"{\"5\": 50}","source":81,"target":80,"layer":"L","from":"原木中山","to":"妙典"},"geometry":{"type":"LineString","coordinates":[[139.941915,35.7033],[139.924286,35.691014]]}},{"type":"Feature","properties":{"shape_id":"{}","direction_id":"{\"0\": 50}","headsign":"{}","duration_avg":120,"n_vehicles":50,"d":1200,"route_I_counts":"{\"5\": 50}","source":81,"target":82,"layer":"L","from":"原木中山","to":"西船橋"},"geometry":{"type":"LineString","coordinates":[[139.941915,35.7033],[139.95925,35.70713]]}},{"type":"Feature","properties":{"shape_id":"{}","direction_id":"{\"1\": 50}","headsign":"{}","duration_avg":120,"n_vehicles":50,"d":1200,"route_I_counts":"{\"5\": 50}","source":82,"target":81,"layer":"L","from":"西船橋","to":"原木中山"},"geometry":{"type":"LineString","coordinates":[[139.95925,35.70713],[139.941915,35.7033]]}},{"type":"Feature","properties":{"shape_id":"{}","direction_id":"{\"0\": 50}","headsign":"{}","duration_avg":120,"n_vehicles":50,"d":1200,"route_I_counts":"{\"6\": 50}","source":83,"target":84,"layer":"L","from":"代々木上原","to":"代々木公園"},"geometry":{"type":"LineString","coordinates":[[139.67968,35.66906],[139.689791,35.669104]]}},{"type":"Feature","properties":{"shape_id":"{}","direction_id":"{\"1\": 50}","headsign":"{}","duration_avg":120,"n_vehicles":50,"d":1200,"route_I_counts":"{\"6\": 50}","source":84,"target":83,"layer":"L","from":"代々木公園","to":"代々木上原"},"geometry":{"type":"LineString","coordinates":[[139.689791,35.669104],[139.67968,35.66906]]}},{"type":"Feature","properties":{"shape_id":"{}","direction_id":"{\"0\": 50}","headsign":"{}","duration_avg":120,"n_vehicles":50,"d":1200,"route_I_counts":"{\"6\": 50}","source":84,"target":85,"layer":"L","from":"代々木公園","to":"明治神宮前〈原宿〉"},"geometry":{"type":"LineString","coordinates":[[139.689791,35.669104],[139.703944,35.669123]]}},{"type":"Feature","properties":{"shape_id":"{}","direction_id":"{\"1\": 50}","headsign":"{}","duration_avg":120,"n_vehicles":50,"d":1200,"route_I_counts":"{\"6\": 50}","source":85,"target":84,"layer":"L","from":"明治神宮前〈原宿〉","to":"代々木公園"},"geometry":{"type":"LineString","coordinates":[[139.703944,35.669123],[139.689791,35.669104]]}},{"type":"Feature","properties":{"shape_id":"{}","direction_id":"{\"0\": 50}","headsign":"{}","duration_avg":120,"n_vehicles":50,"d":1200,"route_I_counts":"{\"6\": 50}","source":85,"target":1,"layer":"L","from":"明治神宮前〈原宿〉","to":"表参道"},"geometry":{"type":"LineString","coordinates":[[139.703944,35.669123],[139.712473,35.665042]]}},{"type":"Feature","properties":{"shape_id":"{}","direction_id":"{\"1\": 50}","headsign":"{}","duration_avg":120,"n_vehicles":50,"d":1200,"route_I_counts":"{\"6\": 50}","source":1,"target":85,"layer":"L","from":"表参道","to":"明治神宮前〈原宿〉"},"geometry":{"type":"LineString","coordinates":[[139.712473,35.665042],[139.703944,35.669123]]}},{"type":"Feature","properties":{"shape_id":"{}","direction_id":"{\"0\": 50}","headsign":"{}","duration_avg":120,"n_vehicles":50,"d":1200,"route_I_counts":"{\"6\": 50}","source":1,"target":86,"layer":"L","from":"表参道","to":"乃木坂"},"geometry":{"type":"LineString","coordinates":[[139.712473,35.665042],[139.726229,35.666592]]}},{"type":"Feature","properties":{"shape_id":"{}","direction_id":"{\"1\": 50}","headsign":"{}","duration_avg":120,"n_vehicles":50,"d":1200,"route_I_counts":"{\"6\": 50}","source":86,"target":1,"layer":"L","from":"乃木坂","to":"表参道"},"geometry":{"type":"LineString","coordinates":[[139.726229,35.666592],[139.712473,35.665042]]}},{"type":"Feature","properties":{"shape_id":"{}","direction_id":"{\"0\": 50}","headsign":"{}","duration_avg":120,"n_vehicles":50,"d":1200,"route_I_counts":"{\"6\": 50}","source":86,"target":87,"layer":"L","from":"乃木坂","to":"赤坂"},"geometry":{"type":"LineString","coordinates":[[139.726229,35.666592],[139.736413,35.672104]]}},{"type":"Feature","properties":{"shape_id":"{}","direction_id":"{\"1\": 50}","headsign":"{}","duration_avg":120,"n_vehicles":50,"d":1200,"route_I_counts":"{\"6\": 50}","source":87,"target":86,"layer":"L","from":"赤坂","to":"乃木坂"},"geometry":{"type":"LineString","coordinates":[[139.736413,35.672104],[139.726229,35.666592]]}},{"type":"Feature","properties":{"shape_id":"{}","direction_id":"{\"0\": 50}","headsign":"{}","duration_avg":120,"n_vehicles":50,"d":1200,"route_I_counts":"{\"6\": 50}","source":87,"target":5,"layer":"L","from":"赤坂","to":"溜池山王"},"geometry":{"type":"LineString","coordinates":[[139.736413,35.672104],[139.741943,35.671511]]}},{"type":"Feature","properties":{"shape_id":"{}","direction_id":"{\"1\": 50}","headsign":"{}","duration_avg":120,"n_vehicles":50,"d":1200,"route_I_counts":"{\"6\": 50}","source":5,"target":87,"layer":"L","from":"溜池山王","to":"赤坂"},"geometry":{"type":"LineString","coordinates":[[139.741943,35.671511],[139.736413,35.672104]]}},{"type":"Feature","properties":{"shape_id":"{}","direction_id":"{\"0\": 50}","headsign":"{}","duration_avg":120,"n_vehicles":50,"d":1200,"route_I_counts":"{\"6\": 50}","source":50,"target":88,"layer":"L","from":"日比谷","to":"二重橋前〈丸の内〉"},"geometry":{"type":"LineString","coordinates":[[139.7606,35.674271],[139.76178,35.680505]]}},{"type":"Feature","properties":{"shape_id":"{}","direction_id":"{\"1\": 50}","headsign":"{}","duration_avg":120,"n_vehicles":50,"d":1200,"route_I_counts":"{\"6\": 50}","source":88,"target":50,"layer":"L","from":"二重橋前〈丸の内〉","to":"日比谷"},"geometry":{"type":"LineString","coordinates":[[139.76178,35.680505],[139.7606,35.674271]]}},{"type":"Feature","properties":{"shape_id":"{}","direction_id":"{\"0\": 50}","headsign":"{}","duration_avg":120,"n_vehicles":50,"d":1200,"route_I_counts":"{\"6\": 50}","source":88,"target":33,"layer":"L","from":"二重橋前〈丸の内〉","to":"大手町"},"geometry":{"type":"LineString","coordinates":[[139.76178,35.680505],[139.766203,35.686875]]}},{"type":"Feature","properties":{"shape_id":"{}","direction_id":"{\"1\": 50}","headsign":"{}","duration_avg":120,"n_vehicles":50,"d":1200,"route_I_counts":"{\"6\": 50}","source":33,"target":88,"layer":"L","from":"大手町","to":"二重橋前〈丸の内〉"},"geometry":{"type":"LineString","coordinates":[[139.766203,35.686875],[139.76178,35.680505]]}},{"type":"Feature","properties":{"shape_id":"{}","direction_id":"{\"0\": 50}","headsign":"{}","duration_avg":120,"n_vehicles":50,"d":1200,"route_I_counts":"{\"6\": 50}","source":33,"target":89,"layer":"L","from":"大手町","to":"新御茶ノ水"},"geometry":{"type":"LineString","coordinates":[[139.766203,35.686875],[139.76545,35.696925]]}},{"type":"Feature","properties":{"shape_id":"{}","direction_id":"{\"1\": 50}","headsign":"{}","duration_avg":120,"n_vehicles":50,"d":1200,"route_I_counts":"{\"6\": 50}","source":89,"target":33,"layer":"L","from":"新御茶ノ水","to":"大手町"},"geometry":{"type":"LineString","coordinates":[[139.76545,35.696925],[139.766203,35.686875]]}},{"type":"Feature","properties":{"shape_id":"{}","direction_id":"{\"0\": 50}","headsign":"{}","duration_avg":120,"n_vehicles":50,"d":1200,"route_I_counts":"{\"6\": 50}","source":89,"target":90,"layer":"L","from":"新御茶ノ水","to":"湯島"},"geometry":{"type":"LineString","coordinates":[[139.76545,35.696925],[139.769981,35.706805]]}},{"type":"Feature","properties":{"shape_id":"{}","direction_id":"{\"1\": 50}","headsign":"{}","duration_avg":120,"n_vehicles":50,"d":1200,"route_I_counts":"{\"6\": 50}","source":90,"target":89,"layer":"L","from":"湯島","to":"新御茶ノ水"},"geometry":{"type":"LineString","coordinates":[[139.769981,35.706805],[139.76545,35.696925]]}},{"type":"Feature","properties":{"shape_id":"{}","direction_id":"{\"0\": 50}","headsign":"{}","duration_avg":120,"n_vehicles":50,"d":1200,"route_I_counts":"{\"6\": 50}","source":90,"target":91,"layer":"L","from":"湯島","to":"根津"},"geometry":{"type":"LineString","coordinates":[[139.769981,35.706805],[139.76575,35.717325]]}},{"type":"Feature","properties":{"shape_id":"{}","direction_id":"{\"1\": 50}","headsign":"{}","duration_avg":120,"n_vehicles":50,"d":1200,"route_I_counts":"{\"6\": 50}","source":91,"target":90,"layer":"L","from":"根津","to":"湯島"},"geometry":{"type":"LineString","coordinates":[[139.76575,35.717325],[139.769981,35.706805]]}},{"type":"Feature","properties":{"shape_id":"{}","direction_id":"{\"0\": 50}","headsign":"{}","duration_avg":120,"n_vehicles":50,"d":1200,"route_I_counts":"{\"6\": 50}","source":91,"target":92,"layer":"L","from":"根津","to":"千駄木"},"geometry":{"type":"LineString","coordinates":[[139.76575,35.717325],[139.763303,35.725746]]}},{"type":"Feature","properties":{"shape_id":"{}","direction_id":"{\"1\": 50}","headsign":"{}","duration_avg":120,"n_vehicles":50,"d":1200,"route_I_counts":"{\"6\": 50}","source":92,"target":91,"layer":"L","from":"千駄木","to":"根津"},"geometry":{"type":"LineString","coordinates":[[139.763303,35.725746],[139.76575,35.717325]]}},{"type":"Feature","properties":{"shape_id":"{}","direction_id":"{\"0\": 50}","headsign":"{}","duration_avg":120,"n_vehicles":50,"d":1200,"route_I_counts":"{\"6\": 50}","source":92,"target":93,"layer":"L","from":"千駄木","to":"西日暮里"},"geometry":{"type":"LineString","coordinates":[[139.763303,35.725746],[139.76689,35.732355]]}},{"type":"Feature","properties":{"shape_id":"{}","direction_id":"{\"1\": 50}","headsign":"{}","duration_avg":120,"n_vehicles":50,"d":1200,"route_I_counts":"{\"6\": 50}","source":93,"target":92,"layer":"L","from":"西日暮里","to":"千駄木"},"geometry":{"type":"LineString","coordinates":[[139.76689,35.732355],[139.763303,35.725746]]}},{"type":"Feature","properties":{"shape_id":"{}","direction_id":"{\"0\": 50}","headsign":"{}","duration_avg":120,"n_vehicles":50,"d":1200,"route_I_counts":"{\"6\": 50}","source":93,"target":94,"layer":"L","from":"西日暮里","to":"町屋"},"geometry":{"type":"LineString","coordinates":[[139.76689,35.732355],[139.780047,35.742068]]}},{"type":"Feature","properties":{"shape_id":"{}","direction_id":"{\"1\": 50}","headsign":"{}","duration_avg":120,"n_vehicles":50,"d":1200,"route_I_counts":"{\"6\": 50}","source":94,"target":93,"layer":"L","from":"町屋","to":"西日暮里"},"geometry":{"type":"LineString","coordinates":[[139.780047,35.742068],[139.76689,35.732355]]}},{"type":"Feature","properties":{"shape_id":"{}","direction_id":"{\"0\": 50}","headsign":"{}","duration_avg":120,"n_vehicles":50,"d":1200,"route_I_counts":"{\"6\": 50}","source":94,"target":62,"layer":"L","from":"町屋","to":"北千住"},"geometry":{"type":"LineString","coordinates":[[139.780047,35.742068],[139.80556,35.74981]]}},{"type":"Feature","properties":{"shape_id":"{}","direction_id":"{\"1\": 50}","headsign":"{}","duration_avg":120,"n_vehicles":50,"d":1200,"route_I_counts":"{\"6\": 50}","source":62,"target":94,"layer":"L","from":"北千住","to":"町屋"},"geometry":{"type":"LineString","coordinates":[[139.80556,35.74981],[139.780047,35.742068]]}},{"type":"Feature","properties":{"shape_id":"{}","direction_id":"{\"0\": 50}","headsign":"{}","duration_avg":120,"n_vehicles":50,"d":1200,"route_I_counts":"{\"6\": 50}","source":62,"target":95,"layer":"L","from":"北千住","to":"綾瀬"},"geometry":{"type":"LineString","coordinates":[[139.80556,35.74981],[139.82481,35.76212]]}},{"type":"Feature","properties":{"shape_id":"{}","direction_id":"{\"1\": 50}","headsign":"{}","duration_avg":120,"n_vehicles":50,"d":1200,"route_I_counts":"{\"6\": 50}","source":95,"target":62,"layer":"L","from":"綾瀬","to":"北千住"},"geometry":{"type":"LineString","coordinates":[[139.82481,35.76212],[139.80556,35.74981]]}},{"type":"Feature","properties":{"shape_id":"{}","direction_id":"{\"0\": 50}","headsign":"{}","duration_avg":120,"n_vehicles":50,"d":1200,"route_I_counts":"{\"6\": 50}","source":95,"target":96,"layer":"L","from":"綾瀬","to":"北綾瀬"},"geometry":{"type":"LineString","coordinates":[[139.82481,35.76212],[139.832095,35.77689]]}},{"type":"Feature","properties":{"shape_id":"{}","direction_id":"{\"1\": 50}","headsign":"{}","duration_avg":120,"n_vehicles":50,"d":1200,"route_I_counts":"{\"6\": 50}","source":96,"target":95,"layer":"L","from":"北綾瀬","to":"綾瀬"},"geometry":{"type":"LineString","coordinates":[[139.832095,35.77689],[139.82481,35.76212]]}},{"type":"Feature","properties":{"shape_id":"{}","direction_id":"{\"0\": 50}","headsign":"{}","duration_avg":120,"n_vehicles":50,"d":1200,"route_I_counts":"{\"10\": 50, \"7\": 50}","source":97,"target":98,"layer":"L","from":"和光市","to":"地下鉄成増"},"geometry":{"type":"LineString","coordinates":[[139.61286,35.78835],[139.63117,35.77674]]}},{"type":"Feature","properties":{"shape_id":"{}","direction_id":"{\"1\": 50}","headsign":"{}","duration_avg":120,"n_vehicles":50,"d":1200,"route_I_counts":"{\"10\": 50, \"7\": 50}","source":98,"target":97,"layer":"L","from":"地下鉄成増","to":"和光市"},"geometry":{"type":"LineString","coordinates":[[139.63117,35.77674],[139.61286,35.78835]]}},{"type":"Feature","properties":{"shape_id":"{}","direction_id":"{\"0\": 50}","headsign":"{}","duration_avg":120,"n_vehicles":50,"d":1200,"route_I_counts":"{\"10\": 50, \"7\": 50}","source":98,"target":99,"layer":"L","from":"地下鉄成増","to":"地下鉄赤塚"},"geometry":{"type":"LineString","coordinates":[[139.63117,35.77674],[139.644,35.769981]]}},{"type":"Feature","properties":{"shape_id":"{}","direction_id":"{\"1\": 50}","headsign":"{}","duration_avg":120,"n_vehicles":50,"d":1200,"route_I_counts":"{\"10\": 50, \"7\": 50}","source":99,"target":98,"layer":"L","from":"地下鉄赤塚","to":"地下鉄成増"},"geometry":{"type":"LineString","coordinates":[[139.644,35.769981],[139.63117,35.77674]]}},{"type":"Feature","properties":{"shape_id":"{}","direction_id":"{\"0\": 50}","headsign":"{}","duration_avg":120,"n_vehicles":50,"d":1200,"route_I_counts":"{\"10\": 50, \"7\": 50}","source":99,"target":100,"layer":"L","from":"地下鉄赤塚","to":"平和台"},"geometry":{"type":"LineString","coordinates":[[139.644,35.769981],[139.6543,35.757555]]}},{"type":"Feature","properties":{"shape_id":"{}","direction_id":"{\"1\": 50}","headsign":"{}","duration_avg":120,"n_vehicles":50,"d":1200,"route_I_counts":"{\"10\": 50, \"7\": 50}","source":100,"target":99,"layer":"L","from":"平和台","to":"地下鉄赤塚"},"geometry":{"type":"LineString","coordinates":[[139.6543,35.757555],[139.644,35.769981]]}},{"type":"Feature","properties":{"shape_id":"{}","direction_id":"{\"0\": 50}","headsign":"{}","duration_avg":120,"n_vehicles":50,"d":1200,"route_I_counts":"{\"10\": 50, \"7\": 50}","source":100,"target":101,"layer":"L","from":"平和台","to":"氷川台"},"geometry":{"type":"LineString","coordinates":[[139.6543,35.757555],[139.66547,35.74962]]}},{"type":"Feature","properties":{"shape_id":"{}","direction_id":"{\"1\": 50}","headsign":"{}","duration_avg":120,"n_vehicles":50,"d":1200,"route_I_counts":"{\"10\": 50, \"7\": 50}","source":101,"target":100,"layer":"L","from":"氷川台","to":"平和台"},"geometry":{"type":"LineString","coordinates":[[139.66547,35.74962],[139.6543,35.757555]]}},{"type":"Feature","properties":{"shape_id":"{}","direction_id":"{\"0\": 50}","headsign":"{}","duration_avg":120,"n_vehicles":50,"d":1200,"route_I_counts":"{\"10\": 50, \"7\": 50}","source":101,"target":102,"layer":"L","from":"氷川台","to":"小竹向原"},"geometry":{"type":"LineString","coordinates":[[139.66547,35.74962],[139.67952,35.743395]]}},{"type":"Feature","properties":{"shape_id":"{}","direction_id":"{\"1\": 50}","headsign":"{}","duration_avg":120,"n_vehicles":50,"d":1200,"route_I_counts":"{\"10\": 50, \"7\": 50}","source":102,"target":101,"layer":"L","from":"小竹向原","to":"氷川台"},"geometry":{"type":"LineString","coordinates":[[139.67952,35.743395],[139.66547,35.74962]]}},{"type":"Feature","properties":{"shape_id":"{}","direction_id":"{\"0\": 50}","headsign":"{}","duration_avg":120,"n_vehicles":50,"d":1200,"route_I_counts":"{\"10\": 50, \"7\": 50}","source":102,"target":103,"layer":"L","from":"小竹向原","to":"千川"},"geometry":{"type":"LineString","coordinates":[[139.67952,35.743395],[139.6894,35.738175]]}},{"type":"Feature","properties":{"shape_id":"{}","direction_id":"{\"1\": 50}","headsign":"{}","duration_avg":120,"n_vehicles":50,"d":1200,"route_I_counts":"{\"10\": 50, \"7\": 50}","source":103,"target":102,"layer":"L","from":"千川","to":"小竹向原"},"geometry":{"type":"LineString","coordinates":[[139.6894,35.738175],[139.67952,35.743395]]}},{"type":"Feature","properties":{"shape_id":"{}","direction_id":"{\"0\": 50}","headsign":"{}","duration_avg":120,"n_vehicles":50,"d":1200,"route_I_counts":"{\"10\": 50, \"7\": 50}","source":103,"target":104,"layer":"L","from":"千川","to":"要町"},"geometry":{"type":"LineString","coordinates":[[139.6894,35.738175],[139.69848,35.733215]]}},{"type":"Feature","properties":{"shape_id":"{}","direction_id":"{\"1\": 50}","headsign":"{}","duration_avg":120,"n_vehicles":50,"d":1200,"route_I_counts":"{\"10\": 50, \"7\": 50}","source":104,"target":103,"layer":"L","from":"要町","to":"千川"},"geometry":{"type":"LineString","coordinates":[[139.69848,35.733215],[139.6894,35.738175]]}},{"type":"Feature","properties":{"shape_id":"{}","direction_id":"{\"0\": 50}","headsign":"{}","duration_avg":120,"n_vehicles":50,"d":1200,"route_I_counts":"{\"10\": 50, \"7\": 50}","source":104,"target":40,"layer":"L","from":"要町","to":"池袋"},"geometry":{"type":"LineString","coordinates":[[139.69848,35.733215],[139.71115,35.730345]]}},{"type":"Feature","properties":{"shape_id":"{}","direction_id":"{\"1\": 50}","headsign":"{}","duration_avg":120,"n_vehicles":50,"d":1200,"route_I_counts":"{\"10\": 50, \"7\": 50}","source":40,"target":104,"layer":"L","from":"池袋","to":"要町"},"geometry":{"type":"LineString","coordinates":[[139.71115,35.730345],[139.69848,35.733215]]}},{"type":"Feature","properties":{"shape_id":"{}","direction_id":"{\"0\": 50}","headsign":"{}","duration_avg":120,"n_vehicles":50,"d":1200,"route_I_counts":"{\"7\": 50}","source":40,"target":105,"layer":"L","from":"池袋","to":"東池袋"},"geometry":{"type":"LineString","coordinates":[[139.71115,35.730345],[139.718865,35.72595]]}},{"type":"Feature","properties":{"shape_id":"{}","direction_id":"{\"1\": 50}","headsign":"{}","duration_avg":120,"n_vehicles":50,"d":1200,"route_I_counts":"{\"7\": 50}","source":105,"target":40,"layer":"L","from":"東池袋","to":"池袋"},"geometry":{"type":"LineString","coordinates":[[139.718865,35.72595],[139.71115,35.730345]]}},{"type":"Feature","properties":{"shape_id":"{}","direction_id":"{\"0\": 50}","headsign":"{}","duration_avg":120,"n_vehicles":50,"d":1200,"route_I_counts":"{\"7\": 50}","source":105,"target":106,"layer":"L","from":"東池袋","to":"護国寺"},"geometry":{"type":"LineString","coordinates":[[139.718865,35.72595],[139.72745,35.71918]]}},{"type":"Feature","properties":{"shape_id":"{}","direction_id":"{\"1\": 50}","headsign":"{}","duration_avg":120,"n_vehicles":50,"d":1200,"route_I_counts":"{\"7\": 50}","source":106,"target":105,"layer":"L","from":"護国寺","to":"東池袋"},"geometry":{"type":"LineString","coordinates":[[139.72745,35.71918],[139.718865,35.72595]]}},{"type":"Feature","properties":{"shape_id":"{}","direction_id":"{\"0\": 50}","headsign":"{}","duration_avg":120,"n_vehicles":50,"d":1200,"route_I_counts":"{\"7\": 50}","source":106,"target":107,"layer":"L","from":"護国寺","to":"江戸川橋"},"geometry":{"type":"LineString","coordinates":[[139.72745,35.71918],[139.733574,35.709537]]}},{"type":"Feature","properties":{"shape_id":"{}","direction_id":"{\"1\": 50}","headsign":"{}","duration_avg":120,"n_vehicles":50,"d":1200,"route_I_counts":"{\"7\": 50}","source":107,"target":106,"layer":"L","from":"江戸川橋","to":"護国寺"},"geometry":{"type":"LineString","coordinates":[[139.733574,35.709537],[139.72745,35.71918]]}},{"type":"Feature","properties":{"shape_id":"{}","direction_id":"{\"0\": 50}","headsign":"{}","duration_avg":120,"n_vehicles":50,"d":1200,"route_I_counts":"{\"7\": 50}","source":107,"target":68,"layer":"L","from":"江戸川橋","to":"飯田橋"},"geometry":{"type":"LineString","coordinates":[[139.733574,35.709537],[139.746521,35.701403]]}},{"type":"Feature","properties":{"shape_id":"{}","direction_id":"{\"1\": 50}","headsign":"{}","duration_avg":120,"n_vehicles":50,"d":1200,"route_I_counts":"{\"7\": 50}","source":68,"target":107,"layer":"L","from":"飯田橋","to":"江戸川橋"},"geometry":{"type":"LineString","coordinates":[[139.746521,35.701403],[139.733574,35.709537]]}},{"type":"Feature","properties":{"shape_id":"{}","direction_id":"{\"0\": 50}","headsign":"{}","duration_avg":120,"n_vehicles":50,"d":1200,"route_I_counts":"{\"9\": 50, \"7\": 50}","source":68,"target":108,"layer":"L","from":"飯田橋","to":"市ケ谷"},"geometry":{"type":"LineString","coordinates":[[139.746521,35.701403],[139.736891,35.692576]]}},{"type":"Feature","properties":{"shape_id":"{}","direction_id":"{\"1\": 50}","headsign":"{}","duration_avg":120,"n_vehicles":50,"d":1200,"route_I_counts":"{\"9\": 50, \"7\": 50}","source":108,"target":68,"layer":"L","from":"市ケ谷","to":"飯田橋"},"geometry":{"type":"LineString","coordinates":[[139.736891,35.692576],[139.746521,35.701403]]}},{"type":"Feature","properties":{"shape_id":"{}","direction_id":"{\"0\": 50}","headsign":"{}","duration_avg":120,"n_vehicles":50,"d":1200,"route_I_counts":"{\"7\": 50}","source":108,"target":109,"layer":"L","from":"市ケ谷","to":"麹町"},"geometry":{"type":"LineString","coordinates":[[139.736891,35.692576],[139.73735,35.684785]]}},{"type":"Feature","properties":{"shape_id":"{}","direction_id":"{\"1\": 50}","headsign":"{}","duration_avg":120,"n_vehicles":50,"d":1200,"route_I_counts":"{\"7\": 50}","source":109,"target":108,"layer":"L","from":"麹町","to":"市ケ谷"},"geometry":{"type":"LineString","coordinates":[[139.73735,35.684785],[139.736891,35.692576]]}},{"type":"Feature","properties":{"shape_id":"{}","direction_id":"{\"0\": 50}","headsign":"{}","duration_avg":120,"n_vehicles":50,"d":1200,"route_I_counts":"{\"7\": 50}","source":109,"target":110,"layer":"L","from":"麹町","to":"永田町"},"geometry":{"type":"LineString","coordinates":[[139.73735,35.684785],[139.741773,35.677895]]}},{"type":"Feature","properties":{"shape_id":"{}","direction_id":"{\"1\": 50}","headsign":"{}","duration_avg":120,"n_vehicles":50,"d":1200,"route_I_counts":"{\"7\": 50}","source":110,"target":109,"layer":"L","from":"永田町","to":"麹町"},"geometry":{"type":"LineString","coordinates":[[139.741773,35.677895],[139.73735,35.684785]]}},{"type":"Feature","properties":{"shape_id":"{}","direction_id":"{\"0\": 50}","headsign":"{}","duration_avg":120,"n_vehicles":50,"d":1200,"route_I_counts":"{\"7\": 50}","source":110,"target":111,"layer":"L","from":"永田町","to":"桜田門"},"geometry":{"type":"LineString","coordinates":[[139.741773,35.677895],[139.751886,35.677459]]}},{"type":"Feature","properties":{"shape_id":"{}","direction_id":"{\"1\": 50}","headsign":"{}","duration_avg":120,"n_vehicles":50,"d":1200,"route_I_counts":"{\"7\": 50}","source":111,"target":110,"layer":"L","from":"桜田門","to":"永田町"},"geometry":{"type":"LineString","coordinates":[[139.751886,35.677459],[139.741773,35.677895]]}},{"type":"Feature","properties":{"shape_id":"{}","direction_id":"{\"0\": 50}","headsign":"{}","duration_avg":120,"n_vehicles":50,"d":1200,"route_I_counts":"{\"7\": 50}","source":111,"target":112,"layer":"L","from":"桜田門","to":"有楽町"},"geometry":{"type":"LineString","coordinates":[[139.751886,35.677459],[139.762286,35.675973]]}},{"type":"Feature","properties":{"shape_id":"{}","direction_id":"{\"1\": 50}","headsign":"{}","duration_avg":120,"n_vehicles":50,"d":1200,"route_I_counts":"{\"7\": 50}","source":112,"target":111,"layer":"L","from":"有楽町","to":"桜田門"},"geometry":{"type":"LineString","coordinates":[[139.762286,35.675973],[139.751886,35.677459]]}},{"type":"Feature","properties":{"shape_id":"{}","direction_id":"{\"0\": 50}","headsign":"{}","duration_avg":120,"n_vehicles":50,"d":1200,"route_I_counts":"{\"7\": 50}","source":112,"target":113,"layer":"L","from":"有楽町","to":"銀座一丁目"},"geometry":{"type":"LineString","coordinates":[[139.762286,35.675973],[139.766786,35.674519]]}},{"type":"Feature","properties":{"shape_id":"{}","direction_id":"{\"1\": 50}","headsign":"{}","duration_avg":120,"n_vehicles":50,"d":1200,"route_I_counts":"{\"7\": 50}","source":113,"target":112,"layer":"L","from":"銀座一丁目","to":"有楽町"},"geometry":{"type":"LineString","coordinates":[[139.766786,35.674519],[139.762286,35.675973]]}},{"type":"Feature","properties":{"shape_id":"{}","direction_id":"{\"0\": 50}","headsign":"{}","duration_avg":120,"n_vehicles":50,"d":1200,"route_I_counts":"{\"7\": 50}","source":113,"target":114,"layer":"L","from":"銀座一丁目","to":"新富町"},"geometry":{"type":"LineString","coordinates":[[139.766786,35.674519],[139.773594,35.670529]]}},{"type":"Feature","properties":{"shape_id":"{}","direction_id":"{\"1\": 50}","headsign":"{}","duration_avg":120,"n_vehicles":50,"d":1200,"route_I_counts":"{\"7\": 50}","source":114,"target":113,"layer":"L","from":"新富町","to":"銀座一丁目"},"geometry":{"type":"LineString","coordinates":[[139.773594,35.670529],[139.766786,35.674519]]}},{"type":"Feature","properties":{"shape_id":"{}","direction_id":"{\"0\": 50}","headsign":"{}","duration_avg":120,"n_vehicles":50,"d":1200,"route_I_counts":"{\"7\": 50}","source":114,"target":115,"layer":"L","from":"新富町","to":"月島"},"geometry":{"type":"LineString","coordinates":[[139.773594,35.670529],[139.784405,35.664711]]}},{"type":"Feature","properties":{"shape_id":"{}","direction_id":"{\"1\": 50}","headsign":"{}","duration_avg":120,"n_vehicles":50,"d":1200,"route_I_counts":"{\"7\": 50}","source":115,"target":114,"layer":"L","from":"月島","to":"新富町"},"geometry":{"type":"LineString","coordinates":[[139.784405,35.664711],[139.773594,35.670529]]}},{"type":"Feature","properties":{"shape_id":"{}","direction_id":"{\"0\": 50}","headsign":"{}","duration_avg":120,"n_vehicles":50,"d":1200,"route_I_counts":"{\"7\": 50}","source":115,"target":116,"layer":"L","from":"月島","to":"豊洲"},"geometry":{"type":"LineString","coordinates":[[139.784405,35.664711],[139.795994,35.655153]]}},{"type":"Feature","properties":{"shape_id":"{}","direction_id":"{\"1\": 50}","headsign":"{}","duration_avg":120,"n_vehicles":50,"d":1200,"route_I_counts":"{\"7\": 50}","source":116,"target":115,"layer":"L","from":"豊洲","to":"月島"},"geometry":{"type":"LineString","coordinates":[[139.795994,35.655153],[139.784405,35.664711]]}},{"type":"Feature","properties":{"shape_id":"{}","direction_id":"{\"0\": 50}","headsign":"{}","duration_avg":120,"n_vehicles":50,"d":1200,"route_I_counts":"{\"7\": 50}","source":116,"target":117,"layer":"L","from":"豊洲","to":"辰巳"},"geometry":{"type":"LineString","coordinates":[[139.795994,35.655153],[139.81033,35.645775]]}},{"type":"Feature","properties":{"shape_id":"{}","direction_id":"{\"1\": 50}","headsign":"{}","duration_avg":120,"n_vehicles":50,"d":1200,"route_I_counts":"{\"7\": 50}","source":117,"target":116,"layer":"L","from":"辰巳","to":"豊洲"},"geometry":{"type":"LineString","coordinates":[[139.81033,35.645775],[139.795994,35.655153]]}},{"type":"Feature","properties":{"shape_id":"{}","direction_id":"{\"0\": 50}","headsign":"{}","duration_avg":120,"n_vehicles":50,"d":1200,"route_I_counts":"{\"7\": 50}","source":117,"target":118,"layer":"L","from":"辰巳","to":"新木場"},"geometry":{"type":"LineString","coordinates":[[139.81033,35.645775],[139.826605,35.64578]]}},{"type":"Feature","properties":{"shape_id":"{}","direction_id":"{\"1\": 50}","headsign":"{}","duration_avg":120,"n_vehicles":50,"d":1200,"route_I_counts":"{\"7\": 50}","source":118,"target":117,"layer":"L","from":"新木場","to":"辰巳"},"geometry":{"type":"LineString","coordinates":[[139.826605,35.64578],[139.81033,35.645775]]}},{"type":"Feature","properties":{"shape_id":"{}","direction_id":"{\"0\": 50}","headsign":"{}","duration_avg":120,"n_vehicles":50,"d":1200,"route_I_counts":"{\"8\": 50}","source":1,"target":3,"layer":"L","from":"表参道","to":"青山一丁目"},"geometry":{"type":"LineString","coordinates":[[139.712473,35.665042],[139.724145,35.67279]]}},{"type":"Feature","properties":{"shape_id":"{}","direction_id":"{\"1\": 50}","headsign":"{}","duration_avg":120,"n_vehicles":50,"d":1200,"route_I_counts":"{\"8\": 50}","source":3,"target":1,"layer":"L","from":"青山一丁目","to":"表参道"},"geometry":{"type":"LineString","coordinates":[[139.724145,35.67279],[139.712473,35.665042]]}},{"type":"Feature","properties":{"shape_id":"{}","direction_id":"{\"0\": 50}","headsign":"{}","duration_avg":120,"n_vehicles":50,"d":1200,"route_I_counts":"{\"8\": 50}","source":3,"target":110,"layer":"L","from":"青山一丁目","to":"永田町"},"geometry":{"type":"LineString","coordinates":[[139.724145,35.67279],[139.741773,35.677895]]}},{"type":"Feature","properties":{"shape_id":"{}","direction_id":"{\"1\": 50}","headsign":"{}","duration_avg":120,"n_vehicles":50,"d":1200,"route_I_counts":"{\"8\": 50}","source":110,"target":3,"layer":"L","from":"永田町","to":"青山一丁目"},"geometry":{"type":"LineString","coordinates":[[139.741773,35.677895],[139.724145,35.67279]]}},{"type":"Feature","properties":{"shape_id":"{}","direction_id":"{\"0\": 50}","headsign":"{}","duration_avg":120,"n_vehicles":50,"d":1200,"route_I_counts":"{\"8\": 50}","source":110,"target":119,"layer":"L","from":"永田町","to":"半蔵門"},"geometry":{"type":"LineString","coordinates":[[139.741773,35.677895],[139.741695,35.68538]]}},{"type":"Feature","properties":{"shape_id":"{}","direction_id":"{\"1\": 50}","headsign":"{}","duration_avg":120,"n_vehicles":50,"d":1200,"route_I_counts":"{\"8\": 50}","source":119,"target":110,"layer":"L","from":"半蔵門","to":"永田町"},"geometry":{"type":"LineString","coordinates":[[139.741695,35.68538],[139.741773,35.677895]]}},{"type":"Feature","properties":{"shape_id":"{}","direction_id":"{\"0\": 50}","headsign":"{}","duration_avg":120,"n_vehicles":50,"d":1200,"route_I_counts":"{\"8\": 50}","source":119,"target":69,"layer":"L","from":"半蔵門","to":"九段下"},"geometry":{"type":"LineString","coordinates":[[139.741695,35.68538],[139.751265,35.696091]]}},{"type":"Feature","properties":{"shape_id":"{}","direction_id":"{\"1\": 50}","headsign":"{}","duration_avg":120,"n_vehicles":50,"d":1200,"route_I_counts":"{\"8\": 50}","source":69,"target":119,"layer":"L","from":"九段下","to":"半蔵門"},"geometry":{"type":"LineString","coordinates":[[139.751265,35.696091],[139.741695,35.68538]]}},{"type":"Feature","properties":{"shape_id":"{}","direction_id":"{\"0\": 50}","headsign":"{}","duration_avg":120,"n_vehicles":50,"d":1200,"route_I_counts":"{\"8\": 50, \"13\": 50}","source":69,"target":120,"layer":"L","from":"九段下","to":"神保町"},"geometry":{"type":"LineString","coordinates":[[139.751265,35.696091],[139.75756,35.696021]]}},{"type":"Feature","properties":{"shape_id":"{}","direction_id":"{\"1\": 50}","headsign":"{}","duration_avg":120,"n_vehicles":50,"d":1200,"route_I_counts":"{\"8\": 50, \"13\": 50}","source":120,"target":69,"layer":"L","from":"神保町","to":"九段下"},"geometry":{"type":"LineString","coordinates":[[139.75756,35.696021],[139.751265,35.696091]]}},{"type":"Feature","properties":{"shape_id":"{}","direction_id":"{\"0\": 50}","headsign":"{}","duration_avg":120,"n_vehicles":50,"d":1200,"route_I_counts":"{\"8\": 50, \"12\": 50}","source":120,"target":33,"layer":"L","from":"神保町","to":"大手町"},"geometry":{"type":"LineString","coordinates":[[139.75756,35.696021],[139.766203,35.686875]]}},{"type":"Feature","properties":{"shape_id":"{}","direction_id":"{\"1\": 50}","headsign":"{}","duration_avg":120,"n_vehicles":50,"d":1200,"route_I_counts":"{\"8\": 50, \"12\": 50}","source":33,"target":120,"layer":"L","from":"大手町","to":"神保町"},"geometry":{"type":"LineString","coordinates":[[139.766203,35.686875],[139.75756,35.696021]]}},{"type":"Feature","properties":{"shape_id":"{}","direction_id":"{\"0\": 50}","headsign":"{}","duration_avg":120,"n_vehicles":50,"d":1200,"route_I_counts":"{\"8\": 50}","source":33,"target":11,"layer":"L","from":"大手町","to":"三越前"},"geometry":{"type":"LineString","coordinates":[[139.766203,35.686875],[139.773582,35.687173]]}},{"type":"Feature","properties":{"shape_id":"{}","direction_id":"{\"1\": 50}","headsign":"{}","duration_avg":120,"n_vehicles":50,"d":1200,"route_I_counts":"{\"8\": 50}","source":11,"target":33,"layer":"L","from":"三越前","to":"大手町"},"geometry":{"type":"LineString","coordinates":[[139.773582,35.687173],[139.766203,35.686875]]}},{"type":"Feature","properties":{"shape_id":"{}","direction_id":"{\"0\": 50}","headsign":"{}","duration_avg":120,"n_vehicles":50,"d":1200,"route_I_counts":"{\"8\": 50}","source":11,"target":121,"layer":"L","from":"三越前","to":"水天宮前"},"geometry":{"type":"LineString","coordinates":[[139.773582,35.687173],[139.785171,35.683]]}},{"type":"Feature","properties":{"shape_id":"{}","direction_id":"{\"1\": 50}","headsign":"{}","duration_avg":120,"n_vehicles":50,"d":1200,"route_I_counts":"{\"8\": 50}","source":121,"target":11,"layer":"L","from":"水天宮前","to":"三越前"},"geometry":{"type":"LineString","coordinates":[[139.785171,35.683],[139.773582,35.687173]]}},{"type":"Feature","properties":{"shape_id":"{}","direction_id":"{\"0\": 50}","headsign":"{}","duration_avg":120,"n_vehicles":50,"d":1200,"route_I_counts":"{\"8\": 50}","source":121,"target":122,"layer":"L","from":"水天宮前","to":"清澄白河"},"geometry":{"type":"LineString","coordinates":[[139.785171,35.683],[139.799841,35.682119]]}},{"type":"Feature","properties":{"shape_id":"{}","direction_id":"{\"1\": 50}","headsign":"{}","duration_avg":120,"n_vehicles":50,"d":1200,"route_I_counts":"{\"8\": 50}","source":122,"target":121,"layer":"L","from":"清澄白河","to":"水天宮前"},"geometry":{"type":"LineString","coordinates":[[139.799841,35.682119],[139.785171,35.683]]}},{"type":"Feature","properties":{"shape_id":"{}","direction_id":"{\"0\": 50}","headsign":"{}","duration_avg":120,"n_vehicles":50,"d":1200,"route_I_counts":"{\"8\": 50}","source":122,"target":123,"layer":"L","from":"清澄白河","to":"住吉"},"geometry":{"type":"LineString","coordinates":[[139.799841,35.682119],[139.815667,35.688704]]}},{"type":"Feature","properties":{"shape_id":"{}","direction_id":"{\"1\": 50}","headsign":"{}","duration_avg":120,"n_vehicles":50,"d":1200,"route_I_counts":"{\"8\": 50}","source":123,"target":122,"layer":"L","from":"住吉","to":"清澄白河"},"geometry":{"type":"LineString","coordinates":[[139.815667,35.688704],[139.799841,35.682119]]}},{"type":"Feature","properties":{"shape_id":"{}","direction_id":"{\"0\": 50}","headsign":"{}","duration_avg":120,"n_vehicles":50,"d":1200,"route_I_counts":"{\"8\": 50}","source":123,"target":124,"layer":"L","from":"住吉","to":"錦糸町"},"geometry":{"type":"LineString","coordinates":[[139.815667,35.688704],[139.814957,35.697441]]}},{"type":"Feature","properties":{"shape_id":"{}","direction_id":"{\"1\": 50}","headsign":"{}","duration_avg":120,"n_vehicles":50,"d":1200,"route_I_counts":"{\"8\": 50}","source":124,"target":123,"layer":"L","from":"錦糸町","to":"住吉"},"geometry":{"type":"LineString","coordinates":[[139.814957,35.697441],[139.815667,35.688704]]}},{"type":"Feature","properties":{"shape_id":"{}","direction_id":"{\"0\": 50}","headsign":"{}","duration_avg":120,"n_vehicles":50,"d":1200,"route_I_counts":"{\"8\": 50}","source":124,"target":125,"layer":"L","from":"錦糸町","to":"押上〈スカイツリー前〉"},"geometry":{"type":"LineString","coordinates":[[139.814957,35.697441],[139.813735,35.708467]]}},{"type":"Feature","properties":{"shape_id":"{}","direction_id":"{\"1\": 50}","headsign":"{}","duration_avg":120,"n_vehicles":50,"d":1200,"route_I_counts":"{\"8\": 50}","source":125,"target":124,"layer":"L","from":"押上〈スカイツリー前〉","to":"錦糸町"},"geometry":{"type":"LineString","coordinates":[[139.813735,35.708467],[139.814957,35.697441]]}},{"type":"Feature","properties":{"shape_id":"{}","direction_id":"{\"0\": 50}","headsign":"{}","duration_avg":120,"n_vehicles":50,"d":1200,"route_I_counts":"{\"9\": 50, \"12\": 50}","source":126,"target":127,"layer":"L","from":"目黒","to":"白金台"},"geometry":{"type":"LineString","coordinates":[[139.715456,35.63297],[139.726007,35.637851]]}},{"type":"Feature","properties":{"shape_id":"{}","direction_id":"{\"1\": 50}","headsign":"{}","duration_avg":120,"n_vehicles":50,"d":1200,"route_I_counts":"{\"9\": 50, \"12\": 50}","source":127,"target":126,"layer":"L","from":"白金台","to":"目黒"},"geometry":{"type":"LineString","coordinates":[[139.726007,35.637851],[139.715456,35.63297]]}},{"type":"Feature","properties":{"shape_id":"{}","direction_id":"{\"0\": 50}","headsign":"{}","duration_avg":120,"n_vehicles":50,"d":1200,"route_I_counts":"{\"9\": 50, \"12\": 50}","source":127,"target":128,"layer":"L","from":"白金台","to":"白金高輪"},"geometry":{"type":"LineString","coordinates":[[139.726007,35.637851],[139.734344,35.643283]]}},{"type":"Feature","properties":{"shape_id":"{}","direction_id":"{\"1\": 50}","headsign":"{}","duration_avg":120,"n_vehicles":50,"d":1200,"route_I_counts":"{\"9\": 50, \"12\": 50}","source":128,"target":127,"layer":"L","from":"白金高輪","to":"白金台"},"geometry":{"type":"LineString","coordinates":[[139.734344,35.643283],[139.726007,35.637851]]}},{"type":"Feature","properties":{"shape_id":"{}","direction_id":"{\"0\": 50}","headsign":"{}","duration_avg":120,"n_vehicles":50,"d":1200,"route_I_counts":"{\"9\": 50}","source":128,"target":129,"layer":"L","from":"白金高輪","to":"麻布十番"},"geometry":{"type":"LineString","coordinates":[[139.734344,35.643283],[139.737045,35.65481]]}},{"type":"Feature","properties":{"shape_id":"{}","direction_id":"{\"1\": 50}","headsign":"{}","duration_avg":120,"n_vehicles":50,"d":1200,"route_I_counts":"{\"9\": 50}","source":129,"target":128,"layer":"L","from":"麻布十番","to":"白金高輪"},"geometry":{"type":"LineString","coordinates":[[139.737045,35.65481],[139.734344,35.643283]]}},{"type":"Feature","properties":{"shape_id":"{}","direction_id":"{\"0\": 50}","headsign":"{}","duration_avg":120,"n_vehicles":50,"d":1200,"route_I_counts":"{\"9\": 50}","source":129,"target":130,"layer":"L","from":"麻布十番","to":"六本木一丁目"},"geometry":{"type":"LineString","coordinates":[[139.737045,35.65481],[139.7389,35.665075]]}},{"type":"Feature","properties":{"shape_id":"{}","direction_id":"{\"1\": 50}","headsign":"{}","duration_avg":120,"n_vehicles":50,"d":1200,"route_I_counts":"{\"9\": 50}","source":130,"target":129,"layer":"L","from":"六本木一丁目","to":"麻布十番"},"geometry":{"type":"LineString","coordinates":[[139.7389,35.665075],[139.737045,35.65481]]}},{"type":"Feature","properties":{"shape_id":"{}","direction_id":"{\"0\": 50}","headsign":"{}","duration_avg":120,"n_vehicles":50,"d":1200,"route_I_counts":"{\"9\": 50}","source":130,"target":5,"layer":"L","from":"六本木一丁目","to":"溜池山王"},"geometry":{"type":"LineString","coordinates":[[139.7389,35.665075],[139.741943,35.671511]]}},{"type":"Feature","properties":{"shape_id":"{}","direction_id":"{\"1\": 50}","headsign":"{}","duration_avg":120,"n_vehicles":50,"d":1200,"route_I_counts":"{\"9\": 50}","source":5,"target":130,"layer":"L","from":"溜池山王","to":"六本木一丁目"},"geometry":{"type":"LineString","coordinates":[[139.741943,35.671511],[139.7389,35.665075]]}},{"type":"Feature","properties":{"shape_id":"{}","direction_id":"{\"0\": 50}","headsign":"{}","duration_avg":120,"n_vehicles":50,"d":1200,"route_I_counts":"{\"9\": 50}","source":5,"target":110,"layer":"L","from":"溜池山王","to":"永田町"},"geometry":{"type":"LineString","coordinates":[[139.741943,35.671511],[139.741773,35.677895]]}},{"type":"Feature","properties":{"shape_id":"{}","direction_id":"{\"1\": 50}","headsign":"{}","duration_avg":120,"n_vehicles":50,"d":1200,"route_I_counts":"{\"9\": 50}","source":110,"target":5,"layer":"L","from":"永田町","to":"溜池山王"},"geometry":{"type":"LineString","coordinates":[[139.741773,35.677895],[139.741943,35.671511]]}},{"type":"Feature","properties":{"shape_id":"{}","direction_id":"{\"0\": 50}","headsign":"{}","duration_avg":120,"n_vehicles":50,"d":1200,"route_I_counts":"{\"9\": 50}","source":110,"target":30,"layer":"L","from":"永田町","to":"四ツ谷"},"geometry":{"type":"LineString","coordinates":[[139.741773,35.677895],[139.72997,35.684548]]}},{"type":"Feature","properties":{"shape_id":"{}","direction_id":"{\"1\": 50}","headsign":"{}","duration_avg":120,"n_vehicles":50,"d":1200,"route_I_counts":"{\"9\": 50}","source":30,"target":110,"layer":"L","from":"四ツ谷","to":"永田町"},"geometry":{"type":"LineString","coordinates":[[139.72997,35.684548],[139.741773,35.677895]]}},{"type":"Feature","properties":{"shape_id":"{}","direction_id":"{\"0\": 50}","headsign":"{}","duration_avg":120,"n_vehicles":50,"d":1200,"route_I_counts":"{\"9\": 50}","source":30,"target":108,"layer":"L","from":"四ツ谷","to":"市ケ谷"},"geometry":{"type":"LineString","coordinates":[[139.72997,35.684548],[139.736891,35.692576]]}},{"type":"Feature","properties":{"shape_id":"{}","direction_id":"{\"1\": 50}","headsign":"{}","duration_avg":120,"n_vehicles":50,"d":1200,"route_I_counts":"{\"9\": 50}","source":108,"target":30,"layer":"L","from":"市ケ谷","to":"四ツ谷"},"geometry":{"type":"LineString","coordinates":[[139.736891,35.692576],[139.72997,35.684548]]}},{"type":"Feature","properties":{"shape_id":"{}","direction_id":"{\"0\": 50}","headsign":"{}","duration_avg":120,"n_vehicles":50,"d":1200,"route_I_counts":"{\"9\": 50}","source":68,"target":37,"layer":"L","from":"飯田橋","to":"後楽園"},"geometry":{"type":"LineString","coordinates":[[139.746521,35.701403],[139.75125,35.707339]]}},{"type":"Feature","properties":{"shape_id":"{}","direction_id":"{\"1\": 50}","headsign":"{}","duration_avg":120,"n_vehicles":50,"d":1200,"route_I_counts":"{\"9\": 50}","source":37,"target":68,"layer":"L","from":"後楽園","to":"飯田橋"},"geometry":{"type":"LineString","coordinates":[[139.75125,35.707339],[139.746521,35.701403]]}},{"type":"Feature","properties":{"shape_id":"{}","direction_id":"{\"0\": 50}","headsign":"{}","duration_avg":120,"n_vehicles":50,"d":1200,"route_I_counts":"{\"9\": 50}","source":37,"target":131,"layer":"L","from":"後楽園","to":"東大前"},"geometry":{"type":"LineString","coordinates":[[139.75125,35.707339],[139.75788,35.718014]]}},{"type":"Feature","properties":{"shape_id":"{}","direction_id":"{\"1\": 50}","headsign":"{}","duration_avg":120,"n_vehicles":50,"d":1200,"route_I_counts":"{\"9\": 50}","source":131,"target":37,"layer":"L","from":"東大前","to":"後楽園"},"geometry":{"type":"LineString","coordinates":[[139.75788,35.718014],[139.75125,35.707339]]}},{"type":"Feature","properties":{"shape_id":"{}","direction_id":"{\"0\": 50}","headsign":"{}","duration_avg":120,"n_vehicles":50,"d":1200,"route_I_counts":"{\"9\": 50}","source":131,"target":132,"layer":"L","from":"東大前","to":"本駒込"},"geometry":{"type":"LineString","coordinates":[[139.75788,35.718014],[139.753812,35.724365]]}},{"type":"Feature","properties":{"shape_id":"{}","direction_id":"{\"1\": 50}","headsign":"{}","duration_avg":120,"n_vehicles":50,"d":1200,"route_I_counts":"{\"9\": 50}","source":132,"target":131,"layer":"L","from":"本駒込","to":"東大前"},"geometry":{"type":"LineString","coordinates":[[139.753812,35.724365],[139.75788,35.718014]]}},{"type":"Feature","properties":{"shape_id":"{}","direction_id":"{\"0\": 50}","headsign":"{}","duration_avg":120,"n_vehicles":50,"d":1200,"route_I_counts":"{\"9\": 50}","source":132,"target":133,"layer":"L","from":"本駒込","to":"駒込"},"geometry":{"type":"LineString","coordinates":[[139.753812,35.724365],[139.746909,35.735913]]}},{"type":"Feature","properties":{"shape_id":"{}","direction_id":"{\"1\": 50}","headsign":"{}","duration_avg":120,"n_vehicles":50,"d":1200,"route_I_counts":"{\"9\": 50}","source":133,"target":132,"layer":"L","from":"駒込","to":"本駒込"},"geometry":{"type":"LineString","coordinates":[[139.746909,35.735913],[139.753812,35.724365]]}},{"type":"Feature","properties":{"shape_id":"{}","direction_id":"{\"0\": 50}","headsign":"{}","duration_avg":120,"n_vehicles":50,"d":1200,"route_I_counts":"{\"9\": 50}","source":133,"target":134,"layer":"L","from":"駒込","to":"西ケ原"},"geometry":{"type":"LineString","coordinates":[[139.746909,35.735913],[139.74226,35.745945]]}},{"type":"Feature","properties":{"shape_id":"{}","direction_id":"{\"1\": 50}","headsign":"{}","duration_avg":120,"n_vehicles":50,"d":1200,"route_I_counts":"{\"9\": 50}","source":134,"target":133,"layer":"L","from":"西ケ原","to":"駒込"},"geometry":{"type":"LineString","coordinates":[[139.74226,35.745945],[139.746909,35.735913]]}},{"type":"Feature","properties":{"shape_id":"{}","direction_id":"{\"0\": 50}","headsign":"{}","duration_avg":120,"n_vehicles":50,"d":1200,"route_I_counts":"{\"9\": 50}","source":134,"target":135,"layer":"L","from":"西ケ原","to":"王子"},"geometry":{"type":"LineString","coordinates":[[139.74226,35.745945],[139.737362,35.75447]]}},{"type":"Feature","properties":{"shape_id":"{}","direction_id":"{\"1\": 50}","headsign":"{}","duration_avg":120,"n_vehicles":50,"d":1200,"route_I_counts":"{\"9\": 50}","source":135,"target":134,"layer":"L","from":"王子","to":"西ケ原"},"geometry":{"type":"LineString","coordinates":[[139.737362,35.75447],[139.74226,35.745945]]}},{"type":"Feature","properties":{"shape_id":"{}","direction_id":"{\"0\": 50}","headsign":"{}","duration_avg":120,"n_vehicles":50,"d":1200,"route_I_counts":"{\"9\": 50}","source":135,"target":136,"layer":"L","from":"王子","to":"王子神谷"},"geometry":{"type":"LineString","coordinates":[[139.737362,35.75447],[139.735641,35.765292]]}},{"type":"Feature","properties":{"shape_id":"{}","direction_id":"{\"1\": 50}","headsign":"{}","duration_avg":120,"n_vehicles":50,"d":1200,"route_I_counts":"{\"9\": 50}","source":136,"target":135,"layer":"L","from":"王子神谷","to":"王子"},"geometry":{"type":"LineString","coordinates":[[139.735641,35.765292],[139.737362,35.75447]]}},{"type":"Feature","properties":{"shape_id":"{}","direction_id":"{\"0\": 50}","headsign":"{}","duration_avg":120,"n_vehicles":50,"d":1200,"route_I_counts":"{\"9\": 50}","source":136,"target":137,"layer":"L","from":"王子神谷","to":"志茂"},"geometry":{"type":"LineString","coordinates":[[139.735641,35.765292],[139.7325,35.778025]]}},{"type":"Feature","properties":{"shape_id":"{}","direction_id":"{\"1\": 50}","headsign":"{}","duration_avg":120,"n_vehicles":50,"d":1200,"route_I_counts":"{\"9\": 50}","source":137,"target":136,"layer":"L","from":"志茂","to":"王子神谷"},"geometry":{"type":"LineString","coordinates":[[139.7325,35.778025],[139.735641,35.765292]]}},{"type":"Feature","properties":{"shape_id":"{}","direction_id":"{\"0\": 50}","headsign":"{}","duration_avg":120,"n_vehicles":50,"d":1200,"route_I_counts":"{\"9\": 50}","source":137,"target":138,"layer":"L","from":"志茂","to":"赤羽岩淵"},"geometry":{"type":"LineString","coordinates":[[139.7325,35.778025],[139.72211,35.783355]]}},{"type":"Feature","properties":{"shape_id":"{}","direction_id":"{\"1\": 50}","headsign":"{}","duration_avg":120,"n_vehicles":50,"d":1200,"route_I_counts":"{\"9\": 50}","source":138,"target":137,"layer":"L","from":"赤羽岩淵","to":"志茂"},"geometry":{"type":"LineString","coordinates":[[139.72211,35.783355],[139.7325,35.778025]]}},{"type":"Feature","properties":{"shape_id":"{}","direction_id":"{\"0\": 50}","headsign":"{}","duration_avg":120,"n_vehicles":50,"d":1200,"route_I_counts":"{\"10\": 50}","source":40,"target":139,"layer":"L","from":"池袋","to":"雑司が谷"},"geometry":{"type":"LineString","coordinates":[[139.71115,35.730345],[139.714715,35.7202]]}},{"type":"Feature","properties":{"shape_id":"{}","direction_id":"{\"1\": 50}","headsign":"{}","duration_avg":120,"n_vehicles":50,"d":1200,"route_I_counts":"{\"10\": 50}","source":139,"target":40,"layer":"L","from":"雑司が谷","to":"池袋"},"geometry":{"type":"LineString","coordinates":[[139.714715,35.7202],[139.71115,35.730345]]}},{"type":"Feature","properties":{"shape_id":"{}","direction_id":"{\"0\": 50}","headsign":"{}","duration_avg":120,"n_vehicles":50,"d":1200,"route_I_counts":"{\"10\": 50}","source":139,"target":140,"layer":"L","from":"雑司が谷","to":"西早稲田"},"geometry":{"type":"LineString","coordinates":[[139.714715,35.7202],[139.70912,35.707806]]}},{"type":"Feature","properties":{"shape_id":"{}","direction_id":"{\"1\": 50}","headsign":"{}","duration_avg":120,"n_vehicles":50,"d":1200,"route_I_counts":"{\"10\": 50}","source":140,"target":139,"layer":"L","from":"西早稲田","to":"雑司が谷"},"geometry":{"type":"LineString","coordinates":[[139.70912,35.707806],[139.714715,35.7202]]}},{"type":"Feature","properties":{"shape_id":"{}","direction_id":"{\"0\": 50}","headsign":"{}","duration_avg":120,"n_vehicles":50,"d":1200,"route_I_counts":"{\"10\": 50}","source":140,"target":141,"layer":"L","from":"西早稲田","to":"東新宿"},"geometry":{"type":"LineString","coordinates":[[139.70912,35.707806],[139.707846,35.699829]]}},{"type":"Feature","properties":{"shape_id":"{}","direction_id":"{\"1\": 50}","headsign":"{}","duration_avg":120,"n_vehicles":50,"d":1200,"route_I_counts":"{\"10\": 50}","source":141,"target":140,"layer":"L","from":"東新宿","to":"西早稲田"},"geometry":{"type":"LineString","coordinates":[[139.707846,35.699829],[139.70912,35.707806]]}},{"type":"Feature","properties":{"shape_id":"{}","direction_id":"{\"0\": 50}","headsign":"{}","duration_avg":120,"n_vehicles":50,"d":1200,"route_I_counts":"{\"10\": 50}","source":141,"target":27,"layer":"L","from":"東新宿","to":"新宿三丁目"},"geometry":{"type":"LineString","coordinates":[[139.707846,35.699829],[139.70421,35.69118]]}},{"type":"Feature","properties":{"shape_id":"{}","direction_id":"{\"1\": 50}","headsign":"{}","duration_avg":120,"n_vehicles":50,"d":1200,"route_I_counts":"{\"10\": 50}","source":27,"target":141,"layer":"L","from":"新宿三丁目","to":"東新宿"},"geometry":{"type":"LineString","coordinates":[[139.70421,35.69118],[139.707846,35.699829]]}},{"type":"Feature","properties":{"shape_id":"{}","direction_id":"{\"0\": 50}","headsign":"{}","duration_avg":120,"n_vehicles":50,"d":1200,"route_I_counts":"{\"10\": 50}","source":27,"target":142,"layer":"L","from":"新宿三丁目","to":"北参道"},"geometry":{"type":"LineString","coordinates":[[139.70421,35.69118],[139.705469,35.678503]]}},{"type":"Feature","properties":{"shape_id":"{}","direction_id":"{\"1\": 50}","headsign":"{}","duration_avg":120,"n_vehicles":50,"d":1200,"route_I_counts":"{\"10\": 50}","source":142,"target":27,"layer":"L","from":"北参道","to":"新宿三丁目"},"geometry":{"type":"LineString","coordinates":[[139.705469,35.678503],[139.70421,35.69118]]}},{"type":"Feature","properties":{"shape_id":"{}","direction_id":"{\"0\": 50}","headsign":"{}","duration_avg":120,"n_vehicles":50,"d":1200,"route_I_counts":"{\"10\": 50}","source":142,"target":85,"layer":"L","from":"北参道","to":"明治神宮前〈原宿〉"},"geometry":{"type":"LineString","coordinates":[[139.705469,35.678503],[139.703944,35.669123]]}},{"type":"Feature","properties":{"shape_id":"{}","direction_id":"{\"1\": 50}","headsign":"{}","duration_avg":120,"n_vehicles":50,"d":1200,"route_I_counts":"{\"10\": 50}","source":85,"target":142,"layer":"L","from":"明治神宮前〈原宿〉","to":"北参道"},"geometry":{"type":"LineString","coordinates":[[139.703944,35.669123],[139.705469,35.678503]]}},{"type":"Feature","properties":{"shape_id":"{}","direction_id":"{\"0\": 50}","headsign":"{}","duration_avg":120,"n_vehicles":50,"d":1200,"route_I_counts":"{\"10\": 50}","source":85,"target":0,"layer":"L","from":"明治神宮前〈原宿〉","to":"渋谷"},"geometry":{"type":"LineString","coordinates":[[139.703944,35.669123],[139.702445,35.658999]]}},{"type":"Feature","properties":{"shape_id":"{}","direction_id":"{\"1\": 50}","headsign":"{}","duration_avg":120,"n_vehicles":50,"d":1200,"route_I_counts":"{\"10\": 50}","source":0,"target":85,"layer":"L","from":"渋谷","to":"明治神宮前〈原宿〉"},"geometry":{"type":"LineString","coordinates":[[139.702445,35.658999],[139.703944,35.669123]]}},{"type":"Feature","properties":{"shape_id":"{}","direction_id":"{\"0\": 50}","headsign":"{}","duration_avg":120,"n_vehicles":50,"d":1200,"route_I_counts":"{\"11\": 50}","source":143,"target":144,"layer":"L","from":"西馬込","to":"馬込"},"geometry":{"type":"LineString","coordinates":[[139.706086,35.58705],[139.711884,35.596773]]}},{"type":"Feature","properties":{"shape_id":"{}","direction_id":"{\"1\": 50}","headsign":"{}","duration_avg":120,"n_vehicles":50,"d":1200,"route_I_counts":"{\"11\": 50}","source":144,"target":143,"layer":"L","from":"馬込","to":"西馬込"},"geometry":{"type":"LineString","coordinates":[[139.711884,35.596773],[139.706086,35.58705]]}},{"type":"Feature","properties":{"shape_id":"{}","direction_id":"{\"0\": 50}","headsign":"{}","duration_avg":120,"n_vehicles":50,"d":1200,"route_I_counts":"{\"11\": 50}","source":144,"target":145,"layer":"L","from":"馬込","to":"中延"},"geometry":{"type":"LineString","coordinates":[[139.711884,35.596773],[139.713645,35.605274]]}},{"type":"Feature","properties":{"shape_id":"{}","direction_id":"{\"1\": 50}","headsign":"{}","duration_avg":120,"n_vehicles":50,"d":1200,"route_I_counts":"{\"11\": 50}","source":145,"target":144,"layer":"L","from":"中延","to":"馬込"},"geometry":{"type":"LineString","coordinates":[[139.713645,35.605274],[139.711884,35.596773]]}},{"type":"Feature","properties":{"shape_id":"{}","direction_id":"{\"0\": 50}","headsign":"{}","duration_avg":120,"n_vehicles":50,"d":1200,"route_I_counts":"{\"11\": 50}","source":145,"target":146,"layer":"L","from":"中延","to":"戸越"},"geometry":{"type":"LineString","coordinates":[[139.713645,35.605274],[139.716315,35.614421]]}},{"type":"Feature","properties":{"shape_id":"{}","direction_id":"{\"1\": 50}","headsign":"{}","duration_avg":120,"n_vehicles":50,"d":1200,"route_I_counts":"{\"11\": 50}","source":146,"target":145,"layer":"L","from":"戸越","to":"中延"},"geometry":{"type":"LineString","coordinates":[[139.716315,35.614421],[139.713645,35.605274]]}},{"type":"Feature","properties":{"shape_id":"{}","direction_id":"{\"0\": 50}","headsign":"{}","duration_avg":120,"n_vehicles":50,"d":1200,"route_I_counts":"{\"11\": 50}","source":146,"target":147,"layer":"L","from":"戸越","to":"五反田"},"geometry":{"type":"LineString","coordinates":[[139.716315,35.614421],[139.72344,35.6263]]}},{"type":"Feature","properties":{"shape_id":"{}","direction_id":"{\"1\": 50}","headsign":"{}","duration_avg":120,"n_vehicles":50,"d":1200,"route_I_counts":"{\"11\": 50}","source":147,"target":146,"layer":"L","from":"五反田","to":"戸越"},"geometry":{"type":"LineString","coordinates":[[139.72344,35.6263],[139.716315,35.614421]]}},{"type":"Feature","properties":{"shape_id":"{}","direction_id":"{\"0\": 50}","headsign":"{}","duration_avg":120,"n_vehicles":50,"d":1200,"route_I_counts":"{\"11\": 50}","source":147,"target":148,"layer":"L","from":"五反田","to":"高輪台"},"geometry":{"type":"LineString","coordinates":[[139.72344,35.6263],[139.730384,35.631751]]}},{"type":"Feature","properties":{"shape_id":"{}","direction_id":"{\"1\": 50}","headsign":"{}","duration_avg":120,"n_vehicles":50,"d":1200,"route_I_counts":"{\"11\": 50}","source":148,"target":147,"layer":"L","from":"高輪台","to":"五反田"},"geometry":{"type":"LineString","coordinates":[[139.730384,35.631751],[139.72344,35.6263]]}},{"type":"Feature","properties":{"shape_id":"{}","direction_id":"{\"0\": 50}","headsign":"{}","duration_avg":120,"n_vehicles":50,"d":1200,"route_I_counts":"{\"11\": 50}","source":148,"target":149,"layer":"L","from":"高輪台","to":"泉岳寺"},"geometry":{"type":"LineString","coordinates":[[139.730384,35.631751],[139.739993,35.638715]]}},{"type":"Feature","properties":{"shape_id":"{}","direction_id":"{\"1\": 50}","headsign":"{}","duration_avg":120,"n_vehicles":50,"d":1200,"route_I_counts":"{\"11\": 50}","source":149,"target":148,"layer":"L","from":"泉岳寺","to":"高輪台"},"geometry":{"type":"LineString","coordinates":[[139.739993,35.638715],[139.730384,35.631751]]}},{"type":"Feature","properties":{"shape_id":"{}","direction_id":"{\"0\": 50}","headsign":"{}","duration_avg":120,"n_vehicles":50,"d":1200,"route_I_counts":"{\"11\": 50}","source":149,"target":150,"layer":"L","from":"泉岳寺","to":"三田"},"geometry":{"type":"LineString","coordinates":[[139.739993,35.638715],[139.746877,35.646749]]}},{"type":"Feature","properties":{"shape_id":"{}","direction_id":"{\"1\": 50}","headsign":"{}","duration_avg":120,"n_vehicles":50,"d":1200,"route_I_counts":"{\"11\": 50}","source":150,"target":149,"layer":"L","from":"三田","to":"泉岳寺"},"geometry":{"type":"LineString","coordinates":[[139.746877,35.646749],[139.739993,35.638715]]}},{"type":"Feature","properties":{"shape_id":"{}","direction_id":"{\"0\": 50}","headsign":"{}","duration_avg":120,"n_vehicles":50,"d":1200,"route_I_counts":"{\"11\": 50}","source":150,"target":151,"layer":"L","from":"三田","to":"大門"},"geometry":{"type":"LineString","coordinates":[[139.746877,35.646749],[139.754679,35.65687]]}},{"type":"Feature","properties":{"shape_id":"{}","direction_id":"{\"1\": 50}","headsign":"{}","duration_avg":120,"n_vehicles":50,"d":1200,"route_I_counts":"{\"11\": 50}","source":151,"target":150,"layer":"L","from":"大門","to":"三田"},"geometry":{"type":"LineString","coordinates":[[139.754679,35.65687],[139.746877,35.646749]]}},{"type":"Feature","properties":{"shape_id":"{}","direction_id":"{\"0\": 50}","headsign":"{}","duration_avg":120,"n_vehicles":50,"d":1200,"route_I_counts":"{\"11\": 50}","source":151,"target":7,"layer":"L","from":"大門","to":"新橋"},"geometry":{"type":"LineString","coordinates":[[139.754679,35.65687],[139.758512,35.667382]]}},{"type":"Feature","properties":{"shape_id":"{}","direction_id":"{\"1\": 50}","headsign":"{}","duration_avg":120,"n_vehicles":50,"d":1200,"route_I_counts":"{\"11\": 50}","source":7,"target":151,"layer":"L","from":"新橋","to":"大門"},"geometry":{"type":"LineString","coordinates":[[139.758512,35.667382],[139.754679,35.65687]]}},{"type":"Feature","properties":{"shape_id":"{}","direction_id":"{\"0\": 50}","headsign":"{}","duration_avg":120,"n_vehicles":50,"d":1200,"route_I_counts":"{\"11\": 50}","source":7,"target":51,"layer":"L","from":"新橋","to":"東銀座"},"geometry":{"type":"LineString","coordinates":[[139.758512,35.667382],[139.767633,35.669129]]}},{"type":"Feature","properties":{"shape_id":"{}","direction_id":"{\"1\": 50}","headsign":"{}","duration_avg":120,"n_vehicles":50,"d":1200,"route_I_counts":"{\"11\": 50}","source":51,"target":7,"layer":"L","from":"東銀座","to":"新橋"},"geometry":{"type":"LineString","coordinates":[[139.767633,35.669129],[139.758512,35.667382]]}},{"type":"Feature","properties":{"shape_id":"{}","direction_id":"{\"0\": 50}","headsign":"{}","duration_avg":120,"n_vehicles":50,"d":1200,"route_I_counts":"{\"11\": 50}","source":51,"target":152,"layer":"L","from":"東銀座","to":"宝町"},"geometry":{"type":"LineString","coordinates":[[139.767633,35.669129],[139.771966,35.675606]]}},{"type":"Feature","properties":{"shape_id":"{}","direction_id":"{\"1\": 50}","headsign":"{}","duration_avg":120,"n_vehicles":50,"d":1200,"route_I_counts":"{\"11\": 50}","source":152,"target":51,"layer":"L","from":"宝町","to":"東銀座"},"geometry":{"type":"LineString","coordinates":[[139.771966,35.675606],[139.767633,35.669129]]}},{"type":"Feature","properties":{"shape_id":"{}","direction_id":"{\"0\": 50}","headsign":"{}","duration_avg":120,"n_vehicles":50,"d":1200,"route_I_counts":"{\"11\": 50}","source":152,"target":10,"layer":"L","from":"宝町","to":"日本橋"},"geometry":{"type":"LineString","coordinates":[[139.771966,35.675606],[139.773335,35.681879]]}},{"type":"Feature","properties":{"shape_id":"{}","direction_id":"{\"1\": 50}","headsign":"{}","duration_avg":120,"n_vehicles":50,"d":1200,"route_I_counts":"{\"11\": 50}","source":10,"target":152,"layer":"L","from":"日本橋","to":"宝町"},"geometry":{"type":"LineString","coordinates":[[139.773335,35.681879],[139.771966,35.675606]]}},{"type":"Feature","properties":{"shape_id":"{}","direction_id":"{\"0\": 50}","headsign":"{}","duration_avg":120,"n_vehicles":50,"d":1200,"route_I_counts":"{\"11\": 50}","source":10,"target":55,"layer":"L","from":"日本橋","to":"人形町"},"geometry":{"type":"LineString","coordinates":[[139.773335,35.681879],[139.782339,35.686259]]}},{"type":"Feature","properties":{"shape_id":"{}","direction_id":"{\"1\": 50}","headsign":"{}","duration_avg":120,"n_vehicles":50,"d":1200,"route_I_counts":"{\"11\": 50}","source":55,"target":10,"layer":"L","from":"人形町","to":"日本橋"},"geometry":{"type":"LineString","coordinates":[[139.782339,35.686259],[139.773335,35.681879]]}},{"type":"Feature","properties":{"shape_id":"{}","direction_id":"{\"0\": 50}","headsign":"{}","duration_avg":120,"n_vehicles":50,"d":1200,"route_I_counts":"{\"11\": 50}","source":55,"target":153,"layer":"L","from":"人形町","to":"東日本橋"},"geometry":{"type":"LineString","coordinates":[[139.782339,35.686259],[139.784886,35.692123]]}},{"type":"Feature","properties":{"shape_id":"{}","direction_id":"{\"1\": 50}","headsign":"{}","duration_avg":120,"n_vehicles":50,"d":1200,"route_I_counts":"{\"11\": 50}","source":153,"target":55,"layer":"L","from":"東日本橋","to":"人形町"},"geometry":{"type":"LineString","coordinates":[[139.784886,35.692123],[139.782339,35.686259]]}},{"type":"Feature","properties":{"shape_id":"{}","direction_id":"{\"0\": 50}","headsign":"{}","duration_avg":120,"n_vehicles":50,"d":1200,"route_I_counts":"{\"11\": 50}","source":153,"target":154,"layer":"L","from":"東日本橋","to":"浅草橋"},"geometry":{"type":"LineString","coordinates":[[139.784886,35.692123],[139.78399,35.6974]]}},{"type":"Feature","properties":{"shape_id":"{}","direction_id":"{\"1\": 50}","headsign":"{}","duration_avg":120,"n_vehicles":50,"d":1200,"route_I_counts":"{\"11\": 50}","source":154,"target":153,"layer":"L","from":"浅草橋","to":"東日本橋"},"geometry":{"type":"LineString","coordinates":[[139.78399,35.6974],[139.784886,35.692123]]}},{"type":"Feature","properties":{"shape_id":"{}","direction_id":"{\"0\": 50}","headsign":"{}","duration_avg":120,"n_vehicles":50,"d":1200,"route_I_counts":"{\"11\": 50}","source":154,"target":155,"layer":"L","from":"浅草橋","to":"蔵前"},"geometry":{"type":"LineString","coordinates":[[139.78399,35.6974],[139.790858,35.703128]]}},{"type":"Feature","properties":{"shape_id":"{}","direction_id":"{\"1\": 50}","headsign":"{}","duration_avg":120,"n_vehicles":50,"d":1200,"route_I_counts":"{\"11\": 50}","source":155,"target":154,"layer":"L","from":"蔵前","to":"浅草橋"},"geometry":{"type":"LineString","coordinates":[[139.790858,35.703128],[139.78399,35.6974]]}},{"type":"Feature","properties":{"shape_id":"{}","direction_id":"{\"0\": 50}","headsign":"{}","duration_avg":120,"n_vehicles":50,"d":1200,"route_I_counts":"{\"11\": 50}","source":155,"target":18,"layer":"L","from":"蔵前","to":"浅草"},"geometry":{"type":"LineString","coordinates":[[139.790858,35.703128],[139.797774,35.710746]]}},{"type":"Feature","properties":{"shape_id":"{}","direction_id":"{\"1\": 50}","headsign":"{}","duration_avg":120,"n_vehicles":50,"d":1200,"route_I_counts":"{\"11\": 50}","source":18,"target":155,"layer":"L","from":"浅草","to":"蔵前"},"geometry":{"type":"LineString","coordinates":[[139.797774,35.710746],[139.790858,35.703128]]}},{"type":"Feature","properties":{"shape_id":"{}","direction_id":"{\"0\": 50}","headsign":"{}","duration_avg":120,"n_vehicles":50,"d":1200,"route_I_counts":"{\"11\": 50}","source":18,"target":156,"layer":"L","from":"浅草","to":"本所吾妻橋"},"geometry":{"type":"LineString","coordinates":[[139.797774,35.710746],[139.804397,35.708565]]}},{"type":"Feature","properties":{"shape_id":"{}","direction_id":"{\"1\": 50}","headsign":"{}","duration_avg":120,"n_vehicles":50,"d":1200,"route_I_counts":"{\"11\": 50}","source":156,"target":18,"layer":"L","from":"本所吾妻橋","to":"浅草"},"geometry":{"type":"LineString","coordinates":[[139.804397,35.708565],[139.797774,35.710746]]}},{"type":"Feature","properties":{"shape_id":"{}","direction_id":"{\"0\": 50}","headsign":"{}","duration_avg":120,"n_vehicles":50,"d":1200,"route_I_counts":"{\"11\": 50}","source":156,"target":125,"layer":"L","from":"本所吾妻橋","to":"押上〈スカイツリー前〉"},"geometry":{"type":"LineString","coordinates":[[139.804397,35.708565],[139.813735,35.708467]]}},{"type":"Feature","properties":{"shape_id":"{}","direction_id":"{\"1\": 50}","headsign":"{}","duration_avg":120,"n_vehicles":50,"d":1200,"route_I_counts":"{\"11\": 50}","source":125,"target":156,"layer":"L","from":"押上〈スカイツリー前〉","to":"本所吾妻橋"},"geometry":{"type":"LineString","coordinates":[[139.813735,35.708467],[139.804397,35.708565]]}},{"type":"Feature","properties":{"shape_id":"{}","direction_id":"{\"0\": 50}","headsign":"{}","duration_avg":120,"n_vehicles":50,"d":1200,"route_I_counts":"{\"12\": 50}","source":128,"target":150,"layer":"L","from":"白金高輪","to":"三田"},"geometry":{"type":"LineString","coordinates":[[139.734344,35.643283],[139.746877,35.646749]]}},{"type":"Feature","properties":{"shape_id":"{}","direction_id":"{\"1\": 50}","headsign":"{}","duration_avg":120,"n_vehicles":50,"d":1200,"route_I_counts":"{\"12\": 50}","source":150,"target":128,"layer":"L","from":"三田","to":"白金高輪"},"geometry":{"type":"LineString","coordinates":[[139.746877,35.646749],[139.734344,35.643283]]}},{"type":"Feature","properties":{"shape_id":"{}","direction_id":"{\"0\": 50}","headsign":"{}","duration_avg":120,"n_vehicles":50,"d":1200,"route_I_counts":"{\"12\": 50}","source":150,"target":157,"layer":"L","from":"三田","to":"芝公園"},"geometry":{"type":"LineString","coordinates":[[139.746877,35.646749],[139.74985,35.654186]]}},{"type":"Feature","properties":{"shape_id":"{}","direction_id":"{\"1\": 50}","headsign":"{}","duration_avg":120,"n_vehicles":50,"d":1200,"route_I_counts":"{\"12\": 50}","source":157,"target":150,"layer":"L","from":"芝公園","to":"三田"},"geometry":{"type":"LineString","coordinates":[[139.74985,35.654186],[139.746877,35.646749]]}},{"type":"Feature","properties":{"shape_id":"{}","direction_id":"{\"0\": 50}","headsign":"{}","duration_avg":120,"n_vehicles":50,"d":1200,"route_I_counts":"{\"12\": 50}","source":157,"target":158,"layer":"L","from":"芝公園","to":"御成門"},"geometry":{"type":"LineString","coordinates":[[139.74985,35.654186],[139.751366,35.660774]]}},{"type":"Feature","properties":{"shape_id":"{}","direction_id":"{\"1\": 50}","headsign":"{}","duration_avg":120,"n_vehicles":50,"d":1200,"route_I_counts":"{\"12\": 50}","source":158,"target":157,"layer":"L","from":"御成門","to":"芝公園"},"geometry":{"type":"LineString","coordinates":[[139.751366,35.660774],[139.74985,35.654186]]}},{"type":"Feature","properties":{"shape_id":"{}","direction_id":"{\"0\": 50}","headsign":"{}","duration_avg":120,"n_vehicles":50,"d":1200,"route_I_counts":"{\"12\": 50}","source":158,"target":159,"layer":"L","from":"御成門","to":"内幸町"},"geometry":{"type":"LineString","coordinates":[[139.751366,35.660774],[139.75533,35.669344]]}},{"type":"Feature","properties":{"shape_id":"{}","direction_id":"{\"1\": 50}","headsign":"{}","duration_avg":120,"n_vehicles":50,"d":1200,"route_I_counts":"{\"12\": 50}","source":159,"target":158,"layer":"L","from":"内幸町","to":"御成門"},"geometry":{"type":"LineString","coordinates":[[139.75533,35.669344],[139.751366,35.660774]]}},{"type":"Feature","properties":{"shape_id":"{}","direction_id":"{\"0\": 50}","headsign":"{}","duration_avg":120,"n_vehicles":50,"d":1200,"route_I_counts":"{\"12\": 50}","source":159,"target":50,"layer":"L","from":"内幸町","to":"日比谷"},"geometry":{"type":"LineString","coordinates":[[139.75533,35.669344],[139.7606,35.674271]]}},{"type":"Feature","properties":{"shape_id":"{}","direction_id":"{\"1\": 50}","headsign":"{}","duration_avg":120,"n_vehicles":50,"d":1200,"route_I_counts":"{\"12\": 50}","source":50,"target":159,"layer":"L","from":"日比谷","to":"内幸町"},"geometry":{"type":"LineString","coordinates":[[139.7606,35.674271],[139.75533,35.669344]]}},{"type":"Feature","properties":{"shape_id":"{}","direction_id":"{\"0\": 50}","headsign":"{}","duration_avg":120,"n_vehicles":50,"d":1200,"route_I_counts":"{\"12\": 50}","source":50,"target":33,"layer":"L","from":"日比谷","to":"大手町"},"geometry":{"type":"LineString","coordinates":[[139.7606,35.674271],[139.766203,35.686875]]}},{"type":"Feature","properties":{"shape_id":"{}","direction_id":"{\"1\": 50}","headsign":"{}","duration_avg":120,"n_vehicles":50,"d":1200,"route_I_counts":"{\"12\": 50}","source":33,"target":50,"layer":"L","from":"大手町","to":"日比谷"},"geometry":{"type":"LineString","coordinates":[[139.766203,35.686875],[139.7606,35.674271]]}},{"type":"Feature","properties":{"shape_id":"{}","direction_id":"{\"0\": 50}","headsign":"{}","duration_avg":120,"n_vehicles":50,"d":1200,"route_I_counts":"{\"12\": 50}","source":120,"target":160,"layer":"L","from":"神保町","to":"水道橋"},"geometry":{"type":"LineString","coordinates":[[139.75756,35.696021],[139.75341,35.70207]]}},{"type":"Feature","properties":{"shape_id":"{}","direction_id":"{\"1\": 50}","headsign":"{}","duration_avg":120,"n_vehicles":50,"d":1200,"route_I_counts":"{\"12\": 50}","source":160,"target":120,"layer":"L","from":"水道橋","to":"神保町"},"geometry":{"type":"LineString","coordinates":[[139.75341,35.70207],[139.75756,35.696021]]}},{"type":"Feature","properties":{"shape_id":"{}","direction_id":"{\"0\": 50}","headsign":"{}","duration_avg":120,"n_vehicles":50,"d":1200,"route_I_counts":"{\"12\": 50}","source":160,"target":161,"layer":"L","from":"水道橋","to":"春日"},"geometry":{"type":"LineString","coordinates":[[139.75341,35.70207],[139.753287,35.709532]]}},{"type":"Feature","properties":{"shape_id":"{}","direction_id":"{\"1\": 50}","headsign":"{}","duration_avg":120,"n_vehicles":50,"d":1200,"route_I_counts":"{\"12\": 50}","source":161,"target":160,"layer":"L","from":"春日","to":"水道橋"},"geometry":{"type":"LineString","coordinates":[[139.753287,35.709532],[139.75341,35.70207]]}},{"type":"Feature","properties":{"shape_id":"{}","direction_id":"{\"0\": 50}","headsign":"{}","duration_avg":120,"n_vehicles":50,"d":1200,"route_I_counts":"{\"12\": 50}","source":161,"target":162,"layer":"L","from":"春日","to":"白山"},"geometry":{"type":"LineString","coordinates":[[139.753287,35.709532],[139.752134,35.721682]]}},{"type":"Feature","properties":{"shape_id":"{}","direction_id":"{\"1\": 50}","headsign":"{}","duration_avg":120,"n_vehicles":50,"d":1200,"route_I_counts":"{\"12\": 50}","source":162,"target":161,"layer":"L","from":"白山","to":"春日"},"geometry":{"type":"LineString","coordinates":[[139.752134,35.721682],[139.753287,35.709532]]}},{"type":"Feature","properties":{"shape_id":"{}","direction_id":"{\"0\": 50}","headsign":"{}","duration_avg":120,"n_vehicles":50,"d":1200,"route_I_counts":"{\"12\": 50}","source":162,"target":163,"layer":"L","from":"白山","to":"千石"},"geometry":{"type":"LineString","coordinates":[[139.752134,35.721682],[139.744984,35.727772]]}},{"type":"Feature","properties":{"shape_id":"{}","direction_id":"{\"1\": 50}","headsign":"{}","duration_avg":120,"n_vehicles":50,"d":1200,"route_I_counts":"{\"12\": 50}","source":163,"target":162,"layer":"L","from":"千石","to":"白山"},"geometry":{"type":"LineString","coordinates":[[139.744984,35.727772],[139.752134,35.721682]]}},{"type":"Feature","properties":{"shape_id":"{}","direction_id":"{\"0\": 50}","headsign":"{}","duration_avg":120,"n_vehicles":50,"d":1200,"route_I_counts":"{\"12\": 50}","source":163,"target":164,"layer":"L","from":"千石","to":"巣鴨"},"geometry":{"type":"LineString","coordinates":[[139.744984,35.727772],[139.74032,35.73383]]}},{"type":"Feature","properties":{"shape_id":"{}","direction_id":"{\"1\": 50}","headsign":"{}","duration_avg":120,"n_vehicles":50,"d":1200,"route_I_counts":"{\"12\": 50}","source":164,"target":163,"layer":"L","from":"巣鴨","to":"千石"},"geometry":{"type":"LineString","coordinates":[[139.74032,35.73383],[139.744984,35.727772]]}},{"type":"Feature","properties":{"shape_id":"{}","direction_id":"{\"0\": 50}","headsign":"{}","duration_avg":120,"n_vehicles":50,"d":1200,"route_I_counts":"{\"12\": 50}","source":164,"target":165,"layer":"L","from":"巣鴨","to":"西巣鴨"},"geometry":{"type":"LineString","coordinates":[[139.74032,35.73383],[139.728703,35.743568]]}},{"type":"Feature","properties":{"shape_id":"{}","direction_id":"{\"1\": 50}","headsign":"{}","duration_avg":120,"n_vehicles":50,"d":1200,"route_I_counts":"{\"12\": 50}","source":165,"target":164,"layer":"L","from":"西巣鴨","to":"巣鴨"},"geometry":{"type":"LineString","coordinates":[[139.728703,35.743568],[139.74032,35.73383]]}},{"type":"Feature","properties":{"shape_id":"{}","direction_id":"{\"0\": 50}","headsign":"{}","duration_avg":120,"n_vehicles":50,"d":1200,"route_I_counts":"{\"12\": 50}","source":165,"target":166,"layer":"L","from":"西巣鴨","to":"新板橋"},"geometry":{"type":"LineString","coordinates":[[139.728703,35.743568],[139.719808,35.748772]]}},{"type":"Feature","properties":{"shape_id":"{}","direction_id":"{\"1\": 50}","headsign":"{}","duration_avg":120,"n_vehicles":50,"d":1200,"route_I_counts":"{\"12\": 50}","source":166,"target":165,"layer":"L","from":"新板橋","to":"西巣鴨"},"geometry":{"type":"LineString","coordinates":[[139.719808,35.748772],[139.728703,35.743568]]}},{"type":"Feature","properties":{"shape_id":"{}","direction_id":"{\"0\": 50}","headsign":"{}","duration_avg":120,"n_vehicles":50,"d":1200,"route_I_counts":"{\"12\": 50}","source":166,"target":167,"layer":"L","from":"新板橋","to":"板橋区役所前"},"geometry":{"type":"LineString","coordinates":[[139.719808,35.748772],[139.71012,35.751372]]}},{"type":"Feature","properties":{"shape_id":"{}","direction_id":"{\"1\": 50}","headsign":"{}","duration_avg":120,"n_vehicles":50,"d":1200,"route_I_counts":"{\"12\": 50}","source":167,"target":166,"layer":"L","from":"板橋区役所前","to":"新板橋"},"geometry":{"type":"LineString","coordinates":[[139.71012,35.751372],[139.719808,35.748772]]}},{"type":"Feature","properties":{"shape_id":"{}","direction_id":"{\"0\": 50}","headsign":"{}","duration_avg":120,"n_vehicles":50,"d":1200,"route_I_counts":"{\"12\": 50}","source":167,"target":168,"layer":"L","from":"板橋区役所前","to":"板橋本町"},"geometry":{"type":"LineString","coordinates":[[139.71012,35.751372],[139.705544,35.761309]]}},{"type":"Feature","properties":{"shape_id":"{}","direction_id":"{\"1\": 50}","headsign":"{}","duration_avg":120,"n_vehicles":50,"d":1200,"route_I_counts":"{\"12\": 50}","source":168,"target":167,"layer":"L","from":"板橋本町","to":"板橋区役所前"},"geometry":{"type":"LineString","coordinates":[[139.705544,35.761309],[139.71012,35.751372]]}},{"type":"Feature","properties":{"shape_id":"{}","direction_id":"{\"0\": 50}","headsign":"{}","duration_avg":120,"n_vehicles":50,"d":1200,"route_I_counts":"{\"12\": 50}","source":168,"target":169,"layer":"L","from":"板橋本町","to":"本蓮沼"},"geometry":{"type":"LineString","coordinates":[[139.705544,35.761309],[139.70241,35.768566]]}},{"type":"Feature","properties":{"shape_id":"{}","direction_id":"{\"1\": 50}","headsign":"{}","duration_avg":120,"n_vehicles":50,"d":1200,"route_I_counts":"{\"12\": 50}","source":169,"target":168,"layer":"L","from":"本蓮沼","to":"板橋本町"},"geometry":{"type":"LineString","coordinates":[[139.70241,35.768566],[139.705544,35.761309]]}},{"type":"Feature","properties":{"shape_id":"{}","direction_id":"{\"0\": 50}","headsign":"{}","duration_avg":120,"n_vehicles":50,"d":1200,"route_I_counts":"{\"12\": 50}","source":169,"target":170,"layer":"L","from":"本蓮沼","to":"志村坂上"},"geometry":{"type":"LineString","coordinates":[[139.70241,35.768566],[139.695097,35.776082]]}},{"type":"Feature","properties":{"shape_id":"{}","direction_id":"{\"1\": 50}","headsign":"{}","duration_avg":120,"n_vehicles":50,"d":1200,"route_I_counts":"{\"12\": 50}","source":170,"target":169,"layer":"L","from":"志村坂上","to":"本蓮沼"},"geometry":{"type":"LineString","coordinates":[[139.695097,35.776082],[139.70241,35.768566]]}},{"type":"Feature","properties":{"shape_id":"{}","direction_id":"{\"0\": 50}","headsign":"{}","duration_avg":120,"n_vehicles":50,"d":1200,"route_I_counts":"{\"12\": 50}","source":170,"target":171,"layer":"L","from":"志村坂上","to":"志村三丁目"},"geometry":{"type":"LineString","coordinates":[[139.695097,35.776082],[139.685751,35.777468]]}},{"type":"Feature","properties":{"shape_id":"{}","direction_id":"{\"1\": 50}","headsign":"{}","duration_avg":120,"n_vehicles":50,"d":1200,"route_I_counts":"{\"12\": 50}","source":171,"target":170,"layer":"L","from":"志村三丁目","to":"志村坂上"},"geometry":{"type":"LineString","coordinates":[[139.685751,35.777468],[139.695097,35.776082]]}},{"type":"Feature","properties":{"shape_id":"{}","direction_id":"{\"0\": 50}","headsign":"{}","duration_avg":120,"n_vehicles":50,"d":1200,"route_I_counts":"{\"12\": 50}","source":171,"target":172,"layer":"L","from":"志村三丁目","to":"蓮根"},"geometry":{"type":"LineString","coordinates":[[139.685751,35.777468],[139.678947,35.784262]]}},{"type":"Feature","properties":{"shape_id":"{}","direction_id":"{\"1\": 50}","headsign":"{}","duration_avg":120,"n_vehicles":50,"d":1200,"route_I_counts":"{\"12\": 50}","source":172,"target":171,"layer":"L","from":"蓮根","to":"志村三丁目"},"geometry":{"type":"LineString","coordinates":[[139.678947,35.784262],[139.685751,35.777468]]}},{"type":"Feature","properties":{"shape_id":"{}","direction_id":"{\"0\": 50}","headsign":"{}","duration_avg":120,"n_vehicles":50,"d":1200,"route_I_counts":"{\"12\": 50}","source":172,"target":173,"layer":"L","from":"蓮根","to":"西台"},"geometry":{"type":"LineString","coordinates":[[139.678947,35.784262],[139.672867,35.787074]]}},{"type":"Feature","properties":{"shape_id":"{}","direction_id":"{\"1\": 50}","headsign":"{}","duration_avg":120,"n_vehicles":50,"d":1200,"route_I_counts":"{\"12\": 50}","source":173,"target":172,"layer":"L","from":"西台","to":"蓮根"},"geometry":{"type":"LineString","coordinates":[[139.672867,35.787074],[139.678947,35.784262]]}},{"type":"Feature","properties":{"shape_id":"{}","direction_id":"{\"0\": 50}","headsign":"{}","duration_avg":120,"n_vehicles":50,"d":1200,"route_I_counts":"{\"12\": 50}","source":173,"target":174,"layer":"L","from":"西台","to":"高島平"},"geometry":{"type":"LineString","coordinates":[[139.672867,35.787074],[139.661361,35.788908]]}},{"type":"Feature","properties":{"shape_id":"{}","direction_id":"{\"1\": 50}","headsign":"{}","duration_avg":120,"n_vehicles":50,"d":1200,"route_I_counts":"{\"12\": 50}","source":174,"target":173,"layer":"L","from":"高島平","to":"西台"},"geometry":{"type":"LineString","coordinates":[[139.661361,35.788908],[139.672867,35.787074]]}},{"type":"Feature","properties":{"shape_id":"{}","direction_id":"{\"0\": 50}","headsign":"{}","duration_avg":120,"n_vehicles":50,"d":1200,"route_I_counts":"{\"12\": 50}","source":174,"target":175,"layer":"L","from":"高島平","to":"新高島平"},"geometry":{"type":"LineString","coordinates":[[139.661361,35.788908],[139.65405,35.790289]]}},{"type":"Feature","properties":{"shape_id":"{}","direction_id":"{\"1\": 50}","headsign":"{}","duration_avg":120,"n_vehicles":50,"d":1200,"route_I_counts":"{\"12\": 50}","source":175,"target":174,"layer":"L","from":"新高島平","to":"高島平"},"geometry":{"type":"LineString","coordinates":[[139.65405,35.790289],[139.661361,35.788908]]}},{"type":"Feature","properties":{"shape_id":"{}","direction_id":"{\"0\": 50}","headsign":"{}","duration_avg":120,"n_vehicles":50,"d":1200,"route_I_counts":"{\"12\": 50}","source":175,"target":176,"layer":"L","from":"新高島平","to":"西高島平"},"geometry":{"type":"LineString","coordinates":[[139.65405,35.790289],[139.645421,35.791965]]}},{"type":"Feature","properties":{"shape_id":"{}","direction_id":"{\"1\": 50}","headsign":"{}","duration_avg":120,"n_vehicles":50,"d":1200,"route_I_counts":"{\"12\": 50}","source":176,"target":175,"layer":"L","from":"西高島平","to":"新高島平"},"geometry":{"type":"LineString","coordinates":[[139.645421,35.791965],[139.65405,35.790289]]}},{"type":"Feature","properties":{"shape_id":"{}","direction_id":"{\"0\": 50}","headsign":"{}","duration_avg":120,"n_vehicles":50,"d":1200,"route_I_counts":"{\"13\": 50}","source":177,"target":27,"layer":"L","from":"新宿(都営)","to":"新宿三丁目"},"geometry":{"type":"LineString","coordinates":[[139.700548,35.692452],[139.70421,35.69118]]}},{"type":"Feature","properties":{"shape_id":"{}","direction_id":"{\"1\": 50}","headsign":"{}","duration_avg":120,"n_vehicles":50,"d":1200,"route_I_counts":"{\"13\": 50}","source":27,"target":177,"layer":"L","from":"新宿三丁目","to":"新宿(都営)"},"geometry":{"type":"LineString","coordinates":[[139.70421,35.69118],[139.700548,35.692452]]}},{"type":"Feature","properties":{"shape_id":"{}","direction_id":"{\"0\": 50}","headsign":"{}","duration_avg":120,"n_vehicles":50,"d":1200,"route_I_counts":"{\"13\": 50}","source":27,"target":178,"layer":"L","from":"新宿三丁目","to":"曙橋"},"geometry":{"type":"LineString","coordinates":[[139.70421,35.69118],[139.722317,35.692402]]}},{"type":"Feature","properties":{"shape_id":"{}","direction_id":"{\"1\": 50}","headsign":"{}","duration_avg":120,"n_vehicles":50,"d":1200,"route_I_counts":"{\"13\": 50}","source":178,"target":27,"layer":"L","from":"曙橋","to":"新宿三丁目"},"geometry":{"type":"LineString","coordinates":[[139.722317,35.692402],[139.70421,35.69118]]}},{"type":"Feature","properties":{"shape_id":"{}","direction_id":"{\"0\": 50}","headsign":"{}","duration_avg":120,"n_vehicles":50,"d":1200,"route_I_counts":"{\"13\": 50}","source":178,"target":108,"layer":"L","from":"曙橋","to":"市ケ谷"},"geometry":{"type":"LineString","coordinates":[[139.722317,35.692402],[139.736891,35.692576]]}},{"type":"Feature","properties":{"shape_id":"{}","direction_id":"{\"1\": 50}","headsign":"{}","duration_avg":120,"n_vehicles":50,"d":1200,"route_I_counts":"{\"13\": 50}","source":108,"target":178,"layer":"L","from":"市ケ谷","to":"曙橋"},"geometry":{"type":"LineString","coordinates":[[139.736891,35.692576],[139.722317,35.692402]]}},{"type":"Feature","properties":{"shape_id":"{}","direction_id":"{\"0\": 50}","headsign":"{}","duration_avg":120,"n_vehicles":50,"d":1200,"route_I_counts":"{\"13\": 50}","source":108,"target":69,"layer":"L","from":"市ケ谷","to":"九段下"},"geometry":{"type":"LineString","coordinates":[[139.736891,35.692576],[139.751265,35.696091]]}},{"type":"Feature","properties":{"shape_id":"{}","direction_id":"{\"1\": 50}","headsign":"{}","duration_avg":120,"n_vehicles":50,"d":1200,"route_I_counts":"{\"13\": 50}","source":69,"target":108,"layer":"L","from":"九段下","to":"市ケ谷"},"geometry":{"type":"LineString","coordinates":[[139.751265,35.696091],[139.736891,35.692576]]}},{"type":"Feature","properties":{"shape_id":"{}","direction_id":"{\"0\": 50}","headsign":"{}","duration_avg":120,"n_vehicles":50,"d":1200,"route_I_counts":"{\"13\": 50}","source":120,"target":179,"layer":"L","from":"神保町","to":"小川町"},"geometry":{"type":"LineString","coordinates":[[139.75756,35.696021],[139.766667,35.695056]]}},{"type":"Feature","properties":{"shape_id":"{}","direction_id":"{\"1\": 50}","headsign":"{}","duration_avg":120,"n_vehicles":50,"d":1200,"route_I_counts":"{\"13\": 50}","source":179,"target":120,"layer":"L","from":"小川町","to":"神保町"},"geometry":{"type":"LineString","coordinates":[[139.766667,35.695056],[139.75756,35.696021]]}},{"type":"Feature","properties":{"shape_id":"{}","direction_id":"{\"0\": 50}","headsign":"{}","duration_avg":120,"n_vehicles":50,"d":1200,"route_I_counts":"{\"13\": 50}","source":179,"target":180,"layer":"L","from":"小川町","to":"岩本町"},"geometry":{"type":"LineString","coordinates":[[139.766667,35.695056],[139.775115,35.695607]]}},{"type":"Feature","properties":{"shape_id":"{}","direction_id":"{\"1\": 50}","headsign":"{}","duration_avg":120,"n_vehicles":50,"d":1200,"route_I_counts":"{\"13\": 50}","source":180,"target":179,"layer":"L","from":"岩本町","to":"小川町"},"geometry":{"type":"LineString","coordinates":[[139.775115,35.695607],[139.766667,35.695056]]}},{"type":"Feature","properties":{"shape_id":"{}","direction_id":"{\"0\": 50}","headsign":"{}","duration_avg":120,"n_vehicles":50,"d":1200,"route_I_counts":"{\"13\": 50}","source":180,"target":181,"layer":"L","from":"岩本町","to":"馬喰横山"},"geometry":{"type":"LineString","coordinates":[[139.775115,35.695607],[139.783006,35.69193]]}},{"type":"Feature","properties":{"shape_id":"{}","direction_id":"{\"1\": 50}","headsign":"{}","duration_avg":120,"n_vehicles":50,"d":1200,"route_I_counts":"{\"13\": 50}","source":181,"target":180,"layer":"L","from":"馬喰横山","to":"岩本町"},"geometry":{"type":"LineString","coordinates":[[139.783006,35.69193],[139.775115,35.695607]]}},{"type":"Feature","properties":{"shape_id":"{}","direction_id":"{\"0\": 50}","headsign":"{}","duration_avg":120,"n_vehicles":50,"d":1200,"route_I_counts":"{\"13\": 50}","source":181,"target":182,"layer":"L","from":"馬喰横山","to":"浜町"},"geometry":{"type":"LineString","coordinates":[[139.783006,35.69193],[139.787725,35.688601]]}},{"type":"Feature","properties":{"shape_id":"{}","direction_id":"{\"1\": 50}","headsign":"{}","duration_avg":120,"n_vehicles":50,"d":1200,"route_I_counts":"{\"13\": 50}","source":182,"target":181,"layer":"L","from":"浜町","to":"馬喰横山"},"geometry":{"type":"LineString","coordinates":[[139.787725,35.688601],[139.783006,35.69193]]}},{"type":"Feature","properties":{"shape_id":"{}","direction_id":"{\"0\": 50}","headsign":"{}","duration_avg":120,"n_vehicles":50,"d":1200,"route_I_counts":"{\"13\": 50}","source":182,"target":183,"layer":"L","from":"浜町","to":"森下"},"geometry":{"type":"LineString","coordinates":[[139.787725,35.688601],[139.796623,35.687982]]}},{"type":"Feature","properties":{"shape_id":"{}","direction_id":"{\"1\": 50}","headsign":"{}","duration_avg":120,"n_vehicles":50,"d":1200,"route_I_counts":"{\"13\": 50}","source":183,"target":182,"layer":"L","from":"森下","to":"浜町"},"geometry":{"type":"LineString","coordinates":[[139.796623,35.687982],[139.787725,35.688601]]}},{"type":"Feature","properties":{"shape_id":"{}","direction_id":"{\"0\": 50}","headsign":"{}","duration_avg":120,"n_vehicles":50,"d":1200,"route_I_counts":"{\"13\": 50}","source":183,"target":184,"layer":"L","from":"森下","to":"菊川"},"geometry":{"type":"LineString","coordinates":[[139.796623,35.687982],[139.806057,35.688399]]}},{"type":"Feature","properties":{"shape_id":"{}","direction_id":"{\"1\": 50}","headsign":"{}","duration_avg":120,"n_vehicles":50,"d":1200,"route_I_counts":"{\"13\": 50}","source":184,"target":183,"layer":"L","from":"菊川","to":"森下"},"geometry":{"type":"LineString","coordinates":[[139.806057,35.688399],[139.796623,35.687982]]}},{"type":"Feature","properties":{"shape_id":"{}","direction_id":"{\"0\": 50}","headsign":"{}","duration_avg":120,"n_vehicles":50,"d":1200,"route_I_counts":"{\"13\": 50}","source":184,"target":123,"layer":"L","from":"菊川","to":"住吉"},"geometry":{"type":"LineString","coordinates":[[139.806057,35.688399],[139.815667,35.688704]]}},{"type":"Feature","properties":{"shape_id":"{}","direction_id":"{\"1\": 50}","headsign":"{}","duration_avg":120,"n_vehicles":50,"d":1200,"route_I_counts":"{\"13\": 50}","source":123,"target":184,"layer":"L","from":"住吉","to":"菊川"},"geometry":{"type":"LineString","coordinates":[[139.815667,35.688704],[139.806057,35.688399]]}},{"type":"Feature","properties":{"shape_id":"{}","direction_id":"{\"0\": 50}","headsign":"{}","duration_avg":120,"n_vehicles":50,"d":1200,"route_I_counts":"{\"13\": 50}","source":123,"target":185,"layer":"L","from":"住吉","to":"西大島"},"geometry":{"type":"LineString","coordinates":[[139.815667,35.688704],[139.826231,35.689391]]}},{"type":"Feature","properties":{"shape_id":"{}","direction_id":"{\"1\": 50}","headsign":"{}","duration_avg":120,"n_vehicles":50,"d":1200,"route_I_counts":"{\"13\": 50}","source":185,"target":123,"layer":"L","from":"西大島","to":"住吉"},"geometry":{"type":"LineString","coordinates":[[139.826231,35.689391],[139.815667,35.688704]]}},{"type":"Feature","properties":{"shape_id":"{}","direction_id":"{\"0\": 50}","headsign":"{}","duration_avg":120,"n_vehicles":50,"d":1200,"route_I_counts":"{\"13\": 50}","source":185,"target":186,"layer":"L","from":"西大島","to":"大島"},"geometry":{"type":"LineString","coordinates":[[139.826231,35.689391],[139.834705,35.689752]]}},{"type":"Feature","properties":{"shape_id":"{}","direction_id":"{\"1\": 50}","headsign":"{}","duration_avg":120,"n_vehicles":50,"d":1200,"route_I_counts":"{\"13\": 50}","source":186,"target":185,"layer":"L","from":"大島","to":"西大島"},"geometry":{"type":"LineString","coordinates":[[139.834705,35.689752],[139.826231,35.689391]]}},{"type":"Feature","properties":{"shape_id":"{}","direction_id":"{\"0\": 50}","headsign":"{}","duration_avg":120,"n_vehicles":50,"d":1200,"route_I_counts":"{\"13\": 50}","source":186,"target":187,"layer":"L","from":"大島","to":"東大島"},"geometry":{"type":"LineString","coordinates":[[139.834705,35.689752],[139.847255,35.689959]]}},{"type":"Feature","properties":{"shape_id":"{}","direction_id":"{\"1\": 50}","headsign":"{}","duration_avg":120,"n_vehicles":50,"d":1200,"route_I_counts":"{\"13\": 50}","source":187,"target":186,"layer":"L","from":"東大島","to":"大島"},"geometry":{"type":"LineString","coordinates":[[139.847255,35.689959],[139.834705,35.689752]]}},{"type":"Feature","properties":{"shape_id":"{}","direction_id":"{\"0\": 50}","headsign":"{}","duration_avg":120,"n_vehicles":50,"d":1200,"route_I_counts":"{\"13\": 50}","source":187,"target":188,"layer":"L","from":"東大島","to":"船堀"},"geometry":{"type":"LineString","coordinates":[[139.847255,35.689959],[139.863955,35.68376]]}},{"type":"Feature","properties":{"shape_id":"{}","direction_id":"{\"1\": 50}","headsign":"{}","duration_avg":120,"n_vehicles":50,"d":1200,"route_I_counts":"{\"13\": 50}","source":188,"target":187,"layer":"L","from":"船堀","to":"東大島"},"geometry":{"type":"LineString","coordinates":[[139.863955,35.68376],[139.847255,35.689959]]}},{"type":"Feature","properties":{"shape_id":"{}","direction_id":"{\"0\": 50}","headsign":"{}","duration_avg":120,"n_vehicles":50,"d":1200,"route_I_counts":"{\"13\": 50}","source":188,"target":189,"layer":"L","from":"船堀","to":"一之江"},"geometry":{"type":"LineString","coordinates":[[139.863955,35.68376],[139.882586,35.685987]]}},{"type":"Feature","properties":{"shape_id":"{}","direction_id":"{\"1\": 50}","headsign":"{}","duration_avg":120,"n_vehicles":50,"d":1200,"route_I_counts":"{\"13\": 50}","source":189,"target":188,"layer":"L","from":"一之江","to":"船堀"},"geometry":{"type":"LineString","coordinates":[[139.882586,35.685987],[139.863955,35.68376]]}},{"type":"Feature","properties":{"shape_id":"{}","direction_id":"{\"0\": 50}","headsign":"{}","duration_avg":120,"n_vehicles":50,"d":1200,"route_I_counts":"{\"13\": 50}","source":189,"target":190,"layer":"L","from":"一之江","to":"瑞江"},"geometry":{"type":"LineString","coordinates":[[139.882586,35.685987],[139.8977,35.69351]]}},{"type":"Feature","properties":{"shape_id":"{}","direction_id":"{\"1\": 50}","headsign":"{}","duration_avg":120,"n_vehicles":50,"d":1200,"route_I_counts":"{\"13\": 50}","source":190,"target":189,"layer":"L","from":"瑞江","to":"一之江"},"geometry":{"type":"LineString","coordinates":[[139.8977,35.69351],[139.882586,35.685987]]}},{"type":"Feature","properties":{"shape_id":"{}","direction_id":"{\"0\": 50}","headsign":"{}","duration_avg":120,"n_vehicles":50,"d":1200,"route_I_counts":"{\"13\": 50}","source":190,"target":191,"layer":"L","from":"瑞江","to":"篠崎"},"geometry":{"type":"LineString","coordinates":[[139.8977,35.69351],[139.903796,35.706022]]}},{"type":"Feature","properties":{"shape_id":"{}","direction_id":"{\"1\": 50}","headsign":"{}","duration_avg":120,"n_vehicles":50,"d":1200,"route_I_counts":"{\"13\": 50}","source":191,"target":190,"layer":"L","from":"篠崎","to":"瑞江"},"geometry":{"type":"LineString","coordinates":[[139.903796,35.706022],[139.8977,35.69351]]}},{"type":"Feature","properties":{"shape_id":"{}","direction_id":"{\"0\": 50}","headsign":"{}","duration_avg":120,"n_vehicles":50,"d":1200,"route_I_counts":"{\"13\": 50}","source":191,"target":192,"layer":"L","from":"篠崎","to":"本八幡"},"geometry":{"type":"LineString","coordinates":[[139.903796,35.706022],[139.92731,35.72074]]}},{"type":"Feature","properties":{"shape_id":"{}","direction_id":"{\"1\": 50}","headsign":"{}","duration_avg":120,"n_vehicles":50,"d":1200,"route_I_counts":"{\"13\": 50}","source":192,"target":191,"layer":"L","from":"本八幡","to":"篠崎"},"geometry":{"type":"LineString","coordinates":[[139.92731,35.72074],[139.903796,35.706022]]}},{"type":"Feature","properties":{"shape_id":"{}","direction_id":"{\"0\": 50}","headsign":"{}","duration_avg":120,"n_vehicles":50,"d":1200,"route_I_counts":"{\"14\": 50}","source":193,"target":141,"layer":"L","from":"新宿西口","to":"東新宿"},"geometry":{"type":"LineString","coordinates":[[139.699121,35.693367],[139.707846,35.699829]]}},{"type":"Feature","properties":{"shape_id":"{}","direction_id":"{\"1\": 50}","headsign":"{}","duration_avg":120,"n_vehicles":50,"d":1200,"route_I_counts":"{\"14\": 50}","source":141,"target":193,"layer":"L","from":"東新宿","to":"新宿西口"},"geometry":{"type":"LineString","coordinates":[[139.707846,35.699829],[139.699121,35.693367]]}},{"type":"Feature","properties":{"shape_id":"{}","direction_id":"{\"0\": 50}","headsign":"{}","duration_avg":120,"n_vehicles":50,"d":1200,"route_I_counts":"{\"14\": 50}","source":141,"target":194,"layer":"L","from":"東新宿","to":"若松河田"},"geometry":{"type":"LineString","coordinates":[[139.707846,35.699829],[139.718043,35.699188]]}},{"type":"Feature","properties":{"shape_id":"{}","direction_id":"{\"1\": 50}","headsign":"{}","duration_avg":120,"n_vehicles":50,"d":1200,"route_I_counts":"{\"14\": 50}","source":194,"target":141,"layer":"L","from":"若松河田","to":"東新宿"},"geometry":{"type":"LineString","coordinates":[[139.718043,35.699188],[139.707846,35.699829]]}},{"type":"Feature","properties":{"shape_id":"{}","direction_id":"{\"0\": 50}","headsign":"{}","duration_avg":120,"n_vehicles":50,"d":1200,"route_I_counts":"{\"14\": 50}","source":194,"target":195,"layer":"L","from":"若松河田","to":"牛込柳町"},"geometry":{"type":"LineString","coordinates":[[139.718043,35.699188],[139.72504,35.699501]]}},{"type":"Feature","properties":{"shape_id":"{}","direction_id":"{\"1\": 50}","headsign":"{}","duration_avg":120,"n_vehicles":50,"d":1200,"route_I_counts":"{\"14\": 50}","source":195,"target":194,"layer":"L","from":"牛込柳町","to":"若松河田"},"geometry":{"type":"LineString","coordinates":[[139.72504,35.699501],[139.718043,35.699188]]}},{"type":"Feature","properties":{"shape_id":"{}","direction_id":"{\"0\": 50}","headsign":"{}","duration_avg":120,"n_vehicles":50,"d":1200,"route_I_counts":"{\"14\": 50}","source":195,"target":196,"layer":"L","from":"牛込柳町","to":"牛込神楽坂"},"geometry":{"type":"LineString","coordinates":[[139.72504,35.699501],[139.735894,35.700911]]}},{"type":"Feature","properties":{"shape_id":"{}","direction_id":"{\"1\": 50}","headsign":"{}","duration_avg":120,"n_vehicles":50,"d":1200,"route_I_counts":"{\"14\": 50}","source":196,"target":195,"layer":"L","from":"牛込神楽坂","to":"牛込柳町"},"geometry":{"type":"LineString","coordinates":[[139.735894,35.700911],[139.72504,35.699501]]}},{"type":"Feature","properties":{"shape_id":"{}","direction_id":"{\"0\": 50}","headsign":"{}","duration_avg":120,"n_vehicles":50,"d":1200,"route_I_counts":"{\"14\": 50}","source":196,"target":68,"layer":"L","from":"牛込神楽坂","to":"飯田橋"},"geometry":{"type":"LineString","coordinates":[[139.735894,35.700911],[139.746521,35.701403]]}},{"type":"Feature","properties":{"shape_id":"{}","direction_id":"{\"1\": 50}","headsign":"{}","duration_avg":120,"n_vehicles":50,"d":1200,"route_I_counts":"{\"14\": 50}","source":68,"target":196,"layer":"L","from":"飯田橋","to":"牛込神楽坂"},"geometry":{"type":"LineString","coordinates":[[139.746521,35.701403],[139.735894,35.700911]]}},{"type":"Feature","properties":{"shape_id":"{}","direction_id":"{\"0\": 50}","headsign":"{}","duration_avg":120,"n_vehicles":50,"d":1200,"route_I_counts":"{\"14\": 50}","source":68,"target":161,"layer":"L","from":"飯田橋","to":"春日"},"geometry":{"type":"LineString","coordinates":[[139.746521,35.701403],[139.753287,35.709532]]}},{"type":"Feature","properties":{"shape_id":"{}","direction_id":"{\"1\": 50}","headsign":"{}","duration_avg":120,"n_vehicles":50,"d":1200,"route_I_counts":"{\"14\": 50}","source":161,"target":68,"layer":"L","from":"春日","to":"飯田橋"},"geometry":{"type":"LineString","coordinates":[[139.753287,35.709532],[139.746521,35.701403]]}},{"type":"Feature","properties":{"shape_id":"{}","direction_id":"{\"0\": 50}","headsign":"{}","duration_avg":120,"n_vehicles":50,"d":1200,"route_I_counts":"{\"14\": 50}","source":161,"target":36,"layer":"L","from":"春日","to":"本郷三丁目"},"geometry":{"type":"LineString","coordinates":[[139.753287,35.709532],[139.760154,35.706726]]}},{"type":"Feature","properties":{"shape_id":"{}","direction_id":"{\"1\": 50}","headsign":"{}","duration_avg":120,"n_vehicles":50,"d":1200,"route_I_counts":"{\"14\": 50}","source":36,"target":161,"layer":"L","from":"本郷三丁目","to":"春日"},"geometry":{"type":"LineString","coordinates":[[139.760154,35.706726],[139.753287,35.709532]]}},{"type":"Feature","properties":{"shape_id":"{}","direction_id":"{\"0\": 50}","headsign":"{}","duration_avg":120,"n_vehicles":50,"d":1200,"route_I_counts":"{\"14\": 50}","source":36,"target":197,"layer":"L","from":"本郷三丁目","to":"上野御徒町"},"geometry":{"type":"LineString","coordinates":[[139.760154,35.706726],[139.773351,35.707949]]}},{"type":"Feature","properties":{"shape_id":"{}","direction_id":"{\"1\": 50}","headsign":"{}","duration_avg":120,"n_vehicles":50,"d":1200,"route_I_counts":"{\"14\": 50}","source":197,"target":36,"layer":"L","from":"上野御徒町","to":"本郷三丁目"},"geometry":{"type":"LineString","coordinates":[[139.773351,35.707949],[139.760154,35.706726]]}},{"type":"Feature","properties":{"shape_id":"{}","direction_id":"{\"0\": 50}","headsign":"{}","duration_avg":120,"n_vehicles":50,"d":1200,"route_I_counts":"{\"14\": 50}","source":197,"target":198,"layer":"L","from":"上野御徒町","to":"新御徒町"},"geometry":{"type":"LineString","coordinates":[[139.773351,35.707949],[139.782166,35.707009]]}},{"type":"Feature","properties":{"shape_id":"{}","direction_id":"{\"1\": 50}","headsign":"{}","duration_avg":120,"n_vehicles":50,"d":1200,"route_I_counts":"{\"14\": 50}","source":198,"target":197,"layer":"L","from":"新御徒町","to":"上野御徒町"},"geometry":{"type":"LineString","coordinates":[[139.782166,35.707009],[139.773351,35.707949]]}},{"type":"Feature","properties":{"shape_id":"{}","direction_id":"{\"0\": 50}","headsign":"{}","duration_avg":120,"n_vehicles":50,"d":1200,"route_I_counts":"{\"14\": 50}","source":198,"target":155,"layer":"L","from":"新御徒町","to":"蔵前"},"geometry":{"type":"LineString","coordinates":[[139.782166,35.707009],[139.790858,35.703128]]}},{"type":"Feature","properties":{"shape_id":"{}","direction_id":"{\"1\": 50}","headsign":"{}","duration_avg":120,"n_vehicles":50,"d":1200,"route_I_counts":"{\"14\": 50}","source":155,"target":198,"layer":"L","from":"蔵前","to":"新御徒町"},"geometry":{"type":"LineString","coordinates":[[139.790858,35.703128],[139.782166,35.707009]]}},{"type":"Feature","properties":{"shape_id":"{}","direction_id":"{\"0\": 50}","headsign":"{}","duration_avg":120,"n_vehicles":50,"d":1200,"route_I_counts":"{\"14\": 50}","source":155,"target":199,"layer":"L","from":"蔵前","to":"両国"},"geometry":{"type":"LineString","coordinates":[[139.790858,35.703128],[139.79315,35.69574]]}},{"type":"Feature","properties":{"shape_id":"{}","direction_id":"{\"1\": 50}","headsign":"{}","duration_avg":120,"n_vehicles":50,"d":1200,"route_I_counts":"{\"14\": 50}","source":199,"target":155,"layer":"L","from":"両国","to":"蔵前"},"geometry":{"type":"LineString","coordinates":[[139.79315,35.69574],[139.790858,35.703128]]}},{"type":"Feature","properties":{"shape_id":"{}","direction_id":"{\"0\": 50}","headsign":"{}","duration_avg":120,"n_vehicles":50,"d":1200,"route_I_counts":"{\"14\": 50}","source":199,"target":183,"layer":"L","from":"両国","to":"森下"},"geometry":{"type":"LineString","coordinates":[[139.79315,35.69574],[139.796623,35.687982]]}},{"type":"Feature","properties":{"shape_id":"{}","direction_id":"{\"1\": 50}","headsign":"{}","duration_avg":120,"n_vehicles":50,"d":1200,"route_I_counts":"{\"14\": 50}","source":183,"target":199,"layer":"L","from":"森下","to":"両国"},"geometry":{"type":"LineString","coordinates":[[139.796623,35.687982],[139.79315,35.69574]]}},{"type":"Feature","properties":{"shape_id":"{}","direction_id":"{\"0\": 50}","headsign":"{}","duration_avg":120,"n_vehicles":50,"d":1200,"route_I_counts":"{\"14\": 50}","source":183,"target":122,"layer":"L","from":"森下","to":"清澄白河"},"geometry":{"type":"LineString","coordinates":[[139.796623,35.687982],[139.799841,35.682119]]}},{"type":"Feature","properties":{"shape_id":"{}","direction_id":"{\"1\": 50}","headsign":"{}","duration_avg":120,"n_vehicles":50,"d":1200,"route_I_counts":"{\"14\": 50}","source":122,"target":183,"layer":"L","from":"清澄白河","to":"森下"},"geometry":{"type":"LineString","coordinates":[[139.799841,35.682119],[139.796623,35.687982]]}},{"type":"Feature","properties":{"shape_id":"{}","direction_id":"{\"0\": 50}","headsign":"{}","duration_avg":120,"n_vehicles":50,"d":1200,"route_I_counts":"{\"14\": 50}","source":122,"target":71,"layer":"L","from":"清澄白河","to":"門前仲町"},"geometry":{"type":"LineString","coordinates":[[139.799841,35.682119],[139.796099,35.671892]]}},{"type":"Feature","properties":{"shape_id":"{}","direction_id":"{\"1\": 50}","headsign":"{}","duration_avg":120,"n_vehicles":50,"d":1200,"route_I_counts":"{\"14\": 50}","source":71,"target":122,"layer":"L","from":"門前仲町","to":"清澄白河"},"geometry":{"type":"LineString","coordinates":[[139.796099,35.671892],[139.799841,35.682119]]}},{"type":"Feature","properties":{"shape_id":"{}","direction_id":"{\"0\": 50}","headsign":"{}","duration_avg":120,"n_vehicles":50,"d":1200,"route_I_counts":"{\"14\": 50}","source":71,"target":115,"layer":"L","from":"門前仲町","to":"月島"},"geometry":{"type":"LineString","coordinates":[[139.796099,35.671892],[139.784405,35.664711]]}},{"type":"Feature","properties":{"shape_id":"{}","direction_id":"{\"1\": 50}","headsign":"{}","duration_avg":120,"n_vehicles":50,"d":1200,"route_I_counts":"{\"14\": 50}","source":115,"target":71,"layer":"L","from":"月島","to":"門前仲町"},"geometry":{"type":"LineString","coordinates":[[139.784405,35.664711],[139.796099,35.671892]]}},{"type":"Feature","properties":{"shape_id":"{}","direction_id":"{\"0\": 50}","headsign":"{}","duration_avg":120,"n_vehicles":50,"d":1200,"route_I_counts":"{\"14\": 50}","source":115,"target":200,"layer":"L","from":"月島","to":"勝どき"},"geometry":{"type":"LineString","coordinates":[[139.784405,35.664711],[139.777138,35.658934]]}},{"type":"Feature","properties":{"shape_id":"{}","direction_id":"{\"1\": 50}","headsign":"{}","duration_avg":120,"n_vehicles":50,"d":1200,"route_I_counts":"{\"14\": 50}","source":200,"target":115,"layer":"L","from":"勝どき","to":"月島"},"geometry":{"type":"LineString","coordinates":[[139.777138,35.658934],[139.784405,35.664711]]}},{"type":"Feature","properties":{"shape_id":"{}","direction_id":"{\"0\": 50}","headsign":"{}","duration_avg":120,"n_vehicles":50,"d":1200,"route_I_counts":"{\"14\": 50}","source":200,"target":201,"layer":"L","from":"勝どき","to":"築地市場"},"geometry":{"type":"LineString","coordinates":[[139.777138,35.658934],[139.766929,35.664919]]}},{"type":"Feature","properties":{"shape_id":"{}","direction_id":"{\"1\": 50}","headsign":"{}","duration_avg":120,"n_vehicles":50,"d":1200,"route_I_counts":"{\"14\": 50}","source":201,"target":200,"layer":"L","from":"築地市場","to":"勝どき"},"geometry":{"type":"LineString","coordinates":[[139.766929,35.664919],[139.777138,35.658934]]}},{"type":"Feature","properties":{"shape_id":"{}","direction_id":"{\"0\": 50}","headsign":"{}","duration_avg":120,"n_vehicles":50,"d":1200,"route_I_counts":"{\"14\": 50}","source":201,"target":202,"layer":"L","from":"築地市場","to":"汐留"},"geometry":{"type":"LineString","coordinates":[[139.766929,35.664919],[139.760225,35.663193]]}},{"type":"Feature","properties":{"shape_id":"{}","direction_id":"{\"1\": 50}","headsign":"{}","duration_avg":120,"n_vehicles":50,"d":1200,"route_I_counts":"{\"14\": 50}","source":202,"target":201,"layer":"L","from":"汐留","to":"築地市場"},"geometry":{"type":"LineString","coordinates":[[139.760225,35.663193],[139.766929,35.664919]]}},{"type":"Feature","properties":{"shape_id":"{}","direction_id":"{\"0\": 50}","headsign":"{}","duration_avg":120,"n_vehicles":50,"d":1200,"route_I_counts":"{\"14\": 50}","source":202,"target":151,"layer":"L","from":"汐留","to":"大門"},"geometry":{"type":"LineString","coordinates":[[139.760225,35.663193],[139.754679,35.65687]]}},{"type":"Feature","properties":{"shape_id":"{}","direction_id":"{\"1\": 50}","headsign":"{}","duration_avg":120,"n_vehicles":50,"d":1200,"route_I_counts":"{\"14\": 50}","source":151,"target":202,"layer":"L","from":"大門","to":"汐留"},"geometry":{"type":"LineString","coordinates":[[139.754679,35.65687],[139.760225,35.663193]]}},{"type":"Feature","properties":{"shape_id":"{}","direction_id":"{\"0\": 50}","headsign":"{}","duration_avg":120,"n_vehicles":50,"d":1200,"route_I_counts":"{\"14\": 50}","source":151,"target":203,"layer":"L","from":"大門","to":"赤羽橋"},"geometry":{"type":"LineString","coordinates":[[139.754679,35.65687],[139.743989,35.654985]]}},{"type":"Feature","properties":{"shape_id":"{}","direction_id":"{\"1\": 50}","headsign":"{}","duration_avg":120,"n_vehicles":50,"d":1200,"route_I_counts":"{\"14\": 50}","source":203,"target":151,"layer":"L","from":"赤羽橋","to":"大門"},"geometry":{"type":"LineString","coordinates":[[139.743989,35.654985],[139.754679,35.65687]]}},{"type":"Feature","properties":{"shape_id":"{}","direction_id":"{\"0\": 50}","headsign":"{}","duration_avg":120,"n_vehicles":50,"d":1200,"route_I_counts":"{\"14\": 50}","source":203,"target":129,"layer":"L","from":"赤羽橋","to":"麻布十番"},"geometry":{"type":"LineString","coordinates":[[139.743989,35.654985],[139.737045,35.65481]]}},{"type":"Feature","properties":{"shape_id":"{}","direction_id":"{\"1\": 50}","headsign":"{}","duration_avg":120,"n_vehicles":50,"d":1200,"route_I_counts":"{\"14\": 50}","source":129,"target":203,"layer":"L","from":"麻布十番","to":"赤羽橋"},"geometry":{"type":"LineString","coordinates":[[139.737045,35.65481],[139.743989,35.654985]]}},{"type":"Feature","properties":{"shape_id":"{}","direction_id":"{\"0\": 50}","headsign":"{}","duration_avg":120,"n_vehicles":50,"d":1200,"route_I_counts":"{\"14\": 50}","source":129,"target":47,"layer":"L","from":"麻布十番","to":"六本木"},"geometry":{"type":"LineString","coordinates":[[139.737045,35.65481],[139.731155,35.6628]]}},{"type":"Feature","properties":{"shape_id":"{}","direction_id":"{\"1\": 50}","headsign":"{}","duration_avg":120,"n_vehicles":50,"d":1200,"route_I_counts":"{\"14\": 50}","source":47,"target":129,"layer":"L","from":"六本木","to":"麻布十番"},"geometry":{"type":"LineString","coordinates":[[139.731155,35.6628],[139.737045,35.65481]]}},{"type":"Feature","properties":{"shape_id":"{}","direction_id":"{\"0\": 50}","headsign":"{}","duration_avg":120,"n_vehicles":50,"d":1200,"route_I_counts":"{\"14\": 50}","source":47,"target":3,"layer":"L","from":"六本木","to":"青山一丁目"},"geometry":{"type":"LineString","coordinates":[[139.731155,35.6628],[139.724145,35.67279]]}},{"type":"Feature","properties":{"shape_id":"{}","direction_id":"{\"1\": 50}","headsign":"{}","duration_avg":120,"n_vehicles":50,"d":1200,"route_I_counts":"{\"14\": 50}","source":3,"target":47,"layer":"L","from":"青山一丁目","to":"六本木"},"geometry":{"type":"LineString","coordinates":[[139.724145,35.67279],[139.731155,35.6628]]}},{"type":"Feature","properties":{"shape_id":"{}","direction_id":"{\"0\": 50}","headsign":"{}","duration_avg":120,"n_vehicles":50,"d":1200,"route_I_counts":"{\"14\": 50}","source":3,"target":204,"layer":"L","from":"青山一丁目","to":"国立競技場"},"geometry":{"type":"LineString","coordinates":[[139.724145,35.67279],[139.714667,35.679896]]}},{"type":"Feature","properties":{"shape_id":"{}","direction_id":"{\"1\": 50}","headsign":"{}","duration_avg":120,"n_vehicles":50,"d":1200,"route_I_counts":"{\"14\": 50}","source":204,"target":3,"layer":"L","from":"国立競技場","to":"青山一丁目"},"geometry":{"type":"LineString","coordinates":[[139.714667,35.679896],[139.724145,35.67279]]}},{"type":"Feature","properties":{"shape_id":"{}","direction_id":"{\"0\": 50}","headsign":"{}","duration_avg":120,"n_vehicles":50,"d":1200,"route_I_counts":"{\"14\": 50}","source":204,"target":205,"layer":"L","from":"国立競技場","to":"代々木"},"geometry":{"type":"LineString","coordinates":[[139.714667,35.679896],[139.70205,35.68352]]}},{"type":"Feature","properties":{"shape_id":"{}","direction_id":"{\"1\": 50}","headsign":"{}","duration_avg":120,"n_vehicles":50,"d":1200,"route_I_counts":"{\"14\": 50}","source":205,"target":204,"layer":"L","from":"代々木","to":"国立競技場"},"geometry":{"type":"LineString","coordinates":[[139.70205,35.68352],[139.714667,35.679896]]}},{"type":"Feature","properties":{"shape_id":"{}","direction_id":"{\"0\": 50}","headsign":"{}","duration_avg":120,"n_vehicles":50,"d":1200,"route_I_counts":"{\"14\": 50}","source":205,"target":177,"layer":"L","from":"代々木","to":"新宿(都営)"},"geometry":{"type":"LineString","coordinates":[[139.70205,35.68352],[139.700548,35.692452]]}},{"type":"Feature","properties":{"shape_id":"{}","direction_id":"{\"1\": 50}","headsign":"{}","duration_avg":120,"n_vehicles":50,"d":1200,"route_I_counts":"{\"14\": 50}","source":177,"target":205,"layer":"L","from":"新宿(都営)","to":"代々木"},"geometry":{"type":"LineString","coordinates":[[139.700548,35.692452],[139.70205,35.68352]]}},{"type":"Feature","properties":{"shape_id":"{}","direction_id":"{\"0\": 50}","headsign":"{}","duration_avg":120,"n_vehicles":50,"d":1200,"route_I_counts":"{\"14\": 50}","source":177,"target":206,"layer":"L","from":"新宿(都営)","to":"都庁前"},"geometry":{"type":"LineString","coordinates":[[139.700548,35.692452],[139.692677,35.690607]]}},{"type":"Feature","properties":{"shape_id":"{}","direction_id":"{\"1\": 50}","headsign":"{}","duration_avg":120,"n_vehicles":50,"d":1200,"route_I_counts":"{\"14\": 50}","source":206,"target":177,"layer":"L","from":"都庁前","to":"新宿(都営)"},"geometry":{"type":"LineString","coordinates":[[139.692677,35.690607],[139.700548,35.692452]]}},{"type":"Feature","properties":{"shape_id":"{}","direction_id":"{\"0\": 50}","headsign":"{}","duration_avg":120,"n_vehicles":50,"d":1200,"route_I_counts":"{\"14\": 50}","source":206,"target":207,"layer":"L","from":"都庁前","to":"西新宿五丁目"},"geometry":{"type":"LineString","coordinates":[[139.692677,35.690607],[139.684545,35.689892]]}},{"type":"Feature","properties":{"shape_id":"{}","direction_id":"{\"1\": 50}","headsign":"{}","duration_avg":120,"n_vehicles":50,"d":1200,"route_I_counts":"{\"14\": 50}","source":207,"target":206,"layer":"L","from":"西新宿五丁目","to":"都庁前"},"geometry":{"type":"LineString","coordinates":[[139.684545,35.689892],[139.692677,35.690607]]}},{"type":"Feature","properties":{"shape_id":"{}","direction_id":"{\"0\": 50}","headsign":"{}","duration_avg":120,"n_vehicles":50,"d":1200,"route_I_counts":"{\"14\": 50}","source":207,"target":24,"layer":"L","from":"西新宿五丁目","to":"中野坂上"},"geometry":{"type":"LineString","coordinates":[[139.684545,35.689892],[139.682205,35.697085]]}},{"type":"Feature","properties":{"shape_id":"{}","direction_id":"{\"1\": 50}","headsign":"{}","duration_avg":120,"n_vehicles":50,"d":1200,"route_I_counts":"{\"14\": 50}","source":24,"target":207,"layer":"L","from":"中野坂上","to":"西新宿五丁目"},"geometry":{"type":"LineString","coordinates":[[139.682205,35.697085],[139.684545,35.689892]]}},{"type":"Feature","properties":{"shape_id":"{}","direction_id":"{\"0\": 50}","headsign":"{}","duration_avg":120,"n_vehicles":50,"d":1200,"route_I_counts":"{\"14\": 50}","source":24,"target":208,"layer":"L","from":"中野坂上","to":"東中野"},"geometry":{"type":"LineString","coordinates":[[139.682205,35.697085],[139.68483,35.70601]]}},{"type":"Feature","properties":{"shape_id":"{}","direction_id":"{\"1\": 50}","headsign":"{}","duration_avg":120,"n_vehicles":50,"d":1200,"route_I_counts":"{\"14\": 50}","source":208,"target":24,"layer":"L","from":"東中野","to":"中野坂上"},"geometry":{"type":"LineString","coordinates":[[139.68483,35.70601],[139.682205,35.697085]]}},{"type":"Feature","properties":{"shape_id":"{}","direction_id":"{\"0\": 50}","headsign":"{}","duration_avg":120,"n_vehicles":50,"d":1200,"route_I_counts":"{\"14\": 50}","source":208,"target":209,"layer":"L","from":"東中野","to":"中井"},"geometry":{"type":"LineString","coordinates":[[139.68483,35.70601],[139.686296,35.713935]]}},{"type":"Feature","properties":{"shape_id":"{}","direction_id":"{\"1\": 50}","headsign":"{}","duration_avg":120,"n_vehicles":50,"d":1200,"route_I_counts":"{\"14\": 50}","source":209,"target":208,"layer":"L","from":"中井","to":"東中野"},"geometry":{"type":"LineString","coordinates":[[139.686296,35.713935],[139.68483,35.70601]]}},{"type":"Feature","properties":{"shape_id":"{}","direction_id":"{\"0\": 50}","headsign":"{}","duration_avg":120,"n_vehicles":50,"d":1200,"route_I_counts":"{\"14\": 50}","source":209,"target":210,"layer":"L","from":"中井","to":"落合南長崎"},"geometry":{"type":"LineString","coordinates":[[139.686296,35.713935],[139.683389,35.723435]]}},{"type":"Feature","properties":{"shape_id":"{}","direction_id":"{\"1\": 50}","headsign":"{}","duration_avg":120,"n_vehicles":50,"d":1200,"route_I_counts":"{\"14\": 50}","source":210,"target":209,"layer":"L","from":"落合南長崎","to":"中井"},"geometry":{"type":"LineString","coordinates":[[139.683389,35.723435],[139.686296,35.713935]]}},{"type":"Feature","properties":{"shape_id":"{}","direction_id":"{\"0\": 50}","headsign":"{}","duration_avg":120,"n_vehicles":50,"d":1200,"route_I_counts":"{\"14\": 50}","source":210,"target":211,"layer":"L","from":"落合南長崎","to":"新江古田"},"geometry":{"type":"LineString","coordinates":[[139.683389,35.723435],[139.670498,35.732579]]}},{"type":"Feature","properties":{"shape_id":"{}","direction_id":"{\"1\": 50}","headsign":"{}","duration_avg":120,"n_vehicles":50,"d":1200,"route_I_counts":"{\"14\": 50}","source":211,"target":210,"layer":"L","from":"新江古田","to":"落合南長崎"},"geometry":{"type":"LineString","coordinates":[[139.670498,35.732579],[139.683389,35.723435]]}},{"type":"Feature","properties":{"shape_id":"{}","direction_id":"{\"0\": 50}","headsign":"{}","duration_avg":120,"n_vehicles":50,"d":1200,"route_I_counts":"{\"14\": 50}","source":211,"target":212,"layer":"L","from":"新江古田","to":"練馬"},"geometry":{"type":"LineString","coordinates":[[139.670498,35.732579],[139.654762,35.737411]]}},{"type":"Feature","properties":{"shape_id":"{}","direction_id":"{\"1\": 50}","headsign":"{}","duration_avg":120,"n_vehicles":50,"d":1200,"route_I_counts":"{\"14\": 50}","source":212,"target":211,"layer":"L","from":"練馬","to":"新江古田"},"geometry":{"type":"LineString","coordinates":[[139.654762,35.737411],[139.670498,35.732579]]}},{"type":"Feature","properties":{"shape_id":"{}","direction_id":"{\"0\": 50}","headsign":"{}","duration_avg":120,"n_vehicles":50,"d":1200,"route_I_counts":"{\"14\": 50}","source":212,"target":213,"layer":"L","from":"練馬","to":"豊島園"},"geometry":{"type":"LineString","coordinates":[[139.654762,35.737411],[139.649116,35.741711]]}},{"type":"Feature","properties":{"shape_id":"{}","direction_id":"{\"1\": 50}","headsign":"{}","duration_avg":120,"n_vehicles":50,"d":1200,"route_I_counts":"{\"14\": 50}","source":213,"target":212,"layer":"L","from":"豊島園","to":"練馬"},"geometry":{"type":"LineString","coordinates":[[139.649116,35.741711],[139.654762,35.737411]]}},{"type":"Feature","properties":{"shape_id":"{}","direction_id":"{\"0\": 50}","headsign":"{}","duration_avg":120,"n_vehicles":50,"d":1200,"route_I_counts":"{\"14\": 50}","source":213,"target":214,"layer":"L","from":"豊島園","to":"練馬春日町"},"geometry":{"type":"LineString","coordinates":[[139.649116,35.741711],[139.6403,35.75141]]}},{"type":"Feature","properties":{"shape_id":"{}","direction_id":"{\"1\": 50}","headsign":"{}","duration_avg":120,"n_vehicles":50,"d":1200,"route_I_counts":"{\"14\": 50}","source":214,"target":213,"layer":"L","from":"練馬春日町","to":"豊島園"},"geometry":{"type":"LineString","coordinates":[[139.6403,35.75141],[139.649116,35.741711]]}},{"type":"Feature","properties":{"shape_id":"{}","direction_id":"{\"0\": 50}","headsign":"{}","duration_avg":120,"n_vehicles":50,"d":1200,"route_I_counts":"{\"14\": 50}","source":214,"target":215,"layer":"L","from":"練馬春日町","to":"光が丘"},"geometry":{"type":"LineString","coordinates":[[139.6403,35.75141],[139.628901,35.758527]]}},{"type":"Feature","properties":{"shape_id":"{}","direction_id":"{\"1\": 50}","headsign":"{}","duration_avg":120,"n_vehicles":50,"d":1200,"route_I_counts":"{\"14\": 50}","source":215,"target":214,"layer":"L","from":"光が丘","to":"練馬春日町"},"geometry":{"type":"LineString","coordinates":[[139.628901,35.758527],[139.6403,35.75141]]}},{"type":"Feature","properties":{"shape_id":"{}","direction_id":"{\"0\": 50}","headsign":"{}","duration_avg":120,"n_vehicles":50,"d":1200,"route_I_counts":"{\"15\": 50}","source":7,"target":202,"layer":"L","from":"新橋","to":"汐留"},"geometry":{"type":"LineString","coordinates":[[139.758512,35.667382],[139.760225,35.663193]]}},{"type":"Feature","properties":{"shape_id":"{}","direction_id":"{\"1\": 50}","headsign":"{}","duration_avg":120,"n_vehicles":50,"d":1200,"route_I_counts":"{\"15\": 50}","source":202,"target":7,"layer":"L","from":"汐留","to":"新橋"},"geometry":{"type":"LineString","coordinates":[[139.760225,35.663193],[139.758512,35.667382]]}},{"type":"Feature","properties":{"shape_id":"{}","direction_id":"{\"0\": 50}","headsign":"{}","duration_avg":120,"n_vehicles":50,"d":1200,"route_I_counts":"{\"15\": 50}","source":202,"target":216,"layer":"L","from":"汐留","to":"竹芝"},"geometry":{"type":"LineString","coordinates":[[139.760225,35.663193],[139.76192,35.654]]}},{"type":"Feature","properties":{"shape_id":"{}","direction_id":"{\"1\": 50}","headsign":"{}","duration_avg":120,"n_vehicles":50,"d":1200,"route_I_counts":"{\"15\": 50}","source":216,"target":202,"layer":"L","from":"竹芝","to":"汐留"},"geometry":{"type":"LineString","coordinates":[[139.76192,35.654],[139.760225,35.663193]]}},{"type":"Feature","properties":{"shape_id":"{}","direction_id":"{\"0\": 50}","headsign":"{}","duration_avg":120,"n_vehicles":50,"d":1200,"route_I_counts":"{\"15\": 50}","source":216,"target":217,"layer":"L","from":"竹芝","to":"日の出"},"geometry":{"type":"LineString","coordinates":[[139.76192,35.654],[139.75908,35.64923]]}},{"type":"Feature","properties":{"shape_id":"{}","direction_id":"{\"1\": 50}","headsign":"{}","duration_avg":120,"n_vehicles":50,"d":1200,"route_I_counts":"{\"15\": 50}","source":217,"target":216,"layer":"L","from":"日の出","to":"竹芝"},"geometry":{"type":"LineString","coordinates":[[139.75908,35.64923],[139.76192,35.654]]}},{"type":"Feature","properties":{"shape_id":"{}","direction_id":"{\"0\": 50}","headsign":"{}","duration_avg":120,"n_vehicles":50,"d":1200,"route_I_counts":"{\"15\": 50}","source":217,"target":218,"layer":"L","from":"日の出","to":"芝浦ふ頭"},"geometry":{"type":"LineString","coordinates":[[139.75908,35.64923],[139.75781,35.64178]]}},{"type":"Feature","properties":{"shape_id":"{}","direction_id":"{\"1\": 50}","headsign":"{}","duration_avg":120,"n_vehicles":50,"d":1200,"route_I_counts":"{\"15\": 50}","source":218,"target":217,"layer":"L","from":"芝浦ふ頭","to":"日の出"},"geometry":{"type":"LineString","coordinates":[[139.75781,35.64178],[139.75908,35.64923]]}},{"type":"Feature","properties":{"shape_id":"{}","direction_id":"{\"0\": 50}","headsign":"{}","duration_avg":120,"n_vehicles":50,"d":1200,"route_I_counts":"{\"15\": 50}","source":218,"target":219,"layer":"L","from":"芝浦ふ頭","to":"お台場海浜公園"},"geometry":{"type":"LineString","coordinates":[[139.75781,35.64178],[139.77878,35.6299]]}},{"type":"Feature","properties":{"shape_id":"{}","direction_id":"{\"1\": 50}","headsign":"{}","duration_avg":120,"n_vehicles":50,"d":1200,"route_I_counts":"{\"15\": 50}","source":219,"target":218,"layer":"L","from":"お台場海浜公園","to":"芝浦ふ頭"},"geometry":{"type":"LineString","coordinates":[[139.77878,35.6299],[139.75781,35.64178]]}},{"type":"Feature","properties":{"shape_id":"{}","direction_id":"{\"0\": 50}","headsign":"{}","duration_avg":120,"n_vehicles":50,"d":1200,"route_I_counts":"{\"15\": 50}","source":219,"target":220,"layer":"L","from":"お台場海浜公園","to":"台場"},"geometry":{"type":"LineString","coordinates":[[139.77878,35.6299],[139.77142,35.62591]]}},{"type":"Feature","properties":{"shape_id":"{}","direction_id":"{\"1\": 50}","headsign":"{}","duration_avg":120,"n_vehicles":50,"d":1200,"route_I_counts":"{\"15\": 50}","source":220,"target":219,"layer":"L","from":"台場","to":"お台場海浜公園"},"geometry":{"type":"LineString","coordinates":[[139.77142,35.62591],[139.77878,35.6299]]}},{"type":"Feature","properties":{"shape_id":"{}","direction_id":"{\"0\": 50}","headsign":"{}","duration_avg":120,"n_vehicles":50,"d":1200,"route_I_counts":"{\"15\": 50}","source":220,"target":221,"layer":"L","from":"台場","to":"東京国際クルーズターミナル"},"geometry":{"type":"LineString","coordinates":[[139.77142,35.62591],[139.77309,35.62135]]}},{"type":"Feature","properties":{"shape_id":"{}","direction_id":"{\"1\": 50}","headsign":"{}","duration_avg":120,"n_vehicles":50,"d":1200,"route_I_counts":"{\"15\": 50}","source":221,"target":220,"layer":"L","from":"東京国際クルーズターミナル","to":"台場"},"geometry":{"type":"LineString","coordinates":[[139.77309,35.62135],[139.77142,35.62591]]}},{"type":"Feature","properties":{"shape_id":"{}","direction_id":"{\"0\": 50}","headsign":"{}","duration_avg":120,"n_vehicles":50,"d":1200,"route_I_counts":"{\"15\": 50}","source":221,"target":222,"layer":"L","from":"東京国際クルーズターミナル","to":"テレコムセンター"},"geometry":{"type":"LineString","coordinates":[[139.77309,35.62135],[139.77939,35.61756]]}},{"type":"Feature","properties":{"shape_id":"{}","direction_id":"{\"1\": 50}","headsign":"{}","duration_avg":120,"n_vehicles":50,"d":1200,"route_I_counts":"{\"15\": 50}","source":222,"target":221,"layer":"L","from":"テレコムセンター","to":"東京国際クルーズターミナル"},"geometry":{"type":"LineString","coordinates":[[139.77939,35.61756],[139.77309,35.62135]]}},{"type":"Feature","properties":{"shape_id":"{}","direction_id":"{\"0\": 50}","headsign":"{}","duration_avg":120,"n_vehicles":50,"d":1200,"route_I_counts":"{\"15\": 50}","source":222,"target":223,"layer":"L","from":"テレコムセンター","to":"青海"},"geometry":{"type":"LineString","coordinates":[[139.77939,35.61756],[139.78131,35.62479]]}},{"type":"Feature","properties":{"shape_id":"{}","direction_id":"{\"1\": 50}","headsign":"{}","duration_avg":120,"n_vehicles":50,"d":1200,"route_I_counts":"{\"15\": 50}","source":223,"target":222,"layer":"L","from":"青海","to":"テレコムセンター"},"geometry":{"type":"LineString","coordinates":[[139.78131,35.62479],[139.77939,35.61756]]}},{"type":"Feature","properties":{"shape_id":"{}","direction_id":"{\"0\": 50}","headsign":"{}","duration_avg":120,"n_vehicles":50,"d":1200,"route_I_counts":"{\"15\": 50}","source":223,"target":224,"layer":"L","from":"青海","to":"東京ビッグサイト"},"geometry":{"type":"LineString","coordinates":[[139.78131,35.62479],[139.79134,35.63025]]}},{"type":"Feature","properties":{"shape_id":"{}","direction_id":"{\"1\": 50}","headsign":"{}","duration_avg":120,"n_vehicles":50,"d":1200,"route_I_counts":"{\"15\": 50}","source":224,"target":223,"layer":"L","from":"東京ビッグサイト","to":"青海"},"geometry":{"type":"LineString","coordinates":[[139.79134,35.63025],[139.78131,35.62479]]}},{"type":"Feature","properties":{"shape_id":"{}","direction_id":"{\"0\": 50}","headsign":"{}","duration_avg":120,"n_vehicles":50,"d":1200,"route_I_counts":"{\"15\": 50}","source":224,"target":225,"layer":"L","from":"東京ビッグサイト","to":"有明"},"geometry":{"type":"LineString","coordinates":[[139.79134,35.63025],[139.79325,35.63468]]}},{"type":"Feature","properties":{"shape_id":"{}","direction_id":"{\"1\": 50}","headsign":"{}","duration_avg":120,"n_vehicles":50,"d":1200,"route_I_counts":"{\"15\": 50}","source":225,"target":224,"layer":"L","from":"有明","to":"東京ビッグサイト"},"geometry":{"type":"LineString","coordinates":[[139.79325,35.63468],[139.79134,35.63025]]}},{"type":"Feature","properties":{"shape_id":"{}","direction_id":"{\"0\": 50}","headsign":"{}","duration_avg":120,"n_vehicles":50,"d":1200,"route_I_counts":"{\"15\": 50}","source":225,"target":226,"layer":"L","from":"有明","to":"有明テニスの森"},"geometry":{"type":"LineString","coordinates":[[139.79325,35.63468],[139.78887,35.63998]]}},{"type":"Feature","properties":{"shape_id":"{}","direction_id":"{\"1\": 50}","headsign":"{}","duration_avg":120,"n_vehicles":50,"d":1200,"route_I_counts":"{\"15\": 50}","source":226,"target":225,"layer":"L","from":"有明テニスの森","to":"有明"},"geometry":{"type":"LineString","coordinates":[[139.78887,35.63998],[139.79325,35.63468]]}},{"type":"Feature","properties":{"shape_id":"{}","direction_id":"{\"0\": 50}","headsign":"{}","duration_avg":120,"n_vehicles":50,"d":1200,"route_I_counts":"{\"15\": 50}","source":226,"target":227,"layer":"L","from":"有明テニスの森","to":"市場前"},"geometry":{"type":"LineString","coordinates":[[139.78887,35.63998],[139.78565,35.64569]]}},{"type":"Feature","properties":{"shape_id":"{}","direction_id":"{\"1\": 50}","headsign":"{}","duration_avg":120,"n_vehicles":50,"d":1200,"route_I_counts":"{\"15\": 50}","source":227,"target":226,"layer":"L","from":"市場前","to":"有明テニスの森"},"geometry":{"type":"LineString","coordinates":[[139.78565,35.64569],[139.78887,35.63998]]}},{"type":"Feature","properties":{"shape_id":"{}","direction_id":"{\"0\": 50}","headsign":"{}","duration_avg":120,"n_vehicles":50,"d":1200,"route_I_counts":"{\"15\": 50}","source":227,"target":228,"layer":"L","from":"市場前","to":"新豊洲"},"geometry":{"type":"LineString","coordinates":[[139.78565,35.64569],[139.79001,35.64871]]}},{"type":"Feature","properties":{"shape_id":"{}","direction_id":"{\"1\": 50}","headsign":"{}","duration_avg":120,"n_vehicles":50,"d":1200,"route_I_counts":"{\"15\": 50}","source":228,"target":227,"layer":"L","from":"新豊洲","to":"市場前"},"geometry":{"type":"LineString","coordinates":[[139.79001,35.64871],[139.78565,35.64569]]}},{"type":"Feature","properties":{"shape_id":"{}","direction_id":"{\"0\": 50}","headsign":"{}","duration_avg":120,"n_vehicles":50,"d":1200,"route_I_counts":"{\"15\": 50}","source":228,"target":116,"layer":"L","from":"新豊洲","to":"豊洲"},"geometry":{"type":"LineString","coordinates":[[139.79001,35.64871],[139.795994,35.655153]]}},{"type":"Feature","properties":{"shape_id":"{}","direction_id":"{\"1\": 50}","headsign":"{}","duration_avg":120,"n_vehicles":50,"d":1200,"route_I_counts":"{\"15\": 50}","source":116,"target":228,"layer":"L","from":"豊洲","to":"新豊洲"},"geometry":{"type":"LineString","coordinates":[[139.795994,35.655153],[139.79001,35.64871]]}},{"type":"Feature","properties":{"shape_id":"{}","direction_id":"{\"0\": 50}","headsign":"{}","duration_avg":120,"n_vehicles":50,"d":1200,"route_I_counts":"{\"16\": 50}","source":229,"target":93,"layer":"L","from":"日暮里","to":"西日暮里"},"geometry":{"type":"LineString","coordinates":[[139.77093,35.72712],[139.76689,35.732355]]}},{"type":"Feature","properties":{"shape_id":"{}","direction_id":"{\"1\": 50}","headsign":"{}","duration_avg":120,"n_vehicles":50,"d":1200,"route_I_counts":"{\"16\": 50}","source":93,"target":229,"layer":"L","from":"西日暮里","to":"日暮里"},"geometry":{"type":"LineString","coordinates":[[139.76689,35.732355],[139.77093,35.72712]]}},{"type":"Feature","properties":{"shape_id":"{}","direction_id":"{\"0\": 50}","headsign":"{}","duration_avg":120,"n_vehicles":50,"d":1200,"route_I_counts":"{\"16\": 50}","source":93,"target":230,"layer":"L","from":"西日暮里","to":"赤土小学校前"},"geometry":{"type":"LineString","coordinates":[[139.76689,35.732355],[139.769025,35.742868]]}},{"type":"Feature","properties":{"shape_id":"{}","direction_id":"{\"1\": 50}","headsign":"{}","duration_avg":120,"n_vehicles":50,"d":1200,"route_I_counts":"{\"16\": 50}","source":230,"target":93,"layer":"L","from":"赤土小学校前","to":"西日暮里"},"geometry":{"type":"LineString","coordinates":[[139.769025,35.742868],[139.76689,35.732355]]}},{"type":"Feature","properties":{"shape_id":"{}","direction_id":"{\"0\": 50}","headsign":"{}","duration_avg":120,"n_vehicles":50,"d":1200,"route_I_counts":"{\"16\": 50}","source":230,"target":231,"layer":"L","from":"赤土小学校前","to":"熊野前"},"geometry":{"type":"LineString","coordinates":[[139.769025,35.742868],[139.769828,35.748513]]}},{"type":"Feature","properties":{"shape_id":"{}","direction_id":"{\"1\": 50}","headsign":"{}","duration_avg":120,"n_vehicles":50,"d":1200,"route_I_counts":"{\"16\": 50}","source":231,"target":230,"layer":"L","from":"熊野前","to":"赤土小学校前"},"geometry":{"type":"LineString","coordinates":[[139.769828,35.748513],[139.769025,35.742868]]}},{"type":"Feature","properties":{"shape_id":"{}","direction_id":"{\"0\": 50}","headsign":"{}","duration_avg":120,"n_vehicles":50,"d":1200,"route_I_counts":"{\"16\": 50}","source":231,"target":232,"layer":"L","from":"熊野前","to":"足立小台"},"geometry":{"type":"LineString","coordinates":[[139.769828,35.748513],[139.770376,35.754655]]}},{"type":"Feature","properties":{"shape_id":"{}","direction_id":"{\"1\": 50}","headsign":"{}","duration_avg":120,"n_vehicles":50,"d":1200,"route_I_counts":"{\"16\": 50}","source":232,"target":231,"layer":"L","from":"足立小台","to":"熊野前"},"geometry":{"type":"LineString","coordinates":[[139.770376,35.754655],[139.769828,35.748513]]}},{"type":"Feature","properties":{"shape_id":"{}","direction_id":"{\"0\": 50}","headsign":"{}","duration_avg":120,"n_vehicles":50,"d":1200,"route_I_counts":"{\"16\": 50}","source":232,"target":233,"layer":"L","from":"足立小台","to":"扇大橋"},"geometry":{"type":"LineString","coordinates":[[139.770376,35.754655],[139.770798,35.763906]]}},{"type":"Feature","properties":{"shape_id":"{}","direction_id":"{\"1\": 50}","headsign":"{}","duration_avg":120,"n_vehicles":50,"d":1200,"route_I_counts":"{\"16\": 50}","source":233,"target":232,"layer":"L","from":"扇大橋","to":"足立小台"},"geometry":{"type":"LineString","coordinates":[[139.770798,35.763906],[139.770376,35.754655]]}},{"type":"Feature","properties":{"shape_id":"{}","direction_id":"{\"0\": 50}","headsign":"{}","duration_avg":120,"n_vehicles":50,"d":1200,"route_I_counts":"{\"16\": 50}","source":233,"target":234,"layer":"L","from":"扇大橋","to":"高野"},"geometry":{"type":"LineString","coordinates":[[139.770798,35.763906],[139.770692,35.768351]]}},{"type":"Feature","properties":{"shape_id":"{}","direction_id":"{\"1\": 50}","headsign":"{}","duration_avg":120,"n_vehicles":50,"d":1200,"route_I_counts":"{\"16\": 50}","source":234,"target":233,"layer":"L","from":"高野","to":"扇大橋"},"geometry":{"type":"LineString","coordinates":[[139.770692,35.768351],[139.770798,35.763906]]}},{"type":"Feature","properties":{"shape_id":"{}","direction_id":"{\"0\": 50}","headsign":"{}","duration_avg":120,"n_vehicles":50,"d":1200,"route_I_counts":"{\"16\": 50}","source":234,"target":235,"layer":"L","from":"高野","to":"江北"},"geometry":{"type":"LineString","coordinates":[[139.770692,35.768351],[139.77029,35.773954]]}},{"type":"Feature","properties":{"shape_id":"{}","direction_id":"{\"1\": 50}","headsign":"{}","duration_avg":120,"n_vehicles":50,"d":1200,"route_I_counts":"{\"16\": 50}","source":235,"target":234,"layer":"L","from":"江北","to":"高野"},"geometry":{"type":"LineString","coordinates":[[139.77029,35.773954],[139.770692,35.768351]]}},{"type":"Feature","properties":{"shape_id":"{}","direction_id":"{\"0\": 50}","headsign":"{}","duration_avg":120,"n_vehicles":50,"d":1200,"route_I_counts":"{\"16\": 50}","source":235,"target":236,"layer":"L","from":"江北","to":"西新井大師西"},"geometry":{"type":"LineString","coordinates":[[139.77029,35.773954],[139.770077,35.78151]]}},{"type":"Feature","properties":{"shape_id":"{}","direction_id":"{\"1\": 50}","headsign":"{}","duration_avg":120,"n_vehicles":50,"d":1200,"route_I_counts":"{\"16\": 50}","source":236,"target":235,"layer":"L","from":"西新井大師西","to":"江北"},"geometry":{"type":"LineString","coordinates":[[139.770077,35.78151],[139.77029,35.773954]]}},{"type":"Feature","properties":{"shape_id":"{}","direction_id":"{\"0\": 50}","headsign":"{}","duration_avg":120,"n_vehicles":50,"d":1200,"route_I_counts":"{\"16\": 50}","source":236,"target":237,"layer":"L","from":"西新井大師西","to":"谷在家"},"geometry":{"type":"LineString","coordinates":[[139.770077,35.78151],[139.770036,35.788787]]}},{"type":"Feature","properties":{"shape_id":"{}","direction_id":"{\"1\": 50}","headsign":"{}","duration_avg":120,"n_vehicles":50,"d":1200,"route_I_counts":"{\"16\": 50}","source":237,"target":236,"layer":"L","from":"谷在家","to":"西新井大師西"},"geometry":{"type":"LineString","coordinates":[[139.770036,35.788787],[139.770077,35.78151]]}},{"type":"Feature","properties":{"shape_id":"{}","direction_id":"{\"0\": 50}","headsign":"{}","duration_avg":120,"n_vehicles":50,"d":1200,"route_I_counts":"{\"16\": 50}","source":237,"target":238,"layer":"L","from":"谷在家","to":"舎人公園"},"geometry":{"type":"LineString","coordinates":[[139.770036,35.788787],[139.770159,35.796384]]}},{"type":"Feature","properties":{"shape_id":"{}","direction_id":"{\"1\": 50}","headsign":"{}","duration_avg":120,"n_vehicles":50,"d":1200,"route_I_counts":"{\"16\": 50}","source":238,"target":237,"layer":"L","from":"舎人公園","to":"谷在家"},"geometry":{"type":"LineString","coordinates":[[139.770159,35.796384],[139.770036,35.788787]]}},{"type":"Feature","properties":{"shape_id":"{}","direction_id":"{\"0\": 50}","headsign":"{}","duration_avg":120,"n_vehicles":50,"d":1200,"route_I_counts":"{\"16\": 50}","source":238,"target":239,"layer":"L","from":"舎人公園","to":"舎人"},"geometry":{"type":"LineString","coordinates":[[139.770159,35.796384],[139.770069,35.80569]]}},{"type":"Feature","properties":{"shape_id":"{}","direction_id":"{\"1\": 50}","headsign":"{}","duration_avg":120,"n_vehicles":50,"d":1200,"route_I_counts":"{\"16\": 50}","source":239,"target":238,"layer":"L","from":"舎人","to":"舎人公園"},"geometry":{"type":"LineString","coordinates":[[139.770069,35.80569],[139.770159,35.796384]]}},{"type":"Feature","properties":{"shape_id":"{}","direction_id":"{\"0\": 50}","headsign":"{}","duration_avg":120,"n_vehicles":50,"d":1200,"route_I_counts":"{\"16\": 50}","source":239,"target":240,"layer":"L","from":"舎人","to":"見沼代親水公園"},"geometry":{"type":"LineString","coordinates":[[139.770069,35.80569],[139.770707,35.814541]]}},{"type":"Feature","properties":{"shape_id":"{}","direction_id":"{\"1\": 50}","headsign":"{}","duration_avg":120,"n_vehicles":50,"d":1200,"route_I_counts":"{\"16\": 50}","source":240,"target":239,"layer":"L","from":"見沼代親水公園","to":"舎人"},"geometry":{"type":"LineString","coordinates":[[139.770707,35.814541],[139.770069,35.80569]]}},{"type":"Feature","properties":{"shape_id":"{}","direction_id":"{\"0\": 50}","headsign":"{}","duration_avg":120,"n_vehicles":50,"d":1200,"route_I_counts":"{\"17\": 50}","source":151,"target":241,"layer":"L","from":"大門","to":"天王洲アイル"},"geometry":{"type":"LineString","coordinates":[[139.754679,35.65687],[139.75084,35.62038]]}},{"type":"Feature","properties":{"shape_id":"{}","direction_id":"{\"1\": 50}","headsign":"{}","duration_avg":120,"n_vehicles":50,"d":1200,"route_I_counts":"{\"17\": 50}","source":241,"target":151,"layer":"L","from":"天王洲アイル","to":"大門"},"geometry":{"type":"LineString","coordinates":[[139.75084,35.62038],[139.754679,35.65687]]}},{"type":"Feature","properties":{"shape_id":"{}","direction_id":"{\"0\": 50}","headsign":"{}","duration_avg":120,"n_vehicles":50,"d":1200,"route_I_counts":"{\"17\": 50}","source":241,"target":242,"layer":"L","from":"天王洲アイル","to":"大井競馬場前"},"geometry":{"type":"LineString","coordinates":[[139.75084,35.62038],[139.747055,35.595025]]}},{"type":"Feature","properties":{"shape_id":"{}","direction_id":"{\"1\": 50}","headsign":"{}","duration_avg":120,"n_vehicles":50,"d":1200,"route_I_counts":"{\"17\": 50}","source":242,"target":241,"layer":"L","from":"大井競馬場前","to":"天王洲アイル"},"geometry":{"type":"LineString","coordinates":[[139.747055,35.595025],[139.75084,35.62038]]}},{"type":"Feature","properties":{"shape_id":"{}","direction_id":"{\"0\": 50}","headsign":"{}","duration_avg":120,"n_vehicles":50,"d":1200,"route_I_counts":"{\"17\": 50}","source":242,"target":243,"layer":"L","from":"大井競馬場前","to":"流通センター"},"geometry":{"type":"LineString","coordinates":[[139.747055,35.595025],[139.749161,35.581448]]}},{"type":"Feature","properties":{"shape_id":"{}","direction_id":"{\"1\": 50}","headsign":"{}","duration_avg":120,"n_vehicles":50,"d":1200,"route_I_counts":"{\"17\": 50}","source":243,"target":242,"layer":"L","from":"流通センター","to":"大井競馬場前"},"geometry":{"type":"LineString","coordinates":[[139.749161,35.581448],[139.747055,35.595025]]}},{"type":"Feature","properties":{"shape_id":"{}","direction_id":"{\"0\": 50}","headsign":"{}","duration_avg":120,"n_vehicles":50,"d":1200,"route_I_counts":"{\"17\": 50}","source":243,"target":244,"layer":"L","from":"流通センター","to":"昭和島"},"geometry":{"type":"LineString","coordinates":[[139.749161,35.581448],[139.749899,35.570684]]}},{"type":"Feature","properties":{"shape_id":"{}","direction_id":"{\"1\": 50}","headsign":"{}","duration_avg":120,"n_vehicles":50,"d":1200,"route_I_counts":"{\"17\": 50}","source":244,"target":243,"layer":"L","from":"昭和島","to":"流通センター"},"geometry":{"type":"LineString","coordinates":[[139.749899,35.570684],[139.749161,35.581448]]}},{"type":"Feature","properties":{"shape_id":"{}","direction_id":"{\"0\": 50}","headsign":"{}","duration_avg":120,"n_vehicles":50,"d":1200,"route_I_counts":"{\"17\": 50}","source":244,"target":245,"layer":"L","from":"昭和島","to":"整備場"},"geometry":{"type":"LineString","coordinates":[[139.749899,35.570684],[139.75341,35.555183]]}},{"type":"Feature","properties":{"shape_id":"{}","direction_id":"{\"1\": 50}","headsign":"{}","duration_avg":120,"n_vehicles":50,"d":1200,"route_I_counts":"{\"17\": 50}","source":245,"target":244,"layer":"L","from":"整備場","to":"昭和島"},"geometry":{"type":"LineString","coordinates":[[139.75341,35.555183],[139.749899,35.570684]]}},{"type":"Feature","properties":{"shape_id":"{}","direction_id":"{\"0\": 50}","headsign":"{}","duration_avg":120,"n_vehicles":50,"d":1200,"route_I_counts":"{\"17\": 50}","source":245,"target":246,"layer":"L","from":"整備場","to":"天空橋"},"geometry":{"type":"LineString","coordinates":[[139.75341,35.555183],[139.754041,35.548732]]}},{"type":"Feature","properties":{"shape_id":"{}","direction_id":"{\"1\": 50}","headsign":"{}","duration_avg":120,"n_vehicles":50,"d":1200,"route_I_counts":"{\"17\": 50}","source":246,"target":245,"layer":"L","from":"天空橋","to":"整備場"},"geometry":{"type":"LineString","coordinates":[[139.754041,35.548732],[139.75341,35.555183]]}},{"type":"Feature","properties":{"shape_id":"{}","direction_id":"{\"0\": 50}","headsign":"{}","duration_avg":120,"n_vehicles":50,"d":1200,"route_I_counts":"{\"17\": 50}","source":246,"target":247,"layer":"L","from":"天空橋","to":"羽田空港第3ターミナル"},"geometry":{"type":"LineString","coordinates":[[139.754041,35.548732],[139.768215,35.544265]]}},{"type":"Feature","properties":{"shape_id":"{}","direction_id":"{\"1\": 50}","headsign":"{}","duration_avg":120,"n_vehicles":50,"d":1200,"route_I_counts":"{\"17\": 50}","source":247,"target":246,"layer":"L","from":"羽田空港第3ターミナル","to":"天空橋"},"geometry":{"type":"LineString","coordinates":[[139.768215,35.544265],[139.754041,35.548732]]}},{"type":"Feature","properties":{"shape_id":"{}","direction_id":"{\"0\": 50}","headsign":"{}","duration_avg":120,"n_vehicles":50,"d":1200,"route_I_counts":"{\"17\": 50}","source":247,"target":248,"layer":"L","from":"羽田空港第3ターミナル","to":"新整備場"},"geometry":{"type":"LineString","coordinates":[[139.768215,35.544265],[139.787187,35.542647]]}},{"type":"Feature","properties":{"shape_id":"{}","direction_id":"{\"1\": 50}","headsign":"{}","duration_avg":120,"n_vehicles":50,"d":1200,"route_I_counts":"{\"17\": 50}","source":248,"target":247,"layer":"L","from":"新整備場","to":"羽田空港第3ターミナル"},"geometry":{"type":"LineString","coordinates":[[139.787187,35.542647],[139.768215,35.544265]]}},{"type":"Feature","properties":{"shape_id":"{}","direction_id":"{\"0\": 50}","headsign":"{}","duration_avg":120,"n_vehicles":50,"d":1200,"route_I_counts":"{\"17\": 50}","source":248,"target":249,"layer":"L","from":"新整備場","to":"羽田空港第1ターミナル"},"geometry":{"type":"LineString","coordinates":[[139.787187,35.542647],[139.784712,35.549142]]}},{"type":"Feature","properties":{"shape_id":"{}","direction_id":"{\"1\": 50}","headsign":"{}","duration_avg":120,"n_vehicles":50,"d":1200,"route_I_counts":"{\"17\": 50}","source":249,"target":248,"layer":"L","from":"羽田空港第1ターミナル","to":"新整備場"},"geometry":{"type":"LineString","coordinates":[[139.784712,35.549142],[139.787187,35.542647]]}},{"type":"Feature","properties":{"shape_id":"{}","direction_id":"{\"0\": 50}","headsign":"{}","duration_avg":120,"n_vehicles":50,"d":1200,"route_I_counts":"{\"17\": 50}","source":249,"target":250,"layer":"L","from":"羽田空港第1ターミナル","to":"羽田空港第2ターミナル"},"geometry":{"type":"LineString","coordinates":[[139.784712,35.549142],[139.787996,35.550703]]}},{"type":"Feature","properties":{"shape_id":"{}","direction_id":"{\"1\": 50}","headsign":"{}","duration_avg":120,"n_vehicles":50,"d":1200,"route_I_counts":"{\"17\": 50}","source":250,"target":249,"layer":"L","from":"羽田空港第2ターミナル","to":"羽田空港第1ターミナル"},"geometry":{"type":"LineString","coordinates":[[139.787996,35.550703],[139.784712,35.549142]]}}]}