{"type":"FeatureCollection","features":[{"type":"Feature","geometry":{"type":"Point","coordinates":[108.658197,34.335136]},"properties":{"name":"西安咸阳西站(地铁站)","original_ids":"[1]","id":0,"layer":"stop"}},{"type":"Feature","geometry":{"type":"Point","coordinates":[108.660979,34.326704]},"properties":{"name":"西安宝泉路(地铁站)","original_ids":"[2]","id":1,"layer":"stop"}},{"type":"Feature","geometry":{"type":"Point","coordinates":[108.669313,34.314642]},"properties":{"name":"西安中华西路(地铁站)","original_ids":"[3]","id":2,"layer":"stop"}},{"type":"Feature","geometry":{"type":"Point","coordinates":[108.68881,34.307386]},"properties":{"name":"西安安谷(地铁站)","original_ids":"[4]","id":3,"layer":"stop"}},{"type":"Feature","geometry":{"type":"Point","coordinates":[108.702413,34.314951]},"properties":{"name":"西安陈杨寨(地铁站)","original_ids":"[5]","id":4,"layer":"stop"}},{"type":"Feature","geometry":{"type":"Point","coordinates":[108.722369,34.318044]},"properties":{"name":"西安白马河(地铁站)","original_ids":"[6]","id":5,"layer":"stop"}},{"type":"Feature","geometry":{"type":"Point","coordinates":[108.733639,34.319739]},"properties":{"name":"西安陕西中医药大学(地铁站)","original_ids":"[7]","id":6,"layer":"stop"}},{"type":"Feature","geometry":{"type":"Point","coordinates":[108.748144,34.321635]},"properties":{"name":"西安沣河森林公园(地铁站)","original_ids":"[8]","id":7,"layer":"stop"}},{"type":"Feature","geometry":{"type":"Point","coordinates":[108.75856,34.318768]},"properties":{"name":"西安北槐(地铁站)","original_ids":"[9]","id":8,"layer":"stop"}},{"type":"Feature","geometry":{"type":"Point","coordinates":[108.772893,34.314625]},"properties":{"name":"西安上林路(地铁站)","original_ids":"[10]","id":9,"layer":"stop"}},{"type":"Feature","geometry":{"type":"Point","coordinates":[108.792055,34.308716]},"properties":{"name":"西安沣东自贸园(地铁站)","original_ids":"[11]","id":10,"layer":"stop"}},{"type":"Feature","geometry":{"type":"Point","coordinates":[108.808858,34.301656]},"properties":{"name":"西安后卫寨(地铁站)","original_ids":"[12]","id":11,"layer":"stop"}},{"type":"Feature","geometry":{"type":"Point","coordinates":[108.827566,34.291488]},"properties":{"name":"西安三桥(地铁站)","original_ids":"[13]","id":12,"layer":"stop"}},{"type":"Feature","geometry":{"type":"Point","coordinates":[108.847806,34.285951]},"properties":{"name":"西安皂河(地铁站)","original_ids":"[14]","id":13,"layer":"stop"}},{"type":"Feature","geometry":{"type":"Point","coordinates":[108.858,34.280781]},"properties":{"name":"西安枣园(地铁站)","original_ids":"[15]","id":14,"layer":"stop"}},{"type":"Feature","geometry":{"type":"Point","coordinates":[108.869381,34.274645]},"properties":{"name":"西安汉城路(地铁站)","original_ids":"[16]","id":15,"layer":"stop"}},{"type":"Feature","geometry":{"type":"Point","coordinates":[108.887884,34.270982]},"properties":{"name":"西安开远门(地铁站)","original_ids":"[17]","id":16,"layer":"stop"}},{"type":"Feature","geometry":{"type":"Point","coordinates":[108.905187,34.271159]},"properties":{"name":"西安劳动路(地铁站)","original_ids":"[18]","id":17,"layer":"stop"}},{"type":"Feature","geometry":{"type":"Point","coordinates":[108.916301,34.271227]},"properties":{"name":"西安玉祥门(地铁站)","original_ids":"[19]","id":18,"layer":"stop"}},{"type":"Feature","geometry":{"type":"Point","coordinates":[108.92919,34.271301]},"properties":{"name":"西安洒金桥(地铁站)","original_ids":"[20]","id":19,"layer":"stop"}},{"type":"Feature","geometry":{"type":"Point","coordinates":[108.942495,34.271502]},"properties":{"name":"西安北大街(地铁站)","original_ids":"[21]","id":20,"layer":"stop"}},{"type":"Feature","geometry":{"type":"Point","coordinates":[108.958174,34.271557]},"properties":{"name":"西安五路口(地铁站)","original_ids":"[22]","id":21,"layer":"stop"}},{"type":"Feature","geometry":{"type":"Point","coordinates":[108.96931,34.27148]},"properties":{"name":"西安朝阳门(地铁站)","original_ids":"[23]","id":22,"layer":"stop"}},{"type":"Feature","geometry":{"type":"Point","coordinates":[108.97966,34.270965]},"properties":{"name":"西安康复路(地铁站)","original_ids":"[24]","id":23,"layer":"stop"}},{"type":"Feature","geometry":{"type":"Point","coordinates":[108.989757,34.270944]},"properties":{"name":"西安通化门(地铁站)","original_ids":"[25]","id":24,"layer":"stop"}},{"type":"Feature","geometry":{"type":"Point","coordinates":[109.008126,34.270991]},"properties":{"name":"西安万寿路(地铁站)","original_ids":"[26]","id":25,"layer":"stop"}},{"type":"Feature","geometry":{"type":"Point","coordinates":[109.025417,34.273435]},"properties":{"name":"西安长乐坡(地铁站)","original_ids":"[27]","id":26,"layer":"stop"}},{"type":"Feature","geometry":{"type":"Point","coordinates":[109.039378,34.275289]},"properties":{"name":"西安浐河(地铁站)","original_ids":"[28]","id":27,"layer":"stop"}},{"type":"Feature","geometry":{"type":"Point","coordinates":[109.051042,34.276768]},"properties":{"name":"西安半坡(地铁站)","original_ids":"[29]","id":28,"layer":"stop"}},{"type":"Feature","geometry":{"type":"Point","coordinates":[109.064628,34.280726]},"properties":{"name":"西安纺织城(地铁站)","original_ids":"[30]","id":29,"layer":"stop"}},{"type":"Feature","geometry":{"type":"Point","coordinates":[108.954813,34.40037]},"properties":{"name":"西安草滩(地铁站)","original_ids":"[31]","id":30,"layer":"stop"}},{"type":"Feature","geometry":{"type":"Point","coordinates":[108.940569,34.394973]},"properties":{"name":"西安红会医院北区(地铁站)","original_ids":"[32]","id":31,"layer":"stop"}},{"type":"Feature","geometry":{"type":"Point","coordinates":[108.934164,34.376944]},"properties":{"name":"西安西安北站(地铁站)","original_ids":"[33]","id":32,"layer":"stop"}},{"type":"Feature","geometry":{"type":"Point","coordinates":[108.940542,34.363551]},"properties":{"name":"西安北苑(地铁站)","original_ids":"[34]","id":33,"layer":"stop"}},{"type":"Feature","geometry":{"type":"Point","coordinates":[108.943016,34.353966]},"properties":{"name":"西安凤城十路(地铁站)","original_ids":"[35]","id":34,"layer":"stop"}},{"type":"Feature","geometry":{"type":"Point","coordinates":[108.942652,34.342525]},"properties":{"name":"西安行政中心(地铁站)","original_ids":"[36]","id":35,"layer":"stop"}},{"type":"Feature","geometry":{"type":"Point","coordinates":[108.942613,34.331336]},"properties":{"name":"西安凤城五路(地铁站)","original_ids":"[37]","id":36,"layer":"stop"}},{"type":"Feature","geometry":{"type":"Point","coordinates":[108.942673,34.319365]},"properties":{"name":"西安市图书馆(地铁站)","original_ids":"[38]","id":37,"layer":"stop"}},{"type":"Feature","geometry":{"type":"Point","coordinates":[108.942592,34.306646]},"properties":{"name":"西安大明宫西(地铁站)","original_ids":"[39]","id":38,"layer":"stop"}},{"type":"Feature","geometry":{"type":"Point","coordinates":[108.942566,34.293745]},"properties":{"name":"西安龙首原(地铁站)","original_ids":"[40]","id":39,"layer":"stop"}},{"type":"Feature","geometry":{"type":"Point","coordinates":[108.942559,34.282754]},"properties":{"name":"西安安远门(地铁站)","original_ids":"[41]","id":40,"layer":"stop"}},{"type":"Feature","geometry":{"type":"Point","coordinates":[108.942398,34.262601]},"properties":{"name":"西安钟楼(地铁站)","original_ids":"[42]","id":41,"layer":"stop"}},{"type":"Feature","geometry":{"type":"Point","coordinates":[108.942284,34.249768]},"properties":{"name":"西安永宁门(地铁站)","original_ids":"[43]","id":42,"layer":"stop"}},{"type":"Feature","geometry":{"type":"Point","coordinates":[108.942245,34.241965]},"properties":{"name":"西安南稍门(地铁站)","original_ids":"[44]","id":43,"layer":"stop"}},{"type":"Feature","geometry":{"type":"Point","coordinates":[108.94213,34.233967]},"properties":{"name":"西安体育场(地铁站)","original_ids":"[45]","id":44,"layer":"stop"}},{"type":"Feature","geometry":{"type":"Point","coordinates":[108.942102,34.22443]},"properties":{"name":"西安小寨(地铁站)","original_ids":"[46]","id":45,"layer":"stop"}},{"type":"Feature","geometry":{"type":"Point","coordinates":[108.942004,34.21419]},"properties":{"name":"西安纬一街(地铁站)","original_ids":"[47]","id":46,"layer":"stop"}},{"type":"Feature","geometry":{"type":"Point","coordinates":[108.942779,34.199682]},"properties":{"name":"西安电视塔(地铁站)","original_ids":"[48]","id":47,"layer":"stop"}},{"type":"Feature","geometry":{"type":"Point","coordinates":[108.94125,34.18463]},"properties":{"name":"西安三爻(地铁站)","original_ids":"[49]","id":48,"layer":"stop"}},{"type":"Feature","geometry":{"type":"Point","coordinates":[108.94055,34.17083]},"properties":{"name":"西安凤栖原(地铁站)","original_ids":"[50]","id":49,"layer":"stop"}},{"type":"Feature","geometry":{"type":"Point","coordinates":[108.940013,34.159624]},"properties":{"name":"西安航天城(地铁站)","original_ids":"[51]","id":50,"layer":"stop"}},{"type":"Feature","geometry":{"type":"Point","coordinates":[108.940859,34.143738]},"properties":{"name":"西安韦曲南(地铁站)","original_ids":"[52]","id":51,"layer":"stop"}},{"type":"Feature","geometry":{"type":"Point","coordinates":[108.935248,34.12887]},"properties":{"name":"西安何家营(地铁站)","original_ids":"[53]","id":52,"layer":"stop"}},{"type":"Feature","geometry":{"type":"Point","coordinates":[108.933898,34.113558]},"properties":{"name":"西安常宁宫(地铁站)","original_ids":"[54]","id":53,"layer":"stop"}},{"type":"Feature","geometry":{"type":"Point","coordinates":[108.843638,34.239577]},"properties":{"name":"西安鱼化寨(地铁站)","original_ids":"[55]","id":54,"layer":"stop"}},{"type":"Feature","geometry":{"type":"Point","coordinates":[108.868627,34.238995]},"properties":{"name":"西安丈八北路(地铁站)","original_ids":"[56]","id":55,"layer":"stop"}},{"type":"Feature","geometry":{"type":"Point","coordinates":[108.882633,34.238827]},"properties":{"name":"西安延平门(地铁站)","original_ids":"[57]","id":56,"layer":"stop"}},{"type":"Feature","geometry":{"type":"Point","coordinates":[108.899624,34.232895]},"properties":{"name":"西安科技路(地铁站)","original_ids":"[58]","id":57,"layer":"stop"}},{"type":"Feature","geometry":{"type":"Point","coordinates":[108.912049,34.227285]},"properties":{"name":"西安太白南路(地铁站)","original_ids":"[59]","id":58,"layer":"stop"}},{"type":"Feature","geometry":{"type":"Point","coordinates":[108.928667,34.224268]},"properties":{"name":"西安吉祥村(地铁站)","original_ids":"[60]","id":59,"layer":"stop"}},{"type":"Feature","geometry":{"type":"Point","coordinates":[108.959589,34.224355]},"properties":{"name":"西安大雁塔(地铁站)","original_ids":"[61]","id":60,"layer":"stop"}},{"type":"Feature","geometry":{"type":"Point","coordinates":[108.972473,34.225348]},"properties":{"name":"西安北池头(地铁站)","original_ids":"[62]","id":61,"layer":"stop"}},{"type":"Feature","geometry":{"type":"Point","coordinates":[108.989083,34.232289]},"properties":{"name":"西安青龙寺(地铁站)","original_ids":"[63]","id":62,"layer":"stop"}},{"type":"Feature","geometry":{"type":"Point","coordinates":[108.991879,34.245599]},"properties":{"name":"西安延兴门(地铁站)","original_ids":"[64]","id":63,"layer":"stop"}},{"type":"Feature","geometry":{"type":"Point","coordinates":[108.991886,34.252575]},"properties":{"name":"西安咸宁路(地铁站)","original_ids":"[65]","id":64,"layer":"stop"}},{"type":"Feature","geometry":{"type":"Point","coordinates":[108.991286,34.262105]},"properties":{"name":"西安长乐公园(地铁站)","original_ids":"[66]","id":65,"layer":"stop"}},{"type":"Feature","geometry":{"type":"Point","coordinates":[108.990748,34.27923]},"properties":{"name":"西安胡家庙(地铁站)","original_ids":"[67]","id":66,"layer":"stop"}},{"type":"Feature","geometry":{"type":"Point","coordinates":[108.990766,34.29233]},"properties":{"name":"西安石家街(地铁站)","original_ids":"[68]","id":67,"layer":"stop"}},{"type":"Feature","geometry":{"type":"Point","coordinates":[108.990726,34.306376]},"properties":{"name":"西安辛家庙(地铁站)","original_ids":"[69]","id":68,"layer":"stop"}},{"type":"Feature","geometry":{"type":"Point","coordinates":[109.008288,34.312216]},"properties":{"name":"西安广泰门(地铁站)","original_ids":"[70]","id":69,"layer":"stop"}},{"type":"Feature","geometry":{"type":"Point","coordinates":[109.028175,34.312495]},"properties":{"name":"西安桃花潭(地铁站)","original_ids":"[71]","id":70,"layer":"stop"}},{"type":"Feature","geometry":{"type":"Point","coordinates":[109.041168,34.318258]},"properties":{"name":"西安浐灞中心(地铁站)","original_ids":"[72]","id":71,"layer":"stop"}},{"type":"Feature","geometry":{"type":"Point","coordinates":[109.047181,34.331428]},"properties":{"name":"西安香湖湾(地铁站)","original_ids":"[73]","id":72,"layer":"stop"}},{"type":"Feature","geometry":{"type":"Point","coordinates":[109.042389,34.346533]},"properties":{"name":"西安务庄(地铁站)","original_ids":"[74]","id":73,"layer":"stop"}},{"type":"Feature","geometry":{"type":"Point","coordinates":[109.034309,34.362392]},"properties":{"name":"西安国际港务区(地铁站)","original_ids":"[75]","id":74,"layer":"stop"}},{"type":"Feature","geometry":{"type":"Point","coordinates":[109.036099,34.373665]},"properties":{"name":"西安双寨(地铁站)","original_ids":"[76]","id":75,"layer":"stop"}},{"type":"Feature","geometry":{"type":"Point","coordinates":[109.037758,34.384336]},"properties":{"name":"西安新筑(地铁站)","original_ids":"[77]","id":76,"layer":"stop"}},{"type":"Feature","geometry":{"type":"Point","coordinates":[109.039022,34.396839]},"properties":{"name":"西安保税区(地铁站)","original_ids":"[78]","id":77,"layer":"stop"}},{"type":"Feature","geometry":{"type":"Point","coordinates":[108.925067,34.368718]},"properties":{"name":"西安元朔路(地铁站)","original_ids":"[79]","id":78,"layer":"stop"}},{"type":"Feature","geometry":{"type":"Point","coordinates":[108.925112,34.360589]},"properties":{"name":"西安凤城十二路(地铁站)","original_ids":"[80]","id":79,"layer":"stop"}},{"type":"Feature","geometry":{"type":"Point","coordinates":[108.92514,34.350425]},"properties":{"name":"西安凤城九路(地铁站)","original_ids":"[81]","id":80,"layer":"stop"}},{"type":"Feature","geometry":{"type":"Point","coordinates":[108.93208,34.34254]},"properties":{"name":"西安文景路(地铁站)","original_ids":"[82]","id":81,"layer":"stop"}},{"type":"Feature","geometry":{"type":"Point","coordinates":[108.955838,34.342525]},"properties":{"name":"西安市中医医院(地铁站)","original_ids":"[83]","id":82,"layer":"stop"}},{"type":"Feature","geometry":{"type":"Point","coordinates":[108.966884,34.336997]},"properties":{"name":"西安常青路(地铁站)","original_ids":"[84]","id":83,"layer":"stop"}},{"type":"Feature","geometry":{"type":"Point","coordinates":[108.966888,34.327982]},"properties":{"name":"西安百花村(地铁站)","original_ids":"[85]","id":84,"layer":"stop"}},{"type":"Feature","geometry":{"type":"Point","coordinates":[108.966844,34.320135]},"properties":{"name":"西安余家寨(地铁站)","original_ids":"[86]","id":85,"layer":"stop"}},{"type":"Feature","geometry":{"type":"Point","coordinates":[108.966795,34.309733]},"properties":{"name":"西安大明宫北(地铁站)","original_ids":"[87]","id":86,"layer":"stop"}},{"type":"Feature","geometry":{"type":"Point","coordinates":[108.966735,34.298292]},"properties":{"name":"西安大明宫(地铁站)","original_ids":"[88]","id":87,"layer":"stop"}},{"type":"Feature","geometry":{"type":"Point","coordinates":[108.966754,34.289144]},"properties":{"name":"西安含元殿(地铁站)","original_ids":"[89]","id":88,"layer":"stop"}},{"type":"Feature","geometry":{"type":"Point","coordinates":[108.961487,34.280257]},"properties":{"name":"西安西安站(地铁站)","original_ids":"[90]","id":89,"layer":"stop"}},{"type":"Feature","geometry":{"type":"Point","coordinates":[108.958351,34.260919]},"properties":{"name":"西安大差市(地铁站)","original_ids":"[91]","id":90,"layer":"stop"}},{"type":"Feature","geometry":{"type":"Point","coordinates":[108.958622,34.251345]},"properties":{"name":"西安和平门(地铁站)","original_ids":"[92]","id":91,"layer":"stop"}},{"type":"Feature","geometry":{"type":"Point","coordinates":[108.958866,34.242717]},"properties":{"name":"西安建筑科技大学·李家村(地铁站)","original_ids":"[93]","id":92,"layer":"stop"}},{"type":"Feature","geometry":{"type":"Point","coordinates":[108.95902,34.234613]},"properties":{"name":"西安西安科技大学(地铁站)","original_ids":"[94]","id":93,"layer":"stop"}},{"type":"Feature","geometry":{"type":"Point","coordinates":[108.966477,34.211354]},"properties":{"name":"西安大唐芙蓉园(地铁站)","original_ids":"[95]","id":94,"layer":"stop"}},{"type":"Feature","geometry":{"type":"Point","coordinates":[108.970259,34.198865]},"properties":{"name":"西安曲江池西(地铁站)","original_ids":"[96]","id":95,"layer":"stop"}},{"type":"Feature","geometry":{"type":"Point","coordinates":[108.97053,34.182115]},"properties":{"name":"西安金滹沱(地铁站)","original_ids":"[97]","id":96,"layer":"stop"}},{"type":"Feature","geometry":{"type":"Point","coordinates":[108.969725,34.172264]},"properties":{"name":"西安航天大道(地铁站)","original_ids":"[98]","id":97,"layer":"stop"}},{"type":"Feature","geometry":{"type":"Point","coordinates":[108.969679,34.163909]},"properties":{"name":"西安飞天路(地铁站)","original_ids":"[99]","id":98,"layer":"stop"}},{"type":"Feature","geometry":{"type":"Point","coordinates":[108.96975,34.155452]},"properties":{"name":"西安东长安街(地铁站)","original_ids":"[100]","id":99,"layer":"stop"}},{"type":"Feature","geometry":{"type":"Point","coordinates":[108.978847,34.144005]},"properties":{"name":"西安神舟大道(地铁站)","original_ids":"[101]","id":100,"layer":"stop"}},{"type":"Feature","geometry":{"type":"Point","coordinates":[108.992252,34.143976]},"properties":{"name":"西安航天东路(地铁站)","original_ids":"[102]","id":101,"layer":"stop"}},{"type":"Feature","geometry":{"type":"Point","coordinates":[109.008187,34.143971]},"properties":{"name":"西安航天新城(地铁站)","original_ids":"[103]","id":102,"layer":"stop"}},{"type":"Feature","geometry":{"type":"Point","coordinates":[108.652763,34.251304]},"properties":{"name":"西安创新港(地铁站)","original_ids":"[104]","id":103,"layer":"stop"}},{"type":"Feature","geometry":{"type":"Point","coordinates":[108.662103,34.25956]},"properties":{"name":"西安创新港东(地铁站)","original_ids":"[105]","id":104,"layer":"stop"}},{"type":"Feature","geometry":{"type":"Point","coordinates":[108.675808,34.270099]},"properties":{"name":"西安翱翔小镇(地铁站)","original_ids":"[106]","id":105,"layer":"stop"}},{"type":"Feature","geometry":{"type":"Point","coordinates":[108.686078,34.270161]},"properties":{"name":"西安钓台(地铁站)","original_ids":"[107]","id":106,"layer":"stop"}},{"type":"Feature","geometry":{"type":"Point","coordinates":[108.696747,34.270174]},"properties":{"name":"西安沣西文化公园(地铁站)","original_ids":"[108]","id":107,"layer":"stop"}},{"type":"Feature","geometry":{"type":"Point","coordinates":[108.706204,34.262351]},"properties":{"name":"西安东马坊(地铁站)","original_ids":"[109]","id":108,"layer":"stop"}},{"type":"Feature","geometry":{"type":"Point","coordinates":[108.712931,34.242363]},"properties":{"name":"西安高桥(地铁站)","original_ids":"[110]","id":109,"layer":"stop"}},{"type":"Feature","geometry":{"type":"Point","coordinates":[108.722652,34.242011]},"properties":{"name":"西安文教园(地铁站)","original_ids":"[111]","id":110,"layer":"stop"}},{"type":"Feature","geometry":{"type":"Point","coordinates":[108.744679,34.246373]},"properties":{"name":"西安欢乐谷(地铁站)","original_ids":"[112]","id":111,"layer":"stop"}},{"type":"Feature","geometry":{"type":"Point","coordinates":[108.754401,34.246318]},"properties":{"name":"西安镐京(地铁站)","original_ids":"[113]","id":112,"layer":"stop"}},{"type":"Feature","geometry":{"type":"Point","coordinates":[108.765662,34.246326]},"properties":{"name":"西安复兴大道南(地铁站)","original_ids":"[114]","id":113,"layer":"stop"}},{"type":"Feature","geometry":{"type":"Point","coordinates":[108.785855,34.246319]},"properties":{"name":"西安斗门(地铁站)","original_ids":"[115]","id":114,"layer":"stop"}},{"type":"Feature","geometry":{"type":"Point","coordinates":[108.800842,34.246729]},"properties":{"name":"西安王寺(地铁站)","original_ids":"[116]","id":115,"layer":"stop"}},{"type":"Feature","geometry":{"type":"Point","coordinates":[108.820507,34.253986]},"properties":{"name":"西安阿房宫南(地铁站)","original_ids":"[117]","id":116,"layer":"stop"}},{"type":"Feature","geometry":{"type":"Point","coordinates":[108.829586,34.253969]},"properties":{"name":"西安石桥立交(地铁站)","original_ids":"[118]","id":117,"layer":"stop"}},{"type":"Feature","geometry":{"type":"Point","coordinates":[108.847904,34.253985]},"properties":{"name":"西安西窑头(地铁站)","original_ids":"[119]","id":118,"layer":"stop"}},{"type":"Feature","geometry":{"type":"Point","coordinates":[108.867488,34.253977]},"properties":{"name":"西安汉城南路(地铁站)","original_ids":"[120]","id":119,"layer":"stop"}},{"type":"Feature","geometry":{"type":"Point","coordinates":[108.884173,34.253951]},"properties":{"name":"西安金光门(地铁站)","original_ids":"[121]","id":120,"layer":"stop"}},{"type":"Feature","geometry":{"type":"Point","coordinates":[108.895345,34.247817]},"properties":{"name":"西安丰庆公园(地铁站)","original_ids":"[122]","id":121,"layer":"stop"}},{"type":"Feature","geometry":{"type":"Point","coordinates":[108.905446,34.242513]},"properties":{"name":"西安西北工业大学(地铁站)","original_ids":"[123]","id":122,"layer":"stop"}},{"type":"Feature","geometry":{"type":"Point","coordinates":[108.918777,34.242756]},"properties":{"name":"西安边家村(地铁站)","original_ids":"[124]","id":123,"layer":"stop"}},{"type":"Feature","geometry":{"type":"Point","coordinates":[108.928649,34.242763]},"properties":{"name":"西安省人民医院·黄雁村(地铁站)","original_ids":"[125]","id":124,"layer":"stop"}},{"type":"Feature","geometry":{"type":"Point","coordinates":[108.950803,34.242748]},"properties":{"name":"西安文艺路(地铁站)","original_ids":"[126]","id":125,"layer":"stop"}},{"type":"Feature","geometry":{"type":"Point","coordinates":[108.969102,34.24281]},"properties":{"name":"西安太乙路(地铁站)","original_ids":"[127]","id":126,"layer":"stop"}},{"type":"Feature","geometry":{"type":"Point","coordinates":[108.984454,34.239786]},"properties":{"name":"西安雁翔路北口(地铁站)","original_ids":"[128]","id":127,"layer":"stop"}},{"type":"Feature","geometry":{"type":"Point","coordinates":[108.99692,34.220197]},"properties":{"name":"西安理工大曲江校区(地铁站)","original_ids":"[129]","id":128,"layer":"stop"}},{"type":"Feature","geometry":{"type":"Point","coordinates":[109.008963,34.21656]},"properties":{"name":"西安黄渠头(地铁站)","original_ids":"[130]","id":129,"layer":"stop"}},{"type":"Feature","geometry":{"type":"Point","coordinates":[109.022471,34.220878]},"properties":{"name":"西安马腾空(地铁站)","original_ids":"[131]","id":130,"layer":"stop"}},{"type":"Feature","geometry":{"type":"Point","coordinates":[109.033438,34.221722]},"properties":{"name":"西安月登阁(地铁站)","original_ids":"[132]","id":131,"layer":"stop"}},{"type":"Feature","geometry":{"type":"Point","coordinates":[109.04593,34.22375]},"properties":{"name":"西安雁鸣湖(地铁站)","original_ids":"[133]","id":132,"layer":"stop"}},{"type":"Feature","geometry":{"type":"Point","coordinates":[109.056123,34.215812]},"properties":{"name":"西安西安东站(地铁站)","original_ids":"[134]","id":133,"layer":"stop"}},{"type":"Feature","geometry":{"type":"Point","coordinates":[109.015058,34.230297]},"properties":{"name":"西安东等驾坡(地铁站)","original_ids":"[135]","id":134,"layer":"stop"}},{"type":"Feature","geometry":{"type":"Point","coordinates":[109.020466,34.211785]},"properties":{"name":"西安植物园(地铁站)","original_ids":"[136]","id":135,"layer":"stop"}},{"type":"Feature","geometry":{"type":"Point","coordinates":[109.008606,34.209408]},"properties":{"name":"西安缪家寨(地铁站)","original_ids":"[137]","id":136,"layer":"stop"}},{"type":"Feature","geometry":{"type":"Point","coordinates":[108.994247,34.20155]},"properties":{"name":"西安新开门(地铁站)","original_ids":"[138]","id":137,"layer":"stop"}},{"type":"Feature","geometry":{"type":"Point","coordinates":[108.984405,34.20155]},"properties":{"name":"西安寒窑(地铁站)","original_ids":"[139]","id":138,"layer":"stop"}},{"type":"Feature","geometry":{"type":"Point","coordinates":[108.959077,34.198466]},"properties":{"name":"西安大唐不夜城(地铁站)","original_ids":"[140]","id":139,"layer":"stop"}},{"type":"Feature","geometry":{"type":"Point","coordinates":[108.923728,34.200054]},"properties":{"name":"西安东仪路(地铁站)","original_ids":"[141]","id":140,"layer":"stop"}},{"type":"Feature","geometry":{"type":"Point","coordinates":[108.914795,34.199993]},"properties":{"name":"西安安化门(地铁站)","original_ids":"[142]","id":141,"layer":"stop"}},{"type":"Feature","geometry":{"type":"Point","coordinates":[108.900703,34.200014]},"properties":{"name":"西安山门口(地铁站)","original_ids":"[143]","id":142,"layer":"stop"}},{"type":"Feature","geometry":{"type":"Point","coordinates":[108.885152,34.204634]},"properties":{"name":"西安省体育馆(地铁站)","original_ids":"[144]","id":143,"layer":"stop"}},{"type":"Feature","geometry":{"type":"Point","coordinates":[108.885195,34.213886]},"properties":{"name":"西安木塔寺西(地铁站)","original_ids":"[145]","id":144,"layer":"stop"}},{"type":"Feature","geometry":{"type":"Point","coordinates":[108.885156,34.227296]},"properties":{"name":"西安科技二路(地铁站)","original_ids":"[146]","id":145,"layer":"stop"}},{"type":"Feature","geometry":{"type":"Point","coordinates":[108.885088,34.260947]},"properties":{"name":"西安土门(地铁站)","original_ids":"[147]","id":146,"layer":"stop"}},{"type":"Feature","geometry":{"type":"Point","coordinates":[108.886789,34.283381]},"properties":{"name":"西安白家口(地铁站)","original_ids":"[148]","id":147,"layer":"stop"}},{"type":"Feature","geometry":{"type":"Point","coordinates":[108.897868,34.288034]},"properties":{"name":"西安光化门(地铁站)","original_ids":"[149]","id":148,"layer":"stop"}},{"type":"Feature","geometry":{"type":"Point","coordinates":[108.908646,34.286462]},"properties":{"name":"西安景曜门(地铁站)","original_ids":"[150]","id":149,"layer":"stop"}},{"type":"Feature","geometry":{"type":"Point","coordinates":[108.917633,34.291907]},"properties":{"name":"西安红庙坡(地铁站)","original_ids":"[151]","id":150,"layer":"stop"}},{"type":"Feature","geometry":{"type":"Point","coordinates":[108.918535,34.303882]},"properties":{"name":"西安大风阁(地铁站)","original_ids":"[152]","id":151,"layer":"stop"}},{"type":"Feature","geometry":{"type":"Point","coordinates":[108.925125,34.319442]},"properties":{"name":"西安霸城门(地铁站)","original_ids":"[153]","id":152,"layer":"stop"}},{"type":"Feature","geometry":{"type":"Point","coordinates":[108.955615,34.319394]},"properties":{"name":"西安市第三医院(地铁站)","original_ids":"[154]","id":153,"layer":"stop"}},{"type":"Feature","geometry":{"type":"Point","coordinates":[108.978383,34.318623]},"properties":{"name":"西安井上村(地铁站)","original_ids":"[155]","id":154,"layer":"stop"}},{"type":"Feature","geometry":{"type":"Point","coordinates":[108.997888,34.318629]},"properties":{"name":"西安北辰东路(地铁站)","original_ids":"[156]","id":155,"layer":"stop"}},{"type":"Feature","geometry":{"type":"Point","coordinates":[109.010411,34.303891]},"properties":{"name":"西安米家崖(地铁站)","original_ids":"[157]","id":156,"layer":"stop"}},{"type":"Feature","geometry":{"type":"Point","coordinates":[109.009479,34.283812]},"properties":{"name":"西安幸福林带北(地铁站)","original_ids":"[158]","id":157,"layer":"stop"}},{"type":"Feature","geometry":{"type":"Point","coordinates":[109.009334,34.260504]},"properties":{"name":"西安韩森寨(地铁站)","original_ids":"[159]","id":158,"layer":"stop"}},{"type":"Feature","geometry":{"type":"Point","coordinates":[109.00944,34.252587]},"properties":{"name":"西安万寿南路(地铁站)","original_ids":"[160]","id":159,"layer":"stop"}},{"type":"Feature","geometry":{"type":"Point","coordinates":[109.009414,34.242656]},"properties":{"name":"西安西等驾坡(地铁站)","original_ids":"[161]","id":160,"layer":"stop"}},{"type":"Feature","geometry":{"type":"Point","coordinates":[109.091916,34.276572]},"properties":{"name":"西安香王(地铁站)","original_ids":"[162]","id":161,"layer":"stop"}},{"type":"Feature","geometry":{"type":"Point","coordinates":[109.109861,34.281964]},"properties":{"name":"西安灞柳二路(地铁站)","original_ids":"[163]","id":162,"layer":"stop"}},{"type":"Feature","geometry":{"type":"Point","coordinates":[109.112536,34.297987]},"properties":{"name":"西安田王(地铁站)","original_ids":"[164]","id":163,"layer":"stop"}},{"type":"Feature","geometry":{"type":"Point","coordinates":[109.112534,34.318004]},"properties":{"name":"西安洪庆(地铁站)","original_ids":"[165]","id":164,"layer":"stop"}},{"type":"Feature","geometry":{"type":"Point","coordinates":[109.127098,34.33516]},"properties":{"name":"西安紫霞三路(地铁站)","original_ids":"[166]","id":165,"layer":"stop"}},{"type":"Feature","geometry":{"type":"Point","coordinates":[109.144423,34.34559]},"properties":{"name":"西安凤凰池(地铁站)","original_ids":"[167]","id":166,"layer":"stop"}},{"type":"Feature","geometry":{"type":"Point","coordinates":[109.161544,34.356007]},"properties":{"name":"西安鹦鹉寺公园(地铁站)","original_ids":"[168]","id":167,"layer":"stop"}},{"type":"Feature","geometry":{"type":"Point","coordinates":[109.173202,34.366579]},"properties":{"name":"西安芷阳广场(地铁站)","original_ids":"[169]","id":168,"layer":"stop"}},{"type":"Feature","geometry":{"type":"Point","coordinates":[109.183877,34.371601]},"properties":{"name":"西安西工程大·西科大(临潼校区)(地铁站)","original_ids":"[170]","id":169,"layer":"stop"}},{"type":"Feature","geometry":{"type":"Point","coordinates":[109.195734,34.371863]},"properties":{"name":"西安西花园(地铁站)","original_ids":"[171]","id":170,"layer":"stop"}},{"type":"Feature","geometry":{"type":"Point","coordinates":[109.207501,34.367861]},"properties":{"name":"西安华清池(地铁站)","original_ids":"[172]","id":171,"layer":"stop"}},{"type":"Feature","geometry":{"type":"Point","coordinates":[109.216618,34.378863]},"properties":{"name":"西安东三岔(地铁站)","original_ids":"[173]","id":172,"layer":"stop"}},{"type":"Feature","geometry":{"type":"Point","coordinates":[109.223094,34.388261]},"properties":{"name":"西安银桥大道(地铁站)","original_ids":"[174]","id":173,"layer":"stop"}},{"type":"Feature","geometry":{"type":"Point","coordinates":[109.231209,34.397371]},"properties":{"name":"西安秦陵西(地铁站)","original_ids":"[175]","id":174,"layer":"stop"}},{"type":"Feature","geometry":{"type":"Point","coordinates":[109.104979,34.523252]},"properties":{"name":"西安昭慧广场(地铁站)","original_ids":"[176]","id":175,"layer":"stop"}},{"type":"Feature","geometry":{"type":"Point","coordinates":[109.098521,34.510698]},"properties":{"name":"西安杏王(地铁站)","original_ids":"[177]","id":176,"layer":"stop"}},{"type":"Feature","geometry":{"type":"Point","coordinates":[109.076833,34.508848]},"properties":{"name":"西安鹿苑大道(地铁站)","original_ids":"[178]","id":177,"layer":"stop"}},{"type":"Feature","geometry":{"type":"Point","coordinates":[109.0567,34.507446]},"properties":{"name":"西安榆楚(地铁站)","original_ids":"[179]","id":178,"layer":"stop"}},{"type":"Feature","geometry":{"type":"Point","coordinates":[109.034006,34.505816]},"properties":{"name":"西安崇皇(地铁站)","original_ids":"[180]","id":179,"layer":"stop"}},{"type":"Feature","geometry":{"type":"Point","coordinates":[109.029351,34.490261]},"properties":{"name":"西安军庄(地铁站)","original_ids":"[181]","id":180,"layer":"stop"}},{"type":"Feature","geometry":{"type":"Point","coordinates":[109.031045,34.469116]},"properties":{"name":"西安杨官寨(地铁站)","original_ids":"[182]","id":181,"layer":"stop"}},{"type":"Feature","geometry":{"type":"Point","coordinates":[109.033174,34.451503]},"properties":{"name":"西安泾渭半岛(地铁站)","original_ids":"[183]","id":182,"layer":"stop"}},{"type":"Feature","geometry":{"type":"Point","coordinates":[109.034403,34.428407]},"properties":{"name":"西安水流(地铁站)","original_ids":"[184]","id":183,"layer":"stop"}},{"type":"Feature","geometry":{"type":"Point","coordinates":[109.021973,34.412235]},"properties":{"name":"西安西堡(地铁站)","original_ids":"[185]","id":184,"layer":"stop"}},{"type":"Feature","geometry":{"type":"Point","coordinates":[108.988196,34.408859]},"properties":{"name":"西安未央湖(地铁站)","original_ids":"[186]","id":185,"layer":"stop"}},{"type":"Feature","geometry":{"type":"Point","coordinates":[108.97751,34.393423]},"properties":{"name":"西安景家堡(地铁站)","original_ids":"[187]","id":186,"layer":"stop"}},{"type":"Feature","geometry":{"type":"Point","coordinates":[108.976853,34.375569]},"properties":{"name":"西安西安工大·武德路(地铁站)","original_ids":"[188]","id":187,"layer":"stop"}},{"type":"Feature","geometry":{"type":"Point","coordinates":[108.976844,34.355341]},"properties":{"name":"西安红旗厂(地铁站)","original_ids":"[189]","id":188,"layer":"stop"}},{"type":"Feature","geometry":{"type":"Point","coordinates":[108.979505,34.341597]},"properties":{"name":"西安团结村(地铁站)","original_ids":"[190]","id":189,"layer":"stop"}},{"type":"Feature","geometry":{"type":"Point","coordinates":[108.979475,34.330896]},"properties":{"name":"西安帽珥冢(地铁站)","original_ids":"[191]","id":190,"layer":"stop"}},{"type":"Feature","geometry":{"type":"Point","coordinates":[108.75653,34.440392]},"properties":{"name":"西安机场西(T1/T2/T3)(地铁站)","original_ids":"[192]","id":191,"layer":"stop"}},{"type":"Feature","geometry":{"type":"Point","coordinates":[108.782887,34.45779]},"properties":{"name":"西安机场(T5)(地铁站)","original_ids":"[193]","id":192,"layer":"stop"}},{"type":"Feature","geometry":{"type":"Point","coordinates":[108.793987,34.43047]},"properties":{"name":"西安空港新城(地铁站)","original_ids":"[194]","id":193,"layer":"stop"}},{"type":"Feature","geometry":{"type":"Point","coordinates":[108.795181,34.420607]},"properties":{"name":"西安艺术中心(地铁站)","original_ids":"[195]","id":194,"layer":"stop"}},{"type":"Feature","geometry":{"type":"Point","coordinates":[108.792164,34.391396]},"properties":{"name":"西安摆旗寨(地铁站)","original_ids":"[196]","id":195,"layer":"stop"}},{"type":"Feature","geometry":{"type":"Point","coordinates":[108.824557,34.391395]},"properties":{"name":"西安长陵(地铁站)","original_ids":"[197]","id":196,"layer":"stop"}},{"type":"Feature","geometry":{"type":"Point","coordinates":[108.843408,34.399431]},"properties":{"name":"西安秦汉新城(地铁站)","original_ids":"[198]","id":197,"layer":"stop"}},{"type":"Feature","geometry":{"type":"Point","coordinates":[108.866909,34.407134]},"properties":{"name":"西安秦宫(地铁站)","original_ids":"[199]","id":198,"layer":"stop"}},{"type":"Feature","geometry":{"type":"Point","coordinates":[108.918602,34.393976]},"properties":{"name":"西安渭河南(地铁站)","original_ids":"[200]","id":199,"layer":"stop"}},{"type":"Feature","geometry":{"type":"Point","coordinates":[108.945899,34.38283]},"properties":{"name":"西安文景山公园(地铁站)","original_ids":"[201]","id":200,"layer":"stop"}},{"type":"Feature","geometry":{"type":"Point","coordinates":[108.990898,34.37305]},"properties":{"name":"西安北辰(地铁站)","original_ids":"[202]","id":201,"layer":"stop"}},{"type":"Feature","geometry":{"type":"Point","coordinates":[109.0156,34.374864]},"properties":{"name":"西安奥体中心(地铁站)","original_ids":"[203]","id":202,"layer":"stop"}},{"type":"Feature","geometry":{"type":"Point","coordinates":[109.048699,34.370898]},"properties":{"name":"西安新寺(地铁站)","original_ids":"[204]","id":203,"layer":"stop"}},{"type":"Feature","geometry":{"type":"Point","coordinates":[109.061759,34.369037]},"properties":{"name":"西安港务大道(地铁站)","original_ids":"[205]","id":204,"layer":"stop"}},{"type":"Feature","geometry":{"type":"Point","coordinates":[109.072692,34.367806]},"properties":{"name":"西安贺韶(地铁站)","original_ids":"[206]","id":205,"layer":"stop"}},{"type":"Feature","geometry":{"type":"Point","coordinates":[108.74286,34.228913]},"properties":{"name":"西安诗经里(地铁站)","original_ids":"[207]","id":206,"layer":"stop"}},{"type":"Feature","geometry":{"type":"Point","coordinates":[108.765536,34.261013]},"properties":{"name":"西安沣东城市广场(地铁站)","original_ids":"[208]","id":207,"layer":"stop"}},{"type":"Feature","geometry":{"type":"Point","coordinates":[108.765772,34.270271]},"properties":{"name":"西安细柳营(地铁站)","original_ids":"[209]","id":208,"layer":"stop"}},{"type":"Feature","geometry":{"type":"Point","coordinates":[108.765921,34.28104]},"properties":{"name":"西安西安国际足球中心(地铁站)","original_ids":"[210]","id":209,"layer":"stop"}},{"type":"Feature","geometry":{"type":"Point","coordinates":[108.765455,34.298417]},"properties":{"name":"西安复兴大道北(地铁站)","original_ids":"[211]","id":210,"layer":"stop"}},{"type":"Feature","geometry":{"type":"Point","coordinates":[108.778243,34.329958]},"properties":{"name":"西安西咸大厦(地铁站)","original_ids":"[212]","id":211,"layer":"stop"}},{"type":"Feature","geometry":{"type":"Point","coordinates":[108.781825,34.338839]},"properties":{"name":"西安秦创原中心(地铁站)","original_ids":"[213]","id":212,"layer":"stop"}},{"type":"Feature","geometry":{"type":"Point","coordinates":[108.614689,34.113711]},"properties":{"name":"户县站","original_ids":"[214]","id":213,"layer":"stop"}},{"type":"Feature","geometry":{"type":"Point","coordinates":[109.057539,34.271969]},"properties":{"name":"西安纺二路(地铁站)","original_ids":"[215]","id":214,"layer":"stop"}},{"type":"Feature","geometry":{"type":"Point","coordinates":[109.059231,34.259811]},"properties":{"name":"西安纺六路(地铁站)","original_ids":"[216]","id":215,"layer":"stop"}},{"type":"Feature","geometry":{"type":"Point","coordinates":[109.0274,34.2516]},"properties":{"name":"西安穆将王(地铁站)","original_ids":"[217]","id":216,"layer":"stop"}},{"type":"Feature","geometry":{"type":"Point","coordinates":[109.037711,34.25255]},"properties":{"name":"西安田家湾(地铁站)","original_ids":"[218]","id":217,"layer":"stop"}},{"type":"Feature","geometry":{"type":"Point","coordinates":[109.02186,34.25272]},"properties":{"name":"西安卫星测控中心(地铁站)","original_ids":"[219]","id":218,"layer":"stop"}},{"type":"Feature","geometry":{"type":"Point","coordinates":[109.001561,34.252519]},"properties":{"name":"西安公园南路(地铁站)","original_ids":"[220]","id":219,"layer":"stop"}},{"type":"Feature","geometry":{"type":"Point","coordinates":[108.982631,34.252539]},"properties":{"name":"西安交通大学·兴庆宫(地铁站)","original_ids":"[221]","id":220,"layer":"stop"}},{"type":"Feature","geometry":{"type":"Point","coordinates":[108.970919,34.260739]},"properties":{"name":"西安长乐门(地铁站)","original_ids":"[222]","id":221,"layer":"stop"}},{"type":"Feature","geometry":{"type":"Point","coordinates":[108.934419,34.260981]},"properties":{"name":"西安广济街(地铁站)","original_ids":"[223]","id":222,"layer":"stop"}},{"type":"Feature","geometry":{"type":"Point","coordinates":[108.92614,34.261063]},"properties":{"name":"西安桥梓口(地铁站)","original_ids":"[224]","id":223,"layer":"stop"}},{"type":"Feature","geometry":{"type":"Point","coordinates":[108.91735,34.260961]},"properties":{"name":"西安安定门(地铁站)","original_ids":"[225]","id":224,"layer":"stop"}},{"type":"Feature","geometry":{"type":"Point","coordinates":[108.905419,34.252411]},"properties":{"name":"西安大唐西市(地铁站)","original_ids":"[226]","id":225,"layer":"stop"}},{"type":"Feature","geometry":{"type":"Point","coordinates":[108.89465,34.224861]},"properties":{"name":"西安甘家寨(地铁站)","original_ids":"[227]","id":226,"layer":"stop"}},{"type":"Feature","geometry":{"type":"Point","coordinates":[108.887939,34.216774]},"properties":{"name":"西安木塔寺(地铁站)","original_ids":"[228]","id":227,"layer":"stop"}},{"type":"Feature","geometry":{"type":"Point","coordinates":[108.880169,34.195461]},"properties":{"name":"西安丈八一路(地铁站)","original_ids":"[229]","id":228,"layer":"stop"}},{"type":"Feature","geometry":{"type":"Point","coordinates":[108.866111,34.195469]},"properties":{"name":"西安丈八四路(地铁站)","original_ids":"[230]","id":229,"layer":"stop"}},{"type":"Feature","geometry":{"type":"Point","coordinates":[108.852219,34.195481]},"properties":{"name":"西安丈八六路(地铁站)","original_ids":"[231]","id":230,"layer":"stop"}},{"type":"Feature","geometry":{"type":"Point","coordinates":[108.841961,34.1825]},"properties":{"name":"西安造字台(地铁站)","original_ids":"[232]","id":231,"layer":"stop"}},{"type":"Feature","geometry":{"type":"Point","coordinates":[108.841759,34.172142]},"properties":{"name":"西安西部大道（西太路口）(地铁站)","original_ids":"[233]","id":232,"layer":"stop"}},{"type":"Feature","geometry":{"type":"Point","coordinates":[108.842619,34.161561]},"properties":{"name":"西安郭杜西(地铁站)","original_ids":"[234]","id":233,"layer":"stop"}},{"type":"Feature","geometry":{"type":"Point","coordinates":[108.840919,34.153164]},"properties":{"name":"西安仁村(地铁站)","original_ids":"[235]","id":234,"layer":"stop"}},{"type":"Feature","geometry":{"type":"Point","coordinates":[108.834061,34.1469]},"properties":{"name":"西安国际医学中心(地铁站)","original_ids":"[236]","id":235,"layer":"stop"}},{"type":"Feature","geometry":{"type":"Point","coordinates":[108.825653,34.133128]},"properties":{"name":"西安西电科大南校区·未来之瞳(地铁站)","original_ids":"[237]","id":236,"layer":"stop"}},{"type":"Feature","geometry":{"type":"Point","coordinates":[108.812675,34.121732]},"properties":{"name":"西安南站(地铁站)","original_ids":"[238]","id":237,"layer":"stop"}},{"type":"Feature","properties":{"shape_id":"{}","direction_id":"{\"0\": 50}","headsign":"{}","duration_avg":120.0,"n_vehicles":50,"d":1200,"route_I_counts":"{\"1\": 50}","source":0,"target":1,"layer":"L","from":"西安咸阳西站(地铁站)","to":"西安宝泉路(地铁站)"},"geometry":{"type":"LineString","coordinates":[[108.658197,34.335136],[108.660979,34.326704]]}},{"type":"Feature","properties":{"shape_id":"{}","direction_id":"{\"1\": 50}","headsign":"{}","duration_avg":120.0,"n_vehicles":50,"d":1200,"route_I_counts":"{\"1\": 50}","source":1,"target":0,"layer":"L","from":"西安宝泉路(地铁站)","to":"西安咸阳西站(地铁站)"},"geometry":{"type":"LineString","coordinates":[[108.660979,34.326704],[108.658197,34.335136]]}},{"type":"Feature","properties":{"shape_id":"{}","direction_id":"{\"0\": 50}","headsign":"{}","duration_avg":120.0,"n_vehicles":50,"d":1200,"route_I_counts":"{\"1\": 50}","source":1,"target":2,"layer":"L","from":"西安宝泉路(地铁站)","to":"西安中华西路(地铁站)"},"geometry":{"type":"LineString","coordinates":[[108.660979,34.326704],[108.669313,34.314642]]}},{"type":"Feature","properties":{"shape_id":"{}","direction_id":"{\"1\": 50}","headsign":"{}","duration_avg":120.0,"n_vehicles":50,"d":1200,"route_I_counts":"{\"1\": 50}","source":2,"target":1,"layer":"L","from":"西安中华西路(地铁站)","to":"西安宝泉路(地铁站)"},"geometry":{"type":"LineString","coordinates":[[108.669313,34.314642],[108.660979,34.326704]]}},{"type":"Feature","properties":{"shape_id":"{}","direction_id":"{\"0\": 50}","headsign":"{}","duration_avg":180.0,"n_vehicles":50,"d":1800,"route_I_counts":"{\"1\": 50}","source":2,"target":3,"layer":"L","from":"西安中华西路(地铁站)","to":"西安安谷(地铁站)"},"geometry":{"type":"LineString","coordinates":[[108.669313,34.314642],[108.68881,34.307386]]}},{"type":"Feature","properties":{"shape_id":"{}","direction_id":"{\"1\": 50}","headsign":"{}","duration_avg":180.0,"n_vehicles":50,"d":1800,"route_I_counts":"{\"1\": 50}","source":3,"target":2,"layer":"L","from":"西安安谷(地铁站)","to":"西安中华西路(地铁站)"},"geometry":{"type":"LineString","coordinates":[[108.68881,34.307386],[108.669313,34.314642]]}},{"type":"Feature","properties":{"shape_id":"{}","direction_id":"{\"0\": 50}","headsign":"{}","duration_avg":120.0,"n_vehicles":50,"d":1200,"route_I_counts":"{\"1\": 50}","source":3,"target":4,"layer":"L","from":"西安安谷(地铁站)","to":"西安陈杨寨(地铁站)"},"geometry":{"type":"LineString","coordinates":[[108.68881,34.307386],[108.702413,34.314951]]}},{"type":"Feature","properties":{"shape_id":"{}","direction_id":"{\"1\": 50}","headsign":"{}","duration_avg":120.0,"n_vehicles":50,"d":1200,"route_I_counts":"{\"1\": 50}","source":4,"target":3,"layer":"L","from":"西安陈杨寨(地铁站)","to":"西安安谷(地铁站)"},"geometry":{"type":"LineString","coordinates":[[108.702413,34.314951],[108.68881,34.307386]]}},{"type":"Feature","properties":{"shape_id":"{}","direction_id":"{\"0\": 50}","headsign":"{}","duration_avg":180.0,"n_vehicles":50,"d":1800,"route_I_counts":"{\"1\": 50}","source":4,"target":5,"layer":"L","from":"西安陈杨寨(地铁站)","to":"西安白马河(地铁站)"},"geometry":{"type":"LineString","coordinates":[[108.702413,34.314951],[108.722369,34.318044]]}},{"type":"Feature","properties":{"shape_id":"{}","direction_id":"{\"1\": 50}","headsign":"{}","duration_avg":180.0,"n_vehicles":50,"d":1800,"route_I_counts":"{\"1\": 50}","source":5,"target":4,"layer":"L","from":"西安白马河(地铁站)","to":"西安陈杨寨(地铁站)"},"geometry":{"type":"LineString","coordinates":[[108.722369,34.318044],[108.702413,34.314951]]}},{"type":"Feature","properties":{"shape_id":"{}","direction_id":"{\"0\": 50}","headsign":"{}","duration_avg":120.0,"n_vehicles":50,"d":1200,"route_I_counts":"{\"1\": 50}","source":5,"target":6,"layer":"L","from":"西安白马河(地铁站)","to":"西安陕西中医药大学(地铁站)"},"geometry":{"type":"LineString","coordinates":[[108.722369,34.318044],[108.733639,34.319739]]}},{"type":"Feature","properties":{"shape_id":"{}","direction_id":"{\"1\": 50}","headsign":"{}","duration_avg":120.0,"n_vehicles":50,"d":1200,"route_I_counts":"{\"1\": 50}","source":6,"target":5,"layer":"L","from":"西安陕西中医药大学(地铁站)","to":"西安白马河(地铁站)"},"geometry":{"type":"LineString","coordinates":[[108.733639,34.319739],[108.722369,34.318044]]}},{"type":"Feature","properties":{"shape_id":"{}","direction_id":"{\"0\": 50}","headsign":"{}","duration_avg":120.0,"n_vehicles":50,"d":1200,"route_I_counts":"{\"1\": 50}","source":6,"target":7,"layer":"L","from":"西安陕西中医药大学(地铁站)","to":"西安沣河森林公园(地铁站)"},"geometry":{"type":"LineString","coordinates":[[108.733639,34.319739],[108.748144,34.321635]]}},{"type":"Feature","properties":{"shape_id":"{}","direction_id":"{\"1\": 50}","headsign":"{}","duration_avg":120.0,"n_vehicles":50,"d":1200,"route_I_counts":"{\"1\": 50}","source":7,"target":6,"layer":"L","from":"西安沣河森林公园(地铁站)","to":"西安陕西中医药大学(地铁站)"},"geometry":{"type":"LineString","coordinates":[[108.748144,34.321635],[108.733639,34.319739]]}},{"type":"Feature","properties":{"shape_id":"{}","direction_id":"{\"0\": 50}","headsign":"{}","duration_avg":120.0,"n_vehicles":50,"d":1200,"route_I_counts":"{\"1\": 50}","source":7,"target":8,"layer":"L","from":"西安沣河森林公园(地铁站)","to":"西安北槐(地铁站)"},"geometry":{"type":"LineString","coordinates":[[108.748144,34.321635],[108.75856,34.318768]]}},{"type":"Feature","properties":{"shape_id":"{}","direction_id":"{\"1\": 50}","headsign":"{}","duration_avg":120.0,"n_vehicles":50,"d":1200,"route_I_counts":"{\"1\": 50}","source":8,"target":7,"layer":"L","from":"西安北槐(地铁站)","to":"西安沣河森林公园(地铁站)"},"geometry":{"type":"LineString","coordinates":[[108.75856,34.318768],[108.748144,34.321635]]}},{"type":"Feature","properties":{"shape_id":"{}","direction_id":"{\"0\": 50}","headsign":"{}","duration_avg":180.0,"n_vehicles":50,"d":1800,"route_I_counts":"{\"1\": 50}","source":8,"target":9,"layer":"L","from":"西安北槐(地铁站)","to":"西安上林路(地铁站)"},"geometry":{"type":"LineString","coordinates":[[108.75856,34.318768],[108.772893,34.314625]]}},{"type":"Feature","properties":{"shape_id":"{}","direction_id":"{\"1\": 50}","headsign":"{}","duration_avg":180.0,"n_vehicles":50,"d":1800,"route_I_counts":"{\"1\": 50}","source":9,"target":8,"layer":"L","from":"西安上林路(地铁站)","to":"西安北槐(地铁站)"},"geometry":{"type":"LineString","coordinates":[[108.772893,34.314625],[108.75856,34.318768]]}},{"type":"Feature","properties":{"shape_id":"{}","direction_id":"{\"0\": 50}","headsign":"{}","duration_avg":180.0,"n_vehicles":50,"d":1800,"route_I_counts":"{\"1\": 50}","source":9,"target":10,"layer":"L","from":"西安上林路(地铁站)","to":"西安沣东自贸园(地铁站)"},"geometry":{"type":"LineString","coordinates":[[108.772893,34.314625],[108.792055,34.308716]]}},{"type":"Feature","properties":{"shape_id":"{}","direction_id":"{\"1\": 50}","headsign":"{}","duration_avg":180.0,"n_vehicles":50,"d":1800,"route_I_counts":"{\"1\": 50}","source":10,"target":9,"layer":"L","from":"西安沣东自贸园(地铁站)","to":"西安上林路(地铁站)"},"geometry":{"type":"LineString","coordinates":[[108.792055,34.308716],[108.772893,34.314625]]}},{"type":"Feature","properties":{"shape_id":"{}","direction_id":"{\"0\": 50}","headsign":"{}","duration_avg":180.0,"n_vehicles":50,"d":1800,"route_I_counts":"{\"1\": 50}","source":10,"target":11,"layer":"L","from":"西安沣东自贸园(地铁站)","to":"西安后卫寨(地铁站)"},"geometry":{"type":"LineString","coordinates":[[108.792055,34.308716],[108.808858,34.301656]]}},{"type":"Feature","properties":{"shape_id":"{}","direction_id":"{\"1\": 50}","headsign":"{}","duration_avg":180.0,"n_vehicles":50,"d":1800,"route_I_counts":"{\"1\": 50}","source":11,"target":10,"layer":"L","from":"西安后卫寨(地铁站)","to":"西安沣东自贸园(地铁站)"},"geometry":{"type":"LineString","coordinates":[[108.808858,34.301656],[108.792055,34.308716]]}},{"type":"Feature","properties":{"shape_id":"{}","direction_id":"{\"0\": 50}","headsign":"{}","duration_avg":180.0,"n_vehicles":50,"d":1800,"route_I_counts":"{\"1\": 50}","source":11,"target":12,"layer":"L","from":"西安后卫寨(地铁站)","to":"西安三桥(地铁站)"},"geometry":{"type":"LineString","coordinates":[[108.808858,34.301656],[108.827566,34.291488]]}},{"type":"Feature","properties":{"shape_id":"{}","direction_id":"{\"1\": 50}","headsign":"{}","duration_avg":180.0,"n_vehicles":50,"d":1800,"route_I_counts":"{\"1\": 50}","source":12,"target":11,"layer":"L","from":"西安三桥(地铁站)","to":"西安后卫寨(地铁站)"},"geometry":{"type":"LineString","coordinates":[[108.827566,34.291488],[108.808858,34.301656]]}},{"type":"Feature","properties":{"shape_id":"{}","direction_id":"{\"0\": 50}","headsign":"{}","duration_avg":180.0,"n_vehicles":50,"d":1800,"route_I_counts":"{\"1\": 50}","source":12,"target":13,"layer":"L","from":"西安三桥(地铁站)","to":"西安皂河(地铁站)"},"geometry":{"type":"LineString","coordinates":[[108.827566,34.291488],[108.847806,34.285951]]}},{"type":"Feature","properties":{"shape_id":"{}","direction_id":"{\"1\": 50}","headsign":"{}","duration_avg":180.0,"n_vehicles":50,"d":1800,"route_I_counts":"{\"1\": 50}","source":13,"target":12,"layer":"L","from":"西安皂河(地铁站)","to":"西安三桥(地铁站)"},"geometry":{"type":"LineString","coordinates":[[108.847806,34.285951],[108.827566,34.291488]]}},{"type":"Feature","properties":{"shape_id":"{}","direction_id":"{\"0\": 50}","headsign":"{}","duration_avg":120.0,"n_vehicles":50,"d":1200,"route_I_counts":"{\"1\": 50}","source":13,"target":14,"layer":"L","from":"西安皂河(地铁站)","to":"西安枣园(地铁站)"},"geometry":{"type":"LineString","coordinates":[[108.847806,34.285951],[108.858,34.280781]]}},{"type":"Feature","properties":{"shape_id":"{}","direction_id":"{\"1\": 50}","headsign":"{}","duration_avg":120.0,"n_vehicles":50,"d":1200,"route_I_counts":"{\"1\": 50}","source":14,"target":13,"layer":"L","from":"西安枣园(地铁站)","to":"西安皂河(地铁站)"},"geometry":{"type":"LineString","coordinates":[[108.858,34.280781],[108.847806,34.285951]]}},{"type":"Feature","properties":{"shape_id":"{}","direction_id":"{\"0\": 50}","headsign":"{}","duration_avg":120.0,"n_vehicles":50,"d":1200,"route_I_counts":"{\"1\": 50}","source":14,"target":15,"layer":"L","from":"西安枣园(地铁站)","to":"西安汉城路(地铁站)"},"geometry":{"type":"LineString","coordinates":[[108.858,34.280781],[108.869381,34.274645]]}},{"type":"Feature","properties":{"shape_id":"{}","direction_id":"{\"1\": 50}","headsign":"{}","duration_avg":120.0,"n_vehicles":50,"d":1200,"route_I_counts":"{\"1\": 50}","source":15,"target":14,"layer":"L","from":"西安汉城路(地铁站)","to":"西安枣园(地铁站)"},"geometry":{"type":"LineString","coordinates":[[108.869381,34.274645],[108.858,34.280781]]}},{"type":"Feature","properties":{"shape_id":"{}","direction_id":"{\"0\": 50}","headsign":"{}","duration_avg":180.0,"n_vehicles":50,"d":1800,"route_I_counts":"{\"1\": 50}","source":15,"target":16,"layer":"L","from":"西安汉城路(地铁站)","to":"西安开远门(地铁站)"},"geometry":{"type":"LineString","coordinates":[[108.869381,34.274645],[108.887884,34.270982]]}},{"type":"Feature","properties":{"shape_id":"{}","direction_id":"{\"1\": 50}","headsign":"{}","duration_avg":180.0,"n_vehicles":50,"d":1800,"route_I_counts":"{\"1\": 50}","source":16,"target":15,"layer":"L","from":"西安开远门(地铁站)","to":"西安汉城路(地铁站)"},"geometry":{"type":"LineString","coordinates":[[108.887884,34.270982],[108.869381,34.274645]]}},{"type":"Feature","properties":{"shape_id":"{}","direction_id":"{\"0\": 50}","headsign":"{}","duration_avg":180.0,"n_vehicles":50,"d":1800,"route_I_counts":"{\"1\": 50}","source":16,"target":17,"layer":"L","from":"西安开远门(地铁站)","to":"西安劳动路(地铁站)"},"geometry":{"type":"LineString","coordinates":[[108.887884,34.270982],[108.905187,34.271159]]}},{"type":"Feature","properties":{"shape_id":"{}","direction_id":"{\"1\": 50}","headsign":"{}","duration_avg":180.0,"n_vehicles":50,"d":1800,"route_I_counts":"{\"1\": 50}","source":17,"target":16,"layer":"L","from":"西安劳动路(地铁站)","to":"西安开远门(地铁站)"},"geometry":{"type":"LineString","coordinates":[[108.905187,34.271159],[108.887884,34.270982]]}},{"type":"Feature","properties":{"shape_id":"{}","direction_id":"{\"0\": 50}","headsign":"{}","duration_avg":120.0,"n_vehicles":50,"d":1200,"route_I_counts":"{\"1\": 50}","source":17,"target":18,"layer":"L","from":"西安劳动路(地铁站)","to":"西安玉祥门(地铁站)"},"geometry":{"type":"LineString","coordinates":[[108.905187,34.271159],[108.916301,34.271227]]}},{"type":"Feature","properties":{"shape_id":"{}","direction_id":"{\"1\": 50}","headsign":"{}","duration_avg":120.0,"n_vehicles":50,"d":1200,"route_I_counts":"{\"1\": 50}","source":18,"target":17,"layer":"L","from":"西安玉祥门(地铁站)","to":"西安劳动路(地铁站)"},"geometry":{"type":"LineString","coordinates":[[108.916301,34.271227],[108.905187,34.271159]]}},{"type":"Feature","properties":{"shape_id":"{}","direction_id":"{\"0\": 50}","headsign":"{}","duration_avg":120.0,"n_vehicles":50,"d":1200,"route_I_counts":"{\"1\": 50}","source":18,"target":19,"layer":"L","from":"西安玉祥门(地铁站)","to":"西安洒金桥(地铁站)"},"geometry":{"type":"LineString","coordinates":[[108.916301,34.271227],[108.92919,34.271301]]}},{"type":"Feature","properties":{"shape_id":"{}","direction_id":"{\"1\": 50}","headsign":"{}","duration_avg":120.0,"n_vehicles":50,"d":1200,"route_I_counts":"{\"1\": 50}","source":19,"target":18,"layer":"L","from":"西安洒金桥(地铁站)","to":"西安玉祥门(地铁站)"},"geometry":{"type":"LineString","coordinates":[[108.92919,34.271301],[108.916301,34.271227]]}},{"type":"Feature","properties":{"shape_id":"{}","direction_id":"{\"0\": 50}","headsign":"{}","duration_avg":120.0,"n_vehicles":50,"d":1200,"route_I_counts":"{\"1\": 50}","source":19,"target":20,"layer":"L","from":"西安洒金桥(地铁站)","to":"西安北大街(地铁站)"},"geometry":{"type":"LineString","coordinates":[[108.92919,34.271301],[108.942495,34.271502]]}},{"type":"Feature","properties":{"shape_id":"{}","direction_id":"{\"1\": 50}","headsign":"{}","duration_avg":120.0,"n_vehicles":50,"d":1200,"route_I_counts":"{\"1\": 50}","source":20,"target":19,"layer":"L","from":"西安北大街(地铁站)","to":"西安洒金桥(地铁站)"},"geometry":{"type":"LineString","coordinates":[[108.942495,34.271502],[108.92919,34.271301]]}},{"type":"Feature","properties":{"shape_id":"{}","direction_id":"{\"0\": 50}","headsign":"{}","duration_avg":180.0,"n_vehicles":50,"d":1800,"route_I_counts":"{\"1\": 50}","source":20,"target":21,"layer":"L","from":"西安北大街(地铁站)","to":"西安五路口(地铁站)"},"geometry":{"type":"LineString","coordinates":[[108.942495,34.271502],[108.958174,34.271557]]}},{"type":"Feature","properties":{"shape_id":"{}","direction_id":"{\"1\": 50}","headsign":"{}","duration_avg":180.0,"n_vehicles":50,"d":1800,"route_I_counts":"{\"1\": 50}","source":21,"target":20,"layer":"L","from":"西安五路口(地铁站)","to":"西安北大街(地铁站)"},"geometry":{"type":"LineString","coordinates":[[108.958174,34.271557],[108.942495,34.271502]]}},{"type":"Feature","properties":{"shape_id":"{}","direction_id":"{\"0\": 50}","headsign":"{}","duration_avg":120.0,"n_vehicles":50,"d":1200,"route_I_counts":"{\"1\": 50}","source":21,"target":22,"layer":"L","from":"西安五路口(地铁站)","to":"西安朝阳门(地铁站)"},"geometry":{"type":"LineString","coordinates":[[108.958174,34.271557],[108.96931,34.27148]]}},{"type":"Feature","properties":{"shape_id":"{}","direction_id":"{\"1\": 50}","headsign":"{}","duration_avg":120.0,"n_vehicles":50,"d":1200,"route_I_counts":"{\"1\": 50}","source":22,"target":21,"layer":"L","from":"西安朝阳门(地铁站)","to":"西安五路口(地铁站)"},"geometry":{"type":"LineString","coordinates":[[108.96931,34.27148],[108.958174,34.271557]]}},{"type":"Feature","properties":{"shape_id":"{}","direction_id":"{\"0\": 50}","headsign":"{}","duration_avg":120.0,"n_vehicles":50,"d":1200,"route_I_counts":"{\"1\": 50}","source":22,"target":23,"layer":"L","from":"西安朝阳门(地铁站)","to":"西安康复路(地铁站)"},"geometry":{"type":"LineString","coordinates":[[108.96931,34.27148],[108.97966,34.270965]]}},{"type":"Feature","properties":{"shape_id":"{}","direction_id":"{\"1\": 50}","headsign":"{}","duration_avg":120.0,"n_vehicles":50,"d":1200,"route_I_counts":"{\"1\": 50}","source":23,"target":22,"layer":"L","from":"西安康复路(地铁站)","to":"西安朝阳门(地铁站)"},"geometry":{"type":"LineString","coordinates":[[108.97966,34.270965],[108.96931,34.27148]]}},{"type":"Feature","properties":{"shape_id":"{}","direction_id":"{\"0\": 50}","headsign":"{}","duration_avg":120.0,"n_vehicles":50,"d":1200,"route_I_counts":"{\"1\": 50}","source":23,"target":24,"layer":"L","from":"西安康复路(地铁站)","to":"西安通化门(地铁站)"},"geometry":{"type":"LineString","coordinates":[[108.97966,34.270965],[108.989757,34.270944]]}},{"type":"Feature","properties":{"shape_id":"{}","direction_id":"{\"1\": 50}","headsign":"{}","duration_avg":120.0,"n_vehicles":50,"d":1200,"route_I_counts":"{\"1\": 50}","source":24,"target":23,"layer":"L","from":"西安通化门(地铁站)","to":"西安康复路(地铁站)"},"geometry":{"type":"LineString","coordinates":[[108.989757,34.270944],[108.97966,34.270965]]}},{"type":"Feature","properties":{"shape_id":"{}","direction_id":"{\"0\": 50}","headsign":"{}","duration_avg":180.0,"n_vehicles":50,"d":1800,"route_I_counts":"{\"1\": 50}","source":24,"target":25,"layer":"L","from":"西安通化门(地铁站)","to":"西安万寿路(地铁站)"},"geometry":{"type":"LineString","coordinates":[[108.989757,34.270944],[109.008126,34.270991]]}},{"type":"Feature","properties":{"shape_id":"{}","direction_id":"{\"1\": 50}","headsign":"{}","duration_avg":180.0,"n_vehicles":50,"d":1800,"route_I_counts":"{\"1\": 50}","source":25,"target":24,"layer":"L","from":"西安万寿路(地铁站)","to":"西安通化门(地铁站)"},"geometry":{"type":"LineString","coordinates":[[109.008126,34.270991],[108.989757,34.270944]]}},{"type":"Feature","properties":{"shape_id":"{}","direction_id":"{\"0\": 50}","headsign":"{}","duration_avg":180.0,"n_vehicles":50,"d":1800,"route_I_counts":"{\"1\": 50}","source":25,"target":26,"layer":"L","from":"西安万寿路(地铁站)","to":"西安长乐坡(地铁站)"},"geometry":{"type":"LineString","coordinates":[[109.008126,34.270991],[109.025417,34.273435]]}},{"type":"Feature","properties":{"shape_id":"{}","direction_id":"{\"1\": 50}","headsign":"{}","duration_avg":180.0,"n_vehicles":50,"d":1800,"route_I_counts":"{\"1\": 50}","source":26,"target":25,"layer":"L","from":"西安长乐坡(地铁站)","to":"西安万寿路(地铁站)"},"geometry":{"type":"LineString","coordinates":[[109.025417,34.273435],[109.008126,34.270991]]}},{"type":"Feature","properties":{"shape_id":"{}","direction_id":"{\"0\": 50}","headsign":"{}","duration_avg":120.0,"n_vehicles":50,"d":1200,"route_I_counts":"{\"1\": 50}","source":26,"target":27,"layer":"L","from":"西安长乐坡(地铁站)","to":"西安浐河(地铁站)"},"geometry":{"type":"LineString","coordinates":[[109.025417,34.273435],[109.039378,34.275289]]}},{"type":"Feature","properties":{"shape_id":"{}","direction_id":"{\"1\": 50}","headsign":"{}","duration_avg":120.0,"n_vehicles":50,"d":1200,"route_I_counts":"{\"1\": 50}","source":27,"target":26,"layer":"L","from":"西安浐河(地铁站)","to":"西安长乐坡(地铁站)"},"geometry":{"type":"LineString","coordinates":[[109.039378,34.275289],[109.025417,34.273435]]}},{"type":"Feature","properties":{"shape_id":"{}","direction_id":"{\"0\": 50}","headsign":"{}","duration_avg":120.0,"n_vehicles":50,"d":1200,"route_I_counts":"{\"1\": 50}","source":27,"target":28,"layer":"L","from":"西安浐河(地铁站)","to":"西安半坡(地铁站)"},"geometry":{"type":"LineString","coordinates":[[109.039378,34.275289],[109.051042,34.276768]]}},{"type":"Feature","properties":{"shape_id":"{}","direction_id":"{\"1\": 50}","headsign":"{}","duration_avg":120.0,"n_vehicles":50,"d":1200,"route_I_counts":"{\"1\": 50}","source":28,"target":27,"layer":"L","from":"西安半坡(地铁站)","to":"西安浐河(地铁站)"},"geometry":{"type":"LineString","coordinates":[[109.051042,34.276768],[109.039378,34.275289]]}},{"type":"Feature","properties":{"shape_id":"{}","direction_id":"{\"0\": 50}","headsign":"{}","duration_avg":120.0,"n_vehicles":50,"d":1200,"route_I_counts":"{\"1\": 50}","source":28,"target":29,"layer":"L","from":"西安半坡(地铁站)","to":"西安纺织城(地铁站)"},"geometry":{"type":"LineString","coordinates":[[109.051042,34.276768],[109.064628,34.280726]]}},{"type":"Feature","properties":{"shape_id":"{}","direction_id":"{\"1\": 50}","headsign":"{}","duration_avg":120.0,"n_vehicles":50,"d":1200,"route_I_counts":"{\"1\": 50}","source":29,"target":28,"layer":"L","from":"西安纺织城(地铁站)","to":"西安半坡(地铁站)"},"geometry":{"type":"LineString","coordinates":[[109.064628,34.280726],[109.051042,34.276768]]}},{"type":"Feature","properties":{"shape_id":"{}","direction_id":"{\"0\": 50}","headsign":"{}","duration_avg":120.0,"n_vehicles":50,"d":1200,"route_I_counts":"{\"2\": 50}","source":30,"target":31,"layer":"L","from":"西安草滩(地铁站)","to":"西安红会医院北区(地铁站)"},"geometry":{"type":"LineString","coordinates":[[108.954813,34.40037],[108.940569,34.394973]]}},{"type":"Feature","properties":{"shape_id":"{}","direction_id":"{\"1\": 50}","headsign":"{}","duration_avg":120.0,"n_vehicles":50,"d":1200,"route_I_counts":"{\"2\": 50}","source":31,"target":30,"layer":"L","from":"西安红会医院北区(地铁站)","to":"西安草滩(地铁站)"},"geometry":{"type":"LineString","coordinates":[[108.940569,34.394973],[108.954813,34.40037]]}},{"type":"Feature","properties":{"shape_id":"{}","direction_id":"{\"0\": 50}","headsign":"{}","duration_avg":180.0,"n_vehicles":50,"d":1800,"route_I_counts":"{\"2\": 50}","source":31,"target":32,"layer":"L","from":"西安红会医院北区(地铁站)","to":"西安西安北站(地铁站)"},"geometry":{"type":"LineString","coordinates":[[108.940569,34.394973],[108.934164,34.376944]]}},{"type":"Feature","properties":{"shape_id":"{}","direction_id":"{\"1\": 50}","headsign":"{}","duration_avg":180.0,"n_vehicles":50,"d":1800,"route_I_counts":"{\"2\": 50}","source":32,"target":31,"layer":"L","from":"西安西安北站(地铁站)","to":"西安红会医院北区(地铁站)"},"geometry":{"type":"LineString","coordinates":[[108.934164,34.376944],[108.940569,34.394973]]}},{"type":"Feature","properties":{"shape_id":"{}","direction_id":"{\"0\": 50}","headsign":"{}","duration_avg":180.0,"n_vehicles":50,"d":1800,"route_I_counts":"{\"2\": 50}","source":32,"target":33,"layer":"L","from":"西安西安北站(地铁站)","to":"西安北苑(地铁站)"},"geometry":{"type":"LineString","coordinates":[[108.934164,34.376944],[108.940542,34.363551]]}},{"type":"Feature","properties":{"shape_id":"{}","direction_id":"{\"1\": 50}","headsign":"{}","duration_avg":180.0,"n_vehicles":50,"d":1800,"route_I_counts":"{\"2\": 50}","source":33,"target":32,"layer":"L","from":"西安北苑(地铁站)","to":"西安西安北站(地铁站)"},"geometry":{"type":"LineString","coordinates":[[108.940542,34.363551],[108.934164,34.376944]]}},{"type":"Feature","properties":{"shape_id":"{}","direction_id":"{\"0\": 50}","headsign":"{}","duration_avg":120.0,"n_vehicles":50,"d":1200,"route_I_counts":"{\"2\": 50}","source":33,"target":34,"layer":"L","from":"西安北苑(地铁站)","to":"西安凤城十路(地铁站)"},"geometry":{"type":"LineString","coordinates":[[108.940542,34.363551],[108.943016,34.353966]]}},{"type":"Feature","properties":{"shape_id":"{}","direction_id":"{\"1\": 50}","headsign":"{}","duration_avg":120.0,"n_vehicles":50,"d":1200,"route_I_counts":"{\"2\": 50}","source":34,"target":33,"layer":"L","from":"西安凤城十路(地铁站)","to":"西安北苑(地铁站)"},"geometry":{"type":"LineString","coordinates":[[108.943016,34.353966],[108.940542,34.363551]]}},{"type":"Feature","properties":{"shape_id":"{}","direction_id":"{\"0\": 50}","headsign":"{}","duration_avg":120.0,"n_vehicles":50,"d":1200,"route_I_counts":"{\"2\": 50}","source":34,"target":35,"layer":"L","from":"西安凤城十路(地铁站)","to":"西安行政中心(地铁站)"},"geometry":{"type":"LineString","coordinates":[[108.943016,34.353966],[108.942652,34.342525]]}},{"type":"Feature","properties":{"shape_id":"{}","direction_id":"{\"1\": 50}","headsign":"{}","duration_avg":120.0,"n_vehicles":50,"d":1200,"route_I_counts":"{\"2\": 50}","source":35,"target":34,"layer":"L","from":"西安行政中心(地铁站)","to":"西安凤城十路(地铁站)"},"geometry":{"type":"LineString","coordinates":[[108.942652,34.342525],[108.943016,34.353966]]}},{"type":"Feature","properties":{"shape_id":"{}","direction_id":"{\"0\": 50}","headsign":"{}","duration_avg":180.0,"n_vehicles":50,"d":1800,"route_I_counts":"{\"2\": 50}","source":35,"target":36,"layer":"L","from":"西安行政中心(地铁站)","to":"西安凤城五路(地铁站)"},"geometry":{"type":"LineString","coordinates":[[108.942652,34.342525],[108.942613,34.331336]]}},{"type":"Feature","properties":{"shape_id":"{}","direction_id":"{\"1\": 50}","headsign":"{}","duration_avg":180.0,"n_vehicles":50,"d":1800,"route_I_counts":"{\"2\": 50}","source":36,"target":35,"layer":"L","from":"西安凤城五路(地铁站)","to":"西安行政中心(地铁站)"},"geometry":{"type":"LineString","coordinates":[[108.942613,34.331336],[108.942652,34.342525]]}},{"type":"Feature","properties":{"shape_id":"{}","direction_id":"{\"0\": 50}","headsign":"{}","duration_avg":120.0,"n_vehicles":50,"d":1200,"route_I_counts":"{\"2\": 50}","source":36,"target":37,"layer":"L","from":"西安凤城五路(地铁站)","to":"西安市图书馆(地铁站)"},"geometry":{"type":"LineString","coordinates":[[108.942613,34.331336],[108.942673,34.319365]]}},{"type":"Feature","properties":{"shape_id":"{}","direction_id":"{\"1\": 50}","headsign":"{}","duration_avg":120.0,"n_vehicles":50,"d":1200,"route_I_counts":"{\"2\": 50}","source":37,"target":36,"layer":"L","from":"西安市图书馆(地铁站)","to":"西安凤城五路(地铁站)"},"geometry":{"type":"LineString","coordinates":[[108.942673,34.319365],[108.942613,34.331336]]}},{"type":"Feature","properties":{"shape_id":"{}","direction_id":"{\"0\": 50}","headsign":"{}","duration_avg":180.0,"n_vehicles":50,"d":1800,"route_I_counts":"{\"2\": 50}","source":37,"target":38,"layer":"L","from":"西安市图书馆(地铁站)","to":"西安大明宫西(地铁站)"},"geometry":{"type":"LineString","coordinates":[[108.942673,34.319365],[108.942592,34.306646]]}},{"type":"Feature","properties":{"shape_id":"{}","direction_id":"{\"1\": 50}","headsign":"{}","duration_avg":180.0,"n_vehicles":50,"d":1800,"route_I_counts":"{\"2\": 50}","source":38,"target":37,"layer":"L","from":"西安大明宫西(地铁站)","to":"西安市图书馆(地铁站)"},"geometry":{"type":"LineString","coordinates":[[108.942592,34.306646],[108.942673,34.319365]]}},{"type":"Feature","properties":{"shape_id":"{}","direction_id":"{\"0\": 50}","headsign":"{}","duration_avg":120.0,"n_vehicles":50,"d":1200,"route_I_counts":"{\"2\": 50}","source":38,"target":39,"layer":"L","from":"西安大明宫西(地铁站)","to":"西安龙首原(地铁站)"},"geometry":{"type":"LineString","coordinates":[[108.942592,34.306646],[108.942566,34.293745]]}},{"type":"Feature","properties":{"shape_id":"{}","direction_id":"{\"1\": 50}","headsign":"{}","duration_avg":120.0,"n_vehicles":50,"d":1200,"route_I_counts":"{\"2\": 50}","source":39,"target":38,"layer":"L","from":"西安龙首原(地铁站)","to":"西安大明宫西(地铁站)"},"geometry":{"type":"LineString","coordinates":[[108.942566,34.293745],[108.942592,34.306646]]}},{"type":"Feature","properties":{"shape_id":"{}","direction_id":"{\"0\": 50}","headsign":"{}","duration_avg":120.0,"n_vehicles":50,"d":1200,"route_I_counts":"{\"2\": 50}","source":39,"target":40,"layer":"L","from":"西安龙首原(地铁站)","to":"西安安远门(地铁站)"},"geometry":{"type":"LineString","coordinates":[[108.942566,34.293745],[108.942559,34.282754]]}},{"type":"Feature","properties":{"shape_id":"{}","direction_id":"{\"1\": 50}","headsign":"{}","duration_avg":120.0,"n_vehicles":50,"d":1200,"route_I_counts":"{\"2\": 50}","source":40,"target":39,"layer":"L","from":"西安安远门(地铁站)","to":"西安龙首原(地铁站)"},"geometry":{"type":"LineString","coordinates":[[108.942559,34.282754],[108.942566,34.293745]]}},{"type":"Feature","properties":{"shape_id":"{}","direction_id":"{\"0\": 50}","headsign":"{}","duration_avg":180.0,"n_vehicles":50,"d":1800,"route_I_counts":"{\"2\": 50}","source":40,"target":20,"layer":"L","from":"西安安远门(地铁站)","to":"西安北大街(地铁站)"},"geometry":{"type":"LineString","coordinates":[[108.942559,34.282754],[108.942495,34.271502]]}},{"type":"Feature","properties":{"shape_id":"{}","direction_id":"{\"1\": 50}","headsign":"{}","duration_avg":180.0,"n_vehicles":50,"d":1800,"route_I_counts":"{\"2\": 50}","source":20,"target":40,"layer":"L","from":"西安北大街(地铁站)","to":"西安安远门(地铁站)"},"geometry":{"type":"LineString","coordinates":[[108.942495,34.271502],[108.942559,34.282754]]}},{"type":"Feature","properties":{"shape_id":"{}","direction_id":"{\"0\": 50}","headsign":"{}","duration_avg":120.0,"n_vehicles":50,"d":1200,"route_I_counts":"{\"2\": 50}","source":20,"target":41,"layer":"L","from":"西安北大街(地铁站)","to":"西安钟楼(地铁站)"},"geometry":{"type":"LineString","coordinates":[[108.942495,34.271502],[108.942398,34.262601]]}},{"type":"Feature","properties":{"shape_id":"{}","direction_id":"{\"1\": 50}","headsign":"{}","duration_avg":120.0,"n_vehicles":50,"d":1200,"route_I_counts":"{\"2\": 50}","source":41,"target":20,"layer":"L","from":"西安钟楼(地铁站)","to":"西安北大街(地铁站)"},"geometry":{"type":"LineString","coordinates":[[108.942398,34.262601],[108.942495,34.271502]]}},{"type":"Feature","properties":{"shape_id":"{}","direction_id":"{\"0\": 50}","headsign":"{}","duration_avg":180.0,"n_vehicles":50,"d":1800,"route_I_counts":"{\"2\": 50}","source":41,"target":42,"layer":"L","from":"西安钟楼(地铁站)","to":"西安永宁门(地铁站)"},"geometry":{"type":"LineString","coordinates":[[108.942398,34.262601],[108.942284,34.249768]]}},{"type":"Feature","properties":{"shape_id":"{}","direction_id":"{\"1\": 50}","headsign":"{}","duration_avg":180.0,"n_vehicles":50,"d":1800,"route_I_counts":"{\"2\": 50}","source":42,"target":41,"layer":"L","from":"西安永宁门(地铁站)","to":"西安钟楼(地铁站)"},"geometry":{"type":"LineString","coordinates":[[108.942284,34.249768],[108.942398,34.262601]]}},{"type":"Feature","properties":{"shape_id":"{}","direction_id":"{\"0\": 50}","headsign":"{}","duration_avg":120.0,"n_vehicles":50,"d":1200,"route_I_counts":"{\"2\": 50}","source":42,"target":43,"layer":"L","from":"西安永宁门(地铁站)","to":"西安南稍门(地铁站)"},"geometry":{"type":"LineString","coordinates":[[108.942284,34.249768],[108.942245,34.241965]]}},{"type":"Feature","properties":{"shape_id":"{}","direction_id":"{\"1\": 50}","headsign":"{}","duration_avg":120.0,"n_vehicles":50,"d":1200,"route_I_counts":"{\"2\": 50}","source":43,"target":42,"layer":"L","from":"西安南稍门(地铁站)","to":"西安永宁门(地铁站)"},"geometry":{"type":"LineString","coordinates":[[108.942245,34.241965],[108.942284,34.249768]]}},{"type":"Feature","properties":{"shape_id":"{}","direction_id":"{\"0\": 50}","headsign":"{}","duration_avg":120.0,"n_vehicles":50,"d":1200,"route_I_counts":"{\"2\": 50}","source":43,"target":44,"layer":"L","from":"西安南稍门(地铁站)","to":"西安体育场(地铁站)"},"geometry":{"type":"LineString","coordinates":[[108.942245,34.241965],[108.94213,34.233967]]}},{"type":"Feature","properties":{"shape_id":"{}","direction_id":"{\"1\": 50}","headsign":"{}","duration_avg":120.0,"n_vehicles":50,"d":1200,"route_I_counts":"{\"2\": 50}","source":44,"target":43,"layer":"L","from":"西安体育场(地铁站)","to":"西安南稍门(地铁站)"},"geometry":{"type":"LineString","coordinates":[[108.94213,34.233967],[108.942245,34.241965]]}},{"type":"Feature","properties":{"shape_id":"{}","direction_id":"{\"0\": 50}","headsign":"{}","duration_avg":120.0,"n_vehicles":50,"d":1200,"route_I_counts":"{\"2\": 50}","source":44,"target":45,"layer":"L","from":"西安体育场(地铁站)","to":"西安小寨(地铁站)"},"geometry":{"type":"LineString","coordinates":[[108.94213,34.233967],[108.942102,34.22443]]}},{"type":"Feature","properties":{"shape_id":"{}","direction_id":"{\"1\": 50}","headsign":"{}","duration_avg":120.0,"n_vehicles":50,"d":1200,"route_I_counts":"{\"2\": 50}","source":45,"target":44,"layer":"L","from":"西安小寨(地铁站)","to":"西安体育场(地铁站)"},"geometry":{"type":"LineString","coordinates":[[108.942102,34.22443],[108.94213,34.233967]]}},{"type":"Feature","properties":{"shape_id":"{}","direction_id":"{\"0\": 50}","headsign":"{}","duration_avg":120.0,"n_vehicles":50,"d":1200,"route_I_counts":"{\"2\": 50}","source":45,"target":46,"layer":"L","from":"西安小寨(地铁站)","to":"西安纬一街(地铁站)"},"geometry":{"type":"LineString","coordinates":[[108.942102,34.22443],[108.942004,34.21419]]}},{"type":"Feature","properties":{"shape_id":"{}","direction_id":"{\"1\": 50}","headsign":"{}","duration_avg":120.0,"n_vehicles":50,"d":1200,"route_I_counts":"{\"2\": 50}","source":46,"target":45,"layer":"L","from":"西安纬一街(地铁站)","to":"西安小寨(地铁站)"},"geometry":{"type":"LineString","coordinates":[[108.942004,34.21419],[108.942102,34.22443]]}},{"type":"Feature","properties":{"shape_id":"{}","direction_id":"{\"0\": 50}","headsign":"{}","duration_avg":180.0,"n_vehicles":50,"d":1800,"route_I_counts":"{\"2\": 50}","source":46,"target":47,"layer":"L","from":"西安纬一街(地铁站)","to":"西安电视塔(地铁站)"},"geometry":{"type":"LineString","coordinates":[[108.942004,34.21419],[108.942779,34.199682]]}},{"type":"Feature","properties":{"shape_id":"{}","direction_id":"{\"1\": 50}","headsign":"{}","duration_avg":180.0,"n_vehicles":50,"d":1800,"route_I_counts":"{\"2\": 50}","source":47,"target":46,"layer":"L","from":"西安电视塔(地铁站)","to":"西安纬一街(地铁站)"},"geometry":{"type":"LineString","coordinates":[[108.942779,34.199682],[108.942004,34.21419]]}},{"type":"Feature","properties":{"shape_id":"{}","direction_id":"{\"0\": 50}","headsign":"{}","duration_avg":180.0,"n_vehicles":50,"d":1800,"route_I_counts":"{\"2\": 50}","source":47,"target":48,"layer":"L","from":"西安电视塔(地铁站)","to":"西安三爻(地铁站)"},"geometry":{"type":"LineString","coordinates":[[108.942779,34.199682],[108.94125,34.18463]]}},{"type":"Feature","properties":{"shape_id":"{}","direction_id":"{\"1\": 50}","headsign":"{}","duration_avg":180.0,"n_vehicles":50,"d":1800,"route_I_counts":"{\"2\": 50}","source":48,"target":47,"layer":"L","from":"西安三爻(地铁站)","to":"西安电视塔(地铁站)"},"geometry":{"type":"LineString","coordinates":[[108.94125,34.18463],[108.942779,34.199682]]}},{"type":"Feature","properties":{"shape_id":"{}","direction_id":"{\"0\": 50}","headsign":"{}","duration_avg":120.0,"n_vehicles":50,"d":1200,"route_I_counts":"{\"2\": 50}","source":48,"target":49,"layer":"L","from":"西安三爻(地铁站)","to":"西安凤栖原(地铁站)"},"geometry":{"type":"LineString","coordinates":[[108.94125,34.18463],[108.94055,34.17083]]}},{"type":"Feature","properties":{"shape_id":"{}","direction_id":"{\"1\": 50}","headsign":"{}","duration_avg":120.0,"n_vehicles":50,"d":1200,"route_I_counts":"{\"2\": 50}","source":49,"target":48,"layer":"L","from":"西安凤栖原(地铁站)","to":"西安三爻(地铁站)"},"geometry":{"type":"LineString","coordinates":[[108.94055,34.17083],[108.94125,34.18463]]}},{"type":"Feature","properties":{"shape_id":"{}","direction_id":"{\"0\": 50}","headsign":"{}","duration_avg":120.0,"n_vehicles":50,"d":1200,"route_I_counts":"{\"2\": 50}","source":49,"target":50,"layer":"L","from":"西安凤栖原(地铁站)","to":"西安航天城(地铁站)"},"geometry":{"type":"LineString","coordinates":[[108.94055,34.17083],[108.940013,34.159624]]}},{"type":"Feature","properties":{"shape_id":"{}","direction_id":"{\"1\": 50}","headsign":"{}","duration_avg":120.0,"n_vehicles":50,"d":1200,"route_I_counts":"{\"2\": 50}","source":50,"target":49,"layer":"L","from":"西安航天城(地铁站)","to":"西安凤栖原(地铁站)"},"geometry":{"type":"LineString","coordinates":[[108.940013,34.159624],[108.94055,34.17083]]}},{"type":"Feature","properties":{"shape_id":"{}","direction_id":"{\"0\": 50}","headsign":"{}","duration_avg":120.0,"n_vehicles":50,"d":1200,"route_I_counts":"{\"2\": 50}","source":50,"target":51,"layer":"L","from":"西安航天城(地铁站)","to":"西安韦曲南(地铁站)"},"geometry":{"type":"LineString","coordinates":[[108.940013,34.159624],[108.940859,34.143738]]}},{"type":"Feature","properties":{"shape_id":"{}","direction_id":"{\"1\": 50}","headsign":"{}","duration_avg":120.0,"n_vehicles":50,"d":1200,"route_I_counts":"{\"2\": 50}","source":51,"target":50,"layer":"L","from":"西安韦曲南(地铁站)","to":"西安航天城(地铁站)"},"geometry":{"type":"LineString","coordinates":[[108.940859,34.143738],[108.940013,34.159624]]}},{"type":"Feature","properties":{"shape_id":"{}","direction_id":"{\"0\": 50}","headsign":"{}","duration_avg":180.0,"n_vehicles":50,"d":1800,"route_I_counts":"{\"2\": 50}","source":51,"target":52,"layer":"L","from":"西安韦曲南(地铁站)","to":"西安何家营(地铁站)"},"geometry":{"type":"LineString","coordinates":[[108.940859,34.143738],[108.935248,34.12887]]}},{"type":"Feature","properties":{"shape_id":"{}","direction_id":"{\"1\": 50}","headsign":"{}","duration_avg":180.0,"n_vehicles":50,"d":1800,"route_I_counts":"{\"2\": 50}","source":52,"target":51,"layer":"L","from":"西安何家营(地铁站)","to":"西安韦曲南(地铁站)"},"geometry":{"type":"LineString","coordinates":[[108.935248,34.12887],[108.940859,34.143738]]}},{"type":"Feature","properties":{"shape_id":"{}","direction_id":"{\"0\": 50}","headsign":"{}","duration_avg":120.0,"n_vehicles":50,"d":1200,"route_I_counts":"{\"2\": 50}","source":52,"target":53,"layer":"L","from":"西安何家营(地铁站)","to":"西安常宁宫(地铁站)"},"geometry":{"type":"LineString","coordinates":[[108.935248,34.12887],[108.933898,34.113558]]}},{"type":"Feature","properties":{"shape_id":"{}","direction_id":"{\"1\": 50}","headsign":"{}","duration_avg":120.0,"n_vehicles":50,"d":1200,"route_I_counts":"{\"2\": 50}","source":53,"target":52,"layer":"L","from":"西安常宁宫(地铁站)","to":"西安何家营(地铁站)"},"geometry":{"type":"LineString","coordinates":[[108.933898,34.113558],[108.935248,34.12887]]}},{"type":"Feature","properties":{"shape_id":"{}","direction_id":"{\"0\": 50}","headsign":"{}","duration_avg":180.0,"n_vehicles":50,"d":1800,"route_I_counts":"{\"3\": 50}","source":54,"target":55,"layer":"L","from":"西安鱼化寨(地铁站)","to":"西安丈八北路(地铁站)"},"geometry":{"type":"LineString","coordinates":[[108.843638,34.239577],[108.868627,34.238995]]}},{"type":"Feature","properties":{"shape_id":"{}","direction_id":"{\"1\": 50}","headsign":"{}","duration_avg":180.0,"n_vehicles":50,"d":1800,"route_I_counts":"{\"3\": 50}","source":55,"target":54,"layer":"L","from":"西安丈八北路(地铁站)","to":"西安鱼化寨(地铁站)"},"geometry":{"type":"LineString","coordinates":[[108.868627,34.238995],[108.843638,34.239577]]}},{"type":"Feature","properties":{"shape_id":"{}","direction_id":"{\"0\": 50}","headsign":"{}","duration_avg":120.0,"n_vehicles":50,"d":1200,"route_I_counts":"{\"3\": 50}","source":55,"target":56,"layer":"L","from":"西安丈八北路(地铁站)","to":"西安延平门(地铁站)"},"geometry":{"type":"LineString","coordinates":[[108.868627,34.238995],[108.882633,34.238827]]}},{"type":"Feature","properties":{"shape_id":"{}","direction_id":"{\"1\": 50}","headsign":"{}","duration_avg":120.0,"n_vehicles":50,"d":1200,"route_I_counts":"{\"3\": 50}","source":56,"target":55,"layer":"L","from":"西安延平门(地铁站)","to":"西安丈八北路(地铁站)"},"geometry":{"type":"LineString","coordinates":[[108.882633,34.238827],[108.868627,34.238995]]}},{"type":"Feature","properties":{"shape_id":"{}","direction_id":"{\"0\": 50}","headsign":"{}","duration_avg":180.0,"n_vehicles":50,"d":1800,"route_I_counts":"{\"3\": 50}","source":56,"target":57,"layer":"L","from":"西安延平门(地铁站)","to":"西安科技路(地铁站)"},"geometry":{"type":"LineString","coordinates":[[108.882633,34.238827],[108.899624,34.232895]]}},{"type":"Feature","properties":{"shape_id":"{}","direction_id":"{\"1\": 50}","headsign":"{}","duration_avg":180.0,"n_vehicles":50,"d":1800,"route_I_counts":"{\"3\": 50}","source":57,"target":56,"layer":"L","from":"西安科技路(地铁站)","to":"西安延平门(地铁站)"},"geometry":{"type":"LineString","coordinates":[[108.899624,34.232895],[108.882633,34.238827]]}},{"type":"Feature","properties":{"shape_id":"{}","direction_id":"{\"0\": 50}","headsign":"{}","duration_avg":120.0,"n_vehicles":50,"d":1200,"route_I_counts":"{\"3\": 50}","source":57,"target":58,"layer":"L","from":"西安科技路(地铁站)","to":"西安太白南路(地铁站)"},"geometry":{"type":"LineString","coordinates":[[108.899624,34.232895],[108.912049,34.227285]]}},{"type":"Feature","properties":{"shape_id":"{}","direction_id":"{\"1\": 50}","headsign":"{}","duration_avg":120.0,"n_vehicles":50,"d":1200,"route_I_counts":"{\"3\": 50}","source":58,"target":57,"layer":"L","from":"西安太白南路(地铁站)","to":"西安科技路(地铁站)"},"geometry":{"type":"LineString","coordinates":[[108.912049,34.227285],[108.899624,34.232895]]}},{"type":"Feature","properties":{"shape_id":"{}","direction_id":"{\"0\": 50}","headsign":"{}","duration_avg":180.0,"n_vehicles":50,"d":1800,"route_I_counts":"{\"3\": 50}","source":58,"target":59,"layer":"L","from":"西安太白南路(地铁站)","to":"西安吉祥村(地铁站)"},"geometry":{"type":"LineString","coordinates":[[108.912049,34.227285],[108.928667,34.224268]]}},{"type":"Feature","properties":{"shape_id":"{}","direction_id":"{\"1\": 50}","headsign":"{}","duration_avg":180.0,"n_vehicles":50,"d":1800,"route_I_counts":"{\"3\": 50}","source":59,"target":58,"layer":"L","from":"西安吉祥村(地铁站)","to":"西安太白南路(地铁站)"},"geometry":{"type":"LineString","coordinates":[[108.928667,34.224268],[108.912049,34.227285]]}},{"type":"Feature","properties":{"shape_id":"{}","direction_id":"{\"0\": 50}","headsign":"{}","duration_avg":120.0,"n_vehicles":50,"d":1200,"route_I_counts":"{\"3\": 50}","source":59,"target":45,"layer":"L","from":"西安吉祥村(地铁站)","to":"西安小寨(地铁站)"},"geometry":{"type":"LineString","coordinates":[[108.928667,34.224268],[108.942102,34.22443]]}},{"type":"Feature","properties":{"shape_id":"{}","direction_id":"{\"1\": 50}","headsign":"{}","duration_avg":120.0,"n_vehicles":50,"d":1200,"route_I_counts":"{\"3\": 50}","source":45,"target":59,"layer":"L","from":"西安小寨(地铁站)","to":"西安吉祥村(地铁站)"},"geometry":{"type":"LineString","coordinates":[[108.942102,34.22443],[108.928667,34.224268]]}},{"type":"Feature","properties":{"shape_id":"{}","direction_id":"{\"0\": 50}","headsign":"{}","duration_avg":180.0,"n_vehicles":50,"d":1800,"route_I_counts":"{\"3\": 50}","source":45,"target":60,"layer":"L","from":"西安小寨(地铁站)","to":"西安大雁塔(地铁站)"},"geometry":{"type":"LineString","coordinates":[[108.942102,34.22443],[108.959589,34.224355]]}},{"type":"Feature","properties":{"shape_id":"{}","direction_id":"{\"1\": 50}","headsign":"{}","duration_avg":180.0,"n_vehicles":50,"d":1800,"route_I_counts":"{\"3\": 50}","source":60,"target":45,"layer":"L","from":"西安大雁塔(地铁站)","to":"西安小寨(地铁站)"},"geometry":{"type":"LineString","coordinates":[[108.959589,34.224355],[108.942102,34.22443]]}},{"type":"Feature","properties":{"shape_id":"{}","direction_id":"{\"0\": 50}","headsign":"{}","duration_avg":120.0,"n_vehicles":50,"d":1200,"route_I_counts":"{\"3\": 50}","source":60,"target":61,"layer":"L","from":"西安大雁塔(地铁站)","to":"西安北池头(地铁站)"},"geometry":{"type":"LineString","coordinates":[[108.959589,34.224355],[108.972473,34.225348]]}},{"type":"Feature","properties":{"shape_id":"{}","direction_id":"{\"1\": 50}","headsign":"{}","duration_avg":120.0,"n_vehicles":50,"d":1200,"route_I_counts":"{\"3\": 50}","source":61,"target":60,"layer":"L","from":"西安北池头(地铁站)","to":"西安大雁塔(地铁站)"},"geometry":{"type":"LineString","coordinates":[[108.972473,34.225348],[108.959589,34.224355]]}},{"type":"Feature","properties":{"shape_id":"{}","direction_id":"{\"0\": 50}","headsign":"{}","duration_avg":180.0,"n_vehicles":50,"d":1800,"route_I_counts":"{\"3\": 50}","source":61,"target":62,"layer":"L","from":"西安北池头(地铁站)","to":"西安青龙寺(地铁站)"},"geometry":{"type":"LineString","coordinates":[[108.972473,34.225348],[108.989083,34.232289]]}},{"type":"Feature","properties":{"shape_id":"{}","direction_id":"{\"1\": 50}","headsign":"{}","duration_avg":180.0,"n_vehicles":50,"d":1800,"route_I_counts":"{\"3\": 50}","source":62,"target":61,"layer":"L","from":"西安青龙寺(地铁站)","to":"西安北池头(地铁站)"},"geometry":{"type":"LineString","coordinates":[[108.989083,34.232289],[108.972473,34.225348]]}},{"type":"Feature","properties":{"shape_id":"{}","direction_id":"{\"0\": 50}","headsign":"{}","duration_avg":180.0,"n_vehicles":50,"d":1800,"route_I_counts":"{\"3\": 50}","source":62,"target":63,"layer":"L","from":"西安青龙寺(地铁站)","to":"西安延兴门(地铁站)"},"geometry":{"type":"LineString","coordinates":[[108.989083,34.232289],[108.991879,34.245599]]}},{"type":"Feature","properties":{"shape_id":"{}","direction_id":"{\"1\": 50}","headsign":"{}","duration_avg":180.0,"n_vehicles":50,"d":1800,"route_I_counts":"{\"3\": 50}","source":63,"target":62,"layer":"L","from":"西安延兴门(地铁站)","to":"西安青龙寺(地铁站)"},"geometry":{"type":"LineString","coordinates":[[108.991879,34.245599],[108.989083,34.232289]]}},{"type":"Feature","properties":{"shape_id":"{}","direction_id":"{\"0\": 50}","headsign":"{}","duration_avg":120.0,"n_vehicles":50,"d":1200,"route_I_counts":"{\"3\": 50}","source":63,"target":64,"layer":"L","from":"西安延兴门(地铁站)","to":"西安咸宁路(地铁站)"},"geometry":{"type":"LineString","coordinates":[[108.991879,34.245599],[108.991886,34.252575]]}},{"type":"Feature","properties":{"shape_id":"{}","direction_id":"{\"1\": 50}","headsign":"{}","duration_avg":120.0,"n_vehicles":50,"d":1200,"route_I_counts":"{\"3\": 50}","source":64,"target":63,"layer":"L","from":"西安咸宁路(地铁站)","to":"西安延兴门(地铁站)"},"geometry":{"type":"LineString","coordinates":[[108.991886,34.252575],[108.991879,34.245599]]}},{"type":"Feature","properties":{"shape_id":"{}","direction_id":"{\"0\": 50}","headsign":"{}","duration_avg":120.0,"n_vehicles":50,"d":1200,"route_I_counts":"{\"3\": 50}","source":64,"target":65,"layer":"L","from":"西安咸宁路(地铁站)","to":"西安长乐公园(地铁站)"},"geometry":{"type":"LineString","coordinates":[[108.991886,34.252575],[108.991286,34.262105]]}},{"type":"Feature","properties":{"shape_id":"{}","direction_id":"{\"1\": 50}","headsign":"{}","duration_avg":120.0,"n_vehicles":50,"d":1200,"route_I_counts":"{\"3\": 50}","source":65,"target":64,"layer":"L","from":"西安长乐公园(地铁站)","to":"西安咸宁路(地铁站)"},"geometry":{"type":"LineString","coordinates":[[108.991286,34.262105],[108.991886,34.252575]]}},{"type":"Feature","properties":{"shape_id":"{}","direction_id":"{\"0\": 50}","headsign":"{}","duration_avg":120.0,"n_vehicles":50,"d":1200,"route_I_counts":"{\"3\": 50}","source":65,"target":24,"layer":"L","from":"西安长乐公园(地铁站)","to":"西安通化门(地铁站)"},"geometry":{"type":"LineString","coordinates":[[108.991286,34.262105],[108.989757,34.270944]]}},{"type":"Feature","properties":{"shape_id":"{}","direction_id":"{\"1\": 50}","headsign":"{}","duration_avg":120.0,"n_vehicles":50,"d":1200,"route_I_counts":"{\"3\": 50}","source":24,"target":65,"layer":"L","from":"西安通化门(地铁站)","to":"西安长乐公园(地铁站)"},"geometry":{"type":"LineString","coordinates":[[108.989757,34.270944],[108.991286,34.262105]]}},{"type":"Feature","properties":{"shape_id":"{}","direction_id":"{\"0\": 50}","headsign":"{}","duration_avg":120.0,"n_vehicles":50,"d":1200,"route_I_counts":"{\"3\": 50}","source":24,"target":66,"layer":"L","from":"西安通化门(地铁站)","to":"西安胡家庙(地铁站)"},"geometry":{"type":"LineString","coordinates":[[108.989757,34.270944],[108.990748,34.27923]]}},{"type":"Feature","properties":{"shape_id":"{}","direction_id":"{\"1\": 50}","headsign":"{}","duration_avg":120.0,"n_vehicles":50,"d":1200,"route_I_counts":"{\"3\": 50}","source":66,"target":24,"layer":"L","from":"西安胡家庙(地铁站)","to":"西安通化门(地铁站)"},"geometry":{"type":"LineString","coordinates":[[108.990748,34.27923],[108.989757,34.270944]]}},{"type":"Feature","properties":{"shape_id":"{}","direction_id":"{\"0\": 50}","headsign":"{}","duration_avg":120.0,"n_vehicles":50,"d":1200,"route_I_counts":"{\"3\": 50}","source":66,"target":67,"layer":"L","from":"西安胡家庙(地铁站)","to":"西安石家街(地铁站)"},"geometry":{"type":"LineString","coordinates":[[108.990748,34.27923],[108.990766,34.29233]]}},{"type":"Feature","properties":{"shape_id":"{}","direction_id":"{\"1\": 50}","headsign":"{}","duration_avg":120.0,"n_vehicles":50,"d":1200,"route_I_counts":"{\"3\": 50}","source":67,"target":66,"layer":"L","from":"西安石家街(地铁站)","to":"西安胡家庙(地铁站)"},"geometry":{"type":"LineString","coordinates":[[108.990766,34.29233],[108.990748,34.27923]]}},{"type":"Feature","properties":{"shape_id":"{}","direction_id":"{\"0\": 50}","headsign":"{}","duration_avg":180.0,"n_vehicles":50,"d":1800,"route_I_counts":"{\"3\": 50}","source":67,"target":68,"layer":"L","from":"西安石家街(地铁站)","to":"西安辛家庙(地铁站)"},"geometry":{"type":"LineString","coordinates":[[108.990766,34.29233],[108.990726,34.306376]]}},{"type":"Feature","properties":{"shape_id":"{}","direction_id":"{\"1\": 50}","headsign":"{}","duration_avg":180.0,"n_vehicles":50,"d":1800,"route_I_counts":"{\"3\": 50}","source":68,"target":67,"layer":"L","from":"西安辛家庙(地铁站)","to":"西安石家街(地铁站)"},"geometry":{"type":"LineString","coordinates":[[108.990726,34.306376],[108.990766,34.29233]]}},{"type":"Feature","properties":{"shape_id":"{}","direction_id":"{\"0\": 50}","headsign":"{}","duration_avg":180.0,"n_vehicles":50,"d":1800,"route_I_counts":"{\"3\": 50}","source":68,"target":69,"layer":"L","from":"西安辛家庙(地铁站)","to":"西安广泰门(地铁站)"},"geometry":{"type":"LineString","coordinates":[[108.990726,34.306376],[109.008288,34.312216]]}},{"type":"Feature","properties":{"shape_id":"{}","direction_id":"{\"1\": 50}","headsign":"{}","duration_avg":180.0,"n_vehicles":50,"d":1800,"route_I_counts":"{\"3\": 50}","source":69,"target":68,"layer":"L","from":"西安广泰门(地铁站)","to":"西安辛家庙(地铁站)"},"geometry":{"type":"LineString","coordinates":[[109.008288,34.312216],[108.990726,34.306376]]}},{"type":"Feature","properties":{"shape_id":"{}","direction_id":"{\"0\": 50}","headsign":"{}","duration_avg":120.0,"n_vehicles":50,"d":1200,"route_I_counts":"{\"3\": 50}","source":69,"target":70,"layer":"L","from":"西安广泰门(地铁站)","to":"西安桃花潭(地铁站)"},"geometry":{"type":"LineString","coordinates":[[109.008288,34.312216],[109.028175,34.312495]]}},{"type":"Feature","properties":{"shape_id":"{}","direction_id":"{\"1\": 50}","headsign":"{}","duration_avg":120.0,"n_vehicles":50,"d":1200,"route_I_counts":"{\"3\": 50}","source":70,"target":69,"layer":"L","from":"西安桃花潭(地铁站)","to":"西安广泰门(地铁站)"},"geometry":{"type":"LineString","coordinates":[[109.028175,34.312495],[109.008288,34.312216]]}},{"type":"Feature","properties":{"shape_id":"{}","direction_id":"{\"0\": 50}","headsign":"{}","duration_avg":120.0,"n_vehicles":50,"d":1200,"route_I_counts":"{\"3\": 50}","source":70,"target":71,"layer":"L","from":"西安桃花潭(地铁站)","to":"西安浐灞中心(地铁站)"},"geometry":{"type":"LineString","coordinates":[[109.028175,34.312495],[109.041168,34.318258]]}},{"type":"Feature","properties":{"shape_id":"{}","direction_id":"{\"1\": 50}","headsign":"{}","duration_avg":120.0,"n_vehicles":50,"d":1200,"route_I_counts":"{\"3\": 50}","source":71,"target":70,"layer":"L","from":"西安浐灞中心(地铁站)","to":"西安桃花潭(地铁站)"},"geometry":{"type":"LineString","coordinates":[[109.041168,34.318258],[109.028175,34.312495]]}},{"type":"Feature","properties":{"shape_id":"{}","direction_id":"{\"0\": 50}","headsign":"{}","duration_avg":120.0,"n_vehicles":50,"d":1200,"route_I_counts":"{\"3\": 50}","source":71,"target":72,"layer":"L","from":"西安浐灞中心(地铁站)","to":"西安香湖湾(地铁站)"},"geometry":{"type":"LineString","coordinates":[[109.041168,34.318258],[109.047181,34.331428]]}},{"type":"Feature","properties":{"shape_id":"{}","direction_id":"{\"1\": 50}","headsign":"{}","duration_avg":120.0,"n_vehicles":50,"d":1200,"route_I_counts":"{\"3\": 50}","source":72,"target":71,"layer":"L","from":"西安香湖湾(地铁站)","to":"西安浐灞中心(地铁站)"},"geometry":{"type":"LineString","coordinates":[[109.047181,34.331428],[109.041168,34.318258]]}},{"type":"Feature","properties":{"shape_id":"{}","direction_id":"{\"0\": 50}","headsign":"{}","duration_avg":180.0,"n_vehicles":50,"d":1800,"route_I_counts":"{\"3\": 50}","source":72,"target":73,"layer":"L","from":"西安香湖湾(地铁站)","to":"西安务庄(地铁站)"},"geometry":{"type":"LineString","coordinates":[[109.047181,34.331428],[109.042389,34.346533]]}},{"type":"Feature","properties":{"shape_id":"{}","direction_id":"{\"1\": 50}","headsign":"{}","duration_avg":180.0,"n_vehicles":50,"d":1800,"route_I_counts":"{\"3\": 50}","source":73,"target":72,"layer":"L","from":"西安务庄(地铁站)","to":"西安香湖湾(地铁站)"},"geometry":{"type":"LineString","coordinates":[[109.042389,34.346533],[109.047181,34.331428]]}},{"type":"Feature","properties":{"shape_id":"{}","direction_id":"{\"0\": 50}","headsign":"{}","duration_avg":180.0,"n_vehicles":50,"d":1800,"route_I_counts":"{\"3\": 50}","source":73,"target":74,"layer":"L","from":"西安务庄(地铁站)","to":"西安国际港务区(地铁站)"},"geometry":{"type":"LineString","coordinates":[[109.042389,34.346533],[109.034309,34.362392]]}},{"type":"Feature","properties":{"shape_id":"{}","direction_id":"{\"1\": 50}","headsign":"{}","duration_avg":180.0,"n_vehicles":50,"d":1800,"route_I_counts":"{\"3\": 50}","source":74,"target":73,"layer":"L","from":"西安国际港务区(地铁站)","to":"西安务庄(地铁站)"},"geometry":{"type":"LineString","coordinates":[[109.034309,34.362392],[109.042389,34.346533]]}},{"type":"Feature","properties":{"shape_id":"{}","direction_id":"{\"0\": 50}","headsign":"{}","duration_avg":120.0,"n_vehicles":50,"d":1200,"route_I_counts":"{\"3\": 50}","source":74,"target":75,"layer":"L","from":"西安国际港务区(地铁站)","to":"西安双寨(地铁站)"},"geometry":{"type":"LineString","coordinates":[[109.034309,34.362392],[109.036099,34.373665]]}},{"type":"Feature","properties":{"shape_id":"{}","direction_id":"{\"1\": 50}","headsign":"{}","duration_avg":120.0,"n_vehicles":50,"d":1200,"route_I_counts":"{\"3\": 50}","source":75,"target":74,"layer":"L","from":"西安双寨(地铁站)","to":"西安国际港务区(地铁站)"},"geometry":{"type":"LineString","coordinates":[[109.036099,34.373665],[109.034309,34.362392]]}},{"type":"Feature","properties":{"shape_id":"{}","direction_id":"{\"0\": 50}","headsign":"{}","duration_avg":120.0,"n_vehicles":50,"d":1200,"route_I_counts":"{\"3\": 50}","source":75,"target":76,"layer":"L","from":"西安双寨(地铁站)","to":"西安新筑(地铁站)"},"geometry":{"type":"LineString","coordinates":[[109.036099,34.373665],[109.037758,34.384336]]}},{"type":"Feature","properties":{"shape_id":"{}","direction_id":"{\"1\": 50}","headsign":"{}","duration_avg":120.0,"n_vehicles":50,"d":1200,"route_I_counts":"{\"3\": 50}","source":76,"target":75,"layer":"L","from":"西安新筑(地铁站)","to":"西安双寨(地铁站)"},"geometry":{"type":"LineString","coordinates":[[109.037758,34.384336],[109.036099,34.373665]]}},{"type":"Feature","properties":{"shape_id":"{}","direction_id":"{\"0\": 50}","headsign":"{}","duration_avg":120.0,"n_vehicles":50,"d":1200,"route_I_counts":"{\"3\": 50}","source":76,"target":77,"layer":"L","from":"西安新筑(地铁站)","to":"西安保税区(地铁站)"},"geometry":{"type":"LineString","coordinates":[[109.037758,34.384336],[109.039022,34.396839]]}},{"type":"Feature","properties":{"shape_id":"{}","direction_id":"{\"1\": 50}","headsign":"{}","duration_avg":120.0,"n_vehicles":50,"d":1200,"route_I_counts":"{\"3\": 50}","source":77,"target":76,"layer":"L","from":"西安保税区(地铁站)","to":"西安新筑(地铁站)"},"geometry":{"type":"LineString","coordinates":[[109.039022,34.396839],[109.037758,34.384336]]}},{"type":"Feature","properties":{"shape_id":"{}","direction_id":"{\"0\": 50}","headsign":"{}","duration_avg":120.0,"n_vehicles":50,"d":1200,"route_I_counts":"{\"4\": 50}","source":32,"target":78,"layer":"L","from":"西安西安北站(地铁站)","to":"西安元朔路(地铁站)"},"geometry":{"type":"LineString","coordinates":[[108.934164,34.376944],[108.925067,34.368718]]}},{"type":"Feature","properties":{"shape_id":"{}","direction_id":"{\"1\": 50}","headsign":"{}","duration_avg":120.0,"n_vehicles":50,"d":1200,"route_I_counts":"{\"4\": 50}","source":78,"target":32,"layer":"L","from":"西安元朔路(地铁站)","to":"西安西安北站(地铁站)"},"geometry":{"type":"LineString","coordinates":[[108.925067,34.368718],[108.934164,34.376944]]}},{"type":"Feature","properties":{"shape_id":"{}","direction_id":"{\"0\": 50}","headsign":"{}","duration_avg":120.0,"n_vehicles":50,"d":1200,"route_I_counts":"{\"4\": 50}","source":78,"target":79,"layer":"L","from":"西安元朔路(地铁站)","to":"西安凤城十二路(地铁站)"},"geometry":{"type":"LineString","coordinates":[[108.925067,34.368718],[108.925112,34.360589]]}},{"type":"Feature","properties":{"shape_id":"{}","direction_id":"{\"1\": 50}","headsign":"{}","duration_avg":120.0,"n_vehicles":50,"d":1200,"route_I_counts":"{\"4\": 50}","source":79,"target":78,"layer":"L","from":"西安凤城十二路(地铁站)","to":"西安元朔路(地铁站)"},"geometry":{"type":"LineString","coordinates":[[108.925112,34.360589],[108.925067,34.368718]]}},{"type":"Feature","properties":{"shape_id":"{}","direction_id":"{\"0\": 50}","headsign":"{}","duration_avg":120.0,"n_vehicles":50,"d":1200,"route_I_counts":"{\"4\": 50}","source":79,"target":80,"layer":"L","from":"西安凤城十二路(地铁站)","to":"西安凤城九路(地铁站)"},"geometry":{"type":"LineString","coordinates":[[108.925112,34.360589],[108.92514,34.350425]]}},{"type":"Feature","properties":{"shape_id":"{}","direction_id":"{\"1\": 50}","headsign":"{}","duration_avg":120.0,"n_vehicles":50,"d":1200,"route_I_counts":"{\"4\": 50}","source":80,"target":79,"layer":"L","from":"西安凤城九路(地铁站)","to":"西安凤城十二路(地铁站)"},"geometry":{"type":"LineString","coordinates":[[108.92514,34.350425],[108.925112,34.360589]]}},{"type":"Feature","properties":{"shape_id":"{}","direction_id":"{\"0\": 50}","headsign":"{}","duration_avg":120.0,"n_vehicles":50,"d":1200,"route_I_counts":"{\"4\": 50}","source":80,"target":81,"layer":"L","from":"西安凤城九路(地铁站)","to":"西安文景路(地铁站)"},"geometry":{"type":"LineString","coordinates":[[108.92514,34.350425],[108.93208,34.34254]]}},{"type":"Feature","properties":{"shape_id":"{}","direction_id":"{\"1\": 50}","headsign":"{}","duration_avg":120.0,"n_vehicles":50,"d":1200,"route_I_counts":"{\"4\": 50}","source":81,"target":80,"layer":"L","from":"西安文景路(地铁站)","to":"西安凤城九路(地铁站)"},"geometry":{"type":"LineString","coordinates":[[108.93208,34.34254],[108.92514,34.350425]]}},{"type":"Feature","properties":{"shape_id":"{}","direction_id":"{\"0\": 50}","headsign":"{}","duration_avg":120.0,"n_vehicles":50,"d":1200,"route_I_counts":"{\"4\": 50}","source":81,"target":35,"layer":"L","from":"西安文景路(地铁站)","to":"西安行政中心(地铁站)"},"geometry":{"type":"LineString","coordinates":[[108.93208,34.34254],[108.942652,34.342525]]}},{"type":"Feature","properties":{"shape_id":"{}","direction_id":"{\"1\": 50}","headsign":"{}","duration_avg":120.0,"n_vehicles":50,"d":1200,"route_I_counts":"{\"4\": 50}","source":35,"target":81,"layer":"L","from":"西安行政中心(地铁站)","to":"西安文景路(地铁站)"},"geometry":{"type":"LineString","coordinates":[[108.942652,34.342525],[108.93208,34.34254]]}},{"type":"Feature","properties":{"shape_id":"{}","direction_id":"{\"0\": 50}","headsign":"{}","duration_avg":180.0,"n_vehicles":50,"d":1800,"route_I_counts":"{\"4\": 50}","source":35,"target":82,"layer":"L","from":"西安行政中心(地铁站)","to":"西安市中医医院(地铁站)"},"geometry":{"type":"LineString","coordinates":[[108.942652,34.342525],[108.955838,34.342525]]}},{"type":"Feature","properties":{"shape_id":"{}","direction_id":"{\"1\": 50}","headsign":"{}","duration_avg":180.0,"n_vehicles":50,"d":1800,"route_I_counts":"{\"4\": 50}","source":82,"target":35,"layer":"L","from":"西安市中医医院(地铁站)","to":"西安行政中心(地铁站)"},"geometry":{"type":"LineString","coordinates":[[108.955838,34.342525],[108.942652,34.342525]]}},{"type":"Feature","properties":{"shape_id":"{}","direction_id":"{\"0\": 50}","headsign":"{}","duration_avg":120.0,"n_vehicles":50,"d":1200,"route_I_counts":"{\"4\": 50}","source":82,"target":83,"layer":"L","from":"西安市中医医院(地铁站)","to":"西安常青路(地铁站)"},"geometry":{"type":"LineString","coordinates":[[108.955838,34.342525],[108.966884,34.336997]]}},{"type":"Feature","properties":{"shape_id":"{}","direction_id":"{\"1\": 50}","headsign":"{}","duration_avg":120.0,"n_vehicles":50,"d":1200,"route_I_counts":"{\"4\": 50}","source":83,"target":82,"layer":"L","from":"西安常青路(地铁站)","to":"西安市中医医院(地铁站)"},"geometry":{"type":"LineString","coordinates":[[108.966884,34.336997],[108.955838,34.342525]]}},{"type":"Feature","properties":{"shape_id":"{}","direction_id":"{\"0\": 50}","headsign":"{}","duration_avg":120.0,"n_vehicles":50,"d":1200,"route_I_counts":"{\"4\": 50}","source":83,"target":84,"layer":"L","from":"西安常青路(地铁站)","to":"西安百花村(地铁站)"},"geometry":{"type":"LineString","coordinates":[[108.966884,34.336997],[108.966888,34.327982]]}},{"type":"Feature","properties":{"shape_id":"{}","direction_id":"{\"1\": 50}","headsign":"{}","duration_avg":120.0,"n_vehicles":50,"d":1200,"route_I_counts":"{\"4\": 50}","source":84,"target":83,"layer":"L","from":"西安百花村(地铁站)","to":"西安常青路(地铁站)"},"geometry":{"type":"LineString","coordinates":[[108.966888,34.327982],[108.966884,34.336997]]}},{"type":"Feature","properties":{"shape_id":"{}","direction_id":"{\"0\": 50}","headsign":"{}","duration_avg":120.0,"n_vehicles":50,"d":1200,"route_I_counts":"{\"4\": 50}","source":84,"target":85,"layer":"L","from":"西安百花村(地铁站)","to":"西安余家寨(地铁站)"},"geometry":{"type":"LineString","coordinates":[[108.966888,34.327982],[108.966844,34.320135]]}},{"type":"Feature","properties":{"shape_id":"{}","direction_id":"{\"1\": 50}","headsign":"{}","duration_avg":120.0,"n_vehicles":50,"d":1200,"route_I_counts":"{\"4\": 50}","source":85,"target":84,"layer":"L","from":"西安余家寨(地铁站)","to":"西安百花村(地铁站)"},"geometry":{"type":"LineString","coordinates":[[108.966844,34.320135],[108.966888,34.327982]]}},{"type":"Feature","properties":{"shape_id":"{}","direction_id":"{\"0\": 50}","headsign":"{}","duration_avg":120.0,"n_vehicles":50,"d":1200,"route_I_counts":"{\"4\": 50}","source":85,"target":86,"layer":"L","from":"西安余家寨(地铁站)","to":"西安大明宫北(地铁站)"},"geometry":{"type":"LineString","coordinates":[[108.966844,34.320135],[108.966795,34.309733]]}},{"type":"Feature","properties":{"shape_id":"{}","direction_id":"{\"1\": 50}","headsign":"{}","duration_avg":120.0,"n_vehicles":50,"d":1200,"route_I_counts":"{\"4\": 50}","source":86,"target":85,"layer":"L","from":"西安大明宫北(地铁站)","to":"西安余家寨(地铁站)"},"geometry":{"type":"LineString","coordinates":[[108.966795,34.309733],[108.966844,34.320135]]}},{"type":"Feature","properties":{"shape_id":"{}","direction_id":"{\"0\": 50}","headsign":"{}","duration_avg":120.0,"n_vehicles":50,"d":1200,"route_I_counts":"{\"4\": 50}","source":86,"target":87,"layer":"L","from":"西安大明宫北(地铁站)","to":"西安大明宫(地铁站)"},"geometry":{"type":"LineString","coordinates":[[108.966795,34.309733],[108.966735,34.298292]]}},{"type":"Feature","properties":{"shape_id":"{}","direction_id":"{\"1\": 50}","headsign":"{}","duration_avg":120.0,"n_vehicles":50,"d":1200,"route_I_counts":"{\"4\": 50}","source":87,"target":86,"layer":"L","from":"西安大明宫(地铁站)","to":"西安大明宫北(地铁站)"},"geometry":{"type":"LineString","coordinates":[[108.966735,34.298292],[108.966795,34.309733]]}},{"type":"Feature","properties":{"shape_id":"{}","direction_id":"{\"0\": 50}","headsign":"{}","duration_avg":120.0,"n_vehicles":50,"d":1200,"route_I_counts":"{\"4\": 50}","source":87,"target":88,"layer":"L","from":"西安大明宫(地铁站)","to":"西安含元殿(地铁站)"},"geometry":{"type":"LineString","coordinates":[[108.966735,34.298292],[108.966754,34.289144]]}},{"type":"Feature","properties":{"shape_id":"{}","direction_id":"{\"1\": 50}","headsign":"{}","duration_avg":120.0,"n_vehicles":50,"d":1200,"route_I_counts":"{\"4\": 50}","source":88,"target":87,"layer":"L","from":"西安含元殿(地铁站)","to":"西安大明宫(地铁站)"},"geometry":{"type":"LineString","coordinates":[[108.966754,34.289144],[108.966735,34.298292]]}},{"type":"Feature","properties":{"shape_id":"{}","direction_id":"{\"0\": 50}","headsign":"{}","duration_avg":180.0,"n_vehicles":50,"d":1800,"route_I_counts":"{\"4\": 50}","source":88,"target":89,"layer":"L","from":"西安含元殿(地铁站)","to":"西安西安站(地铁站)"},"geometry":{"type":"LineString","coordinates":[[108.966754,34.289144],[108.961487,34.280257]]}},{"type":"Feature","properties":{"shape_id":"{}","direction_id":"{\"1\": 50}","headsign":"{}","duration_avg":180.0,"n_vehicles":50,"d":1800,"route_I_counts":"{\"4\": 50}","source":89,"target":88,"layer":"L","from":"西安西安站(地铁站)","to":"西安含元殿(地铁站)"},"geometry":{"type":"LineString","coordinates":[[108.961487,34.280257],[108.966754,34.289144]]}},{"type":"Feature","properties":{"shape_id":"{}","direction_id":"{\"0\": 50}","headsign":"{}","duration_avg":120.0,"n_vehicles":50,"d":1200,"route_I_counts":"{\"4\": 50}","source":89,"target":21,"layer":"L","from":"西安西安站(地铁站)","to":"西安五路口(地铁站)"},"geometry":{"type":"LineString","coordinates":[[108.961487,34.280257],[108.958174,34.271557]]}},{"type":"Feature","properties":{"shape_id":"{}","direction_id":"{\"1\": 50}","headsign":"{}","duration_avg":120.0,"n_vehicles":50,"d":1200,"route_I_counts":"{\"4\": 50}","source":21,"target":89,"layer":"L","from":"西安五路口(地铁站)","to":"西安西安站(地铁站)"},"geometry":{"type":"LineString","coordinates":[[108.958174,34.271557],[108.961487,34.280257]]}},{"type":"Feature","properties":{"shape_id":"{}","direction_id":"{\"0\": 50}","headsign":"{}","duration_avg":120.0,"n_vehicles":50,"d":1200,"route_I_counts":"{\"4\": 50}","source":21,"target":90,"layer":"L","from":"西安五路口(地铁站)","to":"西安大差市(地铁站)"},"geometry":{"type":"LineString","coordinates":[[108.958174,34.271557],[108.958351,34.260919]]}},{"type":"Feature","properties":{"shape_id":"{}","direction_id":"{\"1\": 50}","headsign":"{}","duration_avg":120.0,"n_vehicles":50,"d":1200,"route_I_counts":"{\"4\": 50}","source":90,"target":21,"layer":"L","from":"西安大差市(地铁站)","to":"西安五路口(地铁站)"},"geometry":{"type":"LineString","coordinates":[[108.958351,34.260919],[108.958174,34.271557]]}},{"type":"Feature","properties":{"shape_id":"{}","direction_id":"{\"0\": 50}","headsign":"{}","duration_avg":120.0,"n_vehicles":50,"d":1200,"route_I_counts":"{\"4\": 50}","source":90,"target":91,"layer":"L","from":"西安大差市(地铁站)","to":"西安和平门(地铁站)"},"geometry":{"type":"LineString","coordinates":[[108.958351,34.260919],[108.958622,34.251345]]}},{"type":"Feature","properties":{"shape_id":"{}","direction_id":"{\"1\": 50}","headsign":"{}","duration_avg":120.0,"n_vehicles":50,"d":1200,"route_I_counts":"{\"4\": 50}","source":91,"target":90,"layer":"L","from":"西安和平门(地铁站)","to":"西安大差市(地铁站)"},"geometry":{"type":"LineString","coordinates":[[108.958622,34.251345],[108.958351,34.260919]]}},{"type":"Feature","properties":{"shape_id":"{}","direction_id":"{\"0\": 50}","headsign":"{}","duration_avg":120.0,"n_vehicles":50,"d":1200,"route_I_counts":"{\"4\": 50}","source":91,"target":92,"layer":"L","from":"西安和平门(地铁站)","to":"西安建筑科技大学·李家村(地铁站)"},"geometry":{"type":"LineString","coordinates":[[108.958622,34.251345],[108.958866,34.242717]]}},{"type":"Feature","properties":{"shape_id":"{}","direction_id":"{\"1\": 50}","headsign":"{}","duration_avg":120.0,"n_vehicles":50,"d":1200,"route_I_counts":"{\"4\": 50}","source":92,"target":91,"layer":"L","from":"西安建筑科技大学·李家村(地铁站)","to":"西安和平门(地铁站)"},"geometry":{"type":"LineString","coordinates":[[108.958866,34.242717],[108.958622,34.251345]]}},{"type":"Feature","properties":{"shape_id":"{}","direction_id":"{\"0\": 50}","headsign":"{}","duration_avg":120.0,"n_vehicles":50,"d":1200,"route_I_counts":"{\"4\": 50}","source":92,"target":93,"layer":"L","from":"西安建筑科技大学·李家村(地铁站)","to":"西安西安科技大学(地铁站)"},"geometry":{"type":"LineString","coordinates":[[108.958866,34.242717],[108.95902,34.234613]]}},{"type":"Feature","properties":{"shape_id":"{}","direction_id":"{\"1\": 50}","headsign":"{}","duration_avg":120.0,"n_vehicles":50,"d":1200,"route_I_counts":"{\"4\": 50}","source":93,"target":92,"layer":"L","from":"西安西安科技大学(地铁站)","to":"西安建筑科技大学·李家村(地铁站)"},"geometry":{"type":"LineString","coordinates":[[108.95902,34.234613],[108.958866,34.242717]]}},{"type":"Feature","properties":{"shape_id":"{}","direction_id":"{\"0\": 50}","headsign":"{}","duration_avg":180.0,"n_vehicles":50,"d":1800,"route_I_counts":"{\"4\": 50}","source":93,"target":60,"layer":"L","from":"西安西安科技大学(地铁站)","to":"西安大雁塔(地铁站)"},"geometry":{"type":"LineString","coordinates":[[108.95902,34.234613],[108.959589,34.224355]]}},{"type":"Feature","properties":{"shape_id":"{}","direction_id":"{\"1\": 50}","headsign":"{}","duration_avg":180.0,"n_vehicles":50,"d":1800,"route_I_counts":"{\"4\": 50}","source":60,"target":93,"layer":"L","from":"西安大雁塔(地铁站)","to":"西安西安科技大学(地铁站)"},"geometry":{"type":"LineString","coordinates":[[108.959589,34.224355],[108.95902,34.234613]]}},{"type":"Feature","properties":{"shape_id":"{}","direction_id":"{\"0\": 50}","headsign":"{}","duration_avg":180.0,"n_vehicles":50,"d":1800,"route_I_counts":"{\"4\": 50}","source":60,"target":94,"layer":"L","from":"西安大雁塔(地铁站)","to":"西安大唐芙蓉园(地铁站)"},"geometry":{"type":"LineString","coordinates":[[108.959589,34.224355],[108.966477,34.211354]]}},{"type":"Feature","properties":{"shape_id":"{}","direction_id":"{\"1\": 50}","headsign":"{}","duration_avg":180.0,"n_vehicles":50,"d":1800,"route_I_counts":"{\"4\": 50}","source":94,"target":60,"layer":"L","from":"西安大唐芙蓉园(地铁站)","to":"西安大雁塔(地铁站)"},"geometry":{"type":"LineString","coordinates":[[108.966477,34.211354],[108.959589,34.224355]]}},{"type":"Feature","properties":{"shape_id":"{}","direction_id":"{\"0\": 50}","headsign":"{}","duration_avg":120.0,"n_vehicles":50,"d":1200,"route_I_counts":"{\"4\": 50}","source":94,"target":95,"layer":"L","from":"西安大唐芙蓉园(地铁站)","to":"西安曲江池西(地铁站)"},"geometry":{"type":"LineString","coordinates":[[108.966477,34.211354],[108.970259,34.198865]]}},{"type":"Feature","properties":{"shape_id":"{}","direction_id":"{\"1\": 50}","headsign":"{}","duration_avg":120.0,"n_vehicles":50,"d":1200,"route_I_counts":"{\"4\": 50}","source":95,"target":94,"layer":"L","from":"西安曲江池西(地铁站)","to":"西安大唐芙蓉园(地铁站)"},"geometry":{"type":"LineString","coordinates":[[108.970259,34.198865],[108.966477,34.211354]]}},{"type":"Feature","properties":{"shape_id":"{}","direction_id":"{\"0\": 50}","headsign":"{}","duration_avg":180.0,"n_vehicles":50,"d":1800,"route_I_counts":"{\"4\": 50}","source":95,"target":96,"layer":"L","from":"西安曲江池西(地铁站)","to":"西安金滹沱(地铁站)"},"geometry":{"type":"LineString","coordinates":[[108.970259,34.198865],[108.97053,34.182115]]}},{"type":"Feature","properties":{"shape_id":"{}","direction_id":"{\"1\": 50}","headsign":"{}","duration_avg":180.0,"n_vehicles":50,"d":1800,"route_I_counts":"{\"4\": 50}","source":96,"target":95,"layer":"L","from":"西安金滹沱(地铁站)","to":"西安曲江池西(地铁站)"},"geometry":{"type":"LineString","coordinates":[[108.97053,34.182115],[108.970259,34.198865]]}},{"type":"Feature","properties":{"shape_id":"{}","direction_id":"{\"0\": 50}","headsign":"{}","duration_avg":120.0,"n_vehicles":50,"d":1200,"route_I_counts":"{\"4\": 50}","source":96,"target":97,"layer":"L","from":"西安金滹沱(地铁站)","to":"西安航天大道(地铁站)"},"geometry":{"type":"LineString","coordinates":[[108.97053,34.182115],[108.969725,34.172264]]}},{"type":"Feature","properties":{"shape_id":"{}","direction_id":"{\"1\": 50}","headsign":"{}","duration_avg":120.0,"n_vehicles":50,"d":1200,"route_I_counts":"{\"4\": 50}","source":97,"target":96,"layer":"L","from":"西安航天大道(地铁站)","to":"西安金滹沱(地铁站)"},"geometry":{"type":"LineString","coordinates":[[108.969725,34.172264],[108.97053,34.182115]]}},{"type":"Feature","properties":{"shape_id":"{}","direction_id":"{\"0\": 50}","headsign":"{}","duration_avg":120.0,"n_vehicles":50,"d":1200,"route_I_counts":"{\"4\": 50}","source":97,"target":98,"layer":"L","from":"西安航天大道(地铁站)","to":"西安飞天路(地铁站)"},"geometry":{"type":"LineString","coordinates":[[108.969725,34.172264],[108.969679,34.163909]]}},{"type":"Feature","properties":{"shape_id":"{}","direction_id":"{\"1\": 50}","headsign":"{}","duration_avg":120.0,"n_vehicles":50,"d":1200,"route_I_counts":"{\"4\": 50}","source":98,"target":97,"layer":"L","from":"西安飞天路(地铁站)","to":"西安航天大道(地铁站)"},"geometry":{"type":"LineString","coordinates":[[108.969679,34.163909],[108.969725,34.172264]]}},{"type":"Feature","properties":{"shape_id":"{}","direction_id":"{\"0\": 50}","headsign":"{}","duration_avg":120.0,"n_vehicles":50,"d":1200,"route_I_counts":"{\"4\": 50}","source":98,"target":99,"layer":"L","from":"西安飞天路(地铁站)","to":"西安东长安街(地铁站)"},"geometry":{"type":"LineString","coordinates":[[108.969679,34.163909],[108.96975,34.155452]]}},{"type":"Feature","properties":{"shape_id":"{}","direction_id":"{\"1\": 50}","headsign":"{}","duration_avg":120.0,"n_vehicles":50,"d":1200,"route_I_counts":"{\"4\": 50}","source":99,"target":98,"layer":"L","from":"西安东长安街(地铁站)","to":"西安飞天路(地铁站)"},"geometry":{"type":"LineString","coordinates":[[108.96975,34.155452],[108.969679,34.163909]]}},{"type":"Feature","properties":{"shape_id":"{}","direction_id":"{\"0\": 50}","headsign":"{}","duration_avg":180.0,"n_vehicles":50,"d":1800,"route_I_counts":"{\"4\": 50}","source":99,"target":100,"layer":"L","from":"西安东长安街(地铁站)","to":"西安神舟大道(地铁站)"},"geometry":{"type":"LineString","coordinates":[[108.96975,34.155452],[108.978847,34.144005]]}},{"type":"Feature","properties":{"shape_id":"{}","direction_id":"{\"1\": 50}","headsign":"{}","duration_avg":180.0,"n_vehicles":50,"d":1800,"route_I_counts":"{\"4\": 50}","source":100,"target":99,"layer":"L","from":"西安神舟大道(地铁站)","to":"西安东长安街(地铁站)"},"geometry":{"type":"LineString","coordinates":[[108.978847,34.144005],[108.96975,34.155452]]}},{"type":"Feature","properties":{"shape_id":"{}","direction_id":"{\"0\": 50}","headsign":"{}","duration_avg":120.0,"n_vehicles":50,"d":1200,"route_I_counts":"{\"4\": 50}","source":100,"target":101,"layer":"L","from":"西安神舟大道(地铁站)","to":"西安航天东路(地铁站)"},"geometry":{"type":"LineString","coordinates":[[108.978847,34.144005],[108.992252,34.143976]]}},{"type":"Feature","properties":{"shape_id":"{}","direction_id":"{\"1\": 50}","headsign":"{}","duration_avg":120.0,"n_vehicles":50,"d":1200,"route_I_counts":"{\"4\": 50}","source":101,"target":100,"layer":"L","from":"西安航天东路(地铁站)","to":"西安神舟大道(地铁站)"},"geometry":{"type":"LineString","coordinates":[[108.992252,34.143976],[108.978847,34.144005]]}},{"type":"Feature","properties":{"shape_id":"{}","direction_id":"{\"0\": 50}","headsign":"{}","duration_avg":120.0,"n_vehicles":50,"d":1200,"route_I_counts":"{\"4\": 50}","source":101,"target":102,"layer":"L","from":"西安航天东路(地铁站)","to":"西安航天新城(地铁站)"},"geometry":{"type":"LineString","coordinates":[[108.992252,34.143976],[109.008187,34.143971]]}},{"type":"Feature","properties":{"shape_id":"{}","direction_id":"{\"1\": 50}","headsign":"{}","duration_avg":120.0,"n_vehicles":50,"d":1200,"route_I_counts":"{\"4\": 50}","source":102,"target":101,"layer":"L","from":"西安航天新城(地铁站)","to":"西安航天东路(地铁站)"},"geometry":{"type":"LineString","coordinates":[[109.008187,34.143971],[108.992252,34.143976]]}},{"type":"Feature","properties":{"shape_id":"{}","direction_id":"{\"0\": 50}","headsign":"{}","duration_avg":120.0,"n_vehicles":50,"d":1200,"route_I_counts":"{\"5\": 50}","source":103,"target":104,"layer":"L","from":"西安创新港(地铁站)","to":"西安创新港东(地铁站)"},"geometry":{"type":"LineString","coordinates":[[108.652763,34.251304],[108.662103,34.25956]]}},{"type":"Feature","properties":{"shape_id":"{}","direction_id":"{\"1\": 50}","headsign":"{}","duration_avg":120.0,"n_vehicles":50,"d":1200,"route_I_counts":"{\"5\": 50}","source":104,"target":103,"layer":"L","from":"西安创新港东(地铁站)","to":"西安创新港(地铁站)"},"geometry":{"type":"LineString","coordinates":[[108.662103,34.25956],[108.652763,34.251304]]}},{"type":"Feature","properties":{"shape_id":"{}","direction_id":"{\"0\": 50}","headsign":"{}","duration_avg":180.0,"n_vehicles":50,"d":1800,"route_I_counts":"{\"5\": 50}","source":104,"target":105,"layer":"L","from":"西安创新港东(地铁站)","to":"西安翱翔小镇(地铁站)"},"geometry":{"type":"LineString","coordinates":[[108.662103,34.25956],[108.675808,34.270099]]}},{"type":"Feature","properties":{"shape_id":"{}","direction_id":"{\"1\": 50}","headsign":"{}","duration_avg":180.0,"n_vehicles":50,"d":1800,"route_I_counts":"{\"5\": 50}","source":105,"target":104,"layer":"L","from":"西安翱翔小镇(地铁站)","to":"西安创新港东(地铁站)"},"geometry":{"type":"LineString","coordinates":[[108.675808,34.270099],[108.662103,34.25956]]}},{"type":"Feature","properties":{"shape_id":"{}","direction_id":"{\"0\": 50}","headsign":"{}","duration_avg":120.0,"n_vehicles":50,"d":1200,"route_I_counts":"{\"5\": 50}","source":105,"target":106,"layer":"L","from":"西安翱翔小镇(地铁站)","to":"西安钓台(地铁站)"},"geometry":{"type":"LineString","coordinates":[[108.675808,34.270099],[108.686078,34.270161]]}},{"type":"Feature","properties":{"shape_id":"{}","direction_id":"{\"1\": 50}","headsign":"{}","duration_avg":120.0,"n_vehicles":50,"d":1200,"route_I_counts":"{\"5\": 50}","source":106,"target":105,"layer":"L","from":"西安钓台(地铁站)","to":"西安翱翔小镇(地铁站)"},"geometry":{"type":"LineString","coordinates":[[108.686078,34.270161],[108.675808,34.270099]]}},{"type":"Feature","properties":{"shape_id":"{}","direction_id":"{\"0\": 50}","headsign":"{}","duration_avg":120.0,"n_vehicles":50,"d":1200,"route_I_counts":"{\"5\": 50}","source":106,"target":107,"layer":"L","from":"西安钓台(地铁站)","to":"西安沣西文化公园(地铁站)"},"geometry":{"type":"LineString","coordinates":[[108.686078,34.270161],[108.696747,34.270174]]}},{"type":"Feature","properties":{"shape_id":"{}","direction_id":"{\"1\": 50}","headsign":"{}","duration_avg":120.0,"n_vehicles":50,"d":1200,"route_I_counts":"{\"5\": 50}","source":107,"target":106,"layer":"L","from":"西安沣西文化公园(地铁站)","to":"西安钓台(地铁站)"},"geometry":{"type":"LineString","coordinates":[[108.696747,34.270174],[108.686078,34.270161]]}},{"type":"Feature","properties":{"shape_id":"{}","direction_id":"{\"0\": 50}","headsign":"{}","duration_avg":120.0,"n_vehicles":50,"d":1200,"route_I_counts":"{\"5\": 50}","source":107,"target":108,"layer":"L","from":"西安沣西文化公园(地铁站)","to":"西安东马坊(地铁站)"},"geometry":{"type":"LineString","coordinates":[[108.696747,34.270174],[108.706204,34.262351]]}},{"type":"Feature","properties":{"shape_id":"{}","direction_id":"{\"1\": 50}","headsign":"{}","duration_avg":120.0,"n_vehicles":50,"d":1200,"route_I_counts":"{\"5\": 50}","source":108,"target":107,"layer":"L","from":"西安东马坊(地铁站)","to":"西安沣西文化公园(地铁站)"},"geometry":{"type":"LineString","coordinates":[[108.706204,34.262351],[108.696747,34.270174]]}},{"type":"Feature","properties":{"shape_id":"{}","direction_id":"{\"0\": 50}","headsign":"{}","duration_avg":240.0,"n_vehicles":50,"d":2400,"route_I_counts":"{\"5\": 50}","source":108,"target":109,"layer":"L","from":"西安东马坊(地铁站)","to":"西安高桥(地铁站)"},"geometry":{"type":"LineString","coordinates":[[108.706204,34.262351],[108.712931,34.242363]]}},{"type":"Feature","properties":{"shape_id":"{}","direction_id":"{\"1\": 50}","headsign":"{}","duration_avg":240.0,"n_vehicles":50,"d":2400,"route_I_counts":"{\"5\": 50}","source":109,"target":108,"layer":"L","from":"西安高桥(地铁站)","to":"西安东马坊(地铁站)"},"geometry":{"type":"LineString","coordinates":[[108.712931,34.242363],[108.706204,34.262351]]}},{"type":"Feature","properties":{"shape_id":"{}","direction_id":"{\"0\": 50}","headsign":"{}","duration_avg":120.0,"n_vehicles":50,"d":1200,"route_I_counts":"{\"5\": 50}","source":109,"target":110,"layer":"L","from":"西安高桥(地铁站)","to":"西安文教园(地铁站)"},"geometry":{"type":"LineString","coordinates":[[108.712931,34.242363],[108.722652,34.242011]]}},{"type":"Feature","properties":{"shape_id":"{}","direction_id":"{\"1\": 50}","headsign":"{}","duration_avg":120.0,"n_vehicles":50,"d":1200,"route_I_counts":"{\"5\": 50}","source":110,"target":109,"layer":"L","from":"西安文教园(地铁站)","to":"西安高桥(地铁站)"},"geometry":{"type":"LineString","coordinates":[[108.722652,34.242011],[108.712931,34.242363]]}},{"type":"Feature","properties":{"shape_id":"{}","direction_id":"{\"0\": 50}","headsign":"{}","duration_avg":180.0,"n_vehicles":50,"d":1800,"route_I_counts":"{\"5\": 50}","source":110,"target":111,"layer":"L","from":"西安文教园(地铁站)","to":"西安欢乐谷(地铁站)"},"geometry":{"type":"LineString","coordinates":[[108.722652,34.242011],[108.744679,34.246373]]}},{"type":"Feature","properties":{"shape_id":"{}","direction_id":"{\"1\": 50}","headsign":"{}","duration_avg":180.0,"n_vehicles":50,"d":1800,"route_I_counts":"{\"5\": 50}","source":111,"target":110,"layer":"L","from":"西安欢乐谷(地铁站)","to":"西安文教园(地铁站)"},"geometry":{"type":"LineString","coordinates":[[108.744679,34.246373],[108.722652,34.242011]]}},{"type":"Feature","properties":{"shape_id":"{}","direction_id":"{\"0\": 50}","headsign":"{}","duration_avg":120.0,"n_vehicles":50,"d":1200,"route_I_counts":"{\"5\": 50}","source":111,"target":112,"layer":"L","from":"西安欢乐谷(地铁站)","to":"西安镐京(地铁站)"},"geometry":{"type":"LineString","coordinates":[[108.744679,34.246373],[108.754401,34.246318]]}},{"type":"Feature","properties":{"shape_id":"{}","direction_id":"{\"1\": 50}","headsign":"{}","duration_avg":120.0,"n_vehicles":50,"d":1200,"route_I_counts":"{\"5\": 50}","source":112,"target":111,"layer":"L","from":"西安镐京(地铁站)","to":"西安欢乐谷(地铁站)"},"geometry":{"type":"LineString","coordinates":[[108.754401,34.246318],[108.744679,34.246373]]}},{"type":"Feature","properties":{"shape_id":"{}","direction_id":"{\"0\": 50}","headsign":"{}","duration_avg":120.0,"n_vehicles":50,"d":1200,"route_I_counts":"{\"5\": 50}","source":112,"target":113,"layer":"L","from":"西安镐京(地铁站)","to":"西安复兴大道南(地铁站)"},"geometry":{"type":"LineString","coordinates":[[108.754401,34.246318],[108.765662,34.246326]]}},{"type":"Feature","properties":{"shape_id":"{}","direction_id":"{\"1\": 50}","headsign":"{}","duration_avg":120.0,"n_vehicles":50,"d":1200,"route_I_counts":"{\"5\": 50}","source":113,"target":112,"layer":"L","from":"西安复兴大道南(地铁站)","to":"西安镐京(地铁站)"},"geometry":{"type":"LineString","coordinates":[[108.765662,34.246326],[108.754401,34.246318]]}},{"type":"Feature","properties":{"shape_id":"{}","direction_id":"{\"0\": 50}","headsign":"{}","duration_avg":180.0,"n_vehicles":50,"d":1800,"route_I_counts":"{\"5\": 50}","source":113,"target":114,"layer":"L","from":"西安复兴大道南(地铁站)","to":"西安斗门(地铁站)"},"geometry":{"type":"LineString","coordinates":[[108.765662,34.246326],[108.785855,34.246319]]}},{"type":"Feature","properties":{"shape_id":"{}","direction_id":"{\"1\": 50}","headsign":"{}","duration_avg":180.0,"n_vehicles":50,"d":1800,"route_I_counts":"{\"5\": 50}","source":114,"target":113,"layer":"L","from":"西安斗门(地铁站)","to":"西安复兴大道南(地铁站)"},"geometry":{"type":"LineString","coordinates":[[108.785855,34.246319],[108.765662,34.246326]]}},{"type":"Feature","properties":{"shape_id":"{}","direction_id":"{\"0\": 50}","headsign":"{}","duration_avg":120.0,"n_vehicles":50,"d":1200,"route_I_counts":"{\"5\": 50}","source":114,"target":115,"layer":"L","from":"西安斗门(地铁站)","to":"西安王寺(地铁站)"},"geometry":{"type":"LineString","coordinates":[[108.785855,34.246319],[108.800842,34.246729]]}},{"type":"Feature","properties":{"shape_id":"{}","direction_id":"{\"1\": 50}","headsign":"{}","duration_avg":120.0,"n_vehicles":50,"d":1200,"route_I_counts":"{\"5\": 50}","source":115,"target":114,"layer":"L","from":"西安王寺(地铁站)","to":"西安斗门(地铁站)"},"geometry":{"type":"LineString","coordinates":[[108.800842,34.246729],[108.785855,34.246319]]}},{"type":"Feature","properties":{"shape_id":"{}","direction_id":"{\"0\": 50}","headsign":"{}","duration_avg":180.0,"n_vehicles":50,"d":1800,"route_I_counts":"{\"5\": 50}","source":115,"target":116,"layer":"L","from":"西安王寺(地铁站)","to":"西安阿房宫南(地铁站)"},"geometry":{"type":"LineString","coordinates":[[108.800842,34.246729],[108.820507,34.253986]]}},{"type":"Feature","properties":{"shape_id":"{}","direction_id":"{\"1\": 50}","headsign":"{}","duration_avg":180.0,"n_vehicles":50,"d":1800,"route_I_counts":"{\"5\": 50}","source":116,"target":115,"layer":"L","from":"西安阿房宫南(地铁站)","to":"西安王寺(地铁站)"},"geometry":{"type":"LineString","coordinates":[[108.820507,34.253986],[108.800842,34.246729]]}},{"type":"Feature","properties":{"shape_id":"{}","direction_id":"{\"0\": 50}","headsign":"{}","duration_avg":120.0,"n_vehicles":50,"d":1200,"route_I_counts":"{\"5\": 50}","source":116,"target":117,"layer":"L","from":"西安阿房宫南(地铁站)","to":"西安石桥立交(地铁站)"},"geometry":{"type":"LineString","coordinates":[[108.820507,34.253986],[108.829586,34.253969]]}},{"type":"Feature","properties":{"shape_id":"{}","direction_id":"{\"1\": 50}","headsign":"{}","duration_avg":120.0,"n_vehicles":50,"d":1200,"route_I_counts":"{\"5\": 50}","source":117,"target":116,"layer":"L","from":"西安石桥立交(地铁站)","to":"西安阿房宫南(地铁站)"},"geometry":{"type":"LineString","coordinates":[[108.829586,34.253969],[108.820507,34.253986]]}},{"type":"Feature","properties":{"shape_id":"{}","direction_id":"{\"0\": 50}","headsign":"{}","duration_avg":180.0,"n_vehicles":50,"d":1800,"route_I_counts":"{\"5\": 50}","source":117,"target":118,"layer":"L","from":"西安石桥立交(地铁站)","to":"西安西窑头(地铁站)"},"geometry":{"type":"LineString","coordinates":[[108.829586,34.253969],[108.847904,34.253985]]}},{"type":"Feature","properties":{"shape_id":"{}","direction_id":"{\"1\": 50}","headsign":"{}","duration_avg":180.0,"n_vehicles":50,"d":1800,"route_I_counts":"{\"5\": 50}","source":118,"target":117,"layer":"L","from":"西安西窑头(地铁站)","to":"西安石桥立交(地铁站)"},"geometry":{"type":"LineString","coordinates":[[108.847904,34.253985],[108.829586,34.253969]]}},{"type":"Feature","properties":{"shape_id":"{}","direction_id":"{\"0\": 50}","headsign":"{}","duration_avg":120.0,"n_vehicles":50,"d":1200,"route_I_counts":"{\"5\": 50}","source":118,"target":119,"layer":"L","from":"西安西窑头(地铁站)","to":"西安汉城南路(地铁站)"},"geometry":{"type":"LineString","coordinates":[[108.847904,34.253985],[108.867488,34.253977]]}},{"type":"Feature","properties":{"shape_id":"{}","direction_id":"{\"1\": 50}","headsign":"{}","duration_avg":120.0,"n_vehicles":50,"d":1200,"route_I_counts":"{\"5\": 50}","source":119,"target":118,"layer":"L","from":"西安汉城南路(地铁站)","to":"西安西窑头(地铁站)"},"geometry":{"type":"LineString","coordinates":[[108.867488,34.253977],[108.847904,34.253985]]}},{"type":"Feature","properties":{"shape_id":"{}","direction_id":"{\"0\": 50}","headsign":"{}","duration_avg":180.0,"n_vehicles":50,"d":1800,"route_I_counts":"{\"5\": 50}","source":119,"target":120,"layer":"L","from":"西安汉城南路(地铁站)","to":"西安金光门(地铁站)"},"geometry":{"type":"LineString","coordinates":[[108.867488,34.253977],[108.884173,34.253951]]}},{"type":"Feature","properties":{"shape_id":"{}","direction_id":"{\"1\": 50}","headsign":"{}","duration_avg":180.0,"n_vehicles":50,"d":1800,"route_I_counts":"{\"5\": 50}","source":120,"target":119,"layer":"L","from":"西安金光门(地铁站)","to":"西安汉城南路(地铁站)"},"geometry":{"type":"LineString","coordinates":[[108.884173,34.253951],[108.867488,34.253977]]}},{"type":"Feature","properties":{"shape_id":"{}","direction_id":"{\"0\": 50}","headsign":"{}","duration_avg":120.0,"n_vehicles":50,"d":1200,"route_I_counts":"{\"5\": 50}","source":120,"target":121,"layer":"L","from":"西安金光门(地铁站)","to":"西安丰庆公园(地铁站)"},"geometry":{"type":"LineString","coordinates":[[108.884173,34.253951],[108.895345,34.247817]]}},{"type":"Feature","properties":{"shape_id":"{}","direction_id":"{\"1\": 50}","headsign":"{}","duration_avg":120.0,"n_vehicles":50,"d":1200,"route_I_counts":"{\"5\": 50}","source":121,"target":120,"layer":"L","from":"西安丰庆公园(地铁站)","to":"西安金光门(地铁站)"},"geometry":{"type":"LineString","coordinates":[[108.895345,34.247817],[108.884173,34.253951]]}},{"type":"Feature","properties":{"shape_id":"{}","direction_id":"{\"0\": 50}","headsign":"{}","duration_avg":180.0,"n_vehicles":50,"d":1800,"route_I_counts":"{\"5\": 50}","source":121,"target":122,"layer":"L","from":"西安丰庆公园(地铁站)","to":"西安西北工业大学(地铁站)"},"geometry":{"type":"LineString","coordinates":[[108.895345,34.247817],[108.905446,34.242513]]}},{"type":"Feature","properties":{"shape_id":"{}","direction_id":"{\"1\": 50}","headsign":"{}","duration_avg":180.0,"n_vehicles":50,"d":1800,"route_I_counts":"{\"5\": 50}","source":122,"target":121,"layer":"L","from":"西安西北工业大学(地铁站)","to":"西安丰庆公园(地铁站)"},"geometry":{"type":"LineString","coordinates":[[108.905446,34.242513],[108.895345,34.247817]]}},{"type":"Feature","properties":{"shape_id":"{}","direction_id":"{\"0\": 50}","headsign":"{}","duration_avg":120.0,"n_vehicles":50,"d":1200,"route_I_counts":"{\"5\": 50}","source":122,"target":123,"layer":"L","from":"西安西北工业大学(地铁站)","to":"西安边家村(地铁站)"},"geometry":{"type":"LineString","coordinates":[[108.905446,34.242513],[108.918777,34.242756]]}},{"type":"Feature","properties":{"shape_id":"{}","direction_id":"{\"1\": 50}","headsign":"{}","duration_avg":120.0,"n_vehicles":50,"d":1200,"route_I_counts":"{\"5\": 50}","source":123,"target":122,"layer":"L","from":"西安边家村(地铁站)","to":"西安西北工业大学(地铁站)"},"geometry":{"type":"LineString","coordinates":[[108.918777,34.242756],[108.905446,34.242513]]}},{"type":"Feature","properties":{"shape_id":"{}","direction_id":"{\"0\": 50}","headsign":"{}","duration_avg":120.0,"n_vehicles":50,"d":1200,"route_I_counts":"{\"5\": 50}","source":123,"target":124,"layer":"L","from":"西安边家村(地铁站)","to":"西安省人民医院·黄雁村(地铁站)"},"geometry":{"type":"LineString","coordinates":[[108.918777,34.242756],[108.928649,34.242763]]}},{"type":"Feature","properties":{"shape_id":"{}","direction_id":"{\"1\": 50}","headsign":"{}","duration_avg":120.0,"n_vehicles":50,"d":1200,"route_I_counts":"{\"5\": 50}","source":124,"target":123,"layer":"L","from":"西安省人民医院·黄雁村(地铁站)","to":"西安边家村(地铁站)"},"geometry":{"type":"LineString","coordinates":[[108.928649,34.242763],[108.918777,34.242756]]}},{"type":"Feature","properties":{"shape_id":"{}","direction_id":"{\"0\": 50}","headsign":"{}","duration_avg":120.0,"n_vehicles":50,"d":1200,"route_I_counts":"{\"5\": 50}","source":124,"target":43,"layer":"L","from":"西安省人民医院·黄雁村(地铁站)","to":"西安南稍门(地铁站)"},"geometry":{"type":"LineString","coordinates":[[108.928649,34.242763],[108.942245,34.241965]]}},{"type":"Feature","properties":{"shape_id":"{}","direction_id":"{\"1\": 50}","headsign":"{}","duration_avg":120.0,"n_vehicles":50,"d":1200,"route_I_counts":"{\"5\": 50}","source":43,"target":124,"layer":"L","from":"西安南稍门(地铁站)","to":"西安省人民医院·黄雁村(地铁站)"},"geometry":{"type":"LineString","coordinates":[[108.942245,34.241965],[108.928649,34.242763]]}},{"type":"Feature","properties":{"shape_id":"{}","direction_id":"{\"0\": 50}","headsign":"{}","duration_avg":180.0,"n_vehicles":50,"d":1800,"route_I_counts":"{\"5\": 50}","source":43,"target":125,"layer":"L","from":"西安南稍门(地铁站)","to":"西安文艺路(地铁站)"},"geometry":{"type":"LineString","coordinates":[[108.942245,34.241965],[108.950803,34.242748]]}},{"type":"Feature","properties":{"shape_id":"{}","direction_id":"{\"1\": 50}","headsign":"{}","duration_avg":180.0,"n_vehicles":50,"d":1800,"route_I_counts":"{\"5\": 50}","source":125,"target":43,"layer":"L","from":"西安文艺路(地铁站)","to":"西安南稍门(地铁站)"},"geometry":{"type":"LineString","coordinates":[[108.950803,34.242748],[108.942245,34.241965]]}},{"type":"Feature","properties":{"shape_id":"{}","direction_id":"{\"0\": 50}","headsign":"{}","duration_avg":120.0,"n_vehicles":50,"d":1200,"route_I_counts":"{\"5\": 50}","source":125,"target":92,"layer":"L","from":"西安文艺路(地铁站)","to":"西安建筑科技大学·李家村(地铁站)"},"geometry":{"type":"LineString","coordinates":[[108.950803,34.242748],[108.958866,34.242717]]}},{"type":"Feature","properties":{"shape_id":"{}","direction_id":"{\"1\": 50}","headsign":"{}","duration_avg":120.0,"n_vehicles":50,"d":1200,"route_I_counts":"{\"5\": 50}","source":92,"target":125,"layer":"L","from":"西安建筑科技大学·李家村(地铁站)","to":"西安文艺路(地铁站)"},"geometry":{"type":"LineString","coordinates":[[108.958866,34.242717],[108.950803,34.242748]]}},{"type":"Feature","properties":{"shape_id":"{}","direction_id":"{\"0\": 50}","headsign":"{}","duration_avg":120.0,"n_vehicles":50,"d":1200,"route_I_counts":"{\"5\": 50}","source":92,"target":126,"layer":"L","from":"西安建筑科技大学·李家村(地铁站)","to":"西安太乙路(地铁站)"},"geometry":{"type":"LineString","coordinates":[[108.958866,34.242717],[108.969102,34.24281]]}},{"type":"Feature","properties":{"shape_id":"{}","direction_id":"{\"1\": 50}","headsign":"{}","duration_avg":120.0,"n_vehicles":50,"d":1200,"route_I_counts":"{\"5\": 50}","source":126,"target":92,"layer":"L","from":"西安太乙路(地铁站)","to":"西安建筑科技大学·李家村(地铁站)"},"geometry":{"type":"LineString","coordinates":[[108.969102,34.24281],[108.958866,34.242717]]}},{"type":"Feature","properties":{"shape_id":"{}","direction_id":"{\"0\": 50}","headsign":"{}","duration_avg":180.0,"n_vehicles":50,"d":1800,"route_I_counts":"{\"5\": 50}","source":126,"target":127,"layer":"L","from":"西安太乙路(地铁站)","to":"西安雁翔路北口(地铁站)"},"geometry":{"type":"LineString","coordinates":[[108.969102,34.24281],[108.984454,34.239786]]}},{"type":"Feature","properties":{"shape_id":"{}","direction_id":"{\"1\": 50}","headsign":"{}","duration_avg":180.0,"n_vehicles":50,"d":1800,"route_I_counts":"{\"5\": 50}","source":127,"target":126,"layer":"L","from":"西安雁翔路北口(地铁站)","to":"西安太乙路(地铁站)"},"geometry":{"type":"LineString","coordinates":[[108.984454,34.239786],[108.969102,34.24281]]}},{"type":"Feature","properties":{"shape_id":"{}","direction_id":"{\"0\": 50}","headsign":"{}","duration_avg":120.0,"n_vehicles":50,"d":1200,"route_I_counts":"{\"5\": 50}","source":127,"target":62,"layer":"L","from":"西安雁翔路北口(地铁站)","to":"西安青龙寺(地铁站)"},"geometry":{"type":"LineString","coordinates":[[108.984454,34.239786],[108.989083,34.232289]]}},{"type":"Feature","properties":{"shape_id":"{}","direction_id":"{\"1\": 50}","headsign":"{}","duration_avg":120.0,"n_vehicles":50,"d":1200,"route_I_counts":"{\"5\": 50}","source":62,"target":127,"layer":"L","from":"西安青龙寺(地铁站)","to":"西安雁翔路北口(地铁站)"},"geometry":{"type":"LineString","coordinates":[[108.989083,34.232289],[108.984454,34.239786]]}},{"type":"Feature","properties":{"shape_id":"{}","direction_id":"{\"0\": 50}","headsign":"{}","duration_avg":120.0,"n_vehicles":50,"d":1200,"route_I_counts":"{\"5\": 50}","source":62,"target":128,"layer":"L","from":"西安青龙寺(地铁站)","to":"西安理工大曲江校区(地铁站)"},"geometry":{"type":"LineString","coordinates":[[108.989083,34.232289],[108.99692,34.220197]]}},{"type":"Feature","properties":{"shape_id":"{}","direction_id":"{\"1\": 50}","headsign":"{}","duration_avg":120.0,"n_vehicles":50,"d":1200,"route_I_counts":"{\"5\": 50}","source":128,"target":62,"layer":"L","from":"西安理工大曲江校区(地铁站)","to":"西安青龙寺(地铁站)"},"geometry":{"type":"LineString","coordinates":[[108.99692,34.220197],[108.989083,34.232289]]}},{"type":"Feature","properties":{"shape_id":"{}","direction_id":"{\"0\": 50}","headsign":"{}","duration_avg":180.0,"n_vehicles":50,"d":1800,"route_I_counts":"{\"5\": 50}","source":128,"target":129,"layer":"L","from":"西安理工大曲江校区(地铁站)","to":"西安黄渠头(地铁站)"},"geometry":{"type":"LineString","coordinates":[[108.99692,34.220197],[109.008963,34.21656]]}},{"type":"Feature","properties":{"shape_id":"{}","direction_id":"{\"1\": 50}","headsign":"{}","duration_avg":180.0,"n_vehicles":50,"d":1800,"route_I_counts":"{\"5\": 50}","source":129,"target":128,"layer":"L","from":"西安黄渠头(地铁站)","to":"西安理工大曲江校区(地铁站)"},"geometry":{"type":"LineString","coordinates":[[109.008963,34.21656],[108.99692,34.220197]]}},{"type":"Feature","properties":{"shape_id":"{}","direction_id":"{\"0\": 50}","headsign":"{}","duration_avg":120.0,"n_vehicles":50,"d":1200,"route_I_counts":"{\"5\": 50}","source":129,"target":130,"layer":"L","from":"西安黄渠头(地铁站)","to":"西安马腾空(地铁站)"},"geometry":{"type":"LineString","coordinates":[[109.008963,34.21656],[109.022471,34.220878]]}},{"type":"Feature","properties":{"shape_id":"{}","direction_id":"{\"1\": 50}","headsign":"{}","duration_avg":120.0,"n_vehicles":50,"d":1200,"route_I_counts":"{\"5\": 50}","source":130,"target":129,"layer":"L","from":"西安马腾空(地铁站)","to":"西安黄渠头(地铁站)"},"geometry":{"type":"LineString","coordinates":[[109.022471,34.220878],[109.008963,34.21656]]}},{"type":"Feature","properties":{"shape_id":"{}","direction_id":"{\"0\": 50}","headsign":"{}","duration_avg":120.0,"n_vehicles":50,"d":1200,"route_I_counts":"{\"5\": 50}","source":130,"target":131,"layer":"L","from":"西安马腾空(地铁站)","to":"西安月登阁(地铁站)"},"geometry":{"type":"LineString","coordinates":[[109.022471,34.220878],[109.033438,34.221722]]}},{"type":"Feature","properties":{"shape_id":"{}","direction_id":"{\"1\": 50}","headsign":"{}","duration_avg":120.0,"n_vehicles":50,"d":1200,"route_I_counts":"{\"5\": 50}","source":131,"target":130,"layer":"L","from":"西安月登阁(地铁站)","to":"西安马腾空(地铁站)"},"geometry":{"type":"LineString","coordinates":[[109.033438,34.221722],[109.022471,34.220878]]}},{"type":"Feature","properties":{"shape_id":"{}","direction_id":"{\"0\": 50}","headsign":"{}","duration_avg":120.0,"n_vehicles":50,"d":1200,"route_I_counts":"{\"5\": 50}","source":131,"target":132,"layer":"L","from":"西安月登阁(地铁站)","to":"西安雁鸣湖(地铁站)"},"geometry":{"type":"LineString","coordinates":[[109.033438,34.221722],[109.04593,34.22375]]}},{"type":"Feature","properties":{"shape_id":"{}","direction_id":"{\"1\": 50}","headsign":"{}","duration_avg":120.0,"n_vehicles":50,"d":1200,"route_I_counts":"{\"5\": 50}","source":132,"target":131,"layer":"L","from":"西安雁鸣湖(地铁站)","to":"西安月登阁(地铁站)"},"geometry":{"type":"LineString","coordinates":[[109.04593,34.22375],[109.033438,34.221722]]}},{"type":"Feature","properties":{"shape_id":"{}","direction_id":"{\"0\": 50}","headsign":"{}","duration_avg":120.0,"n_vehicles":50,"d":1200,"route_I_counts":"{\"5\": 50}","source":132,"target":133,"layer":"L","from":"西安雁鸣湖(地铁站)","to":"西安西安东站(地铁站)"},"geometry":{"type":"LineString","coordinates":[[109.04593,34.22375],[109.056123,34.215812]]}},{"type":"Feature","properties":{"shape_id":"{}","direction_id":"{\"1\": 50}","headsign":"{}","duration_avg":120.0,"n_vehicles":50,"d":1200,"route_I_counts":"{\"5\": 50}","source":133,"target":132,"layer":"L","from":"西安西安东站(地铁站)","to":"西安雁鸣湖(地铁站)"},"geometry":{"type":"LineString","coordinates":[[109.056123,34.215812],[109.04593,34.22375]]}},{"type":"Feature","properties":{"shape_id":"{}","direction_id":"{\"0\": 50}","headsign":"{}","duration_avg":120.0,"n_vehicles":50,"d":1200,"route_I_counts":"{\"8\": 50, \"7\": 50}","source":134,"target":130,"layer":"L","from":"西安东等驾坡(地铁站)","to":"西安马腾空(地铁站)"},"geometry":{"type":"LineString","coordinates":[[109.015058,34.230297],[109.022471,34.220878]]}},{"type":"Feature","properties":{"shape_id":"{}","direction_id":"{\"1\": 50}","headsign":"{}","duration_avg":120.0,"n_vehicles":50,"d":1200,"route_I_counts":"{\"8\": 50, \"7\": 50}","source":130,"target":134,"layer":"L","from":"西安马腾空(地铁站)","to":"西安东等驾坡(地铁站)"},"geometry":{"type":"LineString","coordinates":[[109.022471,34.220878],[109.015058,34.230297]]}},{"type":"Feature","properties":{"shape_id":"{}","direction_id":"{\"0\": 50}","headsign":"{}","duration_avg":120.0,"n_vehicles":50,"d":1200,"route_I_counts":"{\"8\": 50, \"7\": 50}","source":130,"target":135,"layer":"L","from":"西安马腾空(地铁站)","to":"西安植物园(地铁站)"},"geometry":{"type":"LineString","coordinates":[[109.022471,34.220878],[109.020466,34.211785]]}},{"type":"Feature","properties":{"shape_id":"{}","direction_id":"{\"1\": 50}","headsign":"{}","duration_avg":120.0,"n_vehicles":50,"d":1200,"route_I_counts":"{\"8\": 50, \"7\": 50}","source":135,"target":130,"layer":"L","from":"西安植物园(地铁站)","to":"西安马腾空(地铁站)"},"geometry":{"type":"LineString","coordinates":[[109.020466,34.211785],[109.022471,34.220878]]}},{"type":"Feature","properties":{"shape_id":"{}","direction_id":"{\"0\": 50}","headsign":"{}","duration_avg":120.0,"n_vehicles":50,"d":1200,"route_I_counts":"{\"8\": 50, \"7\": 50}","source":135,"target":136,"layer":"L","from":"西安植物园(地铁站)","to":"西安缪家寨(地铁站)"},"geometry":{"type":"LineString","coordinates":[[109.020466,34.211785],[109.008606,34.209408]]}},{"type":"Feature","properties":{"shape_id":"{}","direction_id":"{\"1\": 50}","headsign":"{}","duration_avg":120.0,"n_vehicles":50,"d":1200,"route_I_counts":"{\"8\": 50, \"7\": 50}","source":136,"target":135,"layer":"L","from":"西安缪家寨(地铁站)","to":"西安植物园(地铁站)"},"geometry":{"type":"LineString","coordinates":[[109.008606,34.209408],[109.020466,34.211785]]}},{"type":"Feature","properties":{"shape_id":"{}","direction_id":"{\"0\": 50}","headsign":"{}","duration_avg":180.0,"n_vehicles":50,"d":1800,"route_I_counts":"{\"8\": 50, \"7\": 50}","source":136,"target":137,"layer":"L","from":"西安缪家寨(地铁站)","to":"西安新开门(地铁站)"},"geometry":{"type":"LineString","coordinates":[[109.008606,34.209408],[108.994247,34.20155]]}},{"type":"Feature","properties":{"shape_id":"{}","direction_id":"{\"1\": 50}","headsign":"{}","duration_avg":180.0,"n_vehicles":50,"d":1800,"route_I_counts":"{\"8\": 50, \"7\": 50}","source":137,"target":136,"layer":"L","from":"西安新开门(地铁站)","to":"西安缪家寨(地铁站)"},"geometry":{"type":"LineString","coordinates":[[108.994247,34.20155],[109.008606,34.209408]]}},{"type":"Feature","properties":{"shape_id":"{}","direction_id":"{\"0\": 50}","headsign":"{}","duration_avg":120.0,"n_vehicles":50,"d":1200,"route_I_counts":"{\"8\": 50, \"7\": 50}","source":137,"target":138,"layer":"L","from":"西安新开门(地铁站)","to":"西安寒窑(地铁站)"},"geometry":{"type":"LineString","coordinates":[[108.994247,34.20155],[108.984405,34.20155]]}},{"type":"Feature","properties":{"shape_id":"{}","direction_id":"{\"1\": 50}","headsign":"{}","duration_avg":120.0,"n_vehicles":50,"d":1200,"route_I_counts":"{\"8\": 50, \"7\": 50}","source":138,"target":137,"layer":"L","from":"西安寒窑(地铁站)","to":"西安新开门(地铁站)"},"geometry":{"type":"LineString","coordinates":[[108.984405,34.20155],[108.994247,34.20155]]}},{"type":"Feature","properties":{"shape_id":"{}","direction_id":"{\"0\": 50}","headsign":"{}","duration_avg":120.0,"n_vehicles":50,"d":1200,"route_I_counts":"{\"8\": 50, \"7\": 50}","source":138,"target":95,"layer":"L","from":"西安寒窑(地铁站)","to":"西安曲江池西(地铁站)"},"geometry":{"type":"LineString","coordinates":[[108.984405,34.20155],[108.970259,34.198865]]}},{"type":"Feature","properties":{"shape_id":"{}","direction_id":"{\"1\": 50}","headsign":"{}","duration_avg":120.0,"n_vehicles":50,"d":1200,"route_I_counts":"{\"8\": 50, \"7\": 50}","source":95,"target":138,"layer":"L","from":"西安曲江池西(地铁站)","to":"西安寒窑(地铁站)"},"geometry":{"type":"LineString","coordinates":[[108.970259,34.198865],[108.984405,34.20155]]}},{"type":"Feature","properties":{"shape_id":"{}","direction_id":"{\"0\": 50}","headsign":"{}","duration_avg":120.0,"n_vehicles":50,"d":1200,"route_I_counts":"{\"8\": 50, \"7\": 50}","source":95,"target":139,"layer":"L","from":"西安曲江池西(地铁站)","to":"西安大唐不夜城(地铁站)"},"geometry":{"type":"LineString","coordinates":[[108.970259,34.198865],[108.959077,34.198466]]}},{"type":"Feature","properties":{"shape_id":"{}","direction_id":"{\"1\": 50}","headsign":"{}","duration_avg":120.0,"n_vehicles":50,"d":1200,"route_I_counts":"{\"8\": 50, \"7\": 50}","source":139,"target":95,"layer":"L","from":"西安大唐不夜城(地铁站)","to":"西安曲江池西(地铁站)"},"geometry":{"type":"LineString","coordinates":[[108.959077,34.198466],[108.970259,34.198865]]}},{"type":"Feature","properties":{"shape_id":"{}","direction_id":"{\"0\": 50}","headsign":"{}","duration_avg":180.0,"n_vehicles":50,"d":1800,"route_I_counts":"{\"8\": 50, \"7\": 50}","source":139,"target":47,"layer":"L","from":"西安大唐不夜城(地铁站)","to":"西安电视塔(地铁站)"},"geometry":{"type":"LineString","coordinates":[[108.959077,34.198466],[108.942779,34.199682]]}},{"type":"Feature","properties":{"shape_id":"{}","direction_id":"{\"1\": 50}","headsign":"{}","duration_avg":180.0,"n_vehicles":50,"d":1800,"route_I_counts":"{\"8\": 50, \"7\": 50}","source":47,"target":139,"layer":"L","from":"西安电视塔(地铁站)","to":"西安大唐不夜城(地铁站)"},"geometry":{"type":"LineString","coordinates":[[108.942779,34.199682],[108.959077,34.198466]]}},{"type":"Feature","properties":{"shape_id":"{}","direction_id":"{\"0\": 50}","headsign":"{}","duration_avg":180.0,"n_vehicles":50,"d":1800,"route_I_counts":"{\"8\": 50, \"7\": 50}","source":47,"target":140,"layer":"L","from":"西安电视塔(地铁站)","to":"西安东仪路(地铁站)"},"geometry":{"type":"LineString","coordinates":[[108.942779,34.199682],[108.923728,34.200054]]}},{"type":"Feature","properties":{"shape_id":"{}","direction_id":"{\"1\": 50}","headsign":"{}","duration_avg":180.0,"n_vehicles":50,"d":1800,"route_I_counts":"{\"8\": 50, \"7\": 50}","source":140,"target":47,"layer":"L","from":"西安东仪路(地铁站)","to":"西安电视塔(地铁站)"},"geometry":{"type":"LineString","coordinates":[[108.923728,34.200054],[108.942779,34.199682]]}},{"type":"Feature","properties":{"shape_id":"{}","direction_id":"{\"0\": 50}","headsign":"{}","duration_avg":120.0,"n_vehicles":50,"d":1200,"route_I_counts":"{\"8\": 50, \"7\": 50}","source":140,"target":141,"layer":"L","from":"西安东仪路(地铁站)","to":"西安安化门(地铁站)"},"geometry":{"type":"LineString","coordinates":[[108.923728,34.200054],[108.914795,34.199993]]}},{"type":"Feature","properties":{"shape_id":"{}","direction_id":"{\"1\": 50}","headsign":"{}","duration_avg":120.0,"n_vehicles":50,"d":1200,"route_I_counts":"{\"8\": 50, \"7\": 50}","source":141,"target":140,"layer":"L","from":"西安安化门(地铁站)","to":"西安东仪路(地铁站)"},"geometry":{"type":"LineString","coordinates":[[108.914795,34.199993],[108.923728,34.200054]]}},{"type":"Feature","properties":{"shape_id":"{}","direction_id":"{\"0\": 50}","headsign":"{}","duration_avg":120.0,"n_vehicles":50,"d":1200,"route_I_counts":"{\"8\": 50, \"7\": 50}","source":141,"target":142,"layer":"L","from":"西安安化门(地铁站)","to":"西安山门口(地铁站)"},"geometry":{"type":"LineString","coordinates":[[108.914795,34.199993],[108.900703,34.200014]]}},{"type":"Feature","properties":{"shape_id":"{}","direction_id":"{\"1\": 50}","headsign":"{}","duration_avg":120.0,"n_vehicles":50,"d":1200,"route_I_counts":"{\"8\": 50, \"7\": 50}","source":142,"target":141,"layer":"L","from":"西安山门口(地铁站)","to":"西安安化门(地铁站)"},"geometry":{"type":"LineString","coordinates":[[108.900703,34.200014],[108.914795,34.199993]]}},{"type":"Feature","properties":{"shape_id":"{}","direction_id":"{\"0\": 50}","headsign":"{}","duration_avg":180.0,"n_vehicles":50,"d":1800,"route_I_counts":"{\"8\": 50, \"7\": 50}","source":142,"target":143,"layer":"L","from":"西安山门口(地铁站)","to":"西安省体育馆(地铁站)"},"geometry":{"type":"LineString","coordinates":[[108.900703,34.200014],[108.885152,34.204634]]}},{"type":"Feature","properties":{"shape_id":"{}","direction_id":"{\"1\": 50}","headsign":"{}","duration_avg":180.0,"n_vehicles":50,"d":1800,"route_I_counts":"{\"8\": 50, \"7\": 50}","source":143,"target":142,"layer":"L","from":"西安省体育馆(地铁站)","to":"西安山门口(地铁站)"},"geometry":{"type":"LineString","coordinates":[[108.885152,34.204634],[108.900703,34.200014]]}},{"type":"Feature","properties":{"shape_id":"{}","direction_id":"{\"0\": 50}","headsign":"{}","duration_avg":120.0,"n_vehicles":50,"d":1200,"route_I_counts":"{\"8\": 50, \"7\": 50}","source":143,"target":144,"layer":"L","from":"西安省体育馆(地铁站)","to":"西安木塔寺西(地铁站)"},"geometry":{"type":"LineString","coordinates":[[108.885152,34.204634],[108.885195,34.213886]]}},{"type":"Feature","properties":{"shape_id":"{}","direction_id":"{\"1\": 50}","headsign":"{}","duration_avg":120.0,"n_vehicles":50,"d":1200,"route_I_counts":"{\"8\": 50, \"7\": 50}","source":144,"target":143,"layer":"L","from":"西安木塔寺西(地铁站)","to":"西安省体育馆(地铁站)"},"geometry":{"type":"LineString","coordinates":[[108.885195,34.213886],[108.885152,34.204634]]}},{"type":"Feature","properties":{"shape_id":"{}","direction_id":"{\"0\": 50}","headsign":"{}","duration_avg":180.0,"n_vehicles":50,"d":1800,"route_I_counts":"{\"8\": 50, \"7\": 50}","source":144,"target":145,"layer":"L","from":"西安木塔寺西(地铁站)","to":"西安科技二路(地铁站)"},"geometry":{"type":"LineString","coordinates":[[108.885195,34.213886],[108.885156,34.227296]]}},{"type":"Feature","properties":{"shape_id":"{}","direction_id":"{\"1\": 50}","headsign":"{}","duration_avg":180.0,"n_vehicles":50,"d":1800,"route_I_counts":"{\"8\": 50, \"7\": 50}","source":145,"target":144,"layer":"L","from":"西安科技二路(地铁站)","to":"西安木塔寺西(地铁站)"},"geometry":{"type":"LineString","coordinates":[[108.885156,34.227296],[108.885195,34.213886]]}},{"type":"Feature","properties":{"shape_id":"{}","direction_id":"{\"0\": 50}","headsign":"{}","duration_avg":120.0,"n_vehicles":50,"d":1200,"route_I_counts":"{\"8\": 50, \"7\": 50}","source":145,"target":56,"layer":"L","from":"西安科技二路(地铁站)","to":"西安延平门(地铁站)"},"geometry":{"type":"LineString","coordinates":[[108.885156,34.227296],[108.882633,34.238827]]}},{"type":"Feature","properties":{"shape_id":"{}","direction_id":"{\"1\": 50}","headsign":"{}","duration_avg":120.0,"n_vehicles":50,"d":1200,"route_I_counts":"{\"8\": 50, \"7\": 50}","source":56,"target":145,"layer":"L","from":"西安延平门(地铁站)","to":"西安科技二路(地铁站)"},"geometry":{"type":"LineString","coordinates":[[108.882633,34.238827],[108.885156,34.227296]]}},{"type":"Feature","properties":{"shape_id":"{}","direction_id":"{\"0\": 50}","headsign":"{}","duration_avg":180.0,"n_vehicles":50,"d":1800,"route_I_counts":"{\"8\": 50, \"7\": 50}","source":56,"target":120,"layer":"L","from":"西安延平门(地铁站)","to":"西安金光门(地铁站)"},"geometry":{"type":"LineString","coordinates":[[108.882633,34.238827],[108.884173,34.253951]]}},{"type":"Feature","properties":{"shape_id":"{}","direction_id":"{\"1\": 50}","headsign":"{}","duration_avg":180.0,"n_vehicles":50,"d":1800,"route_I_counts":"{\"8\": 50, \"7\": 50}","source":120,"target":56,"layer":"L","from":"西安金光门(地铁站)","to":"西安延平门(地铁站)"},"geometry":{"type":"LineString","coordinates":[[108.884173,34.253951],[108.882633,34.238827]]}},{"type":"Feature","properties":{"shape_id":"{}","direction_id":"{\"0\": 50}","headsign":"{}","duration_avg":120.0,"n_vehicles":50,"d":1200,"route_I_counts":"{\"8\": 50, \"7\": 50}","source":120,"target":146,"layer":"L","from":"西安金光门(地铁站)","to":"西安土门(地铁站)"},"geometry":{"type":"LineString","coordinates":[[108.884173,34.253951],[108.885088,34.260947]]}},{"type":"Feature","properties":{"shape_id":"{}","direction_id":"{\"1\": 50}","headsign":"{}","duration_avg":120.0,"n_vehicles":50,"d":1200,"route_I_counts":"{\"8\": 50, \"7\": 50}","source":146,"target":120,"layer":"L","from":"西安土门(地铁站)","to":"西安金光门(地铁站)"},"geometry":{"type":"LineString","coordinates":[[108.885088,34.260947],[108.884173,34.253951]]}},{"type":"Feature","properties":{"shape_id":"{}","direction_id":"{\"0\": 50}","headsign":"{}","duration_avg":180.0,"n_vehicles":50,"d":1800,"route_I_counts":"{\"8\": 50, \"7\": 50}","source":146,"target":16,"layer":"L","from":"西安土门(地铁站)","to":"西安开远门(地铁站)"},"geometry":{"type":"LineString","coordinates":[[108.885088,34.260947],[108.887884,34.270982]]}},{"type":"Feature","properties":{"shape_id":"{}","direction_id":"{\"1\": 50}","headsign":"{}","duration_avg":180.0,"n_vehicles":50,"d":1800,"route_I_counts":"{\"8\": 50, \"7\": 50}","source":16,"target":146,"layer":"L","from":"西安开远门(地铁站)","to":"西安土门(地铁站)"},"geometry":{"type":"LineString","coordinates":[[108.887884,34.270982],[108.885088,34.260947]]}},{"type":"Feature","properties":{"shape_id":"{}","direction_id":"{\"0\": 50}","headsign":"{}","duration_avg":120.0,"n_vehicles":50,"d":1200,"route_I_counts":"{\"8\": 50, \"7\": 50}","source":16,"target":147,"layer":"L","from":"西安开远门(地铁站)","to":"西安白家口(地铁站)"},"geometry":{"type":"LineString","coordinates":[[108.887884,34.270982],[108.886789,34.283381]]}},{"type":"Feature","properties":{"shape_id":"{}","direction_id":"{\"1\": 50}","headsign":"{}","duration_avg":120.0,"n_vehicles":50,"d":1200,"route_I_counts":"{\"8\": 50, \"7\": 50}","source":147,"target":16,"layer":"L","from":"西安白家口(地铁站)","to":"西安开远门(地铁站)"},"geometry":{"type":"LineString","coordinates":[[108.886789,34.283381],[108.887884,34.270982]]}},{"type":"Feature","properties":{"shape_id":"{}","direction_id":"{\"0\": 50}","headsign":"{}","duration_avg":120.0,"n_vehicles":50,"d":1200,"route_I_counts":"{\"8\": 50, \"7\": 50}","source":147,"target":148,"layer":"L","from":"西安白家口(地铁站)","to":"西安光化门(地铁站)"},"geometry":{"type":"LineString","coordinates":[[108.886789,34.283381],[108.897868,34.288034]]}},{"type":"Feature","properties":{"shape_id":"{}","direction_id":"{\"1\": 50}","headsign":"{}","duration_avg":120.0,"n_vehicles":50,"d":1200,"route_I_counts":"{\"8\": 50, \"7\": 50}","source":148,"target":147,"layer":"L","from":"西安光化门(地铁站)","to":"西安白家口(地铁站)"},"geometry":{"type":"LineString","coordinates":[[108.897868,34.288034],[108.886789,34.283381]]}},{"type":"Feature","properties":{"shape_id":"{}","direction_id":"{\"0\": 50}","headsign":"{}","duration_avg":120.0,"n_vehicles":50,"d":1200,"route_I_counts":"{\"8\": 50, \"7\": 50}","source":148,"target":149,"layer":"L","from":"西安光化门(地铁站)","to":"西安景曜门(地铁站)"},"geometry":{"type":"LineString","coordinates":[[108.897868,34.288034],[108.908646,34.286462]]}},{"type":"Feature","properties":{"shape_id":"{}","direction_id":"{\"1\": 50}","headsign":"{}","duration_avg":120.0,"n_vehicles":50,"d":1200,"route_I_counts":"{\"8\": 50, \"7\": 50}","source":149,"target":148,"layer":"L","from":"西安景曜门(地铁站)","to":"西安光化门(地铁站)"},"geometry":{"type":"LineString","coordinates":[[108.908646,34.286462],[108.897868,34.288034]]}},{"type":"Feature","properties":{"shape_id":"{}","direction_id":"{\"0\": 50}","headsign":"{}","duration_avg":180.0,"n_vehicles":50,"d":1800,"route_I_counts":"{\"8\": 50, \"7\": 50}","source":149,"target":150,"layer":"L","from":"西安景曜门(地铁站)","to":"西安红庙坡(地铁站)"},"geometry":{"type":"LineString","coordinates":[[108.908646,34.286462],[108.917633,34.291907]]}},{"type":"Feature","properties":{"shape_id":"{}","direction_id":"{\"1\": 50}","headsign":"{}","duration_avg":180.0,"n_vehicles":50,"d":1800,"route_I_counts":"{\"8\": 50, \"7\": 50}","source":150,"target":149,"layer":"L","from":"西安红庙坡(地铁站)","to":"西安景曜门(地铁站)"},"geometry":{"type":"LineString","coordinates":[[108.917633,34.291907],[108.908646,34.286462]]}},{"type":"Feature","properties":{"shape_id":"{}","direction_id":"{\"0\": 50}","headsign":"{}","duration_avg":120.0,"n_vehicles":50,"d":1200,"route_I_counts":"{\"8\": 50, \"7\": 50}","source":150,"target":151,"layer":"L","from":"西安红庙坡(地铁站)","to":"西安大风阁(地铁站)"},"geometry":{"type":"LineString","coordinates":[[108.917633,34.291907],[108.918535,34.303882]]}},{"type":"Feature","properties":{"shape_id":"{}","direction_id":"{\"1\": 50}","headsign":"{}","duration_avg":120.0,"n_vehicles":50,"d":1200,"route_I_counts":"{\"8\": 50, \"7\": 50}","source":151,"target":150,"layer":"L","from":"西安大风阁(地铁站)","to":"西安红庙坡(地铁站)"},"geometry":{"type":"LineString","coordinates":[[108.918535,34.303882],[108.917633,34.291907]]}},{"type":"Feature","properties":{"shape_id":"{}","direction_id":"{\"0\": 50}","headsign":"{}","duration_avg":240.0,"n_vehicles":50,"d":2400,"route_I_counts":"{\"8\": 50, \"7\": 50}","source":151,"target":152,"layer":"L","from":"西安大风阁(地铁站)","to":"西安霸城门(地铁站)"},"geometry":{"type":"LineString","coordinates":[[108.918535,34.303882],[108.925125,34.319442]]}},{"type":"Feature","properties":{"shape_id":"{}","direction_id":"{\"1\": 50}","headsign":"{}","duration_avg":240.0,"n_vehicles":50,"d":2400,"route_I_counts":"{\"8\": 50, \"7\": 50}","source":152,"target":151,"layer":"L","from":"西安霸城门(地铁站)","to":"西安大风阁(地铁站)"},"geometry":{"type":"LineString","coordinates":[[108.925125,34.319442],[108.918535,34.303882]]}},{"type":"Feature","properties":{"shape_id":"{}","direction_id":"{\"0\": 50}","headsign":"{}","duration_avg":180.0,"n_vehicles":50,"d":1800,"route_I_counts":"{\"8\": 50, \"7\": 50}","source":152,"target":37,"layer":"L","from":"西安霸城门(地铁站)","to":"西安市图书馆(地铁站)"},"geometry":{"type":"LineString","coordinates":[[108.925125,34.319442],[108.942673,34.319365]]}},{"type":"Feature","properties":{"shape_id":"{}","direction_id":"{\"1\": 50}","headsign":"{}","duration_avg":180.0,"n_vehicles":50,"d":1800,"route_I_counts":"{\"8\": 50, \"7\": 50}","source":37,"target":152,"layer":"L","from":"西安市图书馆(地铁站)","to":"西安霸城门(地铁站)"},"geometry":{"type":"LineString","coordinates":[[108.942673,34.319365],[108.925125,34.319442]]}},{"type":"Feature","properties":{"shape_id":"{}","direction_id":"{\"0\": 50}","headsign":"{}","duration_avg":120.0,"n_vehicles":50,"d":1200,"route_I_counts":"{\"8\": 50, \"7\": 50}","source":37,"target":153,"layer":"L","from":"西安市图书馆(地铁站)","to":"西安市第三医院(地铁站)"},"geometry":{"type":"LineString","coordinates":[[108.942673,34.319365],[108.955615,34.319394]]}},{"type":"Feature","properties":{"shape_id":"{}","direction_id":"{\"1\": 50}","headsign":"{}","duration_avg":120.0,"n_vehicles":50,"d":1200,"route_I_counts":"{\"8\": 50, \"7\": 50}","source":153,"target":37,"layer":"L","from":"西安市第三医院(地铁站)","to":"西安市图书馆(地铁站)"},"geometry":{"type":"LineString","coordinates":[[108.955615,34.319394],[108.942673,34.319365]]}},{"type":"Feature","properties":{"shape_id":"{}","direction_id":"{\"0\": 50}","headsign":"{}","duration_avg":180.0,"n_vehicles":50,"d":1800,"route_I_counts":"{\"8\": 50, \"7\": 50}","source":153,"target":85,"layer":"L","from":"西安市第三医院(地铁站)","to":"西安余家寨(地铁站)"},"geometry":{"type":"LineString","coordinates":[[108.955615,34.319394],[108.966844,34.320135]]}},{"type":"Feature","properties":{"shape_id":"{}","direction_id":"{\"1\": 50}","headsign":"{}","duration_avg":180.0,"n_vehicles":50,"d":1800,"route_I_counts":"{\"8\": 50, \"7\": 50}","source":85,"target":153,"layer":"L","from":"西安余家寨(地铁站)","to":"西安市第三医院(地铁站)"},"geometry":{"type":"LineString","coordinates":[[108.966844,34.320135],[108.955615,34.319394]]}},{"type":"Feature","properties":{"shape_id":"{}","direction_id":"{\"0\": 50}","headsign":"{}","duration_avg":120.0,"n_vehicles":50,"d":1200,"route_I_counts":"{\"8\": 50, \"7\": 50}","source":85,"target":154,"layer":"L","from":"西安余家寨(地铁站)","to":"西安井上村(地铁站)"},"geometry":{"type":"LineString","coordinates":[[108.966844,34.320135],[108.978383,34.318623]]}},{"type":"Feature","properties":{"shape_id":"{}","direction_id":"{\"1\": 50}","headsign":"{}","duration_avg":120.0,"n_vehicles":50,"d":1200,"route_I_counts":"{\"8\": 50, \"7\": 50}","source":154,"target":85,"layer":"L","from":"西安井上村(地铁站)","to":"西安余家寨(地铁站)"},"geometry":{"type":"LineString","coordinates":[[108.978383,34.318623],[108.966844,34.320135]]}},{"type":"Feature","properties":{"shape_id":"{}","direction_id":"{\"0\": 50}","headsign":"{}","duration_avg":180.0,"n_vehicles":50,"d":1800,"route_I_counts":"{\"8\": 50, \"7\": 50}","source":154,"target":155,"layer":"L","from":"西安井上村(地铁站)","to":"西安北辰东路(地铁站)"},"geometry":{"type":"LineString","coordinates":[[108.978383,34.318623],[108.997888,34.318629]]}},{"type":"Feature","properties":{"shape_id":"{}","direction_id":"{\"1\": 50}","headsign":"{}","duration_avg":180.0,"n_vehicles":50,"d":1800,"route_I_counts":"{\"8\": 50, \"7\": 50}","source":155,"target":154,"layer":"L","from":"西安北辰东路(地铁站)","to":"西安井上村(地铁站)"},"geometry":{"type":"LineString","coordinates":[[108.997888,34.318629],[108.978383,34.318623]]}},{"type":"Feature","properties":{"shape_id":"{}","direction_id":"{\"0\": 50}","headsign":"{}","duration_avg":180.0,"n_vehicles":50,"d":1800,"route_I_counts":"{\"8\": 50, \"7\": 50}","source":155,"target":69,"layer":"L","from":"西安北辰东路(地铁站)","to":"西安广泰门(地铁站)"},"geometry":{"type":"LineString","coordinates":[[108.997888,34.318629],[109.008288,34.312216]]}},{"type":"Feature","properties":{"shape_id":"{}","direction_id":"{\"1\": 50}","headsign":"{}","duration_avg":180.0,"n_vehicles":50,"d":1800,"route_I_counts":"{\"8\": 50, \"7\": 50}","source":69,"target":155,"layer":"L","from":"西安广泰门(地铁站)","to":"西安北辰东路(地铁站)"},"geometry":{"type":"LineString","coordinates":[[109.008288,34.312216],[108.997888,34.318629]]}},{"type":"Feature","properties":{"shape_id":"{}","direction_id":"{\"0\": 50}","headsign":"{}","duration_avg":120.0,"n_vehicles":50,"d":1200,"route_I_counts":"{\"8\": 50, \"7\": 50}","source":69,"target":156,"layer":"L","from":"西安广泰门(地铁站)","to":"西安米家崖(地铁站)"},"geometry":{"type":"LineString","coordinates":[[109.008288,34.312216],[109.010411,34.303891]]}},{"type":"Feature","properties":{"shape_id":"{}","direction_id":"{\"1\": 50}","headsign":"{}","duration_avg":120.0,"n_vehicles":50,"d":1200,"route_I_counts":"{\"8\": 50, \"7\": 50}","source":156,"target":69,"layer":"L","from":"西安米家崖(地铁站)","to":"西安广泰门(地铁站)"},"geometry":{"type":"LineString","coordinates":[[109.010411,34.303891],[109.008288,34.312216]]}},{"type":"Feature","properties":{"shape_id":"{}","direction_id":"{\"0\": 50}","headsign":"{}","duration_avg":180.0,"n_vehicles":50,"d":1800,"route_I_counts":"{\"8\": 50, \"7\": 50}","source":156,"target":157,"layer":"L","from":"西安米家崖(地铁站)","to":"西安幸福林带北(地铁站)"},"geometry":{"type":"LineString","coordinates":[[109.010411,34.303891],[109.009479,34.283812]]}},{"type":"Feature","properties":{"shape_id":"{}","direction_id":"{\"1\": 50}","headsign":"{}","duration_avg":180.0,"n_vehicles":50,"d":1800,"route_I_counts":"{\"8\": 50, \"7\": 50}","source":157,"target":156,"layer":"L","from":"西安幸福林带北(地铁站)","to":"西安米家崖(地铁站)"},"geometry":{"type":"LineString","coordinates":[[109.009479,34.283812],[109.010411,34.303891]]}},{"type":"Feature","properties":{"shape_id":"{}","direction_id":"{\"0\": 50}","headsign":"{}","duration_avg":120.0,"n_vehicles":50,"d":1200,"route_I_counts":"{\"8\": 50, \"7\": 50}","source":157,"target":25,"layer":"L","from":"西安幸福林带北(地铁站)","to":"西安万寿路(地铁站)"},"geometry":{"type":"LineString","coordinates":[[109.009479,34.283812],[109.008126,34.270991]]}},{"type":"Feature","properties":{"shape_id":"{}","direction_id":"{\"1\": 50}","headsign":"{}","duration_avg":120.0,"n_vehicles":50,"d":1200,"route_I_counts":"{\"8\": 50, \"7\": 50}","source":25,"target":157,"layer":"L","from":"西安万寿路(地铁站)","to":"西安幸福林带北(地铁站)"},"geometry":{"type":"LineString","coordinates":[[109.008126,34.270991],[109.009479,34.283812]]}},{"type":"Feature","properties":{"shape_id":"{}","direction_id":"{\"0\": 50}","headsign":"{}","duration_avg":120.0,"n_vehicles":50,"d":1200,"route_I_counts":"{\"8\": 50, \"7\": 50}","source":25,"target":158,"layer":"L","from":"西安万寿路(地铁站)","to":"西安韩森寨(地铁站)"},"geometry":{"type":"LineString","coordinates":[[109.008126,34.270991],[109.009334,34.260504]]}},{"type":"Feature","properties":{"shape_id":"{}","direction_id":"{\"1\": 50}","headsign":"{}","duration_avg":120.0,"n_vehicles":50,"d":1200,"route_I_counts":"{\"8\": 50, \"7\": 50}","source":158,"target":25,"layer":"L","from":"西安韩森寨(地铁站)","to":"西安万寿路(地铁站)"},"geometry":{"type":"LineString","coordinates":[[109.009334,34.260504],[109.008126,34.270991]]}},{"type":"Feature","properties":{"shape_id":"{}","direction_id":"{\"0\": 50}","headsign":"{}","duration_avg":120.0,"n_vehicles":50,"d":1200,"route_I_counts":"{\"8\": 50, \"7\": 50}","source":158,"target":159,"layer":"L","from":"西安韩森寨(地铁站)","to":"西安万寿南路(地铁站)"},"geometry":{"type":"LineString","coordinates":[[109.009334,34.260504],[109.00944,34.252587]]}},{"type":"Feature","properties":{"shape_id":"{}","direction_id":"{\"1\": 50}","headsign":"{}","duration_avg":120.0,"n_vehicles":50,"d":1200,"route_I_counts":"{\"8\": 50, \"7\": 50}","source":159,"target":158,"layer":"L","from":"西安万寿南路(地铁站)","to":"西安韩森寨(地铁站)"},"geometry":{"type":"LineString","coordinates":[[109.00944,34.252587],[109.009334,34.260504]]}},{"type":"Feature","properties":{"shape_id":"{}","direction_id":"{\"0\": 50}","headsign":"{}","duration_avg":120.0,"n_vehicles":50,"d":1200,"route_I_counts":"{\"8\": 50, \"7\": 50}","source":159,"target":160,"layer":"L","from":"西安万寿南路(地铁站)","to":"西安西等驾坡(地铁站)"},"geometry":{"type":"LineString","coordinates":[[109.00944,34.252587],[109.009414,34.242656]]}},{"type":"Feature","properties":{"shape_id":"{}","direction_id":"{\"1\": 50}","headsign":"{}","duration_avg":120.0,"n_vehicles":50,"d":1200,"route_I_counts":"{\"8\": 50, \"7\": 50}","source":160,"target":159,"layer":"L","from":"西安西等驾坡(地铁站)","to":"西安万寿南路(地铁站)"},"geometry":{"type":"LineString","coordinates":[[109.009414,34.242656],[109.00944,34.252587]]}},{"type":"Feature","properties":{"shape_id":"{}","direction_id":"{\"0\": 50}","headsign":"{}","duration_avg":180.0,"n_vehicles":50,"d":1800,"route_I_counts":"{\"8\": 50, \"7\": 50}","source":160,"target":134,"layer":"L","from":"西安西等驾坡(地铁站)","to":"西安东等驾坡(地铁站)"},"geometry":{"type":"LineString","coordinates":[[109.009414,34.242656],[109.015058,34.230297]]}},{"type":"Feature","properties":{"shape_id":"{}","direction_id":"{\"1\": 50}","headsign":"{}","duration_avg":180.0,"n_vehicles":50,"d":1800,"route_I_counts":"{\"8\": 50, \"7\": 50}","source":134,"target":160,"layer":"L","from":"西安东等驾坡(地铁站)","to":"西安西等驾坡(地铁站)"},"geometry":{"type":"LineString","coordinates":[[109.015058,34.230297],[109.009414,34.242656]]}},{"type":"Feature","properties":{"shape_id":"{}","direction_id":"{\"0\": 50}","headsign":"{}","duration_avg":180.0,"n_vehicles":50,"d":1800,"route_I_counts":"{\"9\": 50}","source":29,"target":161,"layer":"L","from":"西安纺织城(地铁站)","to":"西安香王(地铁站)"},"geometry":{"type":"LineString","coordinates":[[109.064628,34.280726],[109.091916,34.276572]]}},{"type":"Feature","properties":{"shape_id":"{}","direction_id":"{\"1\": 50}","headsign":"{}","duration_avg":180.0,"n_vehicles":50,"d":1800,"route_I_counts":"{\"9\": 50}","source":161,"target":29,"layer":"L","from":"西安香王(地铁站)","to":"西安纺织城(地铁站)"},"geometry":{"type":"LineString","coordinates":[[109.091916,34.276572],[109.064628,34.280726]]}},{"type":"Feature","properties":{"shape_id":"{}","direction_id":"{\"0\": 50}","headsign":"{}","duration_avg":180.0,"n_vehicles":50,"d":1800,"route_I_counts":"{\"9\": 50}","source":161,"target":162,"layer":"L","from":"西安香王(地铁站)","to":"西安灞柳二路(地铁站)"},"geometry":{"type":"LineString","coordinates":[[109.091916,34.276572],[109.109861,34.281964]]}},{"type":"Feature","properties":{"shape_id":"{}","direction_id":"{\"1\": 50}","headsign":"{}","duration_avg":180.0,"n_vehicles":50,"d":1800,"route_I_counts":"{\"9\": 50}","source":162,"target":161,"layer":"L","from":"西安灞柳二路(地铁站)","to":"西安香王(地铁站)"},"geometry":{"type":"LineString","coordinates":[[109.109861,34.281964],[109.091916,34.276572]]}},{"type":"Feature","properties":{"shape_id":"{}","direction_id":"{\"0\": 50}","headsign":"{}","duration_avg":180.0,"n_vehicles":50,"d":1800,"route_I_counts":"{\"9\": 50}","source":162,"target":163,"layer":"L","from":"西安灞柳二路(地铁站)","to":"西安田王(地铁站)"},"geometry":{"type":"LineString","coordinates":[[109.109861,34.281964],[109.112536,34.297987]]}},{"type":"Feature","properties":{"shape_id":"{}","direction_id":"{\"1\": 50}","headsign":"{}","duration_avg":180.0,"n_vehicles":50,"d":1800,"route_I_counts":"{\"9\": 50}","source":163,"target":162,"layer":"L","from":"西安田王(地铁站)","to":"西安灞柳二路(地铁站)"},"geometry":{"type":"LineString","coordinates":[[109.112536,34.297987],[109.109861,34.281964]]}},{"type":"Feature","properties":{"shape_id":"{}","direction_id":"{\"0\": 50}","headsign":"{}","duration_avg":180.0,"n_vehicles":50,"d":1800,"route_I_counts":"{\"9\": 50}","source":163,"target":164,"layer":"L","from":"西安田王(地铁站)","to":"西安洪庆(地铁站)"},"geometry":{"type":"LineString","coordinates":[[109.112536,34.297987],[109.112534,34.318004]]}},{"type":"Feature","properties":{"shape_id":"{}","direction_id":"{\"1\": 50}","headsign":"{}","duration_avg":180.0,"n_vehicles":50,"d":1800,"route_I_counts":"{\"9\": 50}","source":164,"target":163,"layer":"L","from":"西安洪庆(地铁站)","to":"西安田王(地铁站)"},"geometry":{"type":"LineString","coordinates":[[109.112534,34.318004],[109.112536,34.297987]]}},{"type":"Feature","properties":{"shape_id":"{}","direction_id":"{\"0\": 50}","headsign":"{}","duration_avg":180.0,"n_vehicles":50,"d":1800,"route_I_counts":"{\"9\": 50}","source":164,"target":165,"layer":"L","from":"西安洪庆(地铁站)","to":"西安紫霞三路(地铁站)"},"geometry":{"type":"LineString","coordinates":[[109.112534,34.318004],[109.127098,34.33516]]}},{"type":"Feature","properties":{"shape_id":"{}","direction_id":"{\"1\": 50}","headsign":"{}","duration_avg":180.0,"n_vehicles":50,"d":1800,"route_I_counts":"{\"9\": 50}","source":165,"target":164,"layer":"L","from":"西安紫霞三路(地铁站)","to":"西安洪庆(地铁站)"},"geometry":{"type":"LineString","coordinates":[[109.127098,34.33516],[109.112534,34.318004]]}},{"type":"Feature","properties":{"shape_id":"{}","direction_id":"{\"0\": 50}","headsign":"{}","duration_avg":180.0,"n_vehicles":50,"d":1800,"route_I_counts":"{\"9\": 50}","source":165,"target":166,"layer":"L","from":"西安紫霞三路(地铁站)","to":"西安凤凰池(地铁站)"},"geometry":{"type":"LineString","coordinates":[[109.127098,34.33516],[109.144423,34.34559]]}},{"type":"Feature","properties":{"shape_id":"{}","direction_id":"{\"1\": 50}","headsign":"{}","duration_avg":180.0,"n_vehicles":50,"d":1800,"route_I_counts":"{\"9\": 50}","source":166,"target":165,"layer":"L","from":"西安凤凰池(地铁站)","to":"西安紫霞三路(地铁站)"},"geometry":{"type":"LineString","coordinates":[[109.144423,34.34559],[109.127098,34.33516]]}},{"type":"Feature","properties":{"shape_id":"{}","direction_id":"{\"0\": 50}","headsign":"{}","duration_avg":180.0,"n_vehicles":50,"d":1800,"route_I_counts":"{\"9\": 50}","source":166,"target":167,"layer":"L","from":"西安凤凰池(地铁站)","to":"西安鹦鹉寺公园(地铁站)"},"geometry":{"type":"LineString","coordinates":[[109.144423,34.34559],[109.161544,34.356007]]}},{"type":"Feature","properties":{"shape_id":"{}","direction_id":"{\"1\": 50}","headsign":"{}","duration_avg":180.0,"n_vehicles":50,"d":1800,"route_I_counts":"{\"9\": 50}","source":167,"target":166,"layer":"L","from":"西安鹦鹉寺公园(地铁站)","to":"西安凤凰池(地铁站)"},"geometry":{"type":"LineString","coordinates":[[109.161544,34.356007],[109.144423,34.34559]]}},{"type":"Feature","properties":{"shape_id":"{}","direction_id":"{\"0\": 50}","headsign":"{}","duration_avg":120.0,"n_vehicles":50,"d":1200,"route_I_counts":"{\"9\": 50}","source":167,"target":168,"layer":"L","from":"西安鹦鹉寺公园(地铁站)","to":"西安芷阳广场(地铁站)"},"geometry":{"type":"LineString","coordinates":[[109.161544,34.356007],[109.173202,34.366579]]}},{"type":"Feature","properties":{"shape_id":"{}","direction_id":"{\"1\": 50}","headsign":"{}","duration_avg":120.0,"n_vehicles":50,"d":1200,"route_I_counts":"{\"9\": 50}","source":168,"target":167,"layer":"L","from":"西安芷阳广场(地铁站)","to":"西安鹦鹉寺公园(地铁站)"},"geometry":{"type":"LineString","coordinates":[[109.173202,34.366579],[109.161544,34.356007]]}},{"type":"Feature","properties":{"shape_id":"{}","direction_id":"{\"0\": 50}","headsign":"{}","duration_avg":180.0,"n_vehicles":50,"d":1800,"route_I_counts":"{\"9\": 50}","source":168,"target":169,"layer":"L","from":"西安芷阳广场(地铁站)","to":"西安西工程大·西科大(临潼校区)(地铁站)"},"geometry":{"type":"LineString","coordinates":[[109.173202,34.366579],[109.183877,34.371601]]}},{"type":"Feature","properties":{"shape_id":"{}","direction_id":"{\"1\": 50}","headsign":"{}","duration_avg":180.0,"n_vehicles":50,"d":1800,"route_I_counts":"{\"9\": 50}","source":169,"target":168,"layer":"L","from":"西安西工程大·西科大(临潼校区)(地铁站)","to":"西安芷阳广场(地铁站)"},"geometry":{"type":"LineString","coordinates":[[109.183877,34.371601],[109.173202,34.366579]]}},{"type":"Feature","properties":{"shape_id":"{}","direction_id":"{\"0\": 50}","headsign":"{}","duration_avg":120.0,"n_vehicles":50,"d":1200,"route_I_counts":"{\"9\": 50}","source":169,"target":170,"layer":"L","from":"西安西工程大·西科大(临潼校区)(地铁站)","to":"西安西花园(地铁站)"},"geometry":{"type":"LineString","coordinates":[[109.183877,34.371601],[109.195734,34.371863]]}},{"type":"Feature","properties":{"shape_id":"{}","direction_id":"{\"1\": 50}","headsign":"{}","duration_avg":120.0,"n_vehicles":50,"d":1200,"route_I_counts":"{\"9\": 50}","source":170,"target":169,"layer":"L","from":"西安西花园(地铁站)","to":"西安西工程大·西科大(临潼校区)(地铁站)"},"geometry":{"type":"LineString","coordinates":[[109.195734,34.371863],[109.183877,34.371601]]}},{"type":"Feature","properties":{"shape_id":"{}","direction_id":"{\"0\": 50}","headsign":"{}","duration_avg":120.0,"n_vehicles":50,"d":1200,"route_I_counts":"{\"9\": 50}","source":170,"target":171,"layer":"L","from":"西安西花园(地铁站)","to":"西安华清池(地铁站)"},"geometry":{"type":"LineString","coordinates":[[109.195734,34.371863],[109.207501,34.367861]]}},{"type":"Feature","properties":{"shape_id":"{}","direction_id":"{\"1\": 50}","headsign":"{}","duration_avg":120.0,"n_vehicles":50,"d":1200,"route_I_counts":"{\"9\": 50}","source":171,"target":170,"layer":"L","from":"西安华清池(地铁站)","to":"西安西花园(地铁站)"},"geometry":{"type":"LineString","coordinates":[[109.207501,34.367861],[109.195734,34.371863]]}},{"type":"Feature","properties":{"shape_id":"{}","direction_id":"{\"0\": 50}","headsign":"{}","duration_avg":180.0,"n_vehicles":50,"d":1800,"route_I_counts":"{\"9\": 50}","source":171,"target":172,"layer":"L","from":"西安华清池(地铁站)","to":"西安东三岔(地铁站)"},"geometry":{"type":"LineString","coordinates":[[109.207501,34.367861],[109.216618,34.378863]]}},{"type":"Feature","properties":{"shape_id":"{}","direction_id":"{\"1\": 50}","headsign":"{}","duration_avg":180.0,"n_vehicles":50,"d":1800,"route_I_counts":"{\"9\": 50}","source":172,"target":171,"layer":"L","from":"西安东三岔(地铁站)","to":"西安华清池(地铁站)"},"geometry":{"type":"LineString","coordinates":[[109.216618,34.378863],[109.207501,34.367861]]}},{"type":"Feature","properties":{"shape_id":"{}","direction_id":"{\"0\": 50}","headsign":"{}","duration_avg":120.0,"n_vehicles":50,"d":1200,"route_I_counts":"{\"9\": 50}","source":172,"target":173,"layer":"L","from":"西安东三岔(地铁站)","to":"西安银桥大道(地铁站)"},"geometry":{"type":"LineString","coordinates":[[109.216618,34.378863],[109.223094,34.388261]]}},{"type":"Feature","properties":{"shape_id":"{}","direction_id":"{\"1\": 50}","headsign":"{}","duration_avg":120.0,"n_vehicles":50,"d":1200,"route_I_counts":"{\"9\": 50}","source":173,"target":172,"layer":"L","from":"西安银桥大道(地铁站)","to":"西安东三岔(地铁站)"},"geometry":{"type":"LineString","coordinates":[[109.223094,34.388261],[109.216618,34.378863]]}},{"type":"Feature","properties":{"shape_id":"{}","direction_id":"{\"0\": 50}","headsign":"{}","duration_avg":120.0,"n_vehicles":50,"d":1200,"route_I_counts":"{\"9\": 50}","source":173,"target":174,"layer":"L","from":"西安银桥大道(地铁站)","to":"西安秦陵西(地铁站)"},"geometry":{"type":"LineString","coordinates":[[109.223094,34.388261],[109.231209,34.397371]]}},{"type":"Feature","properties":{"shape_id":"{}","direction_id":"{\"1\": 50}","headsign":"{}","duration_avg":120.0,"n_vehicles":50,"d":1200,"route_I_counts":"{\"9\": 50}","source":174,"target":173,"layer":"L","from":"西安秦陵西(地铁站)","to":"西安银桥大道(地铁站)"},"geometry":{"type":"LineString","coordinates":[[109.231209,34.397371],[109.223094,34.388261]]}},{"type":"Feature","properties":{"shape_id":"{}","direction_id":"{\"0\": 50}","headsign":"{}","duration_avg":180.0,"n_vehicles":50,"d":1800,"route_I_counts":"{\"10\": 50}","source":175,"target":176,"layer":"L","from":"西安昭慧广场(地铁站)","to":"西安杏王(地铁站)"},"geometry":{"type":"LineString","coordinates":[[109.104979,34.523252],[109.098521,34.510698]]}},{"type":"Feature","properties":{"shape_id":"{}","direction_id":"{\"1\": 50}","headsign":"{}","duration_avg":180.0,"n_vehicles":50,"d":1800,"route_I_counts":"{\"10\": 50}","source":176,"target":175,"layer":"L","from":"西安杏王(地铁站)","to":"西安昭慧广场(地铁站)"},"geometry":{"type":"LineString","coordinates":[[109.098521,34.510698],[109.104979,34.523252]]}},{"type":"Feature","properties":{"shape_id":"{}","direction_id":"{\"0\": 50}","headsign":"{}","duration_avg":180.0,"n_vehicles":50,"d":1800,"route_I_counts":"{\"10\": 50}","source":176,"target":177,"layer":"L","from":"西安杏王(地铁站)","to":"西安鹿苑大道(地铁站)"},"geometry":{"type":"LineString","coordinates":[[109.098521,34.510698],[109.076833,34.508848]]}},{"type":"Feature","properties":{"shape_id":"{}","direction_id":"{\"1\": 50}","headsign":"{}","duration_avg":180.0,"n_vehicles":50,"d":1800,"route_I_counts":"{\"10\": 50}","source":177,"target":176,"layer":"L","from":"西安鹿苑大道(地铁站)","to":"西安杏王(地铁站)"},"geometry":{"type":"LineString","coordinates":[[109.076833,34.508848],[109.098521,34.510698]]}},{"type":"Feature","properties":{"shape_id":"{}","direction_id":"{\"0\": 50}","headsign":"{}","duration_avg":180.0,"n_vehicles":50,"d":1800,"route_I_counts":"{\"10\": 50}","source":177,"target":178,"layer":"L","from":"西安鹿苑大道(地铁站)","to":"西安榆楚(地铁站)"},"geometry":{"type":"LineString","coordinates":[[109.076833,34.508848],[109.0567,34.507446]]}},{"type":"Feature","properties":{"shape_id":"{}","direction_id":"{\"1\": 50}","headsign":"{}","duration_avg":180.0,"n_vehicles":50,"d":1800,"route_I_counts":"{\"10\": 50}","source":178,"target":177,"layer":"L","from":"西安榆楚(地铁站)","to":"西安鹿苑大道(地铁站)"},"geometry":{"type":"LineString","coordinates":[[109.0567,34.507446],[109.076833,34.508848]]}},{"type":"Feature","properties":{"shape_id":"{}","direction_id":"{\"0\": 50}","headsign":"{}","duration_avg":180.0,"n_vehicles":50,"d":1800,"route_I_counts":"{\"10\": 50}","source":178,"target":179,"layer":"L","from":"西安榆楚(地铁站)","to":"西安崇皇(地铁站)"},"geometry":{"type":"LineString","coordinates":[[109.0567,34.507446],[109.034006,34.505816]]}},{"type":"Feature","properties":{"shape_id":"{}","direction_id":"{\"1\": 50}","headsign":"{}","duration_avg":180.0,"n_vehicles":50,"d":1800,"route_I_counts":"{\"10\": 50}","source":179,"target":178,"layer":"L","from":"西安崇皇(地铁站)","to":"西安榆楚(地铁站)"},"geometry":{"type":"LineString","coordinates":[[109.034006,34.505816],[109.0567,34.507446]]}},{"type":"Feature","properties":{"shape_id":"{}","direction_id":"{\"0\": 50}","headsign":"{}","duration_avg":180.0,"n_vehicles":50,"d":1800,"route_I_counts":"{\"10\": 50}","source":179,"target":180,"layer":"L","from":"西安崇皇(地铁站)","to":"西安军庄(地铁站)"},"geometry":{"type":"LineString","coordinates":[[109.034006,34.505816],[109.029351,34.490261]]}},{"type":"Feature","properties":{"shape_id":"{}","direction_id":"{\"1\": 50}","headsign":"{}","duration_avg":180.0,"n_vehicles":50,"d":1800,"route_I_counts":"{\"10\": 50}","source":180,"target":179,"layer":"L","from":"西安军庄(地铁站)","to":"西安崇皇(地铁站)"},"geometry":{"type":"LineString","coordinates":[[109.029351,34.490261],[109.034006,34.505816]]}},{"type":"Feature","properties":{"shape_id":"{}","direction_id":"{\"0\": 50}","headsign":"{}","duration_avg":180.0,"n_vehicles":50,"d":1800,"route_I_counts":"{\"10\": 50}","source":180,"target":181,"layer":"L","from":"西安军庄(地铁站)","to":"西安杨官寨(地铁站)"},"geometry":{"type":"LineString","coordinates":[[109.029351,34.490261],[109.031045,34.469116]]}},{"type":"Feature","properties":{"shape_id":"{}","direction_id":"{\"1\": 50}","headsign":"{}","duration_avg":180.0,"n_vehicles":50,"d":1800,"route_I_counts":"{\"10\": 50}","source":181,"target":180,"layer":"L","from":"西安杨官寨(地铁站)","to":"西安军庄(地铁站)"},"geometry":{"type":"LineString","coordinates":[[109.031045,34.469116],[109.029351,34.490261]]}},{"type":"Feature","properties":{"shape_id":"{}","direction_id":"{\"0\": 50}","headsign":"{}","duration_avg":180.0,"n_vehicles":50,"d":1800,"route_I_counts":"{\"10\": 50}","source":181,"target":182,"layer":"L","from":"西安杨官寨(地铁站)","to":"西安泾渭半岛(地铁站)"},"geometry":{"type":"LineString","coordinates":[[109.031045,34.469116],[109.033174,34.451503]]}},{"type":"Feature","properties":{"shape_id":"{}","direction_id":"{\"1\": 50}","headsign":"{}","duration_avg":180.0,"n_vehicles":50,"d":1800,"route_I_counts":"{\"10\": 50}","source":182,"target":181,"layer":"L","from":"西安泾渭半岛(地铁站)","to":"西安杨官寨(地铁站)"},"geometry":{"type":"LineString","coordinates":[[109.033174,34.451503],[109.031045,34.469116]]}},{"type":"Feature","properties":{"shape_id":"{}","direction_id":"{\"0\": 50}","headsign":"{}","duration_avg":240.0,"n_vehicles":50,"d":2400,"route_I_counts":"{\"10\": 50}","source":182,"target":183,"layer":"L","from":"西安泾渭半岛(地铁站)","to":"西安水流(地铁站)"},"geometry":{"type":"LineString","coordinates":[[109.033174,34.451503],[109.034403,34.428407]]}},{"type":"Feature","properties":{"shape_id":"{}","direction_id":"{\"1\": 50}","headsign":"{}","duration_avg":240.0,"n_vehicles":50,"d":2400,"route_I_counts":"{\"10\": 50}","source":183,"target":182,"layer":"L","from":"西安水流(地铁站)","to":"西安泾渭半岛(地铁站)"},"geometry":{"type":"LineString","coordinates":[[109.034403,34.428407],[109.033174,34.451503]]}},{"type":"Feature","properties":{"shape_id":"{}","direction_id":"{\"0\": 50}","headsign":"{}","duration_avg":240.0,"n_vehicles":50,"d":2400,"route_I_counts":"{\"10\": 50}","source":183,"target":184,"layer":"L","from":"西安水流(地铁站)","to":"西安西堡(地铁站)"},"geometry":{"type":"LineString","coordinates":[[109.034403,34.428407],[109.021973,34.412235]]}},{"type":"Feature","properties":{"shape_id":"{}","direction_id":"{\"1\": 50}","headsign":"{}","duration_avg":240.0,"n_vehicles":50,"d":2400,"route_I_counts":"{\"10\": 50}","source":184,"target":183,"layer":"L","from":"西安西堡(地铁站)","to":"西安水流(地铁站)"},"geometry":{"type":"LineString","coordinates":[[109.021973,34.412235],[109.034403,34.428407]]}},{"type":"Feature","properties":{"shape_id":"{}","direction_id":"{\"0\": 50}","headsign":"{}","duration_avg":240.0,"n_vehicles":50,"d":2400,"route_I_counts":"{\"10\": 50}","source":184,"target":185,"layer":"L","from":"西安西堡(地铁站)","to":"西安未央湖(地铁站)"},"geometry":{"type":"LineString","coordinates":[[109.021973,34.412235],[108.988196,34.408859]]}},{"type":"Feature","properties":{"shape_id":"{}","direction_id":"{\"1\": 50}","headsign":"{}","duration_avg":240.0,"n_vehicles":50,"d":2400,"route_I_counts":"{\"10\": 50}","source":185,"target":184,"layer":"L","from":"西安未央湖(地铁站)","to":"西安西堡(地铁站)"},"geometry":{"type":"LineString","coordinates":[[108.988196,34.408859],[109.021973,34.412235]]}},{"type":"Feature","properties":{"shape_id":"{}","direction_id":"{\"0\": 50}","headsign":"{}","duration_avg":180.0,"n_vehicles":50,"d":1800,"route_I_counts":"{\"10\": 50}","source":185,"target":186,"layer":"L","from":"西安未央湖(地铁站)","to":"西安景家堡(地铁站)"},"geometry":{"type":"LineString","coordinates":[[108.988196,34.408859],[108.97751,34.393423]]}},{"type":"Feature","properties":{"shape_id":"{}","direction_id":"{\"1\": 50}","headsign":"{}","duration_avg":180.0,"n_vehicles":50,"d":1800,"route_I_counts":"{\"10\": 50}","source":186,"target":185,"layer":"L","from":"西安景家堡(地铁站)","to":"西安未央湖(地铁站)"},"geometry":{"type":"LineString","coordinates":[[108.97751,34.393423],[108.988196,34.408859]]}},{"type":"Feature","properties":{"shape_id":"{}","direction_id":"{\"0\": 50}","headsign":"{}","duration_avg":240.0,"n_vehicles":50,"d":2400,"route_I_counts":"{\"10\": 50}","source":186,"target":187,"layer":"L","from":"西安景家堡(地铁站)","to":"西安西安工大·武德路(地铁站)"},"geometry":{"type":"LineString","coordinates":[[108.97751,34.393423],[108.976853,34.375569]]}},{"type":"Feature","properties":{"shape_id":"{}","direction_id":"{\"1\": 50}","headsign":"{}","duration_avg":240.0,"n_vehicles":50,"d":2400,"route_I_counts":"{\"10\": 50}","source":187,"target":186,"layer":"L","from":"西安西安工大·武德路(地铁站)","to":"西安景家堡(地铁站)"},"geometry":{"type":"LineString","coordinates":[[108.976853,34.375569],[108.97751,34.393423]]}},{"type":"Feature","properties":{"shape_id":"{}","direction_id":"{\"0\": 50}","headsign":"{}","duration_avg":180.0,"n_vehicles":50,"d":1800,"route_I_counts":"{\"10\": 50}","source":187,"target":188,"layer":"L","from":"西安西安工大·武德路(地铁站)","to":"西安红旗厂(地铁站)"},"geometry":{"type":"LineString","coordinates":[[108.976853,34.375569],[108.976844,34.355341]]}},{"type":"Feature","properties":{"shape_id":"{}","direction_id":"{\"1\": 50}","headsign":"{}","duration_avg":180.0,"n_vehicles":50,"d":1800,"route_I_counts":"{\"10\": 50}","source":188,"target":187,"layer":"L","from":"西安红旗厂(地铁站)","to":"西安西安工大·武德路(地铁站)"},"geometry":{"type":"LineString","coordinates":[[108.976844,34.355341],[108.976853,34.375569]]}},{"type":"Feature","properties":{"shape_id":"{}","direction_id":"{\"0\": 50}","headsign":"{}","duration_avg":180.0,"n_vehicles":50,"d":1800,"route_I_counts":"{\"10\": 50}","source":188,"target":189,"layer":"L","from":"西安红旗厂(地铁站)","to":"西安团结村(地铁站)"},"geometry":{"type":"LineString","coordinates":[[108.976844,34.355341],[108.979505,34.341597]]}},{"type":"Feature","properties":{"shape_id":"{}","direction_id":"{\"1\": 50}","headsign":"{}","duration_avg":180.0,"n_vehicles":50,"d":1800,"route_I_counts":"{\"10\": 50}","source":189,"target":188,"layer":"L","from":"西安团结村(地铁站)","to":"西安红旗厂(地铁站)"},"geometry":{"type":"LineString","coordinates":[[108.979505,34.341597],[108.976844,34.355341]]}},{"type":"Feature","properties":{"shape_id":"{}","direction_id":"{\"0\": 50}","headsign":"{}","duration_avg":120.0,"n_vehicles":50,"d":1200,"route_I_counts":"{\"10\": 50}","source":189,"target":190,"layer":"L","from":"西安团结村(地铁站)","to":"西安帽珥冢(地铁站)"},"geometry":{"type":"LineString","coordinates":[[108.979505,34.341597],[108.979475,34.330896]]}},{"type":"Feature","properties":{"shape_id":"{}","direction_id":"{\"1\": 50}","headsign":"{}","duration_avg":120.0,"n_vehicles":50,"d":1200,"route_I_counts":"{\"10\": 50}","source":190,"target":189,"layer":"L","from":"西安帽珥冢(地铁站)","to":"西安团结村(地铁站)"},"geometry":{"type":"LineString","coordinates":[[108.979475,34.330896],[108.979505,34.341597]]}},{"type":"Feature","properties":{"shape_id":"{}","direction_id":"{\"0\": 50}","headsign":"{}","duration_avg":120.0,"n_vehicles":50,"d":1200,"route_I_counts":"{\"10\": 50}","source":190,"target":154,"layer":"L","from":"西安帽珥冢(地铁站)","to":"西安井上村(地铁站)"},"geometry":{"type":"LineString","coordinates":[[108.979475,34.330896],[108.978383,34.318623]]}},{"type":"Feature","properties":{"shape_id":"{}","direction_id":"{\"1\": 50}","headsign":"{}","duration_avg":120.0,"n_vehicles":50,"d":1200,"route_I_counts":"{\"10\": 50}","source":154,"target":190,"layer":"L","from":"西安井上村(地铁站)","to":"西安帽珥冢(地铁站)"},"geometry":{"type":"LineString","coordinates":[[108.978383,34.318623],[108.979475,34.330896]]}},{"type":"Feature","properties":{"shape_id":"{}","direction_id":"{\"0\": 50}","headsign":"{}","duration_avg":175.0,"n_vehicles":50,"d":1750,"route_I_counts":"{\"14\": 50}","source":191,"target":192,"layer":"L","from":"西安机场西(T1/T2/T3)(地铁站)","to":"西安机场(T5)(地铁站)"},"geometry":{"type":"LineString","coordinates":[[108.75653,34.440392],[108.782887,34.45779]]}},{"type":"Feature","properties":{"shape_id":"{}","direction_id":"{\"1\": 50}","headsign":"{}","duration_avg":175.0,"n_vehicles":50,"d":1750,"route_I_counts":"{\"14\": 50}","source":192,"target":191,"layer":"L","from":"西安机场(T5)(地铁站)","to":"西安机场西(T1/T2/T3)(地铁站)"},"geometry":{"type":"LineString","coordinates":[[108.782887,34.45779],[108.75653,34.440392]]}},{"type":"Feature","properties":{"shape_id":"{}","direction_id":"{\"0\": 50}","headsign":"{}","duration_avg":175.0,"n_vehicles":50,"d":1750,"route_I_counts":"{\"14\": 50}","source":192,"target":193,"layer":"L","from":"西安机场(T5)(地铁站)","to":"西安空港新城(地铁站)"},"geometry":{"type":"LineString","coordinates":[[108.782887,34.45779],[108.793987,34.43047]]}},{"type":"Feature","properties":{"shape_id":"{}","direction_id":"{\"1\": 50}","headsign":"{}","duration_avg":175.0,"n_vehicles":50,"d":1750,"route_I_counts":"{\"14\": 50}","source":193,"target":192,"layer":"L","from":"西安空港新城(地铁站)","to":"西安机场(T5)(地铁站)"},"geometry":{"type":"LineString","coordinates":[[108.793987,34.43047],[108.782887,34.45779]]}},{"type":"Feature","properties":{"shape_id":"{}","direction_id":"{\"0\": 50}","headsign":"{}","duration_avg":120.0,"n_vehicles":50,"d":1200,"route_I_counts":"{\"14\": 50}","source":193,"target":194,"layer":"L","from":"西安空港新城(地铁站)","to":"西安艺术中心(地铁站)"},"geometry":{"type":"LineString","coordinates":[[108.793987,34.43047],[108.795181,34.420607]]}},{"type":"Feature","properties":{"shape_id":"{}","direction_id":"{\"1\": 50}","headsign":"{}","duration_avg":120.0,"n_vehicles":50,"d":1200,"route_I_counts":"{\"14\": 50}","source":194,"target":193,"layer":"L","from":"西安艺术中心(地铁站)","to":"西安空港新城(地铁站)"},"geometry":{"type":"LineString","coordinates":[[108.795181,34.420607],[108.793987,34.43047]]}},{"type":"Feature","properties":{"shape_id":"{}","direction_id":"{\"0\": 50}","headsign":"{}","duration_avg":240.0,"n_vehicles":50,"d":2400,"route_I_counts":"{\"14\": 50}","source":194,"target":195,"layer":"L","from":"西安艺术中心(地铁站)","to":"西安摆旗寨(地铁站)"},"geometry":{"type":"LineString","coordinates":[[108.795181,34.420607],[108.792164,34.391396]]}},{"type":"Feature","properties":{"shape_id":"{}","direction_id":"{\"1\": 50}","headsign":"{}","duration_avg":240.0,"n_vehicles":50,"d":2400,"route_I_counts":"{\"14\": 50}","source":195,"target":194,"layer":"L","from":"西安摆旗寨(地铁站)","to":"西安艺术中心(地铁站)"},"geometry":{"type":"LineString","coordinates":[[108.792164,34.391396],[108.795181,34.420607]]}},{"type":"Feature","properties":{"shape_id":"{}","direction_id":"{\"0\": 50}","headsign":"{}","duration_avg":240.0,"n_vehicles":50,"d":2400,"route_I_counts":"{\"14\": 50}","source":195,"target":196,"layer":"L","from":"西安摆旗寨(地铁站)","to":"西安长陵(地铁站)"},"geometry":{"type":"LineString","coordinates":[[108.792164,34.391396],[108.824557,34.391395]]}},{"type":"Feature","properties":{"shape_id":"{}","direction_id":"{\"1\": 50}","headsign":"{}","duration_avg":240.0,"n_vehicles":50,"d":2400,"route_I_counts":"{\"14\": 50}","source":196,"target":195,"layer":"L","from":"西安长陵(地铁站)","to":"西安摆旗寨(地铁站)"},"geometry":{"type":"LineString","coordinates":[[108.824557,34.391395],[108.792164,34.391396]]}},{"type":"Feature","properties":{"shape_id":"{}","direction_id":"{\"0\": 50}","headsign":"{}","duration_avg":180.0,"n_vehicles":50,"d":1800,"route_I_counts":"{\"14\": 50}","source":196,"target":197,"layer":"L","from":"西安长陵(地铁站)","to":"西安秦汉新城(地铁站)"},"geometry":{"type":"LineString","coordinates":[[108.824557,34.391395],[108.843408,34.399431]]}},{"type":"Feature","properties":{"shape_id":"{}","direction_id":"{\"1\": 50}","headsign":"{}","duration_avg":180.0,"n_vehicles":50,"d":1800,"route_I_counts":"{\"14\": 50}","source":197,"target":196,"layer":"L","from":"西安秦汉新城(地铁站)","to":"西安长陵(地铁站)"},"geometry":{"type":"LineString","coordinates":[[108.843408,34.399431],[108.824557,34.391395]]}},{"type":"Feature","properties":{"shape_id":"{}","direction_id":"{\"0\": 50}","headsign":"{}","duration_avg":180.0,"n_vehicles":50,"d":1800,"route_I_counts":"{\"14\": 50}","source":197,"target":198,"layer":"L","from":"西安秦汉新城(地铁站)","to":"西安秦宫(地铁站)"},"geometry":{"type":"LineString","coordinates":[[108.843408,34.399431],[108.866909,34.407134]]}},{"type":"Feature","properties":{"shape_id":"{}","direction_id":"{\"1\": 50}","headsign":"{}","duration_avg":180.0,"n_vehicles":50,"d":1800,"route_I_counts":"{\"14\": 50}","source":198,"target":197,"layer":"L","from":"西安秦宫(地铁站)","to":"西安秦汉新城(地铁站)"},"geometry":{"type":"LineString","coordinates":[[108.866909,34.407134],[108.843408,34.399431]]}},{"type":"Feature","properties":{"shape_id":"{}","direction_id":"{\"0\": 50}","headsign":"{}","duration_avg":300.0,"n_vehicles":50,"d":3000,"route_I_counts":"{\"14\": 50}","source":198,"target":199,"layer":"L","from":"西安秦宫(地铁站)","to":"西安渭河南(地铁站)"},"geometry":{"type":"LineString","coordinates":[[108.866909,34.407134],[108.918602,34.393976]]}},{"type":"Feature","properties":{"shape_id":"{}","direction_id":"{\"1\": 50}","headsign":"{}","duration_avg":300.0,"n_vehicles":50,"d":3000,"route_I_counts":"{\"14\": 50}","source":199,"target":198,"layer":"L","from":"西安渭河南(地铁站)","to":"西安秦宫(地铁站)"},"geometry":{"type":"LineString","coordinates":[[108.918602,34.393976],[108.866909,34.407134]]}},{"type":"Feature","properties":{"shape_id":"{}","direction_id":"{\"0\": 50}","headsign":"{}","duration_avg":240.0,"n_vehicles":50,"d":2400,"route_I_counts":"{\"14\": 50}","source":199,"target":32,"layer":"L","from":"西安渭河南(地铁站)","to":"西安西安北站(地铁站)"},"geometry":{"type":"LineString","coordinates":[[108.918602,34.393976],[108.934164,34.376944]]}},{"type":"Feature","properties":{"shape_id":"{}","direction_id":"{\"1\": 50}","headsign":"{}","duration_avg":240.0,"n_vehicles":50,"d":2400,"route_I_counts":"{\"14\": 50}","source":32,"target":199,"layer":"L","from":"西安西安北站(地铁站)","to":"西安渭河南(地铁站)"},"geometry":{"type":"LineString","coordinates":[[108.934164,34.376944],[108.918602,34.393976]]}},{"type":"Feature","properties":{"shape_id":"{}","direction_id":"{\"0\": 50}","headsign":"{}","duration_avg":120.0,"n_vehicles":50,"d":1200,"route_I_counts":"{\"14\": 50}","source":32,"target":200,"layer":"L","from":"西安西安北站(地铁站)","to":"西安文景山公园(地铁站)"},"geometry":{"type":"LineString","coordinates":[[108.934164,34.376944],[108.945899,34.38283]]}},{"type":"Feature","properties":{"shape_id":"{}","direction_id":"{\"1\": 50}","headsign":"{}","duration_avg":120.0,"n_vehicles":50,"d":1200,"route_I_counts":"{\"14\": 50}","source":200,"target":32,"layer":"L","from":"西安文景山公园(地铁站)","to":"西安西安北站(地铁站)"},"geometry":{"type":"LineString","coordinates":[[108.945899,34.38283],[108.934164,34.376944]]}},{"type":"Feature","properties":{"shape_id":"{}","direction_id":"{\"0\": 50}","headsign":"{}","duration_avg":300.0,"n_vehicles":50,"d":3000,"route_I_counts":"{\"14\": 50}","source":200,"target":187,"layer":"L","from":"西安文景山公园(地铁站)","to":"西安西安工大·武德路(地铁站)"},"geometry":{"type":"LineString","coordinates":[[108.945899,34.38283],[108.976853,34.375569]]}},{"type":"Feature","properties":{"shape_id":"{}","direction_id":"{\"1\": 50}","headsign":"{}","duration_avg":300.0,"n_vehicles":50,"d":3000,"route_I_counts":"{\"14\": 50}","source":187,"target":200,"layer":"L","from":"西安西安工大·武德路(地铁站)","to":"西安文景山公园(地铁站)"},"geometry":{"type":"LineString","coordinates":[[108.976853,34.375569],[108.945899,34.38283]]}},{"type":"Feature","properties":{"shape_id":"{}","direction_id":"{\"0\": 50}","headsign":"{}","duration_avg":180.0,"n_vehicles":50,"d":1800,"route_I_counts":"{\"14\": 50}","source":187,"target":201,"layer":"L","from":"西安西安工大·武德路(地铁站)","to":"西安北辰(地铁站)"},"geometry":{"type":"LineString","coordinates":[[108.976853,34.375569],[108.990898,34.37305]]}},{"type":"Feature","properties":{"shape_id":"{}","direction_id":"{\"1\": 50}","headsign":"{}","duration_avg":180.0,"n_vehicles":50,"d":1800,"route_I_counts":"{\"14\": 50}","source":201,"target":187,"layer":"L","from":"西安北辰(地铁站)","to":"西安西安工大·武德路(地铁站)"},"geometry":{"type":"LineString","coordinates":[[108.990898,34.37305],[108.976853,34.375569]]}},{"type":"Feature","properties":{"shape_id":"{}","direction_id":"{\"0\": 50}","headsign":"{}","duration_avg":180.0,"n_vehicles":50,"d":1800,"route_I_counts":"{\"14\": 50}","source":201,"target":202,"layer":"L","from":"西安北辰(地铁站)","to":"西安奥体中心(地铁站)"},"geometry":{"type":"LineString","coordinates":[[108.990898,34.37305],[109.0156,34.374864]]}},{"type":"Feature","properties":{"shape_id":"{}","direction_id":"{\"1\": 50}","headsign":"{}","duration_avg":180.0,"n_vehicles":50,"d":1800,"route_I_counts":"{\"14\": 50}","source":202,"target":201,"layer":"L","from":"西安奥体中心(地铁站)","to":"西安北辰(地铁站)"},"geometry":{"type":"LineString","coordinates":[[109.0156,34.374864],[108.990898,34.37305]]}},{"type":"Feature","properties":{"shape_id":"{}","direction_id":"{\"0\": 50}","headsign":"{}","duration_avg":180.0,"n_vehicles":50,"d":1800,"route_I_counts":"{\"14\": 50}","source":202,"target":75,"layer":"L","from":"西安奥体中心(地铁站)","to":"西安双寨(地铁站)"},"geometry":{"type":"LineString","coordinates":[[109.0156,34.374864],[109.036099,34.373665]]}},{"type":"Feature","properties":{"shape_id":"{}","direction_id":"{\"1\": 50}","headsign":"{}","duration_avg":180.0,"n_vehicles":50,"d":1800,"route_I_counts":"{\"14\": 50}","source":75,"target":202,"layer":"L","from":"西安双寨(地铁站)","to":"西安奥体中心(地铁站)"},"geometry":{"type":"LineString","coordinates":[[109.036099,34.373665],[109.0156,34.374864]]}},{"type":"Feature","properties":{"shape_id":"{}","direction_id":"{\"0\": 50}","headsign":"{}","duration_avg":120.0,"n_vehicles":50,"d":1200,"route_I_counts":"{\"14\": 50}","source":75,"target":203,"layer":"L","from":"西安双寨(地铁站)","to":"西安新寺(地铁站)"},"geometry":{"type":"LineString","coordinates":[[109.036099,34.373665],[109.048699,34.370898]]}},{"type":"Feature","properties":{"shape_id":"{}","direction_id":"{\"1\": 50}","headsign":"{}","duration_avg":120.0,"n_vehicles":50,"d":1200,"route_I_counts":"{\"14\": 50}","source":203,"target":75,"layer":"L","from":"西安新寺(地铁站)","to":"西安双寨(地铁站)"},"geometry":{"type":"LineString","coordinates":[[109.048699,34.370898],[109.036099,34.373665]]}},{"type":"Feature","properties":{"shape_id":"{}","direction_id":"{\"0\": 50}","headsign":"{}","duration_avg":120.0,"n_vehicles":50,"d":1200,"route_I_counts":"{\"14\": 50}","source":203,"target":204,"layer":"L","from":"西安新寺(地铁站)","to":"西安港务大道(地铁站)"},"geometry":{"type":"LineString","coordinates":[[109.048699,34.370898],[109.061759,34.369037]]}},{"type":"Feature","properties":{"shape_id":"{}","direction_id":"{\"1\": 50}","headsign":"{}","duration_avg":120.0,"n_vehicles":50,"d":1200,"route_I_counts":"{\"14\": 50}","source":204,"target":203,"layer":"L","from":"西安港务大道(地铁站)","to":"西安新寺(地铁站)"},"geometry":{"type":"LineString","coordinates":[[109.061759,34.369037],[109.048699,34.370898]]}},{"type":"Feature","properties":{"shape_id":"{}","direction_id":"{\"0\": 50}","headsign":"{}","duration_avg":120.0,"n_vehicles":50,"d":1200,"route_I_counts":"{\"14\": 50}","source":204,"target":205,"layer":"L","from":"西安港务大道(地铁站)","to":"西安贺韶(地铁站)"},"geometry":{"type":"LineString","coordinates":[[109.061759,34.369037],[109.072692,34.367806]]}},{"type":"Feature","properties":{"shape_id":"{}","direction_id":"{\"1\": 50}","headsign":"{}","duration_avg":120.0,"n_vehicles":50,"d":1200,"route_I_counts":"{\"14\": 50}","source":205,"target":204,"layer":"L","from":"西安贺韶(地铁站)","to":"西安港务大道(地铁站)"},"geometry":{"type":"LineString","coordinates":[[109.072692,34.367806],[109.061759,34.369037]]}},{"type":"Feature","properties":{"shape_id":"{}","direction_id":"{\"0\": 50}","headsign":"{}","duration_avg":120.0,"n_vehicles":50,"d":1200,"route_I_counts":"{\"16\": 50}","source":206,"target":111,"layer":"L","from":"西安诗经里(地铁站)","to":"西安欢乐谷(地铁站)"},"geometry":{"type":"LineString","coordinates":[[108.74286,34.228913],[108.744679,34.246373]]}},{"type":"Feature","properties":{"shape_id":"{}","direction_id":"{\"1\": 50}","headsign":"{}","duration_avg":120.0,"n_vehicles":50,"d":1200,"route_I_counts":"{\"16\": 50}","source":111,"target":206,"layer":"L","from":"西安欢乐谷(地铁站)","to":"西安诗经里(地铁站)"},"geometry":{"type":"LineString","coordinates":[[108.744679,34.246373],[108.74286,34.228913]]}},{"type":"Feature","properties":{"shape_id":"{}","direction_id":"{\"0\": 50}","headsign":"{}","duration_avg":240.0,"n_vehicles":50,"d":2400,"route_I_counts":"{\"16\": 50}","source":111,"target":207,"layer":"L","from":"西安欢乐谷(地铁站)","to":"西安沣东城市广场(地铁站)"},"geometry":{"type":"LineString","coordinates":[[108.744679,34.246373],[108.765536,34.261013]]}},{"type":"Feature","properties":{"shape_id":"{}","direction_id":"{\"1\": 50}","headsign":"{}","duration_avg":240.0,"n_vehicles":50,"d":2400,"route_I_counts":"{\"16\": 50}","source":207,"target":111,"layer":"L","from":"西安沣东城市广场(地铁站)","to":"西安欢乐谷(地铁站)"},"geometry":{"type":"LineString","coordinates":[[108.765536,34.261013],[108.744679,34.246373]]}},{"type":"Feature","properties":{"shape_id":"{}","direction_id":"{\"0\": 50}","headsign":"{}","duration_avg":120.0,"n_vehicles":50,"d":1200,"route_I_counts":"{\"16\": 50}","source":207,"target":208,"layer":"L","from":"西安沣东城市广场(地铁站)","to":"西安细柳营(地铁站)"},"geometry":{"type":"LineString","coordinates":[[108.765536,34.261013],[108.765772,34.270271]]}},{"type":"Feature","properties":{"shape_id":"{}","direction_id":"{\"1\": 50}","headsign":"{}","duration_avg":120.0,"n_vehicles":50,"d":1200,"route_I_counts":"{\"16\": 50}","source":208,"target":207,"layer":"L","from":"西安细柳营(地铁站)","to":"西安沣东城市广场(地铁站)"},"geometry":{"type":"LineString","coordinates":[[108.765772,34.270271],[108.765536,34.261013]]}},{"type":"Feature","properties":{"shape_id":"{}","direction_id":"{\"0\": 50}","headsign":"{}","duration_avg":180.0,"n_vehicles":50,"d":1800,"route_I_counts":"{\"16\": 50}","source":208,"target":209,"layer":"L","from":"西安细柳营(地铁站)","to":"西安西安国际足球中心(地铁站)"},"geometry":{"type":"LineString","coordinates":[[108.765772,34.270271],[108.765921,34.28104]]}},{"type":"Feature","properties":{"shape_id":"{}","direction_id":"{\"1\": 50}","headsign":"{}","duration_avg":180.0,"n_vehicles":50,"d":1800,"route_I_counts":"{\"16\": 50}","source":209,"target":208,"layer":"L","from":"西安西安国际足球中心(地铁站)","to":"西安细柳营(地铁站)"},"geometry":{"type":"LineString","coordinates":[[108.765921,34.28104],[108.765772,34.270271]]}},{"type":"Feature","properties":{"shape_id":"{}","direction_id":"{\"0\": 50}","headsign":"{}","duration_avg":180.0,"n_vehicles":50,"d":1800,"route_I_counts":"{\"16\": 50}","source":209,"target":210,"layer":"L","from":"西安西安国际足球中心(地铁站)","to":"西安复兴大道北(地铁站)"},"geometry":{"type":"LineString","coordinates":[[108.765921,34.28104],[108.765455,34.298417]]}},{"type":"Feature","properties":{"shape_id":"{}","direction_id":"{\"1\": 50}","headsign":"{}","duration_avg":180.0,"n_vehicles":50,"d":1800,"route_I_counts":"{\"16\": 50}","source":210,"target":209,"layer":"L","from":"西安复兴大道北(地铁站)","to":"西安西安国际足球中心(地铁站)"},"geometry":{"type":"LineString","coordinates":[[108.765455,34.298417],[108.765921,34.28104]]}},{"type":"Feature","properties":{"shape_id":"{}","direction_id":"{\"0\": 50}","headsign":"{}","duration_avg":120.0,"n_vehicles":50,"d":1200,"route_I_counts":"{\"16\": 50}","source":210,"target":9,"layer":"L","from":"西安复兴大道北(地铁站)","to":"西安上林路(地铁站)"},"geometry":{"type":"LineString","coordinates":[[108.765455,34.298417],[108.772893,34.314625]]}},{"type":"Feature","properties":{"shape_id":"{}","direction_id":"{\"1\": 50}","headsign":"{}","duration_avg":120.0,"n_vehicles":50,"d":1200,"route_I_counts":"{\"16\": 50}","source":9,"target":210,"layer":"L","from":"西安上林路(地铁站)","to":"西安复兴大道北(地铁站)"},"geometry":{"type":"LineString","coordinates":[[108.772893,34.314625],[108.765455,34.298417]]}},{"type":"Feature","properties":{"shape_id":"{}","direction_id":"{\"0\": 50}","headsign":"{}","duration_avg":180.0,"n_vehicles":50,"d":1800,"route_I_counts":"{\"16\": 50}","source":9,"target":211,"layer":"L","from":"西安上林路(地铁站)","to":"西安西咸大厦(地铁站)"},"geometry":{"type":"LineString","coordinates":[[108.772893,34.314625],[108.778243,34.329958]]}},{"type":"Feature","properties":{"shape_id":"{}","direction_id":"{\"1\": 50}","headsign":"{}","duration_avg":180.0,"n_vehicles":50,"d":1800,"route_I_counts":"{\"16\": 50}","source":211,"target":9,"layer":"L","from":"西安西咸大厦(地铁站)","to":"西安上林路(地铁站)"},"geometry":{"type":"LineString","coordinates":[[108.778243,34.329958],[108.772893,34.314625]]}},{"type":"Feature","properties":{"shape_id":"{}","direction_id":"{\"0\": 50}","headsign":"{}","duration_avg":120.0,"n_vehicles":50,"d":1200,"route_I_counts":"{\"16\": 50}","source":211,"target":212,"layer":"L","from":"西安西咸大厦(地铁站)","to":"西安秦创原中心(地铁站)"},"geometry":{"type":"LineString","coordinates":[[108.778243,34.329958],[108.781825,34.338839]]}},{"type":"Feature","properties":{"shape_id":"{}","direction_id":"{\"1\": 50}","headsign":"{}","duration_avg":120.0,"n_vehicles":50,"d":1200,"route_I_counts":"{\"16\": 50}","source":212,"target":211,"layer":"L","from":"西安秦创原中心(地铁站)","to":"西安西咸大厦(地铁站)"},"geometry":{"type":"LineString","coordinates":[[108.781825,34.338839],[108.778243,34.329958]]}},{"type":"Feature","properties":{"shape_id":"{}","direction_id":"{\"0\": 50}","headsign":"{}","duration_avg":1500.0,"n_vehicles":50,"d":15000,"route_I_counts":"{\"17\": 50}","source":116,"target":213,"layer":"L","from":"西安阿房宫南(地铁站)","to":"户县站"},"geometry":{"type":"LineString","coordinates":[[108.820507,34.253986],[108.614689,34.113711]]}},{"type":"Feature","properties":{"shape_id":"{}","direction_id":"{\"1\": 50}","headsign":"{}","duration_avg":1500.0,"n_vehicles":50,"d":15000,"route_I_counts":"{\"17\": 50}","source":213,"target":116,"layer":"L","from":"户县站","to":"西安阿房宫南(地铁站)"},"geometry":{"type":"LineString","coordinates":[[108.614689,34.113711],[108.820507,34.253986]]}},{"type":"Feature","properties":{"shape_id":"{}","direction_id":"{\"0\": 50}","headsign":"{}","duration_avg":120.0,"n_vehicles":50,"d":1200,"route_I_counts":"{\"6\": 50}","source":29,"target":214,"layer":"L","from":"西安纺织城(地铁站)","to":"西安纺二路(地铁站)"},"geometry":{"type":"LineString","coordinates":[[109.064628,34.280726],[109.057539,34.271969]]}},{"type":"Feature","properties":{"shape_id":"{}","direction_id":"{\"1\": 50}","headsign":"{}","duration_avg":120.0,"n_vehicles":50,"d":1200,"route_I_counts":"{\"6\": 50}","source":214,"target":29,"layer":"L","from":"西安纺二路(地铁站)","to":"西安纺织城(地铁站)"},"geometry":{"type":"LineString","coordinates":[[109.057539,34.271969],[109.064628,34.280726]]}},{"type":"Feature","properties":{"shape_id":"{}","direction_id":"{\"0\": 50}","headsign":"{}","duration_avg":120.0,"n_vehicles":50,"d":1200,"route_I_counts":"{\"6\": 50}","source":214,"target":215,"layer":"L","from":"西安纺二路(地铁站)","to":"西安纺六路(地铁站)"},"geometry":{"type":"LineString","coordinates":[[109.057539,34.271969],[109.059231,34.259811]]}},{"type":"Feature","properties":{"shape_id":"{}","direction_id":"{\"1\": 50}","headsign":"{}","duration_avg":120.0,"n_vehicles":50,"d":1200,"route_I_counts":"{\"6\": 50}","source":215,"target":214,"layer":"L","from":"西安纺六路(地铁站)","to":"西安纺二路(地铁站)"},"geometry":{"type":"LineString","coordinates":[[109.059231,34.259811],[109.057539,34.271969]]}},{"type":"Feature","properties":{"shape_id":"{}","direction_id":"{\"0\": 50}","headsign":"{}","duration_avg":120.0,"n_vehicles":50,"d":1200,"route_I_counts":"{\"6\": 50}","source":215,"target":216,"layer":"L","from":"西安纺六路(地铁站)","to":"西安穆将王(地铁站)"},"geometry":{"type":"LineString","coordinates":[[109.059231,34.259811],[109.0274,34.2516]]}},{"type":"Feature","properties":{"shape_id":"{}","direction_id":"{\"1\": 50}","headsign":"{}","duration_avg":120.0,"n_vehicles":50,"d":1200,"route_I_counts":"{\"6\": 50}","source":216,"target":215,"layer":"L","from":"西安穆将王(地铁站)","to":"西安纺六路(地铁站)"},"geometry":{"type":"LineString","coordinates":[[109.0274,34.2516],[109.059231,34.259811]]}},{"type":"Feature","properties":{"shape_id":"{}","direction_id":"{\"0\": 50}","headsign":"{}","duration_avg":180.0,"n_vehicles":50,"d":1800,"route_I_counts":"{\"6\": 50}","source":216,"target":217,"layer":"L","from":"西安穆将王(地铁站)","to":"西安田家湾(地铁站)"},"geometry":{"type":"LineString","coordinates":[[109.0274,34.2516],[109.037711,34.25255]]}},{"type":"Feature","properties":{"shape_id":"{}","direction_id":"{\"1\": 50}","headsign":"{}","duration_avg":180.0,"n_vehicles":50,"d":1800,"route_I_counts":"{\"6\": 50}","source":217,"target":216,"layer":"L","from":"西安田家湾(地铁站)","to":"西安穆将王(地铁站)"},"geometry":{"type":"LineString","coordinates":[[109.037711,34.25255],[109.0274,34.2516]]}},{"type":"Feature","properties":{"shape_id":"{}","direction_id":"{\"0\": 50}","headsign":"{}","duration_avg":120.0,"n_vehicles":50,"d":1200,"route_I_counts":"{\"6\": 50}","source":217,"target":218,"layer":"L","from":"西安田家湾(地铁站)","to":"西安卫星测控中心(地铁站)"},"geometry":{"type":"LineString","coordinates":[[109.037711,34.25255],[109.02186,34.25272]]}},{"type":"Feature","properties":{"shape_id":"{}","direction_id":"{\"1\": 50}","headsign":"{}","duration_avg":120.0,"n_vehicles":50,"d":1200,"route_I_counts":"{\"6\": 50}","source":218,"target":217,"layer":"L","from":"西安卫星测控中心(地铁站)","to":"西安田家湾(地铁站)"},"geometry":{"type":"LineString","coordinates":[[109.02186,34.25272],[109.037711,34.25255]]}},{"type":"Feature","properties":{"shape_id":"{}","direction_id":"{\"0\": 50}","headsign":"{}","duration_avg":120.0,"n_vehicles":50,"d":1200,"route_I_counts":"{\"6\": 50}","source":218,"target":159,"layer":"L","from":"西安卫星测控中心(地铁站)","to":"西安万寿南路(地铁站)"},"geometry":{"type":"LineString","coordinates":[[109.02186,34.25272],[109.00944,34.252587]]}},{"type":"Feature","properties":{"shape_id":"{}","direction_id":"{\"1\": 50}","headsign":"{}","duration_avg":120.0,"n_vehicles":50,"d":1200,"route_I_counts":"{\"6\": 50}","source":159,"target":218,"layer":"L","from":"西安万寿南路(地铁站)","to":"西安卫星测控中心(地铁站)"},"geometry":{"type":"LineString","coordinates":[[109.00944,34.252587],[109.02186,34.25272]]}},{"type":"Feature","properties":{"shape_id":"{}","direction_id":"{\"0\": 50}","headsign":"{}","duration_avg":120.0,"n_vehicles":50,"d":1200,"route_I_counts":"{\"6\": 50}","source":159,"target":219,"layer":"L","from":"西安万寿南路(地铁站)","to":"西安公园南路(地铁站)"},"geometry":{"type":"LineString","coordinates":[[109.00944,34.252587],[109.001561,34.252519]]}},{"type":"Feature","properties":{"shape_id":"{}","direction_id":"{\"1\": 50}","headsign":"{}","duration_avg":120.0,"n_vehicles":50,"d":1200,"route_I_counts":"{\"6\": 50}","source":219,"target":159,"layer":"L","from":"西安公园南路(地铁站)","to":"西安万寿南路(地铁站)"},"geometry":{"type":"LineString","coordinates":[[109.001561,34.252519],[109.00944,34.252587]]}},{"type":"Feature","properties":{"shape_id":"{}","direction_id":"{\"0\": 50}","headsign":"{}","duration_avg":120.0,"n_vehicles":50,"d":1200,"route_I_counts":"{\"6\": 50}","source":219,"target":64,"layer":"L","from":"西安公园南路(地铁站)","to":"西安咸宁路(地铁站)"},"geometry":{"type":"LineString","coordinates":[[109.001561,34.252519],[108.991886,34.252575]]}},{"type":"Feature","properties":{"shape_id":"{}","direction_id":"{\"1\": 50}","headsign":"{}","duration_avg":120.0,"n_vehicles":50,"d":1200,"route_I_counts":"{\"6\": 50}","source":64,"target":219,"layer":"L","from":"西安咸宁路(地铁站)","to":"西安公园南路(地铁站)"},"geometry":{"type":"LineString","coordinates":[[108.991886,34.252575],[109.001561,34.252519]]}},{"type":"Feature","properties":{"shape_id":"{}","direction_id":"{\"0\": 50}","headsign":"{}","duration_avg":120.0,"n_vehicles":50,"d":1200,"route_I_counts":"{\"6\": 50}","source":64,"target":220,"layer":"L","from":"西安咸宁路(地铁站)","to":"西安交通大学·兴庆宫(地铁站)"},"geometry":{"type":"LineString","coordinates":[[108.991886,34.252575],[108.982631,34.252539]]}},{"type":"Feature","properties":{"shape_id":"{}","direction_id":"{\"1\": 50}","headsign":"{}","duration_avg":120.0,"n_vehicles":50,"d":1200,"route_I_counts":"{\"6\": 50}","source":220,"target":64,"layer":"L","from":"西安交通大学·兴庆宫(地铁站)","to":"西安咸宁路(地铁站)"},"geometry":{"type":"LineString","coordinates":[[108.982631,34.252539],[108.991886,34.252575]]}},{"type":"Feature","properties":{"shape_id":"{}","direction_id":"{\"0\": 50}","headsign":"{}","duration_avg":120.0,"n_vehicles":50,"d":1200,"route_I_counts":"{\"6\": 50}","source":220,"target":221,"layer":"L","from":"西安交通大学·兴庆宫(地铁站)","to":"西安长乐门(地铁站)"},"geometry":{"type":"LineString","coordinates":[[108.982631,34.252539],[108.970919,34.260739]]}},{"type":"Feature","properties":{"shape_id":"{}","direction_id":"{\"1\": 50}","headsign":"{}","duration_avg":120.0,"n_vehicles":50,"d":1200,"route_I_counts":"{\"6\": 50}","source":221,"target":220,"layer":"L","from":"西安长乐门(地铁站)","to":"西安交通大学·兴庆宫(地铁站)"},"geometry":{"type":"LineString","coordinates":[[108.970919,34.260739],[108.982631,34.252539]]}},{"type":"Feature","properties":{"shape_id":"{}","direction_id":"{\"0\": 50}","headsign":"{}","duration_avg":120.0,"n_vehicles":50,"d":1200,"route_I_counts":"{\"6\": 50}","source":221,"target":90,"layer":"L","from":"西安长乐门(地铁站)","to":"西安大差市(地铁站)"},"geometry":{"type":"LineString","coordinates":[[108.970919,34.260739],[108.958351,34.260919]]}},{"type":"Feature","properties":{"shape_id":"{}","direction_id":"{\"1\": 50}","headsign":"{}","duration_avg":120.0,"n_vehicles":50,"d":1200,"route_I_counts":"{\"6\": 50}","source":90,"target":221,"layer":"L","from":"西安大差市(地铁站)","to":"西安长乐门(地铁站)"},"geometry":{"type":"LineString","coordinates":[[108.958351,34.260919],[108.970919,34.260739]]}},{"type":"Feature","properties":{"shape_id":"{}","direction_id":"{\"0\": 50}","headsign":"{}","duration_avg":180.0,"n_vehicles":50,"d":1800,"route_I_counts":"{\"6\": 50}","source":90,"target":41,"layer":"L","from":"西安大差市(地铁站)","to":"西安钟楼(地铁站)"},"geometry":{"type":"LineString","coordinates":[[108.958351,34.260919],[108.942398,34.262601]]}},{"type":"Feature","properties":{"shape_id":"{}","direction_id":"{\"1\": 50}","headsign":"{}","duration_avg":180.0,"n_vehicles":50,"d":1800,"route_I_counts":"{\"6\": 50}","source":41,"target":90,"layer":"L","from":"西安钟楼(地铁站)","to":"西安大差市(地铁站)"},"geometry":{"type":"LineString","coordinates":[[108.942398,34.262601],[108.958351,34.260919]]}},{"type":"Feature","properties":{"shape_id":"{}","direction_id":"{\"0\": 50}","headsign":"{}","duration_avg":120.0,"n_vehicles":50,"d":1200,"route_I_counts":"{\"6\": 50}","source":41,"target":222,"layer":"L","from":"西安钟楼(地铁站)","to":"西安广济街(地铁站)"},"geometry":{"type":"LineString","coordinates":[[108.942398,34.262601],[108.934419,34.260981]]}},{"type":"Feature","properties":{"shape_id":"{}","direction_id":"{\"1\": 50}","headsign":"{}","duration_avg":120.0,"n_vehicles":50,"d":1200,"route_I_counts":"{\"6\": 50}","source":222,"target":41,"layer":"L","from":"西安广济街(地铁站)","to":"西安钟楼(地铁站)"},"geometry":{"type":"LineString","coordinates":[[108.934419,34.260981],[108.942398,34.262601]]}},{"type":"Feature","properties":{"shape_id":"{}","direction_id":"{\"0\": 50}","headsign":"{}","duration_avg":120.0,"n_vehicles":50,"d":1200,"route_I_counts":"{\"6\": 50}","source":222,"target":223,"layer":"L","from":"西安广济街(地铁站)","to":"西安桥梓口(地铁站)"},"geometry":{"type":"LineString","coordinates":[[108.934419,34.260981],[108.92614,34.261063]]}},{"type":"Feature","properties":{"shape_id":"{}","direction_id":"{\"1\": 50}","headsign":"{}","duration_avg":120.0,"n_vehicles":50,"d":1200,"route_I_counts":"{\"6\": 50}","source":223,"target":222,"layer":"L","from":"西安桥梓口(地铁站)","to":"西安广济街(地铁站)"},"geometry":{"type":"LineString","coordinates":[[108.92614,34.261063],[108.934419,34.260981]]}},{"type":"Feature","properties":{"shape_id":"{}","direction_id":"{\"0\": 50}","headsign":"{}","duration_avg":60.0,"n_vehicles":50,"d":600,"route_I_counts":"{\"6\": 50}","source":223,"target":224,"layer":"L","from":"西安桥梓口(地铁站)","to":"西安安定门(地铁站)"},"geometry":{"type":"LineString","coordinates":[[108.92614,34.261063],[108.91735,34.260961]]}},{"type":"Feature","properties":{"shape_id":"{}","direction_id":"{\"1\": 50}","headsign":"{}","duration_avg":60.0,"n_vehicles":50,"d":600,"route_I_counts":"{\"6\": 50}","source":224,"target":223,"layer":"L","from":"西安安定门(地铁站)","to":"西安桥梓口(地铁站)"},"geometry":{"type":"LineString","coordinates":[[108.91735,34.260961],[108.92614,34.261063]]}},{"type":"Feature","properties":{"shape_id":"{}","direction_id":"{\"0\": 50}","headsign":"{}","duration_avg":180.0,"n_vehicles":50,"d":1800,"route_I_counts":"{\"6\": 50}","source":224,"target":225,"layer":"L","from":"西安安定门(地铁站)","to":"西安大唐西市(地铁站)"},"geometry":{"type":"LineString","coordinates":[[108.91735,34.260961],[108.905419,34.252411]]}},{"type":"Feature","properties":{"shape_id":"{}","direction_id":"{\"1\": 50}","headsign":"{}","duration_avg":180.0,"n_vehicles":50,"d":1800,"route_I_counts":"{\"6\": 50}","source":225,"target":224,"layer":"L","from":"西安大唐西市(地铁站)","to":"西安安定门(地铁站)"},"geometry":{"type":"LineString","coordinates":[[108.905419,34.252411],[108.91735,34.260961]]}},{"type":"Feature","properties":{"shape_id":"{}","direction_id":"{\"0\": 50}","headsign":"{}","duration_avg":180.0,"n_vehicles":50,"d":1800,"route_I_counts":"{\"6\": 50}","source":225,"target":122,"layer":"L","from":"西安大唐西市(地铁站)","to":"西安西北工业大学(地铁站)"},"geometry":{"type":"LineString","coordinates":[[108.905419,34.252411],[108.905446,34.242513]]}},{"type":"Feature","properties":{"shape_id":"{}","direction_id":"{\"1\": 50}","headsign":"{}","duration_avg":180.0,"n_vehicles":50,"d":1800,"route_I_counts":"{\"6\": 50}","source":122,"target":225,"layer":"L","from":"西安西北工业大学(地铁站)","to":"西安大唐西市(地铁站)"},"geometry":{"type":"LineString","coordinates":[[108.905446,34.242513],[108.905419,34.252411]]}},{"type":"Feature","properties":{"shape_id":"{}","direction_id":"{\"0\": 50}","headsign":"{}","duration_avg":120.0,"n_vehicles":50,"d":1200,"route_I_counts":"{\"6\": 50}","source":122,"target":57,"layer":"L","from":"西安西北工业大学(地铁站)","to":"西安科技路(地铁站)"},"geometry":{"type":"LineString","coordinates":[[108.905446,34.242513],[108.899624,34.232895]]}},{"type":"Feature","properties":{"shape_id":"{}","direction_id":"{\"1\": 50}","headsign":"{}","duration_avg":120.0,"n_vehicles":50,"d":1200,"route_I_counts":"{\"6\": 50}","source":57,"target":122,"layer":"L","from":"西安科技路(地铁站)","to":"西安西北工业大学(地铁站)"},"geometry":{"type":"LineString","coordinates":[[108.899624,34.232895],[108.905446,34.242513]]}},{"type":"Feature","properties":{"shape_id":"{}","direction_id":"{\"0\": 50}","headsign":"{}","duration_avg":120.0,"n_vehicles":50,"d":1200,"route_I_counts":"{\"6\": 50}","source":57,"target":226,"layer":"L","from":"西安科技路(地铁站)","to":"西安甘家寨(地铁站)"},"geometry":{"type":"LineString","coordinates":[[108.899624,34.232895],[108.89465,34.224861]]}},{"type":"Feature","properties":{"shape_id":"{}","direction_id":"{\"1\": 50}","headsign":"{}","duration_avg":120.0,"n_vehicles":50,"d":1200,"route_I_counts":"{\"6\": 50}","source":226,"target":57,"layer":"L","from":"西安甘家寨(地铁站)","to":"西安科技路(地铁站)"},"geometry":{"type":"LineString","coordinates":[[108.89465,34.224861],[108.899624,34.232895]]}},{"type":"Feature","properties":{"shape_id":"{}","direction_id":"{\"0\": 50}","headsign":"{}","duration_avg":120.0,"n_vehicles":50,"d":1200,"route_I_counts":"{\"6\": 50}","source":226,"target":227,"layer":"L","from":"西安甘家寨(地铁站)","to":"西安木塔寺(地铁站)"},"geometry":{"type":"LineString","coordinates":[[108.89465,34.224861],[108.887939,34.216774]]}},{"type":"Feature","properties":{"shape_id":"{}","direction_id":"{\"1\": 50}","headsign":"{}","duration_avg":120.0,"n_vehicles":50,"d":1200,"route_I_counts":"{\"6\": 50}","source":227,"target":226,"layer":"L","from":"西安木塔寺(地铁站)","to":"西安甘家寨(地铁站)"},"geometry":{"type":"LineString","coordinates":[[108.887939,34.216774],[108.89465,34.224861]]}},{"type":"Feature","properties":{"shape_id":"{}","direction_id":"{\"0\": 50}","headsign":"{}","duration_avg":180.0,"n_vehicles":50,"d":1800,"route_I_counts":"{\"6\": 50}","source":227,"target":143,"layer":"L","from":"西安木塔寺(地铁站)","to":"西安省体育馆(地铁站)"},"geometry":{"type":"LineString","coordinates":[[108.887939,34.216774],[108.885152,34.204634]]}},{"type":"Feature","properties":{"shape_id":"{}","direction_id":"{\"1\": 50}","headsign":"{}","duration_avg":180.0,"n_vehicles":50,"d":1800,"route_I_counts":"{\"6\": 50}","source":143,"target":227,"layer":"L","from":"西安省体育馆(地铁站)","to":"西安木塔寺(地铁站)"},"geometry":{"type":"LineString","coordinates":[[108.885152,34.204634],[108.887939,34.216774]]}},{"type":"Feature","properties":{"shape_id":"{}","direction_id":"{\"0\": 50}","headsign":"{}","duration_avg":120.0,"n_vehicles":50,"d":1200,"route_I_counts":"{\"6\": 50}","source":143,"target":228,"layer":"L","from":"西安省体育馆(地铁站)","to":"西安丈八一路(地铁站)"},"geometry":{"type":"LineString","coordinates":[[108.885152,34.204634],[108.880169,34.195461]]}},{"type":"Feature","properties":{"shape_id":"{}","direction_id":"{\"1\": 50}","headsign":"{}","duration_avg":120.0,"n_vehicles":50,"d":1200,"route_I_counts":"{\"6\": 50}","source":228,"target":143,"layer":"L","from":"西安丈八一路(地铁站)","to":"西安省体育馆(地铁站)"},"geometry":{"type":"LineString","coordinates":[[108.880169,34.195461],[108.885152,34.204634]]}},{"type":"Feature","properties":{"shape_id":"{}","direction_id":"{\"0\": 50}","headsign":"{}","duration_avg":120.0,"n_vehicles":50,"d":1200,"route_I_counts":"{\"6\": 50}","source":228,"target":229,"layer":"L","from":"西安丈八一路(地铁站)","to":"西安丈八四路(地铁站)"},"geometry":{"type":"LineString","coordinates":[[108.880169,34.195461],[108.866111,34.195469]]}},{"type":"Feature","properties":{"shape_id":"{}","direction_id":"{\"1\": 50}","headsign":"{}","duration_avg":120.0,"n_vehicles":50,"d":1200,"route_I_counts":"{\"6\": 50}","source":229,"target":228,"layer":"L","from":"西安丈八四路(地铁站)","to":"西安丈八一路(地铁站)"},"geometry":{"type":"LineString","coordinates":[[108.866111,34.195469],[108.880169,34.195461]]}},{"type":"Feature","properties":{"shape_id":"{}","direction_id":"{\"0\": 50}","headsign":"{}","duration_avg":180.0,"n_vehicles":50,"d":1800,"route_I_counts":"{\"6\": 50}","source":229,"target":230,"layer":"L","from":"西安丈八四路(地铁站)","to":"西安丈八六路(地铁站)"},"geometry":{"type":"LineString","coordinates":[[108.866111,34.195469],[108.852219,34.195481]]}},{"type":"Feature","properties":{"shape_id":"{}","direction_id":"{\"1\": 50}","headsign":"{}","duration_avg":180.0,"n_vehicles":50,"d":1800,"route_I_counts":"{\"6\": 50}","source":230,"target":229,"layer":"L","from":"西安丈八六路(地铁站)","to":"西安丈八四路(地铁站)"},"geometry":{"type":"LineString","coordinates":[[108.852219,34.195481],[108.866111,34.195469]]}},{"type":"Feature","properties":{"shape_id":"{}","direction_id":"{\"0\": 50}","headsign":"{}","duration_avg":180.0,"n_vehicles":50,"d":1800,"route_I_counts":"{\"6\": 50}","source":230,"target":231,"layer":"L","from":"西安丈八六路(地铁站)","to":"西安造字台(地铁站)"},"geometry":{"type":"LineString","coordinates":[[108.852219,34.195481],[108.841961,34.1825]]}},{"type":"Feature","properties":{"shape_id":"{}","direction_id":"{\"1\": 50}","headsign":"{}","duration_avg":180.0,"n_vehicles":50,"d":1800,"route_I_counts":"{\"6\": 50}","source":231,"target":230,"layer":"L","from":"西安造字台(地铁站)","to":"西安丈八六路(地铁站)"},"geometry":{"type":"LineString","coordinates":[[108.841961,34.1825],[108.852219,34.195481]]}},{"type":"Feature","properties":{"shape_id":"{}","direction_id":"{\"0\": 50}","headsign":"{}","duration_avg":120.0,"n_vehicles":50,"d":1200,"route_I_counts":"{\"6\": 50}","source":231,"target":232,"layer":"L","from":"西安造字台(地铁站)","to":"西安西部大道（西太路口）(地铁站)"},"geometry":{"type":"LineString","coordinates":[[108.841961,34.1825],[108.841759,34.172142]]}},{"type":"Feature","properties":{"shape_id":"{}","direction_id":"{\"1\": 50}","headsign":"{}","duration_avg":120.0,"n_vehicles":50,"d":1200,"route_I_counts":"{\"6\": 50}","source":232,"target":231,"layer":"L","from":"西安西部大道（西太路口）(地铁站)","to":"西安造字台(地铁站)"},"geometry":{"type":"LineString","coordinates":[[108.841759,34.172142],[108.841961,34.1825]]}},{"type":"Feature","properties":{"shape_id":"{}","direction_id":"{\"0\": 50}","headsign":"{}","duration_avg":120.0,"n_vehicles":50,"d":1200,"route_I_counts":"{\"6\": 50}","source":232,"target":233,"layer":"L","from":"西安西部大道（西太路口）(地铁站)","to":"西安郭杜西(地铁站)"},"geometry":{"type":"LineString","coordinates":[[108.841759,34.172142],[108.842619,34.161561]]}},{"type":"Feature","properties":{"shape_id":"{}","direction_id":"{\"1\": 50}","headsign":"{}","duration_avg":120.0,"n_vehicles":50,"d":1200,"route_I_counts":"{\"6\": 50}","source":233,"target":232,"layer":"L","from":"西安郭杜西(地铁站)","to":"西安西部大道（西太路口）(地铁站)"},"geometry":{"type":"LineString","coordinates":[[108.842619,34.161561],[108.841759,34.172142]]}},{"type":"Feature","properties":{"shape_id":"{}","direction_id":"{\"0\": 50}","headsign":"{}","duration_avg":120.0,"n_vehicles":50,"d":1200,"route_I_counts":"{\"6\": 50}","source":233,"target":234,"layer":"L","from":"西安郭杜西(地铁站)","to":"西安仁村(地铁站)"},"geometry":{"type":"LineString","coordinates":[[108.842619,34.161561],[108.840919,34.153164]]}},{"type":"Feature","properties":{"shape_id":"{}","direction_id":"{\"1\": 50}","headsign":"{}","duration_avg":120.0,"n_vehicles":50,"d":1200,"route_I_counts":"{\"6\": 50}","source":234,"target":233,"layer":"L","from":"西安仁村(地铁站)","to":"西安郭杜西(地铁站)"},"geometry":{"type":"LineString","coordinates":[[108.840919,34.153164],[108.842619,34.161561]]}},{"type":"Feature","properties":{"shape_id":"{}","direction_id":"{\"0\": 50}","headsign":"{}","duration_avg":120.0,"n_vehicles":50,"d":1200,"route_I_counts":"{\"6\": 50}","source":234,"target":235,"layer":"L","from":"西安仁村(地铁站)","to":"西安国际医学中心(地铁站)"},"geometry":{"type":"LineString","coordinates":[[108.840919,34.153164],[108.834061,34.1469]]}},{"type":"Feature","properties":{"shape_id":"{}","direction_id":"{\"1\": 50}","headsign":"{}","duration_avg":120.0,"n_vehicles":50,"d":1200,"route_I_counts":"{\"6\": 50}","source":235,"target":234,"layer":"L","from":"西安国际医学中心(地铁站)","to":"西安仁村(地铁站)"},"geometry":{"type":"LineString","coordinates":[[108.834061,34.1469],[108.840919,34.153164]]}},{"type":"Feature","properties":{"shape_id":"{}","direction_id":"{\"0\": 50}","headsign":"{}","duration_avg":180.0,"n_vehicles":50,"d":1800,"route_I_counts":"{\"6\": 50}","source":235,"target":236,"layer":"L","from":"西安国际医学中心(地铁站)","to":"西安西电科大南校区·未来之瞳(地铁站)"},"geometry":{"type":"LineString","coordinates":[[108.834061,34.1469],[108.825653,34.133128]]}},{"type":"Feature","properties":{"shape_id":"{}","direction_id":"{\"1\": 50}","headsign":"{}","duration_avg":180.0,"n_vehicles":50,"d":1800,"route_I_counts":"{\"6\": 50}","source":236,"target":235,"layer":"L","from":"西安西电科大南校区·未来之瞳(地铁站)","to":"西安国际医学中心(地铁站)"},"geometry":{"type":"LineString","coordinates":[[108.825653,34.133128],[108.834061,34.1469]]}},{"type":"Feature","properties":{"shape_id":"{}","direction_id":"{\"0\": 50}","headsign":"{}","duration_avg":180.0,"n_vehicles":50,"d":1800,"route_I_counts":"{\"6\": 50}","source":236,"target":237,"layer":"L","from":"西安西电科大南校区·未来之瞳(地铁站)","to":"西安南站(地铁站)"},"geometry":{"type":"LineString","coordinates":[[108.825653,34.133128],[108.812675,34.121732]]}},{"type":"Feature","properties":{"shape_id":"{}","direction_id":"{\"1\": 50}","headsign":"{}","duration_avg":180.0,"n_vehicles":50,"d":1800,"route_I_counts":"{\"6\": 50}","source":237,"target":236,"layer":"L","from":"西安南站(地铁站)","to":"西安西电科大南校区·未来之瞳(地铁站)"},"geometry":{"type":"LineString","coordinates":[[108.812675,34.121732],[108.825653,34.133128]]}}]}