{
  "type": "FeatureCollection",
  "generator": "overpass-turbo",
  "copyright": "The data included in this document is from www.openstreetmap.org. The data is made available under ODbL.",
  "timestamp": "2026-09-22T08:45:51Z",
  "features": [
    {
      "type": "Feature",
      "properties": {
        "@id": "relation/13615304",
        "alt_name": "Line 1 – Naubasta to IIT Kanpur",
        "colour": "orange",
        "from": "IIT Kanpur",
        "interval": "5",
        "name": "Orange Line (IIT Kanpur -> Kanpur Central)",
        "name:hi": "ऑरेंज लाइन (आई आई टी कानपुर -> मोती झील)",
        "network": "Kanpur Metro",
        "network:wikidata": "Q17063873",
        "opening_hours": "06:00-22:00",
        "operator": "Uttar Pradesh Metro Rail Corporation",
        "public_transport:version": "2",
        "ref": "1",
        "route": "subway",
        "to": "Kanpur Central",
        "type": "route",
        "via": "Rawatpur",
        "wikidata": "Q110419397",
        "wikipedia": "en:Orange Line (Kanpur Metro)",
        "@relations": [
          {
            "role": "",
            "rel": 13615315,
            "reltags": {
              "alt_name": "Kanpur Metro Line 1",
              "colour": "orange",
              "name": "Orange Line",
              "name:hi": "ऑरेंज लाइन",
              "network": "Kanpur Metro",
              "network:wikidata": "Q17063873",
              "operator": "Uttar Pradesh Metro Rail Corporation",
              "ref": "1",
              "route_master": "subway",
              "type": "route_master",
              "wikidata": "Q110419397",
              "wikipedia": "en:Orange Line (Kanpur Metro)"
            }
          }
        ]
      },
      "geometry": {
        "type": "LineString",
        "coordinates": [
          [
            80.2477782,
            26.509835
          ],
          [
            80.2478264,
            26.5097752
          ],
          [
            80.2482348,
            26.5092692
          ],
          [
            80.2482917,
            26.5091987
          ],
          [
            80.2492141,
            26.5080156
          ],
          [
            80.249526,
            26.5076155
          ],
          [
            80.2500233,
            26.5069175
          ],
          [
            80.2516435,
            26.5047398
          ],
          [
            80.2525473,
            26.5037165
          ],
          [
            80.2548033,
            26.501134
          ],
          [
            80.2551652,
            26.5007827
          ],
          [
            80.2554682,
            26.50052
          ],
          [
            80.2558628,
            26.5002496
          ],
          [
            80.2566349,
            26.4997394
          ],
          [
            80.2568996,
            26.4995685
          ],
          [
            80.2572108,
            26.4994122
          ],
          [
            80.2578545,
            26.4991832
          ],
          [
            80.2588935,
            26.4988842
          ],
          [
            80.2674265,
            26.4964288
          ],
          [
            80.2812916,
            26.4924389
          ],
          [
            80.2843655,
            26.4915616
          ],
          [
            80.2853314,
            26.4911968
          ],
          [
            80.2859447,
            26.4908936
          ],
          [
            80.289904,
            26.48839
          ],
          [
            80.2903297,
            26.4881209
          ],
          [
            80.292134,
            26.4869799
          ],
          [
            80.2952122,
            26.4851298
          ],
          [
            80.2966283,
            26.4843249
          ],
          [
            80.3000741,
            26.4828454
          ],
          [
            80.3005899,
            26.4825851
          ],
          [
            80.3024432,
            26.4812621
          ],
          [
            80.3030112,
            26.4809263
          ],
          [
            80.3037742,
            26.4805296
          ],
          [
            80.3042533,
            26.4803248
          ],
          [
            80.3047577,
            26.4801817
          ],
          [
            80.3059835,
            26.4801051
          ],
          [
            80.3083117,
            26.479721
          ],
          [
            80.3093355,
            26.4794577
          ],
          [
            80.3104482,
            26.479355
          ],
          [
            80.3115654,
            26.4792518
          ],
          [
            80.3143475,
            26.4790507
          ],
          [
            80.3161215,
            26.4791063
          ],
          [
            80.3170049,
            26.479134
          ],
          [
            80.3178927,
            26.4791115
          ],
          [
            80.3185679,
            26.4790943
          ],
          [
            80.3186355,
            26.4790926
          ],
          [
            80.3194398,
            26.479048
          ],
          [
            80.3197526,
            26.4790316
          ],
          [
            80.3204493,
            26.4789585
          ],
          [
            80.3208063,
            26.4789136
          ],
          [
            80.3211136,
            26.4788666
          ],
          [
            80.3213632,
            26.4788292
          ],
          [
            80.3215793,
            26.4787799
          ],
          [
            80.3217589,
            26.4787291
          ],
          [
            80.3219316,
            26.4786739
          ],
          [
            80.3221727,
            26.4785505
          ],
          [
            80.3227959,
            26.4781927
          ],
          [
            80.3230085,
            26.4780853
          ],
          [
            80.3231495,
            26.4780315
          ],
          [
            80.3233021,
            26.4779851
          ],
          [
            80.3234685,
            26.4779495
          ],
          [
            80.3236313,
            26.4779254
          ],
          [
            80.3238191,
            26.4779142
          ],
          [
            80.3240013,
            26.477921
          ],
          [
            80.3241567,
            26.4779442
          ],
          [
            80.324288,
            26.4779659
          ],
          [
            80.3244152,
            26.4779971
          ],
          [
            80.324536,
            26.4780321
          ],
          [
            80.3246644,
            26.478078
          ],
          [
            80.3247885,
            26.4781337
          ],
          [
            80.324908,
            26.4781947
          ],
          [
            80.3251152,
            26.4783246
          ],
          [
            80.3252856,
            26.478464
          ],
          [
            80.3253997,
            26.478577
          ],
          [
            80.3257708,
            26.4789825
          ],
          [
            80.3259336,
            26.4791447
          ],
          [
            80.3260074,
            26.4792193
          ],
          [
            80.3261307,
            26.4793345
          ],
          [
            80.326349,
            26.4795022
          ],
          [
            80.3266104,
            26.4796953
          ],
          [
            80.3278791,
            26.4805375
          ],
          [
            80.3282023,
            26.4807372
          ],
          [
            80.328446,
            26.480854
          ],
          [
            80.3284992,
            26.4808734
          ],
          [
            80.3288283,
            26.4809933
          ],
          [
            80.3290851,
            26.4810388
          ],
          [
            80.329312,
            26.48106
          ],
          [
            80.3294353,
            26.4810721
          ],
          [
            80.3295528,
            26.4810756
          ],
          [
            80.3296868,
            26.4810806
          ],
          [
            80.3298405,
            26.4810778
          ],
          [
            80.3299701,
            26.4810684
          ],
          [
            80.3301059,
            26.4810561
          ],
          [
            80.3302303,
            26.4810395
          ],
          [
            80.3303578,
            26.481009
          ],
          [
            80.3320957,
            26.4805234
          ],
          [
            80.3322238,
            26.4804799
          ],
          [
            80.3324788,
            26.4803749
          ],
          [
            80.3326597,
            26.4802772
          ],
          [
            80.3328112,
            26.4801813
          ],
          [
            80.3333346,
            26.4798771
          ],
          [
            80.3341007,
            26.4794492
          ],
          [
            80.3347035,
            26.4789298
          ],
          [
            80.3352211,
            26.4783564
          ],
          [
            80.3357269,
            26.4778382
          ],
          [
            80.3360652,
            26.4775495
          ],
          [
            80.336499,
            26.4773158
          ],
          [
            80.3366456,
            26.4771953
          ],
          [
            80.3370488,
            26.4770043
          ],
          [
            80.3372195,
            26.4769297
          ],
          [
            80.3379914,
            26.476616
          ],
          [
            80.3382543,
            26.4765472
          ],
          [
            80.3427606,
            26.4747706
          ],
          [
            80.344799,
            26.4740743
          ],
          [
            80.3454375,
            26.4739966
          ],
          [
            80.3484683,
            26.4736276
          ],
          [
            80.3515608,
            26.4729349
          ],
          [
            80.3519961,
            26.4728029
          ],
          [
            80.3523949,
            26.472671
          ],
          [
            80.3531236,
            26.4724449
          ],
          [
            80.3538464,
            26.4721992
          ],
          [
            80.354937,
            26.4719143
          ],
          [
            80.3564719,
            26.4716298
          ],
          [
            80.3572443,
            26.4714665
          ],
          [
            80.3579309,
            26.4711302
          ],
          [
            80.3584404,
            26.4706548
          ],
          [
            80.3592123,
            26.4697394
          ],
          [
            80.3597908,
            26.4689085
          ],
          [
            80.3599236,
            26.4685298
          ],
          [
            80.3599108,
            26.4678643
          ],
          [
            80.3594773,
            26.4660294
          ],
          [
            80.3594642,
            26.4641698
          ],
          [
            80.3594617,
            26.4638201
          ],
          [
            80.3589818,
            26.462486
          ],
          [
            80.3544326,
            26.455167
          ],
          [
            80.3537459,
            26.4546099
          ],
          [
            80.3528017,
            26.4542065
          ],
          [
            80.3517807,
            26.4539113
          ]
        ]
      },
      "id": "relation/13615304"
    },
    {
      "type": "Feature",
      "properties": {
        "@id": "relation/13615312",
        "alt_name": "Line 1 – IIT Kanpur to Naubasta",
        "colour": "orange",
        "from": "Kanpur Central",
        "interval": "5",
        "name": "Orange Line (Kanpur Central -> IIT Kanpur)",
        "name:hi": "ऑरेंज लाइन (मोती झील -> आई आई टी कानपुर)",
        "network": "Kanpur Metro",
        "network:wikidata": "Q17063873",
        "opening_hours": "06:00-22:00",
        "operator": "Uttar Pradesh Metro Rail Corporation",
        "public_transport:version": "2",
        "ref": "1",
        "route": "subway",
        "to": "IIT Kanpur",
        "type": "route",
        "via": "Rawatpur",
        "wikidata": "Q110419397",
        "wikipedia": "en:Orange Line (Kanpur Metro)",
        "@relations": [
          {
            "role": "",
            "rel": 13615315,
            "reltags": {
              "alt_name": "Kanpur Metro Line 1",
              "colour": "orange",
              "name": "Orange Line",
              "name:hi": "ऑरेंज लाइन",
              "network": "Kanpur Metro",
              "network:wikidata": "Q17063873",
              "operator": "Uttar Pradesh Metro Rail Corporation",
              "ref": "1",
              "route_master": "subway",
              "type": "route_master",
              "wikidata": "Q110419397",
              "wikipedia": "en:Orange Line (Kanpur Metro)"
            }
          }
        ]
      },
      "geometry": {
        "type": "LineString",
        "coordinates": [
          [
            80.2478165,
            26.5098393
          ],
          [
            80.2483253,
            26.5092172
          ],
          [
            80.2489112,
            26.5084667
          ],
          [
            80.2495646,
            26.5076297
          ],
          [
            80.2500518,
            26.5069318
          ],
          [
            80.2516903,
            26.5047715
          ],
          [
            80.2521353,
            26.5042506
          ],
          [
            80.2525805,
            26.5037464
          ],
          [
            80.2548288,
            26.5011693
          ],
          [
            80.2552016,
            26.5008137
          ],
          [
            80.2554954,
            26.5005451
          ],
          [
            80.2559056,
            26.5002628
          ],
          [
            80.2566632,
            26.4997681
          ],
          [
            80.256922,
            26.4996111
          ],
          [
            80.2572353,
            26.4994464
          ],
          [
            80.257868,
            26.4992123
          ],
          [
            80.2589043,
            26.4989141
          ],
          [
            80.2674344,
            26.4964595
          ],
          [
            80.2813027,
            26.4924687
          ],
          [
            80.2843782,
            26.4915909
          ],
          [
            80.285352,
            26.4912192
          ],
          [
            80.285962,
            26.4909211
          ],
          [
            80.2896959,
            26.4885601
          ],
          [
            80.289924,
            26.4884158
          ],
          [
            80.2903517,
            26.4881454
          ],
          [
            80.2903969,
            26.4881168
          ],
          [
            80.2921539,
            26.4870058
          ],
          [
            80.2934335,
            26.4862367
          ],
          [
            80.2952314,
            26.4851561
          ],
          [
            80.2966454,
            26.4843524
          ],
          [
            80.3000903,
            26.4828733
          ],
          [
            80.3006096,
            26.4826113
          ],
          [
            80.3024634,
            26.4812879
          ],
          [
            80.3030277,
            26.4809541
          ],
          [
            80.30379,
            26.4805578
          ],
          [
            80.3042662,
            26.4803541
          ],
          [
            80.3047677,
            26.480212
          ],
          [
            80.3059896,
            26.4801361
          ],
          [
            80.3083166,
            26.4797521
          ],
          [
            80.3093397,
            26.4794889
          ],
          [
            80.3104521,
            26.4793862
          ],
          [
            80.3115685,
            26.4792831
          ],
          [
            80.3143486,
            26.4790821
          ],
          [
            80.3155887,
            26.479121
          ],
          [
            80.3170041,
            26.4791654
          ],
          [
            80.3177704,
            26.479146
          ],
          [
            80.3178942,
            26.4791428
          ],
          [
            80.318636,
            26.479124
          ],
          [
            80.3192238,
            26.4791025
          ],
          [
            80.3194413,
            26.4790945
          ],
          [
            80.3195944,
            26.4790841
          ],
          [
            80.3197448,
            26.4790743
          ],
          [
            80.3199795,
            26.4790559
          ],
          [
            80.3203365,
            26.4790161
          ],
          [
            80.3207138,
            26.478965
          ],
          [
            80.3213589,
            26.4788627
          ],
          [
            80.3215986,
            26.4788107
          ],
          [
            80.3217805,
            26.4787524
          ],
          [
            80.3219397,
            26.4786972
          ],
          [
            80.3221242,
            26.4786177
          ],
          [
            80.3222394,
            26.4785572
          ],
          [
            80.3223858,
            26.4784734
          ],
          [
            80.3225587,
            26.4783694
          ],
          [
            80.3227752,
            26.4782486
          ],
          [
            80.322918,
            26.4781673
          ],
          [
            80.3230625,
            26.478101
          ],
          [
            80.3231918,
            26.4780538
          ],
          [
            80.3233014,
            26.4780219
          ],
          [
            80.3234365,
            26.477993
          ],
          [
            80.3235931,
            26.4779676
          ],
          [
            80.3237461,
            26.4779564
          ],
          [
            80.3239222,
            26.4779548
          ],
          [
            80.3241322,
            26.4779755
          ],
          [
            80.3242157,
            26.477988
          ],
          [
            80.3243347,
            26.4780126
          ],
          [
            80.3244476,
            26.4780375
          ],
          [
            80.3245555,
            26.4780705
          ],
          [
            80.3246915,
            26.4781231
          ],
          [
            80.3248389,
            26.478193
          ],
          [
            80.3249907,
            26.4782865
          ],
          [
            80.3251074,
            26.4783658
          ],
          [
            80.3251943,
            26.4784396
          ],
          [
            80.3252855,
            26.4785252
          ],
          [
            80.3254338,
            26.4786666
          ],
          [
            80.3256225,
            26.4788693
          ],
          [
            80.3257547,
            26.479018
          ],
          [
            80.3259286,
            26.4791873
          ],
          [
            80.3260146,
            26.479269
          ],
          [
            80.3261028,
            26.4793486
          ],
          [
            80.3261994,
            26.4794288
          ],
          [
            80.3263205,
            26.4795278
          ],
          [
            80.3264288,
            26.479606
          ],
          [
            80.3266558,
            26.4797654
          ],
          [
            80.3268107,
            26.4798698
          ],
          [
            80.3273836,
            26.4802531
          ],
          [
            80.3278584,
            26.4805673
          ],
          [
            80.3281841,
            26.4807706
          ],
          [
            80.3284279,
            26.4808887
          ],
          [
            80.3284864,
            26.4809089
          ],
          [
            80.3288181,
            26.4810232
          ],
          [
            80.3290864,
            26.4810696
          ],
          [
            80.3293552,
            26.4811083
          ],
          [
            80.3295158,
            26.4811194
          ],
          [
            80.329678,
            26.4811222
          ],
          [
            80.3298934,
            26.4811171
          ],
          [
            80.3300148,
            26.4811048
          ],
          [
            80.3301616,
            26.481091
          ],
          [
            80.3302898,
            26.4810688
          ],
          [
            80.330371,
            26.4810469
          ],
          [
            80.3305417,
            26.4809968
          ],
          [
            80.3320034,
            26.4805883
          ],
          [
            80.3321984,
            26.4805343
          ],
          [
            80.3324894,
            26.4804466
          ],
          [
            80.3325645,
            26.4804226
          ],
          [
            80.3326691,
            26.4803806
          ],
          [
            80.3327979,
            26.480311
          ],
          [
            80.3328904,
            26.480263
          ],
          [
            80.3338872,
            26.4797079
          ],
          [
            80.3342223,
            26.4795022
          ],
          [
            80.3348498,
            26.4789353
          ],
          [
            80.3356155,
            26.4780655
          ],
          [
            80.3358299,
            26.4778309
          ],
          [
            80.3361013,
            26.4776243
          ],
          [
            80.3366547,
            26.4772946
          ],
          [
            80.3371086,
            26.4771014
          ],
          [
            80.3374786,
            26.4769438
          ],
          [
            80.3380434,
            26.4767216
          ],
          [
            80.3427992,
            26.4748743
          ],
          [
            80.3448225,
            26.4742017
          ],
          [
            80.3454583,
            26.4741254
          ],
          [
            80.346873,
            26.4739196
          ],
          [
            80.3484986,
            26.4737191
          ],
          [
            80.3515787,
            26.4729662
          ],
          [
            80.3520132,
            26.4728426
          ],
          [
            80.3524167,
            26.4727098
          ],
          [
            80.3526496,
            26.4726318
          ],
          [
            80.3538654,
            26.4722446
          ],
          [
            80.3549345,
            26.4719623
          ],
          [
            80.3564784,
            26.4716779
          ],
          [
            80.3572684,
            26.4715186
          ],
          [
            80.3579482,
            26.4711522
          ],
          [
            80.358377,
            26.4707731
          ],
          [
            80.3592669,
            26.4697519
          ],
          [
            80.3598412,
            26.4689187
          ],
          [
            80.3599812,
            26.4685313
          ],
          [
            80.3599645,
            26.467857
          ],
          [
            80.3595502,
            26.4660441
          ],
          [
            80.3595459,
            26.4641601
          ],
          [
            80.3595456,
            26.4640724
          ],
          [
            80.3595426,
            26.4638111
          ],
          [
            80.3590429,
            26.4624607
          ],
          [
            80.354479,
            26.4551566
          ],
          [
            80.3537797,
            26.4545737
          ],
          [
            80.3528281,
            26.4541602
          ],
          [
            80.3517971,
            26.4538633
          ]
        ]
      },
      "id": "relation/13615312"
    },
    {
      "type": "Feature",
      "properties": {
        "@id": "way/1138189547",
        "building": "train_station",
        "building:levels": "4",
        "building:min_levels": "2",
        "layer": "1",
        "name": "Moti Jheel",
        "name:hi": "मोती झील",
        "network": "Kanpur Metro",
        "note": "Contributors are requested to not edit the \"network\" and the \"operator\" tags. (2023/11/08)",
        "operator": "Uttar Pradesh Metro Rail Corporation Limited",
        "subway": "yes",
        "wikidata": "Q110300588",
        "wikipedia": "en:Moti Jheel metro station",
        "@relations": [
          {
            "role": "",
            "rel": 13615314,
            "reltags": {
              "colour": "orange",
              "name": "Moti Jheel",
              "name:hi": "मोती झील",
              "network": "Kanpur Metro",
              "operator": "Uttar Pradesh Metro Rail Corporation",
              "public_transport": "stop_area",
              "type": "public_transport"
            }
          }
        ]
      },
      "geometry": {
        "type": "Polygon",
        "coordinates": [
          [
            [
              80.3177828,
              26.4791905
            ],
            [
              80.317451,
              26.4792022
            ],
            [
              80.3174449,
              26.4790623
            ],
            [
              80.3177674,
              26.479051
            ],
            [
              80.3177644,
              26.4789822
            ],
            [
              80.3181135,
              26.47897
            ],
            [
              80.3181159,
              26.4790265
            ],
            [
              80.3182871,
              26.4790205
            ],
            [
              80.3182935,
              26.4791674
            ],
            [
              80.3181281,
              26.4791731
            ],
            [
              80.3181312,
              26.4792446
            ],
            [
              80.3177857,
              26.4792567
            ],
            [
              80.3177828,
              26.4791905
            ]
          ]
        ]
      },
      "id": "way/1138189547"
    },
    {
      "type": "Feature",
      "properties": {
        "@id": "way/1138189976",
        "building": "train_station",
        "building:levels": "4",
        "building:min_levels": "2",
        "layer": "1",
        "name": "IIT Kanpur",
        "name:hi": "आई आई टी कानपुर",
        "network": "Kanpur Metro",
        "note": "Contributors are requested to not edit the \"network\" and the \"operator\" tags. (2023/11/08)",
        "operator": "Uttar Pradesh Metro Rail Corporation Limited",
        "public_transport": "station",
        "wikidata": "Q110300579",
        "wikipedia": "en:IIT Kanpur metro station",
        "@relations": [
          {
            "role": "",
            "rel": 13615310,
            "reltags": {
              "colour": "orange",
              "name": "IIT Kanpur",
              "name:hi": "आई आई टी कानपुर",
              "network": "Kanpur Metro",
              "operator": "Uttar Pradesh Metro Rail Corporation",
              "public_transport": "stop_area",
              "type": "public_transport"
            }
          }
        ]
      },
      "geometry": {
        "type": "Polygon",
        "coordinates": [
          [
            [
              80.2481841,
              26.5095668
            ],
            [
              80.2479683,
              26.5094249
            ],
            [
              80.2481639,
              26.5091867
            ],
            [
              80.2481207,
              26.5091583
            ],
            [
              80.2482449,
              26.5090071
            ],
            [
              80.2482829,
              26.5090322
            ],
            [
              80.2484365,
              26.5088451
            ],
            [
              80.2486574,
              26.5089904
            ],
            [
              80.2481841,
              26.5095668
            ]
          ]
        ]
      },
      "id": "way/1138189976"
    },
    {
      "type": "Feature",
      "properties": {
        "@id": "way/1138319542",
        "building": "train_station",
        "building:levels": "4",
        "building:min_levels": "2",
        "layer": "1",
        "name": "Kalyanpur Metro Station",
        "name:hi": "कल्याणपुर",
        "network": "Kanpur Metro",
        "note": "Contributors are requested to not edit the \"network\" and the \"operator\" tags. (2023/11/08)",
        "operator": "Uttar Pradesh Metro Rail Corporation Limited",
        "subway": "yes",
        "wikidata": "Q110300581",
        "wikipedia": "en:Kalyanpur metro station",
        "@relations": [
          {
            "role": "",
            "rel": 13615309,
            "reltags": {
              "alt_name": "Kalyanpur Railway Station",
              "colour": "orange",
              "name": "Kalyanpur",
              "name:hi": "कल्याणपुर",
              "network": "Kanpur Metro",
              "operator": "Uttar Pradesh Metro Rail Corporation",
              "public_transport": "stop_area",
              "type": "public_transport"
            }
          }
        ]
      },
      "geometry": {
        "type": "Polygon",
        "coordinates": [
          [
            [
              80.2524259,
              26.5040785
            ],
            [
              80.2522105,
              26.5039276
            ],
            [
              80.2527074,
              26.5033597
            ],
            [
              80.2529228,
              26.5035106
            ],
            [
              80.2524259,
              26.5040785
            ]
          ]
        ]
      },
      "id": "way/1138319542"
    },
    {
      "type": "Feature",
      "properties": {
        "@id": "way/1392878530",
        "building": "train_station",
        "building:levels": "4",
        "building:min_levels": "2",
        "layer": "1",
        "name": "SPM Hospital",
        "name:hi": "एस पी एम हाॅस्पिटल",
        "network": "Kanpur Metro",
        "note": "Contributors are requested to not edit the \"network\" and the \"operator\" tags. (2023/11/08)",
        "operator": "Uttar Pradesh Metro Rail Corporation Limited",
        "subway": "yes",
        "wikidata": "Q110300582",
        "wikipedia": "en:SPM Hospital metro station",
        "@relations": [
          {
            "role": "",
            "rel": 13615308,
            "reltags": {
              "colour": "orange",
              "name": "SPM Hospital",
              "name:hi": "एस पी एम हाॅस्पिटल",
              "network": "Kanpur Metro",
              "operator": "Uttar Pradesh Metro Rail Corporation",
              "public_transport": "stop_area",
              "type": "public_transport"
            }
          }
        ]
      },
      "geometry": {
        "type": "Polygon",
        "coordinates": [
          [
            [
              80.2587428,
              26.4990753
            ],
            [
              80.2586556,
              26.4988232
            ],
            [
              80.2594346,
              26.498609
            ],
            [
              80.2595192,
              26.4988469
            ],
            [
              80.2587428,
              26.4990753
            ]
          ]
        ]
      },
      "id": "way/1392878530"
    },
    {
      "type": "Feature",
      "properties": {
        "@id": "way/1392878531",
        "alt_name": "CSJM University",
        "building": "train_station",
        "building:levels": "4",
        "building:min_levels": "2",
        "layer": "1",
        "name": "Vishwavidyalaya",
        "name:hi": "विश्वविद्यालय",
        "network": "Kanpur Metro",
        "note": "Contributors are requested to not edit the \"network\" and the \"operator\" tags. (2023/11/08)",
        "operator": "Uttar Pradesh Metro Rail Corporation Limited",
        "subway": "yes",
        "wikidata": "Q110300583",
        "wikipedia": "en:Vishwavidyalaya Kanpur metro station"
      },
      "geometry": {
        "type": "Polygon",
        "coordinates": [
          [
            [
              80.267835,
              26.4964719
            ],
            [
              80.2670645,
              26.4966915
            ],
            [
              80.2669787,
              26.4964504
            ],
            [
              80.2677491,
              26.4962306
            ],
            [
              80.267835,
              26.4964719
            ]
          ]
        ]
      },
      "id": "way/1392878531"
    },
    {
      "type": "Feature",
      "properties": {
        "@id": "way/1392878532",
        "building": "train_station",
        "building:levels": "4",
        "building:min_levels": "2",
        "layer": "1",
        "name": "Gurudev Chauraha",
        "name:hi": "गुरुदेव चौराहा",
        "network": "Kanpur Metro",
        "note": "Contributors are requested to not edit the \"network\" and the \"operator\" tags. (2023/11/08)",
        "operator": "Uttar Pradesh Metro Rail Corporation Limited",
        "subway": "yes",
        "wikidata": "Q110300584",
        "wikipedia": "en:Gurudev Chauraha metro station",
        "@relations": [
          {
            "role": "",
            "rel": 13615307,
            "reltags": {
              "colour": "orange",
              "name": "Gurudev Chauraha",
              "name:hi": "गुरुदेव चौराहा",
              "network": "Kanpur Metro",
              "operator": "Uttar Pradesh Metro Rail Corporation",
              "public_transport": "stop_area",
              "type": "public_transport"
            }
          }
        ]
      },
      "geometry": {
        "type": "Polygon",
        "coordinates": [
          [
            [
              80.2848654,
              26.4915376
            ],
            [
              80.2840792,
              26.4917824
            ],
            [
              80.2839942,
              26.4915639
            ],
            [
              80.2847805,
              26.4913192
            ],
            [
              80.2848654,
              26.4915376
            ]
          ]
        ]
      },
      "id": "way/1392878532"
    },
    {
      "type": "Feature",
      "properties": {
        "@id": "way/1392878600",
        "building": "train_station",
        "building:levels": "4",
        "building:min_levels": "2",
        "layer": "1",
        "name": "Geeta Nagar",
        "name:hi": "गीता नगर",
        "network": "Kanpur Metro",
        "note": "Contributors are requested to not edit the \"network\" and the \"operator\" tags. (2023/11/08)",
        "operator": "Uttar Pradesh Metro Rail Corporation Limited",
        "subway": "yes",
        "wikidata": "Q110300585",
        "wikipedia": "en:Geeta Nagar metro station",
        "@relations": [
          {
            "role": "",
            "rel": 13615305,
            "reltags": {
              "colour": "orange",
              "name": "Geeta Nagar",
              "name:hi": "गीता नगर",
              "network": "Kanpur Metro",
              "operator": "Uttar Pradesh Metro Rail Corporation",
              "public_transport": "stop_area",
              "type": "public_transport"
            }
          }
        ]
      },
      "geometry": {
        "type": "Polygon",
        "coordinates": [
          [
            [
              80.2923918,
              26.4870593
            ],
            [
              80.29173,
              26.4874664
            ],
            [
              80.2915557,
              26.4872394
            ],
            [
              80.2922174,
              26.4868322
            ],
            [
              80.2923918,
              26.4870593
            ]
          ]
        ]
      },
      "id": "way/1392878600"
    },
    {
      "type": "Feature",
      "properties": {
        "@id": "way/1392878601",
        "building": "train_station",
        "building:levels": "4",
        "building:min_levels": "2",
        "layer": "1",
        "name": "Rawatpur",
        "name:hi": "रावतपुर",
        "network": "Kanpur Metro",
        "note": "Contributors are requested to not edit the \"network\" and the \"operator\" tags. (2023/11/08)",
        "operator": "Uttar Pradesh Metro Rail Corporation Limited",
        "subway": "yes",
        "wikidata": "Q110300586",
        "wikipedia": "en:Rawatpur metro station",
        "@relations": [
          {
            "role": "",
            "rel": 13615311,
            "reltags": {
              "colour": "orange",
              "name": "Rawatpur",
              "name:hi": "रावतपुर",
              "network": "Kanpur Metro",
              "operator": "Uttar Pradesh Metro Rail Corporation",
              "public_transport": "stop_area",
              "type": "public_transport"
            }
          }
        ]
      },
      "geometry": {
        "type": "Polygon",
        "coordinates": [
          [
            [
              80.3002941,
              26.4828345
            ],
            [
              80.2995813,
              26.4831877
            ],
            [
              80.2994475,
              26.4829713
            ],
            [
              80.3001604,
              26.4826182
            ],
            [
              80.3002941,
              26.4828345
            ]
          ]
        ]
      },
      "id": "way/1392878601"
    },
    {
      "type": "Feature",
      "properties": {
        "@id": "way/1392878602",
        "alt_name": "Lala Lajpat Rai Hospital",
        "building": "train_station",
        "building:levels": "4",
        "building:min_levels": "2",
        "layer": "1",
        "name": "LLR Hospital",
        "name:hi": "एल एल आर हाॅस्पिटल",
        "network": "Kanpur Metro",
        "note": "Contributors are requested to not edit the \"network\" and the \"operator\" tags. (2023/11/08)",
        "operator": "Uttar Pradesh Metro Rail Corporation Limited",
        "subway": "yes",
        "wikidata": "Q110300587",
        "wikipedia": "en:LLR Hospital metro station",
        "@relations": [
          {
            "role": "",
            "rel": 13615313,
            "reltags": {
              "alt_name": "Lala Lajpat Rai Hospital",
              "colour": "orange",
              "name": "LLR Hospital",
              "name:hi": "एल एल आर हाॅस्पिटल",
              "network": "Kanpur Metro",
              "operator": "Uttar Pradesh Metro Rail Corporation",
              "public_transport": "stop_area",
              "type": "public_transport"
            }
          }
        ]
      },
      "geometry": {
        "type": "Polygon",
        "coordinates": [
          [
            [
              80.312152,
              26.4793393
            ],
            [
              80.311355,
              26.4793916
            ],
            [
              80.3113343,
              26.4791387
            ],
            [
              80.3121314,
              26.4790866
            ],
            [
              80.312152,
              26.4793393
            ]
          ]
        ]
      },
      "id": "way/1392878602"
    },
    {
      "type": "Feature",
      "properties": {
        "@id": "way/588745584",
        "electrified": "proposed",
        "gauge": "1435",
        "name": "Line 1 – IIT Kanpur to Naubasta",
        "network": "Kanpur Metro",
        "operator": "Uttar Pradesh Metro Rail Corporation Limited",
        "proposed": "subway",
        "proposed:electrified": "rail",
        "proposed:frequency": "0",
        "proposed:railway": "subway",
        "proposed:voltage": "750",
        "railway": "proposed",
        "tunnel": "yes"
      },
      "geometry": {
        "type": "LineString",
        "coordinates": [
          [
            80.3517805,
            26.4538835
          ],
          [
            80.3500939,
            26.4534115
          ],
          [
            80.3469654,
            26.4525544
          ],
          [
            80.3396058,
            26.4501721
          ],
          [
            80.3358559,
            26.4491445
          ],
          [
            80.3307543,
            26.4473866
          ],
          [
            80.3300194,
            26.4469639
          ],
          [
            80.3293918,
            26.4463683
          ],
          [
            80.3289864,
            26.4455719
          ],
          [
            80.3282547,
            26.4444278
          ],
          [
            80.3270133,
            26.4423827
          ],
          [
            80.3252141,
            26.4393962
          ],
          [
            80.3226888,
            26.4347297
          ],
          [
            80.3219298,
            26.4331205
          ],
          [
            80.3215275,
            26.4322463
          ],
          [
            80.321238,
            26.4312665
          ],
          [
            80.319123,
            26.4214723
          ],
          [
            80.3189846,
            26.4208315
          ],
          [
            80.3186252,
            26.4188954
          ],
          [
            80.3183086,
            26.4174012
          ],
          [
            80.3179792,
            26.4151683
          ],
          [
            80.3179975,
            26.4150471
          ],
          [
            80.3178526,
            26.4141391
          ],
          [
            80.3176864,
            26.4121933
          ],
          [
            80.3173752,
            26.4104349
          ],
          [
            80.3170771,
            26.4090269
          ],
          [
            80.3168401,
            26.4084001
          ],
          [
            80.3162835,
            26.4069419
          ],
          [
            80.3158414,
            26.4059256
          ],
          [
            80.3156148,
            26.4053886
          ],
          [
            80.315448,
            26.4049456
          ],
          [
            80.3147842,
            26.4031223
          ],
          [
            80.3144464,
            26.4020174
          ],
          [
            80.3140068,
            26.4003267
          ]
        ]
      },
      "id": "way/588745584"
    },
    {
      "type": "Feature",
      "properties": {
        "@id": "way/917364832",
        "bridge": "viaduct",
        "colour": "orange",
        "electrified": "rail",
        "frequency": "0",
        "gauge": "1435",
        "layer": "1",
        "maxspeed": "80",
        "name": "Orange Line",
        "network": "Kanpur Metro",
        "note": "Contributors are requested to not edit the \"network\" and the \"operator\" tags. (2023/11/08)",
        "operator": "Uttar Pradesh Metro Rail Corporation Limited",
        "railway": "subway",
        "subway": "yes",
        "voltage": "750",
        "@relations": [
          {
            "role": "",
            "rel": 13615304,
            "reltags": {
              "alt_name": "Line 1 – Naubasta to IIT Kanpur",
              "colour": "orange",
              "from": "IIT Kanpur",
              "interval": "5",
              "name": "Orange Line (IIT Kanpur -> Kanpur Central)",
              "name:hi": "ऑरेंज लाइन (आई आई टी कानपुर -> मोती झील)",
              "network": "Kanpur Metro",
              "network:wikidata": "Q17063873",
              "opening_hours": "06:00-22:00",
              "operator": "Uttar Pradesh Metro Rail Corporation",
              "public_transport:version": "2",
              "ref": "1",
              "route": "subway",
              "to": "Kanpur Central",
              "type": "route",
              "via": "Rawatpur",
              "wikidata": "Q110419397",
              "wikipedia": "en:Orange Line (Kanpur Metro)"
            }
          }
        ]
      },
      "geometry": {
        "type": "LineString",
        "coordinates": [
          [
            80.2482917,
            26.5091987
          ],
          [
            80.2492141,
            26.5080156
          ],
          [
            80.249526,
            26.5076155
          ],
          [
            80.2500233,
            26.5069175
          ],
          [
            80.2516435,
            26.5047398
          ],
          [
            80.2525473,
            26.5037165
          ],
          [
            80.2548033,
            26.501134
          ],
          [
            80.2551652,
            26.5007827
          ],
          [
            80.2554682,
            26.50052
          ],
          [
            80.2558628,
            26.5002496
          ],
          [
            80.2566349,
            26.4997394
          ],
          [
            80.2568996,
            26.4995685
          ],
          [
            80.2572108,
            26.4994122
          ],
          [
            80.2578545,
            26.4991832
          ],
          [
            80.2588935,
            26.4988842
          ],
          [
            80.2674265,
            26.4964288
          ],
          [
            80.2812916,
            26.4924389
          ],
          [
            80.2843655,
            26.4915616
          ],
          [
            80.2853314,
            26.4911968
          ],
          [
            80.2859447,
            26.4908936
          ],
          [
            80.289904,
            26.48839
          ],
          [
            80.2903297,
            26.4881209
          ],
          [
            80.292134,
            26.4869799
          ],
          [
            80.2952122,
            26.4851298
          ],
          [
            80.2966283,
            26.4843249
          ],
          [
            80.3000741,
            26.4828454
          ],
          [
            80.3005899,
            26.4825851
          ],
          [
            80.3024432,
            26.4812621
          ],
          [
            80.3030112,
            26.4809263
          ],
          [
            80.3037742,
            26.4805296
          ],
          [
            80.3042533,
            26.4803248
          ],
          [
            80.3047577,
            26.4801817
          ],
          [
            80.3059835,
            26.4801051
          ],
          [
            80.3083117,
            26.479721
          ],
          [
            80.3093355,
            26.4794577
          ],
          [
            80.3104482,
            26.479355
          ],
          [
            80.3115654,
            26.4792518
          ],
          [
            80.3143475,
            26.4790507
          ],
          [
            80.3161215,
            26.4791063
          ],
          [
            80.3170049,
            26.479134
          ],
          [
            80.3178927,
            26.4791115
          ],
          [
            80.3185679,
            26.4790943
          ],
          [
            80.3186355,
            26.4790926
          ],
          [
            80.3194398,
            26.479048
          ]
        ]
      },
      "id": "way/917364832"
    },
    {
      "type": "Feature",
      "properties": {
        "@id": "way/1041998407",
        "bridge": "viaduct",
        "electrified": "rail",
        "frequency": "0",
        "gauge": "1435",
        "layer": "1",
        "maxspeed": "80",
        "name": "Line 1 – IIT Kanpur to Naubasta",
        "network": "Kanpur Metro",
        "note": "Contributors are requested to not edit the \"network\" and the \"operator\" tags. (2023/11/08)",
        "operator": "Uttar Pradesh Metro Rail Corporation Limited",
        "railway": "subway",
        "service": "yard",
        "subway": "yes",
        "voltage": "750"
      },
      "geometry": {
        "type": "LineString",
        "coordinates": [
          [
            80.2459517,
            26.5117421
          ],
          [
            80.2470149,
            26.5106954
          ],
          [
            80.2472939,
            26.5103809
          ],
          [
            80.2476355,
            26.5099959
          ],
          [
            80.2477782,
            26.509835
          ]
        ]
      },
      "id": "way/1041998407"
    },
    {
      "type": "Feature",
      "properties": {
        "@id": "way/1041998408",
        "bridge": "viaduct",
        "colour": "orange",
        "electrified": "rail",
        "frequency": "0",
        "gauge": "1435",
        "layer": "1",
        "maxspeed": "80",
        "name": "Orange Line",
        "network": "Kanpur Metro",
        "note": "Contributors are requested to not edit the \"network\" and the \"operator\" tags. (2023/11/08)",
        "operator": "Uttar Pradesh Metro Rail Corporation Limited",
        "railway": "subway",
        "subway": "yes",
        "voltage": "750",
        "@relations": [
          {
            "role": "",
            "rel": 13615312,
            "reltags": {
              "alt_name": "Line 1 – IIT Kanpur to Naubasta",
              "colour": "orange",
              "from": "Kanpur Central",
              "interval": "5",
              "name": "Orange Line (Kanpur Central -> IIT Kanpur)",
              "name:hi": "ऑरेंज लाइन (मोती झील -> आई आई टी कानपुर)",
              "network": "Kanpur Metro",
              "network:wikidata": "Q17063873",
              "opening_hours": "06:00-22:00",
              "operator": "Uttar Pradesh Metro Rail Corporation",
              "public_transport:version": "2",
              "ref": "1",
              "route": "subway",
              "to": "IIT Kanpur",
              "type": "route",
              "via": "Rawatpur",
              "wikidata": "Q110419397",
              "wikipedia": "en:Orange Line (Kanpur Metro)"
            }
          }
        ]
      },
      "geometry": {
        "type": "LineString",
        "coordinates": [
          [
            80.2483253,
            26.5092172
          ],
          [
            80.2489112,
            26.5084667
          ],
          [
            80.2495646,
            26.5076297
          ],
          [
            80.2500518,
            26.5069318
          ],
          [
            80.2516903,
            26.5047715
          ],
          [
            80.2521353,
            26.5042506
          ],
          [
            80.2525805,
            26.5037464
          ],
          [
            80.2548288,
            26.5011693
          ],
          [
            80.2552016,
            26.5008137
          ],
          [
            80.2554954,
            26.5005451
          ],
          [
            80.2559056,
            26.5002628
          ],
          [
            80.2566632,
            26.4997681
          ],
          [
            80.256922,
            26.4996111
          ],
          [
            80.2572353,
            26.4994464
          ],
          [
            80.257868,
            26.4992123
          ],
          [
            80.2589043,
            26.4989141
          ],
          [
            80.2674344,
            26.4964595
          ],
          [
            80.2813027,
            26.4924687
          ],
          [
            80.2843782,
            26.4915909
          ],
          [
            80.285352,
            26.4912192
          ],
          [
            80.285962,
            26.4909211
          ],
          [
            80.2896959,
            26.4885601
          ],
          [
            80.289924,
            26.4884158
          ],
          [
            80.2903517,
            26.4881454
          ],
          [
            80.2903969,
            26.4881168
          ],
          [
            80.2921539,
            26.4870058
          ],
          [
            80.2934335,
            26.4862367
          ],
          [
            80.2952314,
            26.4851561
          ],
          [
            80.2966454,
            26.4843524
          ],
          [
            80.3000903,
            26.4828733
          ],
          [
            80.3006096,
            26.4826113
          ],
          [
            80.3024634,
            26.4812879
          ],
          [
            80.3030277,
            26.4809541
          ],
          [
            80.30379,
            26.4805578
          ],
          [
            80.3042662,
            26.4803541
          ],
          [
            80.3047677,
            26.480212
          ],
          [
            80.3059896,
            26.4801361
          ],
          [
            80.3083166,
            26.4797521
          ],
          [
            80.3093397,
            26.4794889
          ],
          [
            80.3104521,
            26.4793862
          ],
          [
            80.3115685,
            26.4792831
          ],
          [
            80.3143486,
            26.4790821
          ],
          [
            80.3155887,
            26.479121
          ],
          [
            80.3170041,
            26.4791654
          ],
          [
            80.3177704,
            26.479146
          ],
          [
            80.3178942,
            26.4791428
          ],
          [
            80.318636,
            26.479124
          ],
          [
            80.3192238,
            26.4791025
          ],
          [
            80.3194413,
            26.4790945
          ]
        ]
      },
      "id": "way/1041998408"
    },
    {
      "type": "Feature",
      "properties": {
        "@id": "way/1042103079",
        "bridge": "viaduct",
        "colour": "orange",
        "electrified": "rail",
        "frequency": "0",
        "gauge": "1435",
        "layer": "1",
        "maxspeed": "80",
        "name": "Orange Line",
        "network": "Kanpur Metro",
        "note": "Contributors are requested to not edit the \"network\" and the \"operator\" tags. (2023/11/08)",
        "operator": "Uttar Pradesh Metro Rail Corporation Limited",
        "railway": "subway",
        "service": "yard",
        "subway": "yes",
        "voltage": "750",
        "@relations": [
          {
            "role": "",
            "rel": 13615304,
            "reltags": {
              "alt_name": "Line 1 – Naubasta to IIT Kanpur",
              "colour": "orange",
              "from": "IIT Kanpur",
              "interval": "5",
              "name": "Orange Line (IIT Kanpur -> Kanpur Central)",
              "name:hi": "ऑरेंज लाइन (आई आई टी कानपुर -> मोती झील)",
              "network": "Kanpur Metro",
              "network:wikidata": "Q17063873",
              "opening_hours": "06:00-22:00",
              "operator": "Uttar Pradesh Metro Rail Corporation",
              "public_transport:version": "2",
              "ref": "1",
              "route": "subway",
              "to": "Kanpur Central",
              "type": "route",
              "via": "Rawatpur",
              "wikidata": "Q110419397",
              "wikipedia": "en:Orange Line (Kanpur Metro)"
            }
          }
        ]
      },
      "geometry": {
        "type": "LineString",
        "coordinates": [
          [
            80.2477782,
            26.509835
          ],
          [
            80.2478264,
            26.5097752
          ],
          [
            80.2482348,
            26.5092692
          ],
          [
            80.2482917,
            26.5091987
          ]
        ]
      },
      "id": "way/1042103079"
    },
    {
      "type": "Feature",
      "properties": {
        "@id": "way/1042103080",
        "bridge": "viaduct",
        "colour": "orange",
        "electrified": "rail",
        "frequency": "0",
        "gauge": "1435",
        "layer": "1",
        "maxspeed": "80",
        "name": "Orange Line",
        "network": "Kanpur Metro",
        "note": "Contributors are requested to not edit the \"network\" and the \"operator\" tags. (2023/11/08)",
        "operator": "Uttar Pradesh Metro Rail Corporation Limited",
        "railway": "subway",
        "service": "yard",
        "subway": "yes",
        "voltage": "750",
        "@relations": [
          {
            "role": "",
            "rel": 13615312,
            "reltags": {
              "alt_name": "Line 1 – IIT Kanpur to Naubasta",
              "colour": "orange",
              "from": "Kanpur Central",
              "interval": "5",
              "name": "Orange Line (Kanpur Central -> IIT Kanpur)",
              "name:hi": "ऑरेंज लाइन (मोती झील -> आई आई टी कानपुर)",
              "network": "Kanpur Metro",
              "network:wikidata": "Q17063873",
              "opening_hours": "06:00-22:00",
              "operator": "Uttar Pradesh Metro Rail Corporation",
              "public_transport:version": "2",
              "ref": "1",
              "route": "subway",
              "to": "IIT Kanpur",
              "type": "route",
              "via": "Rawatpur",
              "wikidata": "Q110419397",
              "wikipedia": "en:Orange Line (Kanpur Metro)"
            }
          }
        ]
      },
      "geometry": {
        "type": "LineString",
        "coordinates": [
          [
            80.2478165,
            26.5098393
          ],
          [
            80.2483253,
            26.5092172
          ]
        ]
      },
      "id": "way/1042103080"
    },
    {
      "type": "Feature",
      "properties": {
        "@id": "way/1391986658",
        "bridge": "viaduct",
        "electrified": "rail",
        "frequency": "0",
        "gauge": "1435",
        "layer": "1",
        "name": "Orange Line",
        "network": "Kanpur Metro",
        "operator": "Uttar Pradesh Metro Rail Corporation Limited",
        "railway": "subway",
        "start_date": "2025-05-30",
        "subway": "yes",
        "voltage": "750",
        "@relations": [
          {
            "role": "",
            "rel": 13615304,
            "reltags": {
              "alt_name": "Line 1 – Naubasta to IIT Kanpur",
              "colour": "orange",
              "from": "IIT Kanpur",
              "interval": "5",
              "name": "Orange Line (IIT Kanpur -> Kanpur Central)",
              "name:hi": "ऑरेंज लाइन (आई आई टी कानपुर -> मोती झील)",
              "network": "Kanpur Metro",
              "network:wikidata": "Q17063873",
              "opening_hours": "06:00-22:00",
              "operator": "Uttar Pradesh Metro Rail Corporation",
              "public_transport:version": "2",
              "ref": "1",
              "route": "subway",
              "to": "Kanpur Central",
              "type": "route",
              "via": "Rawatpur",
              "wikidata": "Q110419397",
              "wikipedia": "en:Orange Line (Kanpur Metro)"
            }
          }
        ]
      },
      "geometry": {
        "type": "LineString",
        "coordinates": [
          [
            80.3194398,
            26.479048
          ],
          [
            80.3197526,
            26.4790316
          ],
          [
            80.3204493,
            26.4789585
          ],
          [
            80.3208063,
            26.4789136
          ],
          [
            80.3211136,
            26.4788666
          ],
          [
            80.3213632,
            26.4788292
          ],
          [
            80.3215793,
            26.4787799
          ],
          [
            80.3217589,
            26.4787291
          ],
          [
            80.3219316,
            26.4786739
          ],
          [
            80.3221727,
            26.4785505
          ],
          [
            80.3227959,
            26.4781927
          ],
          [
            80.3230085,
            26.4780853
          ],
          [
            80.3231495,
            26.4780315
          ],
          [
            80.3233021,
            26.4779851
          ],
          [
            80.3234685,
            26.4779495
          ],
          [
            80.3236313,
            26.4779254
          ],
          [
            80.3238191,
            26.4779142
          ],
          [
            80.3240013,
            26.477921
          ],
          [
            80.3241567,
            26.4779442
          ],
          [
            80.324288,
            26.4779659
          ],
          [
            80.3244152,
            26.4779971
          ],
          [
            80.324536,
            26.4780321
          ],
          [
            80.3246644,
            26.478078
          ],
          [
            80.3247885,
            26.4781337
          ],
          [
            80.324908,
            26.4781947
          ],
          [
            80.3251152,
            26.4783246
          ],
          [
            80.3252856,
            26.478464
          ],
          [
            80.3253997,
            26.478577
          ],
          [
            80.3257708,
            26.4789825
          ],
          [
            80.3259336,
            26.4791447
          ],
          [
            80.3260074,
            26.4792193
          ],
          [
            80.3261307,
            26.4793345
          ],
          [
            80.326349,
            26.4795022
          ],
          [
            80.3266104,
            26.4796953
          ],
          [
            80.3278791,
            26.4805375
          ],
          [
            80.3282023,
            26.4807372
          ],
          [
            80.328446,
            26.480854
          ],
          [
            80.3284992,
            26.4808734
          ]
        ]
      },
      "id": "way/1391986658"
    },
    {
      "type": "Feature",
      "properties": {
        "@id": "way/1392878526",
        "bridge": "viaduct",
        "electrified": "rail",
        "frequency": "0",
        "gauge": "1435",
        "layer": "1",
        "network": "Kanpur Metro",
        "note": "Contributors are requested to not edit the \"network\" and the \"operator\" tags. (2023/11/08)",
        "operator": "Uttar Pradesh Metro Rail Corporation Limited",
        "railway": "subway",
        "service": "yard",
        "subway": "yes",
        "voltage": "750"
      },
      "geometry": {
        "type": "LineString",
        "coordinates": [
          [
            80.2478165,
            26.5098393
          ],
          [
            80.2476678,
            26.5100116
          ],
          [
            80.2473232,
            26.5104008
          ],
          [
            80.2471621,
            26.5105722
          ],
          [
            80.2469075,
            26.5108464
          ],
          [
            80.2466065,
            26.511145
          ],
          [
            80.2459859,
            26.5117701
          ]
        ]
      },
      "id": "way/1392878526"
    },
    {
      "type": "Feature",
      "properties": {
        "@id": "way/1392878527",
        "bridge": "viaduct",
        "electrified": "rail",
        "frequency": "0",
        "gauge": "1435",
        "layer": "1",
        "network": "Kanpur Metro",
        "note": "Contributors are requested to not edit the \"network\" and the \"operator\" tags. (2023/11/08)",
        "operator": "Uttar Pradesh Metro Rail Corporation Limited",
        "railway": "subway",
        "service": "crossover",
        "subway": "yes",
        "voltage": "750"
      },
      "geometry": {
        "type": "LineString",
        "coordinates": [
          [
            80.2473232,
            26.5104008
          ],
          [
            80.2475061,
            26.5101742
          ],
          [
            80.2476355,
            26.5099959
          ]
        ]
      },
      "id": "way/1392878527"
    },
    {
      "type": "Feature",
      "properties": {
        "@id": "way/1392878528",
        "bridge": "viaduct",
        "electrified": "rail",
        "frequency": "0",
        "gauge": "1435",
        "layer": "1",
        "network": "Kanpur Metro",
        "note": "Contributors are requested to not edit the \"network\" and the \"operator\" tags. (2023/11/08)",
        "operator": "Uttar Pradesh Metro Rail Corporation Limited",
        "railway": "subway",
        "service": "crossover",
        "subway": "yes",
        "voltage": "750"
      },
      "geometry": {
        "type": "LineString",
        "coordinates": [
          [
            80.2472939,
            26.5103809
          ],
          [
            80.2475061,
            26.5101742
          ],
          [
            80.2476678,
            26.5100116
          ]
        ]
      },
      "id": "way/1392878528"
    },
    {
      "type": "Feature",
      "properties": {
        "@id": "way/1392878529",
        "bridge": "viaduct",
        "electrified": "rail",
        "frequency": "0",
        "gauge": "1435",
        "layer": "1",
        "network": "Kanpur Metro",
        "note": "Contributors are requested to not edit the \"network\" and the \"operator\" tags. (2023/11/08)",
        "operator": "Uttar Pradesh Metro Rail Corporation Limited",
        "railway": "subway",
        "service": "crossover",
        "subway": "yes",
        "voltage": "750"
      },
      "geometry": {
        "type": "LineString",
        "coordinates": [
          [
            80.2489112,
            26.5084667
          ],
          [
            80.2492141,
            26.5080156
          ]
        ]
      },
      "id": "way/1392878529"
    },
    {
      "type": "Feature",
      "properties": {
        "@id": "way/1392878533",
        "bridge": "viaduct",
        "electrified": "rail",
        "frequency": "0",
        "gauge": "1435",
        "layer": "1",
        "network": "Kanpur Metro",
        "note": "Contributors are requested to not edit the \"network\" and the \"operator\" tags. (2023/11/08)",
        "operator": "Uttar Pradesh Metro Rail Corporation Limited",
        "railway": "subway",
        "service": "crossover",
        "subway": "yes",
        "voltage": "750"
      },
      "geometry": {
        "type": "LineString",
        "coordinates": [
          [
            80.2903297,
            26.4881209
          ],
          [
            80.2901273,
            26.488268
          ],
          [
            80.289924,
            26.4884158
          ]
        ]
      },
      "id": "way/1392878533"
    },
    {
      "type": "Feature",
      "properties": {
        "@id": "way/1392878534",
        "bridge": "viaduct",
        "electrified": "rail",
        "frequency": "0",
        "gauge": "1435",
        "layer": "1",
        "network": "Kanpur Metro",
        "note": "Contributors are requested to not edit the \"network\" and the \"operator\" tags. (2023/11/08)",
        "operator": "Uttar Pradesh Metro Rail Corporation Limited",
        "railway": "subway",
        "service": "crossover",
        "subway": "yes",
        "voltage": "750"
      },
      "geometry": {
        "type": "LineString",
        "coordinates": [
          [
            80.289904,
            26.48839
          ],
          [
            80.2901273,
            26.488268
          ],
          [
            80.2903517,
            26.4881454
          ]
        ]
      },
      "id": "way/1392878534"
    },
    {
      "type": "Feature",
      "properties": {
        "@id": "way/1392878535",
        "bridge": "viaduct",
        "electrified": "rail",
        "frequency": "0",
        "gauge": "1435",
        "layer": "1",
        "network": "Kanpur Metro",
        "note": "Contributors are requested to not edit the \"network\" and the \"operator\" tags. (2023/11/08)",
        "operator": "Uttar Pradesh Metro Rail Corporation Limited",
        "railway": "subway",
        "service": "yard",
        "subway": "yes",
        "voltage": "750"
      },
      "geometry": {
        "type": "LineString",
        "coordinates": [
          [
            80.2872058,
            26.4922566
          ],
          [
            80.2871301,
            26.4921886
          ],
          [
            80.2870388,
            26.4920925
          ],
          [
            80.2869488,
            26.4919779
          ],
          [
            80.286883,
            26.4918671
          ],
          [
            80.2868215,
            26.4917439
          ],
          [
            80.2867817,
            26.4916371
          ],
          [
            80.2867566,
            26.4915271
          ],
          [
            80.2867376,
            26.491397
          ],
          [
            80.2867411,
            26.4913001
          ],
          [
            80.2867428,
            26.4911439
          ],
          [
            80.2867617,
            26.4910081
          ],
          [
            80.2868153,
            26.4908276
          ],
          [
            80.2868672,
            26.4907091
          ],
          [
            80.2869131,
            26.4906216
          ],
          [
            80.2869469,
            26.4905689
          ],
          [
            80.2869962,
            26.4905023
          ],
          [
            80.2870715,
            26.4904055
          ],
          [
            80.2871563,
            26.4903296
          ],
          [
            80.287248,
            26.4902483
          ],
          [
            80.2873839,
            26.4901538
          ],
          [
            80.2877041,
            26.4899702
          ],
          [
            80.2879637,
            26.4898262
          ],
          [
            80.2885556,
            26.4894598
          ],
          [
            80.2886577,
            26.4893932
          ],
          [
            80.288759,
            26.4893204
          ],
          [
            80.2890056,
            26.4891314
          ],
          [
            80.2892626,
            26.4889362
          ],
          [
            80.2894461,
            26.48881
          ],
          [
            80.2902435,
            26.488313
          ],
          [
            80.2903897,
            26.488208
          ],
          [
            80.2904705,
            26.4881562
          ],
          [
            80.2906698,
            26.4879968
          ],
          [
            80.2908152,
            26.4878907
          ],
          [
            80.2909364,
            26.4878148
          ],
          [
            80.2911466,
            26.4876963
          ],
          [
            80.2913734,
            26.4875848
          ],
          [
            80.2915664,
            26.4874794
          ],
          [
            80.2916988,
            26.487395
          ],
          [
            80.2923808,
            26.4869788
          ],
          [
            80.2926061,
            26.4868227
          ],
          [
            80.2927825,
            26.4866915
          ],
          [
            80.292934,
            26.4865729
          ],
          [
            80.2931332,
            26.486434
          ],
          [
            80.2934335,
            26.4862367
          ]
        ]
      },
      "id": "way/1392878535"
    },
    {
      "type": "Feature",
      "properties": {
        "@id": "way/1392878536",
        "bridge": "viaduct",
        "electrified": "rail",
        "gauge": "1435",
        "layer": "1",
        "network": "Kanpur Metro",
        "note": "Contributors are requested to not edit the \"network\" and the \"operator\" tags. (2023/11/08)",
        "operator": "Uttar Pradesh Metro Rail Corporation Limited",
        "railway": "subway",
        "service": "yard",
        "subway": "yes"
      },
      "geometry": {
        "type": "LineString",
        "coordinates": [
          [
            80.2911466,
            26.4876963
          ],
          [
            80.2907666,
            26.4878904
          ],
          [
            80.2903969,
            26.4881168
          ]
        ]
      },
      "id": "way/1392878536"
    },
    {
      "type": "Feature",
      "properties": {
        "@id": "way/1392878537",
        "bridge": "viaduct",
        "electrified": "rail",
        "frequency": "0",
        "gauge": "1435",
        "layer": "1",
        "network": "Kanpur Metro",
        "note": "Contributors are requested to not edit the \"network\" and the \"operator\" tags. (2023/11/08)",
        "operator": "Uttar Pradesh Metro Rail Corporation Limited",
        "railway": "subway",
        "service": "yard",
        "subway": "yes",
        "voltage": "750"
      },
      "geometry": {
        "type": "LineString",
        "coordinates": [
          [
            80.2896959,
            26.4885601
          ],
          [
            80.2889126,
            26.4891358
          ],
          [
            80.2885164,
            26.4894057
          ],
          [
            80.2880213,
            26.4897098
          ],
          [
            80.2874149,
            26.4900848
          ],
          [
            80.2872428,
            26.4901966
          ],
          [
            80.2871331,
            26.490288
          ],
          [
            80.2870249,
            26.490393
          ],
          [
            80.2869487,
            26.4904857
          ],
          [
            80.286868,
            26.4906043
          ],
          [
            80.286807,
            26.490723
          ],
          [
            80.2867491,
            26.4908757
          ],
          [
            80.2867217,
            26.4910039
          ],
          [
            80.2867001,
            26.4911768
          ],
          [
            80.2866984,
            26.4913638
          ],
          [
            80.2867029,
            26.4914484
          ],
          [
            80.2867304,
            26.4915875
          ],
          [
            80.2867685,
            26.491717
          ],
          [
            80.2868126,
            26.4918193
          ],
          [
            80.2868994,
            26.4919616
          ],
          [
            80.287018,
            26.4921173
          ],
          [
            80.287101,
            26.492215
          ],
          [
            80.2871738,
            26.4922838
          ]
        ]
      },
      "id": "way/1392878537"
    },
    {
      "type": "Feature",
      "properties": {
        "@id": "way/1392878538",
        "electrified": "rail",
        "frequency": "0",
        "gauge": "1435",
        "network": "Kanpur Metro",
        "note": "Contributors are requested to not edit the \"network\" and the \"operator\" tags. (2023/11/08)",
        "operator": "Uttar Pradesh Metro Rail Corporation Limited",
        "railway": "subway",
        "service": "yard",
        "subway": "yes",
        "voltage": "750"
      },
      "geometry": {
        "type": "LineString",
        "coordinates": [
          [
            80.2871738,
            26.4922838
          ],
          [
            80.2872771,
            26.4923624
          ],
          [
            80.2873499,
            26.4924088
          ],
          [
            80.2874774,
            26.4924846
          ],
          [
            80.2875506,
            26.4925287
          ],
          [
            80.2877985,
            26.4926781
          ],
          [
            80.2879118,
            26.4927463
          ],
          [
            80.2879988,
            26.4927987
          ],
          [
            80.2880593,
            26.4928354
          ],
          [
            80.2888036,
            26.493287
          ],
          [
            80.2891079,
            26.4934689
          ],
          [
            80.2892422,
            26.493549
          ],
          [
            80.2893858,
            26.493624
          ],
          [
            80.2895591,
            26.4937206
          ],
          [
            80.2908347,
            26.4944752
          ]
        ]
      },
      "id": "way/1392878538"
    },
    {
      "type": "Feature",
      "properties": {
        "@id": "way/1392878539",
        "electrified": "rail",
        "frequency": "0",
        "gauge": "1435",
        "network": "Kanpur Metro",
        "note": "Contributors are requested to not edit the \"network\" and the \"operator\" tags. (2023/11/08)",
        "operator": "Uttar Pradesh Metro Rail Corporation Limited",
        "railway": "subway",
        "service": "yard",
        "subway": "yes",
        "voltage": "750"
      },
      "geometry": {
        "type": "LineString",
        "coordinates": [
          [
            80.2908562,
            26.4944408
          ],
          [
            80.2895941,
            26.4936948
          ],
          [
            80.2893051,
            26.4935334
          ],
          [
            80.2891833,
            26.4934672
          ],
          [
            80.2888824,
            26.4932857
          ],
          [
            80.2884804,
            26.4930431
          ],
          [
            80.2880948,
            26.4928104
          ],
          [
            80.2880277,
            26.4927657
          ],
          [
            80.2879407,
            26.4927146
          ],
          [
            80.2875725,
            26.4924982
          ],
          [
            80.2874964,
            26.4924534
          ],
          [
            80.2873708,
            26.4923758
          ],
          [
            80.287304,
            26.4923339
          ],
          [
            80.2872058,
            26.4922566
          ]
        ]
      },
      "id": "way/1392878539"
    },
    {
      "type": "Feature",
      "properties": {
        "@id": "way/1392878540",
        "electrified": "rail",
        "frequency": "0",
        "gauge": "1435",
        "network": "Kanpur Metro",
        "note": "Contributors are requested to not edit the \"network\" and the \"operator\" tags. (2023/11/08)",
        "operator": "Uttar Pradesh Metro Rail Corporation Limited",
        "railway": "subway",
        "service": "yard",
        "subway": "yes",
        "voltage": "750"
      },
      "geometry": {
        "type": "LineString",
        "coordinates": [
          [
            80.2896831,
            26.4934932
          ],
          [
            80.2896116,
            26.49346
          ],
          [
            80.289506,
            26.4934179
          ],
          [
            80.2893314,
            26.4933521
          ],
          [
            80.2889242,
            26.4931775
          ],
          [
            80.2886414,
            26.4930562
          ],
          [
            80.2885943,
            26.4930367
          ],
          [
            80.2884577,
            26.4929776
          ],
          [
            80.2883835,
            26.4929372
          ],
          [
            80.288308,
            26.4928942
          ],
          [
            80.2881132,
            26.4927736
          ],
          [
            80.28807,
            26.4927482
          ],
          [
            80.2879984,
            26.492706
          ],
          [
            80.2876395,
            26.4924891
          ],
          [
            80.2875448,
            26.4924319
          ],
          [
            80.2874641,
            26.4923828
          ],
          [
            80.2873983,
            26.4923302
          ],
          [
            80.2873375,
            26.4922767
          ],
          [
            80.2872677,
            26.4922044
          ],
          [
            80.2872627,
            26.4921985
          ]
        ]
      },
      "id": "way/1392878540"
    },
    {
      "type": "Feature",
      "properties": {
        "@id": "way/1392878541",
        "electrified": "rail",
        "gauge": "1435",
        "network": "Kanpur Metro",
        "note": "Contributors are requested to not edit the \"network\" and the \"operator\" tags. (2023/11/08)",
        "operator": "Uttar Pradesh Metro Rail Corporation Limited",
        "railway": "subway",
        "service": "yard",
        "subway": "yes"
      },
      "geometry": {
        "type": "LineString",
        "coordinates": [
          [
            80.2875506,
            26.4925287
          ],
          [
            80.2877333,
            26.4926157
          ],
          [
            80.2879407,
            26.4927146
          ]
        ]
      },
      "id": "way/1392878541"
    },
    {
      "type": "Feature",
      "properties": {
        "@id": "way/1392878542",
        "electrified": "rail",
        "gauge": "1435",
        "network": "Kanpur Metro",
        "note": "Contributors are requested to not edit the \"network\" and the \"operator\" tags. (2023/11/08)",
        "operator": "Uttar Pradesh Metro Rail Corporation Limited",
        "railway": "subway",
        "service": "yard",
        "subway": "yes"
      },
      "geometry": {
        "type": "LineString",
        "coordinates": [
          [
            80.2879118,
            26.4927463
          ],
          [
            80.2877333,
            26.4926157
          ],
          [
            80.2875725,
            26.4924982
          ]
        ]
      },
      "id": "way/1392878542"
    },
    {
      "type": "Feature",
      "properties": {
        "@id": "way/1392878543",
        "electrified": "rail",
        "frequency": "0",
        "gauge": "1435",
        "network": "Kanpur Metro",
        "note": "Contributors are requested to not edit the \"network\" and the \"operator\" tags. (2023/11/08)",
        "operator": "Uttar Pradesh Metro Rail Corporation Limited",
        "railway": "subway",
        "service": "yard",
        "subway": "yes",
        "voltage": "750"
      },
      "geometry": {
        "type": "LineString",
        "coordinates": [
          [
            80.2876395,
            26.4924891
          ],
          [
            80.2877685,
            26.4925624
          ],
          [
            80.2878639,
            26.4926042
          ],
          [
            80.2880138,
            26.4926689
          ],
          [
            80.2881381,
            26.4927248
          ],
          [
            80.2882197,
            26.492756
          ],
          [
            80.2883097,
            26.492782
          ],
          [
            80.2884013,
            26.4928022
          ],
          [
            80.2885177,
            26.4928175
          ],
          [
            80.2886274,
            26.4928258
          ],
          [
            80.2890535,
            26.4928321
          ]
        ]
      },
      "id": "way/1392878543"
    },
    {
      "type": "Feature",
      "properties": {
        "@id": "way/1392878544",
        "electrified": "rail",
        "gauge": "1435",
        "network": "Kanpur Metro",
        "note": "Contributors are requested to not edit the \"network\" and the \"operator\" tags. (2023/11/08)",
        "operator": "Uttar Pradesh Metro Rail Corporation Limited",
        "railway": "subway",
        "service": "yard",
        "subway": "yes"
      },
      "geometry": {
        "type": "LineString",
        "coordinates": [
          [
            80.2884577,
            26.4929776
          ],
          [
            80.2882771,
            26.4928972
          ],
          [
            80.2881867,
            26.4928565
          ],
          [
            80.2880948,
            26.4928104
          ]
        ]
      },
      "id": "way/1392878544"
    },
    {
      "type": "Feature",
      "properties": {
        "@id": "way/1392878545",
        "electrified": "no",
        "gauge": "1435",
        "network": "Kanpur Metro",
        "note": "Contributors are requested to not edit the \"network\" and the \"operator\" tags. (2023/11/08)",
        "operator": "Uttar Pradesh Metro Rail Corporation Limited",
        "railway": "subway",
        "service": "yard",
        "subway": "yes"
      },
      "geometry": {
        "type": "LineString",
        "coordinates": [
          [
            80.2909597,
            26.4945019
          ],
          [
            80.2908562,
            26.4944408
          ]
        ]
      },
      "id": "way/1392878545"
    },
    {
      "type": "Feature",
      "properties": {
        "@id": "way/1392878546",
        "electrified": "no",
        "gauge": "1435",
        "network": "Kanpur Metro",
        "note": "Contributors are requested to not edit the \"network\" and the \"operator\" tags. (2023/11/08)",
        "operator": "Uttar Pradesh Metro Rail Corporation Limited",
        "railway": "subway",
        "service": "yard",
        "subway": "yes"
      },
      "geometry": {
        "type": "LineString",
        "coordinates": [
          [
            80.2908347,
            26.4944752
          ],
          [
            80.2909367,
            26.4945357
          ]
        ]
      },
      "id": "way/1392878546"
    },
    {
      "type": "Feature",
      "properties": {
        "@id": "way/1392878547",
        "electrified": "rail",
        "frequency": "0",
        "gauge": "1435",
        "network": "Kanpur Metro",
        "note": "Contributors are requested to not edit the \"network\" and the \"operator\" tags. (2023/11/08)",
        "operator": "Uttar Pradesh Metro Rail Corporation Limited",
        "railway": "subway",
        "service": "yard",
        "subway": "yes",
        "voltage": "750"
      },
      "geometry": {
        "type": "LineString",
        "coordinates": [
          [
            80.2909002,
            26.4943726
          ],
          [
            80.289654,
            26.4936399
          ],
          [
            80.2895644,
            26.4935887
          ],
          [
            80.2894852,
            26.4935496
          ],
          [
            80.2893853,
            26.4935085
          ],
          [
            80.2892016,
            26.4934304
          ],
          [
            80.2890144,
            26.4933472
          ],
          [
            80.2888824,
            26.4932857
          ]
        ]
      },
      "id": "way/1392878547"
    },
    {
      "type": "Feature",
      "properties": {
        "@id": "way/1392878548",
        "electrified": "no",
        "gauge": "1435",
        "network": "Kanpur Metro",
        "note": "Contributors are requested to not edit the \"network\" and the \"operator\" tags. (2023/11/08)",
        "operator": "Uttar Pradesh Metro Rail Corporation Limited",
        "railway": "subway",
        "service": "yard",
        "subway": "yes"
      },
      "geometry": {
        "type": "LineString",
        "coordinates": [
          [
            80.2910219,
            26.494446
          ],
          [
            80.2909002,
            26.4943726
          ]
        ]
      },
      "id": "way/1392878548"
    },
    {
      "type": "Feature",
      "properties": {
        "@id": "way/1392878549",
        "electrified": "rail",
        "frequency": "0",
        "gauge": "1435",
        "network": "Kanpur Metro",
        "note": "Contributors are requested to not edit the \"network\" and the \"operator\" tags. (2023/11/08)",
        "operator": "Uttar Pradesh Metro Rail Corporation Limited",
        "railway": "subway",
        "service": "yard",
        "subway": "yes",
        "voltage": "750"
      },
      "geometry": {
        "type": "LineString",
        "coordinates": [
          [
            80.2909247,
            26.4943412
          ],
          [
            80.2896808,
            26.4936074
          ],
          [
            80.2895667,
            26.4935344
          ],
          [
            80.2894411,
            26.4934693
          ],
          [
            80.2889967,
            26.4932811
          ],
          [
            80.2888657,
            26.4932231
          ],
          [
            80.2886779,
            26.4931414
          ],
          [
            80.288597,
            26.4931075
          ],
          [
            80.2884804,
            26.4930431
          ]
        ]
      },
      "id": "way/1392878549"
    },
    {
      "type": "Feature",
      "properties": {
        "@id": "way/1392878550",
        "electrified": "no",
        "gauge": "1435",
        "network": "Kanpur Metro",
        "note": "Contributors are requested to not edit the \"network\" and the \"operator\" tags. (2023/11/08)",
        "operator": "Uttar Pradesh Metro Rail Corporation Limited",
        "railway": "subway",
        "service": "yard",
        "subway": "yes"
      },
      "geometry": {
        "type": "LineString",
        "coordinates": [
          [
            80.2910464,
            26.4944146
          ],
          [
            80.2909247,
            26.4943412
          ]
        ]
      },
      "id": "way/1392878550"
    },
    {
      "type": "Feature",
      "properties": {
        "@id": "way/1392878551",
        "electrified": "rail",
        "frequency": "0",
        "gauge": "1435",
        "network": "Kanpur Metro",
        "note": "Contributors are requested to not edit the \"network\" and the \"operator\" tags. (2023/11/08)",
        "operator": "Uttar Pradesh Metro Rail Corporation Limited",
        "railway": "subway",
        "service": "yard",
        "subway": "yes",
        "voltage": "750"
      },
      "geometry": {
        "type": "LineString",
        "coordinates": [
          [
            80.290809,
            26.4945094
          ],
          [
            80.2895553,
            26.4937675
          ],
          [
            80.2894679,
            26.4937177
          ],
          [
            80.2893931,
            26.4936847
          ],
          [
            80.2893084,
            26.4936517
          ],
          [
            80.2891529,
            26.4935803
          ]
        ]
      },
      "id": "way/1392878551"
    },
    {
      "type": "Feature",
      "properties": {
        "@id": "way/1392878552",
        "electrified": "no",
        "gauge": "1435",
        "network": "Kanpur Metro",
        "note": "Contributors are requested to not edit the \"network\" and the \"operator\" tags. (2023/11/08)",
        "operator": "Uttar Pradesh Metro Rail Corporation Limited",
        "railway": "subway",
        "service": "yard",
        "subway": "yes"
      },
      "geometry": {
        "type": "LineString",
        "coordinates": [
          [
            80.2909137,
            26.4945752
          ],
          [
            80.290809,
            26.4945094
          ]
        ]
      },
      "id": "way/1392878552"
    },
    {
      "type": "Feature",
      "properties": {
        "@id": "way/1392878553",
        "electrified": "rail",
        "frequency": "0",
        "gauge": "1435",
        "network": "Kanpur Metro",
        "note": "Contributors are requested to not edit the \"network\" and the \"operator\" tags. (2023/11/08)",
        "operator": "Uttar Pradesh Metro Rail Corporation Limited",
        "railway": "subway",
        "service": "yard",
        "subway": "yes",
        "voltage": "750"
      },
      "geometry": {
        "type": "LineString",
        "coordinates": [
          [
            80.2907826,
            26.4945456
          ],
          [
            80.2895185,
            26.4937926
          ],
          [
            80.2891529,
            26.4935803
          ],
          [
            80.2889714,
            26.4934724
          ],
          [
            80.2887312,
            26.4933314
          ]
        ]
      },
      "id": "way/1392878553"
    },
    {
      "type": "Feature",
      "properties": {
        "@id": "way/1392878554",
        "electrified": "no",
        "gauge": "1435",
        "network": "Kanpur Metro",
        "note": "Contributors are requested to not edit the \"network\" and the \"operator\" tags. (2023/11/08)",
        "operator": "Uttar Pradesh Metro Rail Corporation Limited",
        "railway": "subway",
        "service": "yard",
        "subway": "yes"
      },
      "geometry": {
        "type": "LineString",
        "coordinates": [
          [
            80.2908795,
            26.494605
          ],
          [
            80.2907826,
            26.4945456
          ]
        ]
      },
      "id": "way/1392878554"
    },
    {
      "type": "Feature",
      "properties": {
        "@id": "way/1392878555",
        "electrified": "rail",
        "frequency": "0",
        "gauge": "1435",
        "network": "Kanpur Metro",
        "note": "Contributors are requested to not edit the \"network\" and the \"operator\" tags. (2023/11/08)",
        "operator": "Uttar Pradesh Metro Rail Corporation Limited",
        "railway": "subway",
        "service": "yard",
        "subway": "yes",
        "voltage": "750"
      },
      "geometry": {
        "type": "LineString",
        "coordinates": [
          [
            80.2907538,
            26.4945783
          ],
          [
            80.2894839,
            26.4938261
          ],
          [
            80.2892605,
            26.4936909
          ],
          [
            80.2891359,
            26.4936151
          ],
          [
            80.2890572,
            26.49357
          ],
          [
            80.2889585,
            26.4935072
          ]
        ]
      },
      "id": "way/1392878555"
    },
    {
      "type": "Feature",
      "properties": {
        "@id": "way/1392878556",
        "electrified": "no",
        "gauge": "1435",
        "network": "Kanpur Metro",
        "note": "Contributors are requested to not edit the \"network\" and the \"operator\" tags. (2023/11/08)",
        "operator": "Uttar Pradesh Metro Rail Corporation Limited",
        "railway": "subway",
        "service": "yard",
        "subway": "yes"
      },
      "geometry": {
        "type": "LineString",
        "coordinates": [
          [
            80.2908494,
            26.494635
          ],
          [
            80.2907538,
            26.4945783
          ]
        ]
      },
      "id": "way/1392878556"
    },
    {
      "type": "Feature",
      "properties": {
        "@id": "way/1392878557",
        "electrified": "rail",
        "frequency": "0",
        "gauge": "1435",
        "network": "Kanpur Metro",
        "note": "Contributors are requested to not edit the \"network\" and the \"operator\" tags. (2023/11/08)",
        "operator": "Uttar Pradesh Metro Rail Corporation Limited",
        "railway": "subway",
        "service": "yard",
        "subway": "yes",
        "voltage": "750"
      },
      "geometry": {
        "type": "LineString",
        "coordinates": [
          [
            80.2907255,
            26.4946205
          ],
          [
            80.2894588,
            26.493868
          ],
          [
            80.2893273,
            26.4937924
          ],
          [
            80.2891608,
            26.4936934
          ],
          [
            80.289096,
            26.4936542
          ],
          [
            80.2889933,
            26.4935874
          ]
        ]
      },
      "id": "way/1392878557"
    },
    {
      "type": "Feature",
      "properties": {
        "@id": "way/1392878558",
        "electrified": "no",
        "gauge": "1435",
        "network": "Kanpur Metro",
        "note": "Contributors are requested to not edit the \"network\" and the \"operator\" tags. (2023/11/08)",
        "operator": "Uttar Pradesh Metro Rail Corporation Limited",
        "railway": "subway",
        "service": "yard",
        "subway": "yes"
      },
      "geometry": {
        "type": "LineString",
        "coordinates": [
          [
            80.2908244,
            26.4946796
          ],
          [
            80.2907255,
            26.4946205
          ]
        ]
      },
      "id": "way/1392878558"
    },
    {
      "type": "Feature",
      "properties": {
        "@id": "way/1392878559",
        "electrified": "rail",
        "frequency": "0",
        "gauge": "1435",
        "network": "Kanpur Metro",
        "note": "Contributors are requested to not edit the \"network\" and the \"operator\" tags. (2023/11/08)",
        "operator": "Uttar Pradesh Metro Rail Corporation Limited",
        "railway": "subway",
        "service": "yard",
        "subway": "yes",
        "voltage": "750"
      },
      "geometry": {
        "type": "LineString",
        "coordinates": [
          [
            80.2906041,
            26.4945987
          ],
          [
            80.2893602,
            26.493865
          ],
          [
            80.2893063,
            26.493833
          ],
          [
            80.2891937,
            26.4937662
          ],
          [
            80.2890318,
            26.4936706
          ],
          [
            80.2889331,
            26.4936171
          ],
          [
            80.2888183,
            26.4935606
          ],
          [
            80.288731,
            26.4935226
          ],
          [
            80.2881132,
            26.4933058
          ],
          [
            80.2875001,
            26.4930994
          ],
          [
            80.2873763,
            26.4930494
          ],
          [
            80.287264,
            26.4929975
          ],
          [
            80.287155,
            26.4929384
          ],
          [
            80.2870663,
            26.4928866
          ],
          [
            80.2869714,
            26.4928242
          ],
          [
            80.2868862,
            26.4927546
          ],
          [
            80.2867966,
            26.492678
          ],
          [
            80.2867247,
            26.4926099
          ],
          [
            80.2866546,
            26.4925295
          ],
          [
            80.2865843,
            26.4924433
          ],
          [
            80.286525,
            26.4923598
          ],
          [
            80.286456,
            26.4922534
          ],
          [
            80.2863631,
            26.4920894
          ],
          [
            80.2862756,
            26.4919126
          ],
          [
            80.2861468,
            26.4916541
          ]
        ]
      },
      "id": "way/1392878559"
    },
    {
      "type": "Feature",
      "properties": {
        "@id": "way/1392878560",
        "electrified": "no",
        "gauge": "1435",
        "network": "Kanpur Metro",
        "note": "Contributors are requested to not edit the \"network\" and the \"operator\" tags. (2023/11/08)",
        "operator": "Uttar Pradesh Metro Rail Corporation Limited",
        "railway": "subway",
        "service": "yard",
        "subway": "yes"
      },
      "geometry": {
        "type": "LineString",
        "coordinates": [
          [
            80.2907916,
            26.4947122
          ],
          [
            80.2906041,
            26.4945987
          ]
        ]
      },
      "id": "way/1392878560"
    },
    {
      "type": "Feature",
      "properties": {
        "@id": "way/1392878561",
        "electrified": "rail",
        "frequency": "0",
        "gauge": "1435",
        "network": "Kanpur Metro",
        "note": "Contributors are requested to not edit the \"network\" and the \"operator\" tags. (2023/11/08)",
        "operator": "Uttar Pradesh Metro Rail Corporation Limited",
        "railway": "subway",
        "service": "yard",
        "subway": "yes",
        "voltage": "750"
      },
      "geometry": {
        "type": "LineString",
        "coordinates": [
          [
            80.2893063,
            26.493833
          ],
          [
            80.2892026,
            26.4937569
          ],
          [
            80.2891488,
            26.4937105
          ],
          [
            80.2889933,
            26.4935874
          ],
          [
            80.2887929,
            26.4934322
          ],
          [
            80.2886753,
            26.4933349
          ],
          [
            80.2885995,
            26.4932725
          ],
          [
            80.2884448,
            26.4931499
          ],
          [
            80.28836,
            26.4930802
          ],
          [
            80.2883098,
            26.4930322
          ],
          [
            80.2882484,
            26.492978
          ],
          [
            80.2881342,
            26.4928889
          ],
          [
            80.2880593,
            26.4928354
          ]
        ]
      },
      "id": "way/1392878561"
    },
    {
      "type": "Feature",
      "properties": {
        "@id": "way/1392878562",
        "electrified": "rail",
        "frequency": "0",
        "gauge": "1435",
        "network": "Kanpur Metro",
        "note": "Contributors are requested to not edit the \"network\" and the \"operator\" tags. (2023/11/08)",
        "operator": "Uttar Pradesh Metro Rail Corporation Limited",
        "railway": "subway",
        "service": "yard",
        "subway": "yes",
        "voltage": "750"
      },
      "geometry": {
        "type": "LineString",
        "coordinates": [
          [
            80.2893273,
            26.4937924
          ],
          [
            80.2892405,
            26.4937282
          ],
          [
            80.2891399,
            26.4936506
          ],
          [
            80.2889585,
            26.4935072
          ],
          [
            80.2888062,
            26.4933848
          ],
          [
            80.2887312,
            26.4933314
          ],
          [
            80.2886245,
            26.4932645
          ],
          [
            80.2885158,
            26.4931949
          ],
          [
            80.2884448,
            26.4931499
          ]
        ]
      },
      "id": "way/1392878562"
    },
    {
      "type": "Feature",
      "properties": {
        "@id": "way/1392878563",
        "electrified": "no",
        "gauge": "1435",
        "network": "Kanpur Metro",
        "note": "Contributors are requested to not edit the \"network\" and the \"operator\" tags. (2023/11/08)",
        "operator": "Uttar Pradesh Metro Rail Corporation Limited",
        "railway": "subway",
        "service": "yard",
        "subway": "yes"
      },
      "geometry": {
        "type": "LineString",
        "coordinates": [
          [
            80.2861468,
            26.4916541
          ],
          [
            80.2860484,
            26.4914616
          ]
        ]
      },
      "id": "way/1392878563"
    },
    {
      "type": "Feature",
      "properties": {
        "@id": "way/1392878564",
        "electrified": "no",
        "gauge": "1435",
        "network": "Kanpur Metro",
        "note": "Contributors are requested to not edit the \"network\" and the \"operator\" tags. (2023/11/08)",
        "operator": "Uttar Pradesh Metro Rail Corporation Limited",
        "railway": "subway",
        "service": "yard",
        "subway": "yes"
      },
      "geometry": {
        "type": "LineString",
        "coordinates": [
          [
            80.2873342,
            26.4925453
          ],
          [
            80.2875988,
            26.4927003
          ],
          [
            80.2879956,
            26.4929394
          ],
          [
            80.2884254,
            26.4932058
          ],
          [
            80.2885339,
            26.4932682
          ],
          [
            80.2886283,
            26.4933226
          ],
          [
            80.2886451,
            26.4933327
          ]
        ]
      },
      "id": "way/1392878564"
    },
    {
      "type": "Feature",
      "properties": {
        "@id": "way/1392878565",
        "electrified": "no",
        "gauge": "1435",
        "network": "Kanpur Metro",
        "note": "Contributors are requested to not edit the \"network\" and the \"operator\" tags. (2023/11/08)",
        "operator": "Uttar Pradesh Metro Rail Corporation Limited",
        "railway": "subway",
        "service": "yard",
        "subway": "yes"
      },
      "geometry": {
        "type": "LineString",
        "coordinates": [
          [
            80.2883009,
            26.4931601
          ],
          [
            80.2883942,
            26.4931981
          ],
          [
            80.2885339,
            26.4932682
          ]
        ]
      },
      "id": "way/1392878565"
    },
    {
      "type": "Feature",
      "properties": {
        "@id": "way/1392878567",
        "electrified": "no",
        "gauge": "1435",
        "network": "Kanpur Metro",
        "note": "Contributors are requested to not edit the \"network\" and the \"operator\" tags. (2023/11/08)",
        "operator": "Uttar Pradesh Metro Rail Corporation Limited",
        "railway": "subway",
        "service": "yard",
        "subway": "yes",
        "tunnel": "building_passage"
      },
      "geometry": {
        "type": "LineString",
        "coordinates": [
          [
            80.2910469,
            26.4942909
          ],
          [
            80.2898123,
            26.4935624
          ]
        ]
      },
      "id": "way/1392878567"
    },
    {
      "type": "Feature",
      "properties": {
        "@id": "way/1392878568",
        "electrified": "no",
        "gauge": "1435",
        "network": "Kanpur Metro",
        "note": "Contributors are requested to not edit the \"network\" and the \"operator\" tags. (2023/11/08)",
        "operator": "Uttar Pradesh Metro Rail Corporation Limited",
        "railway": "subway",
        "service": "yard",
        "subway": "yes",
        "tunnel": "building_passage"
      },
      "geometry": {
        "type": "LineString",
        "coordinates": [
          [
            80.2910838,
            26.4942407
          ],
          [
            80.2898492,
            26.4935122
          ]
        ]
      },
      "id": "way/1392878568"
    },
    {
      "type": "Feature",
      "properties": {
        "@id": "way/1392878569",
        "electrified": "no",
        "gauge": "1435",
        "network": "Kanpur Metro",
        "note": "Contributors are requested to not edit the \"network\" and the \"operator\" tags. (2023/11/08)",
        "operator": "Uttar Pradesh Metro Rail Corporation Limited",
        "railway": "subway",
        "service": "yard",
        "subway": "yes",
        "tunnel": "building_passage"
      },
      "geometry": {
        "type": "LineString",
        "coordinates": [
          [
            80.2911195,
            26.494192
          ],
          [
            80.289885,
            26.4934635
          ]
        ]
      },
      "id": "way/1392878569"
    },
    {
      "type": "Feature",
      "properties": {
        "@id": "way/1392878570",
        "electrified": "no",
        "gauge": "1435",
        "network": "Kanpur Metro",
        "note": "Contributors are requested to not edit the \"network\" and the \"operator\" tags. (2023/11/08)",
        "operator": "Uttar Pradesh Metro Rail Corporation Limited",
        "railway": "subway",
        "service": "yard",
        "subway": "yes",
        "tunnel": "building_passage"
      },
      "geometry": {
        "type": "LineString",
        "coordinates": [
          [
            80.2911472,
            26.4941544
          ],
          [
            80.2899127,
            26.4934259
          ]
        ]
      },
      "id": "way/1392878570"
    },
    {
      "type": "Feature",
      "properties": {
        "@id": "way/1392878571",
        "electrified": "no",
        "gauge": "1435",
        "network": "Kanpur Metro",
        "note": "Contributors are requested to not edit the \"network\" and the \"operator\" tags. (2023/11/08)",
        "operator": "Uttar Pradesh Metro Rail Corporation Limited",
        "railway": "subway",
        "service": "yard",
        "subway": "yes",
        "tunnel": "building_passage"
      },
      "geometry": {
        "type": "LineString",
        "coordinates": [
          [
            80.2911824,
            26.4941064
          ],
          [
            80.289948,
            26.4933779
          ]
        ]
      },
      "id": "way/1392878571"
    },
    {
      "type": "Feature",
      "properties": {
        "@id": "way/1392878572",
        "electrified": "no",
        "gauge": "1435",
        "network": "Kanpur Metro",
        "note": "Contributors are requested to not edit the \"network\" and the \"operator\" tags. (2023/11/08)",
        "operator": "Uttar Pradesh Metro Rail Corporation Limited",
        "railway": "subway",
        "service": "yard",
        "subway": "yes",
        "tunnel": "building_passage"
      },
      "geometry": {
        "type": "LineString",
        "coordinates": [
          [
            80.2912424,
            26.4940247
          ],
          [
            80.290008,
            26.4932963
          ]
        ]
      },
      "id": "way/1392878572"
    },
    {
      "type": "Feature",
      "properties": {
        "@id": "way/1392878573",
        "electrified": "no",
        "gauge": "1435",
        "network": "Kanpur Metro",
        "note": "Contributors are requested to not edit the \"network\" and the \"operator\" tags. (2023/11/08)",
        "operator": "Uttar Pradesh Metro Rail Corporation Limited",
        "railway": "subway",
        "service": "yard",
        "subway": "yes",
        "tunnel": "building_passage"
      },
      "geometry": {
        "type": "LineString",
        "coordinates": [
          [
            80.2912889,
            26.4939614
          ],
          [
            80.2900546,
            26.493233
          ]
        ]
      },
      "id": "way/1392878573"
    },
    {
      "type": "Feature",
      "properties": {
        "@id": "way/1392878574",
        "electrified": "no",
        "gauge": "1435",
        "network": "Kanpur Metro",
        "note": "Contributors are requested to not edit the \"network\" and the \"operator\" tags. (2023/11/08)",
        "operator": "Uttar Pradesh Metro Rail Corporation Limited",
        "railway": "subway",
        "service": "yard",
        "subway": "yes",
        "tunnel": "building_passage"
      },
      "geometry": {
        "type": "LineString",
        "coordinates": [
          [
            80.2913358,
            26.4938975
          ],
          [
            80.2901016,
            26.4931692
          ]
        ]
      },
      "id": "way/1392878574"
    },
    {
      "type": "Feature",
      "properties": {
        "@id": "way/1392878575",
        "electrified": "no",
        "gauge": "1435",
        "network": "Kanpur Metro",
        "note": "Contributors are requested to not edit the \"network\" and the \"operator\" tags. (2023/11/08)",
        "operator": "Uttar Pradesh Metro Rail Corporation Limited",
        "railway": "subway",
        "service": "yard",
        "subway": "yes"
      },
      "geometry": {
        "type": "LineString",
        "coordinates": [
          [
            80.2901016,
            26.4931692
          ],
          [
            80.2900672,
            26.4931488
          ],
          [
            80.289991,
            26.4931039
          ]
        ]
      },
      "id": "way/1392878575"
    },
    {
      "type": "Feature",
      "properties": {
        "@id": "way/1392878576",
        "electrified": "no",
        "gauge": "1435",
        "network": "Kanpur Metro",
        "note": "Contributors are requested to not edit the \"network\" and the \"operator\" tags. (2023/11/08)",
        "operator": "Uttar Pradesh Metro Rail Corporation Limited",
        "railway": "subway",
        "service": "yard",
        "subway": "yes"
      },
      "geometry": {
        "type": "LineString",
        "coordinates": [
          [
            80.2900546,
            26.493233
          ],
          [
            80.2900213,
            26.4932134
          ],
          [
            80.2899644,
            26.4931798
          ],
          [
            80.2899353,
            26.4931665
          ]
        ]
      },
      "id": "way/1392878576"
    },
    {
      "type": "Feature",
      "properties": {
        "@id": "way/1392878577",
        "electrified": "no",
        "gauge": "1435",
        "network": "Kanpur Metro",
        "note": "Contributors are requested to not edit the \"network\" and the \"operator\" tags. (2023/11/08)",
        "operator": "Uttar Pradesh Metro Rail Corporation Limited",
        "railway": "subway",
        "service": "yard",
        "subway": "yes"
      },
      "geometry": {
        "type": "LineString",
        "coordinates": [
          [
            80.290008,
            26.4932963
          ],
          [
            80.2899759,
            26.4932774
          ],
          [
            80.2898952,
            26.4932298
          ]
        ]
      },
      "id": "way/1392878577"
    },
    {
      "type": "Feature",
      "properties": {
        "@id": "way/1392878578",
        "electrified": "no",
        "gauge": "1435",
        "network": "Kanpur Metro",
        "note": "Contributors are requested to not edit the \"network\" and the \"operator\" tags. (2023/11/08)",
        "operator": "Uttar Pradesh Metro Rail Corporation Limited",
        "railway": "subway",
        "service": "yard",
        "subway": "yes"
      },
      "geometry": {
        "type": "LineString",
        "coordinates": [
          [
            80.289948,
            26.4933779
          ],
          [
            80.2899173,
            26.4933599
          ],
          [
            80.2898485,
            26.4933192
          ]
        ]
      },
      "id": "way/1392878578"
    },
    {
      "type": "Feature",
      "properties": {
        "@id": "way/1392878579",
        "electrified": "no",
        "gauge": "1435",
        "network": "Kanpur Metro",
        "note": "Contributors are requested to not edit the \"network\" and the \"operator\" tags. (2023/11/08)",
        "operator": "Uttar Pradesh Metro Rail Corporation Limited",
        "railway": "subway",
        "service": "yard",
        "subway": "yes"
      },
      "geometry": {
        "type": "LineString",
        "coordinates": [
          [
            80.2899127,
            26.4934259
          ],
          [
            80.2898829,
            26.4934084
          ],
          [
            80.2898447,
            26.4933858
          ],
          [
            80.289796,
            26.493363
          ]
        ]
      },
      "id": "way/1392878579"
    },
    {
      "type": "Feature",
      "properties": {
        "@id": "way/1392878580",
        "electrified": "no",
        "gauge": "1435",
        "network": "Kanpur Metro",
        "note": "Contributors are requested to not edit the \"network\" and the \"operator\" tags. (2023/11/08)",
        "operator": "Uttar Pradesh Metro Rail Corporation Limited",
        "railway": "subway",
        "service": "yard",
        "subway": "yes"
      },
      "geometry": {
        "type": "LineString",
        "coordinates": [
          [
            80.289885,
            26.4934635
          ],
          [
            80.2898559,
            26.4934464
          ],
          [
            80.2897978,
            26.4934121
          ],
          [
            80.2897707,
            26.4933992
          ]
        ]
      },
      "id": "way/1392878580"
    },
    {
      "type": "Feature",
      "properties": {
        "@id": "way/1392878581",
        "electrified": "no",
        "gauge": "1435",
        "network": "Kanpur Metro",
        "note": "Contributors are requested to not edit the \"network\" and the \"operator\" tags. (2023/11/08)",
        "operator": "Uttar Pradesh Metro Rail Corporation Limited",
        "railway": "subway",
        "service": "yard",
        "subway": "yes"
      },
      "geometry": {
        "type": "LineString",
        "coordinates": [
          [
            80.2898492,
            26.4935122
          ],
          [
            80.289821,
            26.4934955
          ],
          [
            80.2897333,
            26.4934438
          ]
        ]
      },
      "id": "way/1392878581"
    },
    {
      "type": "Feature",
      "properties": {
        "@id": "way/1392878582",
        "electrified": "rail",
        "frequency": "0",
        "gauge": "1435",
        "network": "Kanpur Metro",
        "note": "Contributors are requested to not edit the \"network\" and the \"operator\" tags. (2023/11/08)",
        "operator": "Uttar Pradesh Metro Rail Corporation Limited",
        "railway": "subway",
        "service": "yard",
        "subway": "yes",
        "voltage": "750"
      },
      "geometry": {
        "type": "LineString",
        "coordinates": [
          [
            80.2891129,
            26.4929853
          ],
          [
            80.2892373,
            26.4930095
          ],
          [
            80.289345,
            26.493038
          ],
          [
            80.2894221,
            26.493061
          ],
          [
            80.2895693,
            26.4931024
          ],
          [
            80.2896894,
            26.4931412
          ],
          [
            80.2897868,
            26.4931794
          ],
          [
            80.2898952,
            26.4932298
          ]
        ]
      },
      "id": "way/1392878582"
    },
    {
      "type": "Feature",
      "properties": {
        "@id": "way/1392878583",
        "electrified": "rail",
        "frequency": "0",
        "gauge": "1435",
        "network": "Kanpur Metro",
        "note": "Contributors are requested to not edit the \"network\" and the \"operator\" tags. (2023/11/08)",
        "operator": "Uttar Pradesh Metro Rail Corporation Limited",
        "railway": "subway",
        "service": "yard",
        "subway": "yes",
        "voltage": "750"
      },
      "geometry": {
        "type": "LineString",
        "coordinates": [
          [
            80.28807,
            26.4927482
          ],
          [
            80.2881796,
            26.492804
          ],
          [
            80.2882734,
            26.4928473
          ],
          [
            80.2883793,
            26.4928886
          ],
          [
            80.2884767,
            26.4929166
          ],
          [
            80.2885862,
            26.4929363
          ],
          [
            80.2886964,
            26.492944
          ],
          [
            80.2887668,
            26.4929452
          ],
          [
            80.2890806,
            26.4929533
          ],
          [
            80.289356,
            26.49296
          ],
          [
            80.2894607,
            26.4929642
          ],
          [
            80.2895456,
            26.4929718
          ],
          [
            80.2896324,
            26.4929836
          ],
          [
            80.2897112,
            26.4930025
          ],
          [
            80.2898172,
            26.4930334
          ],
          [
            80.289991,
            26.4931039
          ]
        ]
      },
      "id": "way/1392878583"
    },
    {
      "type": "Feature",
      "properties": {
        "@id": "way/1392878584",
        "electrified": "rail",
        "frequency": "0",
        "gauge": "1435",
        "network": "Kanpur Metro",
        "note": "Contributors are requested to not edit the \"network\" and the \"operator\" tags. (2023/11/08)",
        "operator": "Uttar Pradesh Metro Rail Corporation Limited",
        "railway": "subway",
        "service": "yard",
        "subway": "yes",
        "voltage": "750"
      },
      "geometry": {
        "type": "LineString",
        "coordinates": [
          [
            80.2887668,
            26.4929452
          ],
          [
            80.288931,
            26.4929599
          ],
          [
            80.2891129,
            26.4929853
          ],
          [
            80.2892819,
            26.4930079
          ],
          [
            80.2894709,
            26.4930378
          ],
          [
            80.2895925,
            26.4930594
          ],
          [
            80.2896984,
            26.493081
          ],
          [
            80.2897851,
            26.4931071
          ],
          [
            80.2898505,
            26.4931294
          ],
          [
            80.2898959,
            26.4931479
          ],
          [
            80.2899353,
            26.4931665
          ]
        ]
      },
      "id": "way/1392878584"
    },
    {
      "type": "Feature",
      "properties": {
        "@id": "way/1392878585",
        "electrified": "rail",
        "frequency": "0",
        "gauge": "1435",
        "network": "Kanpur Metro",
        "note": "Contributors are requested to not edit the \"network\" and the \"operator\" tags. (2023/11/08)",
        "operator": "Uttar Pradesh Metro Rail Corporation Limited",
        "railway": "subway",
        "service": "yard",
        "subway": "yes",
        "voltage": "750"
      },
      "geometry": {
        "type": "LineString",
        "coordinates": [
          [
            80.289796,
            26.493363
          ],
          [
            80.289709,
            26.4933274
          ],
          [
            80.2896206,
            26.4932981
          ],
          [
            80.2895076,
            26.4932659
          ],
          [
            80.2893577,
            26.4932241
          ],
          [
            80.2892325,
            26.4931948
          ]
        ]
      },
      "id": "way/1392878585"
    },
    {
      "type": "Feature",
      "properties": {
        "@id": "way/1392878586",
        "electrified": "rail",
        "frequency": "0",
        "gauge": "1435",
        "network": "Kanpur Metro",
        "note": "Contributors are requested to not edit the \"network\" and the \"operator\" tags. (2023/11/08)",
        "operator": "Uttar Pradesh Metro Rail Corporation Limited",
        "railway": "subway",
        "service": "yard",
        "subway": "yes",
        "voltage": "750"
      },
      "geometry": {
        "type": "LineString",
        "coordinates": [
          [
            80.2898485,
            26.4933192
          ],
          [
            80.2897599,
            26.4932911
          ],
          [
            80.2897022,
            26.4932729
          ],
          [
            80.2896289,
            26.4932539
          ],
          [
            80.2895372,
            26.493238
          ],
          [
            80.2894285,
            26.4932234
          ],
          [
            80.2892325,
            26.4931948
          ],
          [
            80.2890703,
            26.4931699
          ],
          [
            80.2889385,
            26.4931464
          ]
        ]
      },
      "id": "way/1392878586"
    },
    {
      "type": "Feature",
      "properties": {
        "@id": "way/1392878587",
        "electrified": "rail",
        "frequency": "0",
        "gauge": "1435",
        "network": "Kanpur Metro",
        "note": "Contributors are requested to not edit the \"network\" and the \"operator\" tags. (2023/11/08)",
        "operator": "Uttar Pradesh Metro Rail Corporation Limited",
        "railway": "subway",
        "service": "yard",
        "subway": "yes",
        "voltage": "750"
      },
      "geometry": {
        "type": "LineString",
        "coordinates": [
          [
            80.2897707,
            26.4933992
          ],
          [
            80.2897253,
            26.493379
          ],
          [
            80.2896608,
            26.4933527
          ],
          [
            80.2895815,
            26.4933269
          ],
          [
            80.2894575,
            26.4932918
          ],
          [
            80.2892535,
            26.4932347
          ],
          [
            80.2891301,
            26.4932027
          ],
          [
            80.2890305,
            26.4931751
          ],
          [
            80.2889385,
            26.4931464
          ],
          [
            80.2888747,
            26.4931296
          ],
          [
            80.2887813,
            26.4931024
          ],
          [
            80.2886414,
            26.4930562
          ]
        ]
      },
      "id": "way/1392878587"
    },
    {
      "type": "Feature",
      "properties": {
        "@id": "way/1392878588",
        "electrified": "rail",
        "frequency": "0",
        "gauge": "1435",
        "network": "Kanpur Metro",
        "note": "Contributors are requested to not edit the \"network\" and the \"operator\" tags. (2023/11/08)",
        "operator": "Uttar Pradesh Metro Rail Corporation Limited",
        "railway": "subway",
        "service": "yard",
        "subway": "yes",
        "voltage": "750"
      },
      "geometry": {
        "type": "LineString",
        "coordinates": [
          [
            80.2897333,
            26.4934438
          ],
          [
            80.2896624,
            26.4934106
          ],
          [
            80.2895805,
            26.4933756
          ],
          [
            80.2895007,
            26.4933453
          ],
          [
            80.2893972,
            26.4933155
          ],
          [
            80.2892799,
            26.4932805
          ],
          [
            80.2891594,
            26.4932498
          ],
          [
            80.2890553,
            26.4932205
          ],
          [
            80.288998,
            26.4932037
          ],
          [
            80.2889242,
            26.4931775
          ]
        ]
      },
      "id": "way/1392878588"
    },
    {
      "type": "Feature",
      "properties": {
        "@id": "way/1392878589",
        "electrified": "rail",
        "frequency": "0",
        "gauge": "1435",
        "network": "Kanpur Metro",
        "note": "Contributors are requested to not edit the \"network\" and the \"operator\" tags. (2023/11/08)",
        "operator": "Uttar Pradesh Metro Rail Corporation Limited",
        "railway": "subway",
        "service": "yard",
        "subway": "yes",
        "voltage": "750"
      },
      "geometry": {
        "type": "LineString",
        "coordinates": [
          [
            80.2886451,
            26.4933327
          ],
          [
            80.2886966,
            26.4933637
          ],
          [
            80.2887929,
            26.4934322
          ]
        ]
      },
      "id": "way/1392878589"
    },
    {
      "type": "Feature",
      "properties": {
        "@id": "way/1392878590",
        "electrified": "no",
        "gauge": "1435",
        "network": "Kanpur Metro",
        "note": "Contributors are requested to not edit the \"network\" and the \"operator\" tags. (2023/11/08)",
        "operator": "Uttar Pradesh Metro Rail Corporation Limited",
        "railway": "subway",
        "service": "yard",
        "subway": "yes"
      },
      "geometry": {
        "type": "LineString",
        "coordinates": [
          [
            80.2872627,
            26.4921985
          ],
          [
            80.2872268,
            26.4921562
          ],
          [
            80.287186,
            26.4920982
          ],
          [
            80.2871321,
            26.492009
          ],
          [
            80.2870933,
            26.4919296
          ],
          [
            80.2870624,
            26.4918475
          ],
          [
            80.2870384,
            26.4917699
          ],
          [
            80.2870225,
            26.4916985
          ],
          [
            80.2870105,
            26.4916298
          ],
          [
            80.2870056,
            26.4915522
          ],
          [
            80.2870085,
            26.4914755
          ],
          [
            80.2870145,
            26.4913925
          ],
          [
            80.2870454,
            26.491124
          ]
        ]
      },
      "id": "way/1392878590"
    },
    {
      "type": "Feature",
      "properties": {
        "@id": "way/1392878597",
        "electrified": "rail",
        "frequency": "0",
        "gauge": "1435",
        "network": "Kanpur Metro",
        "note": "Contributors are requested to not edit the \"network\" and the \"operator\" tags. (2023/11/08)",
        "operator": "Uttar Pradesh Metro Rail Corporation Limited",
        "railway": "subway",
        "service": "yard",
        "subway": "yes",
        "voltage": "750"
      },
      "geometry": {
        "type": "LineString",
        "coordinates": [
          [
            80.2892736,
            26.4928353
          ],
          [
            80.2894343,
            26.4928377
          ],
          [
            80.2895864,
            26.49284
          ],
          [
            80.2896908,
            26.492846
          ],
          [
            80.289794,
            26.4928531
          ],
          [
            80.2899157,
            26.4928767
          ],
          [
            80.290047,
            26.4929146
          ],
          [
            80.2901506,
            26.4929485
          ]
        ]
      },
      "id": "way/1392878597"
    },
    {
      "type": "Feature",
      "properties": {
        "@id": "way/1392878598",
        "electrified": "rail",
        "frequency": "0",
        "gauge": "1435",
        "network": "Kanpur Metro",
        "note": "Contributors are requested to not edit the \"network\" and the \"operator\" tags. (2023/11/08)",
        "operator": "Uttar Pradesh Metro Rail Corporation Limited",
        "railway": "subway",
        "service": "yard",
        "subway": "yes",
        "tunnel": "building_passage",
        "voltage": "750"
      },
      "geometry": {
        "type": "LineString",
        "coordinates": [
          [
            80.2890535,
            26.4928321
          ],
          [
            80.2892736,
            26.4928353
          ]
        ]
      },
      "id": "way/1392878598"
    },
    {
      "type": "Feature",
      "properties": {
        "@id": "way/1392878599",
        "electrified": "no",
        "gauge": "1435",
        "network": "Kanpur Metro",
        "note": "Contributors are requested to not edit the \"network\" and the \"operator\" tags. (2023/11/08)",
        "operator": "Uttar Pradesh Metro Rail Corporation Limited",
        "railway": "subway",
        "service": "yard",
        "subway": "yes"
      },
      "geometry": {
        "type": "LineString",
        "coordinates": [
          [
            80.2898123,
            26.4935624
          ],
          [
            80.289785,
            26.4935463
          ],
          [
            80.2897515,
            26.493527
          ],
          [
            80.2896831,
            26.4934932
          ]
        ]
      },
      "id": "way/1392878599"
    },
    {
      "type": "Feature",
      "properties": {
        "@id": "way/1392878603",
        "bridge": "viaduct",
        "electrified": "rail",
        "gauge": "1435",
        "layer": "1",
        "maxspeed": "80",
        "name": "Orange Line",
        "network": "Kanpur Metro",
        "note": "Contributors are requested to not edit the \"network\" and the \"operator\" tags. (2023/11/08)",
        "operator": "Uttar Pradesh Metro Rail Corporation Limited",
        "railway": "subway",
        "service": "crossover",
        "subway": "yes"
      },
      "geometry": {
        "type": "LineString",
        "coordinates": [
          [
            80.3155887,
            26.479121
          ],
          [
            80.3161215,
            26.4791063
          ]
        ]
      },
      "id": "way/1392878603"
    },
    {
      "type": "Feature",
      "properties": {
        "@id": "way/1392878604",
        "bridge": "viaduct",
        "electrified": "rail",
        "frequency": "0",
        "gauge": "1435",
        "layer": "1",
        "maxspeed": "80",
        "name": "Orange Line",
        "network": "Kanpur Metro",
        "note": "Contributors are requested to not edit the \"network\" and the \"operator\" tags. (2023/11/08)",
        "operator": "Uttar Pradesh Metro Rail Corporation Limited",
        "railway": "subway",
        "service": "crossover",
        "subway": "yes",
        "voltage": "750"
      },
      "geometry": {
        "type": "LineString",
        "coordinates": [
          [
            80.3185679,
            26.4790943
          ],
          [
            80.3192238,
            26.4791025
          ]
        ]
      },
      "id": "way/1392878604"
    },
    {
      "type": "Feature",
      "properties": {
        "@id": "way/1392878605",
        "bridge": "viaduct",
        "electrified": "rail",
        "frequency": "0",
        "gauge": "1435",
        "layer": "1",
        "name": "Orange Line",
        "network": "Kanpur Metro",
        "operator": "Uttar Pradesh Metro Rail Corporation Limited",
        "railway": "subway",
        "start_date": "2025-05-30",
        "subway": "yes",
        "voltage": "750",
        "@relations": [
          {
            "role": "",
            "rel": 13615312,
            "reltags": {
              "alt_name": "Line 1 – IIT Kanpur to Naubasta",
              "colour": "orange",
              "from": "Kanpur Central",
              "interval": "5",
              "name": "Orange Line (Kanpur Central -> IIT Kanpur)",
              "name:hi": "ऑरेंज लाइन (मोती झील -> आई आई टी कानपुर)",
              "network": "Kanpur Metro",
              "network:wikidata": "Q17063873",
              "opening_hours": "06:00-22:00",
              "operator": "Uttar Pradesh Metro Rail Corporation",
              "public_transport:version": "2",
              "ref": "1",
              "route": "subway",
              "to": "IIT Kanpur",
              "type": "route",
              "via": "Rawatpur",
              "wikidata": "Q110419397",
              "wikipedia": "en:Orange Line (Kanpur Metro)"
            }
          }
        ]
      },
      "geometry": {
        "type": "LineString",
        "coordinates": [
          [
            80.3284864,
            26.4809089
          ],
          [
            80.3284279,
            26.4808887
          ],
          [
            80.3281841,
            26.4807706
          ],
          [
            80.3278584,
            26.4805673
          ],
          [
            80.3273836,
            26.4802531
          ],
          [
            80.3268107,
            26.4798698
          ],
          [
            80.3266558,
            26.4797654
          ],
          [
            80.3264288,
            26.479606
          ],
          [
            80.3263205,
            26.4795278
          ],
          [
            80.3261994,
            26.4794288
          ],
          [
            80.3261028,
            26.4793486
          ],
          [
            80.3260146,
            26.479269
          ],
          [
            80.3259286,
            26.4791873
          ],
          [
            80.3257547,
            26.479018
          ],
          [
            80.3256225,
            26.4788693
          ],
          [
            80.3254338,
            26.4786666
          ],
          [
            80.3252855,
            26.4785252
          ],
          [
            80.3251943,
            26.4784396
          ],
          [
            80.3251074,
            26.4783658
          ],
          [
            80.3249907,
            26.4782865
          ],
          [
            80.3248389,
            26.478193
          ],
          [
            80.3246915,
            26.4781231
          ],
          [
            80.3245555,
            26.4780705
          ],
          [
            80.3244476,
            26.4780375
          ],
          [
            80.3243347,
            26.4780126
          ],
          [
            80.3242157,
            26.477988
          ],
          [
            80.3241322,
            26.4779755
          ],
          [
            80.3239222,
            26.4779548
          ],
          [
            80.3237461,
            26.4779564
          ],
          [
            80.3235931,
            26.4779676
          ],
          [
            80.3234365,
            26.477993
          ],
          [
            80.3233014,
            26.4780219
          ],
          [
            80.3231918,
            26.4780538
          ],
          [
            80.3230625,
            26.478101
          ],
          [
            80.322918,
            26.4781673
          ],
          [
            80.3227752,
            26.4782486
          ],
          [
            80.3225587,
            26.4783694
          ],
          [
            80.3223858,
            26.4784734
          ],
          [
            80.3222394,
            26.4785572
          ],
          [
            80.3221242,
            26.4786177
          ],
          [
            80.3219397,
            26.4786972
          ],
          [
            80.3217805,
            26.4787524
          ],
          [
            80.3215986,
            26.4788107
          ],
          [
            80.3213589,
            26.4788627
          ],
          [
            80.3207138,
            26.478965
          ],
          [
            80.3203365,
            26.4790161
          ],
          [
            80.3199795,
            26.4790559
          ],
          [
            80.3197448,
            26.4790743
          ],
          [
            80.3195944,
            26.4790841
          ],
          [
            80.3194413,
            26.4790945
          ]
        ]
      },
      "id": "way/1392878605"
    },
    {
      "type": "Feature",
      "properties": {
        "@id": "way/1392878606",
        "electrified": "rail",
        "frequency": "0",
        "gauge": "1435",
        "layer": "-1",
        "level": "-1",
        "name": "Orange Line",
        "network": "Kanpur Metro",
        "operator": "Uttar Pradesh Metro Rail Corporation Limited",
        "railway": "subway",
        "start_date": "2025-05-30",
        "subway": "yes",
        "tunnel": "yes",
        "voltage": "750",
        "@relations": [
          {
            "role": "",
            "rel": 13615312,
            "reltags": {
              "alt_name": "Line 1 – IIT Kanpur to Naubasta",
              "colour": "orange",
              "from": "Kanpur Central",
              "interval": "5",
              "name": "Orange Line (Kanpur Central -> IIT Kanpur)",
              "name:hi": "ऑरेंज लाइन (मोती झील -> आई आई टी कानपुर)",
              "network": "Kanpur Metro",
              "network:wikidata": "Q17063873",
              "opening_hours": "06:00-22:00",
              "operator": "Uttar Pradesh Metro Rail Corporation",
              "public_transport:version": "2",
              "ref": "1",
              "route": "subway",
              "to": "IIT Kanpur",
              "type": "route",
              "via": "Rawatpur",
              "wikidata": "Q110419397",
              "wikipedia": "en:Orange Line (Kanpur Metro)"
            }
          }
        ]
      },
      "geometry": {
        "type": "LineString",
        "coordinates": [
          [
            80.3517971,
            26.4538633
          ],
          [
            80.3528281,
            26.4541602
          ],
          [
            80.3537797,
            26.4545737
          ],
          [
            80.354479,
            26.4551566
          ],
          [
            80.3590429,
            26.4624607
          ],
          [
            80.3595426,
            26.4638111
          ],
          [
            80.3595456,
            26.4640724
          ],
          [
            80.3595459,
            26.4641601
          ],
          [
            80.3595502,
            26.4660441
          ],
          [
            80.3599645,
            26.467857
          ],
          [
            80.3599812,
            26.4685313
          ],
          [
            80.3598412,
            26.4689187
          ],
          [
            80.3592669,
            26.4697519
          ],
          [
            80.358377,
            26.4707731
          ],
          [
            80.3579482,
            26.4711522
          ],
          [
            80.3572684,
            26.4715186
          ],
          [
            80.3564784,
            26.4716779
          ],
          [
            80.3549345,
            26.4719623
          ],
          [
            80.3538654,
            26.4722446
          ],
          [
            80.3526496,
            26.4726318
          ],
          [
            80.3524167,
            26.4727098
          ],
          [
            80.3520132,
            26.4728426
          ],
          [
            80.3515787,
            26.4729662
          ],
          [
            80.3484986,
            26.4737191
          ],
          [
            80.346873,
            26.4739196
          ],
          [
            80.3454583,
            26.4741254
          ],
          [
            80.3448225,
            26.4742017
          ],
          [
            80.3427992,
            26.4748743
          ],
          [
            80.3380434,
            26.4767216
          ],
          [
            80.3374786,
            26.4769438
          ],
          [
            80.3371086,
            26.4771014
          ],
          [
            80.3366547,
            26.4772946
          ],
          [
            80.3361013,
            26.4776243
          ],
          [
            80.3358299,
            26.4778309
          ],
          [
            80.3356155,
            26.4780655
          ],
          [
            80.3348498,
            26.4789353
          ],
          [
            80.3342223,
            26.4795022
          ],
          [
            80.3338872,
            26.4797079
          ],
          [
            80.3328904,
            26.480263
          ],
          [
            80.3327979,
            26.480311
          ],
          [
            80.3326691,
            26.4803806
          ],
          [
            80.3325645,
            26.4804226
          ],
          [
            80.3324894,
            26.4804466
          ],
          [
            80.3321984,
            26.4805343
          ],
          [
            80.3320034,
            26.4805883
          ],
          [
            80.3305417,
            26.4809968
          ],
          [
            80.330371,
            26.4810469
          ]
        ]
      },
      "id": "way/1392878606"
    },
    {
      "type": "Feature",
      "properties": {
        "@id": "way/1392878607",
        "electrified": "rail",
        "frequency": "0",
        "gauge": "1435",
        "name": "Orange Line",
        "network": "Kanpur Metro",
        "operator": "Uttar Pradesh Metro Rail Corporation Limited",
        "railway": "subway",
        "start_date": "2025-05-30",
        "subway": "yes",
        "voltage": "750",
        "@relations": [
          {
            "role": "",
            "rel": 13615304,
            "reltags": {
              "alt_name": "Line 1 – Naubasta to IIT Kanpur",
              "colour": "orange",
              "from": "IIT Kanpur",
              "interval": "5",
              "name": "Orange Line (IIT Kanpur -> Kanpur Central)",
              "name:hi": "ऑरेंज लाइन (आई आई टी कानपुर -> मोती झील)",
              "network": "Kanpur Metro",
              "network:wikidata": "Q17063873",
              "opening_hours": "06:00-22:00",
              "operator": "Uttar Pradesh Metro Rail Corporation",
              "public_transport:version": "2",
              "ref": "1",
              "route": "subway",
              "to": "Kanpur Central",
              "type": "route",
              "via": "Rawatpur",
              "wikidata": "Q110419397",
              "wikipedia": "en:Orange Line (Kanpur Metro)"
            }
          }
        ]
      },
      "geometry": {
        "type": "LineString",
        "coordinates": [
          [
            80.3284992,
            26.4808734
          ],
          [
            80.3288283,
            26.4809933
          ],
          [
            80.3290851,
            26.4810388
          ],
          [
            80.329312,
            26.48106
          ],
          [
            80.3294353,
            26.4810721
          ],
          [
            80.3295528,
            26.4810756
          ],
          [
            80.3296868,
            26.4810806
          ],
          [
            80.3298405,
            26.4810778
          ],
          [
            80.3299701,
            26.4810684
          ],
          [
            80.3301059,
            26.4810561
          ],
          [
            80.3302303,
            26.4810395
          ],
          [
            80.3303578,
            26.481009
          ]
        ]
      },
      "id": "way/1392878607"
    },
    {
      "type": "Feature",
      "properties": {
        "@id": "way/1392878608",
        "electrified": "rail",
        "frequency": "0",
        "gauge": "1435",
        "name": "Orange Line",
        "network": "Kanpur Metro",
        "operator": "Uttar Pradesh Metro Rail Corporation Limited",
        "railway": "subway",
        "start_date": "2025-05-30",
        "subway": "yes",
        "voltage": "750",
        "@relations": [
          {
            "role": "",
            "rel": 13615312,
            "reltags": {
              "alt_name": "Line 1 – IIT Kanpur to Naubasta",
              "colour": "orange",
              "from": "Kanpur Central",
              "interval": "5",
              "name": "Orange Line (Kanpur Central -> IIT Kanpur)",
              "name:hi": "ऑरेंज लाइन (मोती झील -> आई आई टी कानपुर)",
              "network": "Kanpur Metro",
              "network:wikidata": "Q17063873",
              "opening_hours": "06:00-22:00",
              "operator": "Uttar Pradesh Metro Rail Corporation",
              "public_transport:version": "2",
              "ref": "1",
              "route": "subway",
              "to": "IIT Kanpur",
              "type": "route",
              "via": "Rawatpur",
              "wikidata": "Q110419397",
              "wikipedia": "en:Orange Line (Kanpur Metro)"
            }
          }
        ]
      },
      "geometry": {
        "type": "LineString",
        "coordinates": [
          [
            80.330371,
            26.4810469
          ],
          [
            80.3302898,
            26.4810688
          ],
          [
            80.3301616,
            26.481091
          ],
          [
            80.3300148,
            26.4811048
          ],
          [
            80.3298934,
            26.4811171
          ],
          [
            80.329678,
            26.4811222
          ],
          [
            80.3295158,
            26.4811194
          ],
          [
            80.3293552,
            26.4811083
          ],
          [
            80.3290864,
            26.4810696
          ],
          [
            80.3288181,
            26.4810232
          ],
          [
            80.3284864,
            26.4809089
          ]
        ]
      },
      "id": "way/1392878608"
    },
    {
      "type": "Feature",
      "properties": {
        "@id": "way/1392878610",
        "electrified": "rail",
        "frequency": "0",
        "gauge": "1435",
        "layer": "-1",
        "level": "-1",
        "name": "Orange Line",
        "network": "Kanpur Metro",
        "operator": "Uttar Pradesh Metro Rail Corporation Limited",
        "railway": "subway",
        "start_date": "2025-05-30",
        "subway": "yes",
        "tunnel": "yes",
        "voltage": "750",
        "@relations": [
          {
            "role": "",
            "rel": 13615304,
            "reltags": {
              "alt_name": "Line 1 – Naubasta to IIT Kanpur",
              "colour": "orange",
              "from": "IIT Kanpur",
              "interval": "5",
              "name": "Orange Line (IIT Kanpur -> Kanpur Central)",
              "name:hi": "ऑरेंज लाइन (आई आई टी कानपुर -> मोती झील)",
              "network": "Kanpur Metro",
              "network:wikidata": "Q17063873",
              "opening_hours": "06:00-22:00",
              "operator": "Uttar Pradesh Metro Rail Corporation",
              "public_transport:version": "2",
              "ref": "1",
              "route": "subway",
              "to": "Kanpur Central",
              "type": "route",
              "via": "Rawatpur",
              "wikidata": "Q110419397",
              "wikipedia": "en:Orange Line (Kanpur Metro)"
            }
          }
        ]
      },
      "geometry": {
        "type": "LineString",
        "coordinates": [
          [
            80.3303578,
            26.481009
          ],
          [
            80.3320957,
            26.4805234
          ],
          [
            80.3322238,
            26.4804799
          ],
          [
            80.3324788,
            26.4803749
          ],
          [
            80.3326597,
            26.4802772
          ],
          [
            80.3328112,
            26.4801813
          ],
          [
            80.3333346,
            26.4798771
          ],
          [
            80.3341007,
            26.4794492
          ],
          [
            80.3347035,
            26.4789298
          ],
          [
            80.3352211,
            26.4783564
          ],
          [
            80.3357269,
            26.4778382
          ],
          [
            80.3360652,
            26.4775495
          ],
          [
            80.336499,
            26.4773158
          ],
          [
            80.3366456,
            26.4771953
          ],
          [
            80.3370488,
            26.4770043
          ],
          [
            80.3372195,
            26.4769297
          ],
          [
            80.3379914,
            26.476616
          ],
          [
            80.3382543,
            26.4765472
          ],
          [
            80.3427606,
            26.4747706
          ],
          [
            80.344799,
            26.4740743
          ],
          [
            80.3454375,
            26.4739966
          ],
          [
            80.3484683,
            26.4736276
          ],
          [
            80.3515608,
            26.4729349
          ],
          [
            80.3519961,
            26.4728029
          ],
          [
            80.3523949,
            26.472671
          ],
          [
            80.3531236,
            26.4724449
          ],
          [
            80.3538464,
            26.4721992
          ],
          [
            80.354937,
            26.4719143
          ],
          [
            80.3564719,
            26.4716298
          ],
          [
            80.3572443,
            26.4714665
          ],
          [
            80.3579309,
            26.4711302
          ],
          [
            80.3584404,
            26.4706548
          ],
          [
            80.3592123,
            26.4697394
          ],
          [
            80.3597908,
            26.4689085
          ],
          [
            80.3599236,
            26.4685298
          ],
          [
            80.3599108,
            26.4678643
          ],
          [
            80.3594773,
            26.4660294
          ],
          [
            80.3594642,
            26.4641698
          ],
          [
            80.3594617,
            26.4638201
          ],
          [
            80.3589818,
            26.462486
          ],
          [
            80.3544326,
            26.455167
          ],
          [
            80.3537459,
            26.4546099
          ],
          [
            80.3528017,
            26.4542065
          ],
          [
            80.3517807,
            26.4539113
          ]
        ]
      },
      "id": "way/1392878610"
    },
    {
      "type": "Feature",
      "properties": {
        "@id": "way/1392878600",
        "@relations": [
          {
            "role": "",
            "rel": 13615305,
            "reltags": {
              "colour": "orange",
              "name": "Geeta Nagar",
              "name:hi": "गीता नगर",
              "network": "Kanpur Metro",
              "operator": "Uttar Pradesh Metro Rail Corporation",
              "public_transport": "stop_area",
              "type": "public_transport"
            }
          }
        ]
      },
      "geometry": {
        "type": "LineString",
        "coordinates": [
          [
            80.2923918,
            26.4870593
          ],
          [
            80.2922174,
            26.4868322
          ],
          [
            80.2915557,
            26.4872394
          ],
          [
            80.29173,
            26.4874664
          ],
          [
            80.2923918,
            26.4870593
          ]
        ]
      },
      "id": "way/1392878600"
    },
    {
      "type": "Feature",
      "properties": {
        "@id": "way/1392878532",
        "@relations": [
          {
            "role": "",
            "rel": 13615307,
            "reltags": {
              "colour": "orange",
              "name": "Gurudev Chauraha",
              "name:hi": "गुरुदेव चौराहा",
              "network": "Kanpur Metro",
              "operator": "Uttar Pradesh Metro Rail Corporation",
              "public_transport": "stop_area",
              "type": "public_transport"
            }
          }
        ]
      },
      "geometry": {
        "type": "LineString",
        "coordinates": [
          [
            80.2848654,
            26.4915376
          ],
          [
            80.2847805,
            26.4913192
          ],
          [
            80.2839942,
            26.4915639
          ],
          [
            80.2840792,
            26.4917824
          ],
          [
            80.2848654,
            26.4915376
          ]
        ]
      },
      "id": "way/1392878532"
    },
    {
      "type": "Feature",
      "properties": {
        "@id": "way/1392878530",
        "@relations": [
          {
            "role": "",
            "rel": 13615308,
            "reltags": {
              "colour": "orange",
              "name": "SPM Hospital",
              "name:hi": "एस पी एम हाॅस्पिटल",
              "network": "Kanpur Metro",
              "operator": "Uttar Pradesh Metro Rail Corporation",
              "public_transport": "stop_area",
              "type": "public_transport"
            }
          }
        ]
      },
      "geometry": {
        "type": "LineString",
        "coordinates": [
          [
            80.2587428,
            26.4990753
          ],
          [
            80.2586556,
            26.4988232
          ],
          [
            80.2594346,
            26.498609
          ],
          [
            80.2595192,
            26.4988469
          ],
          [
            80.2587428,
            26.4990753
          ]
        ]
      },
      "id": "way/1392878530"
    },
    {
      "type": "Feature",
      "properties": {
        "@id": "way/1138319542",
        "@relations": [
          {
            "role": "",
            "rel": 13615309,
            "reltags": {
              "alt_name": "Kalyanpur Railway Station",
              "colour": "orange",
              "name": "Kalyanpur",
              "name:hi": "कल्याणपुर",
              "network": "Kanpur Metro",
              "operator": "Uttar Pradesh Metro Rail Corporation",
              "public_transport": "stop_area",
              "type": "public_transport"
            }
          }
        ]
      },
      "geometry": {
        "type": "LineString",
        "coordinates": [
          [
            80.2524259,
            26.5040785
          ],
          [
            80.2529228,
            26.5035106
          ],
          [
            80.2527074,
            26.5033597
          ],
          [
            80.2522105,
            26.5039276
          ],
          [
            80.2524259,
            26.5040785
          ]
        ]
      },
      "id": "way/1138319542"
    },
    {
      "type": "Feature",
      "properties": {
        "@id": "way/1138189976",
        "@relations": [
          {
            "role": "",
            "rel": 13615310,
            "reltags": {
              "colour": "orange",
              "name": "IIT Kanpur",
              "name:hi": "आई आई टी कानपुर",
              "network": "Kanpur Metro",
              "operator": "Uttar Pradesh Metro Rail Corporation",
              "public_transport": "stop_area",
              "type": "public_transport"
            }
          }
        ]
      },
      "geometry": {
        "type": "LineString",
        "coordinates": [
          [
            80.2481841,
            26.5095668
          ],
          [
            80.2486574,
            26.5089904
          ],
          [
            80.2484365,
            26.5088451
          ],
          [
            80.2482829,
            26.5090322
          ],
          [
            80.2482449,
            26.5090071
          ],
          [
            80.2481207,
            26.5091583
          ],
          [
            80.2481639,
            26.5091867
          ],
          [
            80.2479683,
            26.5094249
          ],
          [
            80.2481841,
            26.5095668
          ]
        ]
      },
      "id": "way/1138189976"
    },
    {
      "type": "Feature",
      "properties": {
        "@id": "way/1392878601",
        "@relations": [
          {
            "role": "",
            "rel": 13615311,
            "reltags": {
              "colour": "orange",
              "name": "Rawatpur",
              "name:hi": "रावतपुर",
              "network": "Kanpur Metro",
              "operator": "Uttar Pradesh Metro Rail Corporation",
              "public_transport": "stop_area",
              "type": "public_transport"
            }
          }
        ]
      },
      "geometry": {
        "type": "LineString",
        "coordinates": [
          [
            80.3002941,
            26.4828345
          ],
          [
            80.3001604,
            26.4826182
          ],
          [
            80.2994475,
            26.4829713
          ],
          [
            80.2995813,
            26.4831877
          ],
          [
            80.3002941,
            26.4828345
          ]
        ]
      },
      "id": "way/1392878601"
    },
    {
      "type": "Feature",
      "properties": {
        "@id": "way/1392878602",
        "@relations": [
          {
            "role": "",
            "rel": 13615313,
            "reltags": {
              "alt_name": "Lala Lajpat Rai Hospital",
              "colour": "orange",
              "name": "LLR Hospital",
              "name:hi": "एल एल आर हाॅस्पिटल",
              "network": "Kanpur Metro",
              "operator": "Uttar Pradesh Metro Rail Corporation",
              "public_transport": "stop_area",
              "type": "public_transport"
            }
          }
        ]
      },
      "geometry": {
        "type": "LineString",
        "coordinates": [
          [
            80.312152,
            26.4793393
          ],
          [
            80.3121314,
            26.4790866
          ],
          [
            80.3113343,
            26.4791387
          ],
          [
            80.311355,
            26.4793916
          ],
          [
            80.312152,
            26.4793393
          ]
        ]
      },
      "id": "way/1392878602"
    },
    {
      "type": "Feature",
      "properties": {
        "@id": "way/1138189547",
        "@relations": [
          {
            "role": "",
            "rel": 13615314,
            "reltags": {
              "colour": "orange",
              "name": "Moti Jheel",
              "name:hi": "मोती झील",
              "network": "Kanpur Metro",
              "operator": "Uttar Pradesh Metro Rail Corporation",
              "public_transport": "stop_area",
              "type": "public_transport"
            }
          }
        ]
      },
      "geometry": {
        "type": "LineString",
        "coordinates": [
          [
            80.3177828,
            26.4791905
          ],
          [
            80.3177857,
            26.4792567
          ],
          [
            80.3181312,
            26.4792446
          ],
          [
            80.3181281,
            26.4791731
          ],
          [
            80.3182935,
            26.4791674
          ],
          [
            80.3182871,
            26.4790205
          ],
          [
            80.3181159,
            26.4790265
          ],
          [
            80.3181135,
            26.47897
          ],
          [
            80.3177644,
            26.4789822
          ],
          [
            80.3177674,
            26.479051
          ],
          [
            80.3174449,
            26.4790623
          ],
          [
            80.317451,
            26.4792022
          ],
          [
            80.3177828,
            26.4791905
          ]
        ]
      },
      "id": "way/1138189547"
    },
    {
      "type": "Feature",
      "properties": {
        "@id": "way/628984492",
        "@relations": [
          {
            "role": "",
            "rel": 13615315,
            "reltags": {
              "alt_name": "Kanpur Metro Line 1",
              "colour": "orange",
              "name": "Orange Line",
              "name:hi": "ऑरेंज लाइन",
              "network": "Kanpur Metro",
              "network:wikidata": "Q17063873",
              "operator": "Uttar Pradesh Metro Rail Corporation",
              "ref": "1",
              "route_master": "subway",
              "type": "route_master",
              "wikidata": "Q110419397",
              "wikipedia": "en:Orange Line (Kanpur Metro)"
            }
          }
        ]
      },
      "geometry": {
        "type": "LineString",
        "coordinates": [
          [
            80.3592922,
            26.4735195
          ],
          [
            80.3591645,
            26.4732313
          ],
          [
            80.3592531,
            26.4731999
          ],
          [
            80.3593807,
            26.4734881
          ],
          [
            80.3592922,
            26.4735195
          ]
        ]
      },
      "id": "way/628984492"
    },
    {
      "type": "Feature",
      "properties": {
        "@id": "node/5737097854",
        "colour": "orange",
        "name": "IIT Kanpur",
        "name:hi": "आई आई टी कानपुर",
        "network": "Kanpur Metro",
        "note": "Contributors are requested to not edit the \"network\" and the \"operator\" tags. (2023/11/08)",
        "operator": "Uttar Pradesh Metro Rail Corporation Limited",
        "public_transport": "stop_position",
        "railway": "stop",
        "subway": "yes",
        "@relations": [
          {
            "role": "stop",
            "rel": 13615304,
            "reltags": {
              "alt_name": "Line 1 – Naubasta to IIT Kanpur",
              "colour": "orange",
              "from": "IIT Kanpur",
              "interval": "5",
              "name": "Orange Line (IIT Kanpur -> Kanpur Central)",
              "name:hi": "ऑरेंज लाइन (आई आई टी कानपुर -> मोती झील)",
              "network": "Kanpur Metro",
              "network:wikidata": "Q17063873",
              "opening_hours": "06:00-22:00",
              "operator": "Uttar Pradesh Metro Rail Corporation",
              "public_transport:version": "2",
              "ref": "1",
              "route": "subway",
              "to": "Kanpur Central",
              "type": "route",
              "via": "Rawatpur",
              "wikidata": "Q110419397",
              "wikipedia": "en:Orange Line (Kanpur Metro)"
            }
          },
          {
            "role": "stop",
            "rel": 13615310,
            "reltags": {
              "colour": "orange",
              "name": "IIT Kanpur",
              "name:hi": "आई आई टी कानपुर",
              "network": "Kanpur Metro",
              "operator": "Uttar Pradesh Metro Rail Corporation",
              "public_transport": "stop_area",
              "type": "public_transport"
            }
          }
        ]
      },
      "geometry": {
        "type": "Point",
        "coordinates": [
          80.2482917,
          26.5091987
        ]
      },
      "id": "node/5737097854"
    },
    {
      "type": "Feature",
      "properties": {
        "@id": "node/7944298542",
        "colour": "orange",
        "name": "Gurudev Chauraha",
        "name:hi": "गुरुदेव चौराहा",
        "network": "Kanpur Metro",
        "network:wikidata": "Q17063873",
        "note": "Contributors are requested to not edit the \"network\" and the \"operator\" tags. (2023/11/08)",
        "operator": "Uttar Pradesh Metro Rail Corporation",
        "public_transport": "station",
        "railway": "station",
        "station": "subway",
        "subway": "yes",
        "wikidata": "Q110300584",
        "wikipedia": "en:Gurudev Chauraha metro station",
        "@relations": [
          {
            "role": "",
            "rel": 13615307,
            "reltags": {
              "colour": "orange",
              "name": "Gurudev Chauraha",
              "name:hi": "गुरुदेव चौराहा",
              "network": "Kanpur Metro",
              "operator": "Uttar Pradesh Metro Rail Corporation",
              "public_transport": "stop_area",
              "type": "public_transport"
            }
          }
        ]
      },
      "geometry": {
        "type": "Point",
        "coordinates": [
          80.2843697,
          26.4915749
        ]
      },
      "id": "node/7944298542"
    },
    {
      "type": "Feature",
      "properties": {
        "@id": "node/7944298553",
        "name": "Bada Chauraha",
        "name:en": "Bada Chauraha",
        "name:hi": "बड़ा चौराहा",
        "network": "Kanpur Metro",
        "network:wikidata": "Q17063873",
        "operator": "Uttar Pradesh Metro Rail Corporation",
        "public_transport": "station",
        "railway": "station",
        "station": "subway",
        "subway": "yes",
        "@relations": [
          {
            "role": "",
            "rel": 19220378,
            "reltags": {
              "colour": "orange",
              "name": "Bada Chauraha",
              "name:en": "Bada Chauraha",
              "name:hi": "बड़ा चौराहा",
              "network": "Kanpur Metro",
              "operator": "Uttar Pradesh Metro Rail Corporation",
              "public_transport": "stop_area",
              "type": "public_transport"
            }
          }
        ]
      },
      "geometry": {
        "type": "Point",
        "coordinates": [
          80.3523972,
          26.4726897
        ]
      },
      "id": "node/7944298553"
    },
    {
      "type": "Feature",
      "properties": {
        "@id": "node/7944298554",
        "alt_name": "CSJM University",
        "colour": "orange",
        "name": "Vishwavidyalaya",
        "name:hi": "विश्वविद्यालय",
        "network": "Kanpur Metro",
        "network:wikidata": "Q17063873",
        "note": "Contributors are requested to not edit the \"network\" and the \"operator\" tags. (2023/11/08)",
        "operator": "Uttar Pradesh Metro Rail Corporation",
        "public_transport": "station",
        "railway": "station",
        "station": "subway",
        "subway": "yes",
        "wikidata": "Q110300583",
        "wikipedia": "en:Vishwavidyalaya Kanpur metro station",
        "@relations": [
          {
            "role": "",
            "rel": 13615306,
            "reltags": {
              "alt_name": "CSJM University",
              "colour": "orange",
              "name": "Vishwavidyalaya",
              "name:hi": "विश्वविद्यालय",
              "network": "Kanpur Metro",
              "operator": "Uttar Pradesh Metro Rail Corporation",
              "public_transport": "stop_area",
              "type": "public_transport"
            }
          }
        ]
      },
      "geometry": {
        "type": "Point",
        "coordinates": [
          80.267272,
          26.496489
        ]
      },
      "id": "node/7944298554"
    },
    {
      "type": "Feature",
      "properties": {
        "@id": "node/7944298567",
        "colour": "orange",
        "name": "Rawatpur",
        "name:hi": "रावतपुर",
        "network": "Kanpur Metro",
        "network:wikidata": "Q17063873",
        "note": "Contributors are requested to not edit the \"network\" and the \"operator\" tags. (2023/11/08)",
        "operator": "Uttar Pradesh Metro Rail Corporation",
        "public_transport": "station",
        "railway": "station",
        "station": "subway",
        "subway": "yes",
        "wikidata": "Q110300586",
        "wikipedia": "en:Rawatpur metro station",
        "@relations": [
          {
            "role": "",
            "rel": 13615311,
            "reltags": {
              "colour": "orange",
              "name": "Rawatpur",
              "name:hi": "रावतपुर",
              "network": "Kanpur Metro",
              "operator": "Uttar Pradesh Metro Rail Corporation",
              "public_transport": "stop_area",
              "type": "public_transport"
            }
          }
        ]
      },
      "geometry": {
        "type": "Point",
        "coordinates": [
          80.3000734,
          26.4828664
        ]
      },
      "id": "node/7944298567"
    },
    {
      "type": "Feature",
      "properties": {
        "@id": "node/7944298577",
        "name": "Naveen Market",
        "name:en": "Naveen Market",
        "name:hi": "नवीन मार्किट",
        "network": "Kanpur Metro",
        "network:wikidata": "Q17063873",
        "operator": "Uttar Pradesh Metro Rail Corporation",
        "public_transport": "station",
        "railway": "station",
        "station": "subway",
        "subway": "yes",
        "@relations": [
          {
            "role": "",
            "rel": 19220377,
            "reltags": {
              "colour": "orange",
              "name": "Naveen Market",
              "name:en": "Naveen Market",
              "name:hi": "नवीन मार्किट",
              "network": "Kanpur Metro",
              "operator": "Uttar Pradesh Metro Rail Corporation",
              "public_transport": "stop_area",
              "type": "public_transport"
            }
          }
        ]
      },
      "geometry": {
        "type": "Point",
        "coordinates": [
          80.3454472,
          26.4740673
        ]
      },
      "id": "node/7944298577"
    },
    {
      "type": "Feature",
      "properties": {
        "@id": "node/7944298578",
        "colour": "orange",
        "name": "Geeta Nagar",
        "name:hi": "गीता नगर",
        "network": "Kanpur Metro",
        "network:wikidata": "Q17063873",
        "note": "Contributors are requested to not edit the \"network\" and the \"operator\" tags. (2023/11/08)",
        "operator": "Uttar Pradesh Metro Rail Corporation",
        "public_transport": "station",
        "railway": "station",
        "station": "subway",
        "subway": "yes",
        "wikidata": "Q110300585",
        "wikipedia": "en:Geeta Nagar metro station",
        "@relations": [
          {
            "role": "",
            "rel": 13615305,
            "reltags": {
              "colour": "orange",
              "name": "Geeta Nagar",
              "name:hi": "गीता नगर",
              "network": "Kanpur Metro",
              "operator": "Uttar Pradesh Metro Rail Corporation",
              "public_transport": "stop_area",
              "type": "public_transport"
            }
          }
        ]
      },
      "geometry": {
        "type": "Point",
        "coordinates": [
          80.2921052,
          26.4870224
        ]
      },
      "id": "node/7944298578"
    },
    {
      "type": "Feature",
      "properties": {
        "@id": "node/7944298579",
        "colour": "orange",
        "name": "SPM Hospital",
        "name:hi": "एस पी एम हाॅस्पिटल",
        "network": "Kanpur Metro",
        "network:wikidata": "Q17063873",
        "note": "Contributors are requested to not edit the \"network\" and the \"operator\" tags. (2023/11/08)",
        "operator": "Uttar Pradesh Metro Rail Corporation",
        "public_transport": "station",
        "railway": "station",
        "station": "subway",
        "subway": "yes",
        "wikidata": "Q110300582",
        "wikipedia": "en:SPM Hospital metro station",
        "@relations": [
          {
            "role": "",
            "rel": 13615308,
            "reltags": {
              "colour": "orange",
              "name": "SPM Hospital",
              "name:hi": "एस पी एम हाॅस्पिटल",
              "network": "Kanpur Metro",
              "operator": "Uttar Pradesh Metro Rail Corporation",
              "public_transport": "stop_area",
              "type": "public_transport"
            }
          }
        ]
      },
      "geometry": {
        "type": "Point",
        "coordinates": [
          80.2589004,
          26.4988957
        ]
      },
      "id": "node/7944298579"
    },
    {
      "type": "Feature",
      "properties": {
        "@id": "node/7944317792",
        "colour": "orange",
        "name": "IIT Kanpur",
        "name:hi": "आई आई टी कानपुर",
        "network": "Kanpur Metro",
        "network:wikidata": "Q17063873",
        "note": "Contributors are requested to not edit the \"network\" and the \"operator\" tags. (2023/11/08)",
        "operator": "Uttar Pradesh Metro Rail Corporation",
        "public_transport": "station",
        "railway": "station",
        "station": "subway",
        "subway": "yes",
        "wikidata": "Q110300579",
        "wikipedia": "en:IIT Kanpur metro station",
        "@relations": [
          {
            "role": "",
            "rel": 13615310,
            "reltags": {
              "colour": "orange",
              "name": "IIT Kanpur",
              "name:hi": "आई आई टी कानपुर",
              "network": "Kanpur Metro",
              "operator": "Uttar Pradesh Metro Rail Corporation",
              "public_transport": "stop_area",
              "type": "public_transport"
            }
          }
        ]
      },
      "geometry": {
        "type": "Point",
        "coordinates": [
          80.2483111,
          26.5092071
        ]
      },
      "id": "node/7944317792"
    },
    {
      "type": "Feature",
      "properties": {
        "@id": "node/7944317797",
        "name": "Chunniganj",
        "name:en": "Chunniganj",
        "name:hi": "चुन्नीगंज",
        "network": "Kanpur Metro",
        "network:wikidata": "Q17063873",
        "operator": "Uttar Pradesh Metro Rail Corporation",
        "public_transport": "station",
        "railway": "station",
        "station": "subway",
        "subway": "yes",
        "@relations": [
          {
            "role": "",
            "rel": 19220376,
            "reltags": {
              "colour": "orange",
              "name": "Chunniganj",
              "name:en": "Chunniganj",
              "name:hi": "चुन्नीगंज",
              "network": "Kanpur Metro",
              "operator": "Uttar Pradesh Metro Rail Corporation",
              "public_transport": "stop_area",
              "type": "public_transport"
            }
          }
        ]
      },
      "geometry": {
        "type": "Point",
        "coordinates": [
          80.3370699,
          26.4770395
        ]
      },
      "id": "node/7944317797"
    },
    {
      "type": "Feature",
      "properties": {
        "@id": "node/7944317804",
        "name": "Nayaganj",
        "name:en": "Nayaganj",
        "name:hi": "नयागंज",
        "network": "Kanpur Metro",
        "network:wikidata": "Q17063873",
        "operator": "Uttar Pradesh Metro Rail Corporation",
        "public_transport": "station",
        "railway": "station",
        "station": "subway",
        "subway": "yes",
        "@relations": [
          {
            "role": "",
            "rel": 19220379,
            "reltags": {
              "colour": "orange",
              "name": "Nayaganj",
              "name:en": "Nayaganj",
              "name:hi": "नयागंज",
              "network": "Kanpur Metro",
              "operator": "Uttar Pradesh Metro Rail Corporation",
              "public_transport": "stop_area",
              "type": "public_transport"
            }
          }
        ]
      },
      "geometry": {
        "type": "Point",
        "coordinates": [
          80.3595041,
          26.4641599
        ]
      },
      "id": "node/7944317804"
    },
    {
      "type": "Feature",
      "properties": {
        "@id": "node/7944317805",
        "alt_name": "Lala Lajpat Rai Hospital",
        "colour": "orange",
        "name": "LLR Hospital",
        "name:hi": "एल एल आर हाॅस्पिटल",
        "network": "Kanpur Metro",
        "network:wikidata": "Q17063873",
        "note": "Contributors are requested to not edit the \"network\" and the \"operator\" tags. (2023/11/08)",
        "operator": "Uttar Pradesh Metro Rail Corporation",
        "public_transport": "station",
        "railway": "station",
        "station": "subway",
        "subway": "yes",
        "wikidata": "Q110300587",
        "wikipedia": "en:LLR Hospital metro station",
        "@relations": [
          {
            "role": "",
            "rel": 13615313,
            "reltags": {
              "alt_name": "Lala Lajpat Rai Hospital",
              "colour": "orange",
              "name": "LLR Hospital",
              "name:hi": "एल एल आर हाॅस्पिटल",
              "network": "Kanpur Metro",
              "operator": "Uttar Pradesh Metro Rail Corporation",
              "public_transport": "stop_area",
              "type": "public_transport"
            }
          }
        ]
      },
      "geometry": {
        "type": "Point",
        "coordinates": [
          80.311601,
          26.4792656
        ]
      },
      "id": "node/7944317805"
    },
    {
      "type": "Feature",
      "properties": {
        "@id": "node/8520450599",
        "colour": "orange",
        "name": "Moti Jheel",
        "name:hi": "मोती झील",
        "network": "Kanpur Metro",
        "note": "Contributors are requested to not edit the \"network\" and the \"operator\" tags. (2023/11/08)",
        "operator": "Uttar Pradesh Metro Rail Corporation Limited",
        "public_transport": "stop_position",
        "railway": "stop",
        "subway": "yes",
        "@relations": [
          {
            "role": "stop",
            "rel": 13615304,
            "reltags": {
              "alt_name": "Line 1 – Naubasta to IIT Kanpur",
              "colour": "orange",
              "from": "IIT Kanpur",
              "interval": "5",
              "name": "Orange Line (IIT Kanpur -> Kanpur Central)",
              "name:hi": "ऑरेंज लाइन (आई आई टी कानपुर -> मोती झील)",
              "network": "Kanpur Metro",
              "network:wikidata": "Q17063873",
              "opening_hours": "06:00-22:00",
              "operator": "Uttar Pradesh Metro Rail Corporation",
              "public_transport:version": "2",
              "ref": "1",
              "route": "subway",
              "to": "Kanpur Central",
              "type": "route",
              "via": "Rawatpur",
              "wikidata": "Q110419397",
              "wikipedia": "en:Orange Line (Kanpur Metro)"
            }
          },
          {
            "role": "stop",
            "rel": 13615314,
            "reltags": {
              "colour": "orange",
              "name": "Moti Jheel",
              "name:hi": "मोती झील",
              "network": "Kanpur Metro",
              "operator": "Uttar Pradesh Metro Rail Corporation",
              "public_transport": "stop_area",
              "type": "public_transport"
            }
          }
        ]
      },
      "geometry": {
        "type": "Point",
        "coordinates": [
          80.3178927,
          26.4791115
        ]
      },
      "id": "node/8520450599"
    },
    {
      "type": "Feature",
      "properties": {
        "@id": "node/9378808945",
        "colour": "orange",
        "name": "Geeta Nagar",
        "name:hi": "गीता नगर",
        "network": "Kanpur Metro",
        "note": "Contributors are requested to not edit the \"network\" and the \"operator\" tags. (2023/11/08)",
        "operator": "Uttar Pradesh Metro Rail Corporation Limited",
        "public_transport": "stop_position",
        "railway": "stop",
        "subway": "yes",
        "@relations": [
          {
            "role": "stop",
            "rel": 13615304,
            "reltags": {
              "alt_name": "Line 1 – Naubasta to IIT Kanpur",
              "colour": "orange",
              "from": "IIT Kanpur",
              "interval": "5",
              "name": "Orange Line (IIT Kanpur -> Kanpur Central)",
              "name:hi": "ऑरेंज लाइन (आई आई टी कानपुर -> मोती झील)",
              "network": "Kanpur Metro",
              "network:wikidata": "Q17063873",
              "opening_hours": "06:00-22:00",
              "operator": "Uttar Pradesh Metro Rail Corporation",
              "public_transport:version": "2",
              "ref": "1",
              "route": "subway",
              "to": "Kanpur Central",
              "type": "route",
              "via": "Rawatpur",
              "wikidata": "Q110419397",
              "wikipedia": "en:Orange Line (Kanpur Metro)"
            }
          },
          {
            "role": "stop",
            "rel": 13615305,
            "reltags": {
              "colour": "orange",
              "name": "Geeta Nagar",
              "name:hi": "गीता नगर",
              "network": "Kanpur Metro",
              "operator": "Uttar Pradesh Metro Rail Corporation",
              "public_transport": "stop_area",
              "type": "public_transport"
            }
          }
        ]
      },
      "geometry": {
        "type": "Point",
        "coordinates": [
          80.292134,
          26.4869799
        ]
      },
      "id": "node/9378808945"
    },
    {
      "type": "Feature",
      "properties": {
        "@id": "node/9378808946",
        "alt_name": "CSJM University",
        "colour": "orange",
        "name": "Vishwavidyalaya",
        "name:hi": "विश्वविद्यालय",
        "network": "Kanpur Metro",
        "note": "Contributors are requested to not edit the \"network\" and the \"operator\" tags. (2023/11/08)",
        "operator": "Uttar Pradesh Metro Rail Corporation Limited",
        "public_transport": "stop_position",
        "railway": "stop",
        "subway": "yes",
        "@relations": [
          {
            "role": "stop",
            "rel": 13615304,
            "reltags": {
              "alt_name": "Line 1 – Naubasta to IIT Kanpur",
              "colour": "orange",
              "from": "IIT Kanpur",
              "interval": "5",
              "name": "Orange Line (IIT Kanpur -> Kanpur Central)",
              "name:hi": "ऑरेंज लाइन (आई आई टी कानपुर -> मोती झील)",
              "network": "Kanpur Metro",
              "network:wikidata": "Q17063873",
              "opening_hours": "06:00-22:00",
              "operator": "Uttar Pradesh Metro Rail Corporation",
              "public_transport:version": "2",
              "ref": "1",
              "route": "subway",
              "to": "Kanpur Central",
              "type": "route",
              "via": "Rawatpur",
              "wikidata": "Q110419397",
              "wikipedia": "en:Orange Line (Kanpur Metro)"
            }
          },
          {
            "role": "stop",
            "rel": 13615306,
            "reltags": {
              "alt_name": "CSJM University",
              "colour": "orange",
              "name": "Vishwavidyalaya",
              "name:hi": "विश्वविद्यालय",
              "network": "Kanpur Metro",
              "operator": "Uttar Pradesh Metro Rail Corporation",
              "public_transport": "stop_area",
              "type": "public_transport"
            }
          }
        ]
      },
      "geometry": {
        "type": "Point",
        "coordinates": [
          80.2674265,
          26.4964288
        ]
      },
      "id": "node/9378808946"
    },
    {
      "type": "Feature",
      "properties": {
        "@id": "node/9378808949",
        "colour": "orange",
        "name": "Gurudev Chauraha",
        "name:hi": "गुरुदेव चौराहा",
        "network": "Kanpur Metro",
        "note": "Contributors are requested to not edit the \"network\" and the \"operator\" tags. (2023/11/08)",
        "operator": "Uttar Pradesh Metro Rail Corporation Limited",
        "public_transport": "stop_position",
        "railway": "stop",
        "subway": "yes",
        "@relations": [
          {
            "role": "stop",
            "rel": 13615304,
            "reltags": {
              "alt_name": "Line 1 – Naubasta to IIT Kanpur",
              "colour": "orange",
              "from": "IIT Kanpur",
              "interval": "5",
              "name": "Orange Line (IIT Kanpur -> Kanpur Central)",
              "name:hi": "ऑरेंज लाइन (आई आई टी कानपुर -> मोती झील)",
              "network": "Kanpur Metro",
              "network:wikidata": "Q17063873",
              "opening_hours": "06:00-22:00",
              "operator": "Uttar Pradesh Metro Rail Corporation",
              "public_transport:version": "2",
              "ref": "1",
              "route": "subway",
              "to": "Kanpur Central",
              "type": "route",
              "via": "Rawatpur",
              "wikidata": "Q110419397",
              "wikipedia": "en:Orange Line (Kanpur Metro)"
            }
          },
          {
            "role": "stop",
            "rel": 13615307,
            "reltags": {
              "colour": "orange",
              "name": "Gurudev Chauraha",
              "name:hi": "गुरुदेव चौराहा",
              "network": "Kanpur Metro",
              "operator": "Uttar Pradesh Metro Rail Corporation",
              "public_transport": "stop_area",
              "type": "public_transport"
            }
          }
        ]
      },
      "geometry": {
        "type": "Point",
        "coordinates": [
          80.2843655,
          26.4915616
        ]
      },
      "id": "node/9378808949"
    },
    {
      "type": "Feature",
      "properties": {
        "@id": "node/9378808950",
        "colour": "orange",
        "name": "SPM Hospital",
        "name:hi": "एस पी एम हाॅस्पिटल",
        "network": "Kanpur Metro",
        "note": "Contributors are requested to not edit the \"network\" and the \"operator\" tags. (2023/11/08)",
        "operator": "Uttar Pradesh Metro Rail Corporation Limited",
        "public_transport": "stop_position",
        "railway": "stop",
        "subway": "yes",
        "@relations": [
          {
            "role": "stop",
            "rel": 13615304,
            "reltags": {
              "alt_name": "Line 1 – Naubasta to IIT Kanpur",
              "colour": "orange",
              "from": "IIT Kanpur",
              "interval": "5",
              "name": "Orange Line (IIT Kanpur -> Kanpur Central)",
              "name:hi": "ऑरेंज लाइन (आई आई टी कानपुर -> मोती झील)",
              "network": "Kanpur Metro",
              "network:wikidata": "Q17063873",
              "opening_hours": "06:00-22:00",
              "operator": "Uttar Pradesh Metro Rail Corporation",
              "public_transport:version": "2",
              "ref": "1",
              "route": "subway",
              "to": "Kanpur Central",
              "type": "route",
              "via": "Rawatpur",
              "wikidata": "Q110419397",
              "wikipedia": "en:Orange Line (Kanpur Metro)"
            }
          },
          {
            "role": "stop",
            "rel": 13615308,
            "reltags": {
              "colour": "orange",
              "name": "SPM Hospital",
              "name:hi": "एस पी एम हाॅस्पिटल",
              "network": "Kanpur Metro",
              "operator": "Uttar Pradesh Metro Rail Corporation",
              "public_transport": "stop_area",
              "type": "public_transport"
            }
          }
        ]
      },
      "geometry": {
        "type": "Point",
        "coordinates": [
          80.2588935,
          26.4988842
        ]
      },
      "id": "node/9378808950"
    },
    {
      "type": "Feature",
      "properties": {
        "@id": "node/9378808951",
        "alt_name": "Kalyanpur Railway Station",
        "colour": "orange",
        "name": "Kalyanpur",
        "name:hi": "कल्याणपुर",
        "network": "Kanpur Metro",
        "note": "Contributors are requested to not edit the \"network\" and the \"operator\" tags. (2023/11/08)",
        "operator": "Uttar Pradesh Metro Rail Corporation Limited",
        "public_transport": "stop_position",
        "railway": "stop",
        "subway": "yes",
        "@relations": [
          {
            "role": "stop",
            "rel": 13615304,
            "reltags": {
              "alt_name": "Line 1 – Naubasta to IIT Kanpur",
              "colour": "orange",
              "from": "IIT Kanpur",
              "interval": "5",
              "name": "Orange Line (IIT Kanpur -> Kanpur Central)",
              "name:hi": "ऑरेंज लाइन (आई आई टी कानपुर -> मोती झील)",
              "network": "Kanpur Metro",
              "network:wikidata": "Q17063873",
              "opening_hours": "06:00-22:00",
              "operator": "Uttar Pradesh Metro Rail Corporation",
              "public_transport:version": "2",
              "ref": "1",
              "route": "subway",
              "to": "Kanpur Central",
              "type": "route",
              "via": "Rawatpur",
              "wikidata": "Q110419397",
              "wikipedia": "en:Orange Line (Kanpur Metro)"
            }
          },
          {
            "role": "stop",
            "rel": 13615309,
            "reltags": {
              "alt_name": "Kalyanpur Railway Station",
              "colour": "orange",
              "name": "Kalyanpur",
              "name:hi": "कल्याणपुर",
              "network": "Kanpur Metro",
              "operator": "Uttar Pradesh Metro Rail Corporation",
              "public_transport": "stop_area",
              "type": "public_transport"
            }
          }
        ]
      },
      "geometry": {
        "type": "Point",
        "coordinates": [
          80.2525473,
          26.5037165
        ]
      },
      "id": "node/9378808951"
    },
    {
      "type": "Feature",
      "properties": {
        "@id": "node/9378808953",
        "colour": "orange",
        "name": "Rawatpur",
        "name:hi": "रावतपुर",
        "network": "Kanpur Metro",
        "note": "Contributors are requested to not edit the \"network\" and the \"operator\" tags. (2023/11/08)",
        "operator": "Uttar Pradesh Metro Rail Corporation Limited",
        "public_transport": "stop_position",
        "railway": "stop",
        "subway": "yes",
        "@relations": [
          {
            "role": "stop",
            "rel": 13615304,
            "reltags": {
              "alt_name": "Line 1 – Naubasta to IIT Kanpur",
              "colour": "orange",
              "from": "IIT Kanpur",
              "interval": "5",
              "name": "Orange Line (IIT Kanpur -> Kanpur Central)",
              "name:hi": "ऑरेंज लाइन (आई आई टी कानपुर -> मोती झील)",
              "network": "Kanpur Metro",
              "network:wikidata": "Q17063873",
              "opening_hours": "06:00-22:00",
              "operator": "Uttar Pradesh Metro Rail Corporation",
              "public_transport:version": "2",
              "ref": "1",
              "route": "subway",
              "to": "Kanpur Central",
              "type": "route",
              "via": "Rawatpur",
              "wikidata": "Q110419397",
              "wikipedia": "en:Orange Line (Kanpur Metro)"
            }
          },
          {
            "role": "stop",
            "rel": 13615311,
            "reltags": {
              "colour": "orange",
              "name": "Rawatpur",
              "name:hi": "रावतपुर",
              "network": "Kanpur Metro",
              "operator": "Uttar Pradesh Metro Rail Corporation",
              "public_transport": "stop_area",
              "type": "public_transport"
            }
          }
        ]
      },
      "geometry": {
        "type": "Point",
        "coordinates": [
          80.3000741,
          26.4828454
        ]
      },
      "id": "node/9378808953"
    },
    {
      "type": "Feature",
      "properties": {
        "@id": "node/9378808954",
        "alt_name": "Lala Lajpat Rai Hospital",
        "colour": "orange",
        "name": "LLR Hospital",
        "name:hi": "एल एल आर हाॅस्पिटल",
        "network": "Kanpur Metro",
        "note": "Contributors are requested to not edit the \"network\" and the \"operator\" tags. (2023/11/08)",
        "operator": "Uttar Pradesh Metro Rail Corporation Limited",
        "public_transport": "stop_position",
        "railway": "stop",
        "subway": "yes",
        "@relations": [
          {
            "role": "stop",
            "rel": 13615304,
            "reltags": {
              "alt_name": "Line 1 – Naubasta to IIT Kanpur",
              "colour": "orange",
              "from": "IIT Kanpur",
              "interval": "5",
              "name": "Orange Line (IIT Kanpur -> Kanpur Central)",
              "name:hi": "ऑरेंज लाइन (आई आई टी कानपुर -> मोती झील)",
              "network": "Kanpur Metro",
              "network:wikidata": "Q17063873",
              "opening_hours": "06:00-22:00",
              "operator": "Uttar Pradesh Metro Rail Corporation",
              "public_transport:version": "2",
              "ref": "1",
              "route": "subway",
              "to": "Kanpur Central",
              "type": "route",
              "via": "Rawatpur",
              "wikidata": "Q110419397",
              "wikipedia": "en:Orange Line (Kanpur Metro)"
            }
          },
          {
            "role": "stop",
            "rel": 13615313,
            "reltags": {
              "alt_name": "Lala Lajpat Rai Hospital",
              "colour": "orange",
              "name": "LLR Hospital",
              "name:hi": "एल एल आर हाॅस्पिटल",
              "network": "Kanpur Metro",
              "operator": "Uttar Pradesh Metro Rail Corporation",
              "public_transport": "stop_area",
              "type": "public_transport"
            }
          }
        ]
      },
      "geometry": {
        "type": "Point",
        "coordinates": [
          80.3115654,
          26.4792518
        ]
      },
      "id": "node/9378808954"
    },
    {
      "type": "Feature",
      "properties": {
        "@id": "node/9592384276",
        "alt_name": "Lala Lajpat Rai Hospital",
        "colour": "orange",
        "name": "LLR Hospital",
        "name:hi": "एल एल आर हाॅस्पिटल",
        "network": "Kanpur Metro",
        "note": "Contributors are requested to not edit the \"network\" and the \"operator\" tags. (2023/11/08)",
        "operator": "Uttar Pradesh Metro Rail Corporation Limited",
        "public_transport": "stop_position",
        "railway": "stop",
        "subway": "yes",
        "@relations": [
          {
            "role": "stop",
            "rel": 13615312,
            "reltags": {
              "alt_name": "Line 1 – IIT Kanpur to Naubasta",
              "colour": "orange",
              "from": "Kanpur Central",
              "interval": "5",
              "name": "Orange Line (Kanpur Central -> IIT Kanpur)",
              "name:hi": "ऑरेंज लाइन (मोती झील -> आई आई टी कानपुर)",
              "network": "Kanpur Metro",
              "network:wikidata": "Q17063873",
              "opening_hours": "06:00-22:00",
              "operator": "Uttar Pradesh Metro Rail Corporation",
              "public_transport:version": "2",
              "ref": "1",
              "route": "subway",
              "to": "IIT Kanpur",
              "type": "route",
              "via": "Rawatpur",
              "wikidata": "Q110419397",
              "wikipedia": "en:Orange Line (Kanpur Metro)"
            }
          },
          {
            "role": "stop",
            "rel": 13615313,
            "reltags": {
              "alt_name": "Lala Lajpat Rai Hospital",
              "colour": "orange",
              "name": "LLR Hospital",
              "name:hi": "एल एल आर हाॅस्पिटल",
              "network": "Kanpur Metro",
              "operator": "Uttar Pradesh Metro Rail Corporation",
              "public_transport": "stop_area",
              "type": "public_transport"
            }
          }
        ]
      },
      "geometry": {
        "type": "Point",
        "coordinates": [
          80.3115685,
          26.4792831
        ]
      },
      "id": "node/9592384276"
    },
    {
      "type": "Feature",
      "properties": {
        "@id": "node/9592384283",
        "colour": "orange",
        "name": "Rawatpur",
        "name:hi": "रावतपुर",
        "network": "Kanpur Metro",
        "note": "Contributors are requested to not edit the \"network\" and the \"operator\" tags. (2023/11/08)",
        "operator": "Uttar Pradesh Metro Rail Corporation Limited",
        "public_transport": "stop_position",
        "railway": "stop",
        "subway": "yes",
        "@relations": [
          {
            "role": "stop",
            "rel": 13615311,
            "reltags": {
              "colour": "orange",
              "name": "Rawatpur",
              "name:hi": "रावतपुर",
              "network": "Kanpur Metro",
              "operator": "Uttar Pradesh Metro Rail Corporation",
              "public_transport": "stop_area",
              "type": "public_transport"
            }
          },
          {
            "role": "stop",
            "rel": 13615312,
            "reltags": {
              "alt_name": "Line 1 – IIT Kanpur to Naubasta",
              "colour": "orange",
              "from": "Kanpur Central",
              "interval": "5",
              "name": "Orange Line (Kanpur Central -> IIT Kanpur)",
              "name:hi": "ऑरेंज लाइन (मोती झील -> आई आई टी कानपुर)",
              "network": "Kanpur Metro",
              "network:wikidata": "Q17063873",
              "opening_hours": "06:00-22:00",
              "operator": "Uttar Pradesh Metro Rail Corporation",
              "public_transport:version": "2",
              "ref": "1",
              "route": "subway",
              "to": "IIT Kanpur",
              "type": "route",
              "via": "Rawatpur",
              "wikidata": "Q110419397",
              "wikipedia": "en:Orange Line (Kanpur Metro)"
            }
          }
        ]
      },
      "geometry": {
        "type": "Point",
        "coordinates": [
          80.3000903,
          26.4828733
        ]
      },
      "id": "node/9592384283"
    },
    {
      "type": "Feature",
      "properties": {
        "@id": "node/9592384286",
        "colour": "orange",
        "name": "Geeta Nagar",
        "name:hi": "गीता नगर",
        "network": "Kanpur Metro",
        "note": "Contributors are requested to not edit the \"network\" and the \"operator\" tags. (2023/11/08)",
        "operator": "Uttar Pradesh Metro Rail Corporation Limited",
        "public_transport": "stop_position",
        "railway": "stop",
        "subway": "yes",
        "@relations": [
          {
            "role": "stop",
            "rel": 13615305,
            "reltags": {
              "colour": "orange",
              "name": "Geeta Nagar",
              "name:hi": "गीता नगर",
              "network": "Kanpur Metro",
              "operator": "Uttar Pradesh Metro Rail Corporation",
              "public_transport": "stop_area",
              "type": "public_transport"
            }
          },
          {
            "role": "stop",
            "rel": 13615312,
            "reltags": {
              "alt_name": "Line 1 – IIT Kanpur to Naubasta",
              "colour": "orange",
              "from": "Kanpur Central",
              "interval": "5",
              "name": "Orange Line (Kanpur Central -> IIT Kanpur)",
              "name:hi": "ऑरेंज लाइन (मोती झील -> आई आई टी कानपुर)",
              "network": "Kanpur Metro",
              "network:wikidata": "Q17063873",
              "opening_hours": "06:00-22:00",
              "operator": "Uttar Pradesh Metro Rail Corporation",
              "public_transport:version": "2",
              "ref": "1",
              "route": "subway",
              "to": "IIT Kanpur",
              "type": "route",
              "via": "Rawatpur",
              "wikidata": "Q110419397",
              "wikipedia": "en:Orange Line (Kanpur Metro)"
            }
          }
        ]
      },
      "geometry": {
        "type": "Point",
        "coordinates": [
          80.2921539,
          26.4870058
        ]
      },
      "id": "node/9592384286"
    },
    {
      "type": "Feature",
      "properties": {
        "@id": "node/9592384288",
        "colour": "orange",
        "name": "Gurudev Chauraha",
        "name:hi": "गुरुदेव चौराहा",
        "network": "Kanpur Metro",
        "note": "Contributors are requested to not edit the \"network\" and the \"operator\" tags. (2023/11/08)",
        "operator": "Uttar Pradesh Metro Rail Corporation Limited",
        "public_transport": "stop_position",
        "railway": "stop",
        "subway": "yes",
        "@relations": [
          {
            "role": "stop",
            "rel": 13615307,
            "reltags": {
              "colour": "orange",
              "name": "Gurudev Chauraha",
              "name:hi": "गुरुदेव चौराहा",
              "network": "Kanpur Metro",
              "operator": "Uttar Pradesh Metro Rail Corporation",
              "public_transport": "stop_area",
              "type": "public_transport"
            }
          },
          {
            "role": "stop",
            "rel": 13615312,
            "reltags": {
              "alt_name": "Line 1 – IIT Kanpur to Naubasta",
              "colour": "orange",
              "from": "Kanpur Central",
              "interval": "5",
              "name": "Orange Line (Kanpur Central -> IIT Kanpur)",
              "name:hi": "ऑरेंज लाइन (मोती झील -> आई आई टी कानपुर)",
              "network": "Kanpur Metro",
              "network:wikidata": "Q17063873",
              "opening_hours": "06:00-22:00",
              "operator": "Uttar Pradesh Metro Rail Corporation",
              "public_transport:version": "2",
              "ref": "1",
              "route": "subway",
              "to": "IIT Kanpur",
              "type": "route",
              "via": "Rawatpur",
              "wikidata": "Q110419397",
              "wikipedia": "en:Orange Line (Kanpur Metro)"
            }
          }
        ]
      },
      "geometry": {
        "type": "Point",
        "coordinates": [
          80.2843782,
          26.4915909
        ]
      },
      "id": "node/9592384288"
    },
    {
      "type": "Feature",
      "properties": {
        "@id": "node/9592384290",
        "alt_name": "CSJM University",
        "colour": "orange",
        "name": "Vishwavidyalaya",
        "name:hi": "विश्वविद्यालय",
        "network": "Kanpur Metro",
        "note": "Contributors are requested to not edit the \"network\" and the \"operator\" tags. (2023/11/08)",
        "operator": "Uttar Pradesh Metro Rail Corporation Limited",
        "public_transport": "stop_position",
        "railway": "stop",
        "subway": "yes",
        "@relations": [
          {
            "role": "stop",
            "rel": 13615306,
            "reltags": {
              "alt_name": "CSJM University",
              "colour": "orange",
              "name": "Vishwavidyalaya",
              "name:hi": "विश्वविद्यालय",
              "network": "Kanpur Metro",
              "operator": "Uttar Pradesh Metro Rail Corporation",
              "public_transport": "stop_area",
              "type": "public_transport"
            }
          },
          {
            "role": "stop",
            "rel": 13615312,
            "reltags": {
              "alt_name": "Line 1 – IIT Kanpur to Naubasta",
              "colour": "orange",
              "from": "Kanpur Central",
              "interval": "5",
              "name": "Orange Line (Kanpur Central -> IIT Kanpur)",
              "name:hi": "ऑरेंज लाइन (मोती झील -> आई आई टी कानपुर)",
              "network": "Kanpur Metro",
              "network:wikidata": "Q17063873",
              "opening_hours": "06:00-22:00",
              "operator": "Uttar Pradesh Metro Rail Corporation",
              "public_transport:version": "2",
              "ref": "1",
              "route": "subway",
              "to": "IIT Kanpur",
              "type": "route",
              "via": "Rawatpur",
              "wikidata": "Q110419397",
              "wikipedia": "en:Orange Line (Kanpur Metro)"
            }
          }
        ]
      },
      "geometry": {
        "type": "Point",
        "coordinates": [
          80.2674344,
          26.4964595
        ]
      },
      "id": "node/9592384290"
    },
    {
      "type": "Feature",
      "properties": {
        "@id": "node/9592384291",
        "colour": "orange",
        "name": "SPM Hospital",
        "name:hi": "एस पी एम हाॅस्पिटल",
        "network": "Kanpur Metro",
        "note": "Contributors are requested to not edit the \"network\" and the \"operator\" tags. (2023/11/08)",
        "operator": "Uttar Pradesh Metro Rail Corporation Limited",
        "public_transport": "stop_position",
        "railway": "stop",
        "subway": "yes",
        "@relations": [
          {
            "role": "stop",
            "rel": 13615308,
            "reltags": {
              "colour": "orange",
              "name": "SPM Hospital",
              "name:hi": "एस पी एम हाॅस्पिटल",
              "network": "Kanpur Metro",
              "operator": "Uttar Pradesh Metro Rail Corporation",
              "public_transport": "stop_area",
              "type": "public_transport"
            }
          },
          {
            "role": "stop",
            "rel": 13615312,
            "reltags": {
              "alt_name": "Line 1 – IIT Kanpur to Naubasta",
              "colour": "orange",
              "from": "Kanpur Central",
              "interval": "5",
              "name": "Orange Line (Kanpur Central -> IIT Kanpur)",
              "name:hi": "ऑरेंज लाइन (मोती झील -> आई आई टी कानपुर)",
              "network": "Kanpur Metro",
              "network:wikidata": "Q17063873",
              "opening_hours": "06:00-22:00",
              "operator": "Uttar Pradesh Metro Rail Corporation",
              "public_transport:version": "2",
              "ref": "1",
              "route": "subway",
              "to": "IIT Kanpur",
              "type": "route",
              "via": "Rawatpur",
              "wikidata": "Q110419397",
              "wikipedia": "en:Orange Line (Kanpur Metro)"
            }
          }
        ]
      },
      "geometry": {
        "type": "Point",
        "coordinates": [
          80.2589043,
          26.4989141
        ]
      },
      "id": "node/9592384291"
    },
    {
      "type": "Feature",
      "properties": {
        "@id": "node/9592384295",
        "alt_name": "Kalyanpur Railway Station",
        "colour": "orange",
        "name": "Kalyanpur",
        "name:hi": "कल्याणपुर",
        "network": "Kanpur Metro",
        "note": "Contributors are requested to not edit the \"network\" and the \"operator\" tags. (2023/11/08)",
        "operator": "Uttar Pradesh Metro Rail Corporation Limited",
        "public_transport": "stop_position",
        "railway": "stop",
        "subway": "yes",
        "@relations": [
          {
            "role": "stop",
            "rel": 13615309,
            "reltags": {
              "alt_name": "Kalyanpur Railway Station",
              "colour": "orange",
              "name": "Kalyanpur",
              "name:hi": "कल्याणपुर",
              "network": "Kanpur Metro",
              "operator": "Uttar Pradesh Metro Rail Corporation",
              "public_transport": "stop_area",
              "type": "public_transport"
            }
          },
          {
            "role": "stop",
            "rel": 13615312,
            "reltags": {
              "alt_name": "Line 1 – IIT Kanpur to Naubasta",
              "colour": "orange",
              "from": "Kanpur Central",
              "interval": "5",
              "name": "Orange Line (Kanpur Central -> IIT Kanpur)",
              "name:hi": "ऑरेंज लाइन (मोती झील -> आई आई टी कानपुर)",
              "network": "Kanpur Metro",
              "network:wikidata": "Q17063873",
              "opening_hours": "06:00-22:00",
              "operator": "Uttar Pradesh Metro Rail Corporation",
              "public_transport:version": "2",
              "ref": "1",
              "route": "subway",
              "to": "IIT Kanpur",
              "type": "route",
              "via": "Rawatpur",
              "wikidata": "Q110419397",
              "wikipedia": "en:Orange Line (Kanpur Metro)"
            }
          }
        ]
      },
      "geometry": {
        "type": "Point",
        "coordinates": [
          80.2525805,
          26.5037464
        ]
      },
      "id": "node/9592384295"
    },
    {
      "type": "Feature",
      "properties": {
        "@id": "node/9592384298",
        "colour": "orange",
        "name": "Moti Jheel",
        "name:hi": "मोती झील",
        "network": "Kanpur Metro",
        "note": "Contributors are requested to not edit the \"network\" and the \"operator\" tags. (2023/11/08)",
        "operator": "Uttar Pradesh Metro Rail Corporation Limited",
        "public_transport": "stop_position",
        "railway": "stop",
        "subway": "yes",
        "@relations": [
          {
            "role": "stop",
            "rel": 13615312,
            "reltags": {
              "alt_name": "Line 1 – IIT Kanpur to Naubasta",
              "colour": "orange",
              "from": "Kanpur Central",
              "interval": "5",
              "name": "Orange Line (Kanpur Central -> IIT Kanpur)",
              "name:hi": "ऑरेंज लाइन (मोती झील -> आई आई टी कानपुर)",
              "network": "Kanpur Metro",
              "network:wikidata": "Q17063873",
              "opening_hours": "06:00-22:00",
              "operator": "Uttar Pradesh Metro Rail Corporation",
              "public_transport:version": "2",
              "ref": "1",
              "route": "subway",
              "to": "IIT Kanpur",
              "type": "route",
              "via": "Rawatpur",
              "wikidata": "Q110419397",
              "wikipedia": "en:Orange Line (Kanpur Metro)"
            }
          },
          {
            "role": "stop",
            "rel": 13615314,
            "reltags": {
              "colour": "orange",
              "name": "Moti Jheel",
              "name:hi": "मोती झील",
              "network": "Kanpur Metro",
              "operator": "Uttar Pradesh Metro Rail Corporation",
              "public_transport": "stop_area",
              "type": "public_transport"
            }
          }
        ]
      },
      "geometry": {
        "type": "Point",
        "coordinates": [
          80.3178942,
          26.4791428
        ]
      },
      "id": "node/9592384298"
    },
    {
      "type": "Feature",
      "properties": {
        "@id": "node/9592384299",
        "colour": "orange",
        "name": "IIT Kanpur",
        "name:hi": "आई आई टी कानपुर",
        "network": "Kanpur Metro",
        "note": "Contributors are requested to not edit the \"network\" and the \"operator\" tags. (2023/11/08)",
        "operator": "Uttar Pradesh Metro Rail Corporation Limited",
        "public_transport": "stop_position",
        "railway": "stop",
        "subway": "yes",
        "@relations": [
          {
            "role": "stop",
            "rel": 13615310,
            "reltags": {
              "colour": "orange",
              "name": "IIT Kanpur",
              "name:hi": "आई आई टी कानपुर",
              "network": "Kanpur Metro",
              "operator": "Uttar Pradesh Metro Rail Corporation",
              "public_transport": "stop_area",
              "type": "public_transport"
            }
          },
          {
            "role": "stop",
            "rel": 13615312,
            "reltags": {
              "alt_name": "Line 1 – IIT Kanpur to Naubasta",
              "colour": "orange",
              "from": "Kanpur Central",
              "interval": "5",
              "name": "Orange Line (Kanpur Central -> IIT Kanpur)",
              "name:hi": "ऑरेंज लाइन (मोती झील -> आई आई टी कानपुर)",
              "network": "Kanpur Metro",
              "network:wikidata": "Q17063873",
              "opening_hours": "06:00-22:00",
              "operator": "Uttar Pradesh Metro Rail Corporation",
              "public_transport:version": "2",
              "ref": "1",
              "route": "subway",
              "to": "IIT Kanpur",
              "type": "route",
              "via": "Rawatpur",
              "wikidata": "Q110419397",
              "wikipedia": "en:Orange Line (Kanpur Metro)"
            }
          }
        ]
      },
      "geometry": {
        "type": "Point",
        "coordinates": [
          80.2483253,
          26.5092172
        ]
      },
      "id": "node/9592384299"
    },
    {
      "type": "Feature",
      "properties": {
        "@id": "node/12893756176",
        "alt_name": "Kalyanpur Railway Station",
        "colour": "orange",
        "name": "Kalyanpur",
        "name:hi": "कल्याणपुर",
        "network": "Kanpur Metro",
        "network:wikidata": "Q17063873",
        "note": "Contributors are requested to not edit the \"network\" and the \"operator\" tags. (2023/11/08)",
        "operator": "Uttar Pradesh Metro Rail Corporation",
        "public_transport": "station",
        "railway": "station",
        "station": "subway",
        "subway": "yes",
        "@relations": [
          {
            "role": "",
            "rel": 13615309,
            "reltags": {
              "alt_name": "Kalyanpur Railway Station",
              "colour": "orange",
              "name": "Kalyanpur",
              "name:hi": "कल्याणपुर",
              "network": "Kanpur Metro",
              "operator": "Uttar Pradesh Metro Rail Corporation",
              "public_transport": "stop_area",
              "type": "public_transport"
            }
          }
        ]
      },
      "geometry": {
        "type": "Point",
        "coordinates": [
          80.2525656,
          26.5037242
        ]
      },
      "id": "node/12893756176"
    },
    {
      "type": "Feature",
      "properties": {
        "@id": "node/12893829305",
        "colour": "orange",
        "name": "Moti Jheel",
        "name:hi": "मोती झील",
        "network": "Kanpur Metro",
        "network:wikidata": "Q17063873",
        "note": "Contributors are requested to not edit the \"network\" and the \"operator\" tags. (2023/11/08)",
        "operator": "Uttar Pradesh Metro Rail Corporation",
        "public_transport": "station",
        "railway": "station",
        "station": "subway",
        "subway": "yes",
        "wikidata": "Q110300588",
        "wikipedia": "en:Moti Jheel metro station",
        "@relations": [
          {
            "role": "",
            "rel": 13615314,
            "reltags": {
              "colour": "orange",
              "name": "Moti Jheel",
              "name:hi": "मोती झील",
              "network": "Kanpur Metro",
              "operator": "Uttar Pradesh Metro Rail Corporation",
              "public_transport": "stop_area",
              "type": "public_transport"
            }
          }
        ]
      },
      "geometry": {
        "type": "Point",
        "coordinates": [
          80.3178935,
          26.4791286
        ]
      },
      "id": "node/12893829305"
    },
    {
      "type": "Feature",
      "properties": {
        "@id": "node/12893829430",
        "name": "Chunniganj",
        "name:en": "Chunniganj",
        "name:hi": "चुन्नीगंज",
        "network": "Kanpur Metro",
        "network:wikidata": "Q17063873",
        "public_transport": "stop_position",
        "railway": "stop",
        "subway": "yes",
        "@relations": [
          {
            "role": "stop",
            "rel": 13615304,
            "reltags": {
              "alt_name": "Line 1 – Naubasta to IIT Kanpur",
              "colour": "orange",
              "from": "IIT Kanpur",
              "interval": "5",
              "name": "Orange Line (IIT Kanpur -> Kanpur Central)",
              "name:hi": "ऑरेंज लाइन (आई आई टी कानपुर -> मोती झील)",
              "network": "Kanpur Metro",
              "network:wikidata": "Q17063873",
              "opening_hours": "06:00-22:00",
              "operator": "Uttar Pradesh Metro Rail Corporation",
              "public_transport:version": "2",
              "ref": "1",
              "route": "subway",
              "to": "Kanpur Central",
              "type": "route",
              "via": "Rawatpur",
              "wikidata": "Q110419397",
              "wikipedia": "en:Orange Line (Kanpur Metro)"
            }
          },
          {
            "role": "stop",
            "rel": 19220376,
            "reltags": {
              "colour": "orange",
              "name": "Chunniganj",
              "name:en": "Chunniganj",
              "name:hi": "चुन्नीगंज",
              "network": "Kanpur Metro",
              "operator": "Uttar Pradesh Metro Rail Corporation",
              "public_transport": "stop_area",
              "type": "public_transport"
            }
          }
        ]
      },
      "geometry": {
        "type": "Point",
        "coordinates": [
          80.3370488,
          26.4770043
        ]
      },
      "id": "node/12893829430"
    },
    {
      "type": "Feature",
      "properties": {
        "@id": "node/12893829431",
        "name": "Chunniganj",
        "name:en": "Chunniganj",
        "name:hi": "चुन्नीगंज",
        "network": "Kanpur Metro",
        "network:wikidata": "Q17063873",
        "public_transport": "stop_position",
        "railway": "stop",
        "subway": "yes",
        "@relations": [
          {
            "role": "stop",
            "rel": 13615312,
            "reltags": {
              "alt_name": "Line 1 – IIT Kanpur to Naubasta",
              "colour": "orange",
              "from": "Kanpur Central",
              "interval": "5",
              "name": "Orange Line (Kanpur Central -> IIT Kanpur)",
              "name:hi": "ऑरेंज लाइन (मोती झील -> आई आई टी कानपुर)",
              "network": "Kanpur Metro",
              "network:wikidata": "Q17063873",
              "opening_hours": "06:00-22:00",
              "operator": "Uttar Pradesh Metro Rail Corporation",
              "public_transport:version": "2",
              "ref": "1",
              "route": "subway",
              "to": "IIT Kanpur",
              "type": "route",
              "via": "Rawatpur",
              "wikidata": "Q110419397",
              "wikipedia": "en:Orange Line (Kanpur Metro)"
            }
          },
          {
            "role": "stop",
            "rel": 19220376,
            "reltags": {
              "colour": "orange",
              "name": "Chunniganj",
              "name:en": "Chunniganj",
              "name:hi": "चुन्नीगंज",
              "network": "Kanpur Metro",
              "operator": "Uttar Pradesh Metro Rail Corporation",
              "public_transport": "stop_area",
              "type": "public_transport"
            }
          }
        ]
      },
      "geometry": {
        "type": "Point",
        "coordinates": [
          80.3371086,
          26.4771014
        ]
      },
      "id": "node/12893829431"
    },
    {
      "type": "Feature",
      "properties": {
        "@id": "node/12893829432",
        "name": "Naveen Market",
        "name:en": "Naveen Market",
        "name:hi": "नवीन मार्किट",
        "network": "Kanpur Metro",
        "network:wikidata": "Q17063873",
        "public_transport": "stop_position",
        "railway": "stop",
        "subway": "yes",
        "@relations": [
          {
            "role": "stop",
            "rel": 13615304,
            "reltags": {
              "alt_name": "Line 1 – Naubasta to IIT Kanpur",
              "colour": "orange",
              "from": "IIT Kanpur",
              "interval": "5",
              "name": "Orange Line (IIT Kanpur -> Kanpur Central)",
              "name:hi": "ऑरेंज लाइन (आई आई टी कानपुर -> मोती झील)",
              "network": "Kanpur Metro",
              "network:wikidata": "Q17063873",
              "opening_hours": "06:00-22:00",
              "operator": "Uttar Pradesh Metro Rail Corporation",
              "public_transport:version": "2",
              "ref": "1",
              "route": "subway",
              "to": "Kanpur Central",
              "type": "route",
              "via": "Rawatpur",
              "wikidata": "Q110419397",
              "wikipedia": "en:Orange Line (Kanpur Metro)"
            }
          },
          {
            "role": "stop",
            "rel": 19220377,
            "reltags": {
              "colour": "orange",
              "name": "Naveen Market",
              "name:en": "Naveen Market",
              "name:hi": "नवीन मार्किट",
              "network": "Kanpur Metro",
              "operator": "Uttar Pradesh Metro Rail Corporation",
              "public_transport": "stop_area",
              "type": "public_transport"
            }
          }
        ]
      },
      "geometry": {
        "type": "Point",
        "coordinates": [
          80.3454375,
          26.4739966
        ]
      },
      "id": "node/12893829432"
    },
    {
      "type": "Feature",
      "properties": {
        "@id": "node/12893829433",
        "name": "Naveen Market",
        "name:en": "Naveen Market",
        "name:hi": "नवीन मार्किट",
        "network": "Kanpur Metro",
        "network:wikidata": "Q17063873",
        "public_transport": "stop_position",
        "railway": "stop",
        "subway": "yes",
        "@relations": [
          {
            "role": "stop",
            "rel": 13615312,
            "reltags": {
              "alt_name": "Line 1 – IIT Kanpur to Naubasta",
              "colour": "orange",
              "from": "Kanpur Central",
              "interval": "5",
              "name": "Orange Line (Kanpur Central -> IIT Kanpur)",
              "name:hi": "ऑरेंज लाइन (मोती झील -> आई आई टी कानपुर)",
              "network": "Kanpur Metro",
              "network:wikidata": "Q17063873",
              "opening_hours": "06:00-22:00",
              "operator": "Uttar Pradesh Metro Rail Corporation",
              "public_transport:version": "2",
              "ref": "1",
              "route": "subway",
              "to": "IIT Kanpur",
              "type": "route",
              "via": "Rawatpur",
              "wikidata": "Q110419397",
              "wikipedia": "en:Orange Line (Kanpur Metro)"
            }
          },
          {
            "role": "stop",
            "rel": 19220377,
            "reltags": {
              "colour": "orange",
              "name": "Naveen Market",
              "name:en": "Naveen Market",
              "name:hi": "नवीन मार्किट",
              "network": "Kanpur Metro",
              "operator": "Uttar Pradesh Metro Rail Corporation",
              "public_transport": "stop_area",
              "type": "public_transport"
            }
          }
        ]
      },
      "geometry": {
        "type": "Point",
        "coordinates": [
          80.3454583,
          26.4741254
        ]
      },
      "id": "node/12893829433"
    },
    {
      "type": "Feature",
      "properties": {
        "@id": "node/12893829441",
        "name": "Bada Chauraha",
        "name:en": "Bada Chauraha",
        "name:hi": "बड़ा चौराहा",
        "network": "Kanpur Metro",
        "network:wikidata": "Q17063873",
        "public_transport": "stop_position",
        "railway": "stop",
        "subway": "yes",
        "@relations": [
          {
            "role": "stop",
            "rel": 13615304,
            "reltags": {
              "alt_name": "Line 1 – Naubasta to IIT Kanpur",
              "colour": "orange",
              "from": "IIT Kanpur",
              "interval": "5",
              "name": "Orange Line (IIT Kanpur -> Kanpur Central)",
              "name:hi": "ऑरेंज लाइन (आई आई टी कानपुर -> मोती झील)",
              "network": "Kanpur Metro",
              "network:wikidata": "Q17063873",
              "opening_hours": "06:00-22:00",
              "operator": "Uttar Pradesh Metro Rail Corporation",
              "public_transport:version": "2",
              "ref": "1",
              "route": "subway",
              "to": "Kanpur Central",
              "type": "route",
              "via": "Rawatpur",
              "wikidata": "Q110419397",
              "wikipedia": "en:Orange Line (Kanpur Metro)"
            }
          },
          {
            "role": "stop",
            "rel": 19220378,
            "reltags": {
              "colour": "orange",
              "name": "Bada Chauraha",
              "name:en": "Bada Chauraha",
              "name:hi": "बड़ा चौराहा",
              "network": "Kanpur Metro",
              "operator": "Uttar Pradesh Metro Rail Corporation",
              "public_transport": "stop_area",
              "type": "public_transport"
            }
          }
        ]
      },
      "geometry": {
        "type": "Point",
        "coordinates": [
          80.3523949,
          26.472671
        ]
      },
      "id": "node/12893829441"
    },
    {
      "type": "Feature",
      "properties": {
        "@id": "node/12893829442",
        "name": "Bada Chauraha",
        "name:en": "Bada Chauraha",
        "name:hi": "बड़ा चौराहा",
        "network": "Kanpur Metro",
        "network:wikidata": "Q17063873",
        "public_transport": "stop_position",
        "railway": "stop",
        "subway": "yes",
        "@relations": [
          {
            "role": "stop",
            "rel": 13615312,
            "reltags": {
              "alt_name": "Line 1 – IIT Kanpur to Naubasta",
              "colour": "orange",
              "from": "Kanpur Central",
              "interval": "5",
              "name": "Orange Line (Kanpur Central -> IIT Kanpur)",
              "name:hi": "ऑरेंज लाइन (मोती झील -> आई आई टी कानपुर)",
              "network": "Kanpur Metro",
              "network:wikidata": "Q17063873",
              "opening_hours": "06:00-22:00",
              "operator": "Uttar Pradesh Metro Rail Corporation",
              "public_transport:version": "2",
              "ref": "1",
              "route": "subway",
              "to": "IIT Kanpur",
              "type": "route",
              "via": "Rawatpur",
              "wikidata": "Q110419397",
              "wikipedia": "en:Orange Line (Kanpur Metro)"
            }
          },
          {
            "role": "stop",
            "rel": 19220378,
            "reltags": {
              "colour": "orange",
              "name": "Bada Chauraha",
              "name:en": "Bada Chauraha",
              "name:hi": "बड़ा चौराहा",
              "network": "Kanpur Metro",
              "operator": "Uttar Pradesh Metro Rail Corporation",
              "public_transport": "stop_area",
              "type": "public_transport"
            }
          }
        ]
      },
      "geometry": {
        "type": "Point",
        "coordinates": [
          80.3524167,
          26.4727098
        ]
      },
      "id": "node/12893829442"
    },
    {
      "type": "Feature",
      "properties": {
        "@id": "node/12893829459",
        "name": "Nayaganj",
        "name:en": "Nayaganj",
        "name:hi": "नयागंज",
        "network": "Kanpur Metro",
        "network:wikidata": "Q17063873",
        "public_transport": "stop_position",
        "railway": "stop",
        "subway": "yes",
        "@relations": [
          {
            "role": "stop",
            "rel": 13615304,
            "reltags": {
              "alt_name": "Line 1 – Naubasta to IIT Kanpur",
              "colour": "orange",
              "from": "IIT Kanpur",
              "interval": "5",
              "name": "Orange Line (IIT Kanpur -> Kanpur Central)",
              "name:hi": "ऑरेंज लाइन (आई आई टी कानपुर -> मोती झील)",
              "network": "Kanpur Metro",
              "network:wikidata": "Q17063873",
              "opening_hours": "06:00-22:00",
              "operator": "Uttar Pradesh Metro Rail Corporation",
              "public_transport:version": "2",
              "ref": "1",
              "route": "subway",
              "to": "Kanpur Central",
              "type": "route",
              "via": "Rawatpur",
              "wikidata": "Q110419397",
              "wikipedia": "en:Orange Line (Kanpur Metro)"
            }
          },
          {
            "role": "stop",
            "rel": 19220379,
            "reltags": {
              "colour": "orange",
              "name": "Nayaganj",
              "name:en": "Nayaganj",
              "name:hi": "नयागंज",
              "network": "Kanpur Metro",
              "operator": "Uttar Pradesh Metro Rail Corporation",
              "public_transport": "stop_area",
              "type": "public_transport"
            }
          }
        ]
      },
      "geometry": {
        "type": "Point",
        "coordinates": [
          80.3594642,
          26.4641698
        ]
      },
      "id": "node/12893829459"
    },
    {
      "type": "Feature",
      "properties": {
        "@id": "node/12893829460",
        "name": "Nayaganj",
        "name:en": "Nayaganj",
        "name:hi": "नयागंज",
        "network": "Kanpur Metro",
        "network:wikidata": "Q17063873",
        "public_transport": "stop_position",
        "railway": "stop",
        "subway": "yes",
        "@relations": [
          {
            "role": "stop",
            "rel": 13615312,
            "reltags": {
              "alt_name": "Line 1 – IIT Kanpur to Naubasta",
              "colour": "orange",
              "from": "Kanpur Central",
              "interval": "5",
              "name": "Orange Line (Kanpur Central -> IIT Kanpur)",
              "name:hi": "ऑरेंज लाइन (मोती झील -> आई आई टी कानपुर)",
              "network": "Kanpur Metro",
              "network:wikidata": "Q17063873",
              "opening_hours": "06:00-22:00",
              "operator": "Uttar Pradesh Metro Rail Corporation",
              "public_transport:version": "2",
              "ref": "1",
              "route": "subway",
              "to": "IIT Kanpur",
              "type": "route",
              "via": "Rawatpur",
              "wikidata": "Q110419397",
              "wikipedia": "en:Orange Line (Kanpur Metro)"
            }
          },
          {
            "role": "stop",
            "rel": 19220379,
            "reltags": {
              "colour": "orange",
              "name": "Nayaganj",
              "name:en": "Nayaganj",
              "name:hi": "नयागंज",
              "network": "Kanpur Metro",
              "operator": "Uttar Pradesh Metro Rail Corporation",
              "public_transport": "stop_area",
              "type": "public_transport"
            }
          }
        ]
      },
      "geometry": {
        "type": "Point",
        "coordinates": [
          80.3595459,
          26.4641601
        ]
      },
      "id": "node/12893829460"
    },
    {
      "type": "Feature",
      "properties": {
        "@id": "node/12893829468",
        "name": "Kanpur Central",
        "network": "Kanpur Metro",
        "network:wikidata": "Q17063873",
        "public_transport": "stop_position",
        "railway": "stop",
        "subway": "yes",
        "@relations": [
          {
            "role": "stop",
            "rel": 13615312,
            "reltags": {
              "alt_name": "Line 1 – IIT Kanpur to Naubasta",
              "colour": "orange",
              "from": "Kanpur Central",
              "interval": "5",
              "name": "Orange Line (Kanpur Central -> IIT Kanpur)",
              "name:hi": "ऑरेंज लाइन (मोती झील -> आई आई टी कानपुर)",
              "network": "Kanpur Metro",
              "network:wikidata": "Q17063873",
              "opening_hours": "06:00-22:00",
              "operator": "Uttar Pradesh Metro Rail Corporation",
              "public_transport:version": "2",
              "ref": "1",
              "route": "subway",
              "to": "IIT Kanpur",
              "type": "route",
              "via": "Rawatpur",
              "wikidata": "Q110419397",
              "wikipedia": "en:Orange Line (Kanpur Metro)"
            }
          },
          {
            "role": "stop",
            "rel": 19220380,
            "reltags": {
              "colour": "orange",
              "name": "Kanpur Central",
              "network": "Kanpur Metro",
              "operator": "Uttar Pradesh Metro Rail Corporation",
              "public_transport": "stop_area",
              "type": "public_transport"
            }
          }
        ]
      },
      "geometry": {
        "type": "Point",
        "coordinates": [
          80.3517971,
          26.4538633
        ]
      },
      "id": "node/12893829468"
    },
    {
      "type": "Feature",
      "properties": {
        "@id": "node/12893829469",
        "name": "Kanpur Central",
        "network": "Kanpur Metro",
        "network:wikidata": "Q17063873",
        "operator": "Uttar Pradesh Metro Rail Corporation",
        "public_transport": "station",
        "railway": "station",
        "station": "subway",
        "subway": "yes",
        "@relations": [
          {
            "role": "",
            "rel": 19220380,
            "reltags": {
              "colour": "orange",
              "name": "Kanpur Central",
              "network": "Kanpur Metro",
              "operator": "Uttar Pradesh Metro Rail Corporation",
              "public_transport": "stop_area",
              "type": "public_transport"
            }
          }
        ]
      },
      "geometry": {
        "type": "Point",
        "coordinates": [
          80.3517886,
          26.4538778
        ]
      },
      "id": "node/12893829469"
    },
    {
      "type": "Feature",
      "properties": {
        "@id": "node/12893829470",
        "name": "Kanpur Central",
        "network": "Kanpur Metro",
        "network:wikidata": "Q17063873",
        "public_transport": "stop_position",
        "railway": "stop",
        "subway": "yes",
        "@relations": [
          {
            "role": "stop",
            "rel": 13615304,
            "reltags": {
              "alt_name": "Line 1 – Naubasta to IIT Kanpur",
              "colour": "orange",
              "from": "IIT Kanpur",
              "interval": "5",
              "name": "Orange Line (IIT Kanpur -> Kanpur Central)",
              "name:hi": "ऑरेंज लाइन (आई आई टी कानपुर -> मोती झील)",
              "network": "Kanpur Metro",
              "network:wikidata": "Q17063873",
              "opening_hours": "06:00-22:00",
              "operator": "Uttar Pradesh Metro Rail Corporation",
              "public_transport:version": "2",
              "ref": "1",
              "route": "subway",
              "to": "Kanpur Central",
              "type": "route",
              "via": "Rawatpur",
              "wikidata": "Q110419397",
              "wikipedia": "en:Orange Line (Kanpur Metro)"
            }
          },
          {
            "role": "stop",
            "rel": 19220380,
            "reltags": {
              "colour": "orange",
              "name": "Kanpur Central",
              "network": "Kanpur Metro",
              "operator": "Uttar Pradesh Metro Rail Corporation",
              "public_transport": "stop_area",
              "type": "public_transport"
            }
          }
        ]
      },
      "geometry": {
        "type": "Point",
        "coordinates": [
          80.3517807,
          26.4539113
        ]
      },
      "id": "node/12893829470"
    },
    {
      "type": "Feature",
      "properties": {
        "@id": "node/13664765950",
        "railway": "subway_entrance",
        "ref": "2",
        "@relations": [
          {
            "role": "",
            "rel": 13615308,
            "reltags": {
              "colour": "orange",
              "name": "SPM Hospital",
              "name:hi": "एस पी एम हाॅस्पिटल",
              "network": "Kanpur Metro",
              "operator": "Uttar Pradesh Metro Rail Corporation",
              "public_transport": "stop_area",
              "type": "public_transport"
            }
          }
        ]
      },
      "geometry": {
        "type": "Point",
        "coordinates": [
          80.259607,
          26.4985892
        ]
      },
      "id": "node/13664765950"
    },
    {
      "type": "Feature",
      "properties": {
        "@id": "node/13664765966",
        "railway": "subway_entrance",
        "ref": "1",
        "@relations": [
          {
            "role": "",
            "rel": 13615308,
            "reltags": {
              "colour": "orange",
              "name": "SPM Hospital",
              "name:hi": "एस पी एम हाॅस्पिटल",
              "network": "Kanpur Metro",
              "operator": "Uttar Pradesh Metro Rail Corporation",
              "public_transport": "stop_area",
              "type": "public_transport"
            }
          }
        ]
      },
      "geometry": {
        "type": "Point",
        "coordinates": [
          80.2596908,
          26.4987493
        ]
      },
      "id": "node/13664765966"
    }
  ]
}