{
  "type": "FeatureCollection",
  "generator": "overpass-turbo",
  "copyright": "The data included in this document is from www.openstreetmap.org. The data is made available under ODbL.",
  "timestamp": "2026-09-22T08:45:51Z",
  "features": [
    {
      "type": "Feature",
      "properties": {
        "@id": "relation/7752157",
        "colour": "#7FFFD4",
        "from": "Aluva",
        "name": "Kochi Metro Phase I: Aluva => Thrippunithura Terminal",
        "network": "Kochi Metro",
        "network:wikidata": "Q3522910",
        "operator": "KMRL",
        "public_transport:version": "2",
        "ref": "I",
        "route": "subway",
        "to": "Thrippunithura Terminal",
        "type": "route",
        "wikidata": "Q106775989"
      },
      "geometry": {
        "type": "LineString",
        "coordinates": [
          [
            76.352011,
            9.9506317
          ],
          [
            76.3502436,
            9.9542429
          ],
          [
            76.3497614,
            9.9552829
          ],
          [
            76.3496986,
            9.9553941
          ],
          [
            76.3496539,
            9.9554434
          ],
          [
            76.3495836,
            9.9554937
          ],
          [
            76.3495436,
            9.9555048
          ],
          [
            76.3495197,
            9.9555115
          ],
          [
            76.3494357,
            9.9555115
          ],
          [
            76.3492196,
            9.9555115
          ],
          [
            76.3489609,
            9.9554811
          ],
          [
            76.3487034,
            9.9554337
          ],
          [
            76.3484862,
            9.9553899
          ],
          [
            76.3483403,
            9.9553584
          ],
          [
            76.3481679,
            9.9553123
          ],
          [
            76.3480178,
            9.9552641
          ],
          [
            76.3478241,
            9.9551907
          ],
          [
            76.3472717,
            9.9549957
          ],
          [
            76.3470801,
            9.9549401
          ],
          [
            76.3469564,
            9.9549117
          ],
          [
            76.3469,
            9.9549001
          ],
          [
            76.3467489,
            9.9548655
          ],
          [
            76.3465486,
            9.9548209
          ],
          [
            76.3458853,
            9.9546595
          ],
          [
            76.3429435,
            9.9538916
          ],
          [
            76.3422878,
            9.9537141
          ],
          [
            76.3417135,
            9.9535473
          ],
          [
            76.3404807,
            9.9531308
          ],
          [
            76.3395323,
            9.9528395
          ],
          [
            76.3385457,
            9.9525201
          ],
          [
            76.3375861,
            9.9521993
          ],
          [
            76.3365023,
            9.9518342
          ],
          [
            76.3352457,
            9.9513995
          ],
          [
            76.3347475,
            9.9512233
          ],
          [
            76.3340911,
            9.9509631
          ],
          [
            76.3329467,
            9.9504489
          ],
          [
            76.3325067,
            9.9502633
          ],
          [
            76.3323239,
            9.9502414
          ],
          [
            76.3321335,
            9.9502413
          ],
          [
            76.3320409,
            9.9502494
          ],
          [
            76.3319121,
            9.9502688
          ],
          [
            76.3317963,
            9.9503062
          ],
          [
            76.3316581,
            9.9503739
          ],
          [
            76.3315307,
            9.9504525
          ],
          [
            76.3313214,
            9.9506434
          ],
          [
            76.3311477,
            9.9508819
          ],
          [
            76.3309053,
            9.9512914
          ],
          [
            76.3306731,
            9.9517076
          ],
          [
            76.3305016,
            9.952002
          ],
          [
            76.3301067,
            9.9526701
          ],
          [
            76.3297395,
            9.9532634
          ],
          [
            76.3295157,
            9.9535728
          ],
          [
            76.3294308,
            9.9536543
          ],
          [
            76.3293666,
            9.9537117
          ],
          [
            76.3292979,
            9.9537558
          ],
          [
            76.3291123,
            9.9538472
          ],
          [
            76.32892,
            9.9539209
          ],
          [
            76.3285346,
            9.9540498
          ],
          [
            76.3283623,
            9.9541395
          ],
          [
            76.3282129,
            9.9542453
          ],
          [
            76.328115,
            9.9543393
          ],
          [
            76.3280171,
            9.9544529
          ],
          [
            76.3278594,
            9.9547015
          ],
          [
            76.3276477,
            9.9550502
          ],
          [
            76.3274477,
            9.9554024
          ],
          [
            76.3271685,
            9.9559039
          ],
          [
            76.3267536,
            9.9567395
          ],
          [
            76.3263702,
            9.9574482
          ],
          [
            76.3259434,
            9.9580699
          ],
          [
            76.3252457,
            9.9589982
          ],
          [
            76.3250681,
            9.9591664
          ],
          [
            76.3248037,
            9.959358
          ],
          [
            76.3243399,
            9.9596365
          ],
          [
            76.3236762,
            9.9600311
          ],
          [
            76.3217336,
            9.9612503
          ],
          [
            76.3211529,
            9.9616224
          ],
          [
            76.3208323,
            9.9618859
          ],
          [
            76.3206009,
            9.9621987
          ],
          [
            76.3204221,
            9.9626027
          ],
          [
            76.3203379,
            9.9630038
          ],
          [
            76.3203315,
            9.9633021
          ],
          [
            76.3203512,
            9.9635507
          ],
          [
            76.3205288,
            9.9640969
          ],
          [
            76.3209208,
            9.9650646
          ],
          [
            76.3209865,
            9.9652777
          ],
          [
            76.321031,
            9.9655083
          ],
          [
            76.3210403,
            9.9658165
          ],
          [
            76.3210154,
            9.966096
          ],
          [
            76.3208827,
            9.9665351
          ],
          [
            76.3204985,
            9.9676101
          ],
          [
            76.3204473,
            9.9677637
          ],
          [
            76.3203325,
            9.9680692
          ],
          [
            76.3202597,
            9.9682149
          ],
          [
            76.3201821,
            9.9683467
          ],
          [
            76.3201117,
            9.9684511
          ],
          [
            76.3200239,
            9.9685384
          ],
          [
            76.3199353,
            9.9686184
          ],
          [
            76.3198367,
            9.9686838
          ],
          [
            76.3197389,
            9.9687352
          ],
          [
            76.3196444,
            9.9687765
          ],
          [
            76.3195206,
            9.9688134
          ],
          [
            76.3194023,
            9.9688317
          ],
          [
            76.3192159,
            9.9688459
          ],
          [
            76.3190281,
            9.9688336
          ],
          [
            76.3185353,
            9.9687403
          ],
          [
            76.3182204,
            9.9687054
          ],
          [
            76.3180202,
            9.9686975
          ],
          [
            76.3178044,
            9.9687071
          ],
          [
            76.3173808,
            9.9687347
          ],
          [
            76.3170448,
            9.9687653
          ],
          [
            76.3167935,
            9.9687794
          ],
          [
            76.3166809,
            9.9687741
          ],
          [
            76.3161324,
            9.9686908
          ],
          [
            76.3156401,
            9.968613
          ],
          [
            76.3151305,
            9.9685179
          ],
          [
            76.3144502,
            9.9683717
          ],
          [
            76.3139065,
            9.9682603
          ],
          [
            76.313413,
            9.9681497
          ],
          [
            76.3122418,
            9.9679006
          ],
          [
            76.3117671,
            9.9677887
          ],
          [
            76.3112038,
            9.9676804
          ],
          [
            76.3107103,
            9.9676038
          ],
          [
            76.310108,
            9.9675231
          ],
          [
            76.3096193,
            9.9674552
          ],
          [
            76.3091433,
            9.9673703
          ],
          [
            76.3087418,
            9.9672802
          ],
          [
            76.3084376,
            9.967179
          ],
          [
            76.3081736,
            9.9671135
          ],
          [
            76.3076096,
            9.9669989
          ],
          [
            76.3074072,
            9.9669751
          ],
          [
            76.3073513,
            9.9669761
          ],
          [
            76.3072764,
            9.9669933
          ],
          [
            76.3071655,
            9.9670199
          ],
          [
            76.3069869,
            9.9670804
          ],
          [
            76.306703,
            9.9672139
          ],
          [
            76.3060708,
            9.9674894
          ],
          [
            76.305704,
            9.9676372
          ],
          [
            76.305397,
            9.9677358
          ],
          [
            76.3052282,
            9.9677751
          ],
          [
            76.3050869,
            9.9678067
          ],
          [
            76.3049087,
            9.9678207
          ],
          [
            76.3044768,
            9.9678125
          ],
          [
            76.3035166,
            9.9677544
          ],
          [
            76.3027682,
            9.9677148
          ],
          [
            76.3020735,
            9.967654
          ],
          [
            76.301462,
            9.9676197
          ],
          [
            76.3008853,
            9.9675642
          ],
          [
            76.3005447,
            9.9674982
          ],
          [
            76.3004297,
            9.9674703
          ],
          [
            76.300255,
            9.9674136
          ],
          [
            76.2998232,
            9.9672445
          ],
          [
            76.299268,
            9.9670068
          ],
          [
            76.2988576,
            9.9668404
          ],
          [
            76.2984332,
            9.9666756
          ],
          [
            76.2982863,
            9.9666185
          ],
          [
            76.2981877,
            9.9665809
          ],
          [
            76.2978222,
            9.9664415
          ],
          [
            76.2974828,
            9.9663404
          ],
          [
            76.2971061,
            9.9662551
          ],
          [
            76.2967872,
            9.9661853
          ],
          [
            76.2964376,
            9.9661102
          ],
          [
            76.2960956,
            9.9660428
          ],
          [
            76.2953306,
            9.9659049
          ],
          [
            76.2948848,
            9.9658418
          ],
          [
            76.2944615,
            9.9657974
          ],
          [
            76.2940228,
            9.9657337
          ],
          [
            76.2934218,
            9.9656109
          ],
          [
            76.2931751,
            9.965562
          ],
          [
            76.2929256,
            9.9655409
          ],
          [
            76.2927047,
            9.9655637
          ],
          [
            76.2925456,
            9.9656127
          ],
          [
            76.2923878,
            9.9656797
          ],
          [
            76.2922694,
            9.9657556
          ],
          [
            76.2921193,
            9.9658633
          ],
          [
            76.2919893,
            9.9660081
          ],
          [
            76.2919242,
            9.9660911
          ],
          [
            76.2918391,
            9.9662111
          ],
          [
            76.2917738,
            9.9663581
          ],
          [
            76.2916423,
            9.9666645
          ],
          [
            76.2914705,
            9.9671455
          ],
          [
            76.291308,
            9.9676118
          ],
          [
            76.2912308,
            9.9678206
          ],
          [
            76.2911482,
            9.9680282
          ],
          [
            76.2910725,
            9.9681581
          ],
          [
            76.290973,
            9.9682873
          ],
          [
            76.2908976,
            9.9683638
          ],
          [
            76.2908267,
            9.9684228
          ],
          [
            76.2907532,
            9.9684785
          ],
          [
            76.2905935,
            9.9685711
          ],
          [
            76.2904765,
            9.9686151
          ],
          [
            76.2903874,
            9.968644
          ],
          [
            76.2903193,
            9.9686618
          ],
          [
            76.2902429,
            9.9686697
          ],
          [
            76.2901686,
            9.9686757
          ],
          [
            76.290094,
            9.9686797
          ],
          [
            76.2899714,
            9.9686762
          ],
          [
            76.2898431,
            9.9686641
          ],
          [
            76.2895585,
            9.9686409
          ],
          [
            76.289298,
            9.9686107
          ],
          [
            76.2891275,
            9.9685887
          ],
          [
            76.2890104,
            9.9685709
          ],
          [
            76.2888004,
            9.9685448
          ],
          [
            76.288602,
            9.9685311
          ],
          [
            76.2884719,
            9.9685294
          ],
          [
            76.288348,
            9.9685393
          ],
          [
            76.2881769,
            9.9685623
          ],
          [
            76.2880092,
            9.9685946
          ],
          [
            76.2878949,
            9.9686098
          ],
          [
            76.287767,
            9.9686204
          ],
          [
            76.287642,
            9.9686287
          ],
          [
            76.2875271,
            9.9686261
          ],
          [
            76.2870619,
            9.9686016
          ],
          [
            76.2868152,
            9.9686061
          ],
          [
            76.2866558,
            9.9686476
          ],
          [
            76.2864909,
            9.9687035
          ],
          [
            76.2863258,
            9.9687995
          ],
          [
            76.2862187,
            9.9688821
          ],
          [
            76.2860988,
            9.9690104
          ],
          [
            76.2860155,
            9.9691245
          ],
          [
            76.285951,
            9.9692389
          ],
          [
            76.2858555,
            9.9695067
          ],
          [
            76.28569,
            9.9699832
          ],
          [
            76.2856123,
            9.9702155
          ],
          [
            76.2855603,
            9.9704608
          ],
          [
            76.2852439,
            9.9725352
          ],
          [
            76.2852006,
            9.9728992
          ],
          [
            76.2851062,
            9.973278
          ],
          [
            76.2849035,
            9.9740975
          ],
          [
            76.2848199,
            9.9744208
          ],
          [
            76.2847542,
            9.974712
          ],
          [
            76.2846239,
            9.9752569
          ],
          [
            76.2845011,
            9.9757348
          ],
          [
            76.2843714,
            9.9761999
          ],
          [
            76.2842313,
            9.9766576
          ],
          [
            76.2840888,
            9.9771224
          ],
          [
            76.2839959,
            9.9774189
          ],
          [
            76.2838735,
            9.9777252
          ],
          [
            76.2836618,
            9.9783692
          ],
          [
            76.2835302,
            9.9787395
          ],
          [
            76.2834171,
            9.9791191
          ],
          [
            76.2833423,
            9.9794241
          ],
          [
            76.2832646,
            9.9797426
          ],
          [
            76.2831785,
            9.9801953
          ],
          [
            76.2831116,
            9.9806612
          ],
          [
            76.2830749,
            9.9809273
          ],
          [
            76.2830426,
            9.9811897
          ],
          [
            76.2829861,
            9.981522
          ],
          [
            76.2828986,
            9.9818742
          ],
          [
            76.2827793,
            9.9822331
          ],
          [
            76.2826286,
            9.9826703
          ],
          [
            76.282368,
            9.9834512
          ],
          [
            76.2821393,
            9.9841082
          ],
          [
            76.2820325,
            9.9844407
          ],
          [
            76.2819965,
            9.9846118
          ],
          [
            76.281981,
            9.9847951
          ],
          [
            76.2819847,
            9.9850172
          ],
          [
            76.2820251,
            9.9852052
          ],
          [
            76.2820772,
            9.9853708
          ],
          [
            76.2821464,
            9.9855377
          ],
          [
            76.2822217,
            9.9856698
          ],
          [
            76.2823202,
            9.9858061
          ],
          [
            76.2824728,
            9.9859612
          ],
          [
            76.2826431,
            9.986089
          ],
          [
            76.2827589,
            9.9861498
          ],
          [
            76.2829162,
            9.986211
          ],
          [
            76.2833576,
            9.9863664
          ],
          [
            76.2835607,
            9.9864486
          ],
          [
            76.2840161,
            9.9866512
          ],
          [
            76.2843233,
            9.9868065
          ],
          [
            76.2844644,
            9.986893
          ],
          [
            76.2847548,
            9.9871076
          ],
          [
            76.2852081,
            9.9874641
          ],
          [
            76.2854156,
            9.9876832
          ],
          [
            76.2856739,
            9.9879865
          ],
          [
            76.2858029,
            9.9881487
          ],
          [
            76.2859296,
            9.9883084
          ],
          [
            76.2861012,
            9.9885691
          ],
          [
            76.2862281,
            9.9887743
          ],
          [
            76.286336,
            9.988971
          ],
          [
            76.286466,
            9.9892001
          ],
          [
            76.2866233,
            9.9894453
          ],
          [
            76.2868109,
            9.989733
          ],
          [
            76.2871086,
            9.9901546
          ],
          [
            76.2872931,
            9.9904099
          ],
          [
            76.2874934,
            9.9906591
          ],
          [
            76.2876331,
            9.9908141
          ],
          [
            76.2877764,
            9.990939
          ],
          [
            76.2883601,
            9.9913775
          ],
          [
            76.2886372,
            9.9916073
          ],
          [
            76.2892037,
            9.9920845
          ],
          [
            76.2895195,
            9.9923193
          ],
          [
            76.2898456,
            9.9926165
          ],
          [
            76.2901743,
            9.9929321
          ],
          [
            76.2906659,
            9.9934703
          ],
          [
            76.2909618,
            9.9937882
          ],
          [
            76.2915099,
            9.9943621
          ],
          [
            76.2919534,
            9.9948214
          ],
          [
            76.2922549,
            9.9951133
          ],
          [
            76.2925102,
            9.9953454
          ],
          [
            76.2927216,
            9.9955141
          ],
          [
            76.2929797,
            9.9957131
          ],
          [
            76.2932058,
            9.9958822
          ],
          [
            76.2936194,
            9.9961765
          ],
          [
            76.2946553,
            9.9969143
          ],
          [
            76.2954517,
            9.9975177
          ],
          [
            76.2956941,
            9.9977155
          ],
          [
            76.2962107,
            9.9981659
          ],
          [
            76.296815,
            9.9986712
          ],
          [
            76.2974047,
            9.9991894
          ],
          [
            76.2977686,
            9.9994818
          ],
          [
            76.2980457,
            9.9996729
          ],
          [
            76.2983192,
            9.9998568
          ],
          [
            76.2992551,
            10.0004573
          ],
          [
            76.2999956,
            10.0009135
          ],
          [
            76.3001924,
            10.0010086
          ],
          [
            76.300329,
            10.0010641
          ],
          [
            76.3006233,
            10.0011535
          ],
          [
            76.3012276,
            10.0012734
          ],
          [
            76.3024242,
            10.0015108
          ],
          [
            76.3027298,
            10.0015871
          ],
          [
            76.3030107,
            10.001682
          ],
          [
            76.3032431,
            10.0017606
          ],
          [
            76.3033806,
            10.0018328
          ],
          [
            76.3035735,
            10.0019648
          ],
          [
            76.3037029,
            10.0020669
          ],
          [
            76.3038245,
            10.0021735
          ],
          [
            76.3041402,
            10.0025005
          ],
          [
            76.3043489,
            10.0027303
          ],
          [
            76.3045427,
            10.0030075
          ],
          [
            76.3047239,
            10.0033221
          ],
          [
            76.3048717,
            10.0036682
          ],
          [
            76.3049682,
            10.0039325
          ],
          [
            76.3050664,
            10.0042046
          ],
          [
            76.3051464,
            10.0045292
          ],
          [
            76.3051826,
            10.0047745
          ],
          [
            76.3051824,
            10.0050482
          ],
          [
            76.3051537,
            10.0052489
          ],
          [
            76.3051092,
            10.0054892
          ],
          [
            76.3050408,
            10.0057667
          ],
          [
            76.3049233,
            10.0061149
          ],
          [
            76.3048233,
            10.0064248
          ],
          [
            76.3046458,
            10.0069299
          ],
          [
            76.3044148,
            10.0075629
          ],
          [
            76.3041773,
            10.0082203
          ],
          [
            76.3039284,
            10.0089282
          ],
          [
            76.3036844,
            10.0096217
          ],
          [
            76.3033443,
            10.0106369
          ],
          [
            76.3030417,
            10.0116781
          ],
          [
            76.3027941,
            10.0125229
          ],
          [
            76.3025827,
            10.0132682
          ],
          [
            76.3023787,
            10.0140098
          ],
          [
            76.3023281,
            10.0142516
          ],
          [
            76.3023212,
            10.0144582
          ],
          [
            76.3023408,
            10.014738
          ],
          [
            76.3023736,
            10.01519
          ],
          [
            76.3024043,
            10.0156707
          ],
          [
            76.3024138,
            10.0159485
          ],
          [
            76.3024305,
            10.0161766
          ],
          [
            76.3024591,
            10.0163142
          ],
          [
            76.3025088,
            10.016425
          ],
          [
            76.3025878,
            10.0165952
          ],
          [
            76.3027441,
            10.016839
          ],
          [
            76.3029289,
            10.0171083
          ],
          [
            76.302984,
            10.0171894
          ],
          [
            76.3031987,
            10.017497
          ],
          [
            76.3033805,
            10.0177214
          ],
          [
            76.3035654,
            10.0179348
          ],
          [
            76.3037247,
            10.0180984
          ],
          [
            76.3040936,
            10.0184308
          ],
          [
            76.3045313,
            10.0188499
          ],
          [
            76.3047247,
            10.019061
          ],
          [
            76.3049069,
            10.0192867
          ],
          [
            76.3052154,
            10.019753
          ],
          [
            76.3055151,
            10.020241
          ],
          [
            76.3058109,
            10.0207264
          ],
          [
            76.3059909,
            10.0210472
          ],
          [
            76.3061756,
            10.0213752
          ],
          [
            76.3068868,
            10.0226014
          ],
          [
            76.3072552,
            10.02321
          ],
          [
            76.3075038,
            10.0236354
          ],
          [
            76.3077673,
            10.0240632
          ],
          [
            76.308502,
            10.0253065
          ],
          [
            76.3092339,
            10.0266242
          ],
          [
            76.3099643,
            10.0279258
          ],
          [
            76.3103885,
            10.0286209
          ],
          [
            76.31078,
            10.029335
          ],
          [
            76.3117312,
            10.0309942
          ],
          [
            76.3124956,
            10.0322617
          ],
          [
            76.3128104,
            10.0327868
          ],
          [
            76.3130539,
            10.0332138
          ],
          [
            76.3131613,
            10.0334196
          ],
          [
            76.3133529,
            10.0337802
          ],
          [
            76.3134921,
            10.0340773
          ],
          [
            76.3138482,
            10.0348942
          ],
          [
            76.3139888,
            10.0351915
          ],
          [
            76.3142567,
            10.0358072
          ],
          [
            76.3144374,
            10.0362121
          ],
          [
            76.3145828,
            10.0365437
          ],
          [
            76.3148569,
            10.0371482
          ],
          [
            76.315239,
            10.037991
          ],
          [
            76.3154872,
            10.0385637
          ],
          [
            76.3159041,
            10.0395704
          ],
          [
            76.3162099,
            10.0402836
          ],
          [
            76.3164754,
            10.0410336
          ],
          [
            76.3167356,
            10.0418894
          ],
          [
            76.3173101,
            10.0437598
          ],
          [
            76.3177901,
            10.0452673
          ],
          [
            76.318272,
            10.0467002
          ],
          [
            76.3184692,
            10.047338
          ],
          [
            76.3188653,
            10.0487509
          ],
          [
            76.3192274,
            10.0500926
          ],
          [
            76.3195439,
            10.0511199
          ],
          [
            76.3198313,
            10.051904
          ],
          [
            76.3200977,
            10.0526323
          ],
          [
            76.3202773,
            10.0531015
          ],
          [
            76.3205043,
            10.0536796
          ],
          [
            76.3206717,
            10.054033
          ],
          [
            76.3208772,
            10.0544806
          ],
          [
            76.3210149,
            10.0547959
          ],
          [
            76.3211606,
            10.0551481
          ],
          [
            76.321253,
            10.0554525
          ],
          [
            76.3213295,
            10.0557747
          ],
          [
            76.3213831,
            10.0561202
          ],
          [
            76.3214531,
            10.0566184
          ],
          [
            76.3214997,
            10.0569535
          ],
          [
            76.3215433,
            10.0572375
          ],
          [
            76.3216174,
            10.0574927
          ],
          [
            76.3218607,
            10.0582627
          ],
          [
            76.321962,
            10.0585856
          ],
          [
            76.3221083,
            10.0590351
          ],
          [
            76.3223162,
            10.0596789
          ],
          [
            76.3224227,
            10.0599529
          ],
          [
            76.3225721,
            10.0602689
          ],
          [
            76.3227186,
            10.0605555
          ],
          [
            76.3228816,
            10.0608068
          ],
          [
            76.3231084,
            10.0611073
          ],
          [
            76.3233401,
            10.0613688
          ],
          [
            76.3236002,
            10.0616236
          ],
          [
            76.3238548,
            10.061827
          ],
          [
            76.3242005,
            10.0620726
          ],
          [
            76.324671,
            10.0623716
          ],
          [
            76.3250865,
            10.0626199
          ],
          [
            76.3255524,
            10.0629445
          ],
          [
            76.3258713,
            10.0631893
          ],
          [
            76.3262142,
            10.0634955
          ],
          [
            76.3264353,
            10.0637074
          ],
          [
            76.3267501,
            10.0640418
          ],
          [
            76.3269365,
            10.0642598
          ],
          [
            76.3270976,
            10.0644885
          ],
          [
            76.327454,
            10.0650708
          ],
          [
            76.3276775,
            10.0654727
          ],
          [
            76.3279317,
            10.0658923
          ],
          [
            76.3280918,
            10.0661763
          ],
          [
            76.3282772,
            10.0665172
          ],
          [
            76.328612,
            10.0671209
          ],
          [
            76.3288128,
            10.0674421
          ],
          [
            76.3290118,
            10.0677119
          ],
          [
            76.329293,
            10.0680593
          ],
          [
            76.3295526,
            10.0683996
          ],
          [
            76.3298211,
            10.0687009
          ],
          [
            76.3300607,
            10.0689367
          ],
          [
            76.3309931,
            10.0698304
          ],
          [
            76.3316378,
            10.0704555
          ],
          [
            76.3318333,
            10.0706416
          ],
          [
            76.3323392,
            10.0711388
          ],
          [
            76.3324918,
            10.0712869
          ],
          [
            76.3326891,
            10.0714939
          ],
          [
            76.3329141,
            10.0717524
          ],
          [
            76.3334265,
            10.0724067
          ],
          [
            76.3336862,
            10.0727379
          ],
          [
            76.3339147,
            10.0730272
          ],
          [
            76.3340274,
            10.0731677
          ],
          [
            76.3345271,
            10.073737
          ],
          [
            76.3346306,
            10.0738487
          ],
          [
            76.3348736,
            10.0740904
          ],
          [
            76.3349908,
            10.0741974
          ],
          [
            76.3355166,
            10.0746995
          ],
          [
            76.3361024,
            10.0752572
          ],
          [
            76.3368208,
            10.0759345
          ],
          [
            76.337188,
            10.0762865
          ],
          [
            76.3375082,
            10.076615
          ],
          [
            76.3376877,
            10.0768249
          ],
          [
            76.3378551,
            10.0770378
          ],
          [
            76.3379714,
            10.0771955
          ],
          [
            76.3380847,
            10.0773681
          ],
          [
            76.3382452,
            10.0776651
          ],
          [
            76.3383844,
            10.0779785
          ],
          [
            76.3388572,
            10.079233
          ],
          [
            76.3391883,
            10.080162
          ],
          [
            76.3393765,
            10.0806818
          ],
          [
            76.3395648,
            10.0811672
          ],
          [
            76.3398063,
            10.0817555
          ],
          [
            76.340135,
            10.0824478
          ],
          [
            76.3403843,
            10.0829646
          ],
          [
            76.3406408,
            10.0834547
          ],
          [
            76.3410513,
            10.0842223
          ],
          [
            76.3412657,
            10.0846315
          ],
          [
            76.3415134,
            10.0850854
          ],
          [
            76.3419136,
            10.0857734
          ],
          [
            76.3423018,
            10.0864639
          ],
          [
            76.3427855,
            10.0872796
          ],
          [
            76.3436991,
            10.0888283
          ],
          [
            76.3442588,
            10.0897503
          ],
          [
            76.34466,
            10.0904524
          ],
          [
            76.3450813,
            10.0911662
          ],
          [
            76.3454936,
            10.0919012
          ],
          [
            76.3456366,
            10.0921803
          ],
          [
            76.3457515,
            10.0924291
          ],
          [
            76.3460844,
            10.0932225
          ],
          [
            76.3462766,
            10.0938376
          ],
          [
            76.346413,
            10.0943116
          ],
          [
            76.3465279,
            10.0948016
          ],
          [
            76.346579,
            10.0950337
          ],
          [
            76.3466121,
            10.0952631
          ],
          [
            76.346672,
            10.0958364
          ],
          [
            76.3467265,
            10.0964222
          ],
          [
            76.3467882,
            10.0970233
          ],
          [
            76.3468418,
            10.0973814
          ],
          [
            76.3468973,
            10.0976721
          ],
          [
            76.3470805,
            10.098354
          ],
          [
            76.3472126,
            10.0986924
          ],
          [
            76.3473555,
            10.0990024
          ],
          [
            76.3476752,
            10.0995886
          ],
          [
            76.3480021,
            10.1001464
          ],
          [
            76.348323,
            10.1006667
          ],
          [
            76.3489604,
            10.101614
          ],
          [
            76.3491485,
            10.1019616
          ],
          [
            76.3493275,
            10.1023057
          ],
          [
            76.3495007,
            10.1027019
          ],
          [
            76.349663,
            10.1031052
          ],
          [
            76.3498097,
            10.1035368
          ],
          [
            76.3499312,
            10.1039861
          ],
          [
            76.3500359,
            10.1045047
          ],
          [
            76.3500973,
            10.1048513
          ],
          [
            76.3501316,
            10.1051464
          ],
          [
            76.3501527,
            10.1054266
          ],
          [
            76.3501593,
            10.1057104
          ],
          [
            76.3501729,
            10.1061038
          ],
          [
            76.3501576,
            10.1065079
          ],
          [
            76.3501233,
            10.1068398
          ],
          [
            76.3500853,
            10.1071681
          ],
          [
            76.3500026,
            10.1076465
          ],
          [
            76.3499689,
            10.1078359
          ],
          [
            76.3499162,
            10.1081319
          ],
          [
            76.3498162,
            10.1086697
          ],
          [
            76.3496802,
            10.1092802
          ],
          [
            76.3495674,
            10.109665
          ],
          [
            76.3494894,
            10.1099438
          ],
          [
            76.3493897,
            10.1102298
          ],
          [
            76.3492245,
            10.1106118
          ],
          [
            76.3490051,
            10.1110734
          ]
        ]
      },
      "id": "relation/7752157"
    },
    {
      "type": "Feature",
      "properties": {
        "@id": "relation/7834959",
        "colour": "#7FFFD4",
        "from": "Thrippunithura Terminal",
        "name": "Kochi Metro Phase I: Thrippunithura Terminal => Aluva",
        "network": "Kochi Metro",
        "network:wikidata": "Q3522910",
        "operator": "KMRL",
        "public_transport:version": "2",
        "ref": "I",
        "route": "subway",
        "to": "Aluva",
        "type": "route",
        "wikidata": "Q106775989"
      },
      "geometry": {
        "type": "LineString",
        "coordinates": [
          [
            76.3489625,
            10.1110569
          ],
          [
            76.3491554,
            10.1106381
          ],
          [
            76.3493248,
            10.11023
          ],
          [
            76.3495573,
            10.1095487
          ],
          [
            76.3496276,
            10.1092843
          ],
          [
            76.3497159,
            10.1089276
          ],
          [
            76.349788,
            10.1085887
          ],
          [
            76.3498619,
            10.1081842
          ],
          [
            76.3499412,
            10.1077193
          ],
          [
            76.3500043,
            10.1073609
          ],
          [
            76.3500493,
            10.1070309
          ],
          [
            76.3500872,
            10.1066849
          ],
          [
            76.350107,
            10.1064737
          ],
          [
            76.3501232,
            10.1062022
          ],
          [
            76.3501142,
            10.1059769
          ],
          [
            76.3501196,
            10.1056859
          ],
          [
            76.350107,
            10.1054552
          ],
          [
            76.3500908,
            10.1052405
          ],
          [
            76.3500656,
            10.1049992
          ],
          [
            76.3500223,
            10.1047384
          ],
          [
            76.3499827,
            10.1044935
          ],
          [
            76.3499286,
            10.1042238
          ],
          [
            76.3498205,
            10.1037731
          ],
          [
            76.3497249,
            10.1034253
          ],
          [
            76.3496186,
            10.1031077
          ],
          [
            76.3495087,
            10.1028345
          ],
          [
            76.3493825,
            10.1025523
          ],
          [
            76.3492329,
            10.1022152
          ],
          [
            76.3489968,
            10.1017698
          ],
          [
            76.3488472,
            10.101525
          ],
          [
            76.3485282,
            10.1010565
          ],
          [
            76.3482975,
            10.1007052
          ],
          [
            76.3481173,
            10.1004071
          ],
          [
            76.347937,
            10.100109
          ],
          [
            76.347773,
            10.0998287
          ],
          [
            76.3475279,
            10.0993957
          ],
          [
            76.3473242,
            10.0990071
          ],
          [
            76.3471332,
            10.0986061
          ],
          [
            76.3470178,
            10.0983133
          ],
          [
            76.3468845,
            10.0978431
          ],
          [
            76.346816,
            10.0975255
          ],
          [
            76.3467709,
            10.0972611
          ],
          [
            76.3467204,
            10.0968423
          ],
          [
            76.3466934,
            10.0965797
          ],
          [
            76.3466556,
            10.0962213
          ],
          [
            76.3466123,
            10.0957244
          ],
          [
            76.346533,
            10.0950342
          ],
          [
            76.3464321,
            10.0946012
          ],
          [
            76.3461545,
            10.093604
          ],
          [
            76.3460103,
            10.093171
          ],
          [
            76.3458139,
            10.0927079
          ],
          [
            76.3457235,
            10.0924906
          ],
          [
            76.3456264,
            10.0922572
          ],
          [
            76.3453453,
            10.0917213
          ],
          [
            76.3450136,
            10.0911411
          ],
          [
            76.344646,
            10.0905129
          ],
          [
            76.3443414,
            10.0899717
          ],
          [
            76.344026,
            10.0894589
          ],
          [
            76.3437502,
            10.0890064
          ],
          [
            76.3432816,
            10.0882257
          ],
          [
            76.3429482,
            10.0876543
          ],
          [
            76.3427351,
            10.087301
          ],
          [
            76.3425264,
            10.0869551
          ],
          [
            76.3423606,
            10.0866677
          ],
          [
            76.3421696,
            10.08635
          ],
          [
            76.3420506,
            10.0861318
          ],
          [
            76.3418019,
            10.0856793
          ],
          [
            76.3415171,
            10.0852091
          ],
          [
            76.3413549,
            10.0849056
          ],
          [
            76.3411927,
            10.0846182
          ],
          [
            76.3409458,
            10.0841603
          ],
          [
            76.3406106,
            10.0835091
          ],
          [
            76.3403348,
            10.0829785
          ],
          [
            76.3400825,
            10.0824639
          ],
          [
            76.3398085,
            10.0818943
          ],
          [
            76.3395977,
            10.0814028
          ],
          [
            76.3394246,
            10.0809308
          ],
          [
            76.3391381,
            10.0802014
          ],
          [
            76.3389542,
            10.079701
          ],
          [
            76.3388435,
            10.0793881
          ],
          [
            76.3386767,
            10.0789167
          ],
          [
            76.3384478,
            10.0782796
          ],
          [
            76.3383036,
            10.0779123
          ],
          [
            76.3381648,
            10.0776195
          ],
          [
            76.3380062,
            10.0773232
          ],
          [
            76.3377232,
            10.0769434
          ],
          [
            76.3375106,
            10.0766985
          ],
          [
            76.3371537,
            10.0763365
          ],
          [
            76.3367698,
            10.0759791
          ],
          [
            76.3360631,
            10.0753094
          ],
          [
            76.3354754,
            10.074738
          ],
          [
            76.3348339,
            10.0741296
          ],
          [
            76.3346865,
            10.0739703
          ],
          [
            76.3343553,
            10.0736226
          ],
          [
            76.3339831,
            10.0731988
          ],
          [
            76.3338695,
            10.0730594
          ],
          [
            76.3336469,
            10.0727747
          ],
          [
            76.3333809,
            10.0724262
          ],
          [
            76.3328577,
            10.0717537
          ],
          [
            76.3326289,
            10.0714997
          ],
          [
            76.3324111,
            10.0712714
          ],
          [
            76.3318051,
            10.0706728
          ],
          [
            76.3316099,
            10.0704834
          ],
          [
            76.3311047,
            10.0699902
          ],
          [
            76.3306058,
            10.0695116
          ],
          [
            76.3300669,
            10.0690041
          ],
          [
            76.3297912,
            10.0687184
          ],
          [
            76.3294382,
            10.0683409
          ],
          [
            76.3290327,
            10.0678316
          ],
          [
            76.3288326,
            10.0675335
          ],
          [
            76.328373,
            10.0668006
          ],
          [
            76.3279657,
            10.0660482
          ],
          [
            76.327571,
            10.0653774
          ],
          [
            76.3271925,
            10.0647243
          ],
          [
            76.3267798,
            10.0641653
          ],
          [
            76.3265401,
            10.0638938
          ],
          [
            76.3260913,
            10.0634555
          ],
          [
            76.3256822,
            10.0631148
          ],
          [
            76.3251541,
            10.0627297
          ],
          [
            76.3241457,
            10.0620988
          ],
          [
            76.3238115,
            10.0618556
          ],
          [
            76.3235792,
            10.0616665
          ],
          [
            76.3232544,
            10.0613561
          ],
          [
            76.3230039,
            10.0610722
          ],
          [
            76.3226579,
            10.0605611
          ],
          [
            76.3223731,
            10.0599719
          ],
          [
            76.3222289,
            10.0595744
          ],
          [
            76.3220537,
            10.0590447
          ],
          [
            76.3219112,
            10.0586015
          ],
          [
            76.3218081,
            10.0582739
          ],
          [
            76.321556,
            10.0575114
          ],
          [
            76.3214776,
            10.0572247
          ],
          [
            76.3213951,
            10.0566313
          ],
          [
            76.321322,
            10.0561195
          ],
          [
            76.3212715,
            10.0557872
          ],
          [
            76.3211926,
            10.0554634
          ],
          [
            76.3211033,
            10.0551634
          ],
          [
            76.3209669,
            10.0548128
          ],
          [
            76.3208239,
            10.054504
          ],
          [
            76.3206728,
            10.0541834
          ],
          [
            76.3204524,
            10.053703
          ],
          [
            76.3202212,
            10.0531282
          ],
          [
            76.3200588,
            10.0526732
          ],
          [
            76.3197842,
            10.051912
          ],
          [
            76.3195326,
            10.0512886
          ],
          [
            76.3192569,
            10.0504315
          ],
          [
            76.3190424,
            10.0496541
          ],
          [
            76.3188676,
            10.0490011
          ],
          [
            76.3186495,
            10.0482131
          ],
          [
            76.3184243,
            10.0473476
          ],
          [
            76.3182231,
            10.0467107
          ],
          [
            76.3180016,
            10.0460381
          ],
          [
            76.3177434,
            10.0452838
          ],
          [
            76.3174927,
            10.0445136
          ],
          [
            76.3172706,
            10.0438114
          ],
          [
            76.3170472,
            10.0431109
          ],
          [
            76.316858,
            10.0424915
          ],
          [
            76.3166633,
            10.0418313
          ],
          [
            76.3165101,
            10.0413255
          ],
          [
            76.3163299,
            10.0408126
          ],
          [
            76.3160181,
            10.0399767
          ],
          [
            76.3157874,
            10.0394461
          ],
          [
            76.3154447,
            10.0385881
          ],
          [
            76.3151975,
            10.0380171
          ],
          [
            76.3148459,
            10.0372277
          ],
          [
            76.3145943,
            10.0366632
          ],
          [
            76.3145481,
            10.0365573
          ],
          [
            76.3144023,
            10.0362372
          ],
          [
            76.3142191,
            10.0358194
          ],
          [
            76.3141742,
            10.0357128
          ],
          [
            76.3139457,
            10.0352053
          ],
          [
            76.3138164,
            10.0349256
          ],
          [
            76.3136355,
            10.0345163
          ],
          [
            76.3134658,
            10.0341211
          ],
          [
            76.3132611,
            10.0336794
          ],
          [
            76.3131492,
            10.0334647
          ],
          [
            76.3129875,
            10.0331565
          ],
          [
            76.3128055,
            10.0328248
          ],
          [
            76.3124676,
            10.0322704
          ],
          [
            76.3118366,
            10.0312151
          ],
          [
            76.3117406,
            10.0310677
          ],
          [
            76.3112557,
            10.030236
          ],
          [
            76.3108097,
            10.0294474
          ],
          [
            76.3103603,
            10.028645
          ],
          [
            76.309971,
            10.0279914
          ],
          [
            76.3096906,
            10.0275022
          ],
          [
            76.309248,
            10.0267023
          ],
          [
            76.309023,
            10.0263057
          ],
          [
            76.308865,
            10.0260187
          ],
          [
            76.3086059,
            10.0255565
          ],
          [
            76.3084012,
            10.0252072
          ],
          [
            76.3081472,
            10.0247425
          ],
          [
            76.3077228,
            10.0240319
          ],
          [
            76.3074905,
            10.0236368
          ],
          [
            76.3072561,
            10.0232439
          ],
          [
            76.307019,
            10.0228636
          ],
          [
            76.3068976,
            10.0226441
          ],
          [
            76.3066204,
            10.0222087
          ],
          [
            76.3064819,
            10.0219726
          ],
          [
            76.3061991,
            10.0214608
          ],
          [
            76.3059752,
            10.0210867
          ],
          [
            76.3057781,
            10.0207374
          ],
          [
            76.3056526,
            10.0205126
          ],
          [
            76.3054471,
            10.0201771
          ],
          [
            76.3052442,
            10.0198459
          ],
          [
            76.3050099,
            10.0194821
          ],
          [
            76.3049431,
            10.0193869
          ],
          [
            76.3048218,
            10.0192127
          ],
          [
            76.3045915,
            10.0189488
          ],
          [
            76.3043151,
            10.0186715
          ],
          [
            76.3042246,
            10.0185913
          ],
          [
            76.3038949,
            10.0182887
          ],
          [
            76.3035644,
            10.017969
          ],
          [
            76.3033801,
            10.0177574
          ],
          [
            76.3031569,
            10.0174873
          ],
          [
            76.3030442,
            10.0173223
          ],
          [
            76.3028542,
            10.0170354
          ],
          [
            76.302776,
            10.0169189
          ],
          [
            76.3025943,
            10.0166508
          ],
          [
            76.302491,
            10.0164476
          ],
          [
            76.3024311,
            10.0162799
          ],
          [
            76.3024002,
            10.0161666
          ],
          [
            76.302391,
            10.0160222
          ],
          [
            76.3023697,
            10.0156632
          ],
          [
            76.302338,
            10.0152006
          ],
          [
            76.3023174,
            10.0148766
          ],
          [
            76.3022977,
            10.0145787
          ],
          [
            76.3022909,
            10.0144526
          ],
          [
            76.3023043,
            10.0142476
          ],
          [
            76.3023515,
            10.0139682
          ],
          [
            76.3024549,
            10.0136198
          ],
          [
            76.3025447,
            10.0132947
          ],
          [
            76.302768,
            10.012505
          ],
          [
            76.3029391,
            10.0118694
          ],
          [
            76.3030979,
            10.0113592
          ],
          [
            76.3031881,
            10.0110564
          ],
          [
            76.3033108,
            10.0106431
          ],
          [
            76.3034704,
            10.010166
          ],
          [
            76.3036619,
            10.0095953
          ],
          [
            76.3038945,
            10.0089209
          ],
          [
            76.3040413,
            10.0085045
          ],
          [
            76.3041855,
            10.0080896
          ],
          [
            76.3043666,
            10.0075481
          ],
          [
            76.3045961,
            10.0069118
          ],
          [
            76.3047738,
            10.0064079
          ],
          [
            76.3048735,
            10.0060998
          ],
          [
            76.3049996,
            10.0057548
          ],
          [
            76.3050662,
            10.0055676
          ],
          [
            76.3050904,
            10.0054287
          ],
          [
            76.3051343,
            10.0052203
          ],
          [
            76.3051561,
            10.0050091
          ],
          [
            76.305141,
            10.0047471
          ],
          [
            76.3051132,
            10.0045196
          ],
          [
            76.3050272,
            10.0041807
          ],
          [
            76.3049377,
            10.0039245
          ],
          [
            76.304841,
            10.0036819
          ],
          [
            76.3047111,
            10.0033727
          ],
          [
            76.3046333,
            10.0032187
          ],
          [
            76.304571,
            10.0030951
          ],
          [
            76.3045276,
            10.0030096
          ],
          [
            76.3043287,
            10.002739
          ],
          [
            76.3041357,
            10.0025188
          ],
          [
            76.3038209,
            10.002194
          ],
          [
            76.3036672,
            10.0020626
          ],
          [
            76.3034998,
            10.0019343
          ],
          [
            76.3033584,
            10.0018406
          ],
          [
            76.3032325,
            10.0017814
          ],
          [
            76.3030343,
            10.0017091
          ],
          [
            76.302883,
            10.0016634
          ],
          [
            76.3027534,
            10.0016215
          ],
          [
            76.3025764,
            10.0015692
          ],
          [
            76.3015552,
            10.0013576
          ],
          [
            76.3012246,
            10.0012975
          ],
          [
            76.3007042,
            10.0011932
          ],
          [
            76.3005068,
            10.0011475
          ],
          [
            76.3003375,
            10.0010988
          ],
          [
            76.3001857,
            10.0010363
          ],
          [
            76.3000716,
            10.0009829
          ],
          [
            76.2997547,
            10.000799
          ],
          [
            76.2992876,
            10.0005545
          ],
          [
            76.2992231,
            10.000513
          ],
          [
            76.2984748,
            10.0000309
          ],
          [
            76.2981549,
            9.9997939
          ],
          [
            76.2979291,
            9.9996407
          ],
          [
            76.2977352,
            9.999497
          ],
          [
            76.297558,
            9.9993476
          ],
          [
            76.2969411,
            9.9988245
          ],
          [
            76.2962264,
            9.9982051
          ],
          [
            76.2956674,
            9.9977208
          ],
          [
            76.2954439,
            9.9975391
          ],
          [
            76.2952171,
            9.9973651
          ],
          [
            76.2947493,
            9.9970121
          ],
          [
            76.2939128,
            9.9964102
          ],
          [
            76.2934143,
            9.9960534
          ],
          [
            76.2929639,
            9.9957273
          ],
          [
            76.2926933,
            9.9955303
          ],
          [
            76.2922869,
            9.995189
          ],
          [
            76.2921318,
            9.9950256
          ],
          [
            76.2919663,
            9.9948523
          ],
          [
            76.2917854,
            9.9946715
          ],
          [
            76.2915084,
            9.9943906
          ],
          [
            76.291214,
            9.994091
          ],
          [
            76.2909853,
            9.9938472
          ],
          [
            76.2906819,
            9.9935283
          ],
          [
            76.2903151,
            9.9931103
          ],
          [
            76.2901554,
            9.9929351
          ],
          [
            76.2894677,
            9.9923119
          ],
          [
            76.2889126,
            9.9918614
          ],
          [
            76.2887078,
            9.9917022
          ],
          [
            76.2886015,
            9.9916122
          ],
          [
            76.2883334,
            9.9914176
          ],
          [
            76.2877228,
            9.9909403
          ],
          [
            76.2875764,
            9.9908133
          ],
          [
            76.2874761,
            9.9906949
          ],
          [
            76.2873767,
            9.9905409
          ],
          [
            76.2872428,
            9.9903736
          ],
          [
            76.2870472,
            9.9901122
          ],
          [
            76.2867832,
            9.9897293
          ],
          [
            76.2866241,
            9.989496
          ],
          [
            76.2864694,
            9.9892507
          ],
          [
            76.2863571,
            9.9890548
          ],
          [
            76.2861794,
            9.9887479
          ],
          [
            76.2860028,
            9.9884624
          ],
          [
            76.2858436,
            9.9882385
          ],
          [
            76.2857137,
            9.9880587
          ],
          [
            76.2855294,
            9.9878433
          ],
          [
            76.2853761,
            9.9876659
          ],
          [
            76.2851959,
            9.9874892
          ],
          [
            76.284921,
            9.9872789
          ],
          [
            76.2847114,
            9.9871083
          ],
          [
            76.2844648,
            9.986927
          ],
          [
            76.2841908,
            9.9867622
          ],
          [
            76.2839215,
            9.9866324
          ],
          [
            76.2837001,
            9.9865362
          ],
          [
            76.283175,
            9.9863394
          ],
          [
            76.2828034,
            9.9862037
          ],
          [
            76.2826287,
            9.9861102
          ],
          [
            76.2824552,
            9.9859863
          ],
          [
            76.2823241,
            9.9858595
          ],
          [
            76.282252,
            9.9857743
          ],
          [
            76.2821709,
            9.985666
          ],
          [
            76.2820675,
            9.9854707
          ],
          [
            76.2819999,
            9.9852906
          ],
          [
            76.2819517,
            9.9850846
          ],
          [
            76.2819408,
            9.9849009
          ],
          [
            76.2819477,
            9.9847206
          ],
          [
            76.2819948,
            9.9844728
          ],
          [
            76.2820331,
            9.9843328
          ],
          [
            76.2821643,
            9.9839587
          ],
          [
            76.2823354,
            9.9834493
          ],
          [
            76.2824984,
            9.9829575
          ],
          [
            76.2825882,
            9.9826664
          ],
          [
            76.2826966,
            9.9823841
          ],
          [
            76.2827652,
            9.9821639
          ],
          [
            76.2828589,
            9.9818792
          ],
          [
            76.2829015,
            9.9816936
          ],
          [
            76.2829437,
            9.9815231
          ],
          [
            76.2829916,
            9.9811931
          ],
          [
            76.283033,
            9.9808874
          ],
          [
            76.2830476,
            9.980778
          ],
          [
            76.283083,
            9.9805457
          ],
          [
            76.2831407,
            9.9801967
          ],
          [
            76.2831836,
            9.9799395
          ],
          [
            76.2832492,
            9.9795934
          ],
          [
            76.2833109,
            9.9793668
          ],
          [
            76.2833742,
            9.9791268
          ],
          [
            76.2834777,
            9.9787855
          ],
          [
            76.2836067,
            9.9783949
          ],
          [
            76.2837349,
            9.9779921
          ],
          [
            76.2838826,
            9.9776033
          ],
          [
            76.2839929,
            9.9773
          ],
          [
            76.2840892,
            9.9769994
          ],
          [
            76.2842078,
            9.9766162
          ],
          [
            76.284342,
            9.9761831
          ],
          [
            76.2844744,
            9.9756977
          ],
          [
            76.2845956,
            9.9752171
          ],
          [
            76.2847103,
            9.9747636
          ],
          [
            76.2847858,
            9.9744247
          ],
          [
            76.2848608,
            9.9740673
          ],
          [
            76.2849548,
            9.9737705
          ],
          [
            76.2850054,
            9.9735486
          ],
          [
            76.2850675,
            9.9732712
          ],
          [
            76.2851645,
            9.9729039
          ],
          [
            76.2852078,
            9.9725301
          ],
          [
            76.2855243,
            9.9704548
          ],
          [
            76.285577,
            9.9702065
          ],
          [
            76.2856554,
            9.969972
          ],
          [
            76.285821,
            9.9694952
          ],
          [
            76.2859176,
            9.9692244
          ],
          [
            76.2859847,
            9.9691055
          ],
          [
            76.2860705,
            9.968988
          ],
          [
            76.2861939,
            9.9688559
          ],
          [
            76.2862997,
            9.9687666
          ],
          [
            76.2864741,
            9.9686669
          ],
          [
            76.2866397,
            9.9685972
          ],
          [
            76.2868011,
            9.9685597
          ],
          [
            76.2869336,
            9.9685541
          ],
          [
            76.2870626,
            9.968566
          ],
          [
            76.2875269,
            9.9685904
          ],
          [
            76.2877461,
            9.968583
          ],
          [
            76.288002,
            9.9685331
          ],
          [
            76.2881488,
            9.9685078
          ],
          [
            76.2882206,
            9.9684974
          ],
          [
            76.2882894,
            9.9684906
          ],
          [
            76.2884233,
            9.9684807
          ],
          [
            76.2885381,
            9.9684753
          ],
          [
            76.2886506,
            9.9684761
          ],
          [
            76.2887828,
            9.9684877
          ],
          [
            76.2889242,
            9.9685036
          ],
          [
            76.2890933,
            9.968528
          ],
          [
            76.2892454,
            9.9685457
          ],
          [
            76.28941,
            9.9685706
          ],
          [
            76.2895798,
            9.9685938
          ],
          [
            76.2898691,
            9.968621
          ],
          [
            76.289957,
            9.9686249
          ],
          [
            76.2900403,
            9.9686288
          ],
          [
            76.290108,
            9.9686284
          ],
          [
            76.2901695,
            9.9686275
          ],
          [
            76.2902426,
            9.9686201
          ],
          [
            76.2903218,
            9.9686096
          ],
          [
            76.2903914,
            9.9685931
          ],
          [
            76.2905193,
            9.9685502
          ],
          [
            76.2906118,
            9.9685072
          ],
          [
            76.2906866,
            9.9684628
          ],
          [
            76.2907487,
            9.9684215
          ],
          [
            76.2909372,
            9.9682514
          ],
          [
            76.2910265,
            9.9681289
          ],
          [
            76.2911043,
            9.9680038
          ],
          [
            76.2911872,
            9.9677983
          ],
          [
            76.2912592,
            9.9675932
          ],
          [
            76.2914363,
            9.9671335
          ],
          [
            76.2916079,
            9.9666527
          ],
          [
            76.2917329,
            9.9663283
          ],
          [
            76.2918024,
            9.9661934
          ],
          [
            76.2918639,
            9.9660873
          ],
          [
            76.2919518,
            9.9659781
          ],
          [
            76.2920751,
            9.9658339
          ],
          [
            76.2922263,
            9.9657244
          ],
          [
            76.2923677,
            9.9656302
          ],
          [
            76.292531,
            9.9655628
          ],
          [
            76.2926986,
            9.9655121
          ],
          [
            76.292996,
            9.9654927
          ],
          [
            76.2932946,
            9.9655366
          ],
          [
            76.293752,
            9.9656304
          ],
          [
            76.294063,
            9.9656953
          ],
          [
            76.2944897,
            9.9657543
          ],
          [
            76.2949388,
            9.9658133
          ],
          [
            76.2953293,
            9.9658681
          ],
          [
            76.2959931,
            9.965987
          ],
          [
            76.2964536,
            9.9660856
          ],
          [
            76.2968068,
            9.9661609
          ],
          [
            76.2971203,
            9.9662287
          ],
          [
            76.2974924,
            9.9663093
          ],
          [
            76.2978342,
            9.9664027
          ],
          [
            76.298208,
            9.9665419
          ],
          [
            76.2983025,
            9.966578
          ],
          [
            76.2984495,
            9.9666351
          ],
          [
            76.2988742,
            9.9668001
          ],
          [
            76.2992853,
            9.9669668
          ],
          [
            76.2998403,
            9.9672043
          ],
          [
            76.3000933,
            9.967313
          ],
          [
            76.3002615,
            9.9673829
          ],
          [
            76.3004302,
            9.9674378
          ],
          [
            76.3005576,
            9.9674734
          ],
          [
            76.3008856,
            9.9675388
          ],
          [
            76.3010569,
            9.9675601
          ],
          [
            76.3013289,
            9.9675824
          ],
          [
            76.3014741,
            9.9675935
          ],
          [
            76.3017901,
            9.9676175
          ],
          [
            76.3020806,
            9.9676386
          ],
          [
            76.3027675,
            9.9676878
          ],
          [
            76.303054,
            9.9677077
          ],
          [
            76.3033287,
            9.9677238
          ],
          [
            76.3035241,
            9.9677351
          ],
          [
            76.3037672,
            9.9677489
          ],
          [
            76.3044109,
            9.9677825
          ],
          [
            76.3046672,
            9.9677918
          ],
          [
            76.3049097,
            9.9677991
          ],
          [
            76.3050869,
            9.9677824
          ],
          [
            76.305394,
            9.9677139
          ],
          [
            76.3057129,
            9.9676032
          ],
          [
            76.3060651,
            9.9674606
          ],
          [
            76.3066975,
            9.9671939
          ],
          [
            76.3069904,
            9.9670424
          ],
          [
            76.3071669,
            9.9669891
          ],
          [
            76.3072953,
            9.9669556
          ],
          [
            76.3073574,
            9.9669414
          ],
          [
            76.3074269,
            9.9669473
          ],
          [
            76.3076059,
            9.9669753
          ],
          [
            76.3082599,
            9.9671039
          ],
          [
            76.3084491,
            9.9671564
          ],
          [
            76.308701,
            9.9672372
          ],
          [
            76.3091583,
            9.9673436
          ],
          [
            76.3096386,
            9.9674152
          ],
          [
            76.3101498,
            9.9675007
          ],
          [
            76.3107176,
            9.9675733
          ],
          [
            76.3112029,
            9.9676509
          ],
          [
            76.311613,
            9.9677266
          ],
          [
            76.3122531,
            9.9678703
          ],
          [
            76.3129876,
            9.968024
          ],
          [
            76.3134145,
            9.9681143
          ],
          [
            76.3138996,
            9.9682266
          ],
          [
            76.3144518,
            9.9683451
          ],
          [
            76.3151323,
            9.9684853
          ],
          [
            76.315281,
            9.968516
          ],
          [
            76.3156478,
            9.9685909
          ],
          [
            76.316134,
            9.9686726
          ],
          [
            76.3166819,
            9.9687456
          ],
          [
            76.3167872,
            9.9687553
          ],
          [
            76.3170458,
            9.9687395
          ],
          [
            76.317281,
            9.9687166
          ],
          [
            76.3178127,
            9.9686686
          ],
          [
            76.3180173,
            9.9686599
          ],
          [
            76.318219,
            9.9686704
          ],
          [
            76.3185264,
            9.9687103
          ],
          [
            76.3190018,
            9.9687989
          ],
          [
            76.3192221,
            9.9688156
          ],
          [
            76.3194092,
            9.9688042
          ],
          [
            76.319527,
            9.9687851
          ],
          [
            76.319641,
            9.9687462
          ],
          [
            76.3197822,
            9.9686712
          ],
          [
            76.3198615,
            9.9686209
          ],
          [
            76.3199408,
            9.9685584
          ],
          [
            76.3200405,
            9.9684553
          ],
          [
            76.3201414,
            9.9683145
          ],
          [
            76.3202184,
            9.968181
          ],
          [
            76.3202856,
            9.9680353
          ],
          [
            76.3204182,
            9.9676492
          ],
          [
            76.320443,
            9.9675859
          ],
          [
            76.3208585,
            9.9665111
          ],
          [
            76.3209824,
            9.9660646
          ],
          [
            76.3210123,
            9.9658065
          ],
          [
            76.3209961,
            9.965503
          ],
          [
            76.3209576,
            9.9652849
          ],
          [
            76.3208897,
            9.9650764
          ],
          [
            76.3205126,
            9.9641389
          ],
          [
            76.3203135,
            9.9635246
          ],
          [
            76.3202965,
            9.9630122
          ],
          [
            76.3203841,
            9.9625941
          ],
          [
            76.3205647,
            9.962199
          ],
          [
            76.3207865,
            9.9618881
          ],
          [
            76.3211331,
            9.9616033
          ],
          [
            76.3217199,
            9.9612263
          ],
          [
            76.3236541,
            9.9599934
          ],
          [
            76.3243143,
            9.9596011
          ],
          [
            76.3247728,
            9.9593172
          ],
          [
            76.325038,
            9.9591319
          ],
          [
            76.3252195,
            9.9589581
          ],
          [
            76.3259147,
            9.9580392
          ],
          [
            76.3263439,
            9.9574309
          ],
          [
            76.3267234,
            9.9567243
          ],
          [
            76.3271316,
            9.9558877
          ],
          [
            76.3274013,
            9.9553763
          ],
          [
            76.327814,
            9.9546748
          ],
          [
            76.327989,
            9.9544012
          ],
          [
            76.328083,
            9.9542888
          ],
          [
            76.3282194,
            9.9541796
          ],
          [
            76.328372,
            9.9540805
          ],
          [
            76.3285336,
            9.9540135
          ],
          [
            76.3288008,
            9.9539286
          ],
          [
            76.3290904,
            9.9538225
          ],
          [
            76.3292644,
            9.9537357
          ],
          [
            76.3294181,
            9.9536211
          ],
          [
            76.3295099,
            9.9535282
          ],
          [
            76.3295909,
            9.9534268
          ],
          [
            76.3301031,
            9.9525969
          ],
          [
            76.3304324,
            9.9520099
          ],
          [
            76.3306276,
            9.9516805
          ],
          [
            76.3309573,
            9.9511149
          ],
          [
            76.331128,
            9.9508355
          ],
          [
            76.3312301,
            9.9506879
          ],
          [
            76.3313579,
            9.9505465
          ],
          [
            76.3315086,
            9.9504058
          ],
          [
            76.3316098,
            9.9503447
          ],
          [
            76.3317454,
            9.9502739
          ],
          [
            76.3319118,
            9.9502221
          ],
          [
            76.3320417,
            9.9501887
          ],
          [
            76.3321626,
            9.9501838
          ],
          [
            76.3323541,
            9.9501902
          ],
          [
            76.3325435,
            9.9502269
          ],
          [
            76.3333093,
            9.9505915
          ],
          [
            76.3343135,
            9.9510237
          ],
          [
            76.3348248,
            9.9512256
          ],
          [
            76.3352732,
            9.9513769
          ],
          [
            76.3364856,
            9.9517943
          ],
          [
            76.3376085,
            9.9521768
          ],
          [
            76.3385555,
            9.952492
          ],
          [
            76.3395565,
            9.9528024
          ],
          [
            76.3404892,
            9.9531004
          ],
          [
            76.3417331,
            9.9535126
          ],
          [
            76.3422656,
            9.9536795
          ],
          [
            76.3429711,
            9.9538652
          ],
          [
            76.345873,
            9.9546247
          ],
          [
            76.3461903,
            9.9546983
          ],
          [
            76.3465653,
            9.9547881
          ],
          [
            76.3470591,
            9.9549035
          ],
          [
            76.3473166,
            9.9549745
          ],
          [
            76.3475391,
            9.9550476
          ],
          [
            76.3482026,
            9.955276
          ],
          [
            76.3485684,
            9.9553704
          ],
          [
            76.3489093,
            9.9554357
          ],
          [
            76.3491029,
            9.9554619
          ],
          [
            76.3492379,
            9.955472
          ],
          [
            76.3493706,
            9.955476
          ],
          [
            76.3494135,
            9.9554729
          ],
          [
            76.3495007,
            9.9554667
          ],
          [
            76.3495785,
            9.9554416
          ],
          [
            76.3496288,
            9.9554073
          ],
          [
            76.3496874,
            9.9553161
          ],
          [
            76.3498488,
            9.9549936
          ],
          [
            76.3505316,
            9.9534808
          ],
          [
            76.3512718,
            9.9519848
          ],
          [
            76.351866,
            9.9507936
          ]
        ]
      },
      "id": "relation/7834959"
    },
    {
      "type": "Feature",
      "properties": {
        "@id": "way/840310419",
        "internet_access": "yes",
        "layer": "1",
        "name": "Vyttila",
        "name:hi": "वैटिला",
        "name:ml": "വൈറ്റില",
        "network": "Kochi Metro",
        "note": "Contributors are requested to not edit the \"network\" and the \"operator\" tags. (2023/11/08)",
        "operator": "Kochi Metro Rail Limited",
        "public_transport": "station",
        "railway": "station",
        "ref": "VYTA",
        "station": "subway",
        "subway": "yes",
        "tactile_paving": "yes",
        "toilets:wheelchair": "yes",
        "wheelchair": "yes",
        "wikidata": "Q20583828",
        "wikipedia": "en:Vyttila metro station"
      },
      "geometry": {
        "type": "Polygon",
        "coordinates": [
          [
            [
              76.3205859,
              9.9669154
            ],
            [
              76.3208718,
              9.9670514
            ],
            [
              76.3207214,
              9.9673961
            ],
            [
              76.32047,
              9.9680103
            ],
            [
              76.3202013,
              9.9679083
            ],
            [
              76.3205859,
              9.9669154
            ]
          ]
        ]
      },
      "id": "way/840310419"
    },
    {
      "type": "Feature",
      "properties": {
        "@id": "way/1299935681",
        "name": "Ernakulam South Station",
        "network": "Kochi Metro",
        "network:wikidata": "Q3522910",
        "public_transport": "station",
        "railway": "station",
        "station": "subway",
        "subway": "yes"
      },
      "geometry": {
        "type": "Polygon",
        "coordinates": [
          [
            [
              76.289382,
              9.9684818
            ],
            [
              76.2894189,
              9.9683551
            ],
            [
              76.289871,
              9.968499
            ],
            [
              76.2898577,
              9.9685535
            ],
            [
              76.289382,
              9.9684818
            ]
          ]
        ]
      },
      "id": "way/1299935681"
    },
    {
      "type": "Feature",
      "properties": {
        "@id": "way/1346845189",
        "air_conditioning": "no",
        "building": "service",
        "internet_access": "yes",
        "internet_access:fee": "no",
        "layer": "1",
        "name": "Elamkulam Station",
        "network": "Kochi Metro",
        "operator": "Kochi Metro Rail Limited",
        "public_transport": "station",
        "railway": "station",
        "station": "subway",
        "subway": "yes",
        "wheelchair": "yes"
      },
      "geometry": {
        "type": "Polygon",
        "coordinates": [
          [
            [
              76.308614,
              9.9668295
            ],
            [
              76.308768,
              9.9668719
            ],
            [
              76.3087043,
              9.9670961
            ],
            [
              76.3086697,
              9.9671341
            ],
            [
              76.3088051,
              9.967166
            ],
            [
              76.3087555,
              9.9673697
            ],
            [
              76.3086324,
              9.9673407
            ],
            [
              76.3086289,
              9.9673553
            ],
            [
              76.3086806,
              9.9673674
            ],
            [
              76.3086041,
              9.9676847
            ],
            [
              76.3082944,
              9.9676123
            ],
            [
              76.3083729,
              9.9672868
            ],
            [
              76.308433,
              9.9673009
            ],
            [
              76.3084483,
              9.9672739
            ],
            [
              76.3079599,
              9.9671532
            ],
            [
              76.3080074,
              9.9669667
            ],
            [
              76.3085662,
              9.9671047
            ],
            [
              76.3085509,
              9.9670516
            ],
            [
              76.308614,
              9.9668295
            ]
          ]
        ]
      },
      "id": "way/1346845189"
    },
    {
      "type": "Feature",
      "properties": {
        "@id": "way/265569665",
        "bridge": "yes",
        "electrified": "rail",
        "frequency": "0",
        "gauge": "1435",
        "layer": "3",
        "name": "Kochi Metro Rail",
        "network": "Kochi Metro",
        "note": "Contributors are requested to not edit the \"network\" and the \"operator\" tags. (2023/11/08)",
        "operator": "Kochi Metro Rail Limited",
        "railway": "subway",
        "subway": "yes",
        "voltage": "750",
        "@relations": [
          {
            "role": "",
            "rel": 7752157,
            "reltags": {
              "colour": "#7FFFD4",
              "from": "Aluva",
              "name": "Kochi Metro Phase I: Aluva => Thrippunithura Terminal",
              "network": "Kochi Metro",
              "network:wikidata": "Q3522910",
              "operator": "KMRL",
              "public_transport:version": "2",
              "ref": "I",
              "route": "subway",
              "to": "Thrippunithura Terminal",
              "type": "route",
              "wikidata": "Q106775989"
            }
          }
        ]
      },
      "geometry": {
        "type": "LineString",
        "coordinates": [
          [
            76.3252457,
            9.9589982
          ],
          [
            76.3250681,
            9.9591664
          ],
          [
            76.3248037,
            9.959358
          ],
          [
            76.3243399,
            9.9596365
          ],
          [
            76.3236762,
            9.9600311
          ],
          [
            76.3217336,
            9.9612503
          ],
          [
            76.3211529,
            9.9616224
          ],
          [
            76.3208323,
            9.9618859
          ],
          [
            76.3206009,
            9.9621987
          ],
          [
            76.3204221,
            9.9626027
          ],
          [
            76.3203379,
            9.9630038
          ],
          [
            76.3203315,
            9.9633021
          ],
          [
            76.3203512,
            9.9635507
          ],
          [
            76.3205288,
            9.9640969
          ],
          [
            76.3209208,
            9.9650646
          ],
          [
            76.3209865,
            9.9652777
          ],
          [
            76.321031,
            9.9655083
          ],
          [
            76.3210403,
            9.9658165
          ],
          [
            76.3210154,
            9.966096
          ],
          [
            76.3208827,
            9.9665351
          ],
          [
            76.3204985,
            9.9676101
          ],
          [
            76.3204473,
            9.9677637
          ],
          [
            76.3203325,
            9.9680692
          ],
          [
            76.3202597,
            9.9682149
          ],
          [
            76.3201821,
            9.9683467
          ],
          [
            76.3201117,
            9.9684511
          ],
          [
            76.3200239,
            9.9685384
          ],
          [
            76.3199353,
            9.9686184
          ],
          [
            76.3198367,
            9.9686838
          ],
          [
            76.3197389,
            9.9687352
          ],
          [
            76.3196444,
            9.9687765
          ],
          [
            76.3195206,
            9.9688134
          ],
          [
            76.3194023,
            9.9688317
          ],
          [
            76.3192159,
            9.9688459
          ],
          [
            76.3190281,
            9.9688336
          ],
          [
            76.3185353,
            9.9687403
          ],
          [
            76.3182204,
            9.9687054
          ],
          [
            76.3180202,
            9.9686975
          ],
          [
            76.3178044,
            9.9687071
          ],
          [
            76.3173808,
            9.9687347
          ],
          [
            76.3170448,
            9.9687653
          ],
          [
            76.3167935,
            9.9687794
          ],
          [
            76.3166809,
            9.9687741
          ],
          [
            76.3161324,
            9.9686908
          ],
          [
            76.3156401,
            9.968613
          ],
          [
            76.3151305,
            9.9685179
          ],
          [
            76.3144502,
            9.9683717
          ],
          [
            76.3139065,
            9.9682603
          ],
          [
            76.313413,
            9.9681497
          ],
          [
            76.3122418,
            9.9679006
          ],
          [
            76.3117671,
            9.9677887
          ],
          [
            76.3112038,
            9.9676804
          ],
          [
            76.3107103,
            9.9676038
          ],
          [
            76.310108,
            9.9675231
          ],
          [
            76.3096193,
            9.9674552
          ],
          [
            76.3091433,
            9.9673703
          ],
          [
            76.3087418,
            9.9672802
          ],
          [
            76.3084376,
            9.967179
          ],
          [
            76.3081736,
            9.9671135
          ],
          [
            76.3076096,
            9.9669989
          ],
          [
            76.3074072,
            9.9669751
          ],
          [
            76.3073513,
            9.9669761
          ],
          [
            76.3072764,
            9.9669933
          ],
          [
            76.3071655,
            9.9670199
          ],
          [
            76.3069869,
            9.9670804
          ],
          [
            76.306703,
            9.9672139
          ],
          [
            76.3060708,
            9.9674894
          ],
          [
            76.305704,
            9.9676372
          ],
          [
            76.305397,
            9.9677358
          ],
          [
            76.3052282,
            9.9677751
          ],
          [
            76.3050869,
            9.9678067
          ],
          [
            76.3049087,
            9.9678207
          ],
          [
            76.3044768,
            9.9678125
          ],
          [
            76.3035166,
            9.9677544
          ],
          [
            76.3027682,
            9.9677148
          ],
          [
            76.3020735,
            9.967654
          ],
          [
            76.301462,
            9.9676197
          ],
          [
            76.3008853,
            9.9675642
          ],
          [
            76.3005447,
            9.9674982
          ],
          [
            76.3004297,
            9.9674703
          ],
          [
            76.300255,
            9.9674136
          ],
          [
            76.2998232,
            9.9672445
          ],
          [
            76.299268,
            9.9670068
          ],
          [
            76.2988576,
            9.9668404
          ],
          [
            76.2984332,
            9.9666756
          ],
          [
            76.2982863,
            9.9666185
          ],
          [
            76.2981877,
            9.9665809
          ],
          [
            76.2978222,
            9.9664415
          ],
          [
            76.2974828,
            9.9663404
          ],
          [
            76.2971061,
            9.9662551
          ],
          [
            76.2967872,
            9.9661853
          ],
          [
            76.2964376,
            9.9661102
          ],
          [
            76.2960956,
            9.9660428
          ],
          [
            76.2953306,
            9.9659049
          ],
          [
            76.2948848,
            9.9658418
          ],
          [
            76.2944615,
            9.9657974
          ],
          [
            76.2940228,
            9.9657337
          ],
          [
            76.2934218,
            9.9656109
          ],
          [
            76.2931751,
            9.965562
          ],
          [
            76.2929256,
            9.9655409
          ],
          [
            76.2927047,
            9.9655637
          ],
          [
            76.2925456,
            9.9656127
          ],
          [
            76.2923878,
            9.9656797
          ],
          [
            76.2922694,
            9.9657556
          ],
          [
            76.2921193,
            9.9658633
          ],
          [
            76.2919893,
            9.9660081
          ],
          [
            76.2919242,
            9.9660911
          ],
          [
            76.2918391,
            9.9662111
          ],
          [
            76.2917738,
            9.9663581
          ],
          [
            76.2916423,
            9.9666645
          ],
          [
            76.2914705,
            9.9671455
          ],
          [
            76.291308,
            9.9676118
          ],
          [
            76.2912308,
            9.9678206
          ],
          [
            76.2911482,
            9.9680282
          ],
          [
            76.2910725,
            9.9681581
          ],
          [
            76.290973,
            9.9682873
          ],
          [
            76.2908976,
            9.9683638
          ],
          [
            76.2908267,
            9.9684228
          ],
          [
            76.2907532,
            9.9684785
          ],
          [
            76.2905935,
            9.9685711
          ],
          [
            76.2904765,
            9.9686151
          ],
          [
            76.2903874,
            9.968644
          ],
          [
            76.2903193,
            9.9686618
          ],
          [
            76.2902429,
            9.9686697
          ],
          [
            76.2901686,
            9.9686757
          ],
          [
            76.290094,
            9.9686797
          ],
          [
            76.2899714,
            9.9686762
          ],
          [
            76.2898431,
            9.9686641
          ],
          [
            76.2895585,
            9.9686409
          ],
          [
            76.289298,
            9.9686107
          ],
          [
            76.2891275,
            9.9685887
          ],
          [
            76.2890104,
            9.9685709
          ],
          [
            76.2888004,
            9.9685448
          ],
          [
            76.288602,
            9.9685311
          ],
          [
            76.2884719,
            9.9685294
          ],
          [
            76.288348,
            9.9685393
          ],
          [
            76.2881769,
            9.9685623
          ],
          [
            76.2880092,
            9.9685946
          ],
          [
            76.2878949,
            9.9686098
          ],
          [
            76.287767,
            9.9686204
          ],
          [
            76.287642,
            9.9686287
          ],
          [
            76.2875271,
            9.9686261
          ],
          [
            76.2870619,
            9.9686016
          ],
          [
            76.2868152,
            9.9686061
          ],
          [
            76.2866558,
            9.9686476
          ],
          [
            76.2864909,
            9.9687035
          ],
          [
            76.2863258,
            9.9687995
          ],
          [
            76.2862187,
            9.9688821
          ],
          [
            76.2860988,
            9.9690104
          ],
          [
            76.2860155,
            9.9691245
          ],
          [
            76.285951,
            9.9692389
          ],
          [
            76.2858555,
            9.9695067
          ],
          [
            76.28569,
            9.9699832
          ],
          [
            76.2856123,
            9.9702155
          ],
          [
            76.2855603,
            9.9704608
          ],
          [
            76.2852439,
            9.9725352
          ]
        ]
      },
      "id": "way/265569665"
    },
    {
      "type": "Feature",
      "properties": {
        "@id": "way/483016325",
        "bridge": "yes",
        "electrified": "rail",
        "frequency": "0",
        "gauge": "1435",
        "layer": "1",
        "name": "Kochi Metro Rail Phase II",
        "network": "Kochi Metro",
        "note": "Contributors are requested to not edit the \"network\" and the \"operator\" tags. (2023/11/08)",
        "operator": "Kochi Metro Rail Limited",
        "railway": "subway",
        "subway": "yes",
        "voltage": "750",
        "@relations": [
          {
            "role": "",
            "rel": 7834959,
            "reltags": {
              "colour": "#7FFFD4",
              "from": "Thrippunithura Terminal",
              "name": "Kochi Metro Phase I: Thrippunithura Terminal => Aluva",
              "network": "Kochi Metro",
              "network:wikidata": "Q3522910",
              "operator": "KMRL",
              "public_transport:version": "2",
              "ref": "I",
              "route": "subway",
              "to": "Aluva",
              "type": "route",
              "wikidata": "Q106775989"
            }
          }
        ]
      },
      "geometry": {
        "type": "LineString",
        "coordinates": [
          [
            76.351866,
            9.9507936
          ],
          [
            76.3512718,
            9.9519848
          ],
          [
            76.3505316,
            9.9534808
          ],
          [
            76.3498488,
            9.9549936
          ],
          [
            76.3496874,
            9.9553161
          ],
          [
            76.3496288,
            9.9554073
          ],
          [
            76.3495785,
            9.9554416
          ],
          [
            76.3495007,
            9.9554667
          ],
          [
            76.3494135,
            9.9554729
          ],
          [
            76.3493706,
            9.955476
          ],
          [
            76.3492379,
            9.955472
          ],
          [
            76.3491029,
            9.9554619
          ],
          [
            76.3489093,
            9.9554357
          ],
          [
            76.3485684,
            9.9553704
          ],
          [
            76.3482026,
            9.955276
          ],
          [
            76.3475391,
            9.9550476
          ],
          [
            76.3473166,
            9.9549745
          ],
          [
            76.3470591,
            9.9549035
          ],
          [
            76.3465653,
            9.9547881
          ]
        ]
      },
      "id": "way/483016325"
    },
    {
      "type": "Feature",
      "properties": {
        "@id": "way/485536975",
        "bridge": "yes",
        "electrified": "rail",
        "frequency": "0",
        "gauge": "1435",
        "layer": "1",
        "name": "Kochi Metro Rail Phase I Extension",
        "network": "Kochi Metro",
        "note": "Contributors are requested to not edit the \"network\" and the \"operator\" tags. (2023/11/08)",
        "operator": "Kochi Metro Rail Limited",
        "railway": "subway",
        "subway": "yes",
        "voltage": "750",
        "@relations": [
          {
            "role": "",
            "rel": 7834959,
            "reltags": {
              "colour": "#7FFFD4",
              "from": "Thrippunithura Terminal",
              "name": "Kochi Metro Phase I: Thrippunithura Terminal => Aluva",
              "network": "Kochi Metro",
              "network:wikidata": "Q3522910",
              "operator": "KMRL",
              "public_transport:version": "2",
              "ref": "I",
              "route": "subway",
              "to": "Aluva",
              "type": "route",
              "wikidata": "Q106775989"
            }
          }
        ]
      },
      "geometry": {
        "type": "LineString",
        "coordinates": [
          [
            76.3352732,
            9.9513769
          ],
          [
            76.3348248,
            9.9512256
          ],
          [
            76.3343135,
            9.9510237
          ],
          [
            76.3333093,
            9.9505915
          ],
          [
            76.3325435,
            9.9502269
          ],
          [
            76.3323541,
            9.9501902
          ],
          [
            76.3321626,
            9.9501838
          ],
          [
            76.3320417,
            9.9501887
          ],
          [
            76.3319118,
            9.9502221
          ],
          [
            76.3317454,
            9.9502739
          ],
          [
            76.3316098,
            9.9503447
          ],
          [
            76.3315086,
            9.9504058
          ]
        ]
      },
      "id": "way/485536975"
    },
    {
      "type": "Feature",
      "properties": {
        "@id": "way/499054965",
        "bridge": "viaduct",
        "electrified": "rail",
        "frequency": "0",
        "gauge": "1435",
        "layer": "2",
        "name": "Kochi Metro Rail",
        "network": "Kochi Metro",
        "note": "Contributors are requested to not edit the \"network\" and the \"operator\" tags. (2023/11/08)",
        "operator": "Kochi Metro Rail Limited",
        "railway": "subway",
        "service": "spur",
        "subway": "yes",
        "voltage": "750",
        "wikipedia": "en:Kochi Metro"
      },
      "geometry": {
        "type": "LineString",
        "coordinates": [
          [
            76.3340132,
            10.0729231
          ],
          [
            76.3341489,
            10.0731031
          ],
          [
            76.334623,
            10.0737468
          ],
          [
            76.3347444,
            10.0738683
          ],
          [
            76.3348881,
            10.0739993
          ],
          [
            76.3350773,
            10.0741563
          ],
          [
            76.3352561,
            10.074301
          ],
          [
            76.3354535,
            10.0744491
          ],
          [
            76.3355787,
            10.0745284
          ],
          [
            76.3357233,
            10.0745955
          ],
          [
            76.3358603,
            10.0746365
          ],
          [
            76.3360138,
            10.0746568
          ],
          [
            76.3361418,
            10.0746602
          ],
          [
            76.336255,
            10.0746536
          ],
          [
            76.3363992,
            10.0746404
          ],
          [
            76.3365347,
            10.0746296
          ],
          [
            76.336621,
            10.0746316
          ],
          [
            76.3367256,
            10.0746341
          ],
          [
            76.3368325,
            10.0746474
          ],
          [
            76.3369261,
            10.0746675
          ],
          [
            76.3370313,
            10.074694
          ],
          [
            76.3371333,
            10.07473
          ],
          [
            76.3372592,
            10.0747861
          ],
          [
            76.3373976,
            10.0748639
          ],
          [
            76.3375215,
            10.0749538
          ],
          [
            76.3376448,
            10.0750444
          ],
          [
            76.3382294,
            10.0754621
          ]
        ]
      },
      "id": "way/499054965"
    },
    {
      "type": "Feature",
      "properties": {
        "@id": "way/499054966",
        "bridge": "yes",
        "electrified": "rail",
        "frequency": "0",
        "gauge": "1435",
        "layer": "2",
        "name": "Kochi Metro Rail",
        "network": "Kochi Metro",
        "note": "Contributors are requested to not edit the \"network\" and the \"operator\" tags. (2023/11/08)",
        "operator": "Kochi Metro Rail Limited",
        "railway": "subway",
        "subway": "yes",
        "voltage": "750",
        "@relations": [
          {
            "role": "",
            "rel": 7752157,
            "reltags": {
              "colour": "#7FFFD4",
              "from": "Aluva",
              "name": "Kochi Metro Phase I: Aluva => Thrippunithura Terminal",
              "network": "Kochi Metro",
              "network:wikidata": "Q3522910",
              "operator": "KMRL",
              "public_transport:version": "2",
              "ref": "I",
              "route": "subway",
              "to": "Thrippunithura Terminal",
              "type": "route",
              "wikidata": "Q106775989"
            }
          }
        ]
      },
      "geometry": {
        "type": "LineString",
        "coordinates": [
          [
            76.2883601,
            9.9913775
          ],
          [
            76.2877764,
            9.990939
          ],
          [
            76.2876331,
            9.9908141
          ],
          [
            76.2874934,
            9.9906591
          ],
          [
            76.2872931,
            9.9904099
          ],
          [
            76.2871086,
            9.9901546
          ],
          [
            76.2868109,
            9.989733
          ],
          [
            76.2866233,
            9.9894453
          ],
          [
            76.286466,
            9.9892001
          ],
          [
            76.286336,
            9.988971
          ],
          [
            76.2862281,
            9.9887743
          ],
          [
            76.2861012,
            9.9885691
          ],
          [
            76.2859296,
            9.9883084
          ],
          [
            76.2858029,
            9.9881487
          ],
          [
            76.2856739,
            9.9879865
          ],
          [
            76.2854156,
            9.9876832
          ],
          [
            76.2852081,
            9.9874641
          ],
          [
            76.2847548,
            9.9871076
          ],
          [
            76.2844644,
            9.986893
          ],
          [
            76.2843233,
            9.9868065
          ],
          [
            76.2840161,
            9.9866512
          ],
          [
            76.2835607,
            9.9864486
          ],
          [
            76.2833576,
            9.9863664
          ],
          [
            76.2829162,
            9.986211
          ],
          [
            76.2827589,
            9.9861498
          ],
          [
            76.2826431,
            9.986089
          ],
          [
            76.2824728,
            9.9859612
          ],
          [
            76.2823202,
            9.9858061
          ],
          [
            76.2822217,
            9.9856698
          ],
          [
            76.2821464,
            9.9855377
          ],
          [
            76.2820772,
            9.9853708
          ],
          [
            76.2820251,
            9.9852052
          ],
          [
            76.2819847,
            9.9850172
          ],
          [
            76.281981,
            9.9847951
          ],
          [
            76.2819965,
            9.9846118
          ],
          [
            76.2820325,
            9.9844407
          ],
          [
            76.2821393,
            9.9841082
          ],
          [
            76.282368,
            9.9834512
          ]
        ]
      },
      "id": "way/499054966"
    },
    {
      "type": "Feature",
      "properties": {
        "@id": "way/548268961",
        "bridge": "yes",
        "electrified": "rail",
        "frequency": "0",
        "gauge": "1435",
        "layer": "1",
        "name": "Kochi Metro Rail",
        "network": "Kochi Metro",
        "note": "Contributors are requested to not edit the \"network\" and the \"operator\" tags. (2023/11/08)",
        "operator": "Kochi Metro Rail Limited",
        "railway": "subway",
        "subway": "yes",
        "voltage": "750",
        "@relations": [
          {
            "role": "",
            "rel": 7752157,
            "reltags": {
              "colour": "#7FFFD4",
              "from": "Aluva",
              "name": "Kochi Metro Phase I: Aluva => Thrippunithura Terminal",
              "network": "Kochi Metro",
              "network:wikidata": "Q3522910",
              "operator": "KMRL",
              "public_transport:version": "2",
              "ref": "I",
              "route": "subway",
              "to": "Thrippunithura Terminal",
              "type": "route",
              "wikidata": "Q106775989"
            }
          }
        ]
      },
      "geometry": {
        "type": "LineString",
        "coordinates": [
          [
            76.2851062,
            9.973278
          ],
          [
            76.2849035,
            9.9740975
          ],
          [
            76.2848199,
            9.9744208
          ],
          [
            76.2847542,
            9.974712
          ],
          [
            76.2846239,
            9.9752569
          ],
          [
            76.2845011,
            9.9757348
          ],
          [
            76.2843714,
            9.9761999
          ],
          [
            76.2842313,
            9.9766576
          ],
          [
            76.2840888,
            9.9771224
          ],
          [
            76.2839959,
            9.9774189
          ],
          [
            76.2838735,
            9.9777252
          ],
          [
            76.2836618,
            9.9783692
          ],
          [
            76.2835302,
            9.9787395
          ],
          [
            76.2834171,
            9.9791191
          ],
          [
            76.2833423,
            9.9794241
          ],
          [
            76.2832646,
            9.9797426
          ],
          [
            76.2831785,
            9.9801953
          ],
          [
            76.2831116,
            9.9806612
          ],
          [
            76.2830749,
            9.9809273
          ],
          [
            76.2830426,
            9.9811897
          ],
          [
            76.2829861,
            9.981522
          ],
          [
            76.2828986,
            9.9818742
          ]
        ]
      },
      "id": "way/548268961"
    },
    {
      "type": "Feature",
      "properties": {
        "@id": "way/548696479",
        "bridge": "yes",
        "electrified": "rail",
        "frequency": "0",
        "gauge": "1435",
        "layer": "2",
        "name": "Kochi Metro Rail",
        "network": "Kochi Metro",
        "note": "Contributors are requested to not edit the \"network\" and the \"operator\" tags. (2023/11/08)",
        "operator": "Kochi Metro Rail Limited",
        "railway": "subway",
        "subway": "yes",
        "voltage": "750",
        "@relations": [
          {
            "role": "",
            "rel": 7752157,
            "reltags": {
              "colour": "#7FFFD4",
              "from": "Aluva",
              "name": "Kochi Metro Phase I: Aluva => Thrippunithura Terminal",
              "network": "Kochi Metro",
              "network:wikidata": "Q3522910",
              "operator": "KMRL",
              "public_transport:version": "2",
              "ref": "I",
              "route": "subway",
              "to": "Thrippunithura Terminal",
              "type": "route",
              "wikidata": "Q106775989"
            }
          }
        ]
      },
      "geometry": {
        "type": "LineString",
        "coordinates": [
          [
            76.282368,
            9.9834512
          ],
          [
            76.2826286,
            9.9826703
          ],
          [
            76.2827793,
            9.9822331
          ],
          [
            76.2828986,
            9.9818742
          ]
        ]
      },
      "id": "way/548696479"
    },
    {
      "type": "Feature",
      "properties": {
        "@id": "way/548696480",
        "bridge": "yes",
        "electrified": "rail",
        "frequency": "0",
        "gauge": "1435",
        "layer": "2",
        "name": "Kochi Metro Rail",
        "network": "Kochi Metro",
        "note": "Contributors are requested to not edit the \"network\" and the \"operator\" tags. (2023/11/08)",
        "operator": "Kochi Metro Rail Limited",
        "railway": "subway",
        "subway": "yes",
        "voltage": "750",
        "@relations": [
          {
            "role": "",
            "rel": 7752157,
            "reltags": {
              "colour": "#7FFFD4",
              "from": "Aluva",
              "name": "Kochi Metro Phase I: Aluva => Thrippunithura Terminal",
              "network": "Kochi Metro",
              "network:wikidata": "Q3522910",
              "operator": "KMRL",
              "public_transport:version": "2",
              "ref": "I",
              "route": "subway",
              "to": "Thrippunithura Terminal",
              "type": "route",
              "wikidata": "Q106775989"
            }
          }
        ]
      },
      "geometry": {
        "type": "LineString",
        "coordinates": [
          [
            76.2915099,
            9.9943621
          ],
          [
            76.2909618,
            9.9937882
          ],
          [
            76.2906659,
            9.9934703
          ],
          [
            76.2901743,
            9.9929321
          ],
          [
            76.2898456,
            9.9926165
          ],
          [
            76.2895195,
            9.9923193
          ],
          [
            76.2892037,
            9.9920845
          ],
          [
            76.2886372,
            9.9916073
          ],
          [
            76.2883601,
            9.9913775
          ]
        ]
      },
      "id": "way/548696480"
    },
    {
      "type": "Feature",
      "properties": {
        "@id": "way/548696481",
        "bridge": "yes",
        "electrified": "rail",
        "frequency": "0",
        "gauge": "1435",
        "layer": "2",
        "name": "Kochi Metro Rail",
        "network": "Kochi Metro",
        "note": "Contributors are requested to not edit the \"network\" and the \"operator\" tags. (2023/11/08)",
        "operator": "Kochi Metro Rail Limited",
        "railway": "subway",
        "subway": "yes",
        "voltage": "750",
        "@relations": [
          {
            "role": "",
            "rel": 7752157,
            "reltags": {
              "colour": "#7FFFD4",
              "from": "Aluva",
              "name": "Kochi Metro Phase I: Aluva => Thrippunithura Terminal",
              "network": "Kochi Metro",
              "network:wikidata": "Q3522910",
              "operator": "KMRL",
              "public_transport:version": "2",
              "ref": "I",
              "route": "subway",
              "to": "Thrippunithura Terminal",
              "type": "route",
              "wikidata": "Q106775989"
            }
          }
        ]
      },
      "geometry": {
        "type": "LineString",
        "coordinates": [
          [
            76.3048233,
            10.0064248
          ],
          [
            76.3049233,
            10.0061149
          ],
          [
            76.3050408,
            10.0057667
          ],
          [
            76.3051092,
            10.0054892
          ],
          [
            76.3051537,
            10.0052489
          ],
          [
            76.3051824,
            10.0050482
          ],
          [
            76.3051826,
            10.0047745
          ],
          [
            76.3051464,
            10.0045292
          ],
          [
            76.3050664,
            10.0042046
          ],
          [
            76.3049682,
            10.0039325
          ],
          [
            76.3048717,
            10.0036682
          ],
          [
            76.3047239,
            10.0033221
          ],
          [
            76.3045427,
            10.0030075
          ],
          [
            76.3043489,
            10.0027303
          ],
          [
            76.3041402,
            10.0025005
          ],
          [
            76.3038245,
            10.0021735
          ],
          [
            76.3037029,
            10.0020669
          ],
          [
            76.3035735,
            10.0019648
          ],
          [
            76.3033806,
            10.0018328
          ],
          [
            76.3032431,
            10.0017606
          ],
          [
            76.3030107,
            10.001682
          ],
          [
            76.3027298,
            10.0015871
          ],
          [
            76.3024242,
            10.0015108
          ],
          [
            76.3012276,
            10.0012734
          ],
          [
            76.3006233,
            10.0011535
          ],
          [
            76.300329,
            10.0010641
          ],
          [
            76.3001924,
            10.0010086
          ],
          [
            76.2999956,
            10.0009135
          ],
          [
            76.2992551,
            10.0004573
          ]
        ]
      },
      "id": "way/548696481"
    },
    {
      "type": "Feature",
      "properties": {
        "@id": "way/548696482",
        "bridge": "viaduct",
        "electrified": "rail",
        "frequency": "0",
        "gauge": "1435",
        "layer": "2",
        "name": "Kochi Metro Rail",
        "network": "Kochi Metro",
        "note": "Contributors are requested to not edit the \"network\" and the \"operator\" tags. (2023/11/08)",
        "operator": "Kochi Metro Rail Limited",
        "railway": "subway",
        "subway": "yes",
        "voltage": "750",
        "@relations": [
          {
            "role": "",
            "rel": 7752157,
            "reltags": {
              "colour": "#7FFFD4",
              "from": "Aluva",
              "name": "Kochi Metro Phase I: Aluva => Thrippunithura Terminal",
              "network": "Kochi Metro",
              "network:wikidata": "Q3522910",
              "operator": "KMRL",
              "public_transport:version": "2",
              "ref": "I",
              "route": "subway",
              "to": "Thrippunithura Terminal",
              "type": "route",
              "wikidata": "Q106775989"
            }
          }
        ]
      },
      "geometry": {
        "type": "LineString",
        "coordinates": [
          [
            76.3023736,
            10.01519
          ],
          [
            76.3023408,
            10.014738
          ],
          [
            76.3023212,
            10.0144582
          ],
          [
            76.3023281,
            10.0142516
          ],
          [
            76.3023787,
            10.0140098
          ],
          [
            76.3025827,
            10.0132682
          ],
          [
            76.3027941,
            10.0125229
          ],
          [
            76.3030417,
            10.0116781
          ],
          [
            76.3033443,
            10.0106369
          ],
          [
            76.3036844,
            10.0096217
          ],
          [
            76.3039284,
            10.0089282
          ],
          [
            76.3041773,
            10.0082203
          ],
          [
            76.3044148,
            10.0075629
          ],
          [
            76.3046458,
            10.0069299
          ],
          [
            76.3048233,
            10.0064248
          ]
        ]
      },
      "id": "way/548696482"
    },
    {
      "type": "Feature",
      "properties": {
        "@id": "way/548696483",
        "bridge": "yes",
        "electrified": "rail",
        "frequency": "0",
        "gauge": "1435",
        "layer": "2",
        "name": "Kochi Metro Rail",
        "network": "Kochi Metro",
        "note": "Contributors are requested to not edit the \"network\" and the \"operator\" tags. (2023/11/08)",
        "operator": "Kochi Metro Rail Limited",
        "railway": "subway",
        "subway": "yes",
        "voltage": "750",
        "@relations": [
          {
            "role": "",
            "rel": 7752157,
            "reltags": {
              "colour": "#7FFFD4",
              "from": "Aluva",
              "name": "Kochi Metro Phase I: Aluva => Thrippunithura Terminal",
              "network": "Kochi Metro",
              "network:wikidata": "Q3522910",
              "operator": "KMRL",
              "public_transport:version": "2",
              "ref": "I",
              "route": "subway",
              "to": "Thrippunithura Terminal",
              "type": "route",
              "wikidata": "Q106775989"
            }
          }
        ]
      },
      "geometry": {
        "type": "LineString",
        "coordinates": [
          [
            76.308502,
            10.0253065
          ],
          [
            76.3077673,
            10.0240632
          ],
          [
            76.3075038,
            10.0236354
          ],
          [
            76.3072552,
            10.02321
          ],
          [
            76.3068868,
            10.0226014
          ],
          [
            76.3061756,
            10.0213752
          ],
          [
            76.3059909,
            10.0210472
          ],
          [
            76.3058109,
            10.0207264
          ],
          [
            76.3055151,
            10.020241
          ],
          [
            76.3052154,
            10.019753
          ],
          [
            76.3049069,
            10.0192867
          ],
          [
            76.3047247,
            10.019061
          ],
          [
            76.3045313,
            10.0188499
          ],
          [
            76.3040936,
            10.0184308
          ],
          [
            76.3037247,
            10.0180984
          ],
          [
            76.3035654,
            10.0179348
          ],
          [
            76.3033805,
            10.0177214
          ],
          [
            76.3031987,
            10.017497
          ],
          [
            76.302984,
            10.0171894
          ],
          [
            76.3029289,
            10.0171083
          ],
          [
            76.3027441,
            10.016839
          ],
          [
            76.3025878,
            10.0165952
          ],
          [
            76.3025088,
            10.016425
          ],
          [
            76.3024591,
            10.0163142
          ],
          [
            76.3024305,
            10.0161766
          ],
          [
            76.3024138,
            10.0159485
          ],
          [
            76.3024043,
            10.0156707
          ],
          [
            76.3023736,
            10.01519
          ]
        ]
      },
      "id": "way/548696483"
    },
    {
      "type": "Feature",
      "properties": {
        "@id": "way/548696484",
        "bridge": "yes",
        "covered": "yes",
        "electrified": "rail",
        "frequency": "0",
        "gauge": "1435",
        "layer": "2",
        "name": "Kochi Metro Rail",
        "network": "Kochi Metro",
        "note": "Contributors are requested to not edit the \"network\" and the \"operator\" tags. (2023/11/08)",
        "operator": "Kochi Metro Rail Limited",
        "railway": "subway",
        "subway": "yes",
        "voltage": "750",
        "@relations": [
          {
            "role": "",
            "rel": 7752157,
            "reltags": {
              "colour": "#7FFFD4",
              "from": "Aluva",
              "name": "Kochi Metro Phase I: Aluva => Thrippunithura Terminal",
              "network": "Kochi Metro",
              "network:wikidata": "Q3522910",
              "operator": "KMRL",
              "public_transport:version": "2",
              "ref": "I",
              "route": "subway",
              "to": "Thrippunithura Terminal",
              "type": "route",
              "wikidata": "Q106775989"
            }
          }
        ]
      },
      "geometry": {
        "type": "LineString",
        "coordinates": [
          [
            76.318272,
            10.0467002
          ],
          [
            76.3177901,
            10.0452673
          ],
          [
            76.3173101,
            10.0437598
          ],
          [
            76.3167356,
            10.0418894
          ],
          [
            76.3164754,
            10.0410336
          ],
          [
            76.3162099,
            10.0402836
          ],
          [
            76.3159041,
            10.0395704
          ],
          [
            76.3154872,
            10.0385637
          ],
          [
            76.315239,
            10.037991
          ],
          [
            76.3148569,
            10.0371482
          ],
          [
            76.3145828,
            10.0365437
          ],
          [
            76.3144374,
            10.0362121
          ],
          [
            76.3142567,
            10.0358072
          ],
          [
            76.3139888,
            10.0351915
          ],
          [
            76.3138482,
            10.0348942
          ],
          [
            76.3134921,
            10.0340773
          ],
          [
            76.3133529,
            10.0337802
          ],
          [
            76.3131613,
            10.0334196
          ],
          [
            76.3130539,
            10.0332138
          ],
          [
            76.3128104,
            10.0327868
          ],
          [
            76.3124956,
            10.0322617
          ],
          [
            76.3117312,
            10.0309942
          ],
          [
            76.31078,
            10.029335
          ],
          [
            76.3103885,
            10.0286209
          ],
          [
            76.3099643,
            10.0279258
          ],
          [
            76.3092339,
            10.0266242
          ],
          [
            76.308502,
            10.0253065
          ]
        ]
      },
      "id": "way/548696484"
    },
    {
      "type": "Feature",
      "properties": {
        "@id": "way/548696486",
        "bridge": "yes",
        "electrified": "rail",
        "frequency": "0",
        "gauge": "1435",
        "layer": "2",
        "name": "Kochi Metro Rail",
        "network": "Kochi Metro",
        "note": "Contributors are requested to not edit the \"network\" and the \"operator\" tags. (2023/11/08)",
        "operator": "Kochi Metro Rail Limited",
        "railway": "subway",
        "subway": "yes",
        "voltage": "750",
        "@relations": [
          {
            "role": "",
            "rel": 7752157,
            "reltags": {
              "colour": "#7FFFD4",
              "from": "Aluva",
              "name": "Kochi Metro Phase I: Aluva => Thrippunithura Terminal",
              "network": "Kochi Metro",
              "network:wikidata": "Q3522910",
              "operator": "KMRL",
              "public_transport:version": "2",
              "ref": "I",
              "route": "subway",
              "to": "Thrippunithura Terminal",
              "type": "route",
              "wikidata": "Q106775989"
            }
          }
        ]
      },
      "geometry": {
        "type": "LineString",
        "coordinates": [
          [
            76.321962,
            10.0585856
          ],
          [
            76.3218607,
            10.0582627
          ],
          [
            76.3216174,
            10.0574927
          ],
          [
            76.3215433,
            10.0572375
          ],
          [
            76.3214997,
            10.0569535
          ],
          [
            76.3214531,
            10.0566184
          ],
          [
            76.3213831,
            10.0561202
          ],
          [
            76.3213295,
            10.0557747
          ],
          [
            76.321253,
            10.0554525
          ],
          [
            76.3211606,
            10.0551481
          ],
          [
            76.3210149,
            10.0547959
          ],
          [
            76.3208772,
            10.0544806
          ],
          [
            76.3206717,
            10.054033
          ],
          [
            76.3205043,
            10.0536796
          ],
          [
            76.3202773,
            10.0531015
          ],
          [
            76.3200977,
            10.0526323
          ],
          [
            76.3198313,
            10.051904
          ],
          [
            76.3195439,
            10.0511199
          ],
          [
            76.3192274,
            10.0500926
          ],
          [
            76.3188653,
            10.0487509
          ],
          [
            76.3184692,
            10.047338
          ],
          [
            76.318272,
            10.0467002
          ]
        ]
      },
      "id": "way/548696486"
    },
    {
      "type": "Feature",
      "properties": {
        "@id": "way/548696487",
        "bridge": "viaduct",
        "electrified": "rail",
        "frequency": "0",
        "gauge": "1435",
        "layer": "2",
        "name": "Kochi Metro Rail",
        "network": "Kochi Metro",
        "note": "Contributors are requested to not edit the \"network\" and the \"operator\" tags. (2023/11/08)",
        "operator": "Kochi Metro Rail Limited",
        "railway": "subway",
        "subway": "yes",
        "voltage": "750",
        "@relations": [
          {
            "role": "",
            "rel": 7752157,
            "reltags": {
              "colour": "#7FFFD4",
              "from": "Aluva",
              "name": "Kochi Metro Phase I: Aluva => Thrippunithura Terminal",
              "network": "Kochi Metro",
              "network:wikidata": "Q3522910",
              "operator": "KMRL",
              "public_transport:version": "2",
              "ref": "I",
              "route": "subway",
              "to": "Thrippunithura Terminal",
              "type": "route",
              "wikidata": "Q106775989"
            }
          }
        ]
      },
      "geometry": {
        "type": "LineString",
        "coordinates": [
          [
            76.3336862,
            10.0727379
          ],
          [
            76.3334265,
            10.0724067
          ],
          [
            76.3329141,
            10.0717524
          ],
          [
            76.3326891,
            10.0714939
          ],
          [
            76.3324918,
            10.0712869
          ],
          [
            76.3323392,
            10.0711388
          ],
          [
            76.3318333,
            10.0706416
          ],
          [
            76.3316378,
            10.0704555
          ],
          [
            76.3309931,
            10.0698304
          ],
          [
            76.3300607,
            10.0689367
          ],
          [
            76.3298211,
            10.0687009
          ],
          [
            76.3295526,
            10.0683996
          ],
          [
            76.329293,
            10.0680593
          ],
          [
            76.3290118,
            10.0677119
          ],
          [
            76.3288128,
            10.0674421
          ],
          [
            76.328612,
            10.0671209
          ],
          [
            76.3282772,
            10.0665172
          ],
          [
            76.3280918,
            10.0661763
          ],
          [
            76.3279317,
            10.0658923
          ],
          [
            76.3276775,
            10.0654727
          ],
          [
            76.327454,
            10.0650708
          ],
          [
            76.3270976,
            10.0644885
          ],
          [
            76.3269365,
            10.0642598
          ],
          [
            76.3267501,
            10.0640418
          ],
          [
            76.3264353,
            10.0637074
          ],
          [
            76.3262142,
            10.0634955
          ],
          [
            76.3258713,
            10.0631893
          ],
          [
            76.3255524,
            10.0629445
          ],
          [
            76.3250865,
            10.0626199
          ],
          [
            76.324671,
            10.0623716
          ],
          [
            76.3242005,
            10.0620726
          ],
          [
            76.3238548,
            10.061827
          ],
          [
            76.3236002,
            10.0616236
          ],
          [
            76.3233401,
            10.0613688
          ],
          [
            76.3231084,
            10.0611073
          ],
          [
            76.3228816,
            10.0608068
          ],
          [
            76.3227186,
            10.0605555
          ],
          [
            76.3225721,
            10.0602689
          ],
          [
            76.3224227,
            10.0599529
          ],
          [
            76.3223162,
            10.0596789
          ],
          [
            76.3221083,
            10.0590351
          ],
          [
            76.321962,
            10.0585856
          ]
        ]
      },
      "id": "way/548696487"
    },
    {
      "type": "Feature",
      "properties": {
        "@id": "way/548696488",
        "bridge": "yes",
        "electrified": "rail",
        "frequency": "0",
        "gauge": "1435",
        "layer": "2",
        "name": "Kochi Metro Rail",
        "network": "Kochi Metro",
        "note": "Contributors are requested to not edit the \"network\" and the \"operator\" tags. (2023/11/08)",
        "operator": "Kochi Metro Rail Limited",
        "railway": "subway",
        "subway": "yes",
        "voltage": "750",
        "@relations": [
          {
            "role": "",
            "rel": 7752157,
            "reltags": {
              "colour": "#7FFFD4",
              "from": "Aluva",
              "name": "Kochi Metro Phase I: Aluva => Thrippunithura Terminal",
              "network": "Kochi Metro",
              "network:wikidata": "Q3522910",
              "operator": "KMRL",
              "public_transport:version": "2",
              "ref": "I",
              "route": "subway",
              "to": "Thrippunithura Terminal",
              "type": "route",
              "wikidata": "Q106775989"
            }
          }
        ]
      },
      "geometry": {
        "type": "LineString",
        "coordinates": [
          [
            76.3388572,
            10.079233
          ],
          [
            76.3383844,
            10.0779785
          ],
          [
            76.3382452,
            10.0776651
          ],
          [
            76.3380847,
            10.0773681
          ],
          [
            76.3379714,
            10.0771955
          ],
          [
            76.3378551,
            10.0770378
          ],
          [
            76.3376877,
            10.0768249
          ],
          [
            76.3375082,
            10.076615
          ],
          [
            76.337188,
            10.0762865
          ],
          [
            76.3368208,
            10.0759345
          ],
          [
            76.3361024,
            10.0752572
          ],
          [
            76.3355166,
            10.0746995
          ],
          [
            76.3349908,
            10.0741974
          ],
          [
            76.3348736,
            10.0740904
          ],
          [
            76.3346306,
            10.0738487
          ],
          [
            76.3345271,
            10.073737
          ],
          [
            76.3340274,
            10.0731677
          ],
          [
            76.3339147,
            10.0730272
          ],
          [
            76.3336862,
            10.0727379
          ]
        ]
      },
      "id": "way/548696488"
    },
    {
      "type": "Feature",
      "properties": {
        "@id": "way/548696489",
        "bridge": "yes",
        "electrified": "rail",
        "frequency": "0",
        "gauge": "1435",
        "layer": "2",
        "name": "Kochi Metro Rail",
        "network": "Kochi Metro",
        "note": "Contributors are requested to not edit the \"network\" and the \"operator\" tags. (2023/11/08)",
        "operator": "Kochi Metro Rail Limited",
        "railway": "subway",
        "subway": "yes",
        "voltage": "750",
        "@relations": [
          {
            "role": "",
            "rel": 7752157,
            "reltags": {
              "colour": "#7FFFD4",
              "from": "Aluva",
              "name": "Kochi Metro Phase I: Aluva => Thrippunithura Terminal",
              "network": "Kochi Metro",
              "network:wikidata": "Q3522910",
              "operator": "KMRL",
              "public_transport:version": "2",
              "ref": "I",
              "route": "subway",
              "to": "Thrippunithura Terminal",
              "type": "route",
              "wikidata": "Q106775989"
            }
          }
        ]
      },
      "geometry": {
        "type": "LineString",
        "coordinates": [
          [
            76.3427855,
            10.0872796
          ],
          [
            76.3423018,
            10.0864639
          ],
          [
            76.3419136,
            10.0857734
          ],
          [
            76.3415134,
            10.0850854
          ],
          [
            76.3412657,
            10.0846315
          ],
          [
            76.3410513,
            10.0842223
          ],
          [
            76.3406408,
            10.0834547
          ],
          [
            76.3403843,
            10.0829646
          ],
          [
            76.340135,
            10.0824478
          ],
          [
            76.3398063,
            10.0817555
          ],
          [
            76.3395648,
            10.0811672
          ],
          [
            76.3393765,
            10.0806818
          ],
          [
            76.3391883,
            10.080162
          ],
          [
            76.3388572,
            10.079233
          ]
        ]
      },
      "id": "way/548696489"
    },
    {
      "type": "Feature",
      "properties": {
        "@id": "way/548696490",
        "bridge": "yes",
        "electrified": "rail",
        "frequency": "0",
        "gauge": "1435",
        "layer": "2",
        "name": "Kochi Metro Rail",
        "network": "Kochi Metro",
        "note": "Contributors are requested to not edit the \"network\" and the \"operator\" tags. (2023/11/08)",
        "operator": "Kochi Metro Rail Limited",
        "railway": "subway",
        "subway": "yes",
        "voltage": "750",
        "@relations": [
          {
            "role": "",
            "rel": 7752157,
            "reltags": {
              "colour": "#7FFFD4",
              "from": "Aluva",
              "name": "Kochi Metro Phase I: Aluva => Thrippunithura Terminal",
              "network": "Kochi Metro",
              "network:wikidata": "Q3522910",
              "operator": "KMRL",
              "public_transport:version": "2",
              "ref": "I",
              "route": "subway",
              "to": "Thrippunithura Terminal",
              "type": "route",
              "wikidata": "Q106775989"
            }
          }
        ]
      },
      "geometry": {
        "type": "LineString",
        "coordinates": [
          [
            76.346579,
            10.0950337
          ],
          [
            76.3465279,
            10.0948016
          ],
          [
            76.346413,
            10.0943116
          ],
          [
            76.3462766,
            10.0938376
          ],
          [
            76.3460844,
            10.0932225
          ],
          [
            76.3457515,
            10.0924291
          ],
          [
            76.3456366,
            10.0921803
          ],
          [
            76.3454936,
            10.0919012
          ],
          [
            76.3450813,
            10.0911662
          ],
          [
            76.34466,
            10.0904524
          ],
          [
            76.3442588,
            10.0897503
          ],
          [
            76.3436991,
            10.0888283
          ],
          [
            76.3427855,
            10.0872796
          ]
        ]
      },
      "id": "way/548696490"
    },
    {
      "type": "Feature",
      "properties": {
        "@id": "way/548696491",
        "bridge": "yes",
        "electrified": "rail",
        "frequency": "0",
        "gauge": "1435",
        "layer": "2",
        "name": "Kochi Metro Rail",
        "network": "Kochi Metro",
        "note": "Contributors are requested to not edit the \"network\" and the \"operator\" tags. (2023/11/08)",
        "operator": "Kochi Metro Rail Limited",
        "railway": "subway",
        "subway": "yes",
        "voltage": "750",
        "@relations": [
          {
            "role": "",
            "rel": 7752157,
            "reltags": {
              "colour": "#7FFFD4",
              "from": "Aluva",
              "name": "Kochi Metro Phase I: Aluva => Thrippunithura Terminal",
              "network": "Kochi Metro",
              "network:wikidata": "Q3522910",
              "operator": "KMRL",
              "public_transport:version": "2",
              "ref": "I",
              "route": "subway",
              "to": "Thrippunithura Terminal",
              "type": "route",
              "wikidata": "Q106775989"
            }
          }
        ]
      },
      "geometry": {
        "type": "LineString",
        "coordinates": [
          [
            76.3493897,
            10.1102298
          ],
          [
            76.3494894,
            10.1099438
          ],
          [
            76.3495674,
            10.109665
          ],
          [
            76.3496802,
            10.1092802
          ],
          [
            76.3498162,
            10.1086697
          ],
          [
            76.3499162,
            10.1081319
          ],
          [
            76.3499689,
            10.1078359
          ],
          [
            76.3500026,
            10.1076465
          ],
          [
            76.3500853,
            10.1071681
          ],
          [
            76.3501233,
            10.1068398
          ],
          [
            76.3501576,
            10.1065079
          ],
          [
            76.3501729,
            10.1061038
          ],
          [
            76.3501593,
            10.1057104
          ],
          [
            76.3501527,
            10.1054266
          ],
          [
            76.3501316,
            10.1051464
          ],
          [
            76.3500973,
            10.1048513
          ],
          [
            76.3500359,
            10.1045047
          ],
          [
            76.3499312,
            10.1039861
          ],
          [
            76.3498097,
            10.1035368
          ],
          [
            76.349663,
            10.1031052
          ],
          [
            76.3495007,
            10.1027019
          ],
          [
            76.3493275,
            10.1023057
          ],
          [
            76.3491485,
            10.1019616
          ],
          [
            76.3489604,
            10.101614
          ],
          [
            76.348323,
            10.1006667
          ],
          [
            76.3480021,
            10.1001464
          ],
          [
            76.3476752,
            10.0995886
          ],
          [
            76.3473555,
            10.0990024
          ],
          [
            76.3472126,
            10.0986924
          ],
          [
            76.3470805,
            10.098354
          ],
          [
            76.3468973,
            10.0976721
          ],
          [
            76.3468418,
            10.0973814
          ],
          [
            76.3467882,
            10.0970233
          ],
          [
            76.3467265,
            10.0964222
          ],
          [
            76.346672,
            10.0958364
          ],
          [
            76.3466121,
            10.0952631
          ],
          [
            76.346579,
            10.0950337
          ]
        ]
      },
      "id": "way/548696491"
    },
    {
      "type": "Feature",
      "properties": {
        "@id": "way/640271300",
        "bridge": "viaduct",
        "electrified": "rail",
        "frequency": "0",
        "gauge": "1435",
        "layer": "2",
        "network": "Kochi Metro",
        "note": "Contributors are requested to not edit the \"network\" and the \"operator\" tags. (2023/11/08)",
        "operator": "Kochi Metro Rail Limited",
        "railway": "subway",
        "service": "yard",
        "subway": "yes",
        "voltage": "750"
      },
      "geometry": {
        "type": "LineString",
        "coordinates": [
          [
            76.3322876,
            10.071023
          ],
          [
            76.3318655,
            10.0706066
          ]
        ]
      },
      "id": "way/640271300"
    },
    {
      "type": "Feature",
      "properties": {
        "@id": "way/640271301",
        "bridge": "yes",
        "electrified": "rail",
        "frequency": "0",
        "gauge": "1435",
        "layer": "2",
        "name": "Kochi Metro Rail",
        "network": "Kochi Metro",
        "note": "Contributors are requested to not edit the \"network\" and the \"operator\" tags. (2023/11/08)",
        "operator": "Kochi Metro Rail Limited",
        "railway": "subway",
        "subway": "yes",
        "voltage": "750",
        "@relations": [
          {
            "role": "",
            "rel": 7834959,
            "reltags": {
              "colour": "#7FFFD4",
              "from": "Thrippunithura Terminal",
              "name": "Kochi Metro Phase I: Thrippunithura Terminal => Aluva",
              "network": "Kochi Metro",
              "network:wikidata": "Q3522910",
              "operator": "KMRL",
              "public_transport:version": "2",
              "ref": "I",
              "route": "subway",
              "to": "Aluva",
              "type": "route",
              "wikidata": "Q106775989"
            }
          }
        ]
      },
      "geometry": {
        "type": "LineString",
        "coordinates": [
          [
            76.3493248,
            10.11023
          ],
          [
            76.3495573,
            10.1095487
          ],
          [
            76.3496276,
            10.1092843
          ],
          [
            76.3497159,
            10.1089276
          ],
          [
            76.349788,
            10.1085887
          ],
          [
            76.3498619,
            10.1081842
          ],
          [
            76.3499412,
            10.1077193
          ],
          [
            76.3500043,
            10.1073609
          ],
          [
            76.3500493,
            10.1070309
          ],
          [
            76.3500872,
            10.1066849
          ],
          [
            76.350107,
            10.1064737
          ],
          [
            76.3501232,
            10.1062022
          ],
          [
            76.3501142,
            10.1059769
          ],
          [
            76.3501196,
            10.1056859
          ],
          [
            76.350107,
            10.1054552
          ],
          [
            76.3500908,
            10.1052405
          ],
          [
            76.3500656,
            10.1049992
          ],
          [
            76.3500223,
            10.1047384
          ],
          [
            76.3499827,
            10.1044935
          ],
          [
            76.3499286,
            10.1042238
          ],
          [
            76.3498205,
            10.1037731
          ],
          [
            76.3497249,
            10.1034253
          ],
          [
            76.3496186,
            10.1031077
          ],
          [
            76.3495087,
            10.1028345
          ],
          [
            76.3493825,
            10.1025523
          ],
          [
            76.3492329,
            10.1022152
          ],
          [
            76.3489968,
            10.1017698
          ],
          [
            76.3488472,
            10.101525
          ],
          [
            76.3485282,
            10.1010565
          ],
          [
            76.3482975,
            10.1007052
          ],
          [
            76.3481173,
            10.1004071
          ],
          [
            76.347937,
            10.100109
          ],
          [
            76.347773,
            10.0998287
          ],
          [
            76.3475279,
            10.0993957
          ],
          [
            76.3473242,
            10.0990071
          ],
          [
            76.3471332,
            10.0986061
          ],
          [
            76.3470178,
            10.0983133
          ],
          [
            76.3468845,
            10.0978431
          ],
          [
            76.346816,
            10.0975255
          ],
          [
            76.3467709,
            10.0972611
          ],
          [
            76.3467204,
            10.0968423
          ],
          [
            76.3466934,
            10.0965797
          ],
          [
            76.3466556,
            10.0962213
          ],
          [
            76.3466123,
            10.0957244
          ],
          [
            76.346533,
            10.0950342
          ]
        ]
      },
      "id": "way/640271301"
    },
    {
      "type": "Feature",
      "properties": {
        "@id": "way/640271303",
        "network": "Kochi Metro",
        "note": "Contributors are requested to not edit the \"network\" and the \"operator\" tags. (2023/11/08)",
        "operator": "Kochi Metro Rail Limited",
        "railway": "subway",
        "subway": "yes"
      },
      "geometry": {
        "type": "LineString",
        "coordinates": [
          [
            76.3496802,
            10.1092802
          ],
          [
            76.3497098,
            10.1089877
          ],
          [
            76.3497159,
            10.1089276
          ]
        ]
      },
      "id": "way/640271303"
    },
    {
      "type": "Feature",
      "properties": {
        "@id": "way/640271304",
        "network": "Kochi Metro",
        "note": "Contributors are requested to not edit the \"network\" and the \"operator\" tags. (2023/11/08)",
        "operator": "Kochi Metro Rail Limited",
        "railway": "subway",
        "subway": "yes"
      },
      "geometry": {
        "type": "LineString",
        "coordinates": [
          [
            76.3498619,
            10.1081842
          ],
          [
            76.3499689,
            10.1078359
          ]
        ]
      },
      "id": "way/640271304"
    },
    {
      "type": "Feature",
      "properties": {
        "@id": "way/640271305",
        "bridge": "viaduct",
        "electrified": "rail",
        "frequency": "0",
        "gauge": "1435",
        "layer": "2",
        "network": "Kochi Metro",
        "note": "Contributors are requested to not edit the \"network\" and the \"operator\" tags. (2023/11/08)",
        "operator": "Kochi Metro Rail Limited",
        "railway": "subway",
        "service": "crossover",
        "subway": "yes",
        "voltage": "750"
      },
      "geometry": {
        "type": "LineString",
        "coordinates": [
          [
            76.3339831,
            10.0731988
          ],
          [
            76.3345271,
            10.073737
          ]
        ]
      },
      "id": "way/640271305"
    },
    {
      "type": "Feature",
      "properties": {
        "@id": "way/640271306",
        "bridge": "viaduct",
        "electrified": "rail",
        "frequency": "0",
        "gauge": "1435",
        "layer": "2",
        "network": "Kochi Metro",
        "note": "Contributors are requested to not edit the \"network\" and the \"operator\" tags. (2023/11/08)",
        "operator": "Kochi Metro Rail Limited",
        "railway": "subway",
        "service": "crossover",
        "subway": "yes",
        "voltage": "750"
      },
      "geometry": {
        "type": "LineString",
        "coordinates": [
          [
            76.3349908,
            10.0741974
          ],
          [
            76.3354754,
            10.074738
          ]
        ]
      },
      "id": "way/640271306"
    },
    {
      "type": "Feature",
      "properties": {
        "@id": "way/640271307",
        "bridge": "viaduct",
        "electrified": "rail",
        "gauge": "1435",
        "layer": "2",
        "name": "Kochi Metro Rail",
        "network": "Kochi Metro",
        "note": "Contributors are requested to not edit the \"network\" and the \"operator\" tags. (2023/11/08)",
        "operator": "Kochi Metro Rail Limited",
        "railway": "subway",
        "service": "spur",
        "subway": "yes"
      },
      "geometry": {
        "type": "LineString",
        "coordinates": [
          [
            76.3346306,
            10.0738487
          ],
          [
            76.334985,
            10.0741443
          ],
          [
            76.3352218,
            10.0743356
          ],
          [
            76.3355042,
            10.0745443
          ],
          [
            76.335656,
            10.0746228
          ],
          [
            76.3358362,
            10.074684
          ],
          [
            76.3360033,
            10.0747085
          ],
          [
            76.3361754,
            10.074705
          ],
          [
            76.3364163,
            10.0746837
          ],
          [
            76.3365659,
            10.0746739
          ],
          [
            76.3367267,
            10.0746811
          ],
          [
            76.3369146,
            10.074714
          ],
          [
            76.3370985,
            10.0747653
          ],
          [
            76.3372662,
            10.0748382
          ],
          [
            76.3374255,
            10.0749438
          ],
          [
            76.3376205,
            10.075078
          ],
          [
            76.3381975,
            10.0755021
          ]
        ]
      },
      "id": "way/640271307"
    },
    {
      "type": "Feature",
      "properties": {
        "@id": "way/640271308",
        "bridge": "viaduct",
        "electrified": "rail",
        "frequency": "0",
        "gauge": "1435",
        "layer": "2",
        "network": "Kochi Metro",
        "note": "Contributors are requested to not edit the \"network\" and the \"operator\" tags. (2023/11/08)",
        "operator": "Kochi Metro Rail Limited",
        "railway": "subway",
        "service": "crossover",
        "subway": "yes",
        "voltage": "750"
      },
      "geometry": {
        "type": "LineString",
        "coordinates": [
          [
            76.3376448,
            10.0750444
          ],
          [
            76.3381975,
            10.0755021
          ]
        ]
      },
      "id": "way/640271308"
    },
    {
      "type": "Feature",
      "properties": {
        "@id": "way/640271309",
        "bridge": "viaduct",
        "electrified": "rail",
        "frequency": "0",
        "gauge": "1435",
        "layer": "2",
        "network": "Kochi Metro",
        "note": "Contributors are requested to not edit the \"network\" and the \"operator\" tags. (2023/11/08)",
        "operator": "Kochi Metro Rail Limited",
        "railway": "subway",
        "service": "crossover",
        "subway": "yes",
        "voltage": "750"
      },
      "geometry": {
        "type": "LineString",
        "coordinates": [
          [
            76.3311047,
            10.0699902
          ],
          [
            76.3316378,
            10.0704555
          ]
        ]
      },
      "id": "way/640271309"
    },
    {
      "type": "Feature",
      "properties": {
        "@id": "way/640271311",
        "bridge": "yes",
        "electrified": "rail",
        "frequency": "0",
        "gauge": "1435",
        "layer": "1",
        "name": "Kochi Metro Rail",
        "network": "Kochi Metro",
        "note": "Contributors are requested to not edit the \"network\" and the \"operator\" tags. (2023/11/08)",
        "operator": "Kochi Metro Rail Limited",
        "railway": "subway",
        "subway": "yes",
        "voltage": "750",
        "@relations": [
          {
            "role": "",
            "rel": 7834959,
            "reltags": {
              "colour": "#7FFFD4",
              "from": "Thrippunithura Terminal",
              "name": "Kochi Metro Phase I: Thrippunithura Terminal => Aluva",
              "network": "Kochi Metro",
              "network:wikidata": "Q3522910",
              "operator": "KMRL",
              "public_transport:version": "2",
              "ref": "I",
              "route": "subway",
              "to": "Aluva",
              "type": "route",
              "wikidata": "Q106775989"
            }
          }
        ]
      },
      "geometry": {
        "type": "LineString",
        "coordinates": [
          [
            76.2992231,
            10.000513
          ],
          [
            76.2992876,
            10.0005545
          ],
          [
            76.2997547,
            10.000799
          ],
          [
            76.3000716,
            10.0009829
          ],
          [
            76.3001857,
            10.0010363
          ],
          [
            76.3003375,
            10.0010988
          ],
          [
            76.3005068,
            10.0011475
          ],
          [
            76.3007042,
            10.0011932
          ],
          [
            76.3012246,
            10.0012975
          ],
          [
            76.3015552,
            10.0013576
          ],
          [
            76.3025764,
            10.0015692
          ],
          [
            76.3027534,
            10.0016215
          ],
          [
            76.302883,
            10.0016634
          ],
          [
            76.3030343,
            10.0017091
          ],
          [
            76.3032325,
            10.0017814
          ],
          [
            76.3033584,
            10.0018406
          ],
          [
            76.3034998,
            10.0019343
          ],
          [
            76.3036672,
            10.0020626
          ],
          [
            76.3038209,
            10.002194
          ],
          [
            76.3041357,
            10.0025188
          ],
          [
            76.3043287,
            10.002739
          ],
          [
            76.3045276,
            10.0030096
          ],
          [
            76.304571,
            10.0030951
          ],
          [
            76.3046333,
            10.0032187
          ],
          [
            76.3047111,
            10.0033727
          ],
          [
            76.304841,
            10.0036819
          ],
          [
            76.3049377,
            10.0039245
          ],
          [
            76.3050272,
            10.0041807
          ],
          [
            76.3051132,
            10.0045196
          ],
          [
            76.305141,
            10.0047471
          ],
          [
            76.3051561,
            10.0050091
          ],
          [
            76.3051343,
            10.0052203
          ],
          [
            76.3050904,
            10.0054287
          ],
          [
            76.3050662,
            10.0055676
          ],
          [
            76.3049996,
            10.0057548
          ],
          [
            76.3048735,
            10.0060998
          ],
          [
            76.3047738,
            10.0064079
          ]
        ]
      },
      "id": "way/640271311"
    },
    {
      "type": "Feature",
      "properties": {
        "@id": "way/640271313",
        "network": "Kochi Metro",
        "note": "Contributors are requested to not edit the \"network\" and the \"operator\" tags. (2023/11/08)",
        "operator": "Kochi Metro Rail Limited",
        "railway": "subway",
        "subway": "yes"
      },
      "geometry": {
        "type": "LineString",
        "coordinates": [
          [
            76.2992551,
            10.0004573
          ],
          [
            76.299539,
            10.0005943
          ],
          [
            76.2996205,
            10.0006336
          ]
        ]
      },
      "id": "way/640271313"
    },
    {
      "type": "Feature",
      "properties": {
        "@id": "way/640271319",
        "electrified": "rail",
        "frequency": "0",
        "gauge": "1435",
        "network": "Kochi Metro",
        "note": "Contributors are requested to not edit the \"network\" and the \"operator\" tags. (2023/11/08)",
        "operator": "Kochi Metro Rail Limited",
        "railway": "subway",
        "service": "yard",
        "subway": "yes",
        "voltage": "750"
      },
      "geometry": {
        "type": "LineString",
        "coordinates": [
          [
            76.3425255,
            10.0789844
          ],
          [
            76.3427934,
            10.0791875
          ],
          [
            76.3429608,
            10.0793296
          ],
          [
            76.3429871,
            10.0793519
          ],
          [
            76.3440616,
            10.0803113
          ]
        ]
      },
      "id": "way/640271319"
    },
    {
      "type": "Feature",
      "properties": {
        "@id": "way/640271320",
        "electrified": "rail",
        "frequency": "0",
        "gauge": "1435",
        "network": "Kochi Metro",
        "note": "Contributors are requested to not edit the \"network\" and the \"operator\" tags. (2023/11/08)",
        "operator": "Kochi Metro Rail Limited",
        "railway": "subway",
        "service": "yard",
        "subway": "yes",
        "voltage": "750"
      },
      "geometry": {
        "type": "LineString",
        "coordinates": [
          [
            76.3418582,
            10.0783994
          ],
          [
            76.3420207,
            10.0785124
          ],
          [
            76.3421826,
            10.0786343
          ],
          [
            76.3423354,
            10.0787356
          ],
          [
            76.3424881,
            10.078834
          ],
          [
            76.3427177,
            10.0789903
          ],
          [
            76.3430401,
            10.0792174
          ],
          [
            76.3430594,
            10.079231
          ],
          [
            76.3432071,
            10.0793353
          ],
          [
            76.3441811,
            10.0801884
          ]
        ]
      },
      "id": "way/640271320"
    },
    {
      "type": "Feature",
      "properties": {
        "@id": "way/640271321",
        "electrified": "rail",
        "frequency": "0",
        "gauge": "1435",
        "network": "Kochi Metro",
        "note": "Contributors are requested to not edit the \"network\" and the \"operator\" tags. (2023/11/08)",
        "operator": "Kochi Metro Rail Limited",
        "railway": "subway",
        "service": "yard",
        "subway": "yes",
        "voltage": "750"
      },
      "geometry": {
        "type": "LineString",
        "coordinates": [
          [
            76.3427177,
            10.0789903
          ],
          [
            76.3429809,
            10.0791397
          ],
          [
            76.3430861,
            10.0792084
          ],
          [
            76.3431172,
            10.0792288
          ],
          [
            76.3432154,
            10.0792941
          ],
          [
            76.3441947,
            10.0801573
          ]
        ]
      },
      "id": "way/640271321"
    },
    {
      "type": "Feature",
      "properties": {
        "@id": "way/640271322",
        "electrified": "rail",
        "frequency": "0",
        "gauge": "1435",
        "network": "Kochi Metro",
        "note": "Contributors are requested to not edit the \"network\" and the \"operator\" tags. (2023/11/08)",
        "operator": "Kochi Metro Rail Limited",
        "railway": "subway",
        "service": "yard",
        "subway": "yes",
        "voltage": "750"
      },
      "geometry": {
        "type": "LineString",
        "coordinates": [
          [
            76.3424881,
            10.078834
          ],
          [
            76.3427534,
            10.078983
          ],
          [
            76.3429504,
            10.0790815
          ],
          [
            76.3431119,
            10.0791781
          ],
          [
            76.3431474,
            10.0791994
          ],
          [
            76.343249,
            10.079271
          ],
          [
            76.3442219,
            10.0801275
          ]
        ]
      },
      "id": "way/640271322"
    },
    {
      "type": "Feature",
      "properties": {
        "@id": "way/640271323",
        "electrified": "rail",
        "frequency": "0",
        "gauge": "1435",
        "network": "Kochi Metro",
        "note": "Contributors are requested to not edit the \"network\" and the \"operator\" tags. (2023/11/08)",
        "operator": "Kochi Metro Rail Limited",
        "railway": "subway",
        "service": "yard",
        "subway": "yes",
        "voltage": "750"
      },
      "geometry": {
        "type": "LineString",
        "coordinates": [
          [
            76.3421826,
            10.0786343
          ],
          [
            76.3424595,
            10.078857
          ],
          [
            76.3426583,
            10.0790465
          ],
          [
            76.3428444,
            10.0791858
          ],
          [
            76.3429883,
            10.0793025
          ],
          [
            76.3430037,
            10.079315
          ],
          [
            76.3440892,
            10.0802879
          ]
        ]
      },
      "id": "way/640271323"
    },
    {
      "type": "Feature",
      "properties": {
        "@id": "way/640271324",
        "electrified": "rail",
        "frequency": "0",
        "gauge": "1435",
        "network": "Kochi Metro",
        "note": "Contributors are requested to not edit the \"network\" and the \"operator\" tags. (2023/11/08)",
        "operator": "Kochi Metro Rail Limited",
        "railway": "subway",
        "service": "yard",
        "subway": "yes",
        "voltage": "750"
      },
      "geometry": {
        "type": "LineString",
        "coordinates": [
          [
            76.3424595,
            10.078857
          ],
          [
            76.3426892,
            10.079022
          ],
          [
            76.3429772,
            10.0792378
          ],
          [
            76.3430158,
            10.0792723
          ],
          [
            76.3441165,
            10.0802554
          ]
        ]
      },
      "id": "way/640271324"
    },
    {
      "type": "Feature",
      "properties": {
        "@id": "way/640271325",
        "electrified": "rail",
        "frequency": "0",
        "gauge": "1435",
        "network": "Kochi Metro",
        "note": "Contributors are requested to not edit the \"network\" and the \"operator\" tags. (2023/11/08)",
        "operator": "Kochi Metro Rail Limited",
        "railway": "subway",
        "service": "yard",
        "subway": "yes",
        "voltage": "750"
      },
      "geometry": {
        "type": "LineString",
        "coordinates": [
          [
            76.3420207,
            10.0785124
          ],
          [
            76.3422597,
            10.0786393
          ],
          [
            76.3425859,
            10.0787535
          ],
          [
            76.3428638,
            10.0788576
          ],
          [
            76.3430052,
            10.0789229
          ],
          [
            76.3432187,
            10.0790482
          ],
          [
            76.3432295,
            10.0790546
          ],
          [
            76.3434092,
            10.0791964
          ],
          [
            76.3443364,
            10.0800182
          ]
        ]
      },
      "id": "way/640271325"
    },
    {
      "type": "Feature",
      "properties": {
        "@id": "way/640271326",
        "electrified": "rail",
        "frequency": "0",
        "gauge": "1435",
        "network": "Kochi Metro",
        "note": "Contributors are requested to not edit the \"network\" and the \"operator\" tags. (2023/11/08)",
        "operator": "Kochi Metro Rail Limited",
        "railway": "subway",
        "service": "yard",
        "subway": "yes",
        "voltage": "750"
      },
      "geometry": {
        "type": "LineString",
        "coordinates": [
          [
            76.3425859,
            10.0787535
          ],
          [
            76.3428921,
            10.0789155
          ],
          [
            76.343027,
            10.0789811
          ],
          [
            76.3431725,
            10.0790677
          ],
          [
            76.3431925,
            10.0790809
          ],
          [
            76.3432649,
            10.0791288
          ],
          [
            76.344297,
            10.0800376
          ]
        ]
      },
      "id": "way/640271326"
    },
    {
      "type": "Feature",
      "properties": {
        "@id": "way/640271327",
        "electrified": "rail",
        "frequency": "0",
        "gauge": "1435",
        "network": "Kochi Metro",
        "note": "Contributors are requested to not edit the \"network\" and the \"operator\" tags. (2023/11/08)",
        "operator": "Kochi Metro Rail Limited",
        "railway": "subway",
        "service": "yard",
        "subway": "yes",
        "voltage": "750"
      },
      "geometry": {
        "type": "LineString",
        "coordinates": [
          [
            76.3422597,
            10.0786393
          ],
          [
            76.3425071,
            10.0787603
          ],
          [
            76.3427163,
            10.078902
          ],
          [
            76.3428981,
            10.079002
          ],
          [
            76.3431194,
            10.0791303
          ],
          [
            76.3431383,
            10.0791444
          ],
          [
            76.3433058,
            10.0792691
          ],
          [
            76.3442455,
            10.0800958
          ]
        ]
      },
      "id": "way/640271327"
    },
    {
      "type": "Feature",
      "properties": {
        "@id": "way/640271328",
        "electrified": "rail",
        "frequency": "0",
        "gauge": "1435",
        "network": "Kochi Metro",
        "note": "Contributors are requested to not edit the \"network\" and the \"operator\" tags. (2023/11/08)",
        "operator": "Kochi Metro Rail Limited",
        "railway": "subway",
        "service": "yard",
        "subway": "yes",
        "voltage": "750"
      },
      "geometry": {
        "type": "LineString",
        "coordinates": [
          [
            76.3442758,
            10.0800719
          ],
          [
            76.3433786,
            10.0792751
          ],
          [
            76.3432134,
            10.0791438
          ],
          [
            76.3431673,
            10.0791153
          ],
          [
            76.3431073,
            10.0790781
          ],
          [
            76.3425071,
            10.0787603
          ]
        ]
      },
      "id": "way/640271328"
    },
    {
      "type": "Feature",
      "properties": {
        "@id": "way/640297461",
        "electrified": "rail",
        "frequency": "0",
        "gauge": "1435",
        "network": "Kochi Metro",
        "note": "Contributors are requested to not edit the \"network\" and the \"operator\" tags. (2023/11/08)",
        "operator": "Kochi Metro Rail Limited",
        "railway": "subway",
        "service": "yard",
        "subway": "yes",
        "voltage": "750"
      },
      "geometry": {
        "type": "LineString",
        "coordinates": [
          [
            76.3424495,
            10.0790264
          ],
          [
            76.3426381,
            10.0791789
          ],
          [
            76.3428097,
            10.0793057
          ],
          [
            76.3429119,
            10.079393
          ],
          [
            76.3429425,
            10.0794192
          ],
          [
            76.3439966,
            10.0803633
          ]
        ]
      },
      "id": "way/640297461"
    },
    {
      "type": "Feature",
      "properties": {
        "@id": "way/640297462",
        "electrified": "rail",
        "frequency": "0",
        "gauge": "1435",
        "network": "Kochi Metro",
        "note": "Contributors are requested to not edit the \"network\" and the \"operator\" tags. (2023/11/08)",
        "operator": "Kochi Metro Rail Limited",
        "railway": "subway",
        "service": "crossover",
        "subway": "yes",
        "voltage": "750"
      },
      "geometry": {
        "type": "LineString",
        "coordinates": [
          [
            76.341771,
            10.0784027
          ],
          [
            76.3415702,
            10.0781813
          ],
          [
            76.3413423,
            10.0779339
          ]
        ]
      },
      "id": "way/640297462"
    },
    {
      "type": "Feature",
      "properties": {
        "@id": "way/640297463",
        "electrified": "rail",
        "frequency": "0",
        "gauge": "1435",
        "network": "Kochi Metro",
        "note": "Contributors are requested to not edit the \"network\" and the \"operator\" tags. (2023/11/08)",
        "operator": "Kochi Metro Rail Limited",
        "railway": "subway",
        "service": "crossover",
        "subway": "yes",
        "voltage": "750"
      },
      "geometry": {
        "type": "LineString",
        "coordinates": [
          [
            76.3412962,
            10.0779817
          ],
          [
            76.3415702,
            10.0781813
          ],
          [
            76.3418084,
            10.078352
          ]
        ]
      },
      "id": "way/640297463"
    },
    {
      "type": "Feature",
      "properties": {
        "@id": "way/640297465",
        "electrified": "rail",
        "frequency": "0",
        "gauge": "1435",
        "network": "Kochi Metro",
        "note": "Contributors are requested to not edit the \"network\" and the \"operator\" tags. (2023/11/08)",
        "operator": "Kochi Metro Rail Limited",
        "railway": "subway",
        "service": "yard",
        "subway": "yes",
        "voltage": "750"
      },
      "geometry": {
        "type": "LineString",
        "coordinates": [
          [
            76.34182,
            10.0784474
          ],
          [
            76.34193,
            10.078594
          ],
          [
            76.3420252,
            10.0787115
          ],
          [
            76.3421392,
            10.0788911
          ],
          [
            76.3423283,
            10.0792119
          ],
          [
            76.3424074,
            10.0793321
          ],
          [
            76.3425509,
            10.0794971
          ]
        ]
      },
      "id": "way/640297465"
    },
    {
      "type": "Feature",
      "properties": {
        "@id": "way/640297467",
        "electrified": "rail",
        "frequency": "0",
        "gauge": "1435",
        "network": "Kochi Metro",
        "note": "Contributors are requested to not edit the \"network\" and the \"operator\" tags. (2023/11/08)",
        "operator": "Kochi Metro Rail Limited",
        "railway": "subway",
        "service": "yard",
        "subway": "yes",
        "voltage": "750"
      },
      "geometry": {
        "type": "LineString",
        "coordinates": [
          [
            76.3419604,
            10.0785798
          ],
          [
            76.3421432,
            10.0787828
          ],
          [
            76.3421847,
            10.0788306
          ],
          [
            76.3422679,
            10.0789267
          ],
          [
            76.3423751,
            10.079057
          ],
          [
            76.342394,
            10.0790799
          ],
          [
            76.3425415,
            10.0792555
          ],
          [
            76.3426515,
            10.0793902
          ],
          [
            76.3427916,
            10.0795153
          ],
          [
            76.3428097,
            10.0795315
          ],
          [
            76.3434432,
            10.0800496
          ],
          [
            76.3439123,
            10.0804418
          ]
        ]
      },
      "id": "way/640297467"
    },
    {
      "type": "Feature",
      "properties": {
        "@id": "way/640297469",
        "electrified": "rail",
        "frequency": "0",
        "gauge": "1435",
        "network": "Kochi Metro",
        "note": "Contributors are requested to not edit the \"network\" and the \"operator\" tags. (2023/11/08)",
        "operator": "Kochi Metro Rail Limited",
        "railway": "subway",
        "service": "yard",
        "subway": "yes",
        "voltage": "750"
      },
      "geometry": {
        "type": "LineString",
        "coordinates": [
          [
            76.3423751,
            10.079057
          ],
          [
            76.3426112,
            10.0792674
          ],
          [
            76.342841,
            10.0794655
          ],
          [
            76.3428808,
            10.0794998
          ],
          [
            76.343497,
            10.0800121
          ],
          [
            76.3439291,
            10.0803989
          ]
        ]
      },
      "id": "way/640297469"
    },
    {
      "type": "Feature",
      "properties": {
        "@id": "way/640297471",
        "electrified": "rail",
        "frequency": "0",
        "gauge": "1435",
        "network": "Kochi Metro",
        "note": "Contributors are requested to not edit the \"network\" and the \"operator\" tags. (2023/11/08)",
        "operator": "Kochi Metro Rail Limited",
        "railway": "subway",
        "service": "yard",
        "subway": "yes",
        "voltage": "750"
      },
      "geometry": {
        "type": "LineString",
        "coordinates": [
          [
            76.3421847,
            10.0788306
          ],
          [
            76.3423243,
            10.0790429
          ],
          [
            76.3424007,
            10.0791618
          ],
          [
            76.3424771,
            10.0792753
          ],
          [
            76.3426582,
            10.0794747
          ],
          [
            76.3427542,
            10.0795613
          ],
          [
            76.3433851,
            10.0801085
          ]
        ]
      },
      "id": "way/640297471"
    },
    {
      "type": "Feature",
      "properties": {
        "@id": "way/640297473",
        "network": "Kochi Metro",
        "note": "Contributors are requested to not edit the \"network\" and the \"operator\" tags. (2023/11/08)",
        "operator": "Kochi Metro Rail Limited",
        "railway": "subway",
        "subway": "yes"
      },
      "geometry": {
        "type": "LineString",
        "coordinates": [
          [
            76.3376304,
            10.0737507
          ],
          [
            76.3388226,
            10.0748176
          ],
          [
            76.3389527,
            10.0749374
          ],
          [
            76.3394865,
            10.0754289
          ],
          [
            76.3399626,
            10.0758462
          ],
          [
            76.3405178,
            10.0763598
          ],
          [
            76.3411548,
            10.0769289
          ],
          [
            76.3418093,
            10.0775218
          ],
          [
            76.3424128,
            10.0780698
          ],
          [
            76.3431772,
            10.0787669
          ],
          [
            76.3436332,
            10.0791802
          ],
          [
            76.3442957,
            10.0797678
          ],
          [
            76.3445156,
            10.0799738
          ]
        ]
      },
      "id": "way/640297473"
    },
    {
      "type": "Feature",
      "properties": {
        "@id": "way/640297474",
        "network": "Kochi Metro",
        "note": "Contributors are requested to not edit the \"network\" and the \"operator\" tags. (2023/11/08)",
        "operator": "Kochi Metro Rail Limited",
        "railway": "subway",
        "subway": "yes"
      },
      "geometry": {
        "type": "LineString",
        "coordinates": [
          [
            76.3419434,
            10.0783576
          ],
          [
            76.3412406,
            10.077737
          ],
          [
            76.3406358,
            10.0771957
          ],
          [
            76.3404789,
            10.0770161
          ],
          [
            76.3404572,
            10.0769911
          ],
          [
            76.3403371,
            10.0768548
          ],
          [
            76.3401543,
            10.0766292
          ],
          [
            76.3399062,
            10.0763334
          ],
          [
            76.3397413,
            10.0761605
          ],
          [
            76.339471,
            10.0759181
          ],
          [
            76.3386791,
            10.0752078
          ],
          [
            76.3385331,
            10.0750768
          ]
        ]
      },
      "id": "way/640297474"
    },
    {
      "type": "Feature",
      "properties": {
        "@id": "way/640297476",
        "network": "Kochi Metro",
        "note": "Contributors are requested to not edit the \"network\" and the \"operator\" tags. (2023/11/08)",
        "operator": "Kochi Metro Rail Limited",
        "railway": "subway",
        "subway": "yes"
      },
      "geometry": {
        "type": "LineString",
        "coordinates": [
          [
            76.3404572,
            10.0769911
          ],
          [
            76.340298,
            10.0767431
          ],
          [
            76.3402386,
            10.0766507
          ],
          [
            76.3400696,
            10.0763806
          ],
          [
            76.3399037,
            10.0761498
          ],
          [
            76.3397713,
            10.0760006
          ],
          [
            76.3395959,
            10.0758514
          ],
          [
            76.3387784,
            10.0751097
          ],
          [
            76.3386406,
            10.0749846
          ]
        ]
      },
      "id": "way/640297476"
    },
    {
      "type": "Feature",
      "properties": {
        "@id": "way/640297478",
        "network": "Kochi Metro",
        "note": "Contributors are requested to not edit the \"network\" and the \"operator\" tags. (2023/11/08)",
        "operator": "Kochi Metro Rail Limited",
        "railway": "subway",
        "subway": "yes"
      },
      "geometry": {
        "type": "LineString",
        "coordinates": [
          [
            76.340298,
            10.0767431
          ],
          [
            76.340179,
            10.0764995
          ],
          [
            76.3401477,
            10.0764356
          ],
          [
            76.3400122,
            10.0762141
          ],
          [
            76.339883,
            10.076021
          ],
          [
            76.3397713,
            10.075886
          ],
          [
            76.3394364,
            10.0755908
          ],
          [
            76.3388397,
            10.0750492
          ],
          [
            76.3388049,
            10.0750176
          ]
        ]
      },
      "id": "way/640297478"
    },
    {
      "type": "Feature",
      "properties": {
        "@id": "way/640297479",
        "network": "Kochi Metro",
        "note": "Contributors are requested to not edit the \"network\" and the \"operator\" tags. (2023/11/08)",
        "operator": "Kochi Metro Rail Limited",
        "railway": "subway",
        "subway": "yes"
      },
      "geometry": {
        "type": "LineString",
        "coordinates": [
          [
            76.340179,
            10.0764995
          ],
          [
            76.3400648,
            10.0762346
          ],
          [
            76.33995,
            10.0760069
          ],
          [
            76.3398607,
            10.0758703
          ],
          [
            76.3398421,
            10.0758481
          ],
          [
            76.3397171,
            10.0756991
          ],
          [
            76.3394865,
            10.0754289
          ]
        ]
      },
      "id": "way/640297479"
    },
    {
      "type": "Feature",
      "properties": {
        "@id": "way/640297481",
        "network": "Kochi Metro",
        "note": "Contributors are requested to not edit the \"network\" and the \"operator\" tags. (2023/11/08)",
        "operator": "Kochi Metro Rail Limited",
        "railway": "subway",
        "subway": "yes"
      },
      "geometry": {
        "type": "LineString",
        "coordinates": [
          [
            76.3408351,
            10.0774264
          ],
          [
            76.3406198,
            10.0772395
          ],
          [
            76.3403678,
            10.0770307
          ],
          [
            76.340009,
            10.0766962
          ],
          [
            76.3393001,
            10.0760853
          ],
          [
            76.3392744,
            10.0760631
          ]
        ]
      },
      "id": "way/640297481"
    },
    {
      "type": "Feature",
      "properties": {
        "@id": "way/640297482",
        "network": "Kochi Metro",
        "note": "Contributors are requested to not edit the \"network\" and the \"operator\" tags. (2023/11/08)",
        "operator": "Kochi Metro Rail Limited",
        "railway": "subway",
        "subway": "yes"
      },
      "geometry": {
        "type": "LineString",
        "coordinates": [
          [
            76.3412528,
            10.0778529
          ],
          [
            76.3410105,
            10.0776227
          ],
          [
            76.3408351,
            10.0774264
          ],
          [
            76.3407107,
            10.0772772
          ],
          [
            76.3406358,
            10.0771957
          ]
        ]
      },
      "id": "way/640297482"
    },
    {
      "type": "Feature",
      "properties": {
        "@id": "way/640297484",
        "network": "Kochi Metro",
        "note": "Contributors are requested to not edit the \"network\" and the \"operator\" tags. (2023/11/08)",
        "operator": "Kochi Metro Rail Limited",
        "railway": "subway",
        "subway": "yes"
      },
      "geometry": {
        "type": "LineString",
        "coordinates": [
          [
            76.3406198,
            10.0772395
          ],
          [
            76.3404523,
            10.0770495
          ],
          [
            76.3401573,
            10.0767323
          ],
          [
            76.339388,
            10.0759974
          ],
          [
            76.3393505,
            10.0759616
          ]
        ]
      },
      "id": "way/640297484"
    },
    {
      "type": "Feature",
      "properties": {
        "@id": "way/640297485",
        "network": "Kochi Metro",
        "note": "Contributors are requested to not edit the \"network\" and the \"operator\" tags. (2023/11/08)",
        "operator": "Kochi Metro Rail Limited",
        "railway": "subway",
        "subway": "yes"
      },
      "geometry": {
        "type": "LineString",
        "coordinates": [
          [
            76.3403371,
            10.0768548
          ],
          [
            76.3400568,
            10.07658
          ],
          [
            76.3398941,
            10.0764308
          ],
          [
            76.339431,
            10.0759555
          ],
          [
            76.3393761,
            10.0758992
          ]
        ]
      },
      "id": "way/640297485"
    },
    {
      "type": "Feature",
      "properties": {
        "@id": "way/640297487",
        "electrified": "rail",
        "frequency": "0",
        "gauge": "1435",
        "name": "Kochi Metro Rail",
        "network": "Kochi Metro",
        "note": "Contributors are requested to not edit the \"network\" and the \"operator\" tags. (2023/11/08)",
        "operator": "Kochi Metro Rail Limited",
        "railway": "subway",
        "service": "spur",
        "subway": "yes",
        "voltage": "750",
        "wikipedia": "en:Kochi Metro"
      },
      "geometry": {
        "type": "LineString",
        "coordinates": [
          [
            76.340302,
            10.077017
          ],
          [
            76.34031,
            10.0770294
          ],
          [
            76.3412528,
            10.0778529
          ],
          [
            76.3413423,
            10.0779339
          ],
          [
            76.3418084,
            10.078352
          ],
          [
            76.3418582,
            10.0783994
          ],
          [
            76.3422444,
            10.0787399
          ],
          [
            76.3423109,
            10.0787863
          ],
          [
            76.3425255,
            10.0789844
          ],
          [
            76.3426013,
            10.0790543
          ],
          [
            76.3429249,
            10.0793466
          ],
          [
            76.3429389,
            10.079359
          ],
          [
            76.344037,
            10.0803344
          ]
        ]
      },
      "id": "way/640297487"
    },
    {
      "type": "Feature",
      "properties": {
        "@id": "way/640297488",
        "electrified": "rail",
        "gauge": "1435",
        "name": "Kochi Metro Rail",
        "network": "Kochi Metro",
        "note": "Contributors are requested to not edit the \"network\" and the \"operator\" tags. (2023/11/08)",
        "operator": "Kochi Metro Rail Limited",
        "railway": "subway",
        "service": "spur",
        "subway": "yes"
      },
      "geometry": {
        "type": "LineString",
        "coordinates": [
          [
            76.3402654,
            10.0770575
          ],
          [
            76.3412962,
            10.0779817
          ],
          [
            76.341771,
            10.0784027
          ],
          [
            76.34182,
            10.0784474
          ],
          [
            76.3419604,
            10.0785798
          ],
          [
            76.3421526,
            10.0787511
          ],
          [
            76.3424495,
            10.0790264
          ],
          [
            76.3425201,
            10.0790918
          ],
          [
            76.3427695,
            10.0793347
          ],
          [
            76.3428712,
            10.079425
          ],
          [
            76.3435225,
            10.0799811
          ]
        ]
      },
      "id": "way/640297488"
    },
    {
      "type": "Feature",
      "properties": {
        "@id": "way/686311421",
        "bridge": "yes",
        "electrified": "rail",
        "frequency": "0",
        "gauge": "1435",
        "layer": "2",
        "name": "Kochi Metro Rail",
        "network": "Kochi Metro",
        "note": "Contributors are requested to not edit the \"network\" and the \"operator\" tags. (2023/11/08)",
        "operator": "Kochi Metro Rail Limited",
        "railway": "subway",
        "subway": "yes",
        "voltage": "750",
        "@relations": [
          {
            "role": "",
            "rel": 7752157,
            "reltags": {
              "colour": "#7FFFD4",
              "from": "Aluva",
              "name": "Kochi Metro Phase I: Aluva => Thrippunithura Terminal",
              "network": "Kochi Metro",
              "network:wikidata": "Q3522910",
              "operator": "KMRL",
              "public_transport:version": "2",
              "ref": "I",
              "route": "subway",
              "to": "Thrippunithura Terminal",
              "type": "route",
              "wikidata": "Q106775989"
            }
          }
        ]
      },
      "geometry": {
        "type": "LineString",
        "coordinates": [
          [
            76.2992551,
            10.0004573
          ],
          [
            76.2983192,
            9.9998568
          ],
          [
            76.2980457,
            9.9996729
          ],
          [
            76.2977686,
            9.9994818
          ],
          [
            76.2974047,
            9.9991894
          ],
          [
            76.296815,
            9.9986712
          ],
          [
            76.2962107,
            9.9981659
          ],
          [
            76.2956941,
            9.9977155
          ],
          [
            76.2954517,
            9.9975177
          ],
          [
            76.2946553,
            9.9969143
          ],
          [
            76.2936194,
            9.9961765
          ],
          [
            76.2932058,
            9.9958822
          ],
          [
            76.2929797,
            9.9957131
          ],
          [
            76.2927216,
            9.9955141
          ],
          [
            76.2925102,
            9.9953454
          ],
          [
            76.2922549,
            9.9951133
          ],
          [
            76.2919534,
            9.9948214
          ],
          [
            76.2915099,
            9.9943621
          ]
        ]
      },
      "id": "way/686311421"
    },
    {
      "type": "Feature",
      "properties": {
        "@id": "way/686311422",
        "bridge": "yes",
        "electrified": "rail",
        "frequency": "0",
        "gauge": "1435",
        "layer": "1",
        "name": "Kochi Metro Rail",
        "network": "Kochi Metro",
        "note": "Contributors are requested to not edit the \"network\" and the \"operator\" tags. (2023/11/08)",
        "operator": "Kochi Metro Rail Limited",
        "railway": "subway",
        "subway": "yes",
        "voltage": "750",
        "@relations": [
          {
            "role": "",
            "rel": 7752157,
            "reltags": {
              "colour": "#7FFFD4",
              "from": "Aluva",
              "name": "Kochi Metro Phase I: Aluva => Thrippunithura Terminal",
              "network": "Kochi Metro",
              "network:wikidata": "Q3522910",
              "operator": "KMRL",
              "public_transport:version": "2",
              "ref": "I",
              "route": "subway",
              "to": "Thrippunithura Terminal",
              "type": "route",
              "wikidata": "Q106775989"
            }
          }
        ]
      },
      "geometry": {
        "type": "LineString",
        "coordinates": [
          [
            76.2852439,
            9.9725352
          ],
          [
            76.2852006,
            9.9728992
          ],
          [
            76.2851062,
            9.973278
          ]
        ]
      },
      "id": "way/686311422"
    },
    {
      "type": "Feature",
      "properties": {
        "@id": "way/686311423",
        "bridge": "yes",
        "electrified": "rail",
        "frequency": "0",
        "gauge": "1435",
        "layer": "2",
        "name": "Kochi Metro Rail",
        "network": "Kochi Metro",
        "note": "Contributors are requested to not edit the \"network\" and the \"operator\" tags. (2023/11/08)",
        "operator": "Kochi Metro Rail Limited",
        "railway": "subway",
        "subway": "yes",
        "voltage": "750",
        "@relations": [
          {
            "role": "",
            "rel": 7752157,
            "reltags": {
              "colour": "#7FFFD4",
              "from": "Aluva",
              "name": "Kochi Metro Phase I: Aluva => Thrippunithura Terminal",
              "network": "Kochi Metro",
              "network:wikidata": "Q3522910",
              "operator": "KMRL",
              "public_transport:version": "2",
              "ref": "I",
              "route": "subway",
              "to": "Thrippunithura Terminal",
              "type": "route",
              "wikidata": "Q106775989"
            }
          }
        ]
      },
      "geometry": {
        "type": "LineString",
        "coordinates": [
          [
            76.3490051,
            10.1110734
          ],
          [
            76.3492245,
            10.1106118
          ],
          [
            76.3493897,
            10.1102298
          ]
        ]
      },
      "id": "way/686311423"
    },
    {
      "type": "Feature",
      "properties": {
        "@id": "way/686311424",
        "bridge": "viaduct",
        "electrified": "rail",
        "frequency": "0",
        "gauge": "1435",
        "layer": "2",
        "name": "Kochi Metro Rail",
        "network": "Kochi Metro",
        "note": "Contributors are requested to not edit the \"network\" and the \"operator\" tags. (2023/11/08)",
        "operator": "Kochi Metro Rail Limited",
        "railway": "subway",
        "subway": "yes",
        "voltage": "750",
        "@relations": [
          {
            "role": "",
            "rel": 7834959,
            "reltags": {
              "colour": "#7FFFD4",
              "from": "Thrippunithura Terminal",
              "name": "Kochi Metro Phase I: Thrippunithura Terminal => Aluva",
              "network": "Kochi Metro",
              "network:wikidata": "Q3522910",
              "operator": "KMRL",
              "public_transport:version": "2",
              "ref": "I",
              "route": "subway",
              "to": "Aluva",
              "type": "route",
              "wikidata": "Q106775989"
            }
          }
        ]
      },
      "geometry": {
        "type": "LineString",
        "coordinates": [
          [
            76.3336469,
            10.0727747
          ],
          [
            76.3333809,
            10.0724262
          ],
          [
            76.3328577,
            10.0717537
          ],
          [
            76.3326289,
            10.0714997
          ],
          [
            76.3324111,
            10.0712714
          ],
          [
            76.3318051,
            10.0706728
          ],
          [
            76.3316099,
            10.0704834
          ],
          [
            76.3311047,
            10.0699902
          ],
          [
            76.3306058,
            10.0695116
          ],
          [
            76.3300669,
            10.0690041
          ],
          [
            76.3297912,
            10.0687184
          ]
        ]
      },
      "id": "way/686311424"
    },
    {
      "type": "Feature",
      "properties": {
        "@id": "way/686311425",
        "bridge": "yes",
        "electrified": "rail",
        "frequency": "0",
        "gauge": "1435",
        "layer": "1",
        "name": "Kochi Metro Rail",
        "network": "Kochi Metro",
        "note": "Contributors are requested to not edit the \"network\" and the \"operator\" tags. (2023/11/08)",
        "operator": "Kochi Metro Rail Limited",
        "railway": "subway",
        "subway": "yes",
        "voltage": "750",
        "@relations": [
          {
            "role": "",
            "rel": 7834959,
            "reltags": {
              "colour": "#7FFFD4",
              "from": "Thrippunithura Terminal",
              "name": "Kochi Metro Phase I: Thrippunithura Terminal => Aluva",
              "network": "Kochi Metro",
              "network:wikidata": "Q3522910",
              "operator": "KMRL",
              "public_transport:version": "2",
              "ref": "I",
              "route": "subway",
              "to": "Aluva",
              "type": "route",
              "wikidata": "Q106775989"
            }
          }
        ]
      },
      "geometry": {
        "type": "LineString",
        "coordinates": [
          [
            76.3388435,
            10.0793881
          ],
          [
            76.3386767,
            10.0789167
          ],
          [
            76.3384478,
            10.0782796
          ],
          [
            76.3383036,
            10.0779123
          ],
          [
            76.3381648,
            10.0776195
          ],
          [
            76.3380062,
            10.0773232
          ],
          [
            76.3377232,
            10.0769434
          ],
          [
            76.3375106,
            10.0766985
          ],
          [
            76.3371537,
            10.0763365
          ],
          [
            76.3367698,
            10.0759791
          ],
          [
            76.3360631,
            10.0753094
          ],
          [
            76.3354754,
            10.074738
          ],
          [
            76.3348339,
            10.0741296
          ],
          [
            76.3346865,
            10.0739703
          ],
          [
            76.3343553,
            10.0736226
          ],
          [
            76.3339831,
            10.0731988
          ],
          [
            76.3338695,
            10.0730594
          ],
          [
            76.3336469,
            10.0727747
          ]
        ]
      },
      "id": "way/686311425"
    },
    {
      "type": "Feature",
      "properties": {
        "@id": "way/686311426",
        "bridge": "yes",
        "electrified": "rail",
        "frequency": "0",
        "gauge": "1435",
        "layer": "1",
        "name": "Kochi Metro Rail",
        "network": "Kochi Metro",
        "note": "Contributors are requested to not edit the \"network\" and the \"operator\" tags. (2023/11/08)",
        "operator": "Kochi Metro Rail Limited",
        "railway": "subway",
        "subway": "yes",
        "voltage": "750",
        "@relations": [
          {
            "role": "",
            "rel": 7834959,
            "reltags": {
              "colour": "#7FFFD4",
              "from": "Thrippunithura Terminal",
              "name": "Kochi Metro Phase I: Thrippunithura Terminal => Aluva",
              "network": "Kochi Metro",
              "network:wikidata": "Q3522910",
              "operator": "KMRL",
              "public_transport:version": "2",
              "ref": "I",
              "route": "subway",
              "to": "Aluva",
              "type": "route",
              "wikidata": "Q106775989"
            }
          }
        ]
      },
      "geometry": {
        "type": "LineString",
        "coordinates": [
          [
            76.3427351,
            10.087301
          ],
          [
            76.3425264,
            10.0869551
          ],
          [
            76.3423606,
            10.0866677
          ],
          [
            76.3421696,
            10.08635
          ],
          [
            76.3420506,
            10.0861318
          ],
          [
            76.3418019,
            10.0856793
          ],
          [
            76.3415171,
            10.0852091
          ],
          [
            76.3413549,
            10.0849056
          ],
          [
            76.3411927,
            10.0846182
          ],
          [
            76.3409458,
            10.0841603
          ],
          [
            76.3406106,
            10.0835091
          ],
          [
            76.3403348,
            10.0829785
          ],
          [
            76.3400825,
            10.0824639
          ],
          [
            76.3398085,
            10.0818943
          ],
          [
            76.3395977,
            10.0814028
          ],
          [
            76.3394246,
            10.0809308
          ],
          [
            76.3391381,
            10.0802014
          ],
          [
            76.3389542,
            10.079701
          ],
          [
            76.3388435,
            10.0793881
          ]
        ]
      },
      "id": "way/686311426"
    },
    {
      "type": "Feature",
      "properties": {
        "@id": "way/686311427",
        "bridge": "yes",
        "electrified": "rail",
        "frequency": "0",
        "gauge": "1435",
        "layer": "1",
        "name": "Kochi Metro Rail",
        "network": "Kochi Metro",
        "note": "Contributors are requested to not edit the \"network\" and the \"operator\" tags. (2023/11/08)",
        "operator": "Kochi Metro Rail Limited",
        "railway": "subway",
        "subway": "yes",
        "voltage": "750",
        "@relations": [
          {
            "role": "",
            "rel": 7834959,
            "reltags": {
              "colour": "#7FFFD4",
              "from": "Thrippunithura Terminal",
              "name": "Kochi Metro Phase I: Thrippunithura Terminal => Aluva",
              "network": "Kochi Metro",
              "network:wikidata": "Q3522910",
              "operator": "KMRL",
              "public_transport:version": "2",
              "ref": "I",
              "route": "subway",
              "to": "Aluva",
              "type": "route",
              "wikidata": "Q106775989"
            }
          }
        ]
      },
      "geometry": {
        "type": "LineString",
        "coordinates": [
          [
            76.346533,
            10.0950342
          ],
          [
            76.3464321,
            10.0946012
          ],
          [
            76.3461545,
            10.093604
          ],
          [
            76.3460103,
            10.093171
          ],
          [
            76.3458139,
            10.0927079
          ],
          [
            76.3457235,
            10.0924906
          ],
          [
            76.3456264,
            10.0922572
          ],
          [
            76.3453453,
            10.0917213
          ],
          [
            76.3450136,
            10.0911411
          ],
          [
            76.344646,
            10.0905129
          ],
          [
            76.3443414,
            10.0899717
          ],
          [
            76.344026,
            10.0894589
          ],
          [
            76.3437502,
            10.0890064
          ],
          [
            76.3432816,
            10.0882257
          ],
          [
            76.3429482,
            10.0876543
          ],
          [
            76.3427351,
            10.087301
          ]
        ]
      },
      "id": "way/686311427"
    },
    {
      "type": "Feature",
      "properties": {
        "@id": "way/686311428",
        "bridge": "yes",
        "electrified": "rail",
        "frequency": "0",
        "gauge": "1435",
        "layer": "1",
        "name": "Kochi Metro Rail",
        "network": "Kochi Metro",
        "note": "Contributors are requested to not edit the \"network\" and the \"operator\" tags. (2023/11/08)",
        "operator": "Kochi Metro Rail Limited",
        "railway": "subway",
        "subway": "yes",
        "voltage": "750",
        "@relations": [
          {
            "role": "",
            "rel": 7834959,
            "reltags": {
              "colour": "#7FFFD4",
              "from": "Thrippunithura Terminal",
              "name": "Kochi Metro Phase I: Thrippunithura Terminal => Aluva",
              "network": "Kochi Metro",
              "network:wikidata": "Q3522910",
              "operator": "KMRL",
              "public_transport:version": "2",
              "ref": "I",
              "route": "subway",
              "to": "Aluva",
              "type": "route",
              "wikidata": "Q106775989"
            }
          }
        ]
      },
      "geometry": {
        "type": "LineString",
        "coordinates": [
          [
            76.3489625,
            10.1110569
          ],
          [
            76.3491554,
            10.1106381
          ],
          [
            76.3493248,
            10.11023
          ]
        ]
      },
      "id": "way/686311428"
    },
    {
      "type": "Feature",
      "properties": {
        "@id": "way/686311429",
        "bridge": "yes",
        "electrified": "rail",
        "frequency": "0",
        "gauge": "1435",
        "layer": "1",
        "name": "Kochi Metro Rail",
        "network": "Kochi Metro",
        "note": "Contributors are requested to not edit the \"network\" and the \"operator\" tags. (2023/11/08)",
        "operator": "Kochi Metro Rail Limited",
        "railway": "subway",
        "subway": "yes",
        "voltage": "750",
        "@relations": [
          {
            "role": "",
            "rel": 7834959,
            "reltags": {
              "colour": "#7FFFD4",
              "from": "Thrippunithura Terminal",
              "name": "Kochi Metro Phase I: Thrippunithura Terminal => Aluva",
              "network": "Kochi Metro",
              "network:wikidata": "Q3522910",
              "operator": "KMRL",
              "public_transport:version": "2",
              "ref": "I",
              "route": "subway",
              "to": "Aluva",
              "type": "route",
              "wikidata": "Q106775989"
            }
          }
        ]
      },
      "geometry": {
        "type": "LineString",
        "coordinates": [
          [
            76.3219112,
            10.0586015
          ],
          [
            76.3220537,
            10.0590447
          ],
          [
            76.3222289,
            10.0595744
          ],
          [
            76.3223731,
            10.0599719
          ],
          [
            76.3226579,
            10.0605611
          ],
          [
            76.3230039,
            10.0610722
          ],
          [
            76.3232544,
            10.0613561
          ],
          [
            76.3235792,
            10.0616665
          ],
          [
            76.3238115,
            10.0618556
          ],
          [
            76.3241457,
            10.0620988
          ],
          [
            76.3251541,
            10.0627297
          ],
          [
            76.3256822,
            10.0631148
          ],
          [
            76.3260913,
            10.0634555
          ],
          [
            76.3265401,
            10.0638938
          ],
          [
            76.3267798,
            10.0641653
          ],
          [
            76.3271925,
            10.0647243
          ],
          [
            76.327571,
            10.0653774
          ],
          [
            76.3279657,
            10.0660482
          ],
          [
            76.328373,
            10.0668006
          ],
          [
            76.3288326,
            10.0675335
          ],
          [
            76.3290327,
            10.0678316
          ],
          [
            76.3294382,
            10.0683409
          ],
          [
            76.3297912,
            10.0687184
          ]
        ]
      },
      "id": "way/686311429"
    },
    {
      "type": "Feature",
      "properties": {
        "@id": "way/686311430",
        "bridge": "yes",
        "electrified": "rail",
        "frequency": "0",
        "gauge": "1435",
        "layer": "1",
        "name": "Kochi Metro Rail",
        "network": "Kochi Metro",
        "note": "Contributors are requested to not edit the \"network\" and the \"operator\" tags. (2023/11/08)",
        "operator": "Kochi Metro Rail Limited",
        "railway": "subway",
        "subway": "yes",
        "voltage": "750",
        "@relations": [
          {
            "role": "",
            "rel": 7834959,
            "reltags": {
              "colour": "#7FFFD4",
              "from": "Thrippunithura Terminal",
              "name": "Kochi Metro Phase I: Thrippunithura Terminal => Aluva",
              "network": "Kochi Metro",
              "network:wikidata": "Q3522910",
              "operator": "KMRL",
              "public_transport:version": "2",
              "ref": "I",
              "route": "subway",
              "to": "Aluva",
              "type": "route",
              "wikidata": "Q106775989"
            }
          }
        ]
      },
      "geometry": {
        "type": "LineString",
        "coordinates": [
          [
            76.3182231,
            10.0467107
          ],
          [
            76.3184243,
            10.0473476
          ],
          [
            76.3186495,
            10.0482131
          ],
          [
            76.3188676,
            10.0490011
          ],
          [
            76.3190424,
            10.0496541
          ],
          [
            76.3192569,
            10.0504315
          ],
          [
            76.3195326,
            10.0512886
          ],
          [
            76.3197842,
            10.051912
          ],
          [
            76.3200588,
            10.0526732
          ],
          [
            76.3202212,
            10.0531282
          ],
          [
            76.3204524,
            10.053703
          ],
          [
            76.3206728,
            10.0541834
          ],
          [
            76.3208239,
            10.054504
          ],
          [
            76.3209669,
            10.0548128
          ],
          [
            76.3211033,
            10.0551634
          ],
          [
            76.3211926,
            10.0554634
          ],
          [
            76.3212715,
            10.0557872
          ],
          [
            76.321322,
            10.0561195
          ],
          [
            76.3213951,
            10.0566313
          ],
          [
            76.3214776,
            10.0572247
          ],
          [
            76.321556,
            10.0575114
          ],
          [
            76.3218081,
            10.0582739
          ],
          [
            76.3219112,
            10.0586015
          ]
        ]
      },
      "id": "way/686311430"
    },
    {
      "type": "Feature",
      "properties": {
        "@id": "way/686311431",
        "bridge": "yes",
        "covered": "yes",
        "electrified": "rail",
        "frequency": "0",
        "gauge": "1435",
        "layer": "1",
        "name": "Kochi Metro Rail",
        "network": "Kochi Metro",
        "note": "Contributors are requested to not edit the \"network\" and the \"operator\" tags. (2023/11/08)",
        "operator": "Kochi Metro Rail Limited",
        "railway": "subway",
        "subway": "yes",
        "voltage": "750",
        "@relations": [
          {
            "role": "",
            "rel": 7834959,
            "reltags": {
              "colour": "#7FFFD4",
              "from": "Thrippunithura Terminal",
              "name": "Kochi Metro Phase I: Thrippunithura Terminal => Aluva",
              "network": "Kochi Metro",
              "network:wikidata": "Q3522910",
              "operator": "KMRL",
              "public_transport:version": "2",
              "ref": "I",
              "route": "subway",
              "to": "Aluva",
              "type": "route",
              "wikidata": "Q106775989"
            }
          }
        ]
      },
      "geometry": {
        "type": "LineString",
        "coordinates": [
          [
            76.3084012,
            10.0252072
          ],
          [
            76.3086059,
            10.0255565
          ],
          [
            76.308865,
            10.0260187
          ],
          [
            76.309023,
            10.0263057
          ],
          [
            76.309248,
            10.0267023
          ],
          [
            76.3096906,
            10.0275022
          ],
          [
            76.309971,
            10.0279914
          ],
          [
            76.3103603,
            10.028645
          ],
          [
            76.3108097,
            10.0294474
          ],
          [
            76.3112557,
            10.030236
          ],
          [
            76.3117406,
            10.0310677
          ],
          [
            76.3118366,
            10.0312151
          ],
          [
            76.3124676,
            10.0322704
          ],
          [
            76.3128055,
            10.0328248
          ],
          [
            76.3129875,
            10.0331565
          ],
          [
            76.3131492,
            10.0334647
          ],
          [
            76.3132611,
            10.0336794
          ],
          [
            76.3134658,
            10.0341211
          ],
          [
            76.3136355,
            10.0345163
          ],
          [
            76.3138164,
            10.0349256
          ],
          [
            76.3139457,
            10.0352053
          ],
          [
            76.3141742,
            10.0357128
          ],
          [
            76.3142191,
            10.0358194
          ],
          [
            76.3144023,
            10.0362372
          ],
          [
            76.3145481,
            10.0365573
          ],
          [
            76.3145943,
            10.0366632
          ],
          [
            76.3148459,
            10.0372277
          ],
          [
            76.3151975,
            10.0380171
          ],
          [
            76.3154447,
            10.0385881
          ],
          [
            76.3157874,
            10.0394461
          ],
          [
            76.3160181,
            10.0399767
          ],
          [
            76.3163299,
            10.0408126
          ],
          [
            76.3165101,
            10.0413255
          ],
          [
            76.3166633,
            10.0418313
          ],
          [
            76.316858,
            10.0424915
          ],
          [
            76.3170472,
            10.0431109
          ],
          [
            76.3172706,
            10.0438114
          ],
          [
            76.3174927,
            10.0445136
          ],
          [
            76.3177434,
            10.0452838
          ],
          [
            76.3180016,
            10.0460381
          ],
          [
            76.3182231,
            10.0467107
          ]
        ]
      },
      "id": "way/686311431"
    },
    {
      "type": "Feature",
      "properties": {
        "@id": "way/686311433",
        "bridge": "yes",
        "electrified": "rail",
        "frequency": "0",
        "gauge": "1435",
        "layer": "1",
        "name": "Kochi Metro Rail",
        "network": "Kochi Metro",
        "note": "Contributors are requested to not edit the \"network\" and the \"operator\" tags. (2023/11/08)",
        "operator": "Kochi Metro Rail Limited",
        "railway": "subway",
        "subway": "yes",
        "voltage": "750",
        "@relations": [
          {
            "role": "",
            "rel": 7834959,
            "reltags": {
              "colour": "#7FFFD4",
              "from": "Thrippunithura Terminal",
              "name": "Kochi Metro Phase I: Thrippunithura Terminal => Aluva",
              "network": "Kochi Metro",
              "network:wikidata": "Q3522910",
              "operator": "KMRL",
              "public_transport:version": "2",
              "ref": "I",
              "route": "subway",
              "to": "Aluva",
              "type": "route",
              "wikidata": "Q106775989"
            }
          }
        ]
      },
      "geometry": {
        "type": "LineString",
        "coordinates": [
          [
            76.302338,
            10.0152006
          ],
          [
            76.3023697,
            10.0156632
          ],
          [
            76.302391,
            10.0160222
          ],
          [
            76.3024002,
            10.0161666
          ],
          [
            76.3024311,
            10.0162799
          ],
          [
            76.302491,
            10.0164476
          ],
          [
            76.3025943,
            10.0166508
          ],
          [
            76.302776,
            10.0169189
          ],
          [
            76.3028542,
            10.0170354
          ],
          [
            76.3030442,
            10.0173223
          ],
          [
            76.3031569,
            10.0174873
          ],
          [
            76.3033801,
            10.0177574
          ],
          [
            76.3035644,
            10.017969
          ],
          [
            76.3038949,
            10.0182887
          ],
          [
            76.3042246,
            10.0185913
          ],
          [
            76.3043151,
            10.0186715
          ],
          [
            76.3045915,
            10.0189488
          ],
          [
            76.3048218,
            10.0192127
          ],
          [
            76.3049431,
            10.0193869
          ],
          [
            76.3050099,
            10.0194821
          ],
          [
            76.3052442,
            10.0198459
          ],
          [
            76.3054471,
            10.0201771
          ],
          [
            76.3056526,
            10.0205126
          ],
          [
            76.3057781,
            10.0207374
          ],
          [
            76.3059752,
            10.0210867
          ],
          [
            76.3061991,
            10.0214608
          ],
          [
            76.3064819,
            10.0219726
          ],
          [
            76.3066204,
            10.0222087
          ],
          [
            76.3068976,
            10.0226441
          ],
          [
            76.307019,
            10.0228636
          ],
          [
            76.3072561,
            10.0232439
          ],
          [
            76.3074905,
            10.0236368
          ],
          [
            76.3077228,
            10.0240319
          ],
          [
            76.3081472,
            10.0247425
          ],
          [
            76.3084012,
            10.0252072
          ]
        ]
      },
      "id": "way/686311433"
    },
    {
      "type": "Feature",
      "properties": {
        "@id": "way/686311434",
        "bridge": "viaduct",
        "electrified": "rail",
        "frequency": "0",
        "gauge": "1435",
        "layer": "2",
        "name": "Kochi Metro Rail",
        "network": "Kochi Metro",
        "note": "Contributors are requested to not edit the \"network\" and the \"operator\" tags. (2023/11/08)",
        "operator": "Kochi Metro Rail Limited",
        "railway": "subway",
        "subway": "yes",
        "voltage": "750",
        "@relations": [
          {
            "role": "",
            "rel": 7834959,
            "reltags": {
              "colour": "#7FFFD4",
              "from": "Thrippunithura Terminal",
              "name": "Kochi Metro Phase I: Thrippunithura Terminal => Aluva",
              "network": "Kochi Metro",
              "network:wikidata": "Q3522910",
              "operator": "KMRL",
              "public_transport:version": "2",
              "ref": "I",
              "route": "subway",
              "to": "Aluva",
              "type": "route",
              "wikidata": "Q106775989"
            }
          }
        ]
      },
      "geometry": {
        "type": "LineString",
        "coordinates": [
          [
            76.3047738,
            10.0064079
          ],
          [
            76.3045961,
            10.0069118
          ],
          [
            76.3043666,
            10.0075481
          ],
          [
            76.3041855,
            10.0080896
          ],
          [
            76.3040413,
            10.0085045
          ],
          [
            76.3038945,
            10.0089209
          ],
          [
            76.3036619,
            10.0095953
          ],
          [
            76.3034704,
            10.010166
          ],
          [
            76.3033108,
            10.0106431
          ],
          [
            76.3031881,
            10.0110564
          ],
          [
            76.3030979,
            10.0113592
          ],
          [
            76.3029391,
            10.0118694
          ],
          [
            76.302768,
            10.012505
          ],
          [
            76.3025447,
            10.0132947
          ],
          [
            76.3024549,
            10.0136198
          ],
          [
            76.3023515,
            10.0139682
          ],
          [
            76.3023043,
            10.0142476
          ],
          [
            76.3022909,
            10.0144526
          ],
          [
            76.3022977,
            10.0145787
          ],
          [
            76.3023174,
            10.0148766
          ],
          [
            76.302338,
            10.0152006
          ]
        ]
      },
      "id": "way/686311434"
    },
    {
      "type": "Feature",
      "properties": {
        "@id": "way/686311435",
        "bridge": "yes",
        "electrified": "rail",
        "frequency": "0",
        "gauge": "1435",
        "layer": "1",
        "name": "Kochi Metro Rail",
        "network": "Kochi Metro",
        "note": "Contributors are requested to not edit the \"network\" and the \"operator\" tags. (2023/11/08)",
        "operator": "Kochi Metro Rail Limited",
        "railway": "subway",
        "subway": "yes",
        "voltage": "750",
        "@relations": [
          {
            "role": "",
            "rel": 7834959,
            "reltags": {
              "colour": "#7FFFD4",
              "from": "Thrippunithura Terminal",
              "name": "Kochi Metro Phase I: Thrippunithura Terminal => Aluva",
              "network": "Kochi Metro",
              "network:wikidata": "Q3522910",
              "operator": "KMRL",
              "public_transport:version": "2",
              "ref": "I",
              "route": "subway",
              "to": "Aluva",
              "type": "route",
              "wikidata": "Q106775989"
            }
          }
        ]
      },
      "geometry": {
        "type": "LineString",
        "coordinates": [
          [
            76.2915084,
            9.9943906
          ],
          [
            76.2917854,
            9.9946715
          ],
          [
            76.2919663,
            9.9948523
          ],
          [
            76.2921318,
            9.9950256
          ],
          [
            76.2922869,
            9.995189
          ],
          [
            76.2926933,
            9.9955303
          ],
          [
            76.2929639,
            9.9957273
          ],
          [
            76.2934143,
            9.9960534
          ],
          [
            76.2939128,
            9.9964102
          ],
          [
            76.2947493,
            9.9970121
          ],
          [
            76.2952171,
            9.9973651
          ],
          [
            76.2954439,
            9.9975391
          ],
          [
            76.2956674,
            9.9977208
          ],
          [
            76.2962264,
            9.9982051
          ],
          [
            76.2969411,
            9.9988245
          ],
          [
            76.297558,
            9.9993476
          ],
          [
            76.2977352,
            9.999497
          ],
          [
            76.2979291,
            9.9996407
          ],
          [
            76.2981549,
            9.9997939
          ],
          [
            76.2984748,
            10.0000309
          ],
          [
            76.2992231,
            10.000513
          ]
        ]
      },
      "id": "way/686311435"
    },
    {
      "type": "Feature",
      "properties": {
        "@id": "way/686311436",
        "bridge": "yes",
        "electrified": "rail",
        "frequency": "0",
        "gauge": "1435",
        "layer": "1",
        "name": "Kochi Metro Rail",
        "network": "Kochi Metro",
        "note": "Contributors are requested to not edit the \"network\" and the \"operator\" tags. (2023/11/08)",
        "operator": "Kochi Metro Rail Limited",
        "railway": "subway",
        "subway": "yes",
        "voltage": "750",
        "@relations": [
          {
            "role": "",
            "rel": 7834959,
            "reltags": {
              "colour": "#7FFFD4",
              "from": "Thrippunithura Terminal",
              "name": "Kochi Metro Phase I: Thrippunithura Terminal => Aluva",
              "network": "Kochi Metro",
              "network:wikidata": "Q3522910",
              "operator": "KMRL",
              "public_transport:version": "2",
              "ref": "I",
              "route": "subway",
              "to": "Aluva",
              "type": "route",
              "wikidata": "Q106775989"
            }
          }
        ]
      },
      "geometry": {
        "type": "LineString",
        "coordinates": [
          [
            76.2883334,
            9.9914176
          ],
          [
            76.2886015,
            9.9916122
          ],
          [
            76.2887078,
            9.9917022
          ],
          [
            76.2889126,
            9.9918614
          ],
          [
            76.2894677,
            9.9923119
          ],
          [
            76.2901554,
            9.9929351
          ],
          [
            76.2903151,
            9.9931103
          ],
          [
            76.2906819,
            9.9935283
          ],
          [
            76.2909853,
            9.9938472
          ],
          [
            76.291214,
            9.994091
          ],
          [
            76.2915084,
            9.9943906
          ]
        ]
      },
      "id": "way/686311436"
    },
    {
      "type": "Feature",
      "properties": {
        "@id": "way/686311437",
        "bridge": "yes",
        "electrified": "rail",
        "frequency": "0",
        "gauge": "1435",
        "layer": "1",
        "name": "Kochi Metro Rail",
        "network": "Kochi Metro",
        "note": "Contributors are requested to not edit the \"network\" and the \"operator\" tags. (2023/11/08)",
        "operator": "Kochi Metro Rail Limited",
        "railway": "subway",
        "subway": "yes",
        "voltage": "750",
        "@relations": [
          {
            "role": "",
            "rel": 7834959,
            "reltags": {
              "colour": "#7FFFD4",
              "from": "Thrippunithura Terminal",
              "name": "Kochi Metro Phase I: Thrippunithura Terminal => Aluva",
              "network": "Kochi Metro",
              "network:wikidata": "Q3522910",
              "operator": "KMRL",
              "public_transport:version": "2",
              "ref": "I",
              "route": "subway",
              "to": "Aluva",
              "type": "route",
              "wikidata": "Q106775989"
            }
          }
        ]
      },
      "geometry": {
        "type": "LineString",
        "coordinates": [
          [
            76.2823354,
            9.9834493
          ],
          [
            76.2821643,
            9.9839587
          ],
          [
            76.2820331,
            9.9843328
          ],
          [
            76.2819948,
            9.9844728
          ],
          [
            76.2819477,
            9.9847206
          ],
          [
            76.2819408,
            9.9849009
          ],
          [
            76.2819517,
            9.9850846
          ],
          [
            76.2819999,
            9.9852906
          ],
          [
            76.2820675,
            9.9854707
          ],
          [
            76.2821709,
            9.985666
          ],
          [
            76.282252,
            9.9857743
          ],
          [
            76.2823241,
            9.9858595
          ],
          [
            76.2824552,
            9.9859863
          ],
          [
            76.2826287,
            9.9861102
          ],
          [
            76.2828034,
            9.9862037
          ],
          [
            76.283175,
            9.9863394
          ],
          [
            76.2837001,
            9.9865362
          ],
          [
            76.2839215,
            9.9866324
          ],
          [
            76.2841908,
            9.9867622
          ],
          [
            76.2844648,
            9.986927
          ],
          [
            76.2847114,
            9.9871083
          ],
          [
            76.284921,
            9.9872789
          ],
          [
            76.2851959,
            9.9874892
          ],
          [
            76.2853761,
            9.9876659
          ],
          [
            76.2855294,
            9.9878433
          ],
          [
            76.2857137,
            9.9880587
          ],
          [
            76.2858436,
            9.9882385
          ],
          [
            76.2860028,
            9.9884624
          ],
          [
            76.2861794,
            9.9887479
          ],
          [
            76.2863571,
            9.9890548
          ],
          [
            76.2864694,
            9.9892507
          ],
          [
            76.2866241,
            9.989496
          ],
          [
            76.2867832,
            9.9897293
          ],
          [
            76.2870472,
            9.9901122
          ],
          [
            76.2872428,
            9.9903736
          ],
          [
            76.2873767,
            9.9905409
          ],
          [
            76.2874761,
            9.9906949
          ],
          [
            76.2875764,
            9.9908133
          ],
          [
            76.2877228,
            9.9909403
          ],
          [
            76.2883334,
            9.9914176
          ]
        ]
      },
      "id": "way/686311437"
    },
    {
      "type": "Feature",
      "properties": {
        "@id": "way/686311438",
        "bridge": "yes",
        "electrified": "rail",
        "frequency": "0",
        "gauge": "1435",
        "layer": "1",
        "name": "Kochi Metro Rail",
        "network": "Kochi Metro",
        "note": "Contributors are requested to not edit the \"network\" and the \"operator\" tags. (2023/11/08)",
        "operator": "Kochi Metro Rail Limited",
        "railway": "subway",
        "subway": "yes",
        "voltage": "750",
        "@relations": [
          {
            "role": "",
            "rel": 7834959,
            "reltags": {
              "colour": "#7FFFD4",
              "from": "Thrippunithura Terminal",
              "name": "Kochi Metro Phase I: Thrippunithura Terminal => Aluva",
              "network": "Kochi Metro",
              "network:wikidata": "Q3522910",
              "operator": "KMRL",
              "public_transport:version": "2",
              "ref": "I",
              "route": "subway",
              "to": "Aluva",
              "type": "route",
              "wikidata": "Q106775989"
            }
          }
        ]
      },
      "geometry": {
        "type": "LineString",
        "coordinates": [
          [
            76.2850675,
            9.9732712
          ],
          [
            76.2850054,
            9.9735486
          ],
          [
            76.2849548,
            9.9737705
          ],
          [
            76.2848608,
            9.9740673
          ],
          [
            76.2847858,
            9.9744247
          ],
          [
            76.2847103,
            9.9747636
          ],
          [
            76.2845956,
            9.9752171
          ],
          [
            76.2844744,
            9.9756977
          ],
          [
            76.284342,
            9.9761831
          ],
          [
            76.2842078,
            9.9766162
          ],
          [
            76.2840892,
            9.9769994
          ],
          [
            76.2839929,
            9.9773
          ],
          [
            76.2838826,
            9.9776033
          ],
          [
            76.2837349,
            9.9779921
          ],
          [
            76.2836067,
            9.9783949
          ],
          [
            76.2834777,
            9.9787855
          ],
          [
            76.2833742,
            9.9791268
          ],
          [
            76.2833109,
            9.9793668
          ],
          [
            76.2832492,
            9.9795934
          ],
          [
            76.2831836,
            9.9799395
          ],
          [
            76.2831407,
            9.9801967
          ],
          [
            76.283083,
            9.9805457
          ],
          [
            76.2830476,
            9.980778
          ],
          [
            76.283033,
            9.9808874
          ],
          [
            76.2829916,
            9.9811931
          ],
          [
            76.2829437,
            9.9815231
          ],
          [
            76.2829015,
            9.9816936
          ],
          [
            76.2828589,
            9.9818792
          ],
          [
            76.2827652,
            9.9821639
          ],
          [
            76.2826966,
            9.9823841
          ],
          [
            76.2825882,
            9.9826664
          ],
          [
            76.2824984,
            9.9829575
          ],
          [
            76.2823354,
            9.9834493
          ]
        ]
      },
      "id": "way/686311438"
    },
    {
      "type": "Feature",
      "properties": {
        "@id": "way/686311439",
        "bridge": "yes",
        "electrified": "rail",
        "frequency": "0",
        "gauge": "1435",
        "layer": "1",
        "name": "Kochi Metro Rail",
        "network": "Kochi Metro",
        "note": "Contributors are requested to not edit the \"network\" and the \"operator\" tags. (2023/11/08)",
        "operator": "Kochi Metro Rail Limited",
        "railway": "subway",
        "subway": "yes",
        "voltage": "750",
        "@relations": [
          {
            "role": "",
            "rel": 7834959,
            "reltags": {
              "colour": "#7FFFD4",
              "from": "Thrippunithura Terminal",
              "name": "Kochi Metro Phase I: Thrippunithura Terminal => Aluva",
              "network": "Kochi Metro",
              "network:wikidata": "Q3522910",
              "operator": "KMRL",
              "public_transport:version": "2",
              "ref": "I",
              "route": "subway",
              "to": "Aluva",
              "type": "route",
              "wikidata": "Q106775989"
            }
          }
        ]
      },
      "geometry": {
        "type": "LineString",
        "coordinates": [
          [
            76.2852078,
            9.9725301
          ],
          [
            76.2851645,
            9.9729039
          ],
          [
            76.2850675,
            9.9732712
          ]
        ]
      },
      "id": "way/686311439"
    },
    {
      "type": "Feature",
      "properties": {
        "@id": "way/722554975",
        "bridge": "yes",
        "electrified": "rail",
        "frequency": "0",
        "gauge": "1435",
        "layer": "2",
        "name": "Kochi Metro Rail",
        "network": "Kochi Metro",
        "note": "Contributors are requested to not edit the \"network\" and the \"operator\" tags. (2023/11/08)",
        "operator": "Kochi Metro Rail Limited",
        "railway": "subway",
        "subway": "yes",
        "voltage": "750",
        "@relations": [
          {
            "role": "",
            "rel": 7834959,
            "reltags": {
              "colour": "#7FFFD4",
              "from": "Thrippunithura Terminal",
              "name": "Kochi Metro Phase I: Thrippunithura Terminal => Aluva",
              "network": "Kochi Metro",
              "network:wikidata": "Q3522910",
              "operator": "KMRL",
              "public_transport:version": "2",
              "ref": "I",
              "route": "subway",
              "to": "Aluva",
              "type": "route",
              "wikidata": "Q106775989"
            }
          }
        ]
      },
      "geometry": {
        "type": "LineString",
        "coordinates": [
          [
            76.3252195,
            9.9589581
          ],
          [
            76.325038,
            9.9591319
          ],
          [
            76.3247728,
            9.9593172
          ],
          [
            76.3243143,
            9.9596011
          ],
          [
            76.3236541,
            9.9599934
          ],
          [
            76.3217199,
            9.9612263
          ],
          [
            76.3211331,
            9.9616033
          ],
          [
            76.3207865,
            9.9618881
          ],
          [
            76.3205647,
            9.962199
          ],
          [
            76.3203841,
            9.9625941
          ],
          [
            76.3202965,
            9.9630122
          ],
          [
            76.3203135,
            9.9635246
          ],
          [
            76.3205126,
            9.9641389
          ],
          [
            76.3208897,
            9.9650764
          ],
          [
            76.3209576,
            9.9652849
          ],
          [
            76.3209961,
            9.965503
          ],
          [
            76.3210123,
            9.9658065
          ],
          [
            76.3209824,
            9.9660646
          ],
          [
            76.3208585,
            9.9665111
          ],
          [
            76.320443,
            9.9675859
          ],
          [
            76.3204182,
            9.9676492
          ],
          [
            76.3202856,
            9.9680353
          ],
          [
            76.3202184,
            9.968181
          ],
          [
            76.3201414,
            9.9683145
          ],
          [
            76.3200405,
            9.9684553
          ],
          [
            76.3199408,
            9.9685584
          ],
          [
            76.3198615,
            9.9686209
          ],
          [
            76.3197822,
            9.9686712
          ],
          [
            76.319641,
            9.9687462
          ],
          [
            76.319527,
            9.9687851
          ],
          [
            76.3194092,
            9.9688042
          ],
          [
            76.3192221,
            9.9688156
          ],
          [
            76.3190018,
            9.9687989
          ],
          [
            76.3185264,
            9.9687103
          ],
          [
            76.318219,
            9.9686704
          ],
          [
            76.3180173,
            9.9686599
          ],
          [
            76.3178127,
            9.9686686
          ],
          [
            76.317281,
            9.9687166
          ],
          [
            76.3170458,
            9.9687395
          ],
          [
            76.3167872,
            9.9687553
          ],
          [
            76.3166819,
            9.9687456
          ],
          [
            76.316134,
            9.9686726
          ],
          [
            76.3156478,
            9.9685909
          ],
          [
            76.315281,
            9.968516
          ],
          [
            76.3151323,
            9.9684853
          ],
          [
            76.3144518,
            9.9683451
          ],
          [
            76.3138996,
            9.9682266
          ],
          [
            76.3134145,
            9.9681143
          ],
          [
            76.3129876,
            9.968024
          ],
          [
            76.3122531,
            9.9678703
          ],
          [
            76.311613,
            9.9677266
          ],
          [
            76.3112029,
            9.9676509
          ],
          [
            76.3107176,
            9.9675733
          ],
          [
            76.3101498,
            9.9675007
          ],
          [
            76.3096386,
            9.9674152
          ],
          [
            76.3091583,
            9.9673436
          ],
          [
            76.308701,
            9.9672372
          ],
          [
            76.3084491,
            9.9671564
          ],
          [
            76.3082599,
            9.9671039
          ],
          [
            76.3076059,
            9.9669753
          ],
          [
            76.3074269,
            9.9669473
          ],
          [
            76.3073574,
            9.9669414
          ],
          [
            76.3072953,
            9.9669556
          ],
          [
            76.3071669,
            9.9669891
          ],
          [
            76.3069904,
            9.9670424
          ],
          [
            76.3066975,
            9.9671939
          ],
          [
            76.3060651,
            9.9674606
          ],
          [
            76.3057129,
            9.9676032
          ],
          [
            76.305394,
            9.9677139
          ],
          [
            76.3050869,
            9.9677824
          ],
          [
            76.3049097,
            9.9677991
          ],
          [
            76.3046672,
            9.9677918
          ],
          [
            76.3044109,
            9.9677825
          ],
          [
            76.3037672,
            9.9677489
          ],
          [
            76.3035241,
            9.9677351
          ],
          [
            76.3033287,
            9.9677238
          ],
          [
            76.303054,
            9.9677077
          ],
          [
            76.3027675,
            9.9676878
          ],
          [
            76.3020806,
            9.9676386
          ],
          [
            76.3017901,
            9.9676175
          ],
          [
            76.3014741,
            9.9675935
          ],
          [
            76.3013289,
            9.9675824
          ],
          [
            76.3010569,
            9.9675601
          ],
          [
            76.3008856,
            9.9675388
          ],
          [
            76.3005576,
            9.9674734
          ],
          [
            76.3004302,
            9.9674378
          ],
          [
            76.3002615,
            9.9673829
          ],
          [
            76.3000933,
            9.967313
          ],
          [
            76.2998403,
            9.9672043
          ],
          [
            76.2992853,
            9.9669668
          ],
          [
            76.2988742,
            9.9668001
          ],
          [
            76.2984495,
            9.9666351
          ],
          [
            76.2983025,
            9.966578
          ],
          [
            76.298208,
            9.9665419
          ],
          [
            76.2978342,
            9.9664027
          ],
          [
            76.2974924,
            9.9663093
          ],
          [
            76.2971203,
            9.9662287
          ],
          [
            76.2968068,
            9.9661609
          ],
          [
            76.2964536,
            9.9660856
          ],
          [
            76.2959931,
            9.965987
          ],
          [
            76.2953293,
            9.9658681
          ],
          [
            76.2949388,
            9.9658133
          ],
          [
            76.2944897,
            9.9657543
          ],
          [
            76.294063,
            9.9656953
          ],
          [
            76.293752,
            9.9656304
          ],
          [
            76.2932946,
            9.9655366
          ],
          [
            76.292996,
            9.9654927
          ],
          [
            76.2926986,
            9.9655121
          ],
          [
            76.292531,
            9.9655628
          ],
          [
            76.2923677,
            9.9656302
          ],
          [
            76.2922263,
            9.9657244
          ],
          [
            76.2920751,
            9.9658339
          ],
          [
            76.2919518,
            9.9659781
          ],
          [
            76.2918639,
            9.9660873
          ],
          [
            76.2918024,
            9.9661934
          ],
          [
            76.2917329,
            9.9663283
          ],
          [
            76.2916079,
            9.9666527
          ],
          [
            76.2914363,
            9.9671335
          ],
          [
            76.2912592,
            9.9675932
          ],
          [
            76.2911872,
            9.9677983
          ],
          [
            76.2911043,
            9.9680038
          ],
          [
            76.2910265,
            9.9681289
          ],
          [
            76.2909372,
            9.9682514
          ],
          [
            76.2907487,
            9.9684215
          ],
          [
            76.2906866,
            9.9684628
          ],
          [
            76.2906118,
            9.9685072
          ],
          [
            76.2905193,
            9.9685502
          ],
          [
            76.2903914,
            9.9685931
          ],
          [
            76.2903218,
            9.9686096
          ],
          [
            76.2902426,
            9.9686201
          ],
          [
            76.2901695,
            9.9686275
          ],
          [
            76.290108,
            9.9686284
          ],
          [
            76.2900403,
            9.9686288
          ],
          [
            76.289957,
            9.9686249
          ],
          [
            76.2898691,
            9.968621
          ],
          [
            76.2895798,
            9.9685938
          ],
          [
            76.28941,
            9.9685706
          ],
          [
            76.2892454,
            9.9685457
          ],
          [
            76.2890933,
            9.968528
          ],
          [
            76.2889242,
            9.9685036
          ],
          [
            76.2887828,
            9.9684877
          ],
          [
            76.2886506,
            9.9684761
          ],
          [
            76.2885381,
            9.9684753
          ],
          [
            76.2884233,
            9.9684807
          ],
          [
            76.2882894,
            9.9684906
          ],
          [
            76.2882206,
            9.9684974
          ],
          [
            76.2881488,
            9.9685078
          ],
          [
            76.288002,
            9.9685331
          ],
          [
            76.2877461,
            9.968583
          ],
          [
            76.2875269,
            9.9685904
          ],
          [
            76.2870626,
            9.968566
          ],
          [
            76.2869336,
            9.9685541
          ],
          [
            76.2868011,
            9.9685597
          ],
          [
            76.2866397,
            9.9685972
          ],
          [
            76.2864741,
            9.9686669
          ],
          [
            76.2862997,
            9.9687666
          ],
          [
            76.2861939,
            9.9688559
          ],
          [
            76.2860705,
            9.968988
          ],
          [
            76.2859847,
            9.9691055
          ],
          [
            76.2859176,
            9.9692244
          ],
          [
            76.285821,
            9.9694952
          ],
          [
            76.2856554,
            9.969972
          ],
          [
            76.285577,
            9.9702065
          ],
          [
            76.2855243,
            9.9704548
          ],
          [
            76.2852078,
            9.9725301
          ]
        ]
      },
      "id": "way/722554975"
    },
    {
      "type": "Feature",
      "properties": {
        "@id": "way/722554976",
        "bridge": "yes",
        "electrified": "rail",
        "frequency": "0",
        "gauge": "1435",
        "layer": "1",
        "name": "Kochi Metro Rail Line Extension",
        "network": "Kochi Metro",
        "note": "Contributors are requested to not edit the \"network\" and the \"operator\" tags. (2023/11/08)",
        "operator": "Kochi Metro Rail Limited",
        "railway": "subway",
        "subway": "yes",
        "voltage": "750",
        "@relations": [
          {
            "role": "",
            "rel": 7834959,
            "reltags": {
              "colour": "#7FFFD4",
              "from": "Thrippunithura Terminal",
              "name": "Kochi Metro Phase I: Thrippunithura Terminal => Aluva",
              "network": "Kochi Metro",
              "network:wikidata": "Q3522910",
              "operator": "KMRL",
              "public_transport:version": "2",
              "ref": "I",
              "route": "subway",
              "to": "Aluva",
              "type": "route",
              "wikidata": "Q106775989"
            }
          }
        ]
      },
      "geometry": {
        "type": "LineString",
        "coordinates": [
          [
            76.3315086,
            9.9504058
          ],
          [
            76.3313579,
            9.9505465
          ],
          [
            76.3312301,
            9.9506879
          ],
          [
            76.331128,
            9.9508355
          ],
          [
            76.3309573,
            9.9511149
          ],
          [
            76.3306276,
            9.9516805
          ],
          [
            76.3304324,
            9.9520099
          ],
          [
            76.3301031,
            9.9525969
          ],
          [
            76.3295909,
            9.9534268
          ],
          [
            76.3295099,
            9.9535282
          ],
          [
            76.3294181,
            9.9536211
          ],
          [
            76.3292644,
            9.9537357
          ],
          [
            76.3290904,
            9.9538225
          ],
          [
            76.3288008,
            9.9539286
          ],
          [
            76.3285336,
            9.9540135
          ],
          [
            76.328372,
            9.9540805
          ],
          [
            76.3282194,
            9.9541796
          ],
          [
            76.328083,
            9.9542888
          ],
          [
            76.327989,
            9.9544012
          ],
          [
            76.327814,
            9.9546748
          ],
          [
            76.3274013,
            9.9553763
          ]
        ]
      },
      "id": "way/722554976"
    },
    {
      "type": "Feature",
      "properties": {
        "@id": "way/845049737",
        "bridge": "yes",
        "electrified": "rail",
        "frequency": "0",
        "gauge": "1435",
        "layer": "1",
        "name": "Kochi Metro Rail Phase II",
        "network": "Kochi Metro",
        "note": "Contributors are requested to not edit the \"network\" and the \"operator\" tags. (2023/11/08)",
        "operator": "Kochi Metro Rail Limited",
        "railway": "subway",
        "subway": "yes",
        "voltage": "750",
        "@relations": [
          {
            "role": "",
            "rel": 7834959,
            "reltags": {
              "colour": "#7FFFD4",
              "from": "Thrippunithura Terminal",
              "name": "Kochi Metro Phase I: Thrippunithura Terminal => Aluva",
              "network": "Kochi Metro",
              "network:wikidata": "Q3522910",
              "operator": "KMRL",
              "public_transport:version": "2",
              "ref": "I",
              "route": "subway",
              "to": "Aluva",
              "type": "route",
              "wikidata": "Q106775989"
            }
          }
        ]
      },
      "geometry": {
        "type": "LineString",
        "coordinates": [
          [
            76.3465653,
            9.9547881
          ],
          [
            76.3461903,
            9.9546983
          ],
          [
            76.345873,
            9.9546247
          ],
          [
            76.3429711,
            9.9538652
          ],
          [
            76.3422656,
            9.9536795
          ],
          [
            76.3417331,
            9.9535126
          ],
          [
            76.3404892,
            9.9531004
          ],
          [
            76.3395565,
            9.9528024
          ],
          [
            76.3385555,
            9.952492
          ],
          [
            76.3376085,
            9.9521768
          ],
          [
            76.3364856,
            9.9517943
          ],
          [
            76.3352732,
            9.9513769
          ]
        ]
      },
      "id": "way/845049737"
    },
    {
      "type": "Feature",
      "properties": {
        "@id": "way/845049738",
        "bridge": "yes",
        "electrified": "rail",
        "frequency": "0",
        "gauge": "1435",
        "layer": "1",
        "name": "Kochi Metro Rail Phase II",
        "network": "Kochi Metro",
        "note": "Contributors are requested to not edit the \"network\" and the \"operator\" tags. (2023/11/08)",
        "operator": "Kochi Metro Rail Limited",
        "railway": "subway",
        "subway": "yes",
        "voltage": "750",
        "@relations": [
          {
            "role": "",
            "rel": 7752157,
            "reltags": {
              "colour": "#7FFFD4",
              "from": "Aluva",
              "name": "Kochi Metro Phase I: Aluva => Thrippunithura Terminal",
              "network": "Kochi Metro",
              "network:wikidata": "Q3522910",
              "operator": "KMRL",
              "public_transport:version": "2",
              "ref": "I",
              "route": "subway",
              "to": "Thrippunithura Terminal",
              "type": "route",
              "wikidata": "Q106775989"
            }
          }
        ]
      },
      "geometry": {
        "type": "LineString",
        "coordinates": [
          [
            76.352011,
            9.9506317
          ],
          [
            76.3502436,
            9.9542429
          ],
          [
            76.3497614,
            9.9552829
          ],
          [
            76.3496986,
            9.9553941
          ],
          [
            76.3496539,
            9.9554434
          ],
          [
            76.3495836,
            9.9554937
          ],
          [
            76.3495436,
            9.9555048
          ],
          [
            76.3495197,
            9.9555115
          ],
          [
            76.3494357,
            9.9555115
          ],
          [
            76.3492196,
            9.9555115
          ],
          [
            76.3489609,
            9.9554811
          ],
          [
            76.3487034,
            9.9554337
          ],
          [
            76.3484862,
            9.9553899
          ],
          [
            76.3483403,
            9.9553584
          ],
          [
            76.3481679,
            9.9553123
          ],
          [
            76.3480178,
            9.9552641
          ],
          [
            76.3478241,
            9.9551907
          ],
          [
            76.3472717,
            9.9549957
          ],
          [
            76.3470801,
            9.9549401
          ],
          [
            76.3469564,
            9.9549117
          ],
          [
            76.3469,
            9.9549001
          ],
          [
            76.3467489,
            9.9548655
          ],
          [
            76.3465486,
            9.9548209
          ],
          [
            76.3458853,
            9.9546595
          ],
          [
            76.3429435,
            9.9538916
          ],
          [
            76.3422878,
            9.9537141
          ],
          [
            76.3417135,
            9.9535473
          ],
          [
            76.3404807,
            9.9531308
          ],
          [
            76.3395323,
            9.9528395
          ],
          [
            76.3385457,
            9.9525201
          ],
          [
            76.3375861,
            9.9521993
          ],
          [
            76.3365023,
            9.9518342
          ],
          [
            76.3352457,
            9.9513995
          ]
        ]
      },
      "id": "way/845049738"
    },
    {
      "type": "Feature",
      "properties": {
        "@id": "way/845049739",
        "bridge": "yes",
        "electrified": "rail",
        "frequency": "0",
        "gauge": "1435",
        "layer": "1",
        "name": "Kochi Metro Rail Phase I Extension",
        "network": "Kochi Metro",
        "note": "Contributors are requested to not edit the \"network\" and the \"operator\" tags. (2023/11/08)",
        "operator": "Kochi Metro Rail Limited",
        "railway": "subway",
        "subway": "yes",
        "voltage": "750",
        "@relations": [
          {
            "role": "",
            "rel": 7752157,
            "reltags": {
              "colour": "#7FFFD4",
              "from": "Aluva",
              "name": "Kochi Metro Phase I: Aluva => Thrippunithura Terminal",
              "network": "Kochi Metro",
              "network:wikidata": "Q3522910",
              "operator": "KMRL",
              "public_transport:version": "2",
              "ref": "I",
              "route": "subway",
              "to": "Thrippunithura Terminal",
              "type": "route",
              "wikidata": "Q106775989"
            }
          }
        ]
      },
      "geometry": {
        "type": "LineString",
        "coordinates": [
          [
            76.3352457,
            9.9513995
          ],
          [
            76.3347475,
            9.9512233
          ],
          [
            76.3340911,
            9.9509631
          ],
          [
            76.3329467,
            9.9504489
          ],
          [
            76.3325067,
            9.9502633
          ],
          [
            76.3323239,
            9.9502414
          ],
          [
            76.3321335,
            9.9502413
          ],
          [
            76.3320409,
            9.9502494
          ],
          [
            76.3319121,
            9.9502688
          ],
          [
            76.3317963,
            9.9503062
          ],
          [
            76.3316581,
            9.9503739
          ],
          [
            76.3315307,
            9.9504525
          ]
        ]
      },
      "id": "way/845049739"
    },
    {
      "type": "Feature",
      "properties": {
        "@id": "way/845049740",
        "bridge": "yes",
        "electrified": "rail",
        "frequency": "0",
        "gauge": "1435",
        "layer": "1",
        "name": "Kochi Metro Rail Line Extension",
        "network": "Kochi Metro",
        "note": "Contributors are requested to not edit the \"network\" and the \"operator\" tags. (2023/11/08)",
        "operator": "Kochi Metro Rail Limited",
        "railway": "subway",
        "subway": "yes",
        "voltage": "750",
        "@relations": [
          {
            "role": "",
            "rel": 7752157,
            "reltags": {
              "colour": "#7FFFD4",
              "from": "Aluva",
              "name": "Kochi Metro Phase I: Aluva => Thrippunithura Terminal",
              "network": "Kochi Metro",
              "network:wikidata": "Q3522910",
              "operator": "KMRL",
              "public_transport:version": "2",
              "ref": "I",
              "route": "subway",
              "to": "Thrippunithura Terminal",
              "type": "route",
              "wikidata": "Q106775989"
            }
          }
        ]
      },
      "geometry": {
        "type": "LineString",
        "coordinates": [
          [
            76.3315307,
            9.9504525
          ],
          [
            76.3313214,
            9.9506434
          ],
          [
            76.3311477,
            9.9508819
          ],
          [
            76.3309053,
            9.9512914
          ],
          [
            76.3306731,
            9.9517076
          ],
          [
            76.3305016,
            9.952002
          ],
          [
            76.3301067,
            9.9526701
          ],
          [
            76.3297395,
            9.9532634
          ],
          [
            76.3295157,
            9.9535728
          ],
          [
            76.3294308,
            9.9536543
          ],
          [
            76.3293666,
            9.9537117
          ],
          [
            76.3292979,
            9.9537558
          ],
          [
            76.3291123,
            9.9538472
          ],
          [
            76.32892,
            9.9539209
          ],
          [
            76.3285346,
            9.9540498
          ],
          [
            76.3283623,
            9.9541395
          ],
          [
            76.3282129,
            9.9542453
          ],
          [
            76.328115,
            9.9543393
          ],
          [
            76.3280171,
            9.9544529
          ],
          [
            76.3278594,
            9.9547015
          ],
          [
            76.3276477,
            9.9550502
          ],
          [
            76.3274477,
            9.9554024
          ]
        ]
      },
      "id": "way/845049740"
    },
    {
      "type": "Feature",
      "properties": {
        "@id": "way/845049741",
        "bridge": "yes",
        "electrified": "rail",
        "frequency": "0",
        "gauge": "1435",
        "layer": "1",
        "name": "Kochi Metro Rail Line Extension",
        "network": "Kochi Metro",
        "note": "Contributors are requested to not edit the \"network\" and the \"operator\" tags. (2023/11/08)",
        "operator": "Kochi Metro Rail Limited",
        "railway": "subway",
        "subway": "yes",
        "voltage": "750",
        "@relations": [
          {
            "role": "",
            "rel": 7834959,
            "reltags": {
              "colour": "#7FFFD4",
              "from": "Thrippunithura Terminal",
              "name": "Kochi Metro Phase I: Thrippunithura Terminal => Aluva",
              "network": "Kochi Metro",
              "network:wikidata": "Q3522910",
              "operator": "KMRL",
              "public_transport:version": "2",
              "ref": "I",
              "route": "subway",
              "to": "Aluva",
              "type": "route",
              "wikidata": "Q106775989"
            }
          }
        ]
      },
      "geometry": {
        "type": "LineString",
        "coordinates": [
          [
            76.3274013,
            9.9553763
          ],
          [
            76.3271316,
            9.9558877
          ],
          [
            76.3267234,
            9.9567243
          ],
          [
            76.3263439,
            9.9574309
          ],
          [
            76.3259147,
            9.9580392
          ],
          [
            76.3252195,
            9.9589581
          ]
        ]
      },
      "id": "way/845049741"
    },
    {
      "type": "Feature",
      "properties": {
        "@id": "way/845049742",
        "bridge": "yes",
        "electrified": "rail",
        "frequency": "0",
        "gauge": "1435",
        "layer": "1",
        "name": "Kochi Metro Rail Line Extension",
        "network": "Kochi Metro",
        "note": "Contributors are requested to not edit the \"network\" and the \"operator\" tags. (2023/11/08)",
        "operator": "Kochi Metro Rail Limited",
        "railway": "subway",
        "subway": "yes",
        "voltage": "750",
        "@relations": [
          {
            "role": "",
            "rel": 7752157,
            "reltags": {
              "colour": "#7FFFD4",
              "from": "Aluva",
              "name": "Kochi Metro Phase I: Aluva => Thrippunithura Terminal",
              "network": "Kochi Metro",
              "network:wikidata": "Q3522910",
              "operator": "KMRL",
              "public_transport:version": "2",
              "ref": "I",
              "route": "subway",
              "to": "Thrippunithura Terminal",
              "type": "route",
              "wikidata": "Q106775989"
            }
          }
        ]
      },
      "geometry": {
        "type": "LineString",
        "coordinates": [
          [
            76.3274477,
            9.9554024
          ],
          [
            76.3271685,
            9.9559039
          ],
          [
            76.3267536,
            9.9567395
          ],
          [
            76.3263702,
            9.9574482
          ],
          [
            76.3259434,
            9.9580699
          ],
          [
            76.3252457,
            9.9589982
          ]
        ]
      },
      "id": "way/845049742"
    },
    {
      "type": "Feature",
      "properties": {
        "@id": "way/1260593335",
        "bridge": "yes",
        "layer": "1",
        "name": "Kochi Metro Rail Phase II",
        "network": "Kochi Metro",
        "note": "Contributors are requested to not edit the \"network\" and the \"operator\" tags. (2023/11/08)",
        "operator": "Kochi Metro Rail Limited",
        "railway": "subway",
        "subway": "yes"
      },
      "geometry": {
        "type": "LineString",
        "coordinates": [
          [
            76.3521995,
            9.950252
          ],
          [
            76.352011,
            9.9506317
          ]
        ]
      },
      "id": "way/1260593335"
    },
    {
      "type": "Feature",
      "properties": {
        "@id": "way/1260593336",
        "bridge": "yes",
        "layer": "1",
        "name": "Kochi Metro Rail Phase II",
        "network": "Kochi Metro",
        "note": "Contributors are requested to not edit the \"network\" and the \"operator\" tags. (2023/11/08)",
        "operator": "Kochi Metro Rail Limited",
        "railway": "subway",
        "subway": "yes"
      },
      "geometry": {
        "type": "LineString",
        "coordinates": [
          [
            76.3521552,
            9.9502352
          ],
          [
            76.351866,
            9.9507936
          ]
        ]
      },
      "id": "way/1260593336"
    },
    {
      "type": "Feature",
      "properties": {
        "@id": "way/1486459772",
        "bridge": "viaduct",
        "electrified": "rail",
        "frequency": "0",
        "gauge": "1435",
        "layer": "2",
        "name": "Kochi Metro Blue Line",
        "railway": "subway",
        "service": "crossover",
        "voltage": "750"
      },
      "geometry": {
        "type": "LineString",
        "coordinates": [
          [
            76.3045961,
            10.0069118
          ],
          [
            76.3044148,
            10.0075629
          ]
        ]
      },
      "id": "way/1486459772"
    },
    {
      "type": "Feature",
      "properties": {
        "@id": "way/1486463073",
        "bridge": "viaduct",
        "electrified": "rail",
        "frequency": "0",
        "gauge": "1435",
        "layer": "2",
        "name": "Kochi Metro Rail",
        "network": "Kochi Metro",
        "note": "Contributors are requested to not edit the \"network\" and the \"operator\" tags. (2023/11/08)",
        "operator": "Kochi Metro Rail Limited",
        "railway": "subway",
        "subway": "yes",
        "voltage": "750",
        "wikipedia": "en:Kochi Metro"
      },
      "geometry": {
        "type": "LineString",
        "coordinates": [
          [
            76.3318333,
            10.0706416
          ],
          [
            76.3322876,
            10.071023
          ],
          [
            76.3324845,
            10.0711743
          ],
          [
            76.3326533,
            10.0713188
          ],
          [
            76.332825,
            10.0714828
          ],
          [
            76.3329833,
            10.0716616
          ],
          [
            76.3332703,
            10.0720001
          ],
          [
            76.3340132,
            10.0729231
          ]
        ]
      },
      "id": "way/1486463073"
    },
    {
      "type": "Feature",
      "properties": {
        "@id": "way/1486466843",
        "bridge": "viaduct",
        "electrified": "rail",
        "frequency": "0",
        "gauge": "1435",
        "layer": "1",
        "name": "Kochi Metro Rail",
        "network": "Kochi Metro",
        "note": "Contributors are requested to not edit the \"network\" and the \"operator\" tags. (2023/11/08)",
        "operator": "Kochi Metro Rail Limited",
        "railway": "subway",
        "service": "spur",
        "subway": "yes",
        "voltage": "750",
        "wikipedia": "en:Kochi Metro"
      },
      "geometry": {
        "type": "LineString",
        "coordinates": [
          [
            76.3382294,
            10.0754621
          ],
          [
            76.3388843,
            10.0759312
          ],
          [
            76.3396234,
            10.0764736
          ],
          [
            76.3399576,
            10.0767273
          ],
          [
            76.340302,
            10.077017
          ]
        ]
      },
      "id": "way/1486466843"
    },
    {
      "type": "Feature",
      "properties": {
        "@id": "way/1486466844",
        "bridge": "viaduct",
        "electrified": "rail",
        "gauge": "1435",
        "layer": "1",
        "name": "Kochi Metro Rail",
        "network": "Kochi Metro",
        "note": "Contributors are requested to not edit the \"network\" and the \"operator\" tags. (2023/11/08)",
        "operator": "Kochi Metro Rail Limited",
        "railway": "subway",
        "service": "spur",
        "subway": "yes"
      },
      "geometry": {
        "type": "LineString",
        "coordinates": [
          [
            76.3381975,
            10.0755021
          ],
          [
            76.338854,
            10.0760045
          ],
          [
            76.3393534,
            10.076371
          ],
          [
            76.3397002,
            10.0766169
          ],
          [
            76.3399343,
            10.0767941
          ],
          [
            76.3402654,
            10.0770575
          ]
        ]
      },
      "id": "way/1486466844"
    },
    {
      "type": "Feature",
      "properties": {
        "@id": "node/4021153223",
        "name": "Aluva",
        "name:hi": "आलुवा",
        "name:ml": "ആലുവാ",
        "network": "Kochi Metro",
        "note": "Contributors are requested to not edit the \"network\" and the \"operator\" tags. (2023/11/08)",
        "operator": "Kochi Metro Rail Limited",
        "public_transport": "stop_position",
        "railway": "stop",
        "ref": "ALVA",
        "start_date": "2017-06-19",
        "subway": "yes",
        "@relations": [
          {
            "role": "stop",
            "rel": 7752157,
            "reltags": {
              "colour": "#7FFFD4",
              "from": "Aluva",
              "name": "Kochi Metro Phase I: Aluva => Thrippunithura Terminal",
              "network": "Kochi Metro",
              "network:wikidata": "Q3522910",
              "operator": "KMRL",
              "public_transport:version": "2",
              "ref": "I",
              "route": "subway",
              "to": "Thrippunithura Terminal",
              "type": "route",
              "wikidata": "Q106775989"
            }
          }
        ]
      },
      "geometry": {
        "type": "Point",
        "coordinates": [
          76.3493897,
          10.1102298
        ]
      },
      "id": "node/4021153223"
    },
    {
      "type": "Feature",
      "properties": {
        "@id": "node/4757735656",
        "name": "Thrippunithura Terminal",
        "name:ml": "തൃപ്പൂണിത്തുറ ടെർമിനൽ",
        "network": "Kochi Metro",
        "note": "Contributors are requested to not edit the \"network\" and the \"operator\" tags. (2023/11/08)",
        "operator": "Kochi Metro Rail Limited",
        "public_transport": "stop_position",
        "railway": "stop",
        "start_date": "2024-03-06",
        "subway": "yes",
        "@relations": [
          {
            "role": "stop",
            "rel": 7834959,
            "reltags": {
              "colour": "#7FFFD4",
              "from": "Thrippunithura Terminal",
              "name": "Kochi Metro Phase I: Thrippunithura Terminal => Aluva",
              "network": "Kochi Metro",
              "network:wikidata": "Q3522910",
              "operator": "KMRL",
              "public_transport:version": "2",
              "ref": "I",
              "route": "subway",
              "to": "Aluva",
              "type": "route",
              "wikidata": "Q106775989"
            }
          }
        ]
      },
      "geometry": {
        "type": "Point",
        "coordinates": [
          76.351866,
          9.9507936
        ]
      },
      "id": "node/4757735656"
    },
    {
      "type": "Feature",
      "properties": {
        "@id": "node/4903755238",
        "internet_access": "yes",
        "name": "Aluva",
        "name:hi": "आलुवा",
        "name:ml": "ആലുവാ",
        "network": "Kochi Metro",
        "note": "Contributors are requested to not edit the \"network\" and the \"operator\" tags. (2023/11/08)",
        "operator": "Kochi Metro Rail Limited",
        "public_transport": "station",
        "railway": "station",
        "ref": "ALVA",
        "station": "subway",
        "subway": "yes",
        "tactile_paving": "yes",
        "toilets:wheelchair": "yes",
        "wheelchair": "yes",
        "wikidata": "Q38476609",
        "wikipedia": "en:Aluva metro station"
      },
      "geometry": {
        "type": "Point",
        "coordinates": [
          76.3495159,
          10.1100952
        ]
      },
      "id": "node/4903755238"
    },
    {
      "type": "Feature",
      "properties": {
        "@id": "node/4903755239",
        "internet_access": "yes",
        "name": "Ambattukavu",
        "name:hi": "अम्बाटुकाव्",
        "name:ml": "അമ്പാട്ട്കാവ്",
        "network": "Kochi Metro",
        "note": "Contributors are requested to not edit the \"network\" and the \"operator\" tags. (2023/11/08)",
        "operator": "Kochi Metro Rail Limited",
        "public_transport": "station",
        "railway": "station",
        "ref": "AATK",
        "station": "subway",
        "subway": "yes",
        "tactile_paving": "yes",
        "toilets:wheelchair": "yes",
        "wheelchair": "yes",
        "wikidata": "Q38379892",
        "wikipedia": "en:Ambattukavu metro station"
      },
      "geometry": {
        "type": "Point",
        "coordinates": [
          76.3387004,
          10.0794208
        ]
      },
      "id": "node/4903755239"
    },
    {
      "type": "Feature",
      "properties": {
        "@id": "node/4903755240",
        "internet_access": "yes",
        "name": "Changampuzha Park",
        "name:hi": "चंगमपुष़ा पार्क",
        "name:ml": "ചങ്ങമ്പുഴ പാർക്ക്",
        "network": "Kochi Metro",
        "note": "Contributors are requested to not edit the \"network\" and the \"operator\" tags. (2023/11/08)",
        "operator": "Kochi Metro Rail Limited",
        "public_transport": "station",
        "railway": "station",
        "ref": "CGPP",
        "station": "subway",
        "subway": "yes",
        "tactile_paving": "yes",
        "toilets:wheelchair": "yes",
        "wheelchair": "yes",
        "wikidata": "Q38584315",
        "wikipedia": "en:Changampuzha Park metro station"
      },
      "geometry": {
        "type": "Point",
        "coordinates": [
          76.3024538,
          10.0151019
        ]
      },
      "id": "node/4903755240"
    },
    {
      "type": "Feature",
      "properties": {
        "@id": "node/4903755241",
        "internet_access": "yes",
        "name": "Cochin University",
        "name:hi": "कोच्चिन यूनिवर्सिटी",
        "name:ml": "കൊച്ചിൻ യൂണിവേഴ്സിറ്റി",
        "network": "Kochi Metro",
        "note": "Contributors are requested to not edit the \"network\" and the \"operator\" tags. (2023/11/08)",
        "operator": "Kochi Metro Rail Limited",
        "public_transport": "station",
        "railway": "station",
        "ref": "CCUV",
        "station": "subway",
        "subway": "yes",
        "tactile_paving": "yes",
        "toilets:wheelchair": "yes",
        "wheelchair": "yes",
        "wikidata": "Q38499541",
        "wikipedia": "en:Cochin University metro station"
      },
      "geometry": {
        "type": "Point",
        "coordinates": [
          76.3183086,
          10.0466793
        ]
      },
      "id": "node/4903755241"
    },
    {
      "type": "Feature",
      "properties": {
        "@id": "node/4903755242",
        "internet_access": "yes",
        "name": "Companypady",
        "name:ml": "കമ്പനിപ്പടി",
        "network": "Kochi Metro",
        "note": "Contributors are requested to not edit the \"network\" and the \"operator\" tags. (2023/11/08)",
        "operator": "Kochi Metro Rail Limited",
        "public_transport": "station",
        "railway": "station",
        "ref": "CPPY",
        "station": "subway",
        "subway": "yes",
        "tactile_paving": "yes",
        "toilets:wheelchair": "yes",
        "wheelchair": "yes",
        "wikidata": "Q38389562",
        "wikipedia": "en:Companypady metro station"
      },
      "geometry": {
        "type": "Point",
        "coordinates": [
          76.3425681,
          10.0873039
        ]
      },
      "id": "node/4903755242"
    },
    {
      "type": "Feature",
      "properties": {
        "@id": "node/4903755243",
        "internet_access": "yes",
        "name": "Edappally",
        "name:hi": "इडप्पल्ली",
        "name:ml": "ഇടപ്പള്ളി",
        "network": "Kochi Metro",
        "note": "Contributors are requested to not edit the \"network\" and the \"operator\" tags. (2023/11/08)",
        "operator": "Kochi Metro Rail Limited",
        "public_transport": "station",
        "railway": "station",
        "ref": "EDAP",
        "station": "subway",
        "subway": "yes",
        "tactile_paving": "yes",
        "toilets:wheelchair": "yes",
        "wheelchair": "yes",
        "wikidata": "Q38582577",
        "wikipedia": "en:Edapally metro station"
      },
      "geometry": {
        "type": "Point",
        "coordinates": [
          76.3079848,
          10.025487
        ]
      },
      "id": "node/4903755243"
    },
    {
      "type": "Feature",
      "properties": {
        "@id": "node/4903755244",
        "internet_access": "yes",
        "name": "JLN Stadium",
        "name:hi": "जे०एल०एन० स्टेडियम",
        "name:ml": "ജെ. എൽ. എൻ സ്റ്റേഡിയം",
        "network": "Kochi Metro",
        "note": "Contributors are requested to not edit the \"network\" and the \"operator\" tags. (2023/11/08)",
        "operator": "Kochi Metro Rail Limited",
        "public_transport": "station",
        "railway": "station",
        "ref": "JLSD",
        "station": "subway",
        "subway": "yes",
        "tactile_paving": "yes",
        "toilets:wheelchair": "yes",
        "wheelchair": "yes",
        "wikidata": "Q42306467",
        "wikipedia": "en:J. L. N. Stadium metro station"
      },
      "geometry": {
        "type": "Point",
        "coordinates": [
          76.2990841,
          10.0002723
        ]
      },
      "id": "node/4903755244"
    },
    {
      "type": "Feature",
      "properties": {
        "@id": "node/4903755245",
        "internet_access": "yes",
        "name": "Kalamassery Town",
        "name:hi": "कलमशेरी टउन",
        "name:ml": "കളമശ്ശേരി",
        "network": "Kochi Metro",
        "note": "Contributors are requested to not edit the \"network\" and the \"operator\" tags. (2023/11/08)",
        "operator": "Kochi Metro Rail Limited",
        "public_transport": "station",
        "railway": "station",
        "ref": "KLMT",
        "station": "subway",
        "subway": "yes",
        "tactile_paving": "yes",
        "toilets:wheelchair": "yes",
        "wheelchair": "yes",
        "wikidata": "Q38478898",
        "wikipedia": "en:Kalamassery metro station"
      },
      "geometry": {
        "type": "Point",
        "coordinates": [
          76.3221673,
          10.0585393
        ]
      },
      "id": "node/4903755245"
    },
    {
      "type": "Feature",
      "properties": {
        "@id": "node/4903755246",
        "internet_access": "yes",
        "name": "Kaloor",
        "name:hi": "कलूर",
        "name:ml": "കലൂർ",
        "network": "Kochi Metro",
        "note": "Contributors are requested to not edit the \"network\" and the \"operator\" tags. (2023/11/08)",
        "operator": "Kochi Metro Rail Limited",
        "public_transport": "station",
        "railway": "station",
        "ref": "KALR",
        "station": "subway",
        "subway": "yes",
        "tactile_paving": "yes",
        "toilets:wheelchair": "yes",
        "wheelchair": "yes",
        "wikidata": "Q42308815",
        "wikipedia": "en:Kaloor metro station"
      },
      "geometry": {
        "type": "Point",
        "coordinates": [
          76.2916664,
          9.9942991
        ]
      },
      "id": "node/4903755246"
    },
    {
      "type": "Feature",
      "properties": {
        "@id": "node/4903755247",
        "internet_access": "yes",
        "name": "Muttom",
        "name:hi": "मुट्टम",
        "name:ml": "മുട്ടം",
        "network": "Kochi Metro",
        "note": "Contributors are requested to not edit the \"network\" and the \"operator\" tags. (2023/11/08)",
        "operator": "Kochi Metro Rail Limited",
        "public_transport": "station",
        "railway": "station",
        "ref": "MUTT",
        "station": "subway",
        "subway": "yes",
        "tactile_paving": "yes",
        "toilets:wheelchair": "yes",
        "wheelchair": "yes",
        "wikidata": "Q38477696",
        "wikipedia": "en:Muttom metro station"
      },
      "geometry": {
        "type": "Point",
        "coordinates": [
          76.3337157,
          10.0727253
        ]
      },
      "id": "node/4903755247"
    },
    {
      "type": "Feature",
      "properties": {
        "@id": "node/4903755248",
        "internet_access": "yes",
        "name": "Palarivattom",
        "name:hi": "पालारिवट्टम",
        "name:ml": "പാലാരിവട്ടം",
        "network": "Kochi Metro",
        "note": "Contributors are requested to not edit the \"network\" and the \"operator\" tags. (2023/11/08)",
        "operator": "Kochi Metro Rail Limited",
        "public_transport": "station",
        "railway": "station",
        "ref": "PARV",
        "station": "subway",
        "subway": "yes",
        "tactile_paving": "yes",
        "toilets:wheelchair": "yes",
        "wheelchair": "yes",
        "wikidata": "Q38697682",
        "wikipedia": "en:Palarivattom metro station"
      },
      "geometry": {
        "type": "Point",
        "coordinates": [
          76.3049281,
          10.00633
        ]
      },
      "id": "node/4903755248"
    },
    {
      "type": "Feature",
      "properties": {
        "@id": "node/4903755249",
        "internet_access": "yes",
        "name": "Pathadipalam",
        "name:hi": "पत्तडिप्पालम",
        "name:ml": "പത്തടിപ്പാലം",
        "network": "Kochi Metro",
        "note": "Contributors are requested to not edit the \"network\" and the \"operator\" tags. (2023/11/08)",
        "operator": "Kochi Metro Rail Limited",
        "public_transport": "station",
        "railway": "station",
        "ref": "PDPM",
        "station": "subway",
        "subway": "yes",
        "tactile_paving": "yes",
        "toilets:wheelchair": "yes",
        "wheelchair": "yes",
        "wikidata": "Q38566574",
        "wikipedia": "en:Pathadipalam metro station"
      },
      "geometry": {
        "type": "Point",
        "coordinates": [
          76.314485,
          10.0359805
        ]
      },
      "id": "node/4903755249"
    },
    {
      "type": "Feature",
      "properties": {
        "@id": "node/4903755250",
        "internet_access": "yes",
        "name": "Pulinchodu",
        "name:ml": "പു‍ളിഞ്ചോട്",
        "network": "Kochi Metro",
        "note": "Contributors are requested to not edit the \"network\" and the \"operator\" tags. (2023/11/08)",
        "operator": "Kochi Metro Rail Limited",
        "public_transport": "station",
        "railway": "station",
        "ref": "PNCU",
        "station": "subway",
        "subway": "yes",
        "tactile_paving": "yes",
        "toilets:wheelchair": "yes",
        "wheelchair": "yes",
        "wikidata": "Q38476797",
        "wikipedia": "en:Pulinchodu metro station"
      },
      "geometry": {
        "type": "Point",
        "coordinates": [
          76.3467836,
          10.0950475
        ]
      },
      "id": "node/4903755250"
    },
    {
      "type": "Feature",
      "properties": {
        "@id": "node/4903755539",
        "internet_access": "yes",
        "name": "M. G. Road",
        "name:hi": "एम०जी० रोड",
        "name:ml": "എം. ജി റോഡ്",
        "network": "Kochi Metro",
        "note": "Contributors are requested to not edit the \"network\" and the \"operator\" tags. (2023/11/08)",
        "operator": "Kochi Metro Rail Limited",
        "public_transport": "station",
        "railway": "station",
        "ref": "MGRD",
        "station": "subway",
        "subway": "yes",
        "tactile_paving": "yes",
        "toilets:wheelchair": "yes",
        "wheelchair": "yes",
        "wikidata": "Q42328335",
        "wikipedia": "en:M. G. Road metro station"
      },
      "geometry": {
        "type": "Point",
        "coordinates": [
          76.2824385,
          9.9833224
        ]
      },
      "id": "node/4903755539"
    },
    {
      "type": "Feature",
      "properties": {
        "@id": "node/4903755565",
        "name": "Town Hall",
        "name:ml": "ടൗണ്‍ ഹാൾ",
        "network": "Kochi Metro",
        "note": "Contributors are requested to not edit the \"network\" and the \"operator\" tags. (2023/11/08)",
        "old_name": "Lissie",
        "operator": "Kochi Metro Rail Limited",
        "public_transport": "stop_position",
        "railway": "stop",
        "ref": "LSSE",
        "start_date": "2017-06-19",
        "subway": "yes",
        "@relations": [
          {
            "role": "stop",
            "rel": 7752157,
            "reltags": {
              "colour": "#7FFFD4",
              "from": "Aluva",
              "name": "Kochi Metro Phase I: Aluva => Thrippunithura Terminal",
              "network": "Kochi Metro",
              "network:wikidata": "Q3522910",
              "operator": "KMRL",
              "public_transport:version": "2",
              "ref": "I",
              "route": "subway",
              "to": "Thrippunithura Terminal",
              "type": "route",
              "wikidata": "Q106775989"
            }
          }
        ]
      },
      "geometry": {
        "type": "Point",
        "coordinates": [
          76.2883601,
          9.9913775
        ]
      },
      "id": "node/4903755565"
    },
    {
      "type": "Feature",
      "properties": {
        "@id": "node/5242586671",
        "internet_access": "yes",
        "name": "Maharaja's College",
        "name:hi": "महाराजास् कॉलज",
        "name:ml": "മഹാരാജാസ് കോളേജ്",
        "network": "Kochi Metro",
        "note": "Contributors are requested to not edit the \"network\" and the \"operator\" tags. (2023/11/08)",
        "operator": "Kochi Metro Rail Limited",
        "public_transport": "station",
        "railway": "station",
        "ref": "MACE",
        "station": "subway",
        "subway": "yes",
        "tactile_paving": "yes",
        "toilets:wheelchair": "yes",
        "wheelchair": "yes",
        "wikidata": "Q42343250",
        "wikipedia": "en:Maharaja's College metro station"
      },
      "geometry": {
        "type": "Point",
        "coordinates": [
          76.2851082,
          9.9733747
        ]
      },
      "id": "node/5242586671"
    },
    {
      "type": "Feature",
      "properties": {
        "@id": "node/5242586672",
        "internet_access": "yes",
        "name": "Town Hall",
        "name:ml": "ടൗണ്‍ ഹാൾ",
        "network": "Kochi Metro",
        "note": "Contributors are requested to not edit the \"network\" and the \"operator\" tags. (2023/11/08)",
        "old_name": "Lissie",
        "operator": "Kochi Metro Rail Limited",
        "public_transport": "station",
        "railway": "station",
        "ref": "LSSE",
        "station": "subway",
        "subway": "yes",
        "tactile_paving": "yes",
        "toilets:wheelchair": "yes",
        "wheelchair": "yes",
        "wikidata": "Q42308850",
        "wikipedia": "en:Lissie metro station"
      },
      "geometry": {
        "type": "Point",
        "coordinates": [
          76.2884381,
          9.9912053
        ]
      },
      "id": "node/5242586672"
    },
    {
      "type": "Feature",
      "properties": {
        "@id": "node/5316739409",
        "name": "Kaloor",
        "name:hi": "कलूर",
        "name:ml": "കലൂർ",
        "network": "Kochi Metro",
        "operator": "Kochi Metro Rail Limited",
        "railway": "subway_entrance",
        "ref": "KALR",
        "wheelchair": "yes"
      },
      "geometry": {
        "type": "Point",
        "coordinates": [
          76.291761,
          9.9948233
        ]
      },
      "id": "node/5316739409"
    },
    {
      "type": "Feature",
      "properties": {
        "@id": "node/5316739410",
        "name": "JLN Stadium",
        "name:hi": "जे०एल०एन० स्टेडियम",
        "name:ml": "ജെ. എൽ. എൻ സ്റ്റേഡിയം",
        "network": "Kochi Metro",
        "operator": "Kochi Metro Rail Limited",
        "railway": "subway_entrance",
        "ref": "JLSD",
        "wheelchair": "yes"
      },
      "geometry": {
        "type": "Point",
        "coordinates": [
          76.2987997,
          10.0002752
        ]
      },
      "id": "node/5316739410"
    },
    {
      "type": "Feature",
      "properties": {
        "@id": "node/6031832091",
        "name": "Muttom",
        "name:hi": "मुट्टम",
        "name:ml": "മുട്ടം",
        "network": "Kochi Metro",
        "note": "Contributors are requested to not edit the \"network\" and the \"operator\" tags. (2023/11/08)",
        "operator": "Kochi Metro Rail Limited",
        "public_transport": "stop_position",
        "railway": "stop",
        "ref": "MUTT",
        "start_date": "2017-06-19",
        "subway": "yes",
        "@relations": [
          {
            "role": "stop",
            "rel": 7752157,
            "reltags": {
              "colour": "#7FFFD4",
              "from": "Aluva",
              "name": "Kochi Metro Phase I: Aluva => Thrippunithura Terminal",
              "network": "Kochi Metro",
              "network:wikidata": "Q3522910",
              "operator": "KMRL",
              "public_transport:version": "2",
              "ref": "I",
              "route": "subway",
              "to": "Thrippunithura Terminal",
              "type": "route",
              "wikidata": "Q106775989"
            }
          }
        ]
      },
      "geometry": {
        "type": "Point",
        "coordinates": [
          76.3336862,
          10.0727379
        ]
      },
      "id": "node/6031832091"
    },
    {
      "type": "Feature",
      "properties": {
        "@id": "node/6031832102",
        "name": "Ambattukavu",
        "name:hi": "अम्बाटुकाव्",
        "name:ml": "അമ്പാട്ട്കാവ്",
        "network": "Kochi Metro",
        "note": "Contributors are requested to not edit the \"network\" and the \"operator\" tags. (2023/11/08)",
        "operator": "Kochi Metro Rail Limited",
        "public_transport": "stop_position",
        "railway": "stop",
        "ref": "AATK",
        "start_date": "2017-06-19",
        "subway": "yes",
        "@relations": [
          {
            "role": "stop",
            "rel": 7752157,
            "reltags": {
              "colour": "#7FFFD4",
              "from": "Aluva",
              "name": "Kochi Metro Phase I: Aluva => Thrippunithura Terminal",
              "network": "Kochi Metro",
              "network:wikidata": "Q3522910",
              "operator": "KMRL",
              "public_transport:version": "2",
              "ref": "I",
              "route": "subway",
              "to": "Thrippunithura Terminal",
              "type": "route",
              "wikidata": "Q106775989"
            }
          }
        ]
      },
      "geometry": {
        "type": "Point",
        "coordinates": [
          76.3388572,
          10.079233
        ]
      },
      "id": "node/6031832102"
    },
    {
      "type": "Feature",
      "properties": {
        "@id": "node/6031832109",
        "name": "Companypady",
        "name:ml": "കമ്പനിപ്പടി",
        "network": "Kochi Metro",
        "note": "Contributors are requested to not edit the \"network\" and the \"operator\" tags. (2023/11/08)",
        "operator": "Kochi Metro Rail Limited",
        "public_transport": "stop_position",
        "railway": "stop",
        "ref": "CPPY",
        "start_date": "2017-06-19",
        "subway": "yes",
        "@relations": [
          {
            "role": "stop",
            "rel": 7752157,
            "reltags": {
              "colour": "#7FFFD4",
              "from": "Aluva",
              "name": "Kochi Metro Phase I: Aluva => Thrippunithura Terminal",
              "network": "Kochi Metro",
              "network:wikidata": "Q3522910",
              "operator": "KMRL",
              "public_transport:version": "2",
              "ref": "I",
              "route": "subway",
              "to": "Thrippunithura Terminal",
              "type": "route",
              "wikidata": "Q106775989"
            }
          }
        ]
      },
      "geometry": {
        "type": "Point",
        "coordinates": [
          76.3427855,
          10.0872796
        ]
      },
      "id": "node/6031832109"
    },
    {
      "type": "Feature",
      "properties": {
        "@id": "node/6031832114",
        "name": "Pulinchodu",
        "name:ml": "പു‍ളിഞ്ചോട്",
        "network": "Kochi Metro",
        "note": "Contributors are requested to not edit the \"network\" and the \"operator\" tags. (2023/11/08)",
        "operator": "Kochi Metro Rail Limited",
        "public_transport": "stop_position",
        "railway": "stop",
        "ref": "PNCU",
        "start_date": "2017-06-19",
        "subway": "yes",
        "@relations": [
          {
            "role": "stop",
            "rel": 7752157,
            "reltags": {
              "colour": "#7FFFD4",
              "from": "Aluva",
              "name": "Kochi Metro Phase I: Aluva => Thrippunithura Terminal",
              "network": "Kochi Metro",
              "network:wikidata": "Q3522910",
              "operator": "KMRL",
              "public_transport:version": "2",
              "ref": "I",
              "route": "subway",
              "to": "Thrippunithura Terminal",
              "type": "route",
              "wikidata": "Q106775989"
            }
          }
        ]
      },
      "geometry": {
        "type": "Point",
        "coordinates": [
          76.346579,
          10.0950337
        ]
      },
      "id": "node/6031832114"
    },
    {
      "type": "Feature",
      "properties": {
        "@id": "node/6031832133",
        "name": "Aluva",
        "name:hi": "आलुवा",
        "name:ml": "ആലുവാ",
        "network": "Kochi Metro",
        "note": "Contributors are requested to not edit the \"network\" and the \"operator\" tags. (2023/11/08)",
        "operator": "Kochi Metro Rail Limited",
        "public_transport": "stop_position",
        "railway": "stop",
        "ref": "ALVA",
        "start_date": "2017-06-19",
        "subway": "yes",
        "@relations": [
          {
            "role": "stop",
            "rel": 7834959,
            "reltags": {
              "colour": "#7FFFD4",
              "from": "Thrippunithura Terminal",
              "name": "Kochi Metro Phase I: Thrippunithura Terminal => Aluva",
              "network": "Kochi Metro",
              "network:wikidata": "Q3522910",
              "operator": "KMRL",
              "public_transport:version": "2",
              "ref": "I",
              "route": "subway",
              "to": "Aluva",
              "type": "route",
              "wikidata": "Q106775989"
            }
          }
        ]
      },
      "geometry": {
        "type": "Point",
        "coordinates": [
          76.3493248,
          10.11023
        ]
      },
      "id": "node/6031832133"
    },
    {
      "type": "Feature",
      "properties": {
        "@id": "node/6031832178",
        "name": "Pulinchodu",
        "name:ml": "പു‍ളിഞ്ചോട്",
        "network": "Kochi Metro",
        "note": "Contributors are requested to not edit the \"network\" and the \"operator\" tags. (2023/11/08)",
        "operator": "Kochi Metro Rail Limited",
        "public_transport": "stop_position",
        "railway": "stop",
        "ref": "PNCU",
        "start_date": "2017-06-19",
        "subway": "yes",
        "@relations": [
          {
            "role": "stop",
            "rel": 7834959,
            "reltags": {
              "colour": "#7FFFD4",
              "from": "Thrippunithura Terminal",
              "name": "Kochi Metro Phase I: Thrippunithura Terminal => Aluva",
              "network": "Kochi Metro",
              "network:wikidata": "Q3522910",
              "operator": "KMRL",
              "public_transport:version": "2",
              "ref": "I",
              "route": "subway",
              "to": "Aluva",
              "type": "route",
              "wikidata": "Q106775989"
            }
          }
        ]
      },
      "geometry": {
        "type": "Point",
        "coordinates": [
          76.346533,
          10.0950342
        ]
      },
      "id": "node/6031832178"
    },
    {
      "type": "Feature",
      "properties": {
        "@id": "node/6031832274",
        "name": "Kalamassery Town",
        "name:hi": "कलमशेरी टउन",
        "name:ml": "കളമശ്ശേരി",
        "network": "Kochi Metro",
        "note": "Contributors are requested to not edit the \"network\" and the \"operator\" tags. (2023/11/08)",
        "operator": "Kochi Metro Rail Limited",
        "public_transport": "stop_position",
        "railway": "stop",
        "ref": "KLMT",
        "start_date": "2017-06-19",
        "subway": "yes",
        "@relations": [
          {
            "role": "stop",
            "rel": 7752157,
            "reltags": {
              "colour": "#7FFFD4",
              "from": "Aluva",
              "name": "Kochi Metro Phase I: Aluva => Thrippunithura Terminal",
              "network": "Kochi Metro",
              "network:wikidata": "Q3522910",
              "operator": "KMRL",
              "public_transport:version": "2",
              "ref": "I",
              "route": "subway",
              "to": "Thrippunithura Terminal",
              "type": "route",
              "wikidata": "Q106775989"
            }
          }
        ]
      },
      "geometry": {
        "type": "Point",
        "coordinates": [
          76.321962,
          10.0585856
        ]
      },
      "id": "node/6031832274"
    },
    {
      "type": "Feature",
      "properties": {
        "@id": "node/6031832282",
        "name": "Cochin University",
        "name:hi": "कोच्चिन यूनिवर्सिटी",
        "name:ml": "കൊച്ചിൻ യൂണിവേഴ്സിറ്റി",
        "network": "Kochi Metro",
        "note": "Contributors are requested to not edit the \"network\" and the \"operator\" tags. (2023/11/08)",
        "operator": "Kochi Metro Rail Limited",
        "public_transport": "stop_position",
        "railway": "stop",
        "ref": "CCUV",
        "start_date": "2017-06-19",
        "subway": "yes",
        "@relations": [
          {
            "role": "stop",
            "rel": 7752157,
            "reltags": {
              "colour": "#7FFFD4",
              "from": "Aluva",
              "name": "Kochi Metro Phase I: Aluva => Thrippunithura Terminal",
              "network": "Kochi Metro",
              "network:wikidata": "Q3522910",
              "operator": "KMRL",
              "public_transport:version": "2",
              "ref": "I",
              "route": "subway",
              "to": "Thrippunithura Terminal",
              "type": "route",
              "wikidata": "Q106775989"
            }
          }
        ]
      },
      "geometry": {
        "type": "Point",
        "coordinates": [
          76.318272,
          10.0467002
        ]
      },
      "id": "node/6031832282"
    },
    {
      "type": "Feature",
      "properties": {
        "@id": "node/6031832283",
        "name": "Pathadipalam",
        "name:hi": "पत्तडिप्पालम",
        "name:ml": "പത്തടിപ്പാലം",
        "network": "Kochi Metro",
        "note": "Contributors are requested to not edit the \"network\" and the \"operator\" tags. (2023/11/08)",
        "operator": "Kochi Metro Rail Limited",
        "public_transport": "stop_position",
        "railway": "stop",
        "ref": "PDPM",
        "start_date": "2017-06-19",
        "subway": "yes",
        "@relations": [
          {
            "role": "stop",
            "rel": 7752157,
            "reltags": {
              "colour": "#7FFFD4",
              "from": "Aluva",
              "name": "Kochi Metro Phase I: Aluva => Thrippunithura Terminal",
              "network": "Kochi Metro",
              "network:wikidata": "Q3522910",
              "operator": "KMRL",
              "public_transport:version": "2",
              "ref": "I",
              "route": "subway",
              "to": "Thrippunithura Terminal",
              "type": "route",
              "wikidata": "Q106775989"
            }
          }
        ]
      },
      "geometry": {
        "type": "Point",
        "coordinates": [
          76.3144374,
          10.0362121
        ]
      },
      "id": "node/6031832283"
    },
    {
      "type": "Feature",
      "properties": {
        "@id": "node/6031832287",
        "name": "Edappally",
        "name:hi": "इडप्पल्ली",
        "name:ml": "ഇടപ്പള്ളി",
        "network": "Kochi Metro",
        "note": "Contributors are requested to not edit the \"network\" and the \"operator\" tags. (2023/11/08)",
        "operator": "Kochi Metro Rail Limited",
        "public_transport": "stop_position",
        "railway": "stop",
        "ref": "EDAP",
        "start_date": "2017-06-19",
        "subway": "yes",
        "@relations": [
          {
            "role": "stop",
            "rel": 7752157,
            "reltags": {
              "colour": "#7FFFD4",
              "from": "Aluva",
              "name": "Kochi Metro Phase I: Aluva => Thrippunithura Terminal",
              "network": "Kochi Metro",
              "network:wikidata": "Q3522910",
              "operator": "KMRL",
              "public_transport:version": "2",
              "ref": "I",
              "route": "subway",
              "to": "Thrippunithura Terminal",
              "type": "route",
              "wikidata": "Q106775989"
            }
          }
        ]
      },
      "geometry": {
        "type": "Point",
        "coordinates": [
          76.308502,
          10.0253065
        ]
      },
      "id": "node/6031832287"
    },
    {
      "type": "Feature",
      "properties": {
        "@id": "node/6031832293",
        "name": "Changampuzha Park",
        "name:hi": "चंगमपुष़ा पार्क",
        "name:ml": "ചങ്ങമ്പുഴ പാർക്ക്",
        "network": "Kochi Metro",
        "note": "Contributors are requested to not edit the \"network\" and the \"operator\" tags. (2023/11/08)",
        "operator": "Kochi Metro Rail Limited",
        "public_transport": "stop_position",
        "railway": "stop",
        "ref": "CGPP",
        "start_date": "2017-06-19",
        "subway": "yes",
        "@relations": [
          {
            "role": "stop",
            "rel": 7752157,
            "reltags": {
              "colour": "#7FFFD4",
              "from": "Aluva",
              "name": "Kochi Metro Phase I: Aluva => Thrippunithura Terminal",
              "network": "Kochi Metro",
              "network:wikidata": "Q3522910",
              "operator": "KMRL",
              "public_transport:version": "2",
              "ref": "I",
              "route": "subway",
              "to": "Thrippunithura Terminal",
              "type": "route",
              "wikidata": "Q106775989"
            }
          }
        ]
      },
      "geometry": {
        "type": "Point",
        "coordinates": [
          76.3023736,
          10.01519
        ]
      },
      "id": "node/6031832293"
    },
    {
      "type": "Feature",
      "properties": {
        "@id": "node/6031832294",
        "name": "Palarivattom",
        "name:hi": "पालारिवट्टम",
        "name:ml": "പാലാരിവട്ടം",
        "network": "Kochi Metro",
        "note": "Contributors are requested to not edit the \"network\" and the \"operator\" tags. (2023/11/08)",
        "operator": "Kochi Metro Rail Limited",
        "public_transport": "stop_position",
        "railway": "stop",
        "ref": "PARV",
        "start_date": "2017-06-19",
        "subway": "yes",
        "@relations": [
          {
            "role": "stop",
            "rel": 7752157,
            "reltags": {
              "colour": "#7FFFD4",
              "from": "Aluva",
              "name": "Kochi Metro Phase I: Aluva => Thrippunithura Terminal",
              "network": "Kochi Metro",
              "network:wikidata": "Q3522910",
              "operator": "KMRL",
              "public_transport:version": "2",
              "ref": "I",
              "route": "subway",
              "to": "Thrippunithura Terminal",
              "type": "route",
              "wikidata": "Q106775989"
            }
          }
        ]
      },
      "geometry": {
        "type": "Point",
        "coordinates": [
          76.3048233,
          10.0064248
        ]
      },
      "id": "node/6031832294"
    },
    {
      "type": "Feature",
      "properties": {
        "@id": "node/6031832301",
        "name": "JLN Stadium",
        "name:hi": "जे०एल०एन० स्टेडियम",
        "name:ml": "ജെ. എൽ. എൻ സ്റ്റേഡിയം",
        "network": "Kochi Metro",
        "note": "Contributors are requested to not edit the \"network\" and the \"operator\" tags. (2023/11/08)",
        "operator": "Kochi Metro Rail Limited",
        "public_transport": "stop_position",
        "railway": "stop",
        "ref": "JLSD",
        "start_date": "2017-10-03",
        "subway": "yes",
        "@relations": [
          {
            "role": "stop",
            "rel": 7752157,
            "reltags": {
              "colour": "#7FFFD4",
              "from": "Aluva",
              "name": "Kochi Metro Phase I: Aluva => Thrippunithura Terminal",
              "network": "Kochi Metro",
              "network:wikidata": "Q3522910",
              "operator": "KMRL",
              "public_transport:version": "2",
              "ref": "I",
              "route": "subway",
              "to": "Thrippunithura Terminal",
              "type": "route",
              "wikidata": "Q106775989"
            }
          }
        ]
      },
      "geometry": {
        "type": "Point",
        "coordinates": [
          76.2992551,
          10.0004573
        ]
      },
      "id": "node/6031832301"
    },
    {
      "type": "Feature",
      "properties": {
        "@id": "node/6031832308",
        "name": "Kaloor",
        "name:hi": "कलूर",
        "name:ml": "കലൂർ",
        "network": "Kochi Metro",
        "note": "Contributors are requested to not edit the \"network\" and the \"operator\" tags. (2023/11/08)",
        "operator": "Kochi Metro Rail Limited",
        "public_transport": "stop_position",
        "railway": "stop",
        "ref": "KALR",
        "start_date": "2017-10-03",
        "subway": "yes",
        "@relations": [
          {
            "role": "stop",
            "rel": 7752157,
            "reltags": {
              "colour": "#7FFFD4",
              "from": "Aluva",
              "name": "Kochi Metro Phase I: Aluva => Thrippunithura Terminal",
              "network": "Kochi Metro",
              "network:wikidata": "Q3522910",
              "operator": "KMRL",
              "public_transport:version": "2",
              "ref": "I",
              "route": "subway",
              "to": "Thrippunithura Terminal",
              "type": "route",
              "wikidata": "Q106775989"
            }
          }
        ]
      },
      "geometry": {
        "type": "Point",
        "coordinates": [
          76.2915099,
          9.9943621
        ]
      },
      "id": "node/6031832308"
    },
    {
      "type": "Feature",
      "properties": {
        "@id": "node/6031832313",
        "name": "M. G. Road",
        "name:hi": "एम०जी० रोड",
        "name:ml": "എം. ജി റോഡ്",
        "network": "Kochi Metro",
        "note": "Contributors are requested to not edit the \"network\" and the \"operator\" tags. (2023/11/08)",
        "operator": "Kochi Metro Rail Limited",
        "public_transport": "stop_position",
        "railway": "stop",
        "ref": "MGRD",
        "start_date": "2017-06-19",
        "subway": "yes",
        "@relations": [
          {
            "role": "stop",
            "rel": 7834959,
            "reltags": {
              "colour": "#7FFFD4",
              "from": "Thrippunithura Terminal",
              "name": "Kochi Metro Phase I: Thrippunithura Terminal => Aluva",
              "network": "Kochi Metro",
              "network:wikidata": "Q3522910",
              "operator": "KMRL",
              "public_transport:version": "2",
              "ref": "I",
              "route": "subway",
              "to": "Aluva",
              "type": "route",
              "wikidata": "Q106775989"
            }
          }
        ]
      },
      "geometry": {
        "type": "Point",
        "coordinates": [
          76.2823354,
          9.9834493
        ]
      },
      "id": "node/6031832313"
    },
    {
      "type": "Feature",
      "properties": {
        "@id": "node/6031832324",
        "name": "Maharaja's College",
        "name:hi": "महाराजास् कॉलज",
        "name:ml": "മഹാരാജാസ് കോളേജ്",
        "network": "Kochi Metro",
        "note": "Contributors are requested to not edit the \"network\" and the \"operator\" tags. (2023/11/08)",
        "operator": "Kochi Metro Rail Limited",
        "public_transport": "stop_position",
        "railway": "stop",
        "ref": "MACE",
        "start_date": "2017-06-19",
        "subway": "yes",
        "@relations": [
          {
            "role": "stop",
            "rel": 7752157,
            "reltags": {
              "colour": "#7FFFD4",
              "from": "Aluva",
              "name": "Kochi Metro Phase I: Aluva => Thrippunithura Terminal",
              "network": "Kochi Metro",
              "network:wikidata": "Q3522910",
              "operator": "KMRL",
              "public_transport:version": "2",
              "ref": "I",
              "route": "subway",
              "to": "Thrippunithura Terminal",
              "type": "route",
              "wikidata": "Q106775989"
            }
          }
        ]
      },
      "geometry": {
        "type": "Point",
        "coordinates": [
          76.2851062,
          9.973278
        ]
      },
      "id": "node/6031832324"
    },
    {
      "type": "Feature",
      "properties": {
        "@id": "node/6031832330",
        "name": "Maharaja's College",
        "name:hi": "महाराजास् कॉलज",
        "name:ml": "മഹാരാജാസ് കോളേജ്",
        "network": "Kochi Metro",
        "note": "Contributors are requested to not edit the \"network\" and the \"operator\" tags. (2023/11/08)",
        "operator": "Kochi Metro Rail Limited",
        "public_transport": "stop_position",
        "railway": "stop",
        "ref": "MACE",
        "start_date": "2017-06-19",
        "subway": "yes",
        "@relations": [
          {
            "role": "stop",
            "rel": 7834959,
            "reltags": {
              "colour": "#7FFFD4",
              "from": "Thrippunithura Terminal",
              "name": "Kochi Metro Phase I: Thrippunithura Terminal => Aluva",
              "network": "Kochi Metro",
              "network:wikidata": "Q3522910",
              "operator": "KMRL",
              "public_transport:version": "2",
              "ref": "I",
              "route": "subway",
              "to": "Aluva",
              "type": "route",
              "wikidata": "Q106775989"
            }
          }
        ]
      },
      "geometry": {
        "type": "Point",
        "coordinates": [
          76.2850675,
          9.9732712
        ]
      },
      "id": "node/6031832330"
    },
    {
      "type": "Feature",
      "properties": {
        "@id": "node/6031832397",
        "name": "Town Hall",
        "name:ml": "ടൗണ്‍ ഹാൾ",
        "network": "Kochi Metro",
        "note": "Contributors are requested to not edit the \"network\" and the \"operator\" tags. (2023/11/08)",
        "old_name": "Lissie",
        "operator": "Kochi Metro Rail Limited",
        "public_transport": "stop_position",
        "railway": "stop",
        "ref": "LSSE",
        "start_date": "2017-06-19",
        "subway": "yes",
        "@relations": [
          {
            "role": "stop",
            "rel": 7834959,
            "reltags": {
              "colour": "#7FFFD4",
              "from": "Thrippunithura Terminal",
              "name": "Kochi Metro Phase I: Thrippunithura Terminal => Aluva",
              "network": "Kochi Metro",
              "network:wikidata": "Q3522910",
              "operator": "KMRL",
              "public_transport:version": "2",
              "ref": "I",
              "route": "subway",
              "to": "Aluva",
              "type": "route",
              "wikidata": "Q106775989"
            }
          }
        ]
      },
      "geometry": {
        "type": "Point",
        "coordinates": [
          76.2883334,
          9.9914176
        ]
      },
      "id": "node/6031832397"
    },
    {
      "type": "Feature",
      "properties": {
        "@id": "node/6031832548",
        "name": "Cochin University",
        "name:hi": "कोच्चिन यूनिवर्सिटी",
        "name:ml": "കൊച്ചിൻ യൂണിവേഴ്സിറ്റി",
        "network": "Kochi Metro",
        "note": "Contributors are requested to not edit the \"network\" and the \"operator\" tags. (2023/11/08)",
        "operator": "Kochi Metro Rail Limited",
        "public_transport": "stop_position",
        "railway": "stop",
        "ref": "CCUV",
        "start_date": "2017-06-19",
        "subway": "yes",
        "@relations": [
          {
            "role": "stop",
            "rel": 7834959,
            "reltags": {
              "colour": "#7FFFD4",
              "from": "Thrippunithura Terminal",
              "name": "Kochi Metro Phase I: Thrippunithura Terminal => Aluva",
              "network": "Kochi Metro",
              "network:wikidata": "Q3522910",
              "operator": "KMRL",
              "public_transport:version": "2",
              "ref": "I",
              "route": "subway",
              "to": "Aluva",
              "type": "route",
              "wikidata": "Q106775989"
            }
          }
        ]
      },
      "geometry": {
        "type": "Point",
        "coordinates": [
          76.3182231,
          10.0467107
        ]
      },
      "id": "node/6031832548"
    },
    {
      "type": "Feature",
      "properties": {
        "@id": "node/6242749071",
        "name": "M. G. Road",
        "name:hi": "एम०जी० रोड",
        "name:ml": "എം. ജി റോഡ്",
        "network": "Kochi Metro",
        "note": "Contributors are requested to not edit the \"network\" and the \"operator\" tags. (2023/11/08)",
        "operator": "Kochi Metro Rail Limited",
        "public_transport": "stop_position",
        "railway": "stop",
        "ref": "MGRD",
        "start_date": "2017-06-19",
        "subway": "yes",
        "@relations": [
          {
            "role": "stop",
            "rel": 7752157,
            "reltags": {
              "colour": "#7FFFD4",
              "from": "Aluva",
              "name": "Kochi Metro Phase I: Aluva => Thrippunithura Terminal",
              "network": "Kochi Metro",
              "network:wikidata": "Q3522910",
              "operator": "KMRL",
              "public_transport:version": "2",
              "ref": "I",
              "route": "subway",
              "to": "Thrippunithura Terminal",
              "type": "route",
              "wikidata": "Q106775989"
            }
          }
        ]
      },
      "geometry": {
        "type": "Point",
        "coordinates": [
          76.282368,
          9.9834512
        ]
      },
      "id": "node/6242749071"
    },
    {
      "type": "Feature",
      "properties": {
        "@id": "node/6242749073",
        "name": "Kaloor",
        "name:hi": "कलूर",
        "name:ml": "കലൂർ",
        "network": "Kochi Metro",
        "note": "Contributors are requested to not edit the \"network\" and the \"operator\" tags. (2023/11/08)",
        "operator": "Kochi Metro Rail Limited",
        "public_transport": "stop_position",
        "railway": "stop",
        "ref": "KALR",
        "start_date": "2017-10-03",
        "subway": "yes",
        "@relations": [
          {
            "role": "stop",
            "rel": 7834959,
            "reltags": {
              "colour": "#7FFFD4",
              "from": "Thrippunithura Terminal",
              "name": "Kochi Metro Phase I: Thrippunithura Terminal => Aluva",
              "network": "Kochi Metro",
              "network:wikidata": "Q3522910",
              "operator": "KMRL",
              "public_transport:version": "2",
              "ref": "I",
              "route": "subway",
              "to": "Aluva",
              "type": "route",
              "wikidata": "Q106775989"
            }
          }
        ]
      },
      "geometry": {
        "type": "Point",
        "coordinates": [
          76.2915084,
          9.9943906
        ]
      },
      "id": "node/6242749073"
    },
    {
      "type": "Feature",
      "properties": {
        "@id": "node/6242749074",
        "name": "JLN Stadium",
        "name:hi": "जे०एल०एन० स्टेडियम",
        "name:ml": "ജെ. എൽ. എൻ സ്റ്റേഡിയം",
        "network": "Kochi Metro",
        "note": "Contributors are requested to not edit the \"network\" and the \"operator\" tags. (2023/11/08)",
        "operator": "Kochi Metro Rail Limited",
        "public_transport": "stop_position",
        "railway": "stop",
        "ref": "JLSD",
        "start_date": "2017-10-03",
        "subway": "yes",
        "@relations": [
          {
            "role": "stop",
            "rel": 7834959,
            "reltags": {
              "colour": "#7FFFD4",
              "from": "Thrippunithura Terminal",
              "name": "Kochi Metro Phase I: Thrippunithura Terminal => Aluva",
              "network": "Kochi Metro",
              "network:wikidata": "Q3522910",
              "operator": "KMRL",
              "public_transport:version": "2",
              "ref": "I",
              "route": "subway",
              "to": "Aluva",
              "type": "route",
              "wikidata": "Q106775989"
            }
          }
        ]
      },
      "geometry": {
        "type": "Point",
        "coordinates": [
          76.2992231,
          10.000513
        ]
      },
      "id": "node/6242749074"
    },
    {
      "type": "Feature",
      "properties": {
        "@id": "node/6242749075",
        "name": "Palarivattom",
        "name:hi": "पालारिवट्टम",
        "name:ml": "പാലാരിവട്ടം",
        "network": "Kochi Metro",
        "note": "Contributors are requested to not edit the \"network\" and the \"operator\" tags. (2023/11/08)",
        "operator": "Kochi Metro Rail Limited",
        "public_transport": "stop_position",
        "railway": "stop",
        "ref": "PARV",
        "start_date": "2017-06-19",
        "subway": "yes",
        "@relations": [
          {
            "role": "stop",
            "rel": 7834959,
            "reltags": {
              "colour": "#7FFFD4",
              "from": "Thrippunithura Terminal",
              "name": "Kochi Metro Phase I: Thrippunithura Terminal => Aluva",
              "network": "Kochi Metro",
              "network:wikidata": "Q3522910",
              "operator": "KMRL",
              "public_transport:version": "2",
              "ref": "I",
              "route": "subway",
              "to": "Aluva",
              "type": "route",
              "wikidata": "Q106775989"
            }
          }
        ]
      },
      "geometry": {
        "type": "Point",
        "coordinates": [
          76.3047738,
          10.0064079
        ]
      },
      "id": "node/6242749075"
    },
    {
      "type": "Feature",
      "properties": {
        "@id": "node/6242749076",
        "name": "Changampuzha Park",
        "name:hi": "चंगमपुष़ा पार्क",
        "name:ml": "ചങ്ങമ്പുഴ പാർക്ക്",
        "network": "Kochi Metro",
        "note": "Contributors are requested to not edit the \"network\" and the \"operator\" tags. (2023/11/08)",
        "operator": "Kochi Metro Rail Limited",
        "public_transport": "stop_position",
        "railway": "stop",
        "ref": "CGPP",
        "start_date": "2017-06-19",
        "subway": "yes",
        "@relations": [
          {
            "role": "stop",
            "rel": 7834959,
            "reltags": {
              "colour": "#7FFFD4",
              "from": "Thrippunithura Terminal",
              "name": "Kochi Metro Phase I: Thrippunithura Terminal => Aluva",
              "network": "Kochi Metro",
              "network:wikidata": "Q3522910",
              "operator": "KMRL",
              "public_transport:version": "2",
              "ref": "I",
              "route": "subway",
              "to": "Aluva",
              "type": "route",
              "wikidata": "Q106775989"
            }
          }
        ]
      },
      "geometry": {
        "type": "Point",
        "coordinates": [
          76.302338,
          10.0152006
        ]
      },
      "id": "node/6242749076"
    },
    {
      "type": "Feature",
      "properties": {
        "@id": "node/6242749077",
        "name": "Edappally",
        "name:hi": "इडप्पल्ली",
        "name:ml": "ഇടപ്പള്ളി",
        "network": "Kochi Metro",
        "note": "Contributors are requested to not edit the \"network\" and the \"operator\" tags. (2023/11/08)",
        "operator": "Kochi Metro Rail Limited",
        "public_transport": "stop_position",
        "railway": "stop",
        "ref": "EDAP",
        "start_date": "2017-06-19",
        "subway": "yes",
        "@relations": [
          {
            "role": "stop",
            "rel": 7834959,
            "reltags": {
              "colour": "#7FFFD4",
              "from": "Thrippunithura Terminal",
              "name": "Kochi Metro Phase I: Thrippunithura Terminal => Aluva",
              "network": "Kochi Metro",
              "network:wikidata": "Q3522910",
              "operator": "KMRL",
              "public_transport:version": "2",
              "ref": "I",
              "route": "subway",
              "to": "Aluva",
              "type": "route",
              "wikidata": "Q106775989"
            }
          }
        ]
      },
      "geometry": {
        "type": "Point",
        "coordinates": [
          76.3084012,
          10.0252072
        ]
      },
      "id": "node/6242749077"
    },
    {
      "type": "Feature",
      "properties": {
        "@id": "node/6242749078",
        "name": "Pathadipalam",
        "name:hi": "पत्तडिप्पालम",
        "name:ml": "പത്തടിപ്പാലം",
        "network": "Kochi Metro",
        "note": "Contributors are requested to not edit the \"network\" and the \"operator\" tags. (2023/11/08)",
        "operator": "Kochi Metro Rail Limited",
        "public_transport": "stop_position",
        "railway": "stop",
        "ref": "PDPM",
        "start_date": "2017-06-19",
        "subway": "yes",
        "@relations": [
          {
            "role": "stop",
            "rel": 7834959,
            "reltags": {
              "colour": "#7FFFD4",
              "from": "Thrippunithura Terminal",
              "name": "Kochi Metro Phase I: Thrippunithura Terminal => Aluva",
              "network": "Kochi Metro",
              "network:wikidata": "Q3522910",
              "operator": "KMRL",
              "public_transport:version": "2",
              "ref": "I",
              "route": "subway",
              "to": "Aluva",
              "type": "route",
              "wikidata": "Q106775989"
            }
          }
        ]
      },
      "geometry": {
        "type": "Point",
        "coordinates": [
          76.3144023,
          10.0362372
        ]
      },
      "id": "node/6242749078"
    },
    {
      "type": "Feature",
      "properties": {
        "@id": "node/6242749079",
        "name": "Kalamassery Town",
        "name:hi": "कलमशेरी टउन",
        "name:ml": "കളമശ്ശേരി",
        "network": "Kochi Metro",
        "note": "Contributors are requested to not edit the \"network\" and the \"operator\" tags. (2023/11/08)",
        "operator": "Kochi Metro Rail Limited",
        "public_transport": "stop_position",
        "railway": "stop",
        "ref": "KLMT",
        "start_date": "2017-06-19",
        "subway": "yes",
        "@relations": [
          {
            "role": "stop",
            "rel": 7834959,
            "reltags": {
              "colour": "#7FFFD4",
              "from": "Thrippunithura Terminal",
              "name": "Kochi Metro Phase I: Thrippunithura Terminal => Aluva",
              "network": "Kochi Metro",
              "network:wikidata": "Q3522910",
              "operator": "KMRL",
              "public_transport:version": "2",
              "ref": "I",
              "route": "subway",
              "to": "Aluva",
              "type": "route",
              "wikidata": "Q106775989"
            }
          }
        ]
      },
      "geometry": {
        "type": "Point",
        "coordinates": [
          76.3219112,
          10.0586015
        ]
      },
      "id": "node/6242749079"
    },
    {
      "type": "Feature",
      "properties": {
        "@id": "node/6242749080",
        "name": "Muttom",
        "name:hi": "मुट्टम",
        "name:ml": "മുട്ടം",
        "network": "Kochi Metro",
        "note": "Contributors are requested to not edit the \"network\" and the \"operator\" tags. (2023/11/08)",
        "operator": "Kochi Metro Rail Limited",
        "public_transport": "stop_position",
        "railway": "stop",
        "ref": "MUTT",
        "start_date": "2017-06-19",
        "subway": "yes",
        "@relations": [
          {
            "role": "stop",
            "rel": 7834959,
            "reltags": {
              "colour": "#7FFFD4",
              "from": "Thrippunithura Terminal",
              "name": "Kochi Metro Phase I: Thrippunithura Terminal => Aluva",
              "network": "Kochi Metro",
              "network:wikidata": "Q3522910",
              "operator": "KMRL",
              "public_transport:version": "2",
              "ref": "I",
              "route": "subway",
              "to": "Aluva",
              "type": "route",
              "wikidata": "Q106775989"
            }
          }
        ]
      },
      "geometry": {
        "type": "Point",
        "coordinates": [
          76.3336469,
          10.0727747
        ]
      },
      "id": "node/6242749080"
    },
    {
      "type": "Feature",
      "properties": {
        "@id": "node/6242749081",
        "name": "Ambattukavu",
        "name:hi": "अम्बाटुकाव्",
        "name:ml": "അമ്പാട്ട്കാവ്",
        "network": "Kochi Metro",
        "note": "Contributors are requested to not edit the \"network\" and the \"operator\" tags. (2023/11/08)",
        "operator": "Kochi Metro Rail Limited",
        "public_transport": "stop_position",
        "railway": "stop",
        "ref": "AATK",
        "start_date": "2017-06-19",
        "subway": "yes",
        "@relations": [
          {
            "role": "stop",
            "rel": 7834959,
            "reltags": {
              "colour": "#7FFFD4",
              "from": "Thrippunithura Terminal",
              "name": "Kochi Metro Phase I: Thrippunithura Terminal => Aluva",
              "network": "Kochi Metro",
              "network:wikidata": "Q3522910",
              "operator": "KMRL",
              "public_transport:version": "2",
              "ref": "I",
              "route": "subway",
              "to": "Aluva",
              "type": "route",
              "wikidata": "Q106775989"
            }
          }
        ]
      },
      "geometry": {
        "type": "Point",
        "coordinates": [
          76.3388435,
          10.0793881
        ]
      },
      "id": "node/6242749081"
    },
    {
      "type": "Feature",
      "properties": {
        "@id": "node/6242749082",
        "name": "Companypady",
        "name:ml": "കമ്പനിപ്പടി",
        "network": "Kochi Metro",
        "note": "Contributors are requested to not edit the \"network\" and the \"operator\" tags. (2023/11/08)",
        "operator": "Kochi Metro Rail Limited",
        "public_transport": "stop_position",
        "railway": "stop",
        "ref": "CPPY",
        "start_date": "2017-06-19",
        "subway": "yes",
        "@relations": [
          {
            "role": "stop",
            "rel": 7834959,
            "reltags": {
              "colour": "#7FFFD4",
              "from": "Thrippunithura Terminal",
              "name": "Kochi Metro Phase I: Thrippunithura Terminal => Aluva",
              "network": "Kochi Metro",
              "network:wikidata": "Q3522910",
              "operator": "KMRL",
              "public_transport:version": "2",
              "ref": "I",
              "route": "subway",
              "to": "Aluva",
              "type": "route",
              "wikidata": "Q106775989"
            }
          }
        ]
      },
      "geometry": {
        "type": "Point",
        "coordinates": [
          76.3427351,
          10.087301
        ]
      },
      "id": "node/6242749082"
    },
    {
      "type": "Feature",
      "properties": {
        "@id": "node/6777766503",
        "name": "Thykoodam",
        "name:hi": "थाईकूडम",
        "name:ml": "തൈക്കൂടം",
        "network": "Kochi Metro",
        "note": "Contributors are requested to not edit the \"network\" and the \"operator\" tags. (2023/11/08)",
        "operator": "Kochi Metro Rail Limited",
        "public_transport": "stop_position",
        "railway": "stop",
        "start_date": "2019-09-03",
        "subway": "yes",
        "@relations": [
          {
            "role": "stop",
            "rel": 7752157,
            "reltags": {
              "colour": "#7FFFD4",
              "from": "Aluva",
              "name": "Kochi Metro Phase I: Aluva => Thrippunithura Terminal",
              "network": "Kochi Metro",
              "network:wikidata": "Q3522910",
              "operator": "KMRL",
              "public_transport:version": "2",
              "ref": "I",
              "route": "subway",
              "to": "Thrippunithura Terminal",
              "type": "route",
              "wikidata": "Q106775989"
            }
          }
        ]
      },
      "geometry": {
        "type": "Point",
        "coordinates": [
          76.3236762,
          9.9600311
        ]
      },
      "id": "node/6777766503"
    },
    {
      "type": "Feature",
      "properties": {
        "@id": "node/6777766504",
        "name": "Thykoodam",
        "name:hi": "थाईकूडम",
        "name:ml": "തൈക്കൂടം",
        "network": "Kochi Metro",
        "note": "Contributors are requested to not edit the \"network\" and the \"operator\" tags. (2023/11/08)",
        "operator": "Kochi Metro Rail Limited",
        "public_transport": "stop_position",
        "railway": "stop",
        "start_date": "2019-09-03",
        "subway": "yes",
        "@relations": [
          {
            "role": "stop",
            "rel": 7834959,
            "reltags": {
              "colour": "#7FFFD4",
              "from": "Thrippunithura Terminal",
              "name": "Kochi Metro Phase I: Thrippunithura Terminal => Aluva",
              "network": "Kochi Metro",
              "network:wikidata": "Q3522910",
              "operator": "KMRL",
              "public_transport:version": "2",
              "ref": "I",
              "route": "subway",
              "to": "Aluva",
              "type": "route",
              "wikidata": "Q106775989"
            }
          }
        ]
      },
      "geometry": {
        "type": "Point",
        "coordinates": [
          76.3236541,
          9.9599934
        ]
      },
      "id": "node/6777766504"
    },
    {
      "type": "Feature",
      "properties": {
        "@id": "node/6777766505",
        "name": "Vyttila",
        "name:hi": "वैटिला",
        "name:ml": "വൈറ്റില",
        "network": "Kochi Metro",
        "note": "Contributors are requested to not edit the \"network\" and the \"operator\" tags. (2023/11/08)",
        "operator": "Kochi Metro Rail Limited",
        "public_transport": "stop_position",
        "railway": "stop",
        "start_date": "2019-09-03",
        "subway": "yes",
        "@relations": [
          {
            "role": "stop",
            "rel": 7834959,
            "reltags": {
              "colour": "#7FFFD4",
              "from": "Thrippunithura Terminal",
              "name": "Kochi Metro Phase I: Thrippunithura Terminal => Aluva",
              "network": "Kochi Metro",
              "network:wikidata": "Q3522910",
              "operator": "KMRL",
              "public_transport:version": "2",
              "ref": "I",
              "route": "subway",
              "to": "Aluva",
              "type": "route",
              "wikidata": "Q106775989"
            }
          }
        ]
      },
      "geometry": {
        "type": "Point",
        "coordinates": [
          76.320443,
          9.9675859
        ]
      },
      "id": "node/6777766505"
    },
    {
      "type": "Feature",
      "properties": {
        "@id": "node/6777766506",
        "name": "Vyttila",
        "name:hi": "वैटिला",
        "name:ml": "വൈറ്റില",
        "network": "Kochi Metro",
        "note": "Contributors are requested to not edit the \"network\" and the \"operator\" tags. (2023/11/08)",
        "operator": "Kochi Metro Rail Limited",
        "public_transport": "stop_position",
        "railway": "stop",
        "start_date": "2019-09-03",
        "subway": "yes",
        "@relations": [
          {
            "role": "stop",
            "rel": 7752157,
            "reltags": {
              "colour": "#7FFFD4",
              "from": "Aluva",
              "name": "Kochi Metro Phase I: Aluva => Thrippunithura Terminal",
              "network": "Kochi Metro",
              "network:wikidata": "Q3522910",
              "operator": "KMRL",
              "public_transport:version": "2",
              "ref": "I",
              "route": "subway",
              "to": "Thrippunithura Terminal",
              "type": "route",
              "wikidata": "Q106775989"
            }
          }
        ]
      },
      "geometry": {
        "type": "Point",
        "coordinates": [
          76.3204985,
          9.9676101
        ]
      },
      "id": "node/6777766506"
    },
    {
      "type": "Feature",
      "properties": {
        "@id": "node/6777766507",
        "name": "Elamkulam",
        "name:hi": "एलमकुलम",
        "name:ml": "ഇളങ്കുളം",
        "network": "Kochi Metro",
        "note": "Contributors are requested to not edit the \"network\" and the \"operator\" tags. (2023/11/08)",
        "operator": "Kochi Metro Rail Limited",
        "public_transport": "stop_position",
        "railway": "stop",
        "start_date": "2019-09-03",
        "subway": "yes",
        "@relations": [
          {
            "role": "stop",
            "rel": 7834959,
            "reltags": {
              "colour": "#7FFFD4",
              "from": "Thrippunithura Terminal",
              "name": "Kochi Metro Phase I: Thrippunithura Terminal => Aluva",
              "network": "Kochi Metro",
              "network:wikidata": "Q3522910",
              "operator": "KMRL",
              "public_transport:version": "2",
              "ref": "I",
              "route": "subway",
              "to": "Aluva",
              "type": "route",
              "wikidata": "Q106775989"
            }
          }
        ]
      },
      "geometry": {
        "type": "Point",
        "coordinates": [
          76.3084491,
          9.9671564
        ]
      },
      "id": "node/6777766507"
    },
    {
      "type": "Feature",
      "properties": {
        "@id": "node/6777766508",
        "name": "Elamkulam",
        "name:hi": "एलमकुलम",
        "name:ml": "ഇളങ്കുളം",
        "network": "Kochi Metro",
        "note": "Contributors are requested to not edit the \"network\" and the \"operator\" tags. (2023/11/08)",
        "operator": "Kochi Metro Rail Limited",
        "public_transport": "stop_position",
        "railway": "stop",
        "start_date": "2019-09-03",
        "subway": "yes",
        "@relations": [
          {
            "role": "stop",
            "rel": 7752157,
            "reltags": {
              "colour": "#7FFFD4",
              "from": "Aluva",
              "name": "Kochi Metro Phase I: Aluva => Thrippunithura Terminal",
              "network": "Kochi Metro",
              "network:wikidata": "Q3522910",
              "operator": "KMRL",
              "public_transport:version": "2",
              "ref": "I",
              "route": "subway",
              "to": "Thrippunithura Terminal",
              "type": "route",
              "wikidata": "Q106775989"
            }
          }
        ]
      },
      "geometry": {
        "type": "Point",
        "coordinates": [
          76.3084376,
          9.967179
        ]
      },
      "id": "node/6777766508"
    },
    {
      "type": "Feature",
      "properties": {
        "@id": "node/6777766509",
        "name": "Kadavanthra",
        "name:hi": "कडवान्त्र",
        "name:ml": "കടവന്ത്ര",
        "network": "Kochi Metro",
        "note": "Contributors are requested to not edit the \"network\" and the \"operator\" tags. (2023/11/08)",
        "operator": "Kochi Metro Rail Limited",
        "public_transport": "stop_position",
        "railway": "stop",
        "start_date": "2019-09-03",
        "subway": "yes",
        "@relations": [
          {
            "role": "stop",
            "rel": 7752157,
            "reltags": {
              "colour": "#7FFFD4",
              "from": "Aluva",
              "name": "Kochi Metro Phase I: Aluva => Thrippunithura Terminal",
              "network": "Kochi Metro",
              "network:wikidata": "Q3522910",
              "operator": "KMRL",
              "public_transport:version": "2",
              "ref": "I",
              "route": "subway",
              "to": "Thrippunithura Terminal",
              "type": "route",
              "wikidata": "Q106775989"
            }
          }
        ]
      },
      "geometry": {
        "type": "Point",
        "coordinates": [
          76.2981877,
          9.9665809
        ]
      },
      "id": "node/6777766509"
    },
    {
      "type": "Feature",
      "properties": {
        "@id": "node/6777766510",
        "name": "Kadavanthra",
        "name:hi": "कडवान्त्र",
        "name:ml": "കടവന്ത്ര",
        "network": "Kochi Metro",
        "note": "Contributors are requested to not edit the \"network\" and the \"operator\" tags. (2023/11/08)",
        "operator": "Kochi Metro Rail Limited",
        "public_transport": "stop_position",
        "railway": "stop",
        "start_date": "2019-09-03",
        "subway": "yes",
        "@relations": [
          {
            "role": "stop",
            "rel": 7834959,
            "reltags": {
              "colour": "#7FFFD4",
              "from": "Thrippunithura Terminal",
              "name": "Kochi Metro Phase I: Thrippunithura Terminal => Aluva",
              "network": "Kochi Metro",
              "network:wikidata": "Q3522910",
              "operator": "KMRL",
              "public_transport:version": "2",
              "ref": "I",
              "route": "subway",
              "to": "Aluva",
              "type": "route",
              "wikidata": "Q106775989"
            }
          }
        ]
      },
      "geometry": {
        "type": "Point",
        "coordinates": [
          76.298208,
          9.9665419
        ]
      },
      "id": "node/6777766510"
    },
    {
      "type": "Feature",
      "properties": {
        "@id": "node/6777766511",
        "name": "Ernakulam South",
        "name:hi": "एर्नाकुलम साउथ",
        "name:ml": "എറണാകുളം തെക്ക്",
        "network": "Kochi Metro",
        "note": "Contributors are requested to not edit the \"network\" and the \"operator\" tags. (2023/11/08)",
        "operator": "Kochi Metro Rail Limited",
        "public_transport": "stop_position",
        "railway": "stop",
        "start_date": "2019-09-03",
        "subway": "yes",
        "@relations": [
          {
            "role": "stop",
            "rel": 7834959,
            "reltags": {
              "colour": "#7FFFD4",
              "from": "Thrippunithura Terminal",
              "name": "Kochi Metro Phase I: Thrippunithura Terminal => Aluva",
              "network": "Kochi Metro",
              "network:wikidata": "Q3522910",
              "operator": "KMRL",
              "public_transport:version": "2",
              "ref": "I",
              "route": "subway",
              "to": "Aluva",
              "type": "route",
              "wikidata": "Q106775989"
            }
          }
        ]
      },
      "geometry": {
        "type": "Point",
        "coordinates": [
          76.2895798,
          9.9685938
        ]
      },
      "id": "node/6777766511"
    },
    {
      "type": "Feature",
      "properties": {
        "@id": "node/6777766512",
        "name": "Ernakulam South",
        "name:hi": "एर्नाकुलम साउथ",
        "name:ml": "എറണാകുളം തെക്ക്",
        "network": "Kochi Metro",
        "note": "Contributors are requested to not edit the \"network\" and the \"operator\" tags. (2023/11/08)",
        "operator": "Kochi Metro Rail Limited",
        "public_transport": "stop_position",
        "railway": "stop",
        "start_date": "2019-09-03",
        "subway": "yes",
        "@relations": [
          {
            "role": "stop",
            "rel": 7752157,
            "reltags": {
              "colour": "#7FFFD4",
              "from": "Aluva",
              "name": "Kochi Metro Phase I: Aluva => Thrippunithura Terminal",
              "network": "Kochi Metro",
              "network:wikidata": "Q3522910",
              "operator": "KMRL",
              "public_transport:version": "2",
              "ref": "I",
              "route": "subway",
              "to": "Thrippunithura Terminal",
              "type": "route",
              "wikidata": "Q106775989"
            }
          }
        ]
      },
      "geometry": {
        "type": "Point",
        "coordinates": [
          76.2895585,
          9.9686409
        ]
      },
      "id": "node/6777766512"
    },
    {
      "type": "Feature",
      "properties": {
        "@id": "node/6777772107",
        "internet_access": "yes",
        "name": "Kadavanthra",
        "name:hi": "कडवान्त्र",
        "name:ml": "കടവന്ത്ര",
        "network": "Kochi Metro",
        "note": "Contributors are requested to not edit the \"network\" and the \"operator\" tags. (2023/11/08)",
        "operator": "Kochi Metro Rail Limited",
        "public_transport": "station",
        "railway": "station",
        "ref": "KDV",
        "ref:source": "kochimetro.org",
        "station": "subway",
        "subway": "yes",
        "tactile_paving": "yes",
        "toilets:wheelchair": "yes",
        "wheelchair": "yes",
        "wikidata": "Q67154725",
        "wikipedia": "en:Kadavanthra metro station"
      },
      "geometry": {
        "type": "Point",
        "coordinates": [
          76.2982044,
          9.9666766
        ]
      },
      "id": "node/6777772107"
    },
    {
      "type": "Feature",
      "properties": {
        "@id": "node/6777772108",
        "fixme": "Name updated? incorrect? Ernakulam South on Wiki, Ernakulam on OSM",
        "internet_access": "yes",
        "name": "Elamkulam",
        "name:hi": "एलमकुलम",
        "name:ml": "എളംകുളം",
        "network": "Kochi Metro",
        "note": "Contributors are requested to not edit the \"network\" and the \"operator\" tags. (2023/11/08)",
        "operator": "Kochi Metro Rail Limited",
        "public_transport": "station",
        "railway": "station",
        "ref": "ERS",
        "station": "subway",
        "subway": "yes",
        "tactile_paving": "yes",
        "toilets:wheelchair": "yes",
        "wheelchair": "yes",
        "wikidata": "Q67170983",
        "wikipedia": "en:Elamkulam metro station"
      },
      "geometry": {
        "type": "Point",
        "coordinates": [
          76.3084361,
          9.9672669
        ]
      },
      "id": "node/6777772108"
    },
    {
      "type": "Feature",
      "properties": {
        "@id": "node/6777772110",
        "fixme": "Name updated? incorrect? Thaikoodam on Wiki, Thykoodam on OSM",
        "internet_access": "yes",
        "name": "Thykoodam",
        "name:hi": "थाईकूडम",
        "name:ml": "തൈക്കൂടം",
        "network": "Kochi Metro",
        "network:wikidata": "Q3522910",
        "note": "Contributors are requested to not edit the \"network\" and the \"operator\" tags. (2023/11/08)",
        "operator": "Kochi Metro Rail Limited",
        "public_transport": "station",
        "railway": "station",
        "ref": "TKD",
        "ref:source": "kochimetro.org",
        "station": "subway",
        "subway": "yes",
        "tactile_paving": "yes",
        "toilets:wheelchair": "yes",
        "wheelchair": "yes",
        "wikidata": "Q67171027",
        "wikipedia": "en:Thaikoodam metro station"
      },
      "geometry": {
        "type": "Point",
        "coordinates": [
          76.3237287,
          9.9601104
        ]
      },
      "id": "node/6777772110"
    },
    {
      "type": "Feature",
      "properties": {
        "@id": "node/6777772111",
        "internet_access": "yes",
        "name": "Ernakulam South",
        "name:hi": "एर्नाकुलम साउथ",
        "name:ml": "എറണാകുളം തെക്ക്",
        "network": "Kochi Metro",
        "note": "Contributors are requested to not edit the \"network\" and the \"operator\" tags. (2023/11/08)",
        "operator": "Kochi Metro Rail Limited",
        "public_transport": "station",
        "railway": "station",
        "station": "subway",
        "subway": "yes",
        "tactile_paving": "yes",
        "toilets:wheelchair": "yes",
        "wheelchair": "yes",
        "wikidata": "Q20574885",
        "wikipedia": "en:Ernakulam South metro station"
      },
      "geometry": {
        "type": "Point",
        "coordinates": [
          76.2894579,
          9.9686172
        ]
      },
      "id": "node/6777772111"
    },
    {
      "type": "Feature",
      "properties": {
        "@id": "node/7883924232",
        "name": "Petta",
        "name:hi": "पेट्टा",
        "name:ml": "പേട്ട",
        "network": "Kochi Metro",
        "note": "Contributors are requested to not edit the \"network\" and the \"operator\" tags. (2023/11/08)",
        "operator": "Kochi Metro Rail Limited",
        "public_transport": "stop_position",
        "railway": "stop",
        "start_date": "2020-09-07",
        "subway": "yes",
        "@relations": [
          {
            "role": "stop",
            "rel": 7834959,
            "reltags": {
              "colour": "#7FFFD4",
              "from": "Thrippunithura Terminal",
              "name": "Kochi Metro Phase I: Thrippunithura Terminal => Aluva",
              "network": "Kochi Metro",
              "network:wikidata": "Q3522910",
              "operator": "KMRL",
              "public_transport:version": "2",
              "ref": "I",
              "route": "subway",
              "to": "Aluva",
              "type": "route",
              "wikidata": "Q106775989"
            }
          }
        ]
      },
      "geometry": {
        "type": "Point",
        "coordinates": [
          76.3301031,
          9.9525969
        ]
      },
      "id": "node/7883924232"
    },
    {
      "type": "Feature",
      "properties": {
        "@id": "node/7883924233",
        "internet_access": "yes",
        "name": "Pettah",
        "name:hi": "पेट्टा",
        "name:ml": "പേട്ട",
        "network": "Kochi Metro",
        "note": "Contributors are requested to not edit the \"network\" and the \"operator\" tags. (2023/11/08)",
        "operator": "Kochi Metro Rail Limited",
        "public_transport": "station",
        "railway": "station",
        "station": "subway",
        "subway": "yes",
        "tactile_paving": "yes",
        "toilets:wheelchair": "yes",
        "wheelchair": "yes",
        "wikidata": "Q67172500",
        "wikipedia": "en:Pettah metro station"
      },
      "geometry": {
        "type": "Point",
        "coordinates": [
          76.3301852,
          9.9524963
        ]
      },
      "id": "node/7883924233"
    },
    {
      "type": "Feature",
      "properties": {
        "@id": "node/7883924234",
        "name": "Petta",
        "name:hi": "पेट्टा",
        "name:ml": "പേട്ട",
        "network": "Kochi Metro",
        "note": "Contributors are requested to not edit the \"network\" and the \"operator\" tags. (2023/11/08)",
        "operator": "Kochi Metro Rail Limited",
        "public_transport": "stop_position",
        "railway": "stop",
        "start_date": "2020-09-07",
        "subway": "yes",
        "@relations": [
          {
            "role": "stop",
            "rel": 7752157,
            "reltags": {
              "colour": "#7FFFD4",
              "from": "Aluva",
              "name": "Kochi Metro Phase I: Aluva => Thrippunithura Terminal",
              "network": "Kochi Metro",
              "network:wikidata": "Q3522910",
              "operator": "KMRL",
              "public_transport:version": "2",
              "ref": "I",
              "route": "subway",
              "to": "Thrippunithura Terminal",
              "type": "route",
              "wikidata": "Q106775989"
            }
          }
        ]
      },
      "geometry": {
        "type": "Point",
        "coordinates": [
          76.3301067,
          9.9526701
        ]
      },
      "id": "node/7883924234"
    },
    {
      "type": "Feature",
      "properties": {
        "@id": "node/7944635322",
        "name": "Aluva",
        "name:hi": "आलुवा",
        "name:ml": "ആലുവാ",
        "network": "Kochi Metro",
        "operator": "Kochi Metro Rail Limited",
        "railway": "subway_entrance",
        "ref": "ALVA"
      },
      "geometry": {
        "type": "Point",
        "coordinates": [
          76.3487827,
          10.1096367
        ]
      },
      "id": "node/7944635322"
    },
    {
      "type": "Feature",
      "properties": {
        "@id": "node/7944685628",
        "internet_access": "yes",
        "name": "Vadakkekotta",
        "name:ml": "വടക്കേക്കോട്ട",
        "network": "Kochi Metro",
        "note": "Contributors are requested to not edit the \"network\" and the \"operator\" tags. (2023/11/08)",
        "operator": "Kochi Metro Rail Limited",
        "public_transport": "station",
        "railway": "station",
        "station": "subway",
        "subway": "yes",
        "tactile_paving": "yes",
        "toilets:wheelchair": "yes",
        "wheelchair": "yes",
        "wikidata": "Q113997246",
        "wikipedia": "en:Vadakkekotta metro station"
      },
      "geometry": {
        "type": "Point",
        "coordinates": [
          76.339488,
          9.9528098
        ]
      },
      "id": "node/7944685628"
    },
    {
      "type": "Feature",
      "properties": {
        "@id": "node/7944686345",
        "name": "InfoPark I Station",
        "network": "Kochi Metro Pink Line",
        "opening_date": "2026-12",
        "operator": "KMRL",
        "proposed": "station",
        "public_transport": "station",
        "railway": "station",
        "station": "subway",
        "subway": "yes"
      },
      "geometry": {
        "type": "Point",
        "coordinates": [
          76.362724,
          10.0083511
        ]
      },
      "id": "node/7944686345"
    },
    {
      "type": "Feature",
      "properties": {
        "@id": "node/7944686562",
        "internet_access": "yes",
        "name": "SN Junction",
        "name:ml": "എസ്എൻ ജംഗ്ഷൻ",
        "network": "Kochi Metro",
        "note": "Contributors are requested to not edit the \"network\" and the \"operator\" tags. (2023/11/08)",
        "operator": "Kochi Metro Rail Limited",
        "public_transport": "station",
        "railway": "station",
        "station": "subway",
        "subway": "yes",
        "tactile_paving": "yes",
        "toilets:wheelchair": "yes",
        "wheelchair": "yes",
        "wikidata": "Q113997249",
        "wikipedia": "en:SN Junction metro station"
      },
      "geometry": {
        "type": "Point",
        "coordinates": [
          76.3460351,
          9.9546771
        ]
      },
      "id": "node/7944686562"
    },
    {
      "type": "Feature",
      "properties": {
        "@id": "node/9164055048",
        "name": "SN Junction",
        "name:ml": "എസ്എൻ ജംഗ്ഷൻ",
        "network": "Kochi Metro",
        "note": "Contributors are requested to not edit the \"network\" and the \"operator\" tags. (2023/11/08)",
        "operator": "Kochi Metro Rail Limited",
        "public_transport": "stop_position",
        "railway": "stop",
        "start_date": "2022-09-01",
        "subway": "yes",
        "@relations": [
          {
            "role": "stop",
            "rel": 7752157,
            "reltags": {
              "colour": "#7FFFD4",
              "from": "Aluva",
              "name": "Kochi Metro Phase I: Aluva => Thrippunithura Terminal",
              "network": "Kochi Metro",
              "network:wikidata": "Q3522910",
              "operator": "KMRL",
              "public_transport:version": "2",
              "ref": "I",
              "route": "subway",
              "to": "Thrippunithura Terminal",
              "type": "route",
              "wikidata": "Q106775989"
            }
          }
        ]
      },
      "geometry": {
        "type": "Point",
        "coordinates": [
          76.3458853,
          9.9546595
        ]
      },
      "id": "node/9164055048"
    },
    {
      "type": "Feature",
      "properties": {
        "@id": "node/10027577006",
        "name": "SN Junction",
        "name:ml": "എസ്എൻ ജംഗ്ഷൻ",
        "network": "Kochi Metro",
        "note": "Contributors are requested to not edit the \"network\" and the \"operator\" tags. (2023/11/08)",
        "operator": "Kochi Metro Rail Limited",
        "public_transport": "stop_position",
        "railway": "stop",
        "start_date": "2022-09-01",
        "subway": "yes",
        "@relations": [
          {
            "role": "stop",
            "rel": 7834959,
            "reltags": {
              "colour": "#7FFFD4",
              "from": "Thrippunithura Terminal",
              "name": "Kochi Metro Phase I: Thrippunithura Terminal => Aluva",
              "network": "Kochi Metro",
              "network:wikidata": "Q3522910",
              "operator": "KMRL",
              "public_transport:version": "2",
              "ref": "I",
              "route": "subway",
              "to": "Aluva",
              "type": "route",
              "wikidata": "Q106775989"
            }
          }
        ]
      },
      "geometry": {
        "type": "Point",
        "coordinates": [
          76.3461903,
          9.9546983
        ]
      },
      "id": "node/10027577006"
    },
    {
      "type": "Feature",
      "properties": {
        "@id": "node/10027577007",
        "name": "Vadakkekotta",
        "name:ml": "വടക്കേക്കോട്ട",
        "network": "Kochi Metro",
        "note": "Contributors are requested to not edit the \"network\" and the \"operator\" tags. (2023/11/08)",
        "operator": "Kochi Metro Rail Limited",
        "public_transport": "stop_position",
        "railway": "stop",
        "ref": "VKT",
        "start_date": "2022-09-01",
        "subway": "yes",
        "wikidata": "Q113997246",
        "wikipedia": "en:Vadakkekotta metro station",
        "@relations": [
          {
            "role": "stop",
            "rel": 7834959,
            "reltags": {
              "colour": "#7FFFD4",
              "from": "Thrippunithura Terminal",
              "name": "Kochi Metro Phase I: Thrippunithura Terminal => Aluva",
              "network": "Kochi Metro",
              "network:wikidata": "Q3522910",
              "operator": "KMRL",
              "public_transport:version": "2",
              "ref": "I",
              "route": "subway",
              "to": "Aluva",
              "type": "route",
              "wikidata": "Q106775989"
            }
          }
        ]
      },
      "geometry": {
        "type": "Point",
        "coordinates": [
          76.3395565,
          9.9528024
        ]
      },
      "id": "node/10027577007"
    },
    {
      "type": "Feature",
      "properties": {
        "@id": "node/10027577008",
        "name": "Vadakkekotta",
        "name:ml": "വടക്കേക്കോട്ട",
        "network": "Kochi Metro",
        "note": "Contributors are requested to not edit the \"network\" and the \"operator\" tags. (2023/11/08)",
        "operator": "Kochi Metro Rail Limited",
        "public_transport": "stop_position",
        "railway": "stop",
        "start_date": "2022-09-01",
        "subway": "yes",
        "@relations": [
          {
            "role": "stop",
            "rel": 7752157,
            "reltags": {
              "colour": "#7FFFD4",
              "from": "Aluva",
              "name": "Kochi Metro Phase I: Aluva => Thrippunithura Terminal",
              "network": "Kochi Metro",
              "network:wikidata": "Q3522910",
              "operator": "KMRL",
              "public_transport:version": "2",
              "ref": "I",
              "route": "subway",
              "to": "Thrippunithura Terminal",
              "type": "route",
              "wikidata": "Q106775989"
            }
          }
        ]
      },
      "geometry": {
        "type": "Point",
        "coordinates": [
          76.3395323,
          9.9528395
        ]
      },
      "id": "node/10027577008"
    },
    {
      "type": "Feature",
      "properties": {
        "@id": "node/11699277185",
        "name": "Thrippunithura Terminal",
        "name:ml": "തൃപ്പൂണിത്തുറ ടെർമിനൽ",
        "network": "Kochi Metro",
        "note": "Contributors are requested to not edit the \"network\" and the \"operator\" tags. (2023/11/08)",
        "operator": "Kochi Metro Rail Limited",
        "public_transport": "stop_position",
        "railway": "stop",
        "start_date": "2024-03-06",
        "subway": "yes",
        "@relations": [
          {
            "role": "stop",
            "rel": 7752157,
            "reltags": {
              "colour": "#7FFFD4",
              "from": "Aluva",
              "name": "Kochi Metro Phase I: Aluva => Thrippunithura Terminal",
              "network": "Kochi Metro",
              "network:wikidata": "Q3522910",
              "operator": "KMRL",
              "public_transport:version": "2",
              "ref": "I",
              "route": "subway",
              "to": "Thrippunithura Terminal",
              "type": "route",
              "wikidata": "Q106775989"
            }
          }
        ]
      },
      "geometry": {
        "type": "Point",
        "coordinates": [
          76.352011,
          9.9506317
        ]
      },
      "id": "node/11699277185"
    },
    {
      "type": "Feature",
      "properties": {
        "@id": "node/11699277186",
        "internet_access": "yes",
        "name": "Thrippunithura Terminal",
        "name:ml": "തൃപ്പൂണിത്തുറ ടെർമിനൽ",
        "network": "Kochi Metro",
        "note": "Contributors are requested to not edit the \"network\" and the \"operator\" tags. (2023/11/08)",
        "operator": "Kochi Metro Rail Limited",
        "public_transport": "station",
        "railway": "station",
        "start_date": "2024-03-06",
        "station": "subway",
        "subway": "yes",
        "tactile_paving": "yes",
        "toilets:wheelchair": "yes",
        "wheelchair": "yes",
        "wikidata": "Q124759251",
        "wikipedia": "en:Thrippunithura Terminal metro station"
      },
      "geometry": {
        "type": "Point",
        "coordinates": [
          76.3517236,
          9.9505728
        ]
      },
      "id": "node/11699277186"
    },
    {
      "type": "Feature",
      "properties": {
        "@id": "node/13303174345",
        "name": "B",
        "railway": "subway_entrance",
        "ref": "B"
      },
      "geometry": {
        "type": "Point",
        "coordinates": [
          76.3081713,
          10.0251738
        ]
      },
      "id": "node/13303174345"
    },
    {
      "type": "Feature",
      "properties": {
        "@id": "node/13303176350",
        "name": "B: Kalathiparambu Road",
        "railway": "subway_entrance",
        "ref": "B"
      },
      "geometry": {
        "type": "Point",
        "coordinates": [
          76.289503,
          9.9685119
        ]
      },
      "id": "node/13303176350"
    },
    {
      "type": "Feature",
      "properties": {
        "@id": "node/13304528056",
        "name": "A",
        "railway": "subway_entrance",
        "ref": "A"
      },
      "geometry": {
        "type": "Point",
        "coordinates": [
          76.3519885,
          9.9507894
        ]
      },
      "id": "node/13304528056"
    },
    {
      "type": "Feature",
      "properties": {
        "@id": "node/13304528057",
        "name": "B",
        "railway": "subway_entrance",
        "ref": "B"
      },
      "geometry": {
        "type": "Point",
        "coordinates": [
          76.3518312,
          9.9506897
        ]
      },
      "id": "node/13304528057"
    }
  ]
}